{"type": "FeatureCollection", "features": [{"type": "Feature", "geometry": {"type": "Polygon", "coordinates": [[[-70.7400182845022, 43.07929146778797], [-70.73992068340714, 43.07924963374909], [-70.73992483675815, 43.07917661324337], [-70.74009181431781, 43.07914215535991], [-70.74026267342215, 43.079134996251554], [-70.74040276707748, 43.079139704884916], [-70.74049091305746, 43.07917712232161], [-70.74057698285127, 43.07925105040941], [-70.74057555062896, 43.07931034934538], [-70.74044264253402, 43.07933973046873], [-70.74026847996112, 43.079340100211596], [-70.74017424541948, 43.0793073348337], [-70.7400182845022, 43.07929146778797]]]}, "properties": {"AREA": 10089.6489428, "PERIMETER": 424.214329322, "DENSITY": "p", "HECTARES": 0.0937362808771, "ACRES": 0.231626467926, "YEAR_": 2008.0}}, {"type": "Feature", "geometry": {"type": "Polygon", "coordinates": [[[-70.74244456995633, 43.075398953415565], [-70.74237983283939, 43.07545551950426], [-70.74232506040994, 43.07552930237365], [-70.74216786854609, 43.07550043272187], [-70.74207146533674, 43.07544284659203], [-70.74196529403632, 43.07537498804601], [-70.74198237109736, 43.07530872582427], [-70.7421470673794, 43.075268006568315], [-70.74231146814748, 43.075216870749124], [-70.74248257293735, 43.075235107375526], [-70.7426097708854, 43.07520885349929], [-70.74279864027294, 43.07518513357475], [-70.7429509968667, 43.07521060303555], [-70.74299529957987, 43.075268982198565], [-70.74295898217896, 43.07532511550023], [-70.74283148875763, 43.07534095254015], [-70.7426426189022, 43.07536467251397], [-70.74244456995633, 43.075398953415565]]]}, "properties": {"AREA": 17714.0038175, "PERIMETER": 652.032194025, "DENSITY": "p", "HECTARES": 0.164569138797, "ACRES": 0.406657571567, "YEAR_": 2008.0}}, {"type": "Feature", "geometry": {"type": "Polygon", "coordinates": [[[-70.72992604984726, 43.08471760172526], [-70.72999024602439, 43.084665053971925], [-70.73021981909956, 43.0846547052527], [-70.73053877508393, 43.084653319290766], [-70.73076472325916, 43.08468084724471], [-70.7306061646303, 43.084714191925], [-70.73043266720806, 43.08471681691268], [-70.73016988300536, 43.08471391398749], [-70.72992604984726, 43.08471760172526]]]}, "properties": {"AREA": 4094.80988607, "PERIMETER": 459.373619148, "DENSITY": "h", "HECTARES": 0.0380421808323, "ACRES": 0.0940039000474, "YEAR_": 2008.0}}, {"type": "Feature", "geometry": {"type": "Polygon", "coordinates": [[[-70.7295662444165, 43.084767741521595], [-70.7294495961221, 43.08479013534399], [-70.7293047179383, 43.08480951811083], [-70.72915925764536, 43.0848082787242], [-70.72903245734014, 43.08480331778137], [-70.72885291720672, 43.084757892675135], [-70.72901713348638, 43.0847588495694], [-70.72920039569703, 43.084769833391846], [-70.72938317575445, 43.084763632570834], [-70.7295662444165, 43.084767741521595]]]}, "properties": {"AREA": 2122.76788777, "PERIMETER": 385.910157072, "DENSITY": "p", "HECTARES": 0.0197212378837, "ACRES": 0.0487320451737, "YEAR_": 2008.0}}, {"type": "Feature", "geometry": {"type": "Polygon", "coordinates": [[[-70.72795560134281, 43.08487804132014], [-70.72773748498078, 43.08479537444605], [-70.72758970740628, 43.08471164524868], [-70.7274237519079, 43.084648820428654], [-70.72728220969704, 43.08462001199679], [-70.72719587413017, 43.08455254663368], [-70.72730372306106, 43.084550917911216], [-70.72743637059054, 43.08459705334686], [-70.72754566959556, 43.0846469802005], [-70.72765506489819, 43.08470034273963], [-70.72776789357583, 43.08470895412603], [-70.72789556349848, 43.08474484940521], [-70.72799432489587, 43.08475367281471], [-70.7281360612411, 43.084789354658064], [-70.72826000786112, 43.08485968961091], [-70.72829466787043, 43.08492449621727], [-70.72822921411321, 43.08493236240174], [-70.72810691013036, 43.084920455689264], [-70.72795560134281, 43.08487804132014]]]}, "properties": {"AREA": 8880.43707237, "PERIMETER": 670.597959475, "DENSITY": "h", "HECTARES": 0.082502290064, "ACRES": 0.203866783112, "YEAR_": 2008.0}}, {"type": "Feature", "geometry": {"type": "Polygon", "coordinates": [[[-70.72588226051975, 43.08416635152115], [-70.72559484864932, 43.08408064257725], [-70.7251726960718, 43.08392132838747], [-70.7249768923179, 43.083773005926545], [-70.72474943440558, 43.083722409190095], [-70.72457990803596, 43.0836349198425], [-70.7242744321355, 43.08343062245521], [-70.7241930155552, 43.08333099940222], [-70.72458959259049, 43.08345468546318], [-70.72476124031347, 43.08361777937041], [-70.72505928105524, 43.0837321443678], [-70.7252984820533, 43.08385099700729], [-70.72553707886229, 43.08394824850299], [-70.72568503854049, 43.08396762691114], [-70.72582849199728, 43.0840014813127], [-70.72592834567769, 43.08405760344765], [-70.72612694140004, 43.08413024400104], [-70.72621307142074, 43.08422259063076], [-70.72612506308843, 43.084238325745325], [-70.72602551157341, 43.08419300455346], [-70.72588226051975, 43.08416635152115]]]}, "properties": {"AREA": 22513.5714093, "PERIMETER": 1296.05102205, "DENSITY": "sb", "HECTARES": 0.209158759152, "ACRES": 0.516840482308, "YEAR_": 2008.0}}, {"type": "Feature", "geometry": {"type": "Polygon", "coordinates": [[[-70.7204592930542, 43.08283253780814], [-70.72033710511978, 43.08285598553289], [-70.72028448652769, 43.082907201384046], [-70.72022944997838, 43.0828720118121], [-70.72028587107931, 43.082781118793775], [-70.72038821171249, 43.08275076571471], [-70.72048503433727, 43.08269888466045], [-70.72054226180471, 43.08263679421491], [-70.72054455329852, 43.082543113078394], [-70.72058203278162, 43.082477717776584], [-70.7206743474183, 43.08244031162462], [-70.72075734303405, 43.08242105475005], [-70.72083451887079, 43.082369469164476], [-70.72085094027209, 43.08225396527393], [-70.72088741102442, 43.082152566933914], [-70.72094423402491, 43.08207607491846], [-70.72100246874649, 43.08204998625688], [-70.72106201350717, 43.08207070127794], [-70.72115173371847, 43.08211617420065], [-70.72108959525671, 43.082178339595785], [-70.72103728086172, 43.08224035660314], [-70.7210588428454, 43.08230846607244], [-70.72104201947617, 43.0824095686523], [-70.7209900065833, 43.08248238641529], [-70.72086923005658, 43.08255623898736], [-70.72075265892178, 43.082604815569226], [-70.72063719748509, 43.08269299462857], [-70.72059510870352, 43.082769264444494], [-70.72051803271242, 43.08282445041905], [-70.7204592930542, 43.08283253780814]]]}, "properties": {"AREA": 18590.8127005, "PERIMETER": 862.893406625, "DENSITY": "sb", "HECTARES": 0.172714992454, "ACRES": 0.426786333805, "YEAR_": 2008.0}}, {"type": "Feature", "geometry": {"type": "Polygon", "coordinates": [[[-70.71731284870339, 43.08048823408205], [-70.71745598815298, 43.080511298090286], [-70.71756995958633, 43.080545604205604], [-70.71770367813922, 43.08058321642531], [-70.71777364664443, 43.08062538664728], [-70.71780532958928, 43.080704150322475], [-70.71772765017262, 43.080737732851134], [-70.71762410455636, 43.08072488040575], [-70.7175539352902, 43.08067550896708], [-70.71745439594866, 43.08063018040493], [-70.71737339683958, 43.08054495395372], [-70.71731284870339, 43.08048823408205]]]}, "properties": {"AREA": 5271.80835834, "PERIMETER": 338.039763509, "DENSITY": "h", "HECTARES": 0.0489768981861, "ACRES": 0.121024066996, "YEAR_": 2008.0}}, {"type": "Feature", "geometry": {"type": "Polygon", "coordinates": [[[-70.71606297793153, 43.08007117448386], [-70.71586271069546, 43.08011379744977], [-70.7157189711615, 43.080069129878034], [-70.71567195383902, 43.079968985455295], [-70.71568888679485, 43.07987148337428], [-70.71578130066942, 43.079837681708355], [-70.71591350860565, 43.079821292007935], [-70.71600501844664, 43.07975508777244], [-70.71616299045388, 43.079781531596765], [-70.71624829450371, 43.07984508376466], [-70.71618094066095, 43.079896519224086], [-70.71611849861392, 43.0799478811256], [-70.71610557312569, 43.080012906464546], [-70.71606297793153, 43.08007117448386]]]}, "properties": {"AREA": 12639.4135481, "PERIMETER": 444.538237086, "DENSITY": "sb", "HECTARES": 0.117424463941, "ACRES": 0.29016100891, "YEAR_": 2008.0}}, {"type": "Feature", "geometry": {"type": "Polygon", "coordinates": [[[-70.71571398648007, 43.0790102832716], [-70.71568711739252, 43.07892784495432], [-70.71560040779177, 43.07881388803964], [-70.71554397146676, 43.07872829192347], [-70.71564721122677, 43.078730345415146], [-70.71571907369565, 43.07866443628195], [-70.71583133229034, 43.078637539866], [-70.71593567872326, 43.07867919663908], [-70.71593778839798, 43.078754802227024], [-70.71600344597492, 43.078818649531456], [-70.7160842391154, 43.07889667669898], [-70.71617475582686, 43.078970956206405], [-70.71627078643719, 43.07906676280533], [-70.71628883819058, 43.07918535100431], [-70.716278224987, 43.07933318309125], [-70.71627663057652, 43.07945206539234], [-70.71620456715596, 43.079510774635544], [-70.71610683970616, 43.07953024970239], [-70.71599357424783, 43.07952114340851], [-70.71589894980548, 43.07947574000105], [-70.71583820351431, 43.07941181913317], [-70.71581965117402, 43.07927522985375], [-70.71576581350892, 43.079106753610475], [-70.71571398648007, 43.0790102832716]]]}, "properties": {"AREA": 36021.4480973, "PERIMETER": 843.39502378, "DENSITY": "sb", "HECTARES": 0.334651541949, "ACRES": 0.826938661554, "YEAR_": 2008.0}}, {"type": "Feature", "geometry": {"type": "Polygon", "coordinates": [[[-70.71008833561388, 43.081140321422396], [-70.70996965526703, 43.081113281369916], [-70.70991212183128, 43.08098807901806], [-70.70984235825982, 43.08095310426954], [-70.70972307763591, 43.080904461463675], [-70.70966614686328, 43.08080086060266], [-70.70970654539934, 43.08066338975541], [-70.7098462772574, 43.080564053869885], [-70.70997157507318, 43.08047573838287], [-70.7101482907949, 43.08046949506886], [-70.71025965422693, 43.08041020178304], [-70.71039036289183, 43.080339813588864], [-70.71046614269108, 43.080237830699026], [-70.71058943457989, 43.080077509462875], [-70.71069869240078, 43.07994261011582], [-70.71085896976663, 43.07987538131299], [-70.71100110280828, 43.07986245038513], [-70.71112038124633, 43.07991109094747], [-70.71120127077103, 43.07999272207824], [-70.71123915946539, 43.08011821796031], [-70.71121319804791, 43.080244668664896], [-70.71116117547025, 43.0803174818933], [-70.71105402378129, 43.080351500602035], [-70.71103267261863, 43.08046707625136], [-70.71099728790405, 43.080608074859654], [-70.7110164322977, 43.080766267300966], [-70.71095137789901, 43.08090050545472], [-70.71085535013424, 43.08098118112683], [-70.71072825041652, 43.08100469188799], [-70.71061137326473, 43.08104245729778], [-70.71045911350691, 43.08104473436345], [-70.71031657657242, 43.081043263217836], [-70.7101605067017, 43.08108521578712], [-70.71008833561388, 43.081140321422396]]]}, "properties": {"AREA": 105139.558125, "PERIMETER": 1404.06481501, "DENSITY": "sb", "HECTARES": 0.976782364531, "ACRES": 2.41367213326, "YEAR_": 2008.0}}, {"type": "Feature", "geometry": {"type": "Polygon", "coordinates": [[[-70.7055139952945, 43.082095385297336], [-70.70541165233617, 43.082076556660375], [-70.70534490998475, 43.082006310293586], [-70.70541279848611, 43.08195101866234], [-70.70552666620014, 43.0818848648423], [-70.70563081137963, 43.08180189352813], [-70.70574845885916, 43.08170515058061], [-70.70578783537981, 43.0816231447597], [-70.7058223052993, 43.08153103486488], [-70.70608590489599, 43.081523711747046], [-70.70628926917665, 43.081513894038615], [-70.70637566086684, 43.08145832594895], [-70.70648537160436, 43.08140919516196], [-70.70657563598009, 43.081326429657054], [-70.706686006005, 43.081301035955974], [-70.70675652765831, 43.08134069350196], [-70.70687255968464, 43.081352532618176], [-70.70698746103422, 43.08132367862279], [-70.7070873540019, 43.08125433919792], [-70.70720593890911, 43.08119150522666], [-70.70734859716065, 43.08116223639021], [-70.7074539629333, 43.08112334714056], [-70.70757849306423, 43.08110791899831], [-70.70767214662742, 43.08114722976881], [-70.70775579409771, 43.081159550906634], [-70.70779072197412, 43.0812506262727], [-70.70776144783578, 43.08136301404696], [-70.70768562809812, 43.08146591924527], [-70.70758205179462, 43.08156923896206], [-70.70747366037187, 43.08166584535372], [-70.70727142542478, 43.0817163581446], [-70.70710138599996, 43.081759604451705], [-70.70692549534019, 43.081758836847705], [-70.70680540197677, 43.081767413489786], [-70.70667265348084, 43.08182028049148], [-70.70653971716274, 43.081866365777955], [-70.70637902296575, 43.08191286427693], [-70.70629518598449, 43.08189375965807], [-70.70617480911993, 43.08189216238149], [-70.70601751721179, 43.08189450831341], [-70.70588892424671, 43.081930350410666], [-70.70577449185465, 43.08197615899657], [-70.70565533783233, 43.082018644939595], [-70.7055139952945, 43.082095385297336]]]}, "properties": {"AREA": 94643.5876103, "PERIMETER": 1632.51863771, "DENSITY": "h", "HECTARES": 0.879271217632, "ACRES": 2.17271780556, "YEAR_": 2008.0}}, {"type": "Feature", "geometry": {"type": "Polygon", "coordinates": [[[-70.69946028725995, 43.07332347346414], [-70.69930714099245, 43.07308690358186], [-70.69915514969405, 43.07289211420687], [-70.69875083302365, 43.07240848737096], [-70.69832325340022, 43.0719670011773], [-70.69807726232052, 43.0716123856092], [-70.69782362803919, 43.071275796171506], [-70.69751267741219, 43.070928114160914], [-70.69722532977158, 43.07055022569054], [-70.69722968218524, 43.07041282541375], [-70.69764867388446, 43.07054394482162], [-70.69785599552067, 43.070678203666034], [-70.69818075778805, 43.07093611270183], [-70.69838488526553, 43.07124955255192], [-70.6984571044831, 43.07150523801078], [-70.69861921048933, 43.0717715316091], [-70.69889981081118, 43.0719047008406], [-70.6990755632698, 43.072075253099754], [-70.69924548435438, 43.07232948763677], [-70.69938900284292, 43.072512460919256], [-70.6996315402033, 43.072741731571725], [-70.6998574673274, 43.07295930603003], [-70.69994647317125, 43.07323265479799], [-70.69998349476295, 43.07339332448478], [-70.70024831714784, 43.07354463841052], [-70.70045581985126, 43.073684861173916], [-70.70054119854848, 43.07382689882679], [-70.70072576262739, 43.07402120246971], [-70.70089470616695, 43.07423962243916], [-70.7009990106401, 43.07447691579308], [-70.70119837658031, 43.07461725845995], [-70.70144857557558, 43.07482849755979], [-70.70163331092165, 43.07502876830623], [-70.70184945979229, 43.075186772946516], [-70.70200894633462, 43.075357562443], [-70.70214334669294, 43.07550484056943], [-70.70203915402597, 43.07556610199171], [-70.70177696183848, 43.07551029150002], [-70.70150183765672, 43.07528151035942], [-70.70128436994764, 43.07507575494941], [-70.70105776983698, 43.07483430909682], [-70.70087485209865, 43.07469969319836], [-70.70065804860693, 43.074517811685645], [-70.70053080486731, 43.07433459849165], [-70.70027263357557, 43.07412944622719], [-70.69997375642365, 43.07392489916621], [-70.69977208707358, 43.07370099299322], [-70.69946028725995, 43.07332347346414]]]}, "properties": {"AREA": 261535.96168, "PERIMETER": 4691.49378741, "DENSITY": "d", "HECTARES": 2.42975830996, "ACRES": 6.00403952433, "YEAR_": 2008.0}}, {"type": "Feature", "geometry": {"type": "Polygon", "coordinates": [[[-70.69682180200462, 43.068323012150024], [-70.69666843490538, 43.06768096537211], [-70.69642275179764, 43.06707816660643], [-70.69631790570399, 43.06696776239169], [-70.69596726540718, 43.066711724883326], [-70.69555534295574, 43.06654056256221], [-70.69517169151648, 43.06647160883396], [-70.69467201855389, 43.06634839243334], [-70.69435877712071, 43.066063805835824], [-70.69423633600726, 43.06577639316228], [-70.6941764656678, 43.06545073324777], [-70.69406237759644, 43.065004588792966], [-70.6937274382803, 43.06439377545661], [-70.69350042368426, 43.064005280466326], [-70.69343876175581, 43.06361433785124], [-70.6932226728746, 43.063160372041615], [-70.69311039483884, 43.06277950797153], [-70.69321947584973, 43.062581965990276], [-70.69359205999119, 43.062249905405984], [-70.69397813076462, 43.06194563364566], [-70.69428993805482, 43.06171709912087], [-70.69471647103845, 43.06149619402395], [-70.69506643073527, 43.06126709205003], [-70.69511447914368, 43.06116375203727], [-70.69494168242672, 43.0608957446757], [-70.69469411737869, 43.060684824771265], [-70.69430742050466, 43.06050395413103], [-70.69404791128203, 43.060321199060304], [-70.69400461806894, 43.060135242321465], [-70.69397301777971, 43.0599117933554], [-70.69400706502395, 43.059762010716454], [-70.69420568048767, 43.05958180153423], [-70.69453507455249, 43.05953027381535], [-70.69488078471639, 43.059609122524904], [-70.69506398292529, 43.05979300654039], [-70.69535882151577, 43.05987260647171], [-70.69566186910967, 43.05992689347697], [-70.69591420354382, 43.059923153615685], [-70.69610339545449, 43.059992002199714], [-70.69629973934607, 43.060024918204455], [-70.69656136703291, 43.06006283683156], [-70.69683080485196, 43.06008869679268], [-70.697091280839, 43.06008483340337], [-70.69721733068175, 43.060226270560456], [-70.69730966852467, 43.06032640979827], [-70.6972716048092, 43.06042251253297], [-70.69728369684452, 43.060565640548155], [-70.6973052461577, 43.0607563969411], [-70.6973347716271, 43.0609410637924], [-70.69741913590472, 43.06104729248462], [-70.69751164029863, 43.061153400120446], [-70.69759666400624, 43.061283503812874], [-70.6977461492633, 43.06138876604999], [-70.69792038596415, 43.06150560305479], [-70.69808417499011, 43.061538998325986], [-70.69822436871499, 43.06160260018854], [-70.69834080097723, 43.061690438360024], [-70.69846669183558, 43.06182590560254], [-70.69853675705274, 43.06200399918215], [-70.69855600402231, 43.0621111937582], [-70.69832059968195, 43.06213857328], [-70.69809350017022, 43.06217179983887], [-70.69787355257037, 43.06216909269343], [-70.69775909560211, 43.06215287761593], [-70.69762753611828, 43.062107061656675], [-70.69744614716885, 43.06202615654091], [-70.69720860163366, 43.06197594073959], [-70.69698067860091, 43.06197932140602], [-70.69672767723577, 43.06195918930871], [-70.69643627894462, 43.06202322193174], [-70.69618574591411, 43.062092618784625], [-70.69600066293624, 43.06217298783921], [-70.69584213874478, 43.062330587010145], [-70.6959525684113, 43.06249614149866], [-70.69600634699168, 43.06267447830727], [-70.69618124101815, 43.06281519215353], [-70.69642010569218, 43.062913159452776], [-70.69646525239656, 43.06307371039905], [-70.69642850114442, 43.063217563013964], [-70.69626101195655, 43.063345439956144], [-70.69605183341976, 43.06343810795356], [-70.69597306380372, 43.063534813690694], [-70.69595489580011, 43.06376198594367], [-70.69605702444528, 43.0639216917514], [-70.69631563148674, 43.064144760787485], [-70.69638453987825, 43.06428107478706], [-70.69654595868785, 43.06452349805358], [-70.69669643828095, 43.06466457299405], [-70.69687133948067, 43.06480528580755], [-70.697172701962, 43.064806787155], [-70.6974447972287, 43.064928144528366], [-70.69752316821362, 43.06511208620906], [-70.69744637632414, 43.065280417382155], [-70.69728554144864, 43.06535445687975], [-70.69710143738288, 43.06547063890047], [-70.69691848607326, 43.065628602295696], [-70.69676892028967, 43.06581592532232], [-70.69684063194725, 43.06605370624795], [-70.69705123006885, 43.066307341145034], [-70.69731930868139, 43.06657803631655], [-70.69749998355825, 43.066927652023715], [-70.69767202473646, 43.06725948188238], [-70.69777113051686, 43.06760433584917], [-70.69775362905277, 43.067855383403426], [-70.69773349051948, 43.06801093142787], [-70.69771747041565, 43.06831569589876], [-70.69764116876227, 43.06850193272233], [-70.6975619978918, 43.068879288572234], [-70.69752887222045, 43.06915445129774], [-70.69752082782279, 43.06945312704099], [-70.69755915867447, 43.069661547724095], [-70.69750793779689, 43.06987129653425], [-70.69742448131642, 43.07009346631641], [-70.69738954165692, 43.07030297399449], [-70.69720796404746, 43.07021610073305], [-70.69709718630918, 43.07003861039652], [-70.69702036259426, 43.069615800204375], [-70.69697709199694, 43.06922831926001], [-70.69693085751734, 43.06873340257455], [-70.69682180200462, 43.068323012150024]]]}, "properties": {"AREA": 2193353.10335, "PERIMETER": 10580.7668434, "DENSITY": "sb", "HECTARES": 20.3769986174, "ACRES": 50.3524587547, "YEAR_": 2008.0}}, {"type": "Feature", "geometry": {"type": "Polygon", "coordinates": [[[-70.69273147157118, 43.064268566686344], [-70.69265081667601, 43.06418564970519], [-70.69265203211147, 43.06404041387874], [-70.6926972392027, 43.06397860032662], [-70.69289584385551, 43.06399859080853], [-70.69302703585117, 43.064031043496165], [-70.69315280837192, 43.06405593269368], [-70.6932683722472, 43.06408861671299], [-70.69340519614359, 43.06413627106329], [-70.69354670397541, 43.06416474847224], [-70.69360101107996, 43.06424419660201], [-70.69359406222766, 43.064370409215634], [-70.69356491032393, 43.064498809438525], [-70.69341176354624, 43.064482416723294], [-70.69318101637023, 43.064420523113284], [-70.69293729277553, 43.064349490916484], [-70.69273147157118, 43.064268566686344]]]}, "properties": {"AREA": 30005.1781424, "PERIMETER": 719.243241154, "DENSITY": "h", "HECTARES": 0.278758341549, "ACRES": 0.688824107953, "YEAR_": 2008.0}}, {"type": "Feature", "geometry": {"type": "Polygon", "coordinates": [[[-70.69250065518985, 43.059568050908624], [-70.69227386092841, 43.05996689117831], [-70.69211217665121, 43.060379797798696], [-70.69198831630035, 43.060687649975534], [-70.69191348375324, 43.06092760198243], [-70.69165230027698, 43.06142408179723], [-70.69148506861049, 43.061635543740216], [-70.69140920741994, 43.06183819117754], [-70.69138216917797, 43.06196547740817], [-70.69133621615825, 43.06214529058054], [-70.6912206780136, 43.06238584388534], [-70.6910534434278, 43.06259730513268], [-70.69085075739534, 43.0626301565446], [-70.69075774463246, 43.06257928384091], [-70.6905881736011, 43.06233548029454], [-70.69033843242161, 43.06213764509659], [-70.69006977715743, 43.06199233609645], [-70.68982290814618, 43.06189895094087], [-70.68957808979972, 43.06188017542157], [-70.6893471343596, 43.061995544399664], [-70.68911638360105, 43.06211837428228], [-70.68884206340373, 43.062137351712884], [-70.68860967211491, 43.06220049314771], [-70.6884360792352, 43.06218066313905], [-70.68820000172924, 43.06210950797296], [-70.68781272961232, 43.06209283029972], [-70.6874464218212, 43.062098233406694], [-70.68710961749322, 43.06206588134808], [-70.68671462469139, 43.062138879811386], [-70.68651132596926, 43.06214934121501], [-70.68610104484466, 43.06203596532109], [-70.68560245977547, 43.062043312907406], [-70.68530574374398, 43.06198797248133], [-70.68513619482647, 43.06174416104879], [-70.68505822425433, 43.06149899978537], [-70.68500955359593, 43.06120862453177], [-70.68495050267043, 43.060910937306765], [-70.68529175233857, 43.060734241056636], [-70.68552291557536, 43.06062634075254], [-70.68585419159582, 43.0604572536664], [-70.68613868066775, 43.0604381337783], [-70.68641094915486, 43.06034455346702], [-70.68694817351889, 43.06026199441452], [-70.68748723850992, 43.06024658073556], [-70.6879845801267, 43.060194461013346], [-70.68855089313304, 43.06005921738348], [-70.68891616357668, 43.06001650641865], [-70.689135284968, 43.05992265992242], [-70.68936044756985, 43.059819020446064], [-70.68956450031072, 43.05965836955154], [-70.68978118115383, 43.05948320028602], [-70.68993392413007, 43.05935196810759], [-70.68996110507805, 43.05915571309105], [-70.69008233714314, 43.059063161690965], [-70.69024626493498, 43.058864886967655], [-70.69048182147048, 43.0586655532678], [-70.69068376726534, 43.058428501039934], [-70.6909399048649, 43.058267077542304], [-70.69118170585064, 43.058058096388805], [-70.69132155026611, 43.05793183016874], [-70.69141825372458, 43.057658116161136], [-70.69153021170683, 43.0574653853868], [-70.69172734555934, 43.05729050126325], [-70.69214831248972, 43.056964223108956], [-70.69262866641074, 43.05666572646662], [-70.69313012701143, 43.05642423811222], [-70.6935362775582, 43.056270142945486], [-70.69392539046858, 43.05620705990329], [-70.6943091733951, 43.05618704615654], [-70.69464165341651, 43.05619645279209], [-70.6949555197313, 43.056239572561545], [-70.69527096528104, 43.05633999021972], [-70.69552261306505, 43.056489122408], [-70.6959971639493, 43.056453427333956], [-70.69614252280232, 43.0565277028982], [-70.69615870546446, 43.05664210927514], [-70.69616745571784, 43.05672318626712], [-70.69606334119543, 43.05696357515644], [-70.69598382454753, 43.057151053203995], [-70.69592318407899, 43.05731436717383], [-70.6957999277581, 43.05756937045285], [-70.69566936895612, 43.05779581973522], [-70.69558320660124, 43.05797861965859], [-70.69547606173954, 43.05810918334069], [-70.69530419344493, 43.0582550376585], [-70.69513206266133, 43.05839134148098], [-70.69502557271763, 43.05854577984938], [-70.69499465897604, 43.05884240652528], [-70.69492072850305, 43.05899636241306], [-70.69485304496303, 43.05914067207108], [-70.69480397597023, 43.05925126763868], [-70.69481561861494, 43.059437394585636], [-70.69488078471639, 43.059609122524904], [-70.69453507455249, 43.05953027381535], [-70.69420568048767, 43.05958180153423], [-70.69400706502395, 43.059762010716454], [-70.69397301777971, 43.0599117933554], [-70.69359774227406, 43.05975264193814], [-70.69343124873335, 43.059620756794715], [-70.69323361640132, 43.05946693966276], [-70.6929731062717, 43.05939778826956], [-70.69275085399755, 43.05941273892957], [-70.69250065518985, 43.059568050908624]]]}, "properties": {"AREA": 2759017.19373, "PERIMETER": 9073.88908188, "DENSITY": "h", "HECTARES": 25.6322109997, "ACRES": 63.3383194152, "YEAR_": 2008.0}}, {"type": "Feature", "geometry": {"type": "Polygon", "coordinates": [[[-70.68516234840666, 43.06231952994383], [-70.68514744266936, 43.06208411560411], [-70.68530574374398, 43.06198797248133], [-70.68560245977547, 43.062043312907406], [-70.68610104484466, 43.06203596532109], [-70.68651132596926, 43.06214934121501], [-70.68671462469139, 43.062138879811386], [-70.68710961749322, 43.06206588134808], [-70.6874464218212, 43.062098233406694], [-70.68781272961232, 43.06209283029972], [-70.68820000172924, 43.06210950797296], [-70.6884360792352, 43.06218066313905], [-70.68860967211491, 43.06220049314771], [-70.68884206340373, 43.062137351712884], [-70.68911638360105, 43.06211837428228], [-70.68957808979972, 43.06188017542157], [-70.68982290814618, 43.06189895094087], [-70.69006977715743, 43.06199233609645], [-70.69033843242161, 43.06213764509659], [-70.6905881736011, 43.06233548029454], [-70.69075774463246, 43.06257928384091], [-70.69085075739534, 43.0626301565446], [-70.69077315687828, 43.06267763262919], [-70.69055148475798, 43.06273547565918], [-70.69041314553385, 43.06287145918386], [-70.6900831319722, 43.06292594201966], [-70.68982682643075, 43.062954531723946], [-70.68942754975, 43.0629505068986], [-70.68915027418048, 43.062954600883735], [-70.68865404762924, 43.06311570849836], [-70.68835448400486, 43.06329375407236], [-70.68804943447425, 43.06302541581903], [-70.68771964934345, 43.06284177451197], [-70.68731914808194, 43.062793113631336], [-70.68683994312796, 43.06283490514788], [-70.68658404412906, 43.06287836350761], [-70.68628457796288, 43.06281332804994], [-70.6859369567582, 43.06271923692184], [-70.68571229060842, 43.062667979746436], [-70.68517802991019, 43.062675849590185], [-70.6851785436315, 43.06244764997956], [-70.68516234840666, 43.06231952994383]]]}, "properties": {"AREA": 435053.727927, "PERIMETER": 3597.4072889, "DENSITY": "p", "HECTARES": 4.04179755595, "ACRES": 9.98745931881, "YEAR_": 2008.0}}, {"type": "Feature", "geometry": {"type": "Polygon", "coordinates": [[[-70.68835840953788, 43.064527997460665], [-70.68787795443528, 43.06444160978708], [-70.68741175259498, 43.06448743508804], [-70.68706172571257, 43.06450817636195], [-70.6866774350887, 43.06405424893493], [-70.68641338146115, 43.06372318325387], [-70.68623215293249, 43.063312998652314], [-70.68594158267877, 43.063177065424135], [-70.68545372238255, 43.06320762306693], [-70.68506965817502, 43.06331189826743], [-70.68467982616828, 43.06347717330847], [-70.68469295343189, 43.06296348109754], [-70.6848148530488, 43.062697457793824], [-70.68517802991019, 43.062675849590185], [-70.68571229060842, 43.062667979746436], [-70.6859369567582, 43.06271923692184], [-70.68628457796288, 43.06281332804994], [-70.68658404412906, 43.06287836350761], [-70.68683994312796, 43.06283490514788], [-70.68731914808194, 43.062793113631336], [-70.68771964934345, 43.06284177451197], [-70.68804943447425, 43.06302541581903], [-70.68835448400486, 43.06329375407236], [-70.68852113498038, 43.0634895619083], [-70.68880301769549, 43.063695724023574], [-70.68940327826, 43.06388939489624], [-70.689861635249, 43.06394494340133], [-70.69048990836374, 43.0639979798993], [-70.69058853957429, 43.06399461750514], [-70.690893242838, 43.063984229567474], [-70.69127854810213, 43.064087590642984], [-70.69146336668462, 43.06424065282791], [-70.69146743488925, 43.064388597233865], [-70.69129923182452, 43.06445340190252], [-70.69095939877586, 43.064458425286595], [-70.69056732419295, 43.06449537809197], [-70.69035428595544, 43.06447515690505], [-70.68994945149203, 43.064434398665384], [-70.68958773757218, 43.064416372556835], [-70.6892706410997, 43.064475582935444], [-70.68877172588189, 43.06449073776806], [-70.68835840953788, 43.064527997460665]]]}, "properties": {"AREA": 548748.270112, "PERIMETER": 4465.05013693, "DENSITY": "sb", "HECTARES": 5.09805864103, "ACRES": 12.5975268621, "YEAR_": 2008.0}}, {"type": "Feature", "geometry": {"type": "Polygon", "coordinates": [[[-70.68915027418048, 43.062954600883735], [-70.68942754975, 43.0629505068986], [-70.68982682643075, 43.062954531723946], [-70.6900831319722, 43.06292594201966], [-70.69041314553385, 43.06287145918386], [-70.69038545135801, 43.063019108374405], [-70.69035749519001, 43.06323887972438], [-70.6903626993928, 43.06342824933523], [-70.69035408948473, 43.063535563137734], [-70.69038483400918, 43.06370421472715], [-70.690493961958, 43.063874897835596], [-70.69058853957429, 43.06399461750514], [-70.69048990836374, 43.0639979798993], [-70.689861635249, 43.06394494340133], [-70.68940327826, 43.06388939489624], [-70.68880301769549, 43.063695724023574], [-70.68852113498038, 43.0634895619083], [-70.68835448400486, 43.06329375407236], [-70.68865404762924, 43.06311570849836], [-70.68915027418048, 43.062954600883735]]]}, "properties": {"AREA": 160737.951451, "PERIMETER": 1698.17073849, "DENSITY": "h", "HECTARES": 1.49331040655, "ACRES": 3.6900356164, "YEAR_": 2008.0}}, {"type": "Feature", "geometry": {"type": "Polygon", "coordinates": [[[-70.68132508444437, 43.06504135941884], [-70.68135292051458, 43.0648464130473], [-70.68149861659016, 43.0647166060735], [-70.6816764663751, 43.06454985139265], [-70.68176314772148, 43.06438443525571], [-70.68179877211256, 43.064171136721576], [-70.68173660352086, 43.0640200679629], [-70.68182627413535, 43.06396403607486], [-70.68200081914557, 43.06397970756319], [-70.68220238797265, 43.06407401337393], [-70.6823902079823, 43.06427186833963], [-70.6825631152163, 43.06453073537477], [-70.68266986135738, 43.0644926899394], [-70.68279980874021, 43.0643935097219], [-70.68287157322949, 43.06428910601643], [-70.68292343655247, 43.06406340931129], [-70.68318568417098, 43.064254088508285], [-70.68326240537681, 43.06432009494775], [-70.68349136863267, 43.0645170801595], [-70.68377086024296, 43.064731822499155], [-70.68396977156706, 43.064728894144054], [-70.6842926713495, 43.064711982871934], [-70.68451478236186, 43.06464791946701], [-70.68471286229178, 43.064614606801555], [-70.6848385139832, 43.06466139057524], [-70.6850707438806, 43.06466404991777], [-70.68537689953715, 43.06464130204244], [-70.68567310173061, 43.06455790798665], [-70.68593665140686, 43.06449323118457], [-70.68617037974194, 43.0645505795275], [-70.68648053452733, 43.06467367350498], [-70.68632372894403, 43.06470030179432], [-70.68606680168058, 43.06470408913585], [-70.68574523511033, 43.064769620056424], [-70.68538985028931, 43.06481133170638], [-70.68517619301585, 43.06488135186038], [-70.6849290517739, 43.064939705433126], [-70.68463134791105, 43.06496840628158], [-70.68440740458756, 43.064965624543056], [-70.68415097565943, 43.064987637386025], [-70.68396218077282, 43.06505728813447], [-70.68374802171418, 43.065109074878436], [-70.6834511494515, 43.06516815747535], [-70.68306310667651, 43.06522858004344], [-70.68259251555705, 43.06530237442051], [-70.68221242670266, 43.065350518616285], [-70.68188090321209, 43.06535539297873], [-70.68148936948148, 43.065288196078654], [-70.68132111534487, 43.06519947963975], [-70.68132508444437, 43.06504135941884]]]}, "properties": {"AREA": 279281.153964, "PERIMETER": 3529.2358759, "DENSITY": "sb", "HECTARES": 2.59461720025, "ACRES": 6.41141308456, "YEAR_": 2008.0}}, {"type": "Feature", "geometry": {"type": "Polygon", "coordinates": [[[-70.6829328532302, 43.06396066233804], [-70.68298672709415, 43.06374025510984], [-70.68308277551564, 43.06374762668988], [-70.68367844915593, 43.06362466240835], [-70.68381232656606, 43.06348213878845], [-70.68404523351755, 43.06323713428892], [-70.68407551083065, 43.06303025042414], [-70.68396710515745, 43.06279027039751], [-70.68376397646469, 43.06259121348704], [-70.68340804779434, 43.062499821213976], [-70.6829758411163, 43.062466648897974], [-70.68270184045404, 43.06252338685189], [-70.68279368195182, 43.06237709042724], [-70.68328755071623, 43.062255625599356], [-70.68359257030184, 43.06223796041562], [-70.68399567858275, 43.062302304204245], [-70.68414862074765, 43.062418645307964], [-70.68432096920255, 43.062587407979365], [-70.68460348162402, 43.06262277873609], [-70.6848148530488, 43.062697457793824], [-70.68469295343189, 43.06296348109754], [-70.68467982616828, 43.06347717330847], [-70.68452177170782, 43.06356956128508], [-70.68438575055626, 43.063729412508835], [-70.6844664243721, 43.06394097637978], [-70.68463859446285, 43.06407570017066], [-70.68493127033571, 43.06416747222187], [-70.68483004244912, 43.06423072927981], [-70.68453999743559, 43.06423500047074], [-70.68394156925379, 43.06425753636918], [-70.68364210436596, 43.06426647272721], [-70.68326240537681, 43.06432009494775], [-70.68318568417098, 43.064254088508285], [-70.68292343655247, 43.06406340931129], [-70.6829328532302, 43.06396066233804]]]}, "properties": {"AREA": 201253.572788, "PERIMETER": 2930.61224253, "DENSITY": "p", "HECTARES": 1.86971435113, "ACRES": 4.62014629907, "YEAR_": 2008.0}}, {"type": "Feature", "geometry": {"type": "Polygon", "coordinates": [[[-70.68146032727181, 43.06723118898207], [-70.68122192450625, 43.06705801682428], [-70.68107242880161, 43.0669317215133], [-70.68100205539653, 43.06676143357189], [-70.68081679661232, 43.06666243324353], [-70.6807128539675, 43.06659971477033], [-70.68070028914084, 43.06640716238757], [-70.68081998723758, 43.06624478959005], [-70.68099443453222, 43.06621545741553], [-70.68116216756877, 43.066207638564556], [-70.68135194480918, 43.06620485034018], [-70.68152814776478, 43.06623973722313], [-70.68171004038945, 43.06621564847034], [-70.68192667177776, 43.066126802975106], [-70.68216622515291, 43.06607509681395], [-70.68229878003744, 43.06611597830318], [-70.6825580552756, 43.06625136443664], [-70.68274477885578, 43.06640387911135], [-70.68313878548962, 43.06639272870931], [-70.68325674304207, 43.06643382388314], [-70.68334711602763, 43.066534216627126], [-70.68348990216667, 43.06668202274505], [-70.68358276540124, 43.06687339327563], [-70.68358118004483, 43.06708221476969], [-70.6835566707446, 43.06725389768243], [-70.68345829017188, 43.06739454391755], [-70.68349100290762, 43.06752255395531], [-70.6832897001779, 43.06763794568479], [-70.6830716006431, 43.06767327746396], [-70.68284400462662, 43.067628440934605], [-70.68271772051818, 43.06754999185807], [-70.68267800280545, 43.06743279168631], [-70.68268134848628, 43.06728819010292], [-70.68262791196074, 43.06720331457247], [-70.6825185693589, 43.06721027672603], [-70.68233696688543, 43.06724507034353], [-70.68219332412534, 43.06733284325959], [-70.68213815032394, 43.067451438005], [-70.68211261335983, 43.06758565883536], [-70.68213189549807, 43.067756697415724], [-70.68207000842165, 43.0678968066681], [-70.68196271377228, 43.067978690834806], [-70.68184753507089, 43.06803927589869], [-70.68171658502426, 43.0680572618991], [-70.68160592495086, 43.06801605873625], [-70.68153088341606, 43.06794220819706], [-70.68153860461533, 43.067690466005764], [-70.68149479174781, 43.06742341941235], [-70.68146032727181, 43.06723118898207]], [[-70.68177618931732, 43.06649842763085], [-70.68165647650778, 43.06639311107046], [-70.68149648011249, 43.06641687876127], [-70.68140305440276, 43.066471789738074], [-70.68128758538663, 43.06652167066515], [-70.6811782438698, 43.0665286315492], [-70.68117489473028, 43.06667323307305], [-70.68124351279586, 43.0667793010473], [-70.68136132469218, 43.066815046372], [-70.68152964465922, 43.06682863422164], [-70.68163810860881, 43.06678956307439], [-70.68173124189968, 43.066723948300414], [-70.68179371393724, 43.06660524642112], [-70.68177618931732, 43.06649842763085]]]}, "properties": {"AREA": 299159.138393, "PERIMETER": 3258.35321858, "DENSITY": "sb", "HECTARES": 2.7792904572, "ACRES": 6.86774881527, "YEAR_": 2008.0}}, {"type": "Feature", "geometry": {"type": "Polygon", "coordinates": [[[-70.72783400553024, 43.082560602213796], [-70.72774482310417, 43.08244344409366], [-70.72765553791567, 43.08232258361091], [-70.72764221276144, 43.08220798322018], [-70.72778835337107, 43.082194665561126], [-70.72784093566835, 43.08226793773979], [-70.72795021359428, 43.082381089316], [-70.72807380975772, 43.08246439828954], [-70.72825696614655, 43.08250977417025], [-70.72834573335916, 43.08261212539576], [-70.72827638470578, 43.08266131561142], [-70.7281596068778, 43.08264086047093], [-70.72805735573631, 43.08259796552242], [-70.72796530848107, 43.08255861889671], [-70.72783400553024, 43.082560602213796]]]}, "properties": {"AREA": 12117.9124577, "PERIMETER": 554.593138902, "DENSITY": "sb", "HECTARES": 0.112579540895, "ACRES": 0.278188991223, "YEAR_": 2008.0}}, {"type": "Feature", "geometry": {"type": "Polygon", "coordinates": [[[-70.72577425640505, 43.08207693448445], [-70.72574578466194, 43.08196256218822], [-70.72594633188352, 43.081907690194164], [-70.72631139343254, 43.08195402891798], [-70.72668561881103, 43.08196689738264], [-70.72685929786945, 43.08203463857699], [-70.72676459370719, 43.08208050778417], [-70.72659783625832, 43.08207932155214], [-70.72639088769945, 43.082086147484155], [-70.72618352210507, 43.08207816652288], [-70.72599656486302, 43.08207728417173], [-70.72577425640505, 43.08207693448445]]]}, "properties": {"AREA": 13447.4620477, "PERIMETER": 646.272394952, "DENSITY": "sb", "HECTARES": 0.124931510177, "ACRES": 0.308711249946, "YEAR_": 2008.0}}, {"type": "Feature", "geometry": {"type": "Polygon", "coordinates": [[[-70.71765198432927, 43.05486927348461], [-70.71754934625467, 43.05484464717977], [-70.71744004950915, 43.05476404841073], [-70.71756150379716, 43.05473231962948], [-70.7176408383709, 43.054652627369315], [-70.71773431248945, 43.05453160346121], [-70.71781717805102, 43.054395785570335], [-70.71793155333587, 43.05429313786835], [-70.71807848269492, 43.05426102653035], [-70.71826700944597, 43.05425819545726], [-70.71836839467466, 43.054237981784695], [-70.7184995156596, 43.054187416110736], [-70.71862679477348, 43.05418176623292], [-70.71868388716237, 43.05421828978271], [-70.71869117380865, 43.0542966822178], [-70.71863731735844, 43.05437599218321], [-70.71852137741718, 43.054422591661954], [-70.7184204097479, 43.054457751613015], [-70.71826318510048, 43.05448628003584], [-70.71818811129953, 43.05453600385796], [-70.71806208338323, 43.05458649166859], [-70.71795207329374, 43.05466290716848], [-70.71788823260007, 43.05474984298404], [-70.71778820376889, 43.054818632094374], [-70.71765198432927, 43.05486927348461]]]}, "properties": {"AREA": 30865.4686502, "PERIMETER": 896.212496832, "DENSITY": "h", "HECTARES": 0.286750733864, "ACRES": 0.708573660472, "YEAR_": 2008.0}}, {"type": "Feature", "geometry": {"type": "Polygon", "coordinates": [[[-70.72378282075181, 43.05518078658521], [-70.72343832290467, 43.055257001556235], [-70.72313989298192, 43.05533999728456], [-70.72277002146643, 43.055420330803386], [-70.72244527551507, 43.055473816389025], [-70.72214049171338, 43.055512047851714], [-70.72177445861028, 43.05554746206124], [-70.72142891118574, 43.05558630470035], [-70.72118276211836, 43.055533935978445], [-70.72103674577062, 43.055416511397816], [-70.72095686595355, 43.055294354669535], [-70.72091733065237, 43.0551566371679], [-70.7208917240586, 43.05497011458426], [-70.72085697057652, 43.054821111641424], [-70.72078581932779, 43.05464648808806], [-70.7206796279144, 43.05449482060214], [-70.72049544068364, 43.054288254502914], [-70.72041556215932, 43.05416609648686], [-70.72039225559917, 43.05406177845164], [-70.72056298845924, 43.053969495002555], [-70.72078540515894, 43.05390260179972], [-70.72110329774549, 43.05396884520505], [-70.72137959335753, 43.05400580752057], [-70.72159921386904, 43.05402119413154], [-70.72183122037626, 43.05411489494561], [-70.72209348626971, 43.05419692512022], [-70.72243706872028, 43.054270254104814], [-70.7226823761628, 43.054292727820865], [-70.72302491254072, 43.054328689697584], [-70.72336193630191, 43.05434978034313], [-70.72366891139434, 43.054390013668254], [-70.72405315420164, 43.05445898751453], [-70.72433538644228, 43.054525759044374], [-70.72457102925905, 43.0545670651258], [-70.72489234848796, 43.05457343575227], [-70.72505103721599, 43.05459720966289], [-70.72519049723334, 43.05466239372629], [-70.7253150899496, 43.05474275446894], [-70.72538478839029, 43.054865062971615], [-70.72531649184336, 43.0549744991381], [-70.72519141251162, 43.05505862454739], [-70.72506633283828, 43.055142749815516], [-70.72491930000501, 43.055171133602016], [-70.72471579910518, 43.055185415853025], [-70.72424192891884, 43.055192559243174], [-70.72378282075181, 43.05518078658521]]]}, "properties": {"AREA": 464155.790969, "PERIMETER": 3218.86733584, "DENSITY": "p", "HECTARES": 4.31216565011, "ACRES": 10.6555507569, "YEAR_": 2008.0}}, {"type": "Feature", "geometry": {"type": "Polygon", "coordinates": [[[-70.72211181823, 43.05407379927886], [-70.7217427633793, 43.054009260603074], [-70.7214298654373, 43.05398067799204], [-70.72115076715421, 43.05394326326358], [-70.7208477009675, 43.05386043373023], [-70.72073993036366, 43.0538620552879], [-70.72061584194414, 43.053888889498744], [-70.72038953850864, 43.053913099666055], [-70.72020768135619, 43.05390334932929], [-70.72015511370539, 43.053856154737545], [-70.72028351130362, 43.05369167061298], [-70.72039509131208, 43.05355995088946], [-70.72054030439766, 43.05336270369814], [-70.72078209630476, 43.05313149309787], [-70.72104451950649, 43.05300400619358], [-70.72143283618934, 43.05293964460953], [-70.72186582762995, 43.05288761461384], [-70.72222901048826, 43.05287564557644], [-70.7225936480099, 43.05291567084162], [-70.72291342753084, 43.052936864483065], [-70.72332328992437, 43.05300871654948], [-70.7236714782273, 43.053094501139135], [-70.72402853063242, 43.05318015154914], [-70.72424159638885, 43.05318994489729], [-70.72460569116298, 43.05321046537417], [-70.7248824349217, 43.053277816892106], [-70.72515845021152, 43.05331916957029], [-70.7253489389287, 43.053472348234784], [-70.72565573658655, 43.05366278479458], [-70.7258000905894, 43.05375163671761], [-70.72600721328769, 43.053865550053516], [-70.72619752281777, 43.05401222755398], [-70.72629089131918, 43.05417987406682], [-70.72625981688064, 43.054336393592806], [-70.72606921254098, 43.05449531962116], [-70.72584910209125, 43.05455065697196], [-70.72561775831888, 43.05452163647643], [-70.7253238290327, 43.05447405245372], [-70.7249946323452, 43.05443350118444], [-70.72463957509684, 43.05441934756902], [-70.72417780147185, 43.05439379738668], [-70.72385710259246, 43.05434011016064], [-70.72350150051085, 43.05430645552175], [-70.72321570898448, 43.0542327348469], [-70.72286842447667, 43.054179445873665], [-70.72248550739164, 43.054120190833096], [-70.72211181823, 43.05407379927886]]]}, "properties": {"AREA": 603139.794701, "PERIMETER": 3721.66627351, "DENSITY": "p", "HECTARES": 5.60337446075, "ACRES": 13.8461844514, "YEAR_": 2008.0}}, {"type": "Feature", "geometry": {"type": "Polygon", "coordinates": [[[-70.7262631460895, 43.055533566757795], [-70.72619785360794, 43.05547845697317], [-70.72617976121326, 43.055401598303696], [-70.72630641197102, 43.05537163935809], [-70.72645464352472, 43.05531564397768], [-70.72659866730297, 43.05533684411046], [-70.72678749058092, 43.055364379193875], [-70.72683094033087, 43.055436180083404], [-70.72680676430527, 43.05548329132229], [-70.72677733032938, 43.055570216728086], [-70.7266950204618, 43.05559015795851], [-70.72653917083707, 43.05560185891866], [-70.72640210948643, 43.055601589767726], [-70.7262631460895, 43.055533566757795]]]}, "properties": {"AREA": 13554.0484381, "PERIMETER": 451.866766283, "DENSITY": "h", "HECTARES": 0.125921734107, "ACRES": 0.31115813678, "YEAR_": 2008.0}}, {"type": "Feature", "geometry": {"type": "Polygon", "coordinates": [[[-70.72410491197255, 43.05660090101817], [-70.72401887588157, 43.056547496875886], [-70.72390406999784, 43.056443472714534], [-70.72387077229602, 43.05631998698356], [-70.72391057342597, 43.05623186682205], [-70.72408301882368, 43.056174568039545], [-70.72433876005027, 43.056161596574206], [-70.72454089435634, 43.056187723702074], [-70.72464494133222, 43.05626273557307], [-70.72471795629907, 43.05638379982427], [-70.72473252928314, 43.05646016075685], [-70.72466979862665, 43.05652856975073], [-70.72455044844801, 43.05652854589115], [-70.72446463381748, 43.056571776239764], [-70.72438186627389, 43.05663501699886], [-70.72422290127108, 43.05664105953511], [-70.72410491197255, 43.05660090101817]]]}, "properties": {"AREA": 29952.0552149, "PERIMETER": 647.003446595, "DENSITY": "h", "HECTARES": 0.27826481143, "ACRES": 0.687604573345, "YEAR_": 2008.0}}, {"type": "Feature", "geometry": {"type": "Polygon", "coordinates": [[[-70.72904654565716, 43.0580825198604], [-70.72893225388606, 43.05811985910157], [-70.7288175273949, 43.057925725385395], [-70.72876510641925, 43.05778852073767], [-70.72859057560534, 43.05762645094576], [-70.72850137297847, 43.05747644680427], [-70.72842418179903, 43.0573218089241], [-70.72855148492934, 43.05731543438412], [-70.72876586380512, 43.0573834201178], [-70.7289510288782, 43.05749191006867], [-70.7289982577201, 43.05766035450221], [-70.72902753145962, 43.057837972964144], [-70.72904654565716, 43.0580825198604]]]}, "properties": {"AREA": 22182.8654959, "PERIMETER": 734.496980352, "DENSITY": "p", "HECTARES": 0.206086388393, "ACRES": 0.50924851919, "YEAR_": 2008.0}}, {"type": "Feature", "geometry": {"type": "Polygon", "coordinates": [[[-70.73360993148954, 43.059317412882464], [-70.7334762110552, 43.05928466111366], [-70.73342645315375, 43.0592019490919], [-70.73360287757076, 43.05906712134923], [-70.73385789726407, 43.05902847894766], [-70.73400070696903, 43.05904718082213], [-70.73402280471858, 43.05915813386576], [-70.7339200762434, 43.05921533536531], [-70.73376085107385, 43.05928730332842], [-70.73360993148954, 43.059317412882464]]]}, "properties": {"AREA": 11066.5663621, "PERIMETER": 414.255884039, "DENSITY": "h", "HECTARES": 0.102812176988, "ACRES": 0.254053405925, "YEAR_": 2008.0}}, {"type": "Feature", "geometry": {"type": "Polygon", "coordinates": [[[-70.73416239984994, 43.06044237018339], [-70.73401069365791, 43.06044466967297], [-70.73377871980776, 43.06039921910006], [-70.7339580084475, 43.06029856810138], [-70.73419316472962, 43.060241585211344], [-70.73448862682476, 43.060170334066946], [-70.73476613307939, 43.06010825620134], [-70.73492403322246, 43.06011031341273], [-70.7351046993965, 43.060058607283885], [-70.73532215065353, 43.06001969629728], [-70.73542225491065, 43.06012501518498], [-70.73541601782476, 43.060334331096236], [-70.73533989283544, 43.06043341970931], [-70.73517705315619, 43.060471501551625], [-70.73494064211968, 43.06048398938651], [-70.7347991909609, 43.060419361829794], [-70.7347392605464, 43.060446979507674], [-70.73443634941559, 43.0604693782824], [-70.73416239984994, 43.06044237018339]]]}, "properties": {"AREA": 45019.42692, "PERIMETER": 1038.11292034, "DENSITY": "h", "HECTARES": 0.418245834974, "ACRES": 1.03350383196, "YEAR_": 2008.0}}, {"type": "Feature", "geometry": {"type": "Polygon", "coordinates": [[[-70.7354800073314, 43.06023542723056], [-70.73550189407895, 43.0601505158015], [-70.73565991977783, 43.06015702161528], [-70.73586937838665, 43.060265131787155], [-70.73599714722752, 43.06049022108072], [-70.73607168354816, 43.060765084718106], [-70.73593387155174, 43.06082949743662], [-70.73583627609263, 43.060813172229274], [-70.73564502052041, 43.06070478522957], [-70.7354833533421, 43.060569240483275], [-70.73544849308087, 43.06040951487996], [-70.7354800073314, 43.06023542723056]]]}, "properties": {"AREA": 27014.3037079, "PERIMETER": 656.916794595, "DENSITY": "p", "HECTARES": 0.250972097682, "ACRES": 0.620163078694, "YEAR_": 2008.0}}, {"type": "Feature", "geometry": {"type": "Polygon", "coordinates": [[[-70.73581229441629, 43.05996329440976], [-70.73581940800918, 43.059785125767384], [-70.73591336088037, 43.059672412063094], [-70.73602777688143, 43.05963951456309], [-70.73610197591238, 43.05968735572942], [-70.73614947685768, 43.05986469567918], [-70.7362392033832, 43.0600324924685], [-70.73633474771779, 43.060191297063845], [-70.73642397336967, 43.06034129524357], [-70.73649055995963, 43.060549506378315], [-70.73650784674042, 43.060731756675445], [-70.73639999907292, 43.06078236020159], [-70.73621188240335, 43.06078521456036], [-70.73613655177459, 43.060697327808626], [-70.7360654044293, 43.060542603861876], [-70.73600082985011, 43.06040558638163], [-70.7359239924466, 43.06026430317721], [-70.73583401438154, 43.06008760780952], [-70.73581229441629, 43.05996329440976]]]}, "properties": {"AREA": 42139.1470933, "PERIMETER": 975.967923328, "DENSITY": "h", "HECTARES": 0.391487052744, "ACRES": 0.967381705539, "YEAR_": 2008.0}}, {"type": "Feature", "geometry": {"type": "Polygon", "coordinates": [[[-70.73624039199606, 43.06179527842178], [-70.73610818320678, 43.06162812640244], [-70.73605097147998, 43.06132183957718], [-70.7360896830154, 43.06118770635062], [-70.73625147736726, 43.06132769985875], [-70.73631781347369, 43.06152701183253], [-70.73640503114537, 43.061605816147804], [-70.73648768873547, 43.06173810689488], [-70.73665061718663, 43.06191814640157], [-70.73667208851042, 43.06203356039311], [-70.73670214166064, 43.062237873790615], [-70.73657520665567, 43.06225760705932], [-70.736463714177, 43.06217917175881], [-70.73637398276588, 43.06201137606298], [-70.73628488033685, 43.06186582748109], [-70.73624039199606, 43.06179527842178]]]}, "properties": {"AREA": 25278.7742427, "PERIMETER": 889.0495874, "DENSITY": "p", "HECTARES": 0.234848436855, "ACRES": 0.58032080447, "YEAR_": 2008.0}}, {"type": "Feature", "geometry": {"type": "Polygon", "coordinates": [[[-70.74174854129195, 43.06852718194883], [-70.74162653124552, 43.06850678195588], [-70.74147275833637, 43.06843678546256], [-70.74143088826803, 43.06829831288328], [-70.74152573043695, 43.06816332386846], [-70.74173436395137, 43.06802660181842], [-70.7417947386115, 43.068014554175456], [-70.74183834141373, 43.06821420830412], [-70.74180718438745, 43.06845395173694], [-70.74174854129195, 43.06852718194883]]]}, "properties": {"AREA": 13856.7335503, "PERIMETER": 472.791074645, "DENSITY": "p", "HECTARES": 0.128733782064, "ACRES": 0.318106830814, "YEAR_": 2008.0}}, {"type": "Feature", "geometry": {"type": "Polygon", "coordinates": [[[-70.73931363962303, 43.06750142591347], [-70.73960824169886, 43.06745243096234], [-70.74013770004592, 43.0673887354308], [-70.74073700619209, 43.06737961765429], [-70.74108675552563, 43.06740211744525], [-70.74131717565058, 43.067498770531046], [-70.74145782058274, 43.06764130401618], [-70.74142272566058, 43.0677419975122], [-70.74130355129925, 43.067821712497384], [-70.74112274143279, 43.067868979472266], [-70.74091838610431, 43.06788878263205], [-70.74073600290858, 43.067880428882], [-70.74053891801049, 43.06788899228476], [-70.74035842359804, 43.06794738208002], [-70.74011629408696, 43.06797332316703], [-70.73993642763962, 43.0680539603325], [-70.73972527108185, 43.06810168595079], [-70.73962158121444, 43.068192293219205], [-70.73944108506117, 43.06825068154804], [-70.73925158571245, 43.06825912776458], [-70.73903048224507, 43.068223537294095], [-70.73886091109345, 43.06813152003231], [-70.73867318026717, 43.06793405543974], [-70.7386596181, 43.06772281383113], [-70.73876095013303, 43.06754877768092], [-70.73898743462297, 43.067506384624934], [-70.73931363962303, 43.06750142591347]]]}, "properties": {"AREA": 154667.334775, "PERIMETER": 1782.56360133, "DENSITY": "h", "HECTARES": 1.43691230657, "ACRES": 3.55067343377, "YEAR_": 2008.0}}, {"type": "Feature", "geometry": {"type": "Polygon", "coordinates": [[[-70.7360700695093, 43.06928121968033], [-70.73597557894756, 43.06916023757486], [-70.73590164918384, 43.06896104031959], [-70.73588950958715, 43.06879985708573], [-70.73600806438535, 43.06869789887646], [-70.73612834642181, 43.068657123147695], [-70.73619092120984, 43.068722945777196], [-70.7362700823166, 43.06883859745199], [-70.73637974691225, 43.0689593498197], [-70.73639978785576, 43.06913154227556], [-70.73642741592599, 43.069303619069686], [-70.73649234704772, 43.06945287218185], [-70.73657198172616, 43.0695852092438], [-70.73667374683792, 43.069694952067785], [-70.73666993047294, 43.06982855605265], [-70.73652688645846, 43.06986967751743], [-70.73640440354406, 43.069832586356945], [-70.73628793656692, 43.06973975928479], [-70.7362151043622, 43.069579496778154], [-70.73614985955427, 43.06941911948872], [-70.7360700695093, 43.06928121968033]]]}, "properties": {"AREA": 41987.7471765, "PERIMETER": 1031.10153034, "DENSITY": "h", "HECTARES": 0.390080495866, "ACRES": 0.963906041702, "YEAR_": 2008.0}}, {"type": "Feature", "geometry": {"type": "Polygon", "coordinates": [[[-70.73186701324657, 43.07257227449146], [-70.73160671175239, 43.07249274845484], [-70.73142243489168, 43.07241763647802], [-70.73128086141354, 43.07224171789724], [-70.73127569286582, 43.07205817099618], [-70.73133294224688, 43.07193488777148], [-70.73143157034863, 43.07193339489521], [-70.73163180094922, 43.07203608848034], [-70.73180168644164, 43.0721392404304], [-70.73212471802437, 43.07229015329109], [-70.7323325383617, 43.072392730299796], [-70.73261130617607, 43.072588826607316], [-70.73236109700295, 43.07259817996487], [-70.73210267454245, 43.072585400095434], [-70.73186701324657, 43.07257227449146]]]}, "properties": {"AREA": 41445.1606109, "PERIMETER": 942.990178421, "DENSITY": "sb", "HECTARES": 0.385039681561, "ACRES": 0.95144996811, "YEAR_": 2008.0}}, {"type": "Feature", "geometry": {"type": "Polygon", "coordinates": [[[-70.72966292049817, 43.07246650905724], [-70.72979416277609, 43.07227533487079], [-70.72993486903002, 43.07215079126798], [-70.73014479547238, 43.072058586043795], [-70.73022871942095, 43.072074010273965], [-70.73023638896704, 43.07234654941482], [-70.73025625765017, 43.072513181135264], [-70.73015160696816, 43.07257040746716], [-70.73001043108702, 43.07267826573476], [-70.72979197683294, 43.07273721291531], [-70.7295646837409, 43.072751778764285], [-70.72938909105592, 43.07271548198218], [-70.72928811604058, 43.07263354243057], [-70.72945299194564, 43.07255871337098], [-70.72966292049817, 43.07246650905724]]]}, "properties": {"AREA": 33441.5529583, "PERIMETER": 804.552411864, "DENSITY": "sb", "HECTARES": 0.310683435947, "ACRES": 0.767712418694, "YEAR_": 2008.0}}, {"type": "Feature", "geometry": {"type": "Polygon", "coordinates": [[[-70.72179322664319, 43.072779972405236], [-70.72136046206452, 43.072775355751254], [-70.720952171284, 43.07283157803379], [-70.72051337604674, 43.072882692980514], [-70.72027740391155, 43.072858419472766], [-70.72016745182391, 43.07272652703925], [-70.72041486283548, 43.072617083142994], [-70.7206390453969, 43.07249129512135], [-70.72083334524777, 43.072382648931516], [-70.72095489028638, 43.07238638459762], [-70.72111020918625, 43.07251202959951], [-70.72130918033723, 43.07257024496007], [-70.72149266665018, 43.07261756347108], [-70.72169657777349, 43.07258110873804], [-70.72199215376347, 43.07256553077208], [-70.72222500954038, 43.07247856038254], [-70.72250712544253, 43.07252439225717], [-70.72276263385417, 43.072704169952495], [-70.72288126856992, 43.07287487975294], [-70.7225613724252, 43.072835182237675], [-70.72213463629565, 43.07277483360066], [-70.72179322664319, 43.072779972405236]]]}, "properties": {"AREA": 68363.8692117, "PERIMETER": 1627.76015287, "DENSITY": "sb", "HECTARES": 0.635123668085, "ACRES": 1.56941848512, "YEAR_": 2008.0}}, {"type": "Feature", "geometry": {"type": "Polygon", "coordinates": [[[-70.71853769951538, 43.073073754732455], [-70.71834709263204, 43.07304323155084], [-70.71818496994875, 43.07294550785671], [-70.71821298556394, 43.07286162112597], [-70.71843114117735, 43.07279157123275], [-70.71863552058343, 43.07277180848436], [-70.71884238873078, 43.072841037687354], [-70.71898996074773, 43.07296123663571], [-70.71907730440292, 43.073099034349404], [-70.71888716444029, 43.07308519857735], [-70.71873480343523, 43.07306522941924], [-70.71853769951538, 43.073073754732455]]]}, "properties": {"AREA": 18511.6297972, "PERIMETER": 578.699921874, "DENSITY": "h", "HECTARES": 0.171979356268, "ACRES": 0.424968544473, "YEAR_": 2008.0}}, {"type": "Feature", "geometry": {"type": "Polygon", "coordinates": [[[-70.71424794584948, 43.07248151380403], [-70.71408567551777, 43.072378221891064], [-70.71387060785547, 43.072286848422735], [-70.71366529692945, 43.07227323141504], [-70.71365367982483, 43.07212873027856], [-70.71368061745144, 43.072005910104295], [-70.713856199646, 43.07204223089926], [-70.71410052825294, 43.072094214888025], [-70.71431296002422, 43.07209103130303], [-70.71444627866633, 43.07224483743946], [-70.71450419364095, 43.072416465666414], [-70.7144921220014, 43.07252793450501], [-70.7143629897759, 43.07252430526236], [-70.71424794584948, 43.07248151380403]]]}, "properties": {"AREA": 24221.0910714, "PERIMETER": 691.18204329, "DENSITY": "sb", "HECTARES": 0.225022199353, "ACRES": 0.556039739931, "YEAR_": 2008.0}}, {"type": "Feature", "geometry": {"type": "Polygon", "coordinates": [[[-70.71273660058857, 43.072175849967124], [-70.71257634783669, 43.07214486268913], [-70.71242971905971, 43.07205802682294], [-70.71253361077054, 43.071973006280004], [-70.71269076558085, 43.07189275226082], [-70.71293834186974, 43.07178888618923], [-70.71311252829375, 43.07177514945687], [-70.71309271251056, 43.071881169773505], [-70.71300352951833, 43.071949277904196], [-70.71295228070188, 43.07201681817795], [-70.71288740839697, 43.07214020595185], [-70.71273660058857, 43.072175849967124]]]}, "properties": {"AREA": 14023.6022787, "PERIMETER": 502.610441799, "DENSITY": "h", "HECTARES": 0.13028404948, "ACRES": 0.321937609703, "YEAR_": 2008.0}}, {"type": "Feature", "geometry": {"type": "Polygon", "coordinates": [[[-70.71138769168341, 43.07170636928252], [-70.7112658378009, 43.0716914985122], [-70.71114971425224, 43.071609769351205], [-70.71116148324506, 43.07148717686436], [-70.71122728746718, 43.07139716223128], [-70.71147687583723, 43.07136560607984], [-70.71165895843252, 43.07136288250358], [-70.71188625122106, 43.071348352221115], [-70.71195639101569, 43.071414075636966], [-70.71198100960605, 43.071480480522084], [-70.7120740634516, 43.071551425122536], [-70.71195344912124, 43.07158105217953], [-70.71181719713675, 43.0715942197398], [-70.71173529068206, 43.07165108880769], [-70.71165384814995, 43.071724645233104], [-70.71151728602175, 43.071726687483654], [-70.71138769168341, 43.07170636928252]]]}, "properties": {"AREA": 23805.8455758, "PERIMETER": 634.043119888, "DENSITY": "h", "HECTARES": 0.221164427033, "ACRES": 0.546507015056, "YEAR_": 2008.0}}, {"type": "Feature", "geometry": {"type": "Polygon", "coordinates": [[[-70.70986660226518, 43.0721408786343], [-70.70975310833191, 43.07215370382863], [-70.70969009390153, 43.072071179587674], [-70.70974057206334, 43.07197583022988], [-70.70983053174672, 43.07193553434818], [-70.7099190992039, 43.07184518062342], [-70.71011450078684, 43.07177548742814], [-70.71024316617148, 43.071762434918114], [-70.71024455852975, 43.071812493588354], [-70.71017054722812, 43.0718803725521], [-70.7100959167137, 43.07192600336574], [-70.71000719402024, 43.072010795647415], [-70.70994092371402, 43.07208412392627], [-70.70986660226518, 43.0721408786343]]]}, "properties": {"AREA": 9107.85667905, "PERIMETER": 439.526901496, "DENSITY": "h", "HECTARES": 0.0846150957969, "ACRES": 0.209087618895, "YEAR_": 2008.0}}, {"type": "Feature", "geometry": {"type": "Polygon", "coordinates": [[[-70.70798212323152, 43.07206330384423], [-70.70789758691483, 43.07202561524721], [-70.70781862823773, 43.071915506041044], [-70.70776351311768, 43.071843991061144], [-70.70765513404164, 43.07176770710799], [-70.70763779827482, 43.07169006444474], [-70.70775113658361, 43.07167167976206], [-70.70784295177681, 43.07169813066641], [-70.70795690831663, 43.071701993885036], [-70.70810152089425, 43.0717165286352], [-70.70814192721896, 43.07180495575168], [-70.7080532032638, 43.07188974650609], [-70.70804855101402, 43.07199553920291], [-70.70798212323152, 43.07206330384423]]]}, "properties": {"AREA": 10538.8402944, "PERIMETER": 439.358918721, "DENSITY": "h", "HECTARES": 0.0979094217794, "ACRES": 0.241938482423, "YEAR_": 2008.0}}, {"type": "Feature", "geometry": {"type": "Polygon", "coordinates": [[[-70.71030931343324, 43.07017646834815], [-70.71004532822799, 43.070236058585586], [-70.70997605572175, 43.069791942243164], [-70.71000741456011, 43.06955498636415], [-70.71019301760732, 43.06940614649477], [-70.71049880629634, 43.06914422085774], [-70.7108891668366, 43.0688532082329], [-70.71120365795863, 43.06856332870498], [-70.7113507432475, 43.06839419706902], [-70.71134609957767, 43.068227333556486], [-70.71137958190062, 43.068066856303666], [-70.71146009072909, 43.0678917641405], [-70.71169271204155, 43.06806912788702], [-70.7119353988464, 43.06826720589132], [-70.71216569938687, 43.06836113693264], [-70.71238884147434, 43.06853863982332], [-70.71246819005884, 43.06866265125639], [-70.71249219013357, 43.068843135302295], [-70.71241129582454, 43.0690043228901], [-70.71229982202114, 43.06908945746668], [-70.71212293404425, 43.06921034880925], [-70.71203236096548, 43.06936472488834], [-70.71191198389087, 43.06947085933271], [-70.71173548102661, 43.06960565443826], [-70.71156787962616, 43.06971944993741], [-70.71133196044367, 43.06976471192833], [-70.7111241038554, 43.06979564319545], [-70.71092534355068, 43.069812526561286], [-70.71074670987075, 43.0698708419131], [-70.71055994662359, 43.06997796770153], [-70.71048620772345, 43.07005558079036], [-70.71041285529897, 43.070147099117506], [-70.71030931343324, 43.07017646834815]]]}, "properties": {"AREA": 256380.197855, "PERIMETER": 2332.86329361, "DENSITY": "sb", "HECTARES": 2.38185950508, "ACRES": 5.88567947325, "YEAR_": 2008.0}}, {"type": "Feature", "geometry": {"type": "Polygon", "coordinates": [[[-70.7123969506779, 43.06644491109723], [-70.71254790015034, 43.0664148298457], [-70.71282773871965, 43.06658452768225], [-70.71311744886414, 43.06676798951873], [-70.7132564046232, 43.06698848475746], [-70.71331969282566, 43.06721706838811], [-70.71327557126017, 43.06733597284189], [-70.71317435915613, 43.06744877648616], [-70.71302515188336, 43.06754143236533], [-70.71284788138283, 43.06764841961602], [-70.71271686464742, 43.06771298060597], [-70.71263054976099, 43.06767949520193], [-70.71246837406746, 43.0676471450927], [-70.71235535322089, 43.06767665859071], [-70.71223265641095, 43.06769936167993], [-70.71205151381056, 43.067667294758905], [-70.71188198338345, 43.06771156435269], [-70.7117041306199, 43.067797691871654], [-70.71155511315499, 43.06789729843991], [-70.71155259758976, 43.06780691403235], [-70.7116238167286, 43.067638916677915], [-70.71172290434183, 43.06744963533092], [-70.7118504386836, 43.067259928738764], [-70.71198881022505, 43.06711874819974], [-70.71216162770602, 43.066851852272414], [-70.7122688397474, 43.06661376042066], [-70.7123969506779, 43.06644491109723]]]}, "properties": {"AREA": 135936.751325, "PERIMETER": 1591.21540031, "DENSITY": "sb", "HECTARES": 1.26289879618, "ACRES": 3.12067840508, "YEAR_": 2008.0}}, {"type": "Feature", "geometry": {"type": "Polygon", "coordinates": [[[-70.72109749764026, 43.056459272597586], [-70.72082860995151, 43.05649158064284], [-70.7204685112718, 43.0564781537452], [-70.72009794133153, 43.05654967284465], [-70.71983063231204, 43.05663848032784], [-70.71969226673637, 43.0567441917451], [-70.71953006018487, 43.05691620778743], [-70.71947058752396, 43.05708667956726], [-70.71932201147527, 43.05728675363164], [-70.71921064382339, 43.05743916327768], [-70.7190560132232, 43.057422644971695], [-70.71892417162937, 43.05730215214091], [-70.71876533192854, 43.05713496109632], [-70.71861122836617, 43.05713727612851], [-70.71836538992233, 43.05707502105717], [-70.71819397291611, 43.056917438628034], [-70.71807392514609, 43.05675908455991], [-70.71801677245772, 43.05655268087231], [-70.71782177797165, 43.05647081932409], [-70.71753820596139, 43.05643739321608], [-70.71730442389764, 43.0563466926425], [-70.71719827261096, 43.05622581232933], [-70.71744358068122, 43.05626923503657], [-70.71780525499571, 43.05633917324518], [-70.71812840378638, 43.05640968934041], [-70.71855113163535, 43.0563656559251], [-70.71896206969357, 43.056359483113894], [-70.7193727451353, 43.05634389096434], [-70.71981957555646, 43.05624296504427], [-70.72026693118816, 43.056160871296385], [-70.72065113098823, 43.056117409832325], [-70.72111343390233, 43.0561104557949], [-70.72139489853157, 43.056068537325096], [-70.72167662571519, 43.0560360351193], [-70.72199714167164, 43.056012369761866], [-70.72221782368908, 43.05609383670608], [-70.72207946341867, 43.0561995501704], [-70.72186168106238, 43.056221670478806], [-70.72148038060368, 43.0563687235294], [-70.72109749764026, 43.056459272597586]]]}, "properties": {"AREA": 211590.197677, "PERIMETER": 3156.3421992, "DENSITY": "h", "HECTARES": 1.96574512281, "ACRES": 4.85744255456, "YEAR_": 2008.0}}, {"type": "Feature", "geometry": {"type": "Polygon", "coordinates": [[[-70.71384708444839, 43.05629490451914], [-70.71377789111686, 43.056116941675775], [-70.71382348633588, 43.055908996096576], [-70.71404022194562, 43.05584922322475], [-70.71423468575742, 43.05591225722559], [-70.7144032024712, 43.05596625789816], [-70.71450908595318, 43.056077723786736], [-70.7146037016721, 43.05624588340874], [-70.71449153763655, 43.05637003748898], [-70.71436495566498, 43.056437881604275], [-70.71420980421249, 43.056402521941656], [-70.71407928684388, 43.05632910937914], [-70.71384708444839, 43.05629490451914]]]}, "properties": {"AREA": 31830.3205151, "PERIMETER": 674.80796519, "DENSITY": "p", "HECTARES": 0.29571453686, "ACRES": 0.730723611459, "YEAR_": 2008.0}}, {"type": "Feature", "geometry": {"type": "Polygon", "coordinates": [[[-70.71587325832905, 43.05708416142782], [-70.71571915485427, 43.057086472565324], [-70.71555010746614, 43.05701363985282], [-70.7153671696032, 43.05690333022524], [-70.71513365098615, 43.05682204220161], [-70.71485086581394, 43.0568168603369], [-70.71477171515957, 43.05674267859156], [-70.71481862058188, 43.05658181836773], [-70.71493130935875, 43.05647649880954], [-70.71511947524435, 43.056313520430955], [-70.71540173297895, 43.05629986767003], [-70.71558545756757, 43.056438428152], [-70.71577966039527, 43.05649204166833], [-70.7160498645218, 43.056506831264755], [-70.71629491075163, 43.056540839470806], [-70.71640106200864, 43.056661720613896], [-70.7161505276617, 43.05689158263482], [-70.71587325832905, 43.05708416142782]]]}, "properties": {"AREA": 72736.4349122, "PERIMETER": 1124.86767992, "DENSITY": "sb", "HECTARES": 0.675746295193, "ACRES": 1.66979878127, "YEAR_": 2008.0}}, {"type": "Feature", "geometry": {"type": "Polygon", "coordinates": [[[-70.71680461280845, 43.05664304137857], [-70.71660682301194, 43.05662671510869], [-70.71640106200864, 43.056661720613896], [-70.71642606880036, 43.05651366180009], [-70.71650683529532, 43.056343625850246], [-70.71676835610288, 43.05628664199768], [-70.71704410292436, 43.056268033359736], [-70.71719827261096, 43.05622581232933], [-70.71730442389764, 43.0563466926425], [-70.71753820596139, 43.05643739321608], [-70.71754490067448, 43.05653545921052], [-70.71749472348118, 43.056623036495864], [-70.71733303887834, 43.05672193454664], [-70.71721616763753, 43.05677674792479], [-70.71707728481421, 43.056749891427714], [-70.71697033468352, 43.05668879029587], [-70.71680461280845, 43.05664304137857]]]}, "properties": {"AREA": 39479.8815038, "PERIMETER": 829.421617365, "DENSITY": "sb", "HECTARES": 0.36678156818, "ACRES": 0.906333367857, "YEAR_": 2008.0}}, {"type": "Feature", "geometry": {"type": "Polygon", "coordinates": [[[-70.73736693284613, 43.07181260174111], [-70.73718605065126, 43.071803310246764], [-70.73717290006574, 43.071725264030476], [-70.73726654483106, 43.071649608322836], [-70.7373758662102, 43.07154763226588], [-70.73751886417296, 43.0714752396443], [-70.73764641142861, 43.071437188508334], [-70.73773673825242, 43.071437822789214], [-70.73778790378233, 43.07150526040237], [-70.7377786617777, 43.07156559057688], [-70.737725993477, 43.0716386178349], [-70.73768364184127, 43.0716894192726], [-70.7376085787614, 43.071744729559484], [-70.73753317549166, 43.071788007304605], [-70.73736693284613, 43.07181260174111]]]}, "properties": {"AREA": 13718.9246824, "PERIMETER": 470.418504069, "DENSITY": "h", "HECTARES": 0.127453490666, "ACRES": 0.314943174527, "YEAR_": 2008.0}}, {"type": "Feature", "geometry": {"type": "Polygon", "coordinates": [[[-70.7419806415617, 43.054952810076905], [-70.74186078911454, 43.05495463475019], [-70.74171916387672, 43.05489328637658], [-70.74185595063494, 43.05478373499247], [-70.74207819058314, 43.05463380220989], [-70.74233399855505, 43.05449312735598], [-70.74263183032123, 43.0544250868867], [-70.74287749971872, 43.054396920321814], [-70.74310623805403, 43.054476479412095], [-70.74312121481981, 43.05453487137725], [-70.74296251904633, 43.05457636891399], [-70.74279633420366, 43.05458867022206], [-70.74262445943222, 43.05463525302445], [-70.74246603990638, 43.0546865152596], [-70.74232135118947, 43.05475222326695], [-70.74221092278228, 43.05485160387827], [-70.74211977870827, 43.054926266908836], [-70.7419806415617, 43.054952810076905]]]}, "properties": {"AREA": 27560.3202636, "PERIMETER": 887.620736661, "DENSITY": "p", "HECTARES": 0.256044777764, "ACRES": 0.632697894022, "YEAR_": 2008.0}}, {"type": "Feature", "geometry": {"type": "Polygon", "coordinates": [[[-70.86770884069898, 43.08954133293457], [-70.86764530582528, 43.08948656022413], [-70.86755227504962, 43.08940087528034], [-70.86760163402435, 43.08930240144185], [-70.86759824284552, 43.08919083638613], [-70.86753396580313, 43.08911165782385], [-70.86741303089333, 43.08904735739153], [-70.86737676602532, 43.08895028120204], [-70.86741206677995, 43.08885901402796], [-70.86746745334273, 43.088802299300774], [-70.86765456116262, 43.0888515664249], [-70.8679147180221, 43.088955451723294], [-70.86820173465703, 43.089160052691916], [-70.86839709912513, 43.08932429318512], [-70.86869585786127, 43.089601952488664], [-70.86887230324773, 43.0897699894186], [-70.86890338984212, 43.08985319718317], [-70.86882421814329, 43.08991030035524], [-70.86872876116915, 43.08990139559476], [-70.86852748527221, 43.08985584898321], [-70.86808930260327, 43.08968859835666], [-70.86770884069898, 43.08954133293457]]]}, "properties": {"AREA": 68537.5104362, "PERIMETER": 1230.02762912, "DENSITY": "h", "HECTARES": 0.6367368543, "ACRES": 1.57340473912, "YEAR_": 2008.0}}, {"type": "Feature", "geometry": {"type": "Polygon", "coordinates": [[[-70.86724764225438, 43.08814662830132], [-70.86749142338746, 43.087734019471455], [-70.86792607106699, 43.087106153464326], [-70.8684113724395, 43.08655283832406], [-70.86888969337288, 43.08616812894216], [-70.86948223934955, 43.085958913571325], [-70.87037052236839, 43.08572712423514], [-70.87105189207159, 43.08565390546069], [-70.87026640486312, 43.08588401935116], [-70.8698528868439, 43.086021651881474], [-70.86956676222765, 43.08615887776312], [-70.86928105846087, 43.086310048424096], [-70.86903795239239, 43.08645354709277], [-70.86877275883464, 43.0866532150912], [-70.86857912563082, 43.086858690727716], [-70.8683754469622, 43.08704688940625], [-70.86826161592423, 43.08721617939271], [-70.86809915749593, 43.08735138204885], [-70.86798543089247, 43.087524157894975], [-70.86793693399153, 43.08780748920416], [-70.8679594700383, 43.08807919656822], [-70.86798485652335, 43.08828807111378], [-70.86805537302737, 43.08841598077544], [-70.8682041204789, 43.08861237579316], [-70.86828066739506, 43.088782044351134], [-70.86807156426613, 43.08863546879947], [-70.86785178333672, 43.08845069839342], [-70.8676579059879, 43.08833526674825], [-70.86724764225438, 43.08814662830132]]]}, "properties": {"AREA": 132824.479436, "PERIMETER": 3402.05737966, "DENSITY": "p", "HECTARES": 1.23398472854, "ACRES": 3.04923047374, "YEAR_": 2008.0}}, {"type": "Feature", "geometry": {"type": "Polygon", "coordinates": [[[-70.87249163496928, 43.09180700001273], [-70.87263933245909, 43.0918888295231], [-70.87300837634376, 43.09208675475579], [-70.87313620957796, 43.09231079869314], [-70.87319549888683, 43.092469454078376], [-70.87313813339115, 43.092572377351935], [-70.87298320341749, 43.09265029263645], [-70.87287340763065, 43.092621051816295], [-70.87279141615517, 43.09251154314152], [-70.87269074367241, 43.09238460284214], [-70.87267915896155, 43.092202996519525], [-70.87258909543388, 43.092027108010136], [-70.87249163496928, 43.09180700001273]]]}, "properties": {"AREA": 26292.353264, "PERIMETER": 760.142540685, "DENSITY": "sb", "HECTARES": 0.244264931756, "ACRES": 0.603589377042, "YEAR_": 2008.0}}, {"type": "Feature", "geometry": {"type": "Polygon", "coordinates": [[[-70.87259469968201, 43.09149950911612], [-70.87262509334474, 43.091247969994356], [-70.87315564473829, 43.09096499669111], [-70.87413331921823, 43.09036786845544], [-70.87522476898168, 43.08955036684662], [-70.87534863095915, 43.089659910448596], [-70.87533315696066, 43.08977638750813], [-70.8753237385585, 43.089883467376495], [-70.87533532533058, 43.090055286999444], [-70.87533153776126, 43.09013902958071], [-70.87531941044435, 43.0901479013922], [-70.87519503602701, 43.09023889519018], [-70.8750957239328, 43.09031025693362], [-70.8749704835148, 43.090363447729416], [-70.87482650680981, 43.09042624305031], [-70.87468323757774, 43.09051227168062], [-70.87464140932116, 43.09059663849282], [-70.87454971130397, 43.09070971540144], [-70.87446265222222, 43.09076692899947], [-70.87427907371136, 43.09077923409902], [-70.87407675881771, 43.090801144342656], [-70.87408508381101, 43.09086609354123], [-70.87413258212786, 43.090967591354236], [-70.87407074038141, 43.09101974308223], [-70.87398382191665, 43.09108160300441], [-70.87401778952115, 43.09115542897002], [-70.87402738928486, 43.09126219666413], [-70.87394174515201, 43.091365875942905], [-70.87381101150005, 43.09144704933595], [-70.8737979301893, 43.09144652662028], [-70.873645885679, 43.091440456420365], [-70.87364541003535, 43.091441242563036], [-70.87359757363505, 43.09152027890821], [-70.87355110301445, 43.091660508471705], [-70.87342713289135, 43.09175551692727], [-70.8732700464243, 43.09180457838738], [-70.87326080901829, 43.091803231612595], [-70.87309801244749, 43.09177950243665], [-70.87298162322107, 43.09170702548728], [-70.87292201264975, 43.091624320416585], [-70.87276928295582, 43.09160822553471], [-70.87259469968201, 43.09149950911612]]]}, "properties": {"AREA": 178114.855364, "PERIMETER": 2412.47797297, "DENSITY": "sb", "HECTARES": 1.65474777223, "ACRES": 4.08895443903, "YEAR_": 2008.0}}, {"type": "Feature", "geometry": {"type": "Polygon", "coordinates": [[[-70.87229735886531, 43.09110921775788], [-70.87196062667482, 43.09109148422083], [-70.87168503068825, 43.090998365796594], [-70.87155228503255, 43.09080528302231], [-70.87149097780078, 43.090666818583735], [-70.87146658008645, 43.0904905582064], [-70.8716433648396, 43.09025521951196], [-70.87189285880744, 43.09011631908222], [-70.87206683955944, 43.08999724814669], [-70.87226097208654, 43.08991503972323], [-70.87244961355337, 43.08986081389869], [-70.87255555204239, 43.089798644247985], [-70.87269924675289, 43.08972655748325], [-70.87281630690411, 43.08961306749014], [-70.87297084002351, 43.089480366865175], [-70.87318806193211, 43.089323395887725], [-70.87340050241195, 43.08921764099093], [-70.87375199427396, 43.08909566078444], [-70.87422649199826, 43.08905534496837], [-70.87461595702152, 43.08908822556153], [-70.87584600989636, 43.0879875500047], [-70.87760983562198, 43.08692350043518], [-70.87700301779317, 43.08774157298529], [-70.87611360604319, 43.08863691586968], [-70.87427956069362, 43.08983829166625], [-70.87281195445557, 43.09087019983827], [-70.87229735886531, 43.09110921775788]]]}, "properties": {"AREA": 484466.250241, "PERIMETER": 4646.5474551, "DENSITY": "h", "HECTARES": 4.50085674589, "ACRES": 11.1218147438, "YEAR_": 2008.0}}, {"type": "Feature", "geometry": {"type": "Polygon", "coordinates": [[[-70.86985879767711, 43.09038301007719], [-70.86962368831574, 43.09026510008206], [-70.86936270226852, 43.09006627317188], [-70.86945302269473, 43.0897560983687], [-70.8696453775012, 43.089338647569285], [-70.86982667207387, 43.08910416039518], [-70.87012441067002, 43.08887183109401], [-70.87029427436379, 43.08880812634668], [-70.8705735611364, 43.088697952231875], [-70.87095255293784, 43.08858614659597], [-70.87128441024561, 43.08856447085568], [-70.87160358139722, 43.08849019883639], [-70.87217015958247, 43.088350948503226], [-70.87257647056002, 43.08822650528979], [-70.8728760524089, 43.088055065626776], [-70.87311395864843, 43.0878602650214], [-70.87347322819612, 43.08764722816854], [-70.87389797483331, 43.087400623209795], [-70.8741942366338, 43.08730234720436], [-70.87440629826364, 43.08716889437291], [-70.874872996896, 43.08684442349193], [-70.87527789383417, 43.086492531104106], [-70.87552587335401, 43.08626506528918], [-70.8755923036801, 43.086081193520734], [-70.87559904580286, 43.08593891862827], [-70.87562187151525, 43.085597350697256], [-70.87559658071324, 43.085313437489035], [-70.8755138336506, 43.08514419712388], [-70.87606672908124, 43.08510263600784], [-70.87638194864863, 43.08508121846433], [-70.87692942898157, 43.08504380422172], [-70.87746165603312, 43.085051318043384], [-70.87769060875975, 43.08510848802717], [-70.87789778014552, 43.08517820056458], [-70.87812921572646, 43.08531656497332], [-70.87843179088455, 43.08542532843898], [-70.87850913244083, 43.08559871700462], [-70.87845279543963, 43.085749929317934], [-70.87810397603148, 43.0863040046028], [-70.8778329005902, 43.086682142998775], [-70.87760983562198, 43.08692350043518], [-70.87584600989636, 43.0879875500047], [-70.87461595702152, 43.08908822556153], [-70.87422649199826, 43.08905534496837], [-70.87375199427396, 43.08909566078444], [-70.87340050241195, 43.08921764099093], [-70.87318806193211, 43.089323395887725], [-70.87297084002351, 43.089480366865175], [-70.87281630690411, 43.08961306749014], [-70.87269924675289, 43.08972655748325], [-70.87255555204239, 43.089798644247985], [-70.87244961355337, 43.08986081389869], [-70.87226097208654, 43.08991503972323], [-70.87206683955944, 43.08999724814669], [-70.87189285880744, 43.09011631908222], [-70.8716433648396, 43.09025521951196], [-70.87146658008645, 43.0904905582064], [-70.87149097780078, 43.090666818583735], [-70.87155228503255, 43.09080528302231], [-70.87168503068825, 43.090998365796594], [-70.87137896933325, 43.09093696269821], [-70.87110737760072, 43.09089063214954], [-70.87066175251877, 43.09081668339174], [-70.8704163144127, 43.0907191511823], [-70.87006299716077, 43.090491372464534], [-70.86985879767711, 43.09038301007719]]]}, "properties": {"AREA": 1636290.10222, "PERIMETER": 7198.82289546, "DENSITY": "p", "HECTARES": 15.2016932886, "ACRES": 37.5640519335, "YEAR_": 2008.0}}, {"type": "Feature", "geometry": {"type": "Polygon", "coordinates": [[[-70.86798485652335, 43.08828807111378], [-70.8679594700383, 43.08807919656822], [-70.86793693399153, 43.08780748920416], [-70.86798543089247, 43.087524157894975], [-70.86809915749593, 43.08735138204885], [-70.86826161592423, 43.08721617939271], [-70.8683754469622, 43.08704688940625], [-70.86857912563082, 43.086858690727716], [-70.86877275883464, 43.0866532150912], [-70.86903795239239, 43.08645354709277], [-70.86928105846087, 43.086310048424096], [-70.8698528868439, 43.086021651881474], [-70.87026640486312, 43.08588401935116], [-70.87105189207159, 43.08565390546069], [-70.87134549382095, 43.08569391699239], [-70.87164495923099, 43.08567759692858], [-70.87176124776562, 43.085658562596365], [-70.87238811055022, 43.085519813567245], [-70.87294990954219, 43.08541924645719], [-70.8732448701023, 43.085383008233904], [-70.87371382764874, 43.08530394471684], [-70.87404426635914, 43.08528140045911], [-70.87453425641517, 43.085253385081224], [-70.87484115769438, 43.085225513167025], [-70.87520152487946, 43.085162499852565], [-70.8755138336506, 43.08514419712388], [-70.87559658071324, 43.085313437489035], [-70.87562187151525, 43.085597350697256], [-70.87559904580286, 43.08593891862827], [-70.8755923036801, 43.086081193520734], [-70.87552587335401, 43.08626506528918], [-70.87527789383417, 43.086492531104106], [-70.874872996896, 43.08684442349193], [-70.87440629826364, 43.08716889437291], [-70.8741942366338, 43.08730234720436], [-70.87389797483331, 43.087400623209795], [-70.87347322819612, 43.08764722816854], [-70.87311395864843, 43.0878602650214], [-70.8728760524089, 43.088055065626776], [-70.87257647056002, 43.08822650528979], [-70.87217015958247, 43.088350948503226], [-70.87128441024561, 43.08856447085568], [-70.87095255293784, 43.08858614659597], [-70.8705735611364, 43.088697952231875], [-70.87012441067002, 43.08887183109401], [-70.86982667207387, 43.08910416039518], [-70.8696453775012, 43.089338647569285], [-70.86945302269473, 43.0897560983687], [-70.86936270226852, 43.09006627317188], [-70.8690960656469, 43.08987029128518], [-70.8689179746176, 43.08961889843251], [-70.86873312213123, 43.089345308837345], [-70.86856759149998, 43.08913739336068], [-70.86828066739506, 43.088782044351134], [-70.8682041204789, 43.08861237579316], [-70.86805537302737, 43.08841598077544], [-70.86798485652335, 43.08828807111378]], [[-70.87204819806267, 43.08719102981059], [-70.87188844315706, 43.08714561269131], [-70.87170025099813, 43.0871526940092], [-70.8714455352925, 43.087216901314314], [-70.87114321545427, 43.08733191965187], [-70.87066745530666, 43.08757985992278], [-70.87070706396781, 43.08762524331708], [-70.87084109963821, 43.087633057300074], [-70.87107768816757, 43.08760116975006], [-70.8712327054448, 43.08758062201322], [-70.87136989617653, 43.0876023935717], [-70.87149246672233, 43.08759238317069], [-70.87163603042971, 43.08764407047566], [-70.87170305428457, 43.0876930069926], [-70.8717703355542, 43.087840004086026], [-70.8719552162829, 43.08799308296079], [-70.87212383198225, 43.088060369661285], [-70.87230020852556, 43.08811351988235], [-70.8725121131159, 43.08807803020495], [-70.87266511848952, 43.087991470506346], [-70.87277979309793, 43.087901534625644], [-70.87285146961023, 43.08783431741714], [-70.87290251841998, 43.087717404217386], [-70.87285767840874, 43.08759005370982], [-70.87271974110513, 43.08745422049239], [-70.87253528709748, 43.08731514507514], [-70.87231888753061, 43.087292670256865], [-70.87222797147467, 43.08726613971539], [-70.87204819806267, 43.08719102981059]], [[-70.86992688088318, 43.08788744092858], [-70.86988284605565, 43.08787363103011], [-70.86983185912928, 43.08789190027893], [-70.86986823227399, 43.08791455311836], [-70.86991182407901, 43.08791384127286], [-70.86992688088318, 43.08788744092858]], [[-70.86944278761662, 43.08787501097298], [-70.86959152166631, 43.08781155431341], [-70.86970027366993, 43.08773712781253], [-70.86974544294165, 43.087657927746775], [-70.8697478152081, 43.08760558111535], [-70.86960145298188, 43.08761669134978], [-70.86943026723053, 43.08772410479777], [-70.86930267142692, 43.087830804560305], [-70.86933975124914, 43.08787669469612], [-70.86944278761662, 43.08787501097298]], [[-70.86925299610421, 43.08776187348393], [-70.8692595969168, 43.08771817535404], [-70.86910530858455, 43.087729414251626], [-70.8688734412337, 43.087797134462036], [-70.86885151895135, 43.087858518288975], [-70.86898273710308, 43.08787090471558], [-70.8690738835785, 43.08786941478813], [-70.86918712964975, 43.087812350862784], [-70.86925299610421, 43.08776187348393]], [[-70.86982910511959, 43.08767109009211], [-70.86989735762279, 43.08769903461021], [-70.86998841619194, 43.08769464032881], [-70.87009716752334, 43.08762021254364], [-70.8701780896403, 43.087543334251194], [-70.8701408328867, 43.087491635325954], [-70.86998769425749, 43.08754063428918], [-70.8698394919084, 43.08762151864918], [-70.86982910511959, 43.08767109009211]], [[-70.87170988154524, 43.08628614431701], [-70.87159354522082, 43.086241551401805], [-70.87139188541569, 43.086259380158545], [-70.87120177559802, 43.0863961656864], [-70.87106256393456, 43.08651177658294], [-70.87104681747759, 43.08664570891222], [-70.87111006304083, 43.086769631581085], [-70.87127105188502, 43.08684836605672], [-70.87155911842024, 43.086933738991895], [-70.8717138465843, 43.08693701940467], [-70.87195055502212, 43.08689827436302], [-70.87208476104311, 43.08687864221735], [-70.87215766511106, 43.08679898745364], [-70.87223382501368, 43.086696032120244], [-70.87225001126903, 43.086576621348144], [-70.87212670263104, 43.0864333402178], [-70.87196130744195, 43.08634014948572], [-70.87186505035494, 43.086303947154725], [-70.87170988154524, 43.08628614431701]]]}, "properties": {"AREA": 1655953.11461, "PERIMETER": 9345.44785952, "DENSITY": "sb", "HECTARES": 15.3843693819, "ACRES": 38.0154525851, "YEAR_": 2008.0}}, {"type": "Feature", "geometry": {"type": "Polygon", "coordinates": [[[-70.86823027940261, 43.08504537699007], [-70.86799567849987, 43.08516786099119], [-70.86790538910736, 43.085156151608764], [-70.8678865989454, 43.08498177568348], [-70.86793891863894, 43.08477987146112], [-70.8680953104486, 43.084599338704265], [-70.86831811656572, 43.08438476238857], [-70.86850726881427, 43.084246540971755], [-70.86871010318377, 43.084114686961115], [-70.86895338606145, 43.083982172102516], [-70.86910878576244, 43.083917011675915], [-70.86933739617803, 43.08389350027849], [-70.86965320240253, 43.0839278900457], [-70.86978464167868, 43.083961997044455], [-70.86951220415241, 43.084170795336355], [-70.86908825900952, 43.08442491597562], [-70.86850292454513, 43.08484316970554], [-70.86823027940261, 43.08504537699007]]]}, "properties": {"AREA": 82848.7912382, "PERIMETER": 1446.79514556, "DENSITY": "h", "HECTARES": 0.769693535407, "ACRES": 1.90194653899, "YEAR_": 2008.0}}, {"type": "Feature", "geometry": {"type": "Polygon", "coordinates": [[[-70.87313351944816, 43.08510691962619], [-70.87269068002301, 43.085183384101484], [-70.87248863028921, 43.08519328348818], [-70.87213577776629, 43.085271568429846], [-70.87175395081618, 43.08528440834978], [-70.87141696872368, 43.08529321719374], [-70.87125936165693, 43.0852859079613], [-70.8710224599853, 43.08533262925925], [-70.87066769871643, 43.08534831911413], [-70.87042939312563, 43.08534891965067], [-70.87014714533679, 43.08538319754457], [-70.87036075600251, 43.08516217563774], [-70.87061531659874, 43.08495696325696], [-70.87086608455591, 43.08477488322908], [-70.87103296043105, 43.08464361397821], [-70.8713677133877, 43.08441401673262], [-70.87167720410987, 43.084240863031525], [-70.87214078279348, 43.083959716935155], [-70.87264231994203, 43.083743866180264], [-70.87332641450665, 43.083468993531135], [-70.87349928154465, 43.08338706033147], [-70.87375944964596, 43.08336631978408], [-70.87393231581419, 43.08328438682193], [-70.87407462638541, 43.08323261695192], [-70.87427995779926, 43.083183109743274], [-70.87449686220755, 43.08307079171611], [-70.87476330341259, 43.082960955781175], [-70.8749981826415, 43.082848341715106], [-70.87529148598148, 43.08273476928654], [-70.87557499643715, 43.082594989557855], [-70.87580118669526, 43.082492403656104], [-70.87600010835456, 43.08238037704842], [-70.87621519765017, 43.08220875776307], [-70.87636448057724, 43.08209095334733], [-70.87654522224352, 43.08197263142502], [-70.87678438732104, 43.08185335146884], [-70.87709985269413, 43.08172952330327], [-70.87738976046163, 43.081652256097456], [-70.87766507765652, 43.08153897206501], [-70.87800170134945, 43.081371947277475], [-70.8782949921708, 43.08125836702141], [-70.87863231792139, 43.08111440010715], [-70.8792252012957, 43.08094645909174], [-70.87967537775104, 43.08081711457087], [-70.88023699873638, 43.08065627339155], [-70.88061607299852, 43.08055446117463], [-70.88099262486489, 43.080370290912896], [-70.88131135789651, 43.080206846662634], [-70.881756785155, 43.07992266434426], [-70.88170804486813, 43.080239872397726], [-70.88159189145851, 43.080558190510914], [-70.88137515388934, 43.08082213090264], [-70.88124855571974, 43.08094616197833], [-70.88094451069912, 43.08114891516244], [-70.88065964988171, 43.0813909040639], [-70.88047043322553, 43.0815258506474], [-70.88027893945501, 43.08173334407403], [-70.87985076389825, 43.08199416567885], [-70.87958983793249, 43.08213688116575], [-70.87952564846248, 43.08224340475637], [-70.87945730527672, 43.082508200073086], [-70.87950268931935, 43.08266895319418], [-70.87947374885401, 43.08275182627188], [-70.87928164257325, 43.08293955345395], [-70.87918498436198, 43.08301365109665], [-70.87905529371203, 43.0831838726167], [-70.87886596775499, 43.08331552205872], [-70.87875136892622, 43.083538230124844], [-70.87862238002799, 43.083731510861206], [-70.87851713414436, 43.08381893236205], [-70.87831452321562, 43.0839573908961], [-70.8781367630848, 43.08402622823068], [-70.87793844352063, 43.084158023876434], [-70.87780435263753, 43.08433161171234], [-70.87767421769604, 43.084340339912835], [-70.87738091096404, 43.08445391839152], [-70.8771932541923, 43.08449325346831], [-70.87687754190779, 43.084462178841946], [-70.8765054143458, 43.08449794672288], [-70.87615066028509, 43.08451365273699], [-70.87560777597865, 43.08470053413166], [-70.875067773726, 43.08483463041835], [-70.87429885532654, 43.08498236364471], [-70.87313351944816, 43.08510691962619]]]}, "properties": {"AREA": 1861753.7214, "PERIMETER": 7845.09140389, "DENSITY": "d", "HECTARES": 17.2963272302, "ACRES": 42.7399844216, "YEAR_": 2008.0}}, {"type": "Feature", "geometry": {"type": "Polygon", "coordinates": [[[-70.88000972309443, 43.084426731773235], [-70.87973497026756, 43.08440410114931], [-70.87949740031686, 43.08438628766476], [-70.87920110199518, 43.08438572618602], [-70.87895762171748, 43.08441687110109], [-70.87879358716164, 43.08438156094023], [-70.87848347723283, 43.08441379974236], [-70.878304471441, 43.08437330615755], [-70.87805817177747, 43.08431219937199], [-70.87780435263753, 43.08433161171234], [-70.87793844352063, 43.084158023876434], [-70.8781367630848, 43.08402622823068], [-70.87831452321562, 43.0839573908961], [-70.87851713414436, 43.08381893236205], [-70.87862238002799, 43.083731510861206], [-70.87875136892622, 43.083538230124844], [-70.87886596775499, 43.08331552205872], [-70.87905529371203, 43.0831838726167], [-70.87918498436198, 43.08301365109665], [-70.87928164257325, 43.08293955345395], [-70.87947374885401, 43.08275182627188], [-70.87950268931935, 43.08266895319418], [-70.87945730527672, 43.082508200073086], [-70.87952564846248, 43.08224340475637], [-70.87958983793249, 43.08213688116575], [-70.87985076389825, 43.08199416567885], [-70.88027893945501, 43.08173334407403], [-70.88052153333379, 43.08171003512729], [-70.88079869573191, 43.08156974962139], [-70.88104558067778, 43.08140824403454], [-70.88127765854172, 43.08124698194378], [-70.88142963175949, 43.08113047028023], [-70.88170071496083, 43.08103371581217], [-70.88194318382243, 43.08097000649486], [-70.88222283175324, 43.08091111355075], [-70.88247170425339, 43.080814722581394], [-70.88274195393647, 43.08069083359439], [-70.88307009446102, 43.0805225574264], [-70.8834054705441, 43.08034873263985], [-70.88361582875397, 43.08020411048961], [-70.88392275502895, 43.080068756780214], [-70.88415332354936, 43.079858651077515], [-70.88430528790347, 43.07974213549691], [-70.8844745521022, 43.07970677221565], [-70.88464531449975, 43.07972024632888], [-70.88483021649836, 43.079711770964416], [-70.88503666059576, 43.07968122378624], [-70.88521166249454, 43.07959147309917], [-70.88531721123928, 43.079410571154675], [-70.8853885748061, 43.079322528519896], [-70.88609240546836, 43.079088330119085], [-70.8866066859642, 43.07919386215587], [-70.88715714781452, 43.07927164966178], [-70.88771318132227, 43.079289621668096], [-70.88832561337999, 43.07924490304507], [-70.88852430962513, 43.07938413827582], [-70.88863130704947, 43.07955203374475], [-70.88888802667947, 43.07977174831967], [-70.88854473319816, 43.0800488738033], [-70.88845115645084, 43.08001648698792], [-70.88797114131884, 43.08036373230933], [-70.88758582674215, 43.080478674169], [-70.8870868792018, 43.08081265620555], [-70.88687821226058, 43.08095182687938], [-70.88664978700342, 43.08105060461702], [-70.88645608632365, 43.08107415912131], [-70.88626810002272, 43.08098224819639], [-70.88607419082521, 43.08099901792434], [-70.88564613753282, 43.08123002810188], [-70.88526414348401, 43.081453490096685], [-70.88498019126772, 43.08155317973212], [-70.88471141806656, 43.081544035897], [-70.88417719901426, 43.08163427349761], [-70.88371004206631, 43.08179805507908], [-70.88332990615001, 43.0820825586547], [-70.88323040051615, 43.08215884743263], [-70.88309960141926, 43.082120281953316], [-70.88284298834994, 43.082205943542334], [-70.88260758357377, 43.08237947947263], [-70.88254061693416, 43.08261132130975], [-70.88254539503131, 43.08276733107847], [-70.88266059724579, 43.08290116408026], [-70.88275853861907, 43.08307599982595], [-70.88264675581716, 43.08335608389803], [-70.88242330214267, 43.083617646912565], [-70.88226005261392, 43.08372891652681], [-70.88189363014945, 43.08385710105229], [-70.8815179518347, 43.08398543693047], [-70.88116015767878, 43.084093117750704], [-70.88083303053796, 43.08429530338978], [-70.88044788497281, 43.08441700495904], [-70.88000972309443, 43.084426731773235]]]}, "properties": {"AREA": 1906394.64267, "PERIMETER": 7816.60702634, "DENSITY": "h", "HECTARES": 17.7110566185, "ACRES": 43.7647989593, "YEAR_": 2008.0}}, {"type": "Feature", "geometry": {"type": "Polygon", "coordinates": [[[-70.88298467305167, 43.07880317269759], [-70.88319583713569, 43.07874540429467], [-70.88361712243011, 43.07859595282863], [-70.88417356410474, 43.07862750844564], [-70.88480756870078, 43.07877315290654], [-70.88538501600519, 43.07888579310056], [-70.88609240546836, 43.079088330119085], [-70.8853885748061, 43.079322528519896], [-70.88531721123928, 43.079410571154675], [-70.88521166249454, 43.07959147309917], [-70.88503666059576, 43.07968122378624], [-70.88483021649836, 43.079711770964416], [-70.88464531449975, 43.07972024632888], [-70.8844745521022, 43.07970677221565], [-70.88430528790347, 43.07974213549691], [-70.88415332354936, 43.079858651077515], [-70.88392275502895, 43.080068756780214], [-70.88361582875397, 43.08020411048961], [-70.8834054705441, 43.08034873263985], [-70.88307009446102, 43.0805225574264], [-70.88274195393647, 43.08069083359439], [-70.88247170425339, 43.080814722581394], [-70.88222283175324, 43.08091111355075], [-70.88194318382243, 43.08097000649486], [-70.88170071496083, 43.08103371581217], [-70.88142963175949, 43.08113047028023], [-70.88127765854172, 43.08124698194378], [-70.88104558067778, 43.08140824403454], [-70.88079869573191, 43.08156974962139], [-70.88052153333379, 43.08171003512729], [-70.88027893945501, 43.08173334407403], [-70.88047043322553, 43.0815258506474], [-70.88065964988171, 43.0813909040639], [-70.88094451069912, 43.08114891516244], [-70.88124855571974, 43.08094616197833], [-70.88137515388934, 43.08082213090264], [-70.88159189145851, 43.080558190510914], [-70.88170804486813, 43.080239872397726], [-70.881756785155, 43.07992266434426], [-70.881976211624, 43.07958052937863], [-70.88212635235911, 43.079404326243136], [-70.88228472518074, 43.07925513283986], [-70.88255214270555, 43.07903899439546], [-70.88273288794001, 43.07889486223628], [-70.88298467305167, 43.07880317269759]]]}, "properties": {"AREA": 544402.570687, "PERIMETER": 4096.35526686, "DENSITY": "sb", "HECTARES": 5.05768561079, "ACRES": 12.4977633307, "YEAR_": 2008.0}}, {"type": "Feature", "geometry": {"type": "Polygon", "coordinates": [[[-70.88031156123962, 43.08012367394206], [-70.88000107623701, 43.079900752161294], [-70.88047070331191, 43.07975730395497], [-70.88067582202521, 43.07968335250527], [-70.88085315523566, 43.07966957914411], [-70.88070184901125, 43.07980779572284], [-70.8805646819645, 43.07992406340123], [-70.88045022181706, 43.08005624423407], [-70.88031156123962, 43.08012367394206]]]}, "properties": {"AREA": 14826.0017687, "PERIMETER": 582.913053994, "DENSITY": "h", "HECTARES": 0.13773861449, "ACRES": 0.340358167326, "YEAR_": 2008.0}}, {"type": "Feature", "geometry": {"type": "Polygon", "coordinates": [[[-70.88113999088587, 43.07887763304965], [-70.88072793383527, 43.07896584592873], [-70.88020500013747, 43.07906130857061], [-70.87995264541092, 43.07904373918338], [-70.8803932524116, 43.078678172459895], [-70.88065718925736, 43.07834808387759], [-70.88094067277578, 43.07793080608952], [-70.88121974001425, 43.07761132582695], [-70.88157050381744, 43.07721465650435], [-70.88188308815442, 43.076780610607656], [-70.88215815817667, 43.076330893182885], [-70.882357115651, 43.07605616141345], [-70.88260947378082, 43.07559052895201], [-70.88297319350298, 43.0751339220923], [-70.88325781143185, 43.074754623873936], [-70.88370859716531, 43.07448117234329], [-70.88406464778029, 43.07425814271999], [-70.88450918901393, 43.07402279503811], [-70.88483088630215, 43.073887194914136], [-70.88521412713364, 43.07382658804913], [-70.8854519905694, 43.07385524310594], [-70.88572802847331, 43.073921272750354], [-70.88603484069449, 43.07402479815436], [-70.88643214370124, 43.07418112212052], [-70.88680707685965, 43.07433238547624], [-70.88713202796136, 43.07454419223821], [-70.88685091477386, 43.07455425804267], [-70.88660614664589, 43.07454200747472], [-70.8862347088758, 43.07450469892547], [-70.88592515306308, 43.07455323580236], [-70.88568878461157, 43.07457342028358], [-70.88548435502447, 43.07466908570161], [-70.8851702239485, 43.074809991755544], [-70.88487946155078, 43.074988516807025], [-70.88460300398728, 43.075150517400125], [-70.8844900572522, 43.07533154018726], [-70.88419222165864, 43.07552103759744], [-70.88383832607708, 43.07581461262811], [-70.8835325839072, 43.075987951230516], [-70.88325512096907, 43.07611739002669], [-70.88303571131902, 43.07620786797036], [-70.88282486578308, 43.076336210016734], [-70.88262308501642, 43.07651869275073], [-70.88249466140992, 43.07667825205584], [-70.88236573869445, 43.076821531981246], [-70.88231907299983, 43.0769906044103], [-70.88222865638421, 43.07718211317019], [-70.88203460529056, 43.077375326430506], [-70.8818839710198, 43.077535250319684], [-70.88190243063313, 43.077654388975425], [-70.8817866480485, 43.07774315998321], [-70.88164208645141, 43.07785955021284], [-70.88156564144532, 43.07802368315937], [-70.88153327942125, 43.078176231897615], [-70.88163183815809, 43.07825061864341], [-70.88176458537647, 43.078232147895186], [-70.88199190499138, 43.07815782964508], [-70.8821547615837, 43.07815515028739], [-70.88232485413101, 43.07814692219576], [-70.88258228129632, 43.07808839451459], [-70.88282772899504, 43.07812235942651], [-70.88305936920086, 43.07818912563494], [-70.8828695619451, 43.07827911640565], [-70.88234796727751, 43.07841800018149], [-70.88179891971032, 43.07862791219084], [-70.88142537275932, 43.07876435677556], [-70.88113999088587, 43.07887763304965]]]}, "properties": {"AREA": 647934.301579, "PERIMETER": 6528.10059354, "DENSITY": "sb", "HECTARES": 6.01953071179, "ACRES": 14.8745248296, "YEAR_": 2008.0}}, {"type": "Feature", "geometry": {"type": "Polygon", "coordinates": [[[-70.88580863447501, 43.07848013315437], [-70.88630905662318, 43.07844207014513], [-70.8868615421188, 43.07833358281068], [-70.88734841267951, 43.07829573885953], [-70.88793196017497, 43.07831592253543], [-70.88852814192757, 43.07830608237218], [-70.889294361977, 43.07809467994411], [-70.8896448177346, 43.07802926636267], [-70.89026840042347, 43.07802890184648], [-70.89110449738867, 43.07788589560093], [-70.8918478838479, 43.07781397855175], [-70.89266054450323, 43.077790599250875], [-70.89282772611469, 43.07793689528279], [-70.89286491703083, 43.07826421843419], [-70.8930237497929, 43.07857959072992], [-70.89309578031141, 43.07871752414082], [-70.89298484533056, 43.07907711030322], [-70.8930214268075, 43.07938456807526], [-70.89303182659509, 43.07972227154483], [-70.89279465824654, 43.0799448213671], [-70.89248606792756, 43.08004930223171], [-70.89201090237262, 43.08002734877785], [-70.89152188241206, 43.07999568578845], [-70.89097499605164, 43.079845727234144], [-70.89052571157922, 43.079783590651964], [-70.89009089368182, 43.079751025341075], [-70.88960187579676, 43.07971935416117], [-70.8891914101782, 43.07959694554185], [-70.88897003507711, 43.079451537970584], [-70.88928107058986, 43.07942652686891], [-70.88954992948379, 43.079352523510586], [-70.88997711006833, 43.07913677923076], [-70.89039195901775, 43.07896098703887], [-70.8907908126148, 43.078705957152806], [-70.89015856012193, 43.07886546810532], [-70.8893914169076, 43.079047079197785], [-70.88828247466697, 43.079134951144844], [-70.88734388069692, 43.07903119060515], [-70.88627816099164, 43.078760580250865], [-70.88580863447501, 43.07848013315437]]]}, "properties": {"AREA": 894244.689801, "PERIMETER": 5751.39649424, "DENSITY": "h", "HECTARES": 8.30783824996, "ACRES": 20.5290332829, "YEAR_": 2008.0}}, {"type": "Feature", "geometry": {"type": "Polygon", "coordinates": [[[-70.89339718649562, 43.07940995036992], [-70.89332540462381, 43.079614658705026], [-70.89327057501316, 43.07980636712256], [-70.89303741279146, 43.079842025272974], [-70.89303182659509, 43.07972227154483], [-70.8930214268075, 43.07938456807526], [-70.89298484533056, 43.07907711030322], [-70.89309578031141, 43.07871752414082], [-70.8931257909703, 43.078485880695794], [-70.8932872831058, 43.07809524744749], [-70.89340972224866, 43.07784518023258], [-70.89348287253534, 43.07768496968082], [-70.89359605099948, 43.07741597500097], [-70.89362564578445, 43.07725012493098], [-70.89382391692725, 43.07720868312323], [-70.89393620116113, 43.07747394471953], [-70.89392630022722, 43.07771578892062], [-70.89380836705199, 43.078112062457855], [-70.89379611486301, 43.078277625511674], [-70.89369773385206, 43.07846369397061], [-70.89378106716825, 43.07863403527866], [-70.8937351076471, 43.07883195646193], [-70.89368106314447, 43.07904909094649], [-70.89349713722389, 43.0792747356854], [-70.89339718649562, 43.07940995036992]]]}, "properties": {"AREA": 123078.649943, "PERIMETER": 2078.26227443, "DENSITY": "p", "HECTARES": 1.14344264765, "ACRES": 2.8254970143, "YEAR_": 2008.0}}, {"type": "Feature", "geometry": {"type": "Polygon", "coordinates": [[[-70.88882392501544, 43.07787309061243], [-70.88911627826958, 43.0777997736405], [-70.88946773700745, 43.077717648723635], [-70.88979807038493, 43.07762569627734], [-70.89008537232178, 43.077488661545786], [-70.89029589270204, 43.07733763067368], [-70.8905120991151, 43.077145801272565], [-70.89066962210607, 43.07707705400708], [-70.89087346116612, 43.07716018154322], [-70.89109117583152, 43.07724307870221], [-70.89134310738821, 43.07731014571333], [-70.89162200619532, 43.0773513261599], [-70.89187237412918, 43.07736753852283], [-70.89212227128543, 43.0773684930235], [-70.89239882327323, 43.07733339045277], [-70.89269618569121, 43.077297942781755], [-70.8931464812228, 43.07727013989951], [-70.89362564578445, 43.07725012493098], [-70.89359605099948, 43.07741597500097], [-70.89340972224866, 43.07784518023258], [-70.8932872831058, 43.07809524744749], [-70.8931257909703, 43.078485880695794], [-70.89309578031141, 43.07871752414082], [-70.89286491703083, 43.07826421843419], [-70.89282772611469, 43.07793689528279], [-70.89266054450323, 43.077790599250875], [-70.8918478838479, 43.07781397855175], [-70.89110449738867, 43.07788589560093], [-70.89026840042347, 43.07802890184648], [-70.8896448177346, 43.07802926636267], [-70.889294361977, 43.07809467994411], [-70.88852814192757, 43.07830608237218], [-70.88793196017497, 43.07831592253543], [-70.8877089613194, 43.0783063663172], [-70.8881351741236, 43.07817213184775], [-70.88853316704197, 43.07802309788427], [-70.88882392501544, 43.07787309061243]]]}, "properties": {"AREA": 290020.690995, "PERIMETER": 4006.9944691, "DENSITY": "sb", "HECTARES": 2.69439116319, "ACRES": 6.6579589301, "YEAR_": 2008.0}}, {"type": "Feature", "geometry": {"type": "Polygon", "coordinates": [[[-70.88956658844687, 43.07549248730222], [-70.88934209144013, 43.075302164518725], [-70.88900128305711, 43.07507158154047], [-70.88813383441457, 43.0745544275649], [-70.88872767512345, 43.07478083574169], [-70.88945798735594, 43.07495437056982], [-70.88982863651054, 43.07503260894097], [-70.89012846244236, 43.0750529640396], [-70.89070701564141, 43.07478188395615], [-70.89111070421221, 43.07443776684801], [-70.89152718799029, 43.07413561767644], [-70.89191149666956, 43.07390992309293], [-70.8923867778004, 43.0736489794493], [-70.89295692199381, 43.07347926031209], [-70.89348391268412, 43.073403049902616], [-70.89403520481078, 43.073368615617944], [-70.89433398410897, 43.07335523257372], [-70.89466570713927, 43.07329068617578], [-70.89475044358414, 43.073053071425825], [-70.89501211726267, 43.072955940004164], [-70.89523142314073, 43.07297761466732], [-70.89549491453212, 43.07293950539491], [-70.89571474095197, 43.07297804266878], [-70.89611208879694, 43.07280273539571], [-70.89609746804096, 43.072701745013326], [-70.89589856430189, 43.072595371884795], [-70.89575716873594, 43.072488045502695], [-70.89571694655383, 43.07230311803532], [-70.89556147986119, 43.07217637913417], [-70.89538094733176, 43.07199549467157], [-70.89509309256306, 43.07198971856096], [-70.89525436113136, 43.071855232433556], [-70.89570472794614, 43.071906823176754], [-70.89614047245124, 43.07185742084548], [-70.89672729292812, 43.07185612900742], [-70.89725738657054, 43.07188108315176], [-70.89776213769771, 43.07183053090999], [-70.89834275993809, 43.07165308955715], [-70.89878838841882, 43.071526673429545], [-70.89901394025982, 43.07175070496076], [-70.89934326479083, 43.07198144861034], [-70.89946869651044, 43.07231681048051], [-70.89946500955907, 43.07256995448261], [-70.89940668141554, 43.07291680353083], [-70.89956531702755, 43.073209433049406], [-70.89951588538177, 43.073471773362286], [-70.89935456457314, 43.07383720428602], [-70.89915717301454, 43.07415261769861], [-70.89882623177444, 43.0742424714937], [-70.89874124993032, 43.074471657568004], [-70.89845813456148, 43.07461977012304], [-70.89804954032458, 43.074803708204804], [-70.8977538793208, 43.07491828293909], [-70.89754419535197, 43.07520858821428], [-70.89712695471214, 43.075485464131724], [-70.89650761802321, 43.07592597449037], [-70.89609770920435, 43.076067746648654], [-70.89558714068916, 43.076303983438684], [-70.89492808134678, 43.076576421158485], [-70.8944831383745, 43.07670189595599], [-70.89384681293296, 43.076965515221175], [-70.89333389061538, 43.077125855934725], [-70.89248169060106, 43.07710621218485], [-70.89190528479556, 43.07707356623048], [-70.89145410469624, 43.07699666590975], [-70.8911383586004, 43.07683316359808], [-70.89078499603693, 43.07656904910923], [-70.89040681614, 43.07624629160532], [-70.88998004077669, 43.0758399741118], [-70.88956658844687, 43.07549248730222]]]}, "properties": {"AREA": 2955086.33036, "PERIMETER": 8719.80618701, "DENSITY": "h", "HECTARES": 27.4537601702, "ACRES": 67.8394474371, "YEAR_": 2008.0}}, {"type": "Feature", "geometry": {"type": "Polygon", "coordinates": [[[-70.87076166716511, 43.08124964345782], [-70.87083681653408, 43.08099166985394], [-70.87112632313715, 43.08036489134745], [-70.87142929549783, 43.079818677246564], [-70.87171662515408, 43.07948275800246], [-70.87190919338215, 43.078930270126975], [-70.87228261733145, 43.078164781307564], [-70.87268396547245, 43.077592717905965], [-70.87293749552992, 43.077233113539315], [-70.87324117705084, 43.07671111805935], [-70.87341932108026, 43.07640929685941], [-70.87360798606602, 43.07609114554775], [-70.87381474033384, 43.07564344205142], [-70.87389824146835, 43.075852115277826], [-70.87386452016626, 43.07619196425184], [-70.87373068256723, 43.07650113964159], [-70.87353124824615, 43.07682754567748], [-70.87329037691568, 43.07720688696472], [-70.87314778467066, 43.07761314625481], [-70.87306749745053, 43.077803800702405], [-70.87298874782766, 43.078044919752955], [-70.87284230722095, 43.07832501601233], [-70.87270201428343, 43.07880697250594], [-70.87250931889785, 43.079264541640065], [-70.8722496964258, 43.07978631961772], [-70.87200535930066, 43.08024473280678], [-70.87183255447904, 43.08079033314452], [-70.8715725363323, 43.08129949274477], [-70.87140887044198, 43.08157986878189], [-70.87144682477509, 43.0822608695237], [-70.87117527510033, 43.082391537840934], [-70.87073237171644, 43.08255025365443], [-70.87033764587592, 43.08259457585733], [-70.87014332391867, 43.08243365834916], [-70.87022055345875, 43.082142075112884], [-70.87037162205668, 43.082013379216306], [-70.87039759903352, 43.081735256626224], [-70.87052684700177, 43.08145544553604], [-70.87076166716511, 43.08124964345782]]]}, "properties": {"AREA": 451737.965642, "PERIMETER": 5616.88980933, "DENSITY": "h", "HECTARES": 4.19679981633, "ACRES": 10.3704767135, "YEAR_": 2008.0}}, {"type": "Feature", "geometry": {"type": "Polygon", "coordinates": [[[-70.87517692036536, 43.07333490920956], [-70.8755880638486, 43.073085814143866], [-70.87593097544618, 43.073128662658114], [-70.87638106928091, 43.0730728095794], [-70.8767873545162, 43.07302575297671], [-70.87721320012888, 43.072897588505285], [-70.87762704482526, 43.07273730474884], [-70.87810376395629, 43.07247096817068], [-70.87868765533729, 43.072105926772984], [-70.87933490777198, 43.071650978100585], [-70.87979738770028, 43.07127984761939], [-70.87996817483284, 43.071099314313614], [-70.8809490242287, 43.0707438947039], [-70.88145589241955, 43.07074363815512], [-70.88191500095041, 43.070622987357865], [-70.88255229979, 43.070564030517865], [-70.8828046203425, 43.0705275644107], [-70.88318080899087, 43.07057792216134], [-70.88352272132647, 43.070588449582864], [-70.88382390052921, 43.070612515718196], [-70.88400879879683, 43.070628916689], [-70.88442359972254, 43.070500907202685], [-70.88503688740546, 43.07037770425357], [-70.88566341380687, 43.07032698659467], [-70.88653570337627, 43.07038531164092], [-70.88727236315593, 43.07033276867252], [-70.88760251748256, 43.070319243306656], [-70.88790742133625, 43.07020111285527], [-70.88814550121334, 43.07005984920318], [-70.8884244096079, 43.06981289024393], [-70.88868228056599, 43.06959859307845], [-70.88900647644867, 43.06939127764456], [-70.88979148879447, 43.06911980080676], [-70.89041377754167, 43.06893179230236], [-70.89066608697462, 43.06889530876147], [-70.89088734286457, 43.068923965928406], [-70.89104798256275, 43.069131351324486], [-70.89123495830808, 43.06912018183067], [-70.89138591323135, 43.06901266577523], [-70.89137042982111, 43.06886750872576], [-70.89137672437406, 43.06871391347042], [-70.89181973217826, 43.06878737329908], [-70.89246495345846, 43.06898674252105], [-70.89286838491051, 43.06920626540794], [-70.89368453049251, 43.069588604472656], [-70.8941755789442, 43.06979051596369], [-70.89458680118005, 43.069904883412036], [-70.89444991485578, 43.07013145954407], [-70.89423740957947, 43.07038702700978], [-70.89419807674534, 43.070827148690206], [-70.89436159106667, 43.07127037322216], [-70.89351290861701, 43.07147830748792], [-70.89311701697146, 43.0715042481557], [-70.89211675147601, 43.07165651554807], [-70.89135524048311, 43.07154631517358], [-70.88998161143329, 43.07131050513419], [-70.8891227120635, 43.071473336582905], [-70.88840259964797, 43.07156277919395], [-70.8879450282489, 43.07158972001828], [-70.88752270032495, 43.071616077133385], [-70.88697404517153, 43.07154757532881], [-70.88610819855545, 43.071484299868814], [-70.88546341818788, 43.07144322645155], [-70.88508613374606, 43.07150114648377], [-70.88467261569613, 43.071527348013134], [-70.88399209455574, 43.07175829218508], [-70.8835058049416, 43.07199896025956], [-70.8826388570207, 43.07218772688201], [-70.8827678397278, 43.072657387686995], [-70.88278218976724, 43.072838109706524], [-70.88296513730415, 43.07305483355062], [-70.88301354568125, 43.07319621857705], [-70.88290612178706, 43.07343064735445], [-70.88295472795784, 43.07357849150962], [-70.88286492572274, 43.07381262954222], [-70.88268274894465, 43.07419693239594], [-70.88179732845921, 43.07493533406033], [-70.88071613830832, 43.07590314421091], [-70.87991044723174, 43.07694397094447], [-70.87922165333893, 43.07806042482223], [-70.87878278339572, 43.078700986391496], [-70.87826281924329, 43.07928471307227], [-70.87776336170067, 43.07967421696611], [-70.87733163399113, 43.07997212826407], [-70.8767589066559, 43.08027235117326], [-70.8762803482105, 43.08048054747074], [-70.87567644333078, 43.080626169394854], [-70.87495817206803, 43.08078012544121], [-70.87458239621286, 43.08088968850768], [-70.8739479599673, 43.0811909085677], [-70.87325926549985, 43.081447773378834], [-70.87308967720148, 43.08150414193701], [-70.87242535621974, 43.08176545009654], [-70.87184940119032, 43.0820333875643], [-70.87144682477509, 43.0822608695237], [-70.87140887044198, 43.08157986878189], [-70.8715725363323, 43.08129949274477], [-70.87183255447904, 43.08079033314452], [-70.87200535930066, 43.08024473280678], [-70.8722496964258, 43.07978631961772], [-70.87250931889785, 43.079264541640065], [-70.87270201428343, 43.07880697250594], [-70.87284230722095, 43.07832501601233], [-70.87298874782766, 43.078044919752955], [-70.87306749745053, 43.077803800702405], [-70.87314778467066, 43.07761314625481], [-70.87329037691568, 43.07720688696472], [-70.87353124824615, 43.07682754567748], [-70.87373068256723, 43.07650113964159], [-70.87386452016626, 43.07619196425184], [-70.87389824146835, 43.075852115277826], [-70.87381474033384, 43.07564344205142], [-70.87395639100174, 43.07522911881929], [-70.87416387866884, 43.07480563853539], [-70.87441419004666, 43.074341063121125], [-70.87465397554257, 43.073892817005095], [-70.87483185831606, 43.07358291898917], [-70.87517692036536, 43.07333490920956]]]}, "properties": {"AREA": 8044942.3228, "PERIMETER": 18356.9042942, "DENSITY": "d", "HECTARES": 74.740258802, "ACRES": 184.686462874, "YEAR_": 2008.0}}, {"type": "Feature", "geometry": {"type": "Polygon", "coordinates": [[[-70.87904128331186, 43.07155159061213], [-70.87996817483284, 43.071099314313614], [-70.87979738770028, 43.07127984761939], [-70.87933490777198, 43.071650978100585], [-70.87868765533729, 43.072105926772984], [-70.87810376395629, 43.07247096817068], [-70.87762704482526, 43.07273730474884], [-70.87721320012888, 43.072897588505285], [-70.8767873545162, 43.07302575297671], [-70.87638106928091, 43.0730728095794], [-70.87593097544618, 43.073128662658114], [-70.8755880638486, 43.073085814143866], [-70.87651843430794, 43.07271279341894], [-70.87725419979049, 43.072415828568595], [-70.87904128331186, 43.07155159061213]]]}, "properties": {"AREA": 140620.494552, "PERIMETER": 2818.41877073, "DENSITY": "h", "HECTARES": 1.30641236867, "ACRES": 3.22820235428, "YEAR_": 2008.0}}, {"type": "Feature", "geometry": {"type": "Polygon", "coordinates": [[[-70.8809490242287, 43.0707438947039], [-70.88200492386993, 43.07033559808982], [-70.88247745251294, 43.070256599320444], [-70.88364488625926, 43.070134504858196], [-70.8846037529022, 43.07007518633003], [-70.88602913869936, 43.06991716285885], [-70.88702478741911, 43.06982556289231], [-70.88799018447301, 43.0696276192971], [-70.88900647644867, 43.06939127764456], [-70.88868228056599, 43.06959859307845], [-70.8884244096079, 43.06981289024393], [-70.88814550121334, 43.07005984920318], [-70.88790742133625, 43.07020111285527], [-70.88760251748256, 43.070319243306656], [-70.88727236315593, 43.07033276867252], [-70.88653570337627, 43.07038531164092], [-70.88566341380687, 43.07032698659467], [-70.88503688740546, 43.07037770425357], [-70.88442359972254, 43.070500907202685], [-70.88400879879683, 43.070628916689], [-70.88382390052921, 43.070612515718196], [-70.88352272132647, 43.070588449582864], [-70.88318080899087, 43.07057792216134], [-70.8828046203425, 43.0705275644107], [-70.88255229979, 43.070564030517865], [-70.88191500095041, 43.070622987357865], [-70.88145589241955, 43.07074363815512], [-70.8809490242287, 43.0707438947039]]]}, "properties": {"AREA": 294855.241201, "PERIMETER": 4546.25227608, "DENSITY": "h", "HECTARES": 2.73930578396, "ACRES": 6.76894493114, "YEAR_": 2008.0}}, {"type": "Feature", "geometry": {"type": "Polygon", "coordinates": [[[-70.88704192948316, 43.06950477459231], [-70.88658068639081, 43.069599432970634], [-70.88607483250841, 43.06964734222635], [-70.88546169776524, 43.06971680223087], [-70.88510639802116, 43.06974639941305], [-70.88485128818726, 43.06969916348283], [-70.88479540481462, 43.069636774006945], [-70.88497014453803, 43.069527059719746], [-70.8852062824327, 43.06948359962033], [-70.88546399807586, 43.06943978404917], [-70.88568861804535, 43.06937277169548], [-70.88593099906211, 43.069356905768345], [-70.88626950561654, 43.06930779930531], [-70.88653752250022, 43.069247983669214], [-70.88694384830589, 43.06912257620408], [-70.88737726450239, 43.06900067787882], [-70.8877567373798, 43.06887966737348], [-70.88823930625618, 43.06877673818826], [-70.8885987775953, 43.068707494879085], [-70.88905546580119, 43.068640601602176], [-70.889687488615, 43.068483759282664], [-70.88916257377099, 43.06878919363892], [-70.8888023243598, 43.06900881273321], [-70.88835884988728, 43.069154623869665], [-70.88792689141859, 43.06932398517926], [-70.88761069119755, 43.06939646989203], [-70.88732625031675, 43.06944864453108], [-70.88704192948316, 43.06950477459231]]]}, "properties": {"AREA": 152637.509777, "PERIMETER": 2816.75124117, "DENSITY": "h", "HECTARES": 1.41805453985, "ACRES": 3.50407506376, "YEAR_": 2008.0}}, {"type": "Feature", "geometry": {"type": "Polygon", "coordinates": [[[-70.88620336691251, 43.068735144845206], [-70.88589637904107, 43.068756032749754], [-70.88552181270347, 43.06886112870519], [-70.8852699796772, 43.068920675309485], [-70.88485031681786, 43.068963202299834], [-70.88463897058834, 43.068935029660935], [-70.884707884197, 43.068894325370145], [-70.88493310987766, 43.0688470888935], [-70.88521167224572, 43.06877918932652], [-70.8855022340437, 43.06875065947328], [-70.88580334297798, 43.068714040882305], [-70.88604341522729, 43.068623032317596], [-70.88636688391735, 43.068435683170264], [-70.886780231046, 43.06818749789227], [-70.88713345710772, 43.068090663545895], [-70.88768050863189, 43.06797876024277], [-70.88827119693957, 43.067881960623374], [-70.8885239940627, 43.067854046558466], [-70.88889006949623, 43.06782426173611], [-70.88904771458404, 43.06786122707438], [-70.88909341957576, 43.06794356674611], [-70.8890390644187, 43.068106695686865], [-70.88889106453836, 43.06820806083309], [-70.88864608955488, 43.06831498392716], [-70.88842074672702, 43.06835827251201], [-70.88813533910006, 43.06837881089889], [-70.88770744408473, 43.06850457808816], [-70.88728814972966, 43.068558978874556], [-70.88694879822914, 43.06858040441601], [-70.886529382228, 43.06863084717827], [-70.88620336691251, 43.068735144845206]]]}, "properties": {"AREA": 137269.779361, "PERIMETER": 2605.34787713, "DENSITY": "h", "HECTARES": 1.2752830814, "ACRES": 3.15128051792, "YEAR_": 2008.0}}, {"type": "Feature", "geometry": {"type": "Polygon", "coordinates": [[[-70.891695881271, 43.068331859921486], [-70.89212376714042, 43.06820607774139], [-70.8928046904534, 43.06806027998647], [-70.89326676297185, 43.06799328117254], [-70.89379859273797, 43.067913254604505], [-70.89431999848628, 43.06784526869457], [-70.89469170805391, 43.067823286138434], [-70.89509480597897, 43.067769126167505], [-70.89550881361053, 43.06771874246377], [-70.89588445243884, 43.0676492071193], [-70.89622784728891, 43.06758416310939], [-70.89654622246752, 43.06758284233149], [-70.89672544910503, 43.06761943914383], [-70.89675559094911, 43.067721818492814], [-70.89674907163884, 43.06786041676421], [-70.8966184878687, 43.068001071568375], [-70.89646141944155, 43.06815799303422], [-70.89627774612188, 43.06832722672813], [-70.89600444227212, 43.06856521134736], [-70.89572415748597, 43.06875187232256], [-70.89547782104644, 43.06898940902584], [-70.89515227512565, 43.06928365340265], [-70.89488618659085, 43.06958086961546], [-70.89479457283514, 43.06976044527556], [-70.89458680118005, 43.069904883412036], [-70.8941755789442, 43.06979051596369], [-70.89368453049251, 43.069588604472656], [-70.89286838491051, 43.06920626540794], [-70.89246495345846, 43.06898674252105], [-70.89181973217826, 43.06878737329908], [-70.89137672437406, 43.06871391347042], [-70.89137042982111, 43.06886750872576], [-70.89138591323135, 43.06901266577523], [-70.89123495830808, 43.06912018183067], [-70.89104798256275, 43.069131351324486], [-70.89088734286457, 43.068923965928406], [-70.89066608697462, 43.06889530876147], [-70.89041377754167, 43.06893179230236], [-70.89096563177289, 43.06862882753634], [-70.891695881271, 43.068331859921486]]]}, "properties": {"AREA": 651706.726742, "PERIMETER": 4225.65374343, "DENSITY": "h", "HECTARES": 6.05457782856, "ACRES": 14.9611277948, "YEAR_": 2008.0}}, {"type": "Feature", "geometry": {"type": "Polygon", "coordinates": [[[-70.89427628823117, 43.07197232164205], [-70.89415333377222, 43.071813609579124], [-70.89408095283792, 43.07165406052266], [-70.89436159106667, 43.07127037322216], [-70.89419807674534, 43.070827148690206], [-70.89447636387229, 43.07052846278649], [-70.89483313678737, 43.07006504211954], [-70.89510771343565, 43.0696709898275], [-70.89572385569598, 43.06914144254705], [-70.89615261208402, 43.068825207432205], [-70.89662869439792, 43.0684030807952], [-70.89692480730001, 43.06812690928243], [-70.89719753848595, 43.068083745263685], [-70.89752199331271, 43.068008810457066], [-70.89780406682023, 43.06792684866674], [-70.89809929764252, 43.06792967894236], [-70.8983806539269, 43.06782454252757], [-70.89864117771083, 43.06772748048618], [-70.89907122143893, 43.06765851584085], [-70.89938489664706, 43.06757602578348], [-70.89970934621101, 43.06750108472706], [-70.89999403882231, 43.067504085227114], [-70.90030242884164, 43.06759170148055], [-70.90047457510123, 43.06770476602802], [-70.90051143418997, 43.06787417496585], [-70.90065388556849, 43.068049557613016], [-70.90086050511987, 43.068254787728584], [-70.90110783647522, 43.068412970990536], [-70.90142891727201, 43.06856992760201], [-70.90166475958262, 43.06869738769375], [-70.90180411103813, 43.06877235394817], [-70.90203852114522, 43.068853466931984], [-70.90217835055854, 43.06894388091008], [-70.9021189604247, 43.06906852119402], [-70.902038737231, 43.069201235324776], [-70.90201262570575, 43.069379419022674], [-70.90178991902043, 43.06967679446406], [-70.90156362720218, 43.06985830630178], [-70.90127149231286, 43.0699559007622], [-70.90090226264391, 43.06994658032098], [-70.90050023169528, 43.069899162051435], [-70.89999356067902, 43.06987666537755], [-70.89962528598073, 43.06989823718189], [-70.8992706487533, 43.07002004950453], [-70.89892101832015, 43.07030407023562], [-70.89877371529312, 43.070654286433445], [-70.89873367757811, 43.07106454837999], [-70.89878838841882, 43.071526673429545], [-70.89834275993809, 43.07165308955715], [-70.89776213769771, 43.07183053090999], [-70.89725738657054, 43.07188108315176], [-70.89672729292812, 43.07185612900742], [-70.89614047245124, 43.07185742084548], [-70.89570472794614, 43.071906823176754], [-70.89525436113136, 43.071855232433556], [-70.89509309256306, 43.07198971856096], [-70.89487031165574, 43.072092318144044], [-70.89467815929517, 43.07215114381496], [-70.89448315155782, 43.07211727823468], [-70.89427628823117, 43.07197232164205]]]}, "properties": {"AREA": 1982315.3241, "PERIMETER": 6256.41601081, "DENSITY": "sb", "HECTARES": 18.4163856502, "ACRES": 45.5076979821, "YEAR_": 2008.0}}, {"type": "Feature", "geometry": {"type": "Polygon", "coordinates": [[[-70.886322041341, 43.0734874684834], [-70.88558053682554, 43.07339781059297], [-70.88501540189097, 43.0734151253337], [-70.88435826049489, 43.07341547849551], [-70.8836354967403, 43.07360542455243], [-70.88268274894465, 43.07419693239594], [-70.88286492572274, 43.07381262954222], [-70.88295472795784, 43.07357849150962], [-70.88290612178706, 43.07343064735445], [-70.88301354568125, 43.07319621857705], [-70.88296513730415, 43.07305483355062], [-70.88278218976724, 43.072838109706524], [-70.8827678397278, 43.072657387686995], [-70.8826388570207, 43.07218772688201], [-70.8835058049416, 43.07199896025956], [-70.88399209455574, 43.07175829218508], [-70.88467261569613, 43.071527348013134], [-70.88508613374606, 43.07150114648377], [-70.88546341818788, 43.07144322645155], [-70.88610819855545, 43.071484299868814], [-70.88697404517153, 43.07154757532881], [-70.88752270032495, 43.071616077133385], [-70.8879450282489, 43.07158972001828], [-70.88840259964797, 43.07156277919395], [-70.8891227120635, 43.071473336582905], [-70.88998161143329, 43.07131050513419], [-70.89135524048311, 43.07154631517358], [-70.89211675147601, 43.07165651554807], [-70.89311701697146, 43.0715042481557], [-70.89351290861701, 43.07147830748792], [-70.89436159106667, 43.07127037322216], [-70.89408095283792, 43.07165406052266], [-70.89415333377222, 43.071813609579124], [-70.89427628823117, 43.07197232164205], [-70.89448315155782, 43.07211727823468], [-70.89467815929517, 43.07215114381496], [-70.89487031165574, 43.072092318144044], [-70.89509309256306, 43.07198971856096], [-70.89538094733176, 43.07199549467157], [-70.89556147986119, 43.07217637913417], [-70.89571694655383, 43.07230311803532], [-70.89575716873594, 43.072488045502695], [-70.89589856430189, 43.072595371884795], [-70.89609746804096, 43.072701745013326], [-70.89611208879694, 43.07280273539571], [-70.89571474095197, 43.07297804266878], [-70.89549491453212, 43.07293950539491], [-70.89523142314073, 43.07297761466732], [-70.89501211726267, 43.072955940004164], [-70.89475044358414, 43.073053071425825], [-70.89466570713927, 43.07329068617578], [-70.89433398410897, 43.07335523257372], [-70.89403520481078, 43.073368615617944], [-70.89348391268412, 43.073403049902616], [-70.89295692199381, 43.07347926031209], [-70.8923867778004, 43.0736489794493], [-70.89191149666956, 43.07390992309293], [-70.89152718799029, 43.07413561767644], [-70.89111070421221, 43.07443776684801], [-70.89071728746696, 43.074653584295625], [-70.89019436772256, 43.0747748329257], [-70.88985092328842, 43.07478586938698], [-70.88946081272066, 43.07470651773306], [-70.88919284641119, 43.07455543897788], [-70.88885809636135, 43.07437328848627], [-70.8884625571072, 43.07411706971862], [-70.88816551680429, 43.07397183000726], [-70.8876322313331, 43.07375541697538], [-70.8870934489344, 43.073598076711185], [-70.886322041341, 43.0734874684834]]]}, "properties": {"AREA": 2708567.89008, "PERIMETER": 9063.2296019, "DENSITY": "p", "HECTARES": 25.1635197574, "ACRES": 62.1801627658, "YEAR_": 2008.0}}, {"type": "Feature", "geometry": {"type": "Polygon", "coordinates": [[[-70.90378852441224, 43.06689552884111], [-70.90366588090691, 43.06682192670993], [-70.90330549736738, 43.06665982717708], [-70.90303742681355, 43.06651720276566], [-70.90313403509442, 43.06649038072974], [-70.9035087510452, 43.06637488425704], [-70.90385911945624, 43.066213564396456], [-70.90402564849727, 43.06603849445501], [-70.90422173032563, 43.065892349870474], [-70.9043465841551, 43.0660373553617], [-70.90439175765911, 43.06620049665094], [-70.90441935551922, 43.066351323641406], [-70.904469346666, 43.06648496893989], [-70.90446752026627, 43.06661107138919], [-70.9044253331747, 43.06672944085279], [-70.90450292787267, 43.06682900619388], [-70.90451828858109, 43.06695482253349], [-70.90441425466848, 43.067112043360304], [-70.90428040524272, 43.06723193914282], [-70.90415567882954, 43.06709113371523], [-70.9039469719369, 43.06701476109138], [-70.90378852441224, 43.06689552884111]]]}, "properties": {"AREA": 88439.8086625, "PERIMETER": 1355.0917564, "DENSITY": "p", "HECTARES": 0.821635994717, "ACRES": 2.0302986378, "YEAR_": 2008.0}}, {"type": "Feature", "geometry": {"type": "Polygon", "coordinates": [[[-70.90171428226026, 43.06747213841797], [-70.90121863163017, 43.0671988158037], [-70.90078652146848, 43.06694124518248], [-70.90049372236564, 43.066740192585826], [-70.9000941557695, 43.066608149780095], [-70.89971893281029, 43.06652192858978], [-70.89966698517588, 43.06651018436076], [-70.89995878022981, 43.066307825300406], [-70.90073232003286, 43.06592936677138], [-70.9011828241066, 43.06566973706645], [-70.90148710526678, 43.065500786126044], [-70.90184359324556, 43.06535197788909], [-70.90219422154577, 43.06519906425483], [-70.90245865763231, 43.06503917831415], [-70.9027285616856, 43.064870795613665], [-70.90302046970656, 43.064672629585644], [-70.90313712062473, 43.06473792805004], [-70.90334047915479, 43.064826997503474], [-70.90360294552032, 43.064973916355555], [-70.90384835620388, 43.06512532164532], [-70.90406642584881, 43.06531920563348], [-70.90418945825698, 43.0654054077245], [-70.90434920298277, 43.06556664249251], [-70.90441026138687, 43.06568749552973], [-70.90434489906697, 43.06579784588549], [-70.90422173032563, 43.065892349870474], [-70.90402564849727, 43.06603849445501], [-70.90385911945624, 43.066213564396456], [-70.9035087510452, 43.06637488425704], [-70.90303742681355, 43.06651720276566], [-70.9027240357716, 43.06657704676056], [-70.90245556611723, 43.066606725686874], [-70.90233838049983, 43.066709531977466], [-70.90229709831243, 43.06685730240942], [-70.90227352105055, 43.0670215884527], [-70.90230137307263, 43.06718081704388], [-70.90243299467139, 43.06735933154182], [-70.90255979632985, 43.06756734263554], [-70.9026182431928, 43.067789097280304], [-70.90265937478067, 43.06800693849896], [-70.90264126765051, 43.068162728465694], [-70.9023540558522, 43.06795738458121], [-70.90208377179886, 43.06774335398342], [-70.90171428226026, 43.06747213841797]], [[-70.90221620170512, 43.06553909373074], [-70.90228846532386, 43.06546645080624], [-70.90189864515402, 43.065649433798704], [-70.90122784358269, 43.06601358537613], [-70.90065872228503, 43.06632981747817], [-70.90051237136231, 43.06641629755203], [-70.90078837270973, 43.06663023693986], [-70.90101060968586, 43.066773628453014], [-70.90123232747939, 43.06690021812245], [-70.90135457983317, 43.06696122246501], [-70.90153580778987, 43.06707587734109], [-70.90166951805949, 43.06713669060694], [-70.90177093459451, 43.067265278953435], [-70.90192300053666, 43.067363609170215], [-70.90202780831666, 43.0674164973645], [-70.90203236780395, 43.067378600376415], [-70.90192965195497, 43.06720800919028], [-70.90186130960981, 43.06703684739818], [-70.90174778620474, 43.066887447453084], [-70.90159468228046, 43.06675551598289], [-70.90148779851232, 43.066635422655814], [-70.90143846223742, 43.06652277854124], [-70.90148065492458, 43.066404409317535], [-70.9015530511181, 43.066335967916416], [-70.90170694649443, 43.06630819515257], [-70.90174119229245, 43.066302216547], [-70.90186657150849, 43.06628032725036], [-70.90199195336453, 43.066257230715394], [-70.90206499754599, 43.06620978961656], [-70.90211382753044, 43.066120726993546], [-70.90212698626054, 43.065990234579814], [-70.90213545614256, 43.06589343813971], [-70.9021309088174, 43.06574642915787], [-70.90216763135476, 43.06563655666183], [-70.90221620170512, 43.06553909373074]]]}, "properties": {"AREA": 514305.567002, "PERIMETER": 5927.44413882, "DENSITY": "h", "HECTARES": 4.77807417862, "ACRES": 11.8068311984, "YEAR_": 2008.0}}, {"type": "Feature", "geometry": {"type": "Polygon", "coordinates": [[[-70.90189864515402, 43.065649433798704], [-70.90228846532386, 43.06546645080624], [-70.90221620170512, 43.06553909373074], [-70.90216763135476, 43.06563655666183], [-70.9021309088174, 43.06574642915787], [-70.90213545614256, 43.06589343813971], [-70.90211382753044, 43.066120726993546], [-70.90206499754599, 43.06620978961656], [-70.90199195336453, 43.066257230715394], [-70.90174119229245, 43.066302216547], [-70.90170694649443, 43.06630819515257], [-70.9015530511181, 43.066335967916416], [-70.90148065492458, 43.066404409317535], [-70.90143846223742, 43.06652277854124], [-70.90148779851232, 43.066635422655814], [-70.90159468228046, 43.06675551598289], [-70.90174778620474, 43.066887447453084], [-70.90186130960981, 43.06703684739818], [-70.90192965195497, 43.06720800919028], [-70.90203236780395, 43.067378600376415], [-70.90202780831666, 43.0674164973645], [-70.90192300053666, 43.067363609170215], [-70.90177093459451, 43.067265278953435], [-70.90166951805949, 43.06713669060694], [-70.90153580778987, 43.06707587734109], [-70.90135457983317, 43.06696122246501], [-70.90123232747939, 43.06690021812245], [-70.90101060968586, 43.066773628453014], [-70.90078837270973, 43.06663023693986], [-70.90051237136231, 43.06641629755203], [-70.90065872228503, 43.06632981747817], [-70.90122784358269, 43.06601358537613], [-70.90189864515402, 43.065649433798704]]]}, "properties": {"AREA": 109768.191836, "PERIMETER": 2011.36498645, "DENSITY": "p", "HECTARES": 1.01978395082, "ACRES": 2.51993094206, "YEAR_": 2008.0}}, {"type": "Feature", "geometry": {"type": "Polygon", "coordinates": [[[-70.90892385967526, 43.0614870289874], [-70.90893614597981, 43.061579026054595], [-70.90898456265393, 43.06161970907126], [-70.90907882290763, 43.06161813583145], [-70.90925063131039, 43.06158299831114], [-70.90934988778977, 43.06153985055052], [-70.90938924116372, 43.06169363299207], [-70.90899342906282, 43.0619053879005], [-70.90860853774183, 43.06206394389146], [-70.90811781630914, 43.06225653443682], [-70.9078036154428, 43.062363197351175], [-70.90804540434071, 43.06215170926384], [-70.90834474464633, 43.061870110228746], [-70.90856132252019, 43.061656736450864], [-70.90867421239689, 43.06144509333966], [-70.90877161045573, 43.06134204587889], [-70.90884379990348, 43.061237113885994], [-70.90894899138965, 43.06138518704485], [-70.90892385967526, 43.0614870289874]]]}, "properties": {"AREA": 47155.848778, "PERIMETER": 1301.9418447, "DENSITY": "h", "HECTARES": 0.4380939229, "ACRES": 1.08254932916, "YEAR_": 2008.0}}, {"type": "Feature", "geometry": {"type": "Polygon", "coordinates": [[[-70.86270304940206, 43.081975441692116], [-70.86257680018366, 43.0820577104826], [-70.86242424276269, 43.08212153359272], [-70.86231536560057, 43.08213982020636], [-70.86224630866178, 43.082091401260435], [-70.8622600355638, 43.082013323378305], [-70.86231629820277, 43.08195814570646], [-70.86236205207946, 43.0818748289594], [-70.86236605693325, 43.08179455024804], [-70.86240215987442, 43.08171138978769], [-70.86239980191137, 43.08163357419742], [-70.86246828827313, 43.081556964938045], [-70.86254027695303, 43.08148973470988], [-70.86260526050572, 43.08140374448901], [-70.86273415401439, 43.081302559369824], [-70.86287041008936, 43.081231923239784], [-70.86300123244322, 43.081194404376056], [-70.86314520784737, 43.08116610894571], [-70.86324500375788, 43.08116684206894], [-70.86335838207924, 43.081190946791864], [-70.86346268247611, 43.08123407287474], [-70.86349642470057, 43.08128542619518], [-70.8635212312144, 43.081360517017714], [-70.86346640000657, 43.0814628566139], [-70.8634138560541, 43.08153448887966], [-70.8632127605483, 43.081695831402925], [-70.86292459246785, 43.081851513916526], [-70.86270304940206, 43.081975441692116]]]}, "properties": {"AREA": 61609.3718421, "PERIMETER": 1054.81330065, "DENSITY": "d", "HECTARES": 0.572372083149, "ACRES": 1.41435656203, "YEAR_": 2008.0}}, {"type": "Feature", "geometry": {"type": "Polygon", "coordinates": [[[-70.86391075220496, 43.07955881007064], [-70.86384355595497, 43.07946553663528], [-70.86379194349625, 43.079355494495495], [-70.8637283923875, 43.07917015206751], [-70.86365426176219, 43.07895431173973], [-70.86369858161277, 43.07892999705809], [-70.86377521398938, 43.07901604009494], [-70.86382253743098, 43.07909076407304], [-70.86396243387027, 43.07914038746106], [-70.86409103595707, 43.07924209665211], [-70.86414279238313, 43.07935685470868], [-70.86412713848398, 43.079477430308366], [-70.86411126986552, 43.0795909309384], [-70.86406459030661, 43.07964359417464], [-70.8639996089369, 43.07962342037509], [-70.86391075220496, 43.07955881007064]]]}, "properties": {"AREA": 15608.1662239, "PERIMETER": 610.95990714, "DENSITY": "sb", "HECTARES": 0.145005189123, "ACRES": 0.358314192469, "YEAR_": 2008.0}}, {"type": "Feature", "geometry": {"type": "Polygon", "coordinates": [[[-70.86365426176219, 43.07895431173973], [-70.86351686786469, 43.07888105472629], [-70.86346768721414, 43.07874502206575], [-70.86347676521028, 43.07861983567295], [-70.86351014827892, 43.07855323397687], [-70.86348291334934, 43.078504134405854], [-70.86345117420177, 43.07841264166402], [-70.86344223924894, 43.078330215170844], [-70.86345167527853, 43.078216818885], [-70.86348691621629, 43.07810536173464], [-70.86355103763749, 43.07799107462738], [-70.86362738177813, 43.077961520747586], [-70.86372395577064, 43.07796230645114], [-70.8637453299403, 43.07803037533531], [-70.8637382527419, 43.07811542234503], [-70.8637591266001, 43.078166985073096], [-70.86381509880589, 43.07820853942612], [-70.86384226273951, 43.07825528090245], [-70.86386020576596, 43.07831632784261], [-70.86385305755199, 43.07839901683709], [-70.86383304232614, 43.07848191531052], [-70.86378321776034, 43.07853698951107], [-70.8637859343077, 43.078626595231924], [-70.86383990562742, 43.078708288083995], [-70.86380766709863, 43.078812619124044], [-70.86373539600194, 43.0788704172239], [-70.86369858161277, 43.07892999705809], [-70.86365426176219, 43.07895431173973]]]}, "properties": {"AREA": 29390.3948289, "PERIMETER": 824.743286297, "DENSITY": "h", "HECTARES": 0.273046794827, "ACRES": 0.67471062509, "YEAR_": 2008.0}}, {"type": "Feature", "geometry": {"type": "Polygon", "coordinates": [[[-70.86494401319136, 43.076911446612144], [-70.86486316373905, 43.076792445102264], [-70.86474964743772, 43.07665746090138], [-70.86450460471116, 43.07643025226174], [-70.86429580532851, 43.076336926989015], [-70.86409429724354, 43.07627179329759], [-70.86393968249791, 43.076161071014], [-70.86389136031646, 43.0760533338477], [-70.86394239768178, 43.0759321827784], [-70.86402774552302, 43.075775084082586], [-70.86408113960512, 43.07551941863751], [-70.86409671972365, 43.07518415587263], [-70.86403831951071, 43.074956263899566], [-70.8639982887389, 43.07480356696327], [-70.86407327086681, 43.0747292094016], [-70.86417126910966, 43.07467099195863], [-70.86419878799073, 43.074517194400194], [-70.86423874351374, 43.074349039156694], [-70.8643474615151, 43.07421986951996], [-70.86447304927823, 43.07411637631208], [-70.86451808021155, 43.07400947829446], [-70.86463773183526, 43.073816431268504], [-70.86489912461123, 43.07352198667459], [-70.86509339858118, 43.073348956761215], [-70.86515165090098, 43.073253638048], [-70.86518495524892, 43.07307851270697], [-70.86527222771161, 43.07298508048208], [-70.86534591728312, 43.07286827760424], [-70.86533183335249, 43.07272223582941], [-70.86535127137105, 43.072620472785815], [-70.86531860321072, 43.072498326171285], [-70.86535491253957, 43.07242223954963], [-70.86532667600652, 43.07234012713674], [-70.86535026192058, 43.07226896621399], [-70.86543374455728, 43.07215672184496], [-70.86554710381695, 43.072074660151436], [-70.86563459143292, 43.07209446584336], [-70.86584080547804, 43.072209063953096], [-70.86603143913771, 43.07234042980699], [-70.86618004510369, 43.07246540276017], [-70.86636367388905, 43.072578009201585], [-70.86652614906514, 43.07273578515884], [-70.86662794109981, 43.07290870582933], [-70.8665985734868, 43.0731073587341], [-70.86667985023877, 43.07324050811271], [-70.8667059448176, 43.07335804275471], [-70.86674962661293, 43.07352483472925], [-70.86675071644703, 43.07387869930503], [-70.86677132037678, 43.07423932275235], [-70.86675267569952, 43.074473189292355], [-70.86673267109622, 43.07466225340071], [-70.86665484358385, 43.07496078421351], [-70.86650875233735, 43.0752368368135], [-70.86630918763906, 43.07544770363691], [-70.8661960424115, 43.07564300506691], [-70.86607031612769, 43.07584794819606], [-70.86599483810916, 43.07601196500125], [-70.86589513071794, 43.076225920550726], [-70.8658355200802, 43.07638260124552], [-70.86582594513965, 43.07649128085435], [-70.86582781016385, 43.07665875530494], [-70.86580744464416, 43.076836028146786], [-70.86577528169468, 43.07694271692887], [-70.86568922089818, 43.07707623670228], [-70.865670496408, 43.0772015808257], [-70.86554319135534, 43.07735464681192], [-70.86544583451463, 43.07743408847607], [-70.86535562227782, 43.07743084092808], [-70.86523166963858, 43.07737624048958], [-70.86518177080747, 43.077216627391714], [-70.86513823694395, 43.07716071594738], [-70.86503873106098, 43.0770632516527], [-70.86494401319136, 43.076911446612144]]]}, "properties": {"AREA": 872664.585042, "PERIMETER": 4435.30544686, "DENSITY": "sb", "HECTARES": 8.10735171445, "ACRES": 20.0336222461, "YEAR_": 2008.0}}, {"type": "Feature", "geometry": {"type": "Polygon", "coordinates": [[[-70.86089887315707, 43.0711783681109], [-70.8607031007983, 43.07119570828627], [-70.86049589436197, 43.07115425274267], [-70.86028090045902, 43.07106809843872], [-70.86011822562818, 43.0710094046597], [-70.85996434472398, 43.07092225642688], [-70.8598733655602, 43.07078690045499], [-70.85972856974757, 43.070574565678626], [-70.85994241429545, 43.07072915670472], [-70.86015861825554, 43.07085539896766], [-70.86044172638805, 43.07095931921783], [-70.86075314117602, 43.07104154529745], [-70.86094890850191, 43.07113037004619], [-70.86089887315707, 43.0711783681109]]]}, "properties": {"AREA": 17016.473151, "PERIMETER": 828.200658722, "DENSITY": "h", "HECTARES": 0.158088840936, "ACRES": 0.390644470868, "YEAR_": 2008.0}}, {"type": "Feature", "geometry": {"type": "Polygon", "coordinates": [[[-70.8625343455655, 43.06939649574159], [-70.86235094444878, 43.0693971223617], [-70.86207798886697, 43.0693095558213], [-70.86171676660183, 43.06917624086333], [-70.86150463765337, 43.069078246655415], [-70.8613401063897, 43.06906440920112], [-70.86114805678719, 43.06909820340294], [-70.8609853818898, 43.06914567502339], [-70.86079633261231, 43.069172342473465], [-70.86059670764223, 43.069168511448154], [-70.86038121560296, 43.06917201621629], [-70.86025177927739, 43.069148169824615], [-70.86011148014506, 43.06908439296031], [-70.85997061222837, 43.06900175172398], [-70.85982123645688, 43.068956995747286], [-70.85969501584036, 43.06893309578526], [-70.85958917148024, 43.068838088888235], [-70.85955351457078, 43.06872306676804], [-70.85960269242939, 43.06864677203624], [-70.85976207982478, 43.068596997285894], [-70.86001909696151, 43.068583381431154], [-70.86028904989729, 43.068571914824616], [-70.86062225234099, 43.068630194777015], [-70.8608949885209, 43.06871069067863], [-70.86130781454257, 43.06874172146934], [-70.86159242095115, 43.06868282906967], [-70.86193005837666, 43.06867497541829], [-70.86208072403541, 43.06865600805355], [-70.86228592342925, 43.0686314350577], [-70.86250512975143, 43.06864438075596], [-70.86259911503547, 43.06866644253275], [-70.8625976133336, 43.068723089070176], [-70.86255923003137, 43.06883695628678], [-70.86251670140287, 43.06892022126109], [-70.86247724676456, 43.068998717159744], [-70.86247717384924, 43.06910252420943], [-70.86244286482288, 43.06913847139982], [-70.86242277982561, 43.06921901174565], [-70.86246737675792, 43.069310294617964], [-70.8625343455655, 43.06939649574159]]]}, "properties": {"AREA": 142028.64344, "PERIMETER": 2035.08745159, "DENSITY": "sb", "HECTARES": 1.31949455224, "ACRES": 3.2605290046, "YEAR_": 2008.0}}, {"type": "Feature", "geometry": {"type": "Polygon", "coordinates": [[[-70.85773863503553, 43.06840338841251], [-70.85752115095366, 43.06834086214592], [-70.85720925567107, 43.06824212028364], [-70.85716559235662, 43.06818148977007], [-70.85725401000968, 43.068125792073026], [-70.85751974783578, 43.068081370660465], [-70.85770064136486, 43.06810438490715], [-70.85792770253447, 43.06816439595487], [-70.85808464806628, 43.06824677885109], [-70.85821614913756, 43.06833901227739], [-70.85835737021004, 43.06843344579326], [-70.85851038784989, 43.06849229983249], [-70.85848608263485, 43.068539879066], [-70.85830582821148, 43.06853808919087], [-70.85813444003689, 43.06851020297376], [-70.85789150896667, 43.06845752721537], [-70.85773863503553, 43.06840338841251]]]}, "properties": {"AREA": 27213.9963412, "PERIMETER": 819.896300662, "DENSITY": "sb", "HECTARES": 0.252827310373, "ACRES": 0.624747390754, "YEAR_": 2008.0}}, {"type": "Feature", "geometry": {"type": "Polygon", "coordinates": [[[-70.85629667909792, 43.06744204267088], [-70.85531170984149, 43.06775352798494], [-70.85456966184925, 43.067895155432865], [-70.85386491845816, 43.06797137622852], [-70.85356303176889, 43.06805546528161], [-70.85354752322388, 43.06819251184334], [-70.85378590937663, 43.068282245803296], [-70.85385109195596, 43.068489982767765], [-70.85379697375485, 43.06864925464688], [-70.85351471388523, 43.06873302569334], [-70.85303799667304, 43.068229564918326], [-70.85300334608095, 43.068057331826644], [-70.85289017449678, 43.06788637128468], [-70.85273340737994, 43.06757212063636], [-70.85293583989115, 43.0674464457391], [-70.85331103924865, 43.067188375838285], [-70.85349167117924, 43.06699105592739], [-70.85310779823389, 43.066961275779434], [-70.85283189198617, 43.06692974628544], [-70.85236141954947, 43.06695896454717], [-70.85211582631831, 43.06695574128473], [-70.85168092850355, 43.066861984090934], [-70.85140632355731, 43.066873628596475], [-70.85090640461091, 43.06690331700879], [-70.85051206904065, 43.06685209812541], [-70.85019495596137, 43.06675643068625], [-70.84967475778271, 43.0667648422243], [-70.8492317819631, 43.06672880484975], [-70.84887952220117, 43.06677049765974], [-70.8485458097227, 43.066775889731154], [-70.84834219320652, 43.06686842244213], [-70.84811935364282, 43.066962774239016], [-70.84801190398977, 43.06665491984763], [-70.84832044413028, 43.066138752218414], [-70.84900487901913, 43.06572067478197], [-70.84946310046234, 43.06557687589308], [-70.84997559851291, 43.065399020531096], [-70.8506624234555, 43.065166734651875], [-70.85165744115076, 43.06498475190006], [-70.85240363773937, 43.064887887421264], [-70.85304718968234, 43.06488852393649], [-70.85375617913454, 43.064891782991786], [-70.8541885637656, 43.06489214783656], [-70.85479693962856, 43.06489334480375], [-70.8560588949842, 43.06506087797745], [-70.85673335876955, 43.06525267856515], [-70.85728141715853, 43.0654207242655], [-70.858089659899, 43.06571356103352], [-70.85910203662861, 43.06610629079465], [-70.85962554087158, 43.06629315439871], [-70.86008751839414, 43.06644046810676], [-70.86050516155709, 43.0666179903297], [-70.86087613113011, 43.066748348743864], [-70.86116078039187, 43.06685062092313], [-70.86139998044047, 43.06694625794025], [-70.8615040543915, 43.0670625260676], [-70.8614605000155, 43.06711852834893], [-70.86118757188571, 43.067071361831346], [-70.86091497946913, 43.06703524651658], [-70.86062664193601, 43.066977269932124], [-70.8601667774704, 43.066899963607305], [-70.8597432043103, 43.066858928633515], [-70.85943219269076, 43.066882415853115], [-70.8589550124817, 43.06689754347929], [-70.85850898654967, 43.066945339081585], [-70.85803838957004, 43.06701196354079], [-70.85770916740239, 43.06709840884983], [-70.85735962076171, 43.06717780972859], [-70.85684490539082, 43.067282008666645], [-70.85629667909792, 43.06744204267088]]]}, "properties": {"AREA": 2200834.8236, "PERIMETER": 8939.94267544, "DENSITY": "sb", "HECTARES": 20.446506351, "ACRES": 50.5242154179, "YEAR_": 2008.0}}, {"type": "Feature", "geometry": {"type": "Polygon", "coordinates": [[[-70.84811935364282, 43.066962774239016], [-70.84834219320652, 43.06686842244213], [-70.8485458097227, 43.066775889731154], [-70.84887952220117, 43.06677049765974], [-70.8492317819631, 43.06672880484975], [-70.84967475778271, 43.0667648422243], [-70.85019495596137, 43.06675643068625], [-70.85051206904065, 43.06685209812541], [-70.85090640461091, 43.06690331700879], [-70.85140632355731, 43.066873628596475], [-70.85168092850355, 43.066861984090934], [-70.85211582631831, 43.06695574128473], [-70.85236141954947, 43.06695896454717], [-70.85283189198617, 43.06692974628544], [-70.85310779823389, 43.066961275779434], [-70.85349167117924, 43.06699105592739], [-70.85331103924865, 43.067188375838285], [-70.85293583989115, 43.0674464457391], [-70.85273340737994, 43.06757212063636], [-70.85289017449678, 43.06788637128468], [-70.85300334608095, 43.068057331826644], [-70.85303799667304, 43.068229564918326], [-70.85351471388523, 43.06873302569334], [-70.85228398739349, 43.06927854188815], [-70.85157656146772, 43.069592383823206], [-70.8512059549455, 43.069677578506365], [-70.85078215491876, 43.06962683741177], [-70.85039653487368, 43.069539478477935], [-70.84990337899269, 43.06946825669333], [-70.84966023111096, 43.06922019715256], [-70.84912024192421, 43.06889773736125], [-70.8487793793687, 43.06866565417843], [-70.8485076578808, 43.06844685202768], [-70.84818145504585, 43.06804893604492], [-70.84811758989514, 43.06788437253778], [-70.84827644573322, 43.067615415183724], [-70.8482930488609, 43.067514350331095], [-70.84823597032204, 43.06724888135472], [-70.84813306119443, 43.067092149042985], [-70.84811935364282, 43.066962774239016]]]}, "properties": {"AREA": 1133932.59693, "PERIMETER": 4425.27491702, "DENSITY": "h", "HECTARES": 10.5346206794, "ACRES": 26.0315104896, "YEAR_": 2008.0}}, {"type": "Feature", "geometry": {"type": "Polygon", "coordinates": [[[-70.84861835896766, 43.06886264948865], [-70.8487793793687, 43.06866565417843], [-70.84912024192421, 43.06889773736125], [-70.84966023111096, 43.06922019715256], [-70.84982088471357, 43.069663984994804], [-70.85012884642646, 43.06978140085287], [-70.85055221418922, 43.06981775130159], [-70.85111278280492, 43.06984468122102], [-70.85123338537373, 43.06993632647363], [-70.85113668007311, 43.07031227929187], [-70.85075401304957, 43.070612830277504], [-70.85075293483493, 43.0706136777431], [-70.85020412371578, 43.070651354414906], [-70.84974603441134, 43.07076675876052], [-70.84923121283178, 43.07095507506225], [-70.84923111640015, 43.07095438575001], [-70.84920617135036, 43.07077548592144], [-70.84915233174746, 43.07061796193026], [-70.84905114439776, 43.07051880094717], [-70.84882127318872, 43.07038572032962], [-70.84857112254349, 43.0702313683808], [-70.84829131039112, 43.070070294691774], [-70.84810987147735, 43.06991483081874], [-70.8480176385532, 43.06978672526088], [-70.84807134178168, 43.069613063212856], [-70.84822449625412, 43.06948099330542], [-70.8485606842131, 43.069230769639844], [-70.84866281224608, 43.069034725304114], [-70.84861835896766, 43.06886264948865]]]}, "properties": {"AREA": 337372.447372, "PERIMETER": 2639.52937842, "DENSITY": "h", "HECTARES": 3.13430513452, "ACRES": 7.74500567888, "YEAR_": 2008.0}}, {"type": "Feature", "geometry": {"type": "Polygon", "coordinates": [[[-70.848154347721, 43.07168718855975], [-70.84791106636824, 43.07166791031469], [-70.84769828546388, 43.07167134667068], [-70.84740845247579, 43.07159018836554], [-70.8471526469974, 43.07157871235674], [-70.84681149571475, 43.07156080930259], [-70.84674228002618, 43.071526650054246], [-70.84664314674642, 43.071421875669664], [-70.84661526332954, 43.071311042438055], [-70.84660920041225, 43.07118349114937], [-70.84666859849445, 43.07100578748629], [-70.84665431942834, 43.07082763686113], [-70.84664560330859, 43.07061175532312], [-70.84666241353705, 43.070428193358055], [-70.8467044812903, 43.07034241506865], [-70.84691233131848, 43.07012794739905], [-70.84694404974464, 43.06999487690894], [-70.84692548360677, 43.0698969845777], [-70.84687369735929, 43.06980781176549], [-70.8467489935431, 43.069669083796526], [-70.84661987570006, 43.069532063169355], [-70.84645721574567, 43.06931866721969], [-70.84638269923781, 43.06914148808792], [-70.84663890120879, 43.069050617581695], [-70.84677580324218, 43.06900094824949], [-70.84690061556735, 43.06892037961433], [-70.84709439585696, 43.0688321520492], [-70.8472136945188, 43.06879094905599], [-70.84737749559145, 43.06881939771374], [-70.84748429190284, 43.068807854368046], [-70.84762813149608, 43.06876625411602], [-70.84772220008385, 43.0687025468992], [-70.84779143191665, 43.068629421717134], [-70.8478077259501, 43.06850314571384], [-70.84782847237356, 43.06822787439172], [-70.84785133209216, 43.06802293881132], [-70.84784735107219, 43.06789044431948], [-70.84785903627052, 43.06775933385117], [-70.84793095830416, 43.06762725011854], [-70.84793970589232, 43.06754691835136], [-70.84789971318402, 43.067478830221475], [-70.84783012894593, 43.06739158192917], [-70.84783674296035, 43.06731455829737], [-70.84786120489905, 43.067237246498046], [-70.84783871803688, 43.067157419468046], [-70.84790796684166, 43.06701065026905], [-70.84792224547479, 43.066817309430945], [-70.84801190398977, 43.06665491984763], [-70.84811935364282, 43.066962774239016], [-70.84813306119443, 43.067092149042985], [-70.84823597032204, 43.06724888135472], [-70.8482930488609, 43.067514350331095], [-70.84827644573322, 43.067615415183724], [-70.84811758989514, 43.06788437253778], [-70.84818145504585, 43.06804893604492], [-70.8485076578808, 43.06844685202768], [-70.8487793793687, 43.06866565417843], [-70.84861835896766, 43.06886264948865], [-70.84866281224608, 43.069034725304114], [-70.8485606842131, 43.069230769639844], [-70.84822449625412, 43.06948099330542], [-70.84807134178168, 43.069613063212856], [-70.8480176385532, 43.06978672526088], [-70.84810987147735, 43.06991483081874], [-70.84829131039112, 43.070070294691774], [-70.84857112254349, 43.0702313683808], [-70.84882127318872, 43.07038572032962], [-70.84905114439776, 43.07051880094717], [-70.84915233174746, 43.07061796193026], [-70.84920617135036, 43.07077548592144], [-70.84923111640015, 43.07095438575001], [-70.84923121283178, 43.07095507506225], [-70.84897842359673, 43.071057593207144], [-70.84876775635452, 43.07113122953416], [-70.84853557431396, 43.071197410446246], [-70.84851802091625, 43.07120989890737], [-70.8483896766916, 43.071301213546185], [-70.84815230955073, 43.07150413790043], [-70.84811986198662, 43.07153187651377], [-70.84815646841456, 43.07168735675605], [-70.848154347721, 43.07168718855975]]]}, "properties": {"AREA": 601532.100445, "PERIMETER": 4782.12699709, "DENSITY": "p", "HECTARES": 5.58843843262, "ACRES": 13.8092768697, "YEAR_": 2008.0}}, {"type": "Feature", "geometry": {"type": "Polygon", "coordinates": [[[-70.85077215312391, 43.07238715047194], [-70.85044123278337, 43.07225665891333], [-70.8501816071451, 43.07214099577718], [-70.84970954059146, 43.072028766470766], [-70.84913049709326, 43.07180239749133], [-70.84870237313004, 43.07170144012061], [-70.8483536317205, 43.071703080317874], [-70.8481543953864, 43.071687389636644], [-70.848154347721, 43.07168718855975], [-70.84815646841456, 43.07168735675605], [-70.84811986198662, 43.07153187651377], [-70.84815230955073, 43.07150413790043], [-70.84851802091625, 43.07120989890737], [-70.84853557431396, 43.071197410446246], [-70.84876775635452, 43.07113122953416], [-70.84897842359673, 43.071057593207144], [-70.84923121283178, 43.07095507506225], [-70.84974603441134, 43.07076675876052], [-70.85020412371578, 43.070651354414906], [-70.85075293483493, 43.0706136777431], [-70.85075401304957, 43.070612830277504], [-70.85103454246779, 43.07053438180321], [-70.85128315821228, 43.0704510892167], [-70.85167693634358, 43.07043960252089], [-70.85188672042518, 43.070456662903766], [-70.85216056254107, 43.07051615699974], [-70.85238267447802, 43.070479318837265], [-70.8527419969555, 43.07036610268682], [-70.85300494044382, 43.070295360195296], [-70.85300711636899, 43.07029515602755], [-70.85336664848059, 43.070261373251995], [-70.8535964247203, 43.07024742159868], [-70.85376608766626, 43.07020631667485], [-70.8537670545463, 43.070206550384015], [-70.85387500443973, 43.07023267923106], [-70.85401460303085, 43.07023553131931], [-70.85401518954467, 43.070235467072195], [-70.85426142410788, 43.0702085174087], [-70.85429900218152, 43.070200168738836], [-70.85441040150563, 43.07017541743444], [-70.85457092221682, 43.070136486925], [-70.85462507615063, 43.07012335350093], [-70.85486089721883, 43.070078617070294], [-70.85506093177067, 43.070003775187615], [-70.8552996217992, 43.06993853451484], [-70.85559137400222, 43.06989800351672], [-70.85588948058505, 43.06983691299713], [-70.8563502748648, 43.06973482466324], [-70.8567067946899, 43.069644655433095], [-70.85670886643113, 43.06964462148817], [-70.85741446654237, 43.06963316850633], [-70.85764950059637, 43.069677936431084], [-70.85728662763718, 43.06978866746379], [-70.85706389188879, 43.069920137532385], [-70.85688035192312, 43.07007909822492], [-70.85672579246533, 43.070158318593165], [-70.85646502907758, 43.07018556406707], [-70.85628831811097, 43.07022423045401], [-70.85607085303431, 43.07029935698384], [-70.85593154876142, 43.07042179937135], [-70.85572523456378, 43.07051975852434], [-70.85552094217176, 43.07056909951013], [-70.85534174496864, 43.07064104648074], [-70.85535498004016, 43.07073288657317], [-70.85541230029607, 43.07078309798476], [-70.85553369838324, 43.07076067317901], [-70.85574147916324, 43.07071127497852], [-70.85596227652029, 43.070630981458486], [-70.85619717302657, 43.070555571727105], [-70.85635258300331, 43.07050446564597], [-70.85649707094065, 43.07043819441958], [-70.85662064201173, 43.070372261932725], [-70.85678876021122, 43.07028003581922], [-70.85698840760219, 43.07019241183437], [-70.85707114757449, 43.07016038438398], [-70.8571629572193, 43.070082181532975], [-70.85734710267728, 43.07005873589667], [-70.85759361170248, 43.0700214912527], [-70.85780027646757, 43.069985497420866], [-70.85802359180998, 43.06996514956635], [-70.85828789581385, 43.06992893383488], [-70.85859353442326, 43.06996759857912], [-70.85817116063544, 43.07031998278116], [-70.85788174342213, 43.07055379703921], [-70.85765186741506, 43.070795338123546], [-70.85745011133649, 43.07104409254739], [-70.85720776618184, 43.07121935116941], [-70.8569771271672, 43.071320264057185], [-70.85674795244502, 43.07146973704476], [-70.85646858150116, 43.07157399644263], [-70.85618726691435, 43.07172942906297], [-70.85590517909634, 43.07185930172889], [-70.85559102074102, 43.07196668090046], [-70.8552135686754, 43.07205718605829], [-70.85473842486378, 43.07214671691013], [-70.85430844599254, 43.0722303994179], [-70.85393439913425, 43.07231828794951], [-70.85355509397844, 43.07234744738382], [-70.85313751604536, 43.072379783792776], [-70.85298040408335, 43.07237465741566], [-70.85291959775535, 43.07232450102448], [-70.85258568992535, 43.07235547883213], [-70.85214083793748, 43.0724087092454], [-70.851634617711, 43.072508959149744], [-70.85146835578435, 43.07254744854493], [-70.85137083417443, 43.072541275392375], [-70.85102004512744, 43.07247503427426], [-70.85077215312391, 43.07238715047194]]]}, "properties": {"AREA": 1557185.91777, "PERIMETER": 7681.59290493, "DENSITY": "sb", "HECTARES": 14.4667884277, "ACRES": 35.7480697375, "YEAR_": 2008.0}}, {"type": "Feature", "geometry": {"type": "Polygon", "coordinates": [[[-70.8462047593665, 43.06860644270451], [-70.84613588248719, 43.06848696278232], [-70.84599542813226, 43.068310234121256], [-70.84569766779651, 43.06797622578861], [-70.84547849364444, 43.06779117770636], [-70.84525194813534, 43.06765099706097], [-70.84479048344134, 43.06752738876418], [-70.84445653597709, 43.06744007935607], [-70.84407638333606, 43.06741104817699], [-70.84384390514177, 43.067363653979776], [-70.84360984664525, 43.067408978111494], [-70.84340183755188, 43.06745068689002], [-70.8435615793663, 43.06725313519082], [-70.84369388323977, 43.067158309542464], [-70.84406014649818, 43.06701496377368], [-70.84434514985495, 43.06692406775761], [-70.84451006212937, 43.066899034588026], [-70.84472687859424, 43.06686037918709], [-70.84495638514156, 43.06680873244598], [-70.84515141376909, 43.066770427477], [-70.84538752465986, 43.066648354504444], [-70.84562325147759, 43.06651350138654], [-70.8459251037819, 43.066403151887954], [-70.84617155719756, 43.06633524850062], [-70.84647997205938, 43.06629830779053], [-70.84673792055379, 43.066322910604676], [-70.84687271153008, 43.0663111462257], [-70.84720535128285, 43.06620988499398], [-70.84748656535167, 43.0661382210646], [-70.84774115386872, 43.06605100373851], [-70.84793143788919, 43.06599998578536], [-70.8479814805652, 43.066069496963976], [-70.84795453108603, 43.066188196662125], [-70.84791412464784, 43.06629432832511], [-70.84789297256349, 43.066460880687984], [-70.84786611894519, 43.066582774817604], [-70.84786047516366, 43.066685149463474], [-70.84792224547479, 43.066817309430945], [-70.84790796684166, 43.06701065026905], [-70.84783871803688, 43.067157419468046], [-70.84786120489905, 43.067237246498046], [-70.84783674296035, 43.06731455829737], [-70.84783012894593, 43.06739158192917], [-70.84793970589232, 43.06754691835136], [-70.84793095830416, 43.06762725011854], [-70.84785903627052, 43.06775933385117], [-70.84784735107219, 43.06789044431948], [-70.84785133209216, 43.06802293881132], [-70.84782847237356, 43.06822787439172], [-70.84779143191665, 43.068629421717134], [-70.84772220008385, 43.0687025468992], [-70.84762813149608, 43.06876625411602], [-70.84748429190284, 43.068807854368046], [-70.84737749559145, 43.06881939771374], [-70.8472136945188, 43.06879094905599], [-70.84709439585696, 43.0688321520492], [-70.84690061556735, 43.06892037961433], [-70.84677580324218, 43.06900094824949], [-70.84638269923781, 43.06914148808792], [-70.84634417418746, 43.069038895959025], [-70.84629670640969, 43.068764776021894], [-70.8462047593665, 43.06860644270451]]]}, "properties": {"AREA": 663124.033631, "PERIMETER": 3937.88244476, "DENSITY": "sb", "HECTARES": 6.16064850471, "ACRES": 15.2232330953, "YEAR_": 2008.0}}, {"type": "Feature", "geometry": {"type": "Polygon", "coordinates": [[[-70.84331488301562, 43.06600414383829], [-70.84319766635399, 43.06587498230763], [-70.84315773240527, 43.06570621970805], [-70.84304999683401, 43.06560247571348], [-70.84298291400766, 43.065546022600024], [-70.8429233960821, 43.06545109066433], [-70.84265338747088, 43.06531480111655], [-70.84255513336144, 43.065236475289666], [-70.84277553810108, 43.065172194791465], [-70.84295313422254, 43.06513417401739], [-70.84316065714586, 43.06507649275474], [-70.84340844818333, 43.06505332228262], [-70.84371346002385, 43.0650484067068], [-70.84400985169417, 43.06504682646053], [-70.84424572037582, 43.06506220252496], [-70.84449949794572, 43.06509327057755], [-70.84470649444378, 43.06516344896198], [-70.84488299100595, 43.0652341190746], [-70.84505833768124, 43.065266450854445], [-70.84531712245638, 43.06539172890707], [-70.8456797922062, 43.065564873412356], [-70.84591446943013, 43.06568574458965], [-70.84598979078584, 43.06572608185784], [-70.84612572736967, 43.06573225960146], [-70.84623428151346, 43.06573811754633], [-70.84627900633697, 43.06577575261113], [-70.8464865284077, 43.06571806531543], [-70.84664592721676, 43.065654761456685], [-70.84684880196833, 43.065587559692126], [-70.84695978999852, 43.06550905588767], [-70.84705019950066, 43.06561627186326], [-70.84717097487554, 43.065863636327194], [-70.84693519722634, 43.06585146161853], [-70.84672642884418, 43.065867617220285], [-70.84656084966326, 43.06587028968757], [-70.84629658641019, 43.065925697117855], [-70.84574717622627, 43.065921776904666], [-70.84531719198223, 43.06612049431886], [-70.84494844435247, 43.06618077915755], [-70.84459324820219, 43.0662568265782], [-70.84415937702758, 43.066180716555806], [-70.8440372738101, 43.06617948779356], [-70.8438816543656, 43.066223549015184], [-70.84370008023772, 43.06627442032938], [-70.84356054791466, 43.06627347258597], [-70.8434211605021, 43.066131883507936], [-70.84331488301562, 43.06600414383829]]]}, "properties": {"AREA": 290492.305297, "PERIMETER": 2910.27885419, "DENSITY": "p", "HECTARES": 2.69877262095, "ACRES": 6.6687857047, "YEAR_": 2008.0}}, {"type": "Feature", "geometry": {"type": "Polygon", "coordinates": [[[-70.84424572037582, 43.06506220252496], [-70.84400985169417, 43.06504682646053], [-70.84371346002385, 43.0650484067068], [-70.84340844818333, 43.06505332228262], [-70.84316065714586, 43.06507649275474], [-70.84295313422254, 43.06513417401739], [-70.84277553810108, 43.065172194791465], [-70.84255513336144, 43.065236475289666], [-70.84233494572572, 43.06523522692536], [-70.84217521182879, 43.065141908561024], [-70.84196611219139, 43.06500144018654], [-70.84183879054744, 43.06492773632489], [-70.84162991093632, 43.064823702081675], [-70.84171613890034, 43.06479162893916], [-70.8418510148671, 43.06475365836076], [-70.84205832724054, 43.064688950909805], [-70.84228751291887, 43.06453950726129], [-70.8424331154775, 43.06439396556709], [-70.84246081255509, 43.064270779818074], [-70.84261893882844, 43.06419407797425], [-70.84273174837233, 43.06411810642572], [-70.84286367242409, 43.06409808153234], [-70.84300743267885, 43.064123893329125], [-70.84327426668821, 43.064183521206246], [-70.84357664950964, 43.064265589558005], [-70.84401172294861, 43.064353189312214], [-70.84434827623407, 43.064411691075215], [-70.84460055619788, 43.064451093546914], [-70.8448501950684, 43.0645186668767], [-70.84517047079459, 43.064615784203475], [-70.84534032038425, 43.064697428385394], [-70.8456056675526, 43.06482355854094], [-70.84611996806116, 43.06499425547561], [-70.8465607614371, 43.06515590868724], [-70.84673073506639, 43.06535773054041], [-70.84685496577445, 43.06542988104162], [-70.84695978999852, 43.06550905588767], [-70.84684880196833, 43.065587559692126], [-70.84664592721676, 43.065654761456685], [-70.8464865284077, 43.06571806531543], [-70.84627900633697, 43.06577575261113], [-70.84623428151346, 43.06573811754633], [-70.84612572736967, 43.06573225960146], [-70.84598979078584, 43.06572608185784], [-70.84591446943013, 43.06568574458965], [-70.8456797922062, 43.065564873412356], [-70.84531712245638, 43.06539172890707], [-70.84505833768124, 43.065266450854445], [-70.84488299100595, 43.0652341190746], [-70.84470649444378, 43.06516344896198], [-70.84449949794572, 43.06509327057755], [-70.84424572037582, 43.06506220252496]]]}, "properties": {"AREA": 349875.656832, "PERIMETER": 3268.90016674, "DENSITY": "sb", "HECTARES": 3.25046421601, "ACRES": 8.03203987218, "YEAR_": 2008.0}}, {"type": "Feature", "geometry": {"type": "Polygon", "coordinates": [[[-70.84050461110039, 43.06394197602091], [-70.84050936717642, 43.0638212058781], [-70.84056719299602, 43.06379572746808], [-70.84070996336156, 43.06381184115728], [-70.84084158036667, 43.06382813432649], [-70.84095447158687, 43.06387132230134], [-70.84102789369553, 43.06390082558704], [-70.84113980496195, 43.06391129891161], [-70.8412524514808, 43.063946307752715], [-70.84133022699258, 43.063934828151], [-70.84142108862656, 43.063894498149466], [-70.84155420817092, 43.063867806882655], [-70.84166569143245, 43.06386396672666], [-70.84175541782514, 43.06387888743837], [-70.8418533248658, 43.06388753980326], [-70.84197936379528, 43.063903921081746], [-70.84209194980345, 43.06393688439221], [-70.84221326911992, 43.063981981688706], [-70.84239673489608, 43.06405267074815], [-70.84257673891025, 43.06410091334123], [-70.84273174837233, 43.06411810642572], [-70.84261893882844, 43.06419407797425], [-70.84246081255509, 43.064270779818074], [-70.8424331154775, 43.06439396556709], [-70.84228751291887, 43.06453950726129], [-70.84205832724054, 43.064688950909805], [-70.8418510148671, 43.06475365836076], [-70.84171613890034, 43.06479162893916], [-70.84162991093632, 43.064823702081675], [-70.84140716717577, 43.06472244709196], [-70.8412490042692, 43.0646815227966], [-70.84105004924857, 43.06455942801168], [-70.84088515949517, 43.06444522288431], [-70.84063998600239, 43.06417709449195], [-70.84050461110039, 43.06394197602091]]]}, "properties": {"AREA": 130130.257892, "PERIMETER": 1539.33994219, "DENSITY": "p", "HECTARES": 1.20895449123, "ACRES": 2.98737965775, "YEAR_": 2008.0}}, {"type": "Feature", "geometry": {"type": "Polygon", "coordinates": [[[-70.84031707910306, 43.06265136801102], [-70.84012958433202, 43.06256232909996], [-70.83992654068817, 43.0624198411195], [-70.83968757158294, 43.06224213174851], [-70.83953060860924, 43.06212447308326], [-70.8394006149176, 43.06197569611455], [-70.8393931545786, 43.061842848398975], [-70.8394612630034, 43.06178805456391], [-70.83960834892224, 43.06180870253655], [-70.83975006911609, 43.061883135868754], [-70.83985041899798, 43.061973577467434], [-70.83995440874585, 43.06206907358071], [-70.8400711945986, 43.062126008149136], [-70.8402404199879, 43.062187213622096], [-70.84041880171621, 43.062204800067924], [-70.84052528367806, 43.06226701394171], [-70.84059009045134, 43.06233501287873], [-70.8406679238231, 43.06237211681137], [-70.84079394408543, 43.06238798796924], [-70.840800641996, 43.06249527806911], [-70.84080021666692, 43.062597567665506], [-70.84076841910311, 43.06270036267615], [-70.84069682473266, 43.062755213134565], [-70.84053510511187, 43.062711787625965], [-70.84031707910306, 43.06265136801102]]]}, "properties": {"AREA": 52657.9392692, "PERIMETER": 1111.77376508, "DENSITY": "sb", "HECTARES": 0.489210220663, "ACRES": 1.20885994649, "YEAR_": 2008.0}}, {"type": "Feature", "geometry": {"type": "Polygon", "coordinates": [[[-70.84093609588605, 43.059680313402666], [-70.84069670894687, 43.05960489576741], [-70.8404634516649, 43.059501251368275], [-70.84024042191818, 43.059389770622005], [-70.840105526299, 43.059310113109696], [-70.84016581813506, 43.059227316808226], [-70.84025376587466, 43.05913640449256], [-70.84034247740486, 43.059071050550806], [-70.84045673472585, 43.059043641919054], [-70.84059607855033, 43.059038842729116], [-70.84070290568621, 43.05899621156748], [-70.84077472415946, 43.05894902847109], [-70.84082092018338, 43.058861343919105], [-70.84085604905901, 43.05875338162342], [-70.84090822121381, 43.05863235941057], [-70.84094480221617, 43.058572957859326], [-70.84112841930995, 43.05864927250991], [-70.84134037841294, 43.05874047293594], [-70.84155984455045, 43.058849452207575], [-70.84171163442329, 43.058910935788866], [-70.84183121217319, 43.05894480943261], [-70.8419640437823, 43.05895545614381], [-70.84215448010933, 43.059026545134174], [-70.84243569340701, 43.05910128611559], [-70.84268274109846, 43.05919959061638], [-70.84280672466505, 43.0592640771029], [-70.84314500946698, 43.05938136743549], [-70.84345238517555, 43.05951449782894], [-70.84374604999157, 43.05965551864554], [-70.84399666425593, 43.05975631960016], [-70.84448303315837, 43.05992747400654], [-70.84470894416175, 43.060018443463036], [-70.84487862660036, 43.060094976955], [-70.84510051715142, 43.06016811064207], [-70.84541146338972, 43.060303735044954], [-70.84565185561475, 43.06041236783997], [-70.8459208250387, 43.060543553436496], [-70.84617592818245, 43.06067751950084], [-70.84640919969489, 43.06078115235042], [-70.8466309405085, 43.060849170867534], [-70.84691082924395, 43.06099552090742], [-70.84713774526558, 43.06111971056759], [-70.8472746049263, 43.06114818608322], [-70.84754109273794, 43.06131264981456], [-70.8478032511158, 43.06144905447382], [-70.84801558383604, 43.06166809080009], [-70.8476493161757, 43.06154870987438], [-70.84742795520783, 43.06149347206459], [-70.8471729675699, 43.061479690362894], [-70.84700558016277, 43.06147983548449], [-70.84673595839223, 43.06144327468876], [-70.84649522081992, 43.06143948906758], [-70.8463664827288, 43.061449238639824], [-70.84602940758795, 43.06137285192222], [-70.84576196819083, 43.06129278341257], [-70.84555198808077, 43.06126804281495], [-70.84536874192376, 43.06120451485605], [-70.84528201986899, 43.06110363048871], [-70.84507112063403, 43.06104821926604], [-70.84468073138966, 43.061054514611506], [-70.84429516957726, 43.06098913274837], [-70.84397977856167, 43.06093796175326], [-70.84368530270073, 43.0608864515179], [-70.84342522314795, 43.06081904445612], [-70.84341633663634, 43.06075526070157], [-70.84337068092262, 43.06062814250889], [-70.84309662279425, 43.06044333480897], [-70.84284114365387, 43.06029658226319], [-70.84254793665218, 43.06017089400998], [-70.84223374152523, 43.060042986125445], [-70.84189059078304, 43.05987974432929], [-70.84161512213177, 43.05976399600276], [-70.84123313145464, 43.05970110321367], [-70.84093609588605, 43.059680313402666]]]}, "properties": {"AREA": 628207.039643, "PERIMETER": 4977.68305938, "DENSITY": "sb", "HECTARES": 5.83625771823, "ACRES": 14.4216492113, "YEAR_": 2008.0}}, {"type": "Feature", "geometry": {"type": "Polygon", "coordinates": [[[-70.84391105598365, 43.05911075892797], [-70.84371977557174, 43.0590115582971], [-70.84357024365103, 43.05890912809668], [-70.84347973673606, 43.05879807476932], [-70.84346303709111, 43.058706289228354], [-70.84336555897484, 43.0585953485886], [-70.84335158009742, 43.05847794775619], [-70.84338980626275, 43.05835714902316], [-70.84339310023039, 43.05823435625455], [-70.84335123730008, 43.058117405625836], [-70.8433490164668, 43.05804328641055], [-70.84344120896787, 43.05797787317799], [-70.84363654583659, 43.05797983992428], [-70.84385612830117, 43.05797630153936], [-70.84402867692638, 43.05803233319778], [-70.84418571460483, 43.05815254097332], [-70.84443222460675, 43.05823295070372], [-70.84475664120106, 43.05835301716599], [-70.84509638174679, 43.05851886250352], [-70.84528463770089, 43.05863345172747], [-70.8455120788142, 43.05877553646046], [-70.84585917740988, 43.05895404631058], [-70.84610653693042, 43.059062566115244], [-70.84635538795432, 43.05910457762229], [-70.84671190570413, 43.05913206542284], [-70.84713365056113, 43.059125256757746], [-70.84733906419764, 43.059114268491626], [-70.84758515267822, 43.05906426717434], [-70.84779993336862, 43.059365090518725], [-70.84806956171704, 43.05963434281489], [-70.84830690254113, 43.05987343045173], [-70.84858017548129, 43.06014773679997], [-70.84883302606977, 43.06032264636694], [-70.84915651289984, 43.060527098366016], [-70.84939124806775, 43.06067928588684], [-70.84962375474102, 43.06075735290135], [-70.84991885012188, 43.060829294079895], [-70.85032322908863, 43.060940379986775], [-70.85070336456016, 43.06105697072922], [-70.85106902007908, 43.06115589483009], [-70.85155047085136, 43.06127851486414], [-70.8519856104603, 43.061368640365714], [-70.85242803123883, 43.0614688753401], [-70.85267015574593, 43.06151865306529], [-70.8531730655624, 43.061658818157916], [-70.85355661786068, 43.0617727862293], [-70.85403754021905, 43.061877504905794], [-70.85449406326865, 43.061982617298256], [-70.85476794716092, 43.062044661061954], [-70.85524089864822, 43.0621162614495], [-70.85577682546769, 43.06219451006742], [-70.85665704714653, 43.06235666566571], [-70.85625496163792, 43.0623222771535], [-70.85573606155975, 43.062346038157976], [-70.85504141220024, 43.062324062603466], [-70.85429053112792, 43.062287651018025], [-70.85346978285612, 43.06224725260611], [-70.85270070438192, 43.062185555226776], [-70.85236933610543, 43.06218324995851], [-70.85172589800587, 43.06212462468847], [-70.85151591125741, 43.06209989588675], [-70.85125115516267, 43.06210929498907], [-70.8511314893464, 43.0620728750068], [-70.85100267399467, 43.06208007278104], [-70.85048356715599, 43.06198107400463], [-70.84981698949139, 43.06184865765219], [-70.84911509665825, 43.061701466396144], [-70.84881302729276, 43.06162963533915], [-70.84846418583744, 43.061509975588244], [-70.84772030297562, 43.06112564630695], [-70.84729025471785, 43.0608564266406], [-70.84682110044902, 43.06056226612706], [-70.84654324173978, 43.060367299105934], [-70.84606115039857, 43.06010658641501], [-70.8453790838866, 43.05980562703584], [-70.84440668977243, 43.05935847703995], [-70.84391105598365, 43.05911075892797]]]}, "properties": {"AREA": 1168714.96076, "PERIMETER": 8260.65517952, "DENSITY": "h", "HECTARES": 10.8577607058, "ACRES": 26.8300036906, "YEAR_": 2008.0}}, {"type": "Feature", "geometry": {"type": "Polygon", "coordinates": [[[-70.8469743672814, 43.0586982388433], [-70.84691906092941, 43.058714474990396], [-70.8469044600957, 43.05857662832562], [-70.84683601148896, 43.05850357761558], [-70.84675641525868, 43.05840769356778], [-70.84670152450892, 43.058321638938445], [-70.84659320155212, 43.05819809125565], [-70.84650353441519, 43.05811515481835], [-70.84643880183704, 43.058049715274585], [-70.84654880097612, 43.05799679810801], [-70.8466938083467, 43.057948429966544], [-70.84683655745478, 43.057941011894414], [-70.84697566786986, 43.057928537468065], [-70.84704242824895, 43.057945359911194], [-70.84711869142158, 43.05804641113908], [-70.8472168659605, 43.058180350956476], [-70.8472803404897, 43.0583199653062], [-70.84731941570335, 43.058459973826835], [-70.8473747673814, 43.05856136303865], [-70.84746776927972, 43.05863913051969], [-70.84745536237494, 43.058690472527495], [-70.8473295019723, 43.058679720073805], [-70.84716212217941, 43.05867986548712], [-70.8469743672814, 43.0586982388433]]]}, "properties": {"AREA": 41253.6112321, "PERIMETER": 897.051100122, "DENSITY": "d", "HECTARES": 0.383260122483, "ACRES": 0.947052599451, "YEAR_": 2008.0}}, {"type": "Feature", "geometry": {"type": "Polygon", "coordinates": [[[-70.84501064239011, 43.05752042764425], [-70.8447212363825, 43.057404911641115], [-70.84437280976566, 43.05729801836177], [-70.84407118739712, 43.05712388430634], [-70.84385754485925, 43.05697646070666], [-70.84379909739101, 43.056887904546954], [-70.84384946367783, 43.05682316598248], [-70.84394280208734, 43.056796091328394], [-70.84409018417257, 43.056826957031085], [-70.84425962689545, 43.0568958239579], [-70.84441263965651, 43.056998197284955], [-70.84452949648082, 43.05705768342034], [-70.84493280918933, 43.057250632609914], [-70.84528322936677, 43.0574239759521], [-70.84557497177158, 43.057501096428254], [-70.84574487756397, 43.05758529605599], [-70.84590402212717, 43.05765944083856], [-70.84609537956841, 43.0577611939562], [-70.84610062866545, 43.05781992134327], [-70.84613839718263, 43.05791648082608], [-70.84614433760633, 43.05799821143839], [-70.84609584803822, 43.05800922291066], [-70.84597247708359, 43.05796518617494], [-70.84585600152086, 43.057918481171676], [-70.84573914177139, 43.05785899637576], [-70.84560401188642, 43.05777167874987], [-70.84545168501364, 43.05769230932014], [-70.84528920908747, 43.05762333214018], [-70.84511597076595, 43.05754429915424], [-70.84501064239011, 43.05752042764425]]]}, "properties": {"AREA": 57719.6533244, "PERIMETER": 1582.8776011, "DENSITY": "h", "HECTARES": 0.536235271097, "ACRES": 1.32506091195, "YEAR_": 2008.0}}, {"type": "Feature", "geometry": {"type": "Polygon", "coordinates": [[[-70.85205971322115, 43.059177254721135], [-70.85199335248707, 43.058983083394686], [-70.85192231920536, 43.05863367980796], [-70.85199200223475, 43.058335246077306], [-70.85195975793783, 43.0582692073831], [-70.85197363060331, 43.058126985820756], [-70.85207529134986, 43.05788572130031], [-70.85215622930738, 43.05776016381722], [-70.8520862251412, 43.05764592538383], [-70.85189472053743, 43.05751590349095], [-70.85168925187159, 43.05732398380602], [-70.8515576989047, 43.05717524180726], [-70.85149227592974, 43.05701211714567], [-70.85146234340306, 43.05682179388239], [-70.85157632684752, 43.05678888747878], [-70.85170872016991, 43.056764557403454], [-70.85178921722608, 43.05682537768246], [-70.85192454876115, 43.056898622604834], [-70.85197831595968, 43.05687556603583], [-70.8519627477744, 43.05676044580538], [-70.85191386793416, 43.0565438046991], [-70.8517940115648, 43.056381560959686], [-70.8516978147547, 43.05620118526013], [-70.85165338271281, 43.055931222996804], [-70.85165195484203, 43.05568275234073], [-70.8515873769808, 43.05534655562384], [-70.85155588464353, 43.054903325594516], [-70.8515934157596, 43.054742972176896], [-70.85180095909625, 43.05460205328726], [-70.85196897016813, 43.0545549602222], [-70.8520449243105, 43.05446498224645], [-70.85202895697378, 43.054336556513725], [-70.85196166698947, 43.05411133894381], [-70.85189611454295, 43.05394377839975], [-70.85184439270512, 43.053833681044964], [-70.85195703529554, 43.05375642171162], [-70.85211241339297, 43.053691783407054], [-70.85222221050428, 43.053721067676896], [-70.85242095339437, 43.05389090804312], [-70.85255019339391, 43.054163933618014], [-70.85258711068892, 43.05438520540191], [-70.85249581743818, 43.054568616943584], [-70.85250800918725, 43.05477253949613], [-70.85251401897558, 43.05497212517786], [-70.85248831801692, 43.055123412896485], [-70.85253599734584, 43.05530013650843], [-70.85254107262448, 43.05546867517506], [-70.85251630734786, 43.05565100989011], [-70.85246628101915, 43.055798253817976], [-70.85249972730118, 43.05590420970646], [-70.8525038666662, 43.056041701354204], [-70.85259375062347, 43.05621330438859], [-70.85263969450206, 43.0563323700005], [-70.8526181341001, 43.05662114935039], [-70.85265923296295, 43.056780230559006], [-70.85264683069802, 43.0569712389609], [-70.8526783707256, 43.057214784713345], [-70.85274553249788, 43.05743556663086], [-70.8528765550701, 43.057566566668356], [-70.85289105625553, 43.057646204631816], [-70.85286963053856, 43.05793942002747], [-70.85289983606361, 43.0581386132421], [-70.8529843437372, 43.05833249002943], [-70.85306320341518, 43.058539769631935], [-70.85308117902956, 43.05873472427438], [-70.85313651526596, 43.05896457199256], [-70.85311913457635, 43.05919116084064], [-70.85305163064736, 43.05936087477573], [-70.85304300653218, 43.059476386309505], [-70.8529947163544, 43.05968128916069], [-70.85304119738957, 43.05981809517731], [-70.85309626743535, 43.0600390725738], [-70.85306829592199, 43.0601149617927], [-70.8527987215172, 43.059804272746135], [-70.85249499539358, 43.0595651343894], [-70.8522646555003, 43.059351432226066], [-70.85205971322115, 43.059177254721135]]]}, "properties": {"AREA": 506031.84792, "PERIMETER": 5248.65615172, "DENSITY": "h", "HECTARES": 4.70120850567, "ACRES": 11.6168927438, "YEAR_": 2008.0}}, {"type": "Feature", "geometry": {"type": "Polygon", "coordinates": [[[-70.85439504260974, 43.06036414437731], [-70.85411752902736, 43.06033557440686], [-70.8538262844448, 43.0603357510568], [-70.85360909154433, 43.060325638564606], [-70.85344399826533, 43.06029650550068], [-70.85328145508161, 43.060249156621516], [-70.85316213194852, 43.06019656255913], [-70.85306829592199, 43.0601149617927], [-70.85309626743535, 43.0600390725738], [-70.85304119738957, 43.05981809517731], [-70.8529947163544, 43.05968128916069], [-70.85304300653218, 43.059476386309505], [-70.85305163064736, 43.05936087477573], [-70.85311913457635, 43.05919116084064], [-70.85313651526596, 43.05896457199256], [-70.85308117902956, 43.05873472427438], [-70.85306320341518, 43.058539769631935], [-70.8529843437372, 43.05833249002943], [-70.85289983606361, 43.0581386132421], [-70.85286963053856, 43.05793942002747], [-70.85289105625553, 43.057646204631816], [-70.8528765550701, 43.057566566668356], [-70.85274553249788, 43.05743556663086], [-70.8526783707256, 43.057214784713345], [-70.85264683069802, 43.0569712389609], [-70.85265923296295, 43.056780230559006], [-70.8526181341001, 43.05662114935039], [-70.85263969450206, 43.0563323700005], [-70.85259375062347, 43.05621330438859], [-70.8525038666662, 43.056041701354204], [-70.85249972730118, 43.05590420970646], [-70.85246628101915, 43.055798253817976], [-70.85251630734786, 43.05565100989011], [-70.85254107262448, 43.05546867517506], [-70.85253599734584, 43.05530013650843], [-70.85248831801692, 43.055123412896485], [-70.85251401897558, 43.05497212517786], [-70.85250800918725, 43.05477253949613], [-70.85249581743818, 43.054568616943584], [-70.85258711068892, 43.05438520540191], [-70.85255019339391, 43.054163933618014], [-70.85255467690058, 43.05391092941426], [-70.8527097879023, 43.0538374190836], [-70.85293476453612, 43.05387371227846], [-70.85305341611159, 43.05399603755379], [-70.85320404592338, 43.054175530795874], [-70.85329997589305, 43.054347034981284], [-70.85337037851046, 43.05447457908995], [-70.85373767094502, 43.05461506243867], [-70.85427725108124, 43.05485037495616], [-70.85452371870176, 43.05499725149468], [-70.85481372768513, 43.05518335769054], [-70.85506504404736, 43.05529021736637], [-70.85532425106345, 43.055658755142986], [-70.85535850400744, 43.055791322063236], [-70.85564517602691, 43.05586654550849], [-70.85591076000894, 43.0558444875626], [-70.85611249011565, 43.05591221275738], [-70.85628224030498, 43.055922771275455], [-70.85652737861696, 43.056025291100546], [-70.85677037674542, 43.056056846146795], [-70.85739746728161, 43.05638390839503], [-70.85794109541344, 43.05675226020843], [-70.85853500966535, 43.056982232229224], [-70.85898363590196, 43.05721012443053], [-70.85939032909666, 43.05745200916006], [-70.8598536067483, 43.05776397125027], [-70.86029780446633, 43.05804517974745], [-70.8605753461236, 43.05821816165982], [-70.86074415312886, 43.05839734894195], [-70.86106457336413, 43.05858738186855], [-70.86117867830887, 43.058758584218175], [-70.86068217023707, 43.05874891141076], [-70.8604335148838, 43.05873076785698], [-70.86013700761909, 43.05873115214279], [-70.8599129471777, 43.05872591990947], [-70.85968096191102, 43.058658692910484], [-70.85950502061536, 43.0586438037838], [-70.8592498758945, 43.05858449242205], [-70.85882049127525, 43.05847287802686], [-70.8584866262732, 43.05838523377703], [-70.85820757897727, 43.05816177030843], [-70.85800857541781, 43.05798475854069], [-70.85781975815249, 43.05774376908742], [-70.85765995584522, 43.05766205323656], [-70.85735285213421, 43.057511731038446], [-70.85710125642197, 43.057396005127], [-70.85677788559822, 43.05730806915755], [-70.85643797568314, 43.05727364872058], [-70.85612292927193, 43.05726101090935], [-70.855935029571, 43.057250747550285], [-70.85568073398066, 43.05724599765473], [-70.85545156736761, 43.05727190126821], [-70.85528031374916, 43.05741223787146], [-70.85520543083908, 43.05753769918983], [-70.85512449937032, 43.05766325888758], [-70.85508079305632, 43.05781927581648], [-70.85510375300537, 43.05797864965486], [-70.85505346364222, 43.058117024384266], [-70.85507131247226, 43.058307542730624], [-70.8551551572883, 43.058479241291955], [-70.85537113245871, 43.05861773611109], [-70.85550888036315, 43.058770810492256], [-70.85570871905, 43.05897612642936], [-70.85589365321793, 43.059088498976706], [-70.85608650813352, 43.05926286576174], [-70.85601553276564, 43.059317265757024], [-70.85582077637629, 43.05928048883586], [-70.85543637659667, 43.05917578859029], [-70.85511891183579, 43.05908331428967], [-70.85486287008047, 43.05902090553188], [-70.85478624571473, 43.05908870863021], [-70.85486928914001, 43.059233796468305], [-70.85509653139226, 43.05954516614467], [-70.85530576479202, 43.059861264952254], [-70.85533557753372, 43.06004715207208], [-70.85545114104173, 43.060267147554605], [-70.85559895590345, 43.06055318062089], [-70.85511145405567, 43.06044127723711], [-70.85469841007023, 43.06039028844978], [-70.85439504260974, 43.06036414437731]]]}, "properties": {"AREA": 2006263.45096, "PERIMETER": 9608.07229035, "DENSITY": "sb", "HECTARES": 18.6388719189, "ACRES": 46.0574713259, "YEAR_": 2008.0}}, {"type": "Feature", "geometry": {"type": "Polygon", "coordinates": [[[-70.85881033218155, 43.0602935017392], [-70.85828594069076, 43.06016570390787], [-70.85800798642636, 43.06009297285377], [-70.85771998845193, 43.059995412038035], [-70.85740074881164, 43.05988927065067], [-70.85714826916849, 43.059736604933086], [-70.85692881691324, 43.05965156127782], [-70.85645764125822, 43.05943883033546], [-70.85617577385365, 43.05933889389433], [-70.85601553276564, 43.059317265757024], [-70.85608650813352, 43.05926286576174], [-70.85589365321793, 43.059088498976706], [-70.85570871905, 43.05897612642936], [-70.85537113245871, 43.05861773611109], [-70.8551551572883, 43.058479241291955], [-70.85507131247226, 43.058307542730624], [-70.85505346364222, 43.058117024384266], [-70.85510375300537, 43.05797864965486], [-70.85508079305632, 43.05781927581648], [-70.85512449937032, 43.05766325888758], [-70.85520543083908, 43.05753769918983], [-70.85528031374916, 43.05741223787146], [-70.85545156736761, 43.05727190126821], [-70.85568073398066, 43.05724599765473], [-70.855935029571, 43.057250747550285], [-70.85612292927193, 43.05726101090935], [-70.85643797568314, 43.05727364872058], [-70.85677788559822, 43.05730806915755], [-70.85710125642197, 43.057396005127], [-70.85735285213421, 43.057511731038446], [-70.85765995584522, 43.05766205323656], [-70.85781975815249, 43.05774376908742], [-70.85800857541781, 43.05798475854069], [-70.85820757897727, 43.05816177030843], [-70.8584866262732, 43.05838523377703], [-70.85882049127525, 43.05847287802686], [-70.8592498758945, 43.05858449242205], [-70.85950502061536, 43.0586438037838], [-70.85968096191102, 43.058658692910484], [-70.8599129471777, 43.05872591990947], [-70.86013700761909, 43.05873115214279], [-70.8604335148838, 43.05873076785698], [-70.86068217023707, 43.05874891141076], [-70.86117867830887, 43.058758584218175], [-70.86139525536883, 43.05878606916308], [-70.86178111257004, 43.05884113274721], [-70.86226138890021, 43.05894464124429], [-70.86269775961688, 43.05903068666138], [-70.86293132534085, 43.05917228834196], [-70.86323529228717, 43.05928547869348], [-70.86349735096587, 43.05934482519317], [-70.86397673894864, 43.05941880479758], [-70.86451276460012, 43.05952139593784], [-70.86501809999216, 43.05963357145712], [-70.86541848768951, 43.059758816681196], [-70.86566341581937, 43.05986614750211], [-70.86575384688274, 43.05998735732013], [-70.86599396122574, 43.06014020560175], [-70.8660416535189, 43.06018032289647], [-70.86620785386303, 43.06024576982131], [-70.86637068194676, 43.06030218408705], [-70.86652862185666, 43.060299606851075], [-70.86652339731283, 43.0604337369502], [-70.86645175980657, 43.06052351160032], [-70.86621591806265, 43.06061369323112], [-70.86586225710404, 43.06070125142437], [-70.86551127755477, 43.06077513401263], [-70.8651693826917, 43.06084205067754], [-70.86497875233755, 43.0608905969967], [-70.86463203694096, 43.060900793210685], [-70.8642513946866, 43.060916083951795], [-70.86388355186833, 43.06094479733336], [-70.86348804265117, 43.06098077590676], [-70.8630829673786, 43.06100782023208], [-70.86269901934088, 43.06101634487301], [-70.86217481779627, 43.06099761465595], [-70.86186671232569, 43.06095264727367], [-70.86161125410604, 43.060906821626475], [-70.8611941393081, 43.06084317765341], [-70.86063952516292, 43.06074087483509], [-70.86034745458126, 43.06071381702825], [-70.86006316503433, 43.06063664993288], [-70.85985464411247, 43.06060596067776], [-70.8595291344921, 43.06049765484157], [-70.85913542654275, 43.06038818452284], [-70.85881033218155, 43.0602935017392]]]}, "properties": {"AREA": 1926850.17994, "PERIMETER": 7198.11277165, "DENSITY": "p", "HECTARES": 17.9010955384, "ACRES": 44.2343934789, "YEAR_": 2008.0}}, {"type": "Feature", "geometry": {"type": "Polygon", "coordinates": [[[-70.85876808692512, 43.061070488007424], [-70.8579064700838, 43.06093907935795], [-70.85727918733234, 43.06086257102335], [-70.85684068607277, 43.06077029136249], [-70.85630487220119, 43.06066183994887], [-70.85595432951914, 43.06059652929948], [-70.85559895590345, 43.06055318062089], [-70.85545114104173, 43.060267147554605], [-70.85533557753372, 43.06004715207208], [-70.85530576479202, 43.059861264952254], [-70.85509653139226, 43.05954516614467], [-70.85486928914001, 43.059233796468305], [-70.85478624571473, 43.05908870863021], [-70.85486287008047, 43.05902090553188], [-70.85511891183579, 43.05908331428967], [-70.85543637659667, 43.05917578859029], [-70.85582077637629, 43.05928048883586], [-70.85601553276564, 43.059317265757024], [-70.85617577385365, 43.05933889389433], [-70.85645764125822, 43.05943883033546], [-70.85692881691324, 43.05965156127782], [-70.85714826916849, 43.059736604933086], [-70.85740074881164, 43.05988927065067], [-70.85800798642636, 43.06009297285377], [-70.85828594069076, 43.06016570390787], [-70.85881033218155, 43.0602935017392], [-70.85913542654275, 43.06038818452284], [-70.8595291344921, 43.06049765484157], [-70.85985464411247, 43.06060596067776], [-70.86006316503433, 43.06063664993288], [-70.86034745458126, 43.06071381702825], [-70.86063952516292, 43.06074087483509], [-70.8611941393081, 43.06084317765341], [-70.86161125410604, 43.060906821626475], [-70.86186671232569, 43.06095264727367], [-70.86217481779627, 43.06099761465595], [-70.86269901934088, 43.06101634487301], [-70.8630829673786, 43.06100782023208], [-70.86348804265117, 43.06098077590676], [-70.86388355186833, 43.06094479733336], [-70.8642513946866, 43.060916083951795], [-70.86463203694096, 43.060900793210685], [-70.86497875233755, 43.0608905969967], [-70.8651693826917, 43.06084205067754], [-70.86551127755477, 43.06077513401263], [-70.86586225710404, 43.06070125142437], [-70.86621591806265, 43.06061369323112], [-70.86645175980657, 43.06052351160032], [-70.86647041924024, 43.060608774113625], [-70.86655383070195, 43.0606619403755], [-70.86663680152469, 43.060700572161416], [-70.86673166352568, 43.06072265289483], [-70.86679690483099, 43.06074885179756], [-70.86678644739524, 43.06081263627821], [-70.86669593746382, 43.06085228229722], [-70.86663108402655, 43.06092058967797], [-70.8666159465861, 43.06099353928915], [-70.86666858143339, 43.0610126729635], [-70.86677076642182, 43.06103099896764], [-70.86687818199361, 43.061058327061986], [-70.86695828974791, 43.06108428320947], [-70.86700690575235, 43.06113438125949], [-70.86703449354383, 43.061226626516756], [-70.8670281128417, 43.06134305403393], [-70.8669409656247, 43.061493515811236], [-70.8668700031155, 43.06160554385332], [-70.86680129720132, 43.06171026569578], [-70.86680625882221, 43.06187376457878], [-70.8668054975888, 43.06209370148174], [-70.86672974776636, 43.06229305047522], [-70.86665427340499, 43.0625014830805], [-70.86665009707934, 43.06269057720691], [-70.86665345994464, 43.06280139276244], [-70.86661293937132, 43.06285476278301], [-70.86653030093845, 43.06290882038308], [-70.86639513458192, 43.06294737705637], [-70.86629465572975, 43.06298536693734], [-70.8659875936707, 43.06283224898408], [-70.86575128361768, 43.06272341473308], [-70.86548006730013, 43.062607878742675], [-70.86515049062997, 43.06244785508389], [-70.86474119275763, 43.06227458944374], [-70.86435573754832, 43.06215182571232], [-70.86385130505192, 43.06202918113458], [-70.8633963157359, 43.06190209434026], [-70.86296962599789, 43.06180907762426], [-70.86246563896931, 43.06170096049537], [-70.86218121785221, 43.06164015820552], [-70.86135912006691, 43.06150455975357], [-70.86053416186792, 43.06135621684262], [-70.85960784819619, 43.06121678495919], [-70.85914879619381, 43.06111882780303], [-70.85876808692512, 43.061070488007424]]]}, "properties": {"AREA": 1231714.87998, "PERIMETER": 8007.82656103, "DENSITY": "h", "HECTARES": 11.4430514485, "ACRES": 28.2762828277, "YEAR_": 2008.0}}, {"type": "Feature", "geometry": {"type": "Polygon", "coordinates": [[[-70.8640930638462, 43.05929170206647], [-70.86381575515937, 43.059219883496894], [-70.86355011811891, 43.05912424502983], [-70.86347232638772, 43.059092796447764], [-70.86331580725187, 43.05908080489723], [-70.86310181141766, 43.05905339212151], [-70.8629983658817, 43.058993280104005], [-70.86301246146724, 43.058885814069086], [-70.86306801249617, 43.05883765296279], [-70.86318522155517, 43.058861190699474], [-70.86325134180179, 43.05891645777526], [-70.86330914755075, 43.058942779299855], [-70.86341314520111, 43.05893926776268], [-70.86354279718836, 43.0589644191495], [-70.8637850361413, 43.05902408767738], [-70.86401433668526, 43.0590657903985], [-70.86427325768054, 43.05910337506963], [-70.86459383849297, 43.05913086663073], [-70.86478829103035, 43.05916768410621], [-70.86496127318644, 43.05923211367687], [-70.86522008446207, 43.05926606237757], [-70.86543942201581, 43.05930610727941], [-70.86562424144262, 43.05935216807727], [-70.86586400496587, 43.059411872486024], [-70.86600483724611, 43.05947864185977], [-70.86609942388075, 43.05957343008789], [-70.8660735523284, 43.059701080388905], [-70.86602400457284, 43.059783678390744], [-70.86594814048314, 43.05981581451324], [-70.86577598409237, 43.05986042629857], [-70.86566341581937, 43.05986614750211], [-70.86541848768951, 43.059758816681196], [-70.86501809999216, 43.05963357145712], [-70.86451276460012, 43.05952139593784], [-70.86434620489946, 43.05938390755507], [-70.8640930638462, 43.05929170206647]]]}, "properties": {"AREA": 94224.5896367, "PERIMETER": 1910.84969573, "DENSITY": "sb", "HECTARES": 0.875378583511, "ACRES": 2.16309893564, "YEAR_": 2008.0}}, {"type": "Feature", "geometry": {"type": "Polygon", "coordinates": [[[-70.86764961434551, 43.06389408027999], [-70.86741049461818, 43.06372239489167], [-70.86715560560638, 43.06358159233067], [-70.86694425896262, 43.06340741031147], [-70.86669895709369, 43.06321540675554], [-70.86629465572975, 43.06298536693734], [-70.86639513458192, 43.06294737705637], [-70.86653030093845, 43.06290882038308], [-70.86661293937132, 43.06285476278301], [-70.86665345994464, 43.06280139276244], [-70.86665009707934, 43.06269057720691], [-70.86665427340499, 43.0625014830805], [-70.86672974776636, 43.06229305047522], [-70.8668054975888, 43.06209370148174], [-70.86680625882221, 43.06187376457878], [-70.86680129720132, 43.06171026569578], [-70.8668700031155, 43.06160554385332], [-70.8669409656247, 43.061493515811236], [-70.8670281128417, 43.06134305403393], [-70.86703449354383, 43.061226626516756], [-70.86700690575235, 43.06113438125949], [-70.86695828974791, 43.06108428320947], [-70.86687818199361, 43.061058327061986], [-70.86677076642182, 43.06103099896764], [-70.86666858143339, 43.0610126729635], [-70.8666159465861, 43.06099353928915], [-70.86663108402655, 43.06092058967797], [-70.86669593746382, 43.06085228229722], [-70.86678644739524, 43.06081263627821], [-70.86679690483099, 43.06074885179756], [-70.86673166352568, 43.06072265289483], [-70.86663680152469, 43.060700572161416], [-70.86655383070195, 43.0606619403755], [-70.86647041924024, 43.060608774113625], [-70.86645175980657, 43.06052351160032], [-70.86652339731283, 43.0604337369502], [-70.86652862185666, 43.060299606851075], [-70.86637068194676, 43.06030218408705], [-70.86620785386303, 43.06024576982131], [-70.8660416535189, 43.06018032289647], [-70.86599396122574, 43.06014020560175], [-70.86601758255125, 43.06001390603289], [-70.86623772319889, 43.05987572809072], [-70.86643702413514, 43.05972293566868], [-70.86665927825634, 43.05965450824059], [-70.86686839707751, 43.05960124904618], [-70.86700595091942, 43.05965383560453], [-70.86716977574046, 43.059676085502346], [-70.86732499092696, 43.05963865990858], [-70.86746843215654, 43.0596612413823], [-70.86759813341202, 43.059679062988785], [-70.86770020198347, 43.059682381629], [-70.86769068493668, 43.059592811939225], [-70.86783337054186, 43.059590482859974], [-70.86804023021946, 43.059610268412605], [-70.86823442893879, 43.059678558774124], [-70.86842132620583, 43.05968979863038], [-70.86865374504615, 43.05973296216951], [-70.86898753066662, 43.05981326237447], [-70.8692399891054, 43.05987447315783], [-70.86935057383847, 43.05994004375534], [-70.86953791485766, 43.060057444742846], [-70.86966267273911, 43.06022282845356], [-70.86980709859746, 43.06039401550961], [-70.87011541563155, 43.06055231424943], [-70.8704249051635, 43.06065750798215], [-70.87060754279825, 43.06071169112421], [-70.87081689480874, 43.06072868498704], [-70.87104195165415, 43.06071275346667], [-70.87131685657322, 43.06068783957667], [-70.87144890274034, 43.06072651459574], [-70.87160556247454, 43.060750494276064], [-70.87182932668588, 43.06078358501865], [-70.87209348231238, 43.06086297303048], [-70.87226307749368, 43.060945951008726], [-70.87233891600624, 43.06105904646145], [-70.8723043005893, 43.061202534339564], [-70.87222304371114, 43.061277367027806], [-70.87206336344178, 43.06133714900708], [-70.87194709339555, 43.06135946859714], [-70.87175215201592, 43.06135857460425], [-70.87153692146723, 43.061331469680816], [-70.87128192033731, 43.06127847289042], [-70.871099093175, 43.06121816930072], [-70.87068458682539, 43.06113919516184], [-70.87038808947723, 43.061095041690855], [-70.87020718735515, 43.06109799913639], [-70.87007718860136, 43.06112666644393], [-70.86998968026914, 43.06117914078318], [-70.86994726012385, 43.06124925261568], [-70.86994083380397, 43.0613126513727], [-70.870019142258, 43.061415500087946], [-70.87009849702861, 43.06146116236753], [-70.87019411501308, 43.06149226782714], [-70.87032473549198, 43.06148400691293], [-70.87045344126291, 43.06150436131531], [-70.87056582086541, 43.06153723398558], [-70.87066824749604, 43.06160906118514], [-70.87070078677452, 43.06167182275071], [-70.87073741156648, 43.061777393873015], [-70.87079159416197, 43.06181938435435], [-70.87085091872044, 43.061938876801406], [-70.8709076569081, 43.06215641499095], [-70.87092969433853, 43.062331643637], [-70.87090837086825, 43.06245449633085], [-70.87083608040352, 43.06254959812319], [-70.87078383101333, 43.062662747995084], [-70.8707104338234, 43.062812994989294], [-70.87073802750074, 43.06289625484847], [-70.87085036730278, 43.06311084103929], [-70.8709859572207, 43.06326583776679], [-70.87102196340703, 43.06335100137841], [-70.8711195106085, 43.06344536761263], [-70.87124692767449, 43.063514744029966], [-70.87137663143581, 43.063567748732865], [-70.87150521787423, 43.06358402158254], [-70.87162001223487, 43.06360460206323], [-70.87179171326726, 43.063665086767905], [-70.87194442963833, 43.06374221570621], [-70.87210240123865, 43.06380904976099], [-70.87222876425348, 43.063843732691645], [-70.87240973644367, 43.06384281321492], [-70.87259114301601, 43.063856177548764], [-70.87279840523554, 43.06389566095739], [-70.87296423166799, 43.06394603122621], [-70.8729788939644, 43.06397029238957], [-70.87285328894974, 43.06405197598587], [-70.87270356678022, 43.06416468095591], [-70.8724945383421, 43.064341649950045], [-70.87229057867476, 43.06450220146862], [-70.87209409830669, 43.064634046154154], [-70.87185642717961, 43.064784939906694], [-70.87160743487654, 43.064929893545816], [-70.87132343883668, 43.06511421141363], [-70.87115466359575, 43.06524151756713], [-70.87101749670407, 43.065400974707174], [-70.8709421201074, 43.06557779701361], [-70.87099985627259, 43.06582798545595], [-70.87109952798063, 43.0660836134391], [-70.87116862469227, 43.066158027731014], [-70.8707881469941, 43.06646642698482], [-70.8706729324796, 43.06661531541586], [-70.87057565917479, 43.06680474582817], [-70.8703916240637, 43.06716301630377], [-70.87023774116453, 43.06723086724469], [-70.87009551348561, 43.066949391234026], [-70.87002769202891, 43.06664219871154], [-70.86980895158341, 43.066317054764916], [-70.86959992795641, 43.06603667022845], [-70.86933554173602, 43.0656755204621], [-70.86916363620479, 43.06542515399202], [-70.86903658099388, 43.06527614222152], [-70.8688407996847, 43.06497308074469], [-70.86869964393499, 43.06481817233456], [-70.8685009643092, 43.06460295221753], [-70.86829826998991, 43.06443884017887], [-70.86811864793259, 43.06430089448202], [-70.86791508659789, 43.06410821174594], [-70.86764961434551, 43.06389408027999]]]}, "properties": {"AREA": 2371644.98634, "PERIMETER": 9061.94912935, "DENSITY": "sb", "HECTARES": 22.0333910367, "ACRES": 54.4454771887, "YEAR_": 2008.0}}, {"type": "Feature", "geometry": {"type": "Polygon", "coordinates": [[[-70.86845348246761, 43.06603564371517], [-70.8682612638576, 43.065941595944885], [-70.86806283940452, 43.06579905510057], [-70.8679456973978, 43.06568295553803], [-70.8677768125973, 43.065421919545216], [-70.8675444274719, 43.0652521646308], [-70.86732129447732, 43.065075316676875], [-70.867294055754, 43.06495774881332], [-70.86763652245439, 43.06501116448983], [-70.86798204440629, 43.0651651873259], [-70.86834818203548, 43.065374408675815], [-70.8685867779186, 43.065592653815756], [-70.86880234961588, 43.065832099677934], [-70.86900151441006, 43.065998923581695], [-70.86920099593492, 43.066176155219395], [-70.86926188793787, 43.06631052730674], [-70.86925054071271, 43.066404428785596], [-70.86901110878051, 43.06631462519449], [-70.86869859308632, 43.06615659498522], [-70.86845348246761, 43.06603564371517]]]}, "properties": {"AREA": 76563.1831359, "PERIMETER": 1547.91037199, "DENSITY": "d", "HECTARES": 0.71129809173, "ACRES": 1.75764883232, "YEAR_": 2008.0}}, {"type": "Feature", "geometry": {"type": "Polygon", "coordinates": [[[-70.8706729324796, 43.06661531541586], [-70.8707881469941, 43.06646642698482], [-70.87116862469227, 43.066158027731014], [-70.87137498693355, 43.0661871213794], [-70.87157935565307, 43.06618894388703], [-70.87187542276601, 43.066194430195104], [-70.8720328563103, 43.06627450287624], [-70.87214256877955, 43.06640701153822], [-70.87229937488523, 43.066466431569715], [-70.87253363952722, 43.06652458412244], [-70.87274379256189, 43.06648498501354], [-70.87297570028608, 43.06646569194222], [-70.87316708657167, 43.06650388264807], [-70.8734043050761, 43.06642768126042], [-70.87372350705793, 43.06626748713545], [-70.87388499587426, 43.06624934524315], [-70.87407402203667, 43.06621009061065], [-70.87413756679435, 43.06628394976492], [-70.87423009236862, 43.06636095040463], [-70.87438908717112, 43.06639966909361], [-70.8745970198221, 43.06637973235691], [-70.87496844669838, 43.0663612487316], [-70.87517062015144, 43.06633727258603], [-70.87542585198433, 43.06620498364717], [-70.87579652194898, 43.06616171422603], [-70.87592196919216, 43.06620924646304], [-70.8763143271976, 43.066322652679105], [-70.87663971671259, 43.06645781754377], [-70.87688947792726, 43.06651570720103], [-70.87745571918956, 43.066601461034324], [-70.87791328803911, 43.06663527534046], [-70.87811621669084, 43.06663607616742], [-70.87805479681269, 43.06683957390913], [-70.87805807693286, 43.06694696338366], [-70.87806236501183, 43.06708739576127], [-70.87794981050646, 43.06738305791572], [-70.87783626988865, 43.06762005767161], [-70.87774991701326, 43.06774544819121], [-70.87751898432654, 43.06793519797476], [-70.87734627604216, 43.068185977533325], [-70.8772316277932, 43.068307699647704], [-70.87702675541135, 43.06861272832321], [-70.87677256472212, 43.06896402298836], [-70.87642049337042, 43.069432629901485], [-70.87623574501914, 43.06964835237252], [-70.87622869604763, 43.06965658337213], [-70.8752235062183, 43.06996289833913], [-70.87480038069585, 43.07015036887033], [-70.87399682157071, 43.07030866465339], [-70.873267026772, 43.07045543107625], [-70.87286063838452, 43.07043729018434], [-70.8725152162595, 43.07038509116752], [-70.87219170152987, 43.07031186960141], [-70.87187369484387, 43.07023442491084], [-70.8714823248341, 43.0701540472297], [-70.87128348635335, 43.06991761869676], [-70.87125204871671, 43.06981069049614], [-70.87117076686486, 43.06954754466857], [-70.87115296318363, 43.06933294922897], [-70.87102523016918, 43.06902510596662], [-70.8708834870836, 43.068812538183884], [-70.87060086497965, 43.06823035500639], [-70.87037872825033, 43.0677835514935], [-70.870202812977, 43.067559143744724], [-70.87023774116453, 43.06723086724469], [-70.8703916240637, 43.06716301630377], [-70.87057565917479, 43.06680474582817], [-70.8706729324796, 43.06661531541586]]]}, "properties": {"AREA": 2403961.30874, "PERIMETER": 6192.13550211, "DENSITY": "h", "HECTARES": 22.3336206968, "ACRES": 55.1873578682, "YEAR_": 2008.0}}, {"type": "Feature", "geometry": {"type": "Polygon", "coordinates": [[[-70.87026389298934, 43.06864084175374], [-70.87028098685755, 43.068090950001846], [-70.870202812977, 43.067559143744724], [-70.87037872825033, 43.0677835514935], [-70.87060086497965, 43.06823035500639], [-70.8708834870836, 43.068812538183884], [-70.87102523016918, 43.06902510596662], [-70.87115296318363, 43.06933294922897], [-70.87117076686486, 43.06954754466857], [-70.87128348635335, 43.06991761869676], [-70.8714823248341, 43.0701540472297], [-70.87187369484387, 43.07023442491084], [-70.87219170152987, 43.07031186960141], [-70.8725152162595, 43.07038509116752], [-70.87286063838452, 43.07043729018434], [-70.873267026772, 43.07045543107625], [-70.87460750546492, 43.07018927936533], [-70.8736675367001, 43.07064260447203], [-70.87326009370283, 43.07083575445324], [-70.8725232281996, 43.071174154712644], [-70.87184778392472, 43.07144161561969], [-70.87137606299797, 43.07161250146389], [-70.8710738072194, 43.07160579070362], [-70.87086856095362, 43.07140061197312], [-70.87055609079992, 43.07085509197875], [-70.87043806935752, 43.07021740192509], [-70.87039034826338, 43.0698955914889], [-70.87038290728039, 43.069421991564816], [-70.8702738896396, 43.06895102433049], [-70.87026389298934, 43.06864084175374]]]}, "properties": {"AREA": 441661.680065, "PERIMETER": 4482.44786845, "DENSITY": "d", "HECTARES": 4.10318768569, "ACRES": 10.1391570263, "YEAR_": 2008.0}}, {"type": "Feature", "geometry": {"type": "Polygon", "coordinates": [[[-70.87805479681269, 43.06683957390913], [-70.87811621669084, 43.06663607616742], [-70.87816385374963, 43.06665670038075], [-70.87831049102371, 43.066733635784566], [-70.87851745194446, 43.06677784250645], [-70.87882334539573, 43.06675430597037], [-70.8790169879347, 43.06671674385693], [-70.87918579414475, 43.066692813597165], [-70.87939009055452, 43.06664978546625], [-70.87957555121604, 43.06658061992306], [-70.87974440780263, 43.06644031797896], [-70.87984820609894, 43.0662957958958], [-70.88000616478874, 43.06615302869408], [-70.88015788152353, 43.06604210032678], [-70.88033219941605, 43.06596253749844], [-70.88041832355292, 43.06594789761638], [-70.88058125954079, 43.065850008107915], [-70.88071158488091, 43.06574736477602], [-70.88086515986546, 43.06569723440562], [-70.88083356845068, 43.065607832055406], [-70.88080558245193, 43.06551837073977], [-70.88077439570596, 43.065442185537535], [-70.880642178411, 43.06536501656213], [-70.88049497618935, 43.06526958010412], [-70.88040217563878, 43.065183828538224], [-70.88040271010404, 43.06508331914269], [-70.88048656963888, 43.064994663969095], [-70.88064301968022, 43.064920684025225], [-70.88079226000147, 43.06484682178419], [-70.88099695248067, 43.06481700877261], [-70.88117689275445, 43.06480347146956], [-70.8813200525285, 43.06476673542136], [-70.88145118360029, 43.06469052553346], [-70.88156485350538, 43.0646331162214], [-70.88183010685167, 43.06457850273047], [-70.88202718265164, 43.064535589574945], [-70.88231094680904, 43.06449653968086], [-70.88259847686152, 43.06446271602602], [-70.88282407068348, 43.06440875295425], [-70.8830963702677, 43.06434873070104], [-70.88337539303899, 43.064272729118606], [-70.88366506981981, 43.06419126195066], [-70.8839158166957, 43.064134238140056], [-70.88421638963494, 43.064055234936504], [-70.88442419607664, 43.064009496091515], [-70.88457561614433, 43.06400700151447], [-70.88475697069445, 43.063922026809124], [-70.8849253629688, 43.063884869939145], [-70.88511080915681, 43.06381569527725], [-70.88529463308085, 43.063693652565604], [-70.88547460924123, 43.06356373836784], [-70.88559811670535, 43.06347442559787], [-70.88591196897379, 43.063358172498845], [-70.88625547294679, 43.06326787712075], [-70.886465907726, 43.063190354220296], [-70.88674115467226, 43.06310911661969], [-70.88699877957669, 43.06304139396531], [-70.8871667622561, 43.062991017501844], [-70.88734916537265, 43.06294040233584], [-70.88744553188275, 43.062907075603384], [-70.8874972558248, 43.06282952407371], [-70.8875698818836, 43.0627278248236], [-70.88758073214552, 43.062611277151], [-70.88758307476026, 43.06245255291743], [-70.88765030982894, 43.06229275817753], [-70.88779203548263, 43.062092062907155], [-70.88794210533335, 43.061928256217705], [-70.88810870458165, 43.061832940891854], [-70.88828595595608, 43.061732159071596], [-70.88841747811557, 43.06166915820307], [-70.88857577711238, 43.06165596615811], [-70.88876413297548, 43.061681948989204], [-70.888929724125, 43.06167128057354], [-70.88907408966045, 43.06167418618131], [-70.88917511200184, 43.061675163338826], [-70.8892375356126, 43.06171115919254], [-70.8892498929162, 43.06176120490954], [-70.88924463221211, 43.061824766611984], [-70.8891310553655, 43.06188482620553], [-70.8890169912736, 43.06192902599734], [-70.88889466206193, 43.06193898039737], [-70.88872169846631, 43.061944480313976], [-70.88857863031008, 43.06198386915446], [-70.88843965519344, 43.06203905831212], [-70.8882946866427, 43.06213401805582], [-70.88823304058272, 43.06224082528186], [-70.88806299792886, 43.062341487726655], [-70.88797554776234, 43.06243020779068], [-70.88800131604309, 43.06256466498089], [-70.8880639832377, 43.06260859176455], [-70.88819834637978, 43.06263811126112], [-70.88840562508253, 43.06269287470024], [-70.88853966439166, 43.06271182007694], [-70.88869148613533, 43.062722537176164], [-70.8888465068741, 43.06271997770669], [-70.88903806746293, 43.062732683757055], [-70.8891466273991, 43.06274411444768], [-70.88928402867808, 43.06275506944242], [-70.88944699050691, 43.06277618068669], [-70.88958143671304, 43.06280834200261], [-70.88975768223077, 43.06279220693878], [-70.8900926864805, 43.06289510735891], [-70.89025171931264, 43.06290570389317], [-70.8907060481008, 43.06290084065878], [-70.89118447617669, 43.06285855081872], [-70.8916526566952, 43.06283494177643], [-70.89204775920058, 43.06278080222583], [-70.89222525087426, 43.06268794548052], [-70.89252580391033, 43.062608920276325], [-70.89285731247574, 43.06259814604824], [-70.89330247736103, 43.06252995065927], [-70.8935944097274, 43.06252247417596], [-70.89367797827619, 43.06254224818036], [-70.89353605253324, 43.06261865124598], [-70.89380494759966, 43.06268296323341], [-70.89403803700526, 43.06275580223739], [-70.89440221370423, 43.0628687861017], [-70.89451321711992, 43.062959514570984], [-70.89463249038289, 43.06308448782389], [-70.89477962862276, 43.06317726193566], [-70.89496216617266, 43.06324829169525], [-70.89523147820236, 43.06343830012784], [-70.89557623165868, 43.06361036924467], [-70.89588018643389, 43.06403200640004], [-70.89613951112955, 43.064578828549195], [-70.89610035487668, 43.064881705582984], [-70.89568880213886, 43.06493947494432], [-70.89533277728952, 43.06497446582547], [-70.89468101803577, 43.06512807916599], [-70.8941294704931, 43.065256226419535], [-70.89347526199674, 43.06533052999884], [-70.89281262253546, 43.06536529888043], [-70.89238161511246, 43.065425324606984], [-70.89194586175519, 43.06544840000114], [-70.891660800035, 43.065445179849384], [-70.89127259514387, 43.06537225546767], [-70.89109309133934, 43.065282656545136], [-70.89113695162477, 43.06518407540883], [-70.89114541050455, 43.06510723812257], [-70.89106758603431, 43.06503976106801], [-70.89078244421981, 43.06503389530862], [-70.89012267977232, 43.065044797589586], [-70.88964718930897, 43.06506587616253], [-70.88918956350375, 43.06508136890208], [-70.88868219369569, 43.065121483152474], [-70.88810000469402, 43.065191923014794], [-70.88759672407139, 43.06524783382321], [-70.8870208509947, 43.06528907120169], [-70.88641419451943, 43.06550272270467], [-70.88579068030312, 43.0656373053767], [-70.885019101332, 43.0657663914706], [-70.88438630473838, 43.06595136979207], [-70.8836586682994, 43.066219894217454], [-70.88275270037555, 43.066554823514096], [-70.8822001771384, 43.066770206068135], [-70.88128029024597, 43.06724023443329], [-70.88023950044419, 43.06776778295175], [-70.87927553796723, 43.06833108654205], [-70.87891144205926, 43.06857509461552], [-70.87832428499557, 43.068838633341365], [-70.8775787867004, 43.069098308389535], [-70.87699730021207, 43.069317639111], [-70.87623574501914, 43.06964835237252], [-70.87642049337042, 43.069432629901485], [-70.87677256472212, 43.06896402298836], [-70.87702675541135, 43.06861272832321], [-70.8772316277932, 43.068307699647704], [-70.87734627604216, 43.068185977533325], [-70.87751898432654, 43.06793519797476], [-70.87774991701326, 43.06774544819121], [-70.87783626988865, 43.06762005767161], [-70.87794981050646, 43.06738305791572], [-70.87806236501183, 43.06708739576127], [-70.87805807693286, 43.06694696338366], [-70.87805479681269, 43.06683957390913]]]}, "properties": {"AREA": 4054221.26197, "PERIMETER": 14416.1444457, "DENSITY": "d", "HECTARES": 37.6650986672, "ACRES": 93.0721134521, "YEAR_": 2008.0}}, {"type": "Feature", "geometry": {"type": "Polygon", "coordinates": [[[-70.90112801150475, 43.06032286103013], [-70.90114963984003, 43.06022624081011], [-70.90134796504124, 43.06000635657728], [-70.90166762350957, 43.059730307289186], [-70.90181300271654, 43.05965569498797], [-70.90194718669463, 43.05974972540352], [-70.90202415308269, 43.05985072409528], [-70.9020929188695, 43.05995185787858], [-70.90217938786759, 43.0600948126751], [-70.90227238454291, 43.0601835113258], [-70.90238961185746, 43.06025977483791], [-70.90255492660795, 43.06029913935625], [-70.90264810971814, 43.060393851137974], [-70.90273309216879, 43.060488699833115], [-70.90279365886613, 43.060589970186484], [-70.90281340899976, 43.060697935332875], [-70.90275152426227, 43.06081929188581], [-70.90267267929734, 43.06092288026409], [-70.90253642820404, 43.06102742472247], [-70.902424221812, 43.06111351871403], [-70.90229561302417, 43.061199886505605], [-70.9021934661419, 43.06134597675245], [-70.9021636379509, 43.061442734107395], [-70.90226613899632, 43.061573389852434], [-70.90233005459966, 43.06178289866471], [-70.90237626572898, 43.06195058731598], [-70.90243869384092, 43.06211199038457], [-70.90247596202235, 43.06225576313079], [-70.90245526407926, 43.06238245074107], [-70.90242207162476, 43.06263568809283], [-70.9023963354035, 43.06286473742205], [-70.90236892522954, 43.063039666737254], [-70.90223118203336, 43.06309610419594], [-70.902119174831, 43.06292349313818], [-70.9020543299278, 43.062683917983], [-70.9020252636972, 43.062540009080635], [-70.90203273979778, 43.06225110026655], [-70.90202362800831, 43.061956450978194], [-70.90197444210281, 43.06169254993036], [-70.90193252761625, 43.06139844654441], [-70.90188557359157, 43.06120670396329], [-70.901793133698, 43.061136044413026], [-70.901599497073, 43.06097682259837], [-70.90139673068836, 43.06078767016796], [-70.90117626308101, 43.06055669708239], [-70.90112801150475, 43.06032286103013]]]}, "properties": {"AREA": 217098.988516, "PERIMETER": 2853.21521361, "DENSITY": "h", "HECTARES": 2.01692366909, "ACRES": 4.98390699072, "YEAR_": 2008.0}}, {"type": "Feature", "geometry": {"type": "Polygon", "coordinates": [[[-70.89373102369463, 43.05938065328987], [-70.89372302310434, 43.05930308884697], [-70.8936821325253, 43.05917562220339], [-70.89372104435874, 43.05891129897559], [-70.89375881792317, 43.0586100298082], [-70.89376184330277, 43.058380800092166], [-70.89382212033156, 43.05815555138371], [-70.89392169635234, 43.058006044963946], [-70.89403943045089, 43.05790059535606], [-70.89414731630677, 43.05780270173244], [-70.894187037957, 43.05767390074871], [-70.89433194516714, 43.05757785823688], [-70.89467280339447, 43.05751553540499], [-70.89521319969919, 43.05749426221664], [-70.89569808736427, 43.057525657394436], [-70.89600609683113, 43.05759694658006], [-70.89621417588985, 43.05769699755817], [-70.89637760199678, 43.05776575315079], [-70.89654224524878, 43.05787391778216], [-70.89658871996429, 43.0579643261543], [-70.89669830254404, 43.05802257679685], [-70.89679577811542, 43.058142618660014], [-70.89688339912956, 43.05841093127539], [-70.89686444099964, 43.05861489162454], [-70.89677994281723, 43.05879878117768], [-70.89669094354437, 43.058953652398834], [-70.89659243244927, 43.059150997682956], [-70.89646663011392, 43.05939904545933], [-70.89642039869375, 43.059537338819375], [-70.8963268763448, 43.05977956269039], [-70.89630899538139, 43.059901517129575], [-70.89626989091065, 43.06003704808171], [-70.89623194816608, 43.060093216703216], [-70.89615098968633, 43.06015803251342], [-70.8960219438353, 43.060183974931206], [-70.89588134969225, 43.06018630464027], [-70.89574330079218, 43.06015421015977], [-70.89563368563736, 43.060108421168145], [-70.89553062866699, 43.06004136488833], [-70.89535801864064, 43.05994108008452], [-70.89517204743929, 43.059875397253435], [-70.89502359341097, 43.05985669820479], [-70.8949310849801, 43.05989790139106], [-70.8948281701501, 43.059952501663886], [-70.89476965413243, 43.06004339257755], [-70.89470761393989, 43.06013698628229], [-70.89464172553615, 43.06022270996412], [-70.89444662694177, 43.06032908647609], [-70.89435985058603, 43.06035090684546], [-70.89421784687946, 43.06026902908958], [-70.89404883298893, 43.06010938639288], [-70.89389548157847, 43.05992541876756], [-70.89368639243884, 43.05979652003966], [-70.89353470882163, 43.05966667113107], [-70.89362010227315, 43.059508832698896], [-70.89373102369463, 43.05938065328987]]]}, "properties": {"AREA": 686180.273038, "PERIMETER": 3286.84666305, "DENSITY": "sb", "HECTARES": 6.3748488347, "ACRES": 15.7525315206, "YEAR_": 2008.0}}, {"type": "Feature", "geometry": {"type": "Polygon", "coordinates": [[[-70.89166956616792, 43.059300097118246], [-70.89163499206755, 43.05926863358469], [-70.89163249267015, 43.05918735257106], [-70.89167520099107, 43.05904618196889], [-70.89157412887955, 43.05903799547318], [-70.89139923733408, 43.05903349457191], [-70.89121404163863, 43.059021770878346], [-70.89102624294341, 43.059034732437574], [-70.8908793589911, 43.05906673137914], [-70.890761189554, 43.05904897023679], [-70.89060150204922, 43.05899246612063], [-70.89037014320212, 43.058900181987134], [-70.89014610706495, 43.05882749053127], [-70.88989954258062, 43.05878720644758], [-70.8897557139821, 43.05880929678022], [-70.88970654084022, 43.05884953781622], [-70.88960120284939, 43.058811849251555], [-70.8895222832872, 43.058758938199006], [-70.8894358137961, 43.05867904471251], [-70.88970617610194, 43.05850947144309], [-70.88982369122714, 43.05839663705868], [-70.88998694464007, 43.05824115356308], [-70.89016128728501, 43.05800909431524], [-70.89032529604923, 43.0578782403358], [-70.89047493213509, 43.05782648236031], [-70.89053006524756, 43.05776149989297], [-70.8905807029389, 43.057659626995324], [-70.89065859105904, 43.05756962479429], [-70.89065351916746, 43.057404601134145], [-70.89070294577614, 43.05726331888138], [-70.89063832310158, 43.057128850743005], [-70.89061491456235, 43.05702327288206], [-70.89076356370164, 43.056939494389184], [-70.8908905937268, 43.05691768047154], [-70.89113050986994, 43.056960536847804], [-70.89135279786018, 43.05697657622326], [-70.89158629913626, 43.05702939440726], [-70.89177704460727, 43.05711249038207], [-70.89211118541984, 43.057050286318706], [-70.89240181290127, 43.05699372886443], [-70.89274731673757, 43.05697322701222], [-70.89308989350343, 43.05707598811162], [-70.89346676505235, 43.05709192953179], [-70.89382004852104, 43.05710579576251], [-70.89411989469761, 43.05713040369232], [-70.89438653152732, 43.05716788141498], [-70.89472362895093, 43.05720172818713], [-70.89495493272906, 43.057183111052574], [-70.89545446852739, 43.05725369296931], [-70.89582399801384, 43.0573584629552], [-70.89599619077772, 43.05749361034106], [-70.89600609683113, 43.05759694658006], [-70.89569808736427, 43.057525657394436], [-70.89521319969919, 43.05749426221664], [-70.89467280339447, 43.05751553540499], [-70.89433194516714, 43.05757785823688], [-70.894187037957, 43.05767390074871], [-70.89414731630677, 43.05780270173244], [-70.89392169635234, 43.058006044963946], [-70.89382212033156, 43.05815555138371], [-70.89376184330277, 43.058380800092166], [-70.89375881792317, 43.0586100298082], [-70.8936821325253, 43.05917562220339], [-70.89345518710061, 43.059117771177135], [-70.8933094640704, 43.059078290071554], [-70.89307512056314, 43.0589983819895], [-70.89294404636425, 43.058998086358145], [-70.89274960636085, 43.059013625320034], [-70.89256287059884, 43.05906107196468], [-70.89239979690824, 43.059113055898656], [-70.89221412055392, 43.05919498451411], [-70.89202806598125, 43.05926459692596], [-70.89182064329958, 43.05929513497], [-70.89166956616792, 43.059300097118246]]]}, "properties": {"AREA": 793998.257303, "PERIMETER": 4692.87363792, "DENSITY": "h", "HECTARES": 7.37651469185, "ACRES": 18.2276918573, "YEAR_": 2008.0}}, {"type": "Feature", "geometry": {"type": "Polygon", "coordinates": [[[-70.88252395166862, 43.06071906243585], [-70.88232926661468, 43.0606776925701], [-70.88207736584373, 43.06057242807809], [-70.88206458401318, 43.060515908296885], [-70.88220596197928, 43.06044064269188], [-70.88230364911841, 43.060382305683255], [-70.8824712804919, 43.06026203418395], [-70.88264250669904, 43.0602592169945], [-70.88294617080332, 43.060250166537315], [-70.88310243851126, 43.06030027304573], [-70.88323208106573, 43.06038323486646], [-70.88342086965017, 43.06041254385737], [-70.88362759259799, 43.06048613187518], [-70.88386770563916, 43.06056727345944], [-70.88405463335995, 43.060535830145405], [-70.8842975410591, 43.0605277765389], [-70.88457873974693, 43.06050693624526], [-70.8847061513659, 43.060516994011394], [-70.88460393584259, 43.06060782503093], [-70.88444046597506, 43.06068345748562], [-70.88427699571909, 43.060759088802534], [-70.88407777861094, 43.060750213830495], [-70.8839177223164, 43.06075690105822], [-70.88371788644523, 43.06072777475123], [-70.88354851896709, 43.06079134569586], [-70.88328866798715, 43.06078751929006], [-70.88311080157378, 43.06075397758589], [-70.88290078660538, 43.06075338284693], [-70.88269089437931, 43.06075683659834], [-70.88252395166862, 43.06071906243585]]]}, "properties": {"AREA": 78212.236926, "PERIMETER": 1549.05958661, "DENSITY": "d", "HECTARES": 0.726618364033, "ACRES": 1.79550589821, "YEAR_": 2008.0}}, {"type": "Feature", "geometry": {"type": "Polygon", "coordinates": [[[-70.89109824163664, 43.06191328554432], [-70.8910907926012, 43.061843433691415], [-70.89102987440751, 43.061758916743266], [-70.89096317999898, 43.06165894440922], [-70.8909125025265, 43.061562594852], [-70.89089302178505, 43.06144629220067], [-70.89093808578698, 43.061360022667195], [-70.89105817056705, 43.061299725429784], [-70.89122570777013, 43.06123086951049], [-70.8913626457008, 43.061201392527565], [-70.89150368703078, 43.06113297329843], [-70.89168289680302, 43.06109891057901], [-70.89178632599796, 43.061186612678824], [-70.8919997208205, 43.061229733212144], [-70.89216398983721, 43.06122701670971], [-70.89230224188988, 43.06124028005692], [-70.89247264555142, 43.06126467343934], [-70.89264173576655, 43.06124632602325], [-70.8928730981939, 43.0611841861168], [-70.8930213503282, 43.061177844940474], [-70.89315864530894, 43.06116002353784], [-70.89324669529243, 43.06109247898426], [-70.89325466144469, 43.0610068228531], [-70.89335040252969, 43.06101690089045], [-70.89346889343997, 43.06107713934622], [-70.89364121193526, 43.06116369931776], [-70.89371826933808, 43.06125572324361], [-70.89381158134489, 43.061359140444175], [-70.89387214360929, 43.061432000000615], [-70.89383804218107, 43.06152975159915], [-70.893762145733, 43.06164763211375], [-70.8936637362771, 43.061723123935934], [-70.89352847423643, 43.06180699926571], [-70.89339779161779, 43.06186747502517], [-70.8932459139777, 43.06192830067796], [-70.8930610449933, 43.061950797389045], [-70.89291868723866, 43.06197647797155], [-70.89278931983034, 43.062079692680975], [-70.89259998818315, 43.06212947482391], [-70.89244739089767, 43.06216698661534], [-70.89230479382564, 43.06218489550346], [-70.89221781720651, 43.06228740892447], [-70.8921400046393, 43.06234311999999], [-70.8920242619076, 43.06237224719323], [-70.89197390022933, 43.06245860459911], [-70.89183648153333, 43.06247253953065], [-70.89165404209328, 43.06240169447973], [-70.89137609873399, 43.062328540444824], [-70.89117234369895, 43.06225415929653], [-70.89110612659844, 43.062169728907456], [-70.89111879824344, 43.06206455778743], [-70.89109824163664, 43.06191328554432]]]}, "properties": {"AREA": 258038.155517, "PERIMETER": 2191.15640526, "DENSITY": "h", "HECTARES": 2.39726249739, "ACRES": 5.92374094391, "YEAR_": 2008.0}}, {"type": "Feature", "geometry": {"type": "Polygon", "coordinates": [[[-70.89163142849333, 43.06028727790253], [-70.89166362114395, 43.060127358617265], [-70.89165872239782, 43.05996805318349], [-70.89165346472389, 43.05979709089496], [-70.89163880431994, 43.059665159031276], [-70.89164713145206, 43.059591158957474], [-70.89175733241663, 43.059554349509874], [-70.89189064021421, 43.05957935671617], [-70.8920028721611, 43.05960860129504], [-70.89214773442035, 43.05966451702568], [-70.89227514555206, 43.05967018526423], [-70.89238690072283, 43.059683885813364], [-70.89252068624127, 43.05972443504425], [-70.89259220214163, 43.05980877716968], [-70.89260025041153, 43.059898055836236], [-70.8925862670368, 43.059960486619374], [-70.89255686368837, 43.06003872348477], [-70.89254431549814, 43.06014777984493], [-70.89253164549095, 43.06025295207162], [-70.89253909723598, 43.06032280296951], [-70.89255256426078, 43.06041588007154], [-70.89256567220208, 43.060497300323334], [-70.89249316050058, 43.06055292419395], [-70.89250662750115, 43.0606460012975], [-70.89256718752047, 43.06071886153614], [-70.8926971124922, 43.060806124534004], [-70.89279970500337, 43.060866627023785], [-70.89292170109351, 43.06086849524101], [-70.89307537130998, 43.060865952410715], [-70.89313473639959, 43.06089995771144], [-70.89319975910897, 43.060945531415854], [-70.89325466144469, 43.0610068228531], [-70.89324669529243, 43.06109247898426], [-70.89315864530894, 43.06116002353784], [-70.8930213503282, 43.061177844940474], [-70.8928730981939, 43.0611841861168], [-70.89264173576655, 43.06124632602325], [-70.89247264555142, 43.06126467343934], [-70.89230224188988, 43.06124028005692], [-70.89216398983721, 43.06122701670971], [-70.8919997208205, 43.061229733212144], [-70.89178632599796, 43.061186612678824], [-70.89168289680302, 43.06109891057901], [-70.89159030544928, 43.06101880445658], [-70.89163760066052, 43.060660374502504], [-70.89163142849333, 43.06028727790253]]]}, "properties": {"AREA": 163553.561575, "PERIMETER": 1900.3113241, "DENSITY": "sb", "HECTARES": 1.51946838518, "ACRES": 3.75467313073, "YEAR_": 2008.0}}, {"type": "Feature", "geometry": {"type": "Polygon", "coordinates": [[[-70.84973177260756, 43.065230000292175], [-70.84934834149617, 43.0652765084392], [-70.84907359586248, 43.06528094865449], [-70.84878661201849, 43.06540075374412], [-70.84848987344448, 43.06545737439662], [-70.8481682017523, 43.06546832985065], [-70.84798436849415, 43.065361891180466], [-70.84786125933923, 43.06518537072126], [-70.8479199074852, 43.065046222899035], [-70.8480024505607, 43.06491820636619], [-70.84819748584165, 43.0648747473037], [-70.84849404794292, 43.064812372302185], [-70.84879967122714, 43.064790158120466], [-70.84902662275631, 43.06476345722592], [-70.8492929974603, 43.06474187674999], [-70.84944947301749, 43.06472207183642], [-70.84973068048244, 43.06467145891276], [-70.8499490895889, 43.06462186078546], [-70.85022210018093, 43.06455986230823], [-70.85052754755405, 43.06453188841542], [-70.85084990807545, 43.064543948382884], [-70.85114941063893, 43.06457941079703], [-70.8514084523814, 43.06457521918156], [-70.85173254560306, 43.064644831884934], [-70.85198495073254, 43.064681054899815], [-70.85217525273815, 43.064741315266986], [-70.85258413446982, 43.064757728111424], [-70.8527744360741, 43.064817988379424], [-70.85304718968234, 43.06488852393649], [-70.85240363773937, 43.064887887421264], [-70.85165744115076, 43.06498475190006], [-70.8506624234555, 43.065166734651875], [-70.85003655969564, 43.065206069232566], [-70.84973177260756, 43.065230000292175]]]}, "properties": {"AREA": 226865.823103, "PERIMETER": 2956.20024621, "DENSITY": "h", "HECTARES": 2.10766089447, "ACRES": 5.20812266076, "YEAR_": 2008.0}}, {"type": "Feature", "geometry": {"type": "Polygon", "coordinates": [[[-70.85300711636899, 43.07029515602755], [-70.85306766443873, 43.070195849537285], [-70.85339485206137, 43.070072716211385], [-70.85366575825752, 43.0699643570253], [-70.85377174490644, 43.06989113649404], [-70.85384100298594, 43.069779999424114], [-70.85404821390374, 43.069588552939], [-70.85426443393663, 43.0695353646453], [-70.854710317094, 43.06939328098605], [-70.85514823411393, 43.06930810582273], [-70.85572268708874, 43.06925620254456], [-70.85611112962212, 43.0692960358932], [-70.85642227028698, 43.06934067117361], [-70.85657246601346, 43.06934533158402], [-70.85695898151782, 43.0693213143464], [-70.85712885175109, 43.06933630036807], [-70.85751933134657, 43.06944352405125], [-70.8578125133578, 43.06953458222791], [-70.85799420442865, 43.06962035281718], [-70.85765157356614, 43.06967790247781], [-70.85741653951071, 43.0696331345573], [-70.85741446654237, 43.06963316850633], [-70.85670886643113, 43.06964462148817], [-70.8567067946899, 43.069644655433095], [-70.8563502748648, 43.06973482466324], [-70.85588948058505, 43.06983691299713], [-70.85559137400222, 43.06989800351672], [-70.8552996217992, 43.06993853451484], [-70.85506093177067, 43.070003775187615], [-70.85486089721883, 43.070078617070294], [-70.85462507615063, 43.07012335350093], [-70.85457092221682, 43.070136486925], [-70.85429900218152, 43.070200168738836], [-70.85426142410788, 43.0702085174087], [-70.85401518954467, 43.070235467072195], [-70.85387707741737, 43.07023264624641], [-70.85376816065494, 43.07020628279211], [-70.8537670545463, 43.070206550384015], [-70.85376608766626, 43.07020631667485], [-70.8535964247203, 43.07024742159868], [-70.85336664848059, 43.070261373251995], [-70.85300711636899, 43.07029515602755]]]}, "properties": {"AREA": 208750.255416, "PERIMETER": 2868.98475683, "DENSITY": "h", "HECTARES": 1.93936109033, "ACRES": 4.79224645123, "YEAR_": 2008.0}}, {"type": "Feature", "geometry": {"type": "Polygon", "coordinates": [[[-70.87337185984642, 43.09266854788592], [-70.8732179551218, 43.09271043635703], [-70.87298320341749, 43.09265029263645], [-70.87313813339115, 43.092572377351935], [-70.87319549888683, 43.092469454078376], [-70.87313620957796, 43.09231079869314], [-70.87300837634376, 43.09208675475579], [-70.87331240506035, 43.0922845944103], [-70.87346980831718, 43.092553215387554], [-70.87337185984642, 43.09266854788592]]]}, "properties": {"AREA": 12387.1065506, "PERIMETER": 614.150755871, "DENSITY": "h", "HECTARES": 0.115080445856, "ACRES": 0.284368837249, "YEAR_": 2008.0}}, {"type": "Feature", "geometry": {"type": "Polygon", "coordinates": [[[-70.87325574667466, 43.091804813196354], [-70.87326080901829, 43.091803231612595], [-70.8732700464243, 43.09180457838738], [-70.87342713289135, 43.09175551692727], [-70.87355110301445, 43.091660508471705], [-70.87359757363505, 43.09152027890821], [-70.87364541003535, 43.091441242563036], [-70.87379671184631, 43.09144728331312], [-70.8737979301893, 43.09144652662028], [-70.87381101150005, 43.09144704933595], [-70.87394174515201, 43.091365875942905], [-70.87402738928486, 43.09126219666413], [-70.87401778952115, 43.09115542897002], [-70.87398382191665, 43.09108160300441], [-70.87407074038141, 43.09101974308223], [-70.87413258212786, 43.090967591354236], [-70.87408508381101, 43.09086609354123], [-70.87407675881771, 43.090801144342656], [-70.87427907371136, 43.09077923409902], [-70.87446265222222, 43.09076692899947], [-70.87454971130397, 43.09070971540144], [-70.87464140932116, 43.09059663849282], [-70.87468323757774, 43.09051227168062], [-70.87482650680981, 43.09042624305031], [-70.8749704835148, 43.090363447729416], [-70.8750957239328, 43.09031025693362], [-70.87519503602701, 43.09023889519018], [-70.87531941044435, 43.0901479013922], [-70.87536974405454, 43.09034811621768], [-70.87529895570994, 43.090549330639945], [-70.87524751503778, 43.09073890745236], [-70.87508327881797, 43.0909827586009], [-70.87495970147863, 43.09115254672375], [-70.87476270758641, 43.091260626666674], [-70.8745110731285, 43.09145348391591], [-70.87434587278348, 43.09166589376173], [-70.87442728134867, 43.0919895999145], [-70.87430433882302, 43.09218034737945], [-70.8738956887094, 43.09211319609975], [-70.87325574667466, 43.091804813196354]]]}, "properties": {"AREA": 144499.647866, "PERIMETER": 2091.68206364, "DENSITY": "p", "HECTARES": 1.34245102636, "ACRES": 3.31725546064, "YEAR_": 2008.0}}, {"type": "Feature", "geometry": {"type": "Polygon", "coordinates": [[[-70.88485897274307, 43.07774226917432], [-70.88483392778505, 43.07766824886778], [-70.88547670855954, 43.077419260572604], [-70.8860384864649, 43.07718011745383], [-70.88647569757195, 43.07704519632624], [-70.88669730613782, 43.077075598597716], [-70.8869753908024, 43.07705398329004], [-70.88725582612788, 43.07710895640888], [-70.88734764971066, 43.077073384524034], [-70.88773868450144, 43.07694773439321], [-70.88792154744199, 43.07685106126957], [-70.88789519485874, 43.07674932666379], [-70.88771557898566, 43.07657349360107], [-70.8874995705755, 43.07634717537166], [-70.88729308218673, 43.07605258673618], [-70.8870522942471, 43.07577559173221], [-70.88671068884308, 43.075619457858544], [-70.88620526310267, 43.07542345293509], [-70.88576949116718, 43.07522629723141], [-70.8855009346831, 43.07517963892813], [-70.88494165023383, 43.07512074236412], [-70.88460300398728, 43.075150517400125], [-70.88487946155078, 43.074988516807025], [-70.8851702239485, 43.074809991755544], [-70.88548435502447, 43.07466908570161], [-70.88568878461157, 43.07457342028358], [-70.88592515306308, 43.07455323580236], [-70.8862347088758, 43.07450469892547], [-70.88660614664589, 43.07454200747472], [-70.88685091477386, 43.07455425804267], [-70.88713202796136, 43.07454419223821], [-70.88730880352973, 43.07467303470821], [-70.88813496555383, 43.07510213841398], [-70.88845596751969, 43.075343749472985], [-70.88901201670201, 43.07567513518569], [-70.88947729572259, 43.076076130506245], [-70.88988035372545, 43.07634192584092], [-70.89007393840123, 43.07659415157172], [-70.8903962654648, 43.0768783068437], [-70.89066962210607, 43.07707705400708], [-70.8905120991151, 43.077145801272565], [-70.89029589270204, 43.07733763067368], [-70.89008537232178, 43.077488661545786], [-70.88979807038493, 43.07762569627734], [-70.88946773700745, 43.077717648723635], [-70.88911627826958, 43.0777997736405], [-70.88882392501544, 43.07787309061243], [-70.88853316704197, 43.07802309788427], [-70.8881351741236, 43.07817213184775], [-70.8877089613194, 43.0783063663172], [-70.88734841267951, 43.07829573885953], [-70.8868615421188, 43.07833358281068], [-70.88630905662318, 43.07844207014513], [-70.88580863447501, 43.07848013315437], [-70.88563898366712, 43.07816583104473], [-70.88551793655705, 43.078006057109086], [-70.8855382831006, 43.077912066185824], [-70.88548975938252, 43.077844753078445], [-70.88518662582402, 43.0778071782632], [-70.88485897274307, 43.07774226917432]]]}, "properties": {"AREA": 1070989.63094, "PERIMETER": 6051.89106972, "DENSITY": "h", "HECTARES": 9.9498590517, "ACRES": 24.5865388187, "YEAR_": 2008.0}}, {"type": "Feature", "geometry": {"type": "Polygon", "coordinates": [[[-70.86123275162639, 43.070683488282675], [-70.86103153549315, 43.07070233358404], [-70.86086193012285, 43.07071287930094], [-70.86067911803353, 43.070637991032115], [-70.86049489374302, 43.07051640834267], [-70.86039582591985, 43.07040122692349], [-70.86057604718991, 43.07039051003316], [-70.8608529799603, 43.070417150107374], [-70.86099168214399, 43.07043825255012], [-70.86117614293698, 43.070567616203306], [-70.86123275162639, 43.070683488282675]]]}, "properties": {"AREA": 15975.4454927, "PERIMETER": 545.40147349, "DENSITY": "sb", "HECTARES": 0.148417338832, "ACRES": 0.366745764296, "YEAR_": 2008.0}}, {"type": "Feature", "geometry": {"type": "Polygon", "coordinates": [[[-70.89949382556068, 43.0640609530316], [-70.89929876202939, 43.064193832479354], [-70.89878753493754, 43.06436252068769], [-70.89844168423002, 43.06441923394217], [-70.89798776528329, 43.064514148740756], [-70.89716836392716, 43.06467337788887], [-70.89654591501723, 43.06477836421408], [-70.89610035487668, 43.064881705582984], [-70.89613951112955, 43.064578828549195], [-70.89588018643389, 43.06403200640004], [-70.89557623165868, 43.06361036924467], [-70.89523147820236, 43.06343830012784], [-70.89496216617266, 43.06324829169525], [-70.89514009497442, 43.06325993692963], [-70.89512321704815, 43.063034477173794], [-70.8951462669332, 43.06281563815823], [-70.89557712930049, 43.06293957366346], [-70.89600008596948, 43.063129176123745], [-70.89594282715568, 43.06288254093614], [-70.89598213756207, 43.06254692144836], [-70.89607376914235, 43.06229781790162], [-70.89622316317516, 43.0619895015528], [-70.89648690113677, 43.061846773640575], [-70.89683273905487, 43.06179006707102], [-70.89623358999029, 43.061683489173426], [-70.89590087372002, 43.061521519183714], [-70.89573936659653, 43.06143681327354], [-70.895324554471, 43.061188819786736], [-70.89496072064914, 43.06098367159898], [-70.89470629620736, 43.06078399251432], [-70.89452948664523, 43.060524771360114], [-70.89435985058603, 43.06035090684546], [-70.89444662694177, 43.06032908647609], [-70.89464172553615, 43.06022270996412], [-70.89470761393989, 43.06013698628229], [-70.89476965413243, 43.06004339257755], [-70.8948281701501, 43.059952501663886], [-70.89502359341097, 43.05985669820479], [-70.89517204743929, 43.059875397253435], [-70.89535801864064, 43.05994108008452], [-70.89553062866699, 43.06004136488833], [-70.89563368563736, 43.060108421168145], [-70.89574330079218, 43.06015421015977], [-70.89588134969225, 43.06018630464027], [-70.8960219438353, 43.060183974931206], [-70.89615098968633, 43.06015803251342], [-70.89623194816608, 43.060093216703216], [-70.89626989091065, 43.06003704808171], [-70.89630899538139, 43.059901517129575], [-70.8963268763448, 43.05977956269039], [-70.89642039869375, 43.059537338819375], [-70.89646663011392, 43.05939904545933], [-70.89659243244927, 43.059150997682956], [-70.89669094354437, 43.058953652398834], [-70.89677994281723, 43.05879878117768], [-70.89686444099964, 43.05861489162454], [-70.89688339912956, 43.05841093127539], [-70.89679577811542, 43.058142618660014], [-70.89669830254404, 43.05802257679685], [-70.89722729101365, 43.058234573171134], [-70.89747990675734, 43.0584401027474], [-70.89769084582117, 43.05858224211846], [-70.89796710688358, 43.058781551834585], [-70.89801762315317, 43.05887392211554], [-70.8980751712451, 43.05894663141209], [-70.89849589309726, 43.05922409994984], [-70.89830861474921, 43.05944054459471], [-70.89819348479618, 43.05963801460288], [-70.89820280697488, 43.059940087558374], [-70.8982385547952, 43.06031283426819], [-70.89848581734846, 43.06046873379755], [-70.89928111066816, 43.06031330850194], [-70.90003781338932, 43.060478523924495], [-70.90070143279362, 43.06076972746148], [-70.90127471621146, 43.06127576633716], [-70.90166128575231, 43.06201602084609], [-70.90177525196246, 43.062565246851726], [-70.90179063533625, 43.0630627772569], [-70.90155708796041, 43.06335110910427], [-70.90119907154057, 43.063534839822715], [-70.90086473890806, 43.06370039878399], [-70.90060091050596, 43.06379367217011], [-70.900073250083, 43.06398021798634], [-70.89949382556068, 43.0640609530316]]]}, "properties": {"AREA": 2568212.37831, "PERIMETER": 8499.68911136, "DENSITY": "sb", "HECTARES": 23.8595691693, "ACRES": 58.9580435793, "YEAR_": 2008.0}}]}