{"type": "FeatureCollection", "features": [{"type": "Feature", "geometry": {"type": "Polygon", "coordinates": [[[-70.73602934291685, 43.05978048476805], [-70.73602523540085, 43.05976497896252], [-70.73600059029894, 43.05977448252036], [-70.73600538240369, 43.05974547165271], [-70.73597936813039, 43.05973896921408], [-70.73597594520012, 43.05973046602512], [-70.73595814596048, 43.05972696471113], [-70.73597115309781, 43.05971846152097], [-70.7360026440606, 43.05971996208513], [-70.73600538240622, 43.05970295570098], [-70.73597526061583, 43.05969945438504], [-70.73596225347976, 43.059686449498614], [-70.73597115310034, 43.05967544536247], [-70.73598758316835, 43.059668442729674], [-70.73599922113323, 43.059662940660466], [-70.73602591999295, 43.05966444122579], [-70.73603618878428, 43.05967994705694], [-70.73605398802393, 43.0596844487496], [-70.736079317712, 43.05967494517783], [-70.7361019090534, 43.05970095495264], [-70.73606494140121, 43.05970295570285], [-70.7360327658515, 43.059714460021084], [-70.73605193426296, 43.05972646452646], [-70.73605809553726, 43.059744471279416], [-70.73607726394887, 43.05975397484179], [-70.73609027108498, 43.05976647952652], [-70.73607794853376, 43.059774982710046], [-70.736078633119, 43.05979048851299], [-70.73605942625339, 43.05981204520246], [-70.73603755794916, 43.059804993936616], [-70.73602934291685, 43.05978048476805]]]}, "properties": {"Hectares": 0.00884135789, "Acres": 0.02184738376, "Year": "2025", "Name": "Eelgrass", "Confidence": "H", "Notes": "UAV Imagery Used", "Type": 1, "LABEL": "Sagamore Creek", "ID": 0}}, {"type": "Feature", "geometry": {"type": "Polygon", "coordinates": [[[-70.73485215695658, 43.057138237344454], [-70.73489502486044, 43.05710230866836], [-70.73490258978212, 43.05713823734605], [-70.73492654537442, 43.05713547360313], [-70.73493537112063, 43.05710599366316], [-70.73497067409869, 43.05710322991917], [-70.73499715133093, 43.05712257613329], [-70.73498832558543, 43.057140079844494], [-70.73493789275862, 43.05716126853957], [-70.73489376403482, 43.05718614221627], [-70.73487989500664, 43.057205488403], [-70.73485720023484, 43.05721101588312], [-70.73477902935608, 43.05719719717742], [-70.73476894279256, 43.057170481008775], [-70.73479415920585, 43.057161268535], [-70.73478029017997, 43.05714192233354], [-70.73485215695658, 43.057138237344454]]]}, "properties": {"Hectares": 0.01125517918, "Acres": 0.0278120422, "Year": "2025", "Name": "Eelgrass", "Confidence": "H", "Notes": "UAV Imagery Used", "Type": 1, "LABEL": "Sagamore Creek", "ID": 1}}, {"type": "Feature", "geometry": {"type": "Polygon", "coordinates": [[[-70.71088090187357, 43.06956501333663], [-70.71085769539522, 43.06955175629252], [-70.71086748237528, 43.069518206308054], [-70.71090176265946, 43.06949804447338], [-70.71082620483672, 43.069479525190275], [-70.71077760075067, 43.069466497565884], [-70.7107472577646, 43.06943551258625], [-70.71076562811443, 43.06942148345371], [-70.7107516322, 43.069400078626465], [-70.71074578249507, 43.06938248182447], [-70.71074387011461, 43.069313738243615], [-70.71077301095008, 43.06930151297544], [-70.71082686356087, 43.06931053227785], [-70.71084638135044, 43.0693377492798], [-70.7108637119743, 43.06938268325959], [-70.71089957687428, 43.069419480388824], [-70.7109713080842, 43.06939679354601], [-70.71097283947547, 43.06935550733806], [-70.71101023578952, 43.06935101822441], [-70.7110798890577, 43.069349976502664], [-70.7111418879721, 43.06936280365762], [-70.71118644673567, 43.069326768650676], [-70.711204379719, 43.06929702663477], [-70.71113478116712, 43.06930003253312], [-70.71108874683145, 43.06928303676711], [-70.7110651279575, 43.069301074287296], [-70.7110254352467, 43.069319352198356], [-70.71095326697869, 43.06932632625676], [-70.71088115333664, 43.069335264372036], [-70.71086743061953, 43.06932368006995], [-70.71085059179524, 43.06929642301004], [-70.71080209713264, 43.069287323597855], [-70.71072435237785, 43.06928652122321], [-70.71067252312706, 43.06925389258553], [-70.71065710673847, 43.06918142108137], [-70.71070275841878, 43.06918466830795], [-70.71076503029228, 43.06920731618357], [-70.71081850032833, 43.06920258677526], [-70.7108610905649, 43.0691921252832], [-70.71090165755163, 43.069205273064576], [-70.71098809486242, 43.0692295243517], [-70.71102532715436, 43.069219142928084], [-70.7109791836155, 43.06919821891197], [-70.71094156880972, 43.06919485160541], [-70.7109755210131, 43.06916290513819], [-70.71102904563945, 43.06916013973448], [-70.71097994994881, 43.06912943527271], [-70.71097349909806, 43.06909023335849], [-70.7110164717625, 43.06909352052507], [-70.71110821222999, 43.069115727490896], [-70.71114795943758, 43.06909941365519], [-70.7110991369898, 43.06907852975459], [-70.71109268606965, 43.06903932784796], [-70.7111679701599, 43.06904802645441], [-70.71124604253845, 43.06906061314404], [-70.71127654954842, 43.06909749029773], [-70.71126113165076, 43.069121299947696], [-70.7112640292347, 43.06912911628398], [-70.71128327387392, 43.06914651270066], [-70.71128917836366, 43.06916607357542], [-70.71126812924632, 43.06918014286061], [-70.71131952148095, 43.06919705841032], [-70.71135188769216, 43.06920443394242], [-70.71139234546668, 43.06921365334445], [-70.71138501914577, 43.06923930688895], [-70.7113293074264, 43.06925978944855], [-70.71132192641639, 43.06928347888766], [-70.71138162895839, 43.06931009469761], [-70.71137528714844, 43.06927482101534], [-70.71139354798493, 43.069256863581494], [-70.71142301662475, 43.06925642276033], [-70.7114220873899, 43.06922303303222], [-70.7114541256551, 43.06921862392504], [-70.71147397166365, 43.069257625425664], [-70.71149556739084, 43.06926319711883], [-70.71150863424592, 43.06925121212517], [-70.71147271442642, 43.06921245108879], [-70.7114882415887, 43.06919256961489], [-70.71153651761061, 43.06919381232972], [-70.71156270593599, 43.06917180643367], [-70.71152427116101, 43.069138977795625], [-70.71145150189304, 43.069124347046035], [-70.71145341559169, 43.069096809547126], [-70.71149250673831, 43.06905692637352], [-70.71151519611416, 43.069005499040294], [-70.7115446099674, 43.06900309408821], [-70.71152711454212, 43.06904854896756], [-70.71150109024401, 43.069076447160086], [-70.71152312321973, 43.069097731662175], [-70.71156024600667, 43.069083421864036], [-70.71156051933163, 43.069093242371764], [-70.71160048506484, 43.069084784787215], [-70.71166483475965, 43.06908578697406], [-70.71170523782929, 43.06909304216463], [-70.71174596893377, 43.0691120819491], [-70.71172809093663, 43.06914378814675], [-70.71167139538657, 43.06912891704463], [-70.71158780092355, 43.069110518501525], [-70.71156122997708, 43.06911877569205], [-70.711615301198, 43.069135651030365], [-70.71164280149507, 43.06916078355206], [-70.71168068965586, 43.06917397113484], [-70.71171037693132, 43.06918138664588], [-70.7117616052675, 43.06919240969084], [-70.71177456271113, 43.06917649646518], [-70.7117920579856, 43.0691310415515], [-70.71183798304364, 43.069144108831026], [-70.71183907652384, 43.069183390856104], [-70.71183978728716, 43.069208924172216], [-70.7118799717552, 43.06920832289438], [-70.71192529544331, 43.06919978502455], [-70.71189812307065, 43.069186437180235], [-70.71186291382068, 43.06917320958528], [-70.71189221838601, 43.06916687634035], [-70.71192977853977, 43.06916827923255], [-70.71192633410175, 43.06914082190298], [-70.71189599071248, 43.069109837233555], [-70.71192261628424, 43.06910354406725], [-70.71197154837702, 43.06912835581338], [-70.71199358153186, 43.06914964022155], [-70.71201512258514, 43.069153247715526], [-70.7119975727917, 43.06919673855934], [-70.71200079854816, 43.069216339481606], [-70.7120332195255, 43.06922567892037], [-70.71199883041363, 43.069241912883946], [-70.71198844262418, 43.06925385784369], [-70.71202124637999, 43.069276945992804], [-70.71204721583942, 43.069247083584415], [-70.71205722084834, 43.06922138991246], [-70.71206471092944, 43.06920162863272], [-70.71211315101091, 43.06920876340674], [-70.7121235387685, 43.06919681843607], [-70.71218438933955, 43.069168398905944], [-70.71219291839462, 43.069185955535396], [-70.71215885745426, 43.069213974151424], [-70.71214087027654, 43.0692417522081], [-70.71216826146377, 43.06926295639676], [-70.71217952418056, 43.06928243703515], [-70.71216410659244, 43.06930624680083], [-70.7121488530453, 43.06933594886726], [-70.7121497826783, 43.06936933858198], [-70.71216391586556, 43.06938784708751], [-70.71217203472312, 43.06939847935574], [-70.71219373993092, 43.069407979116676], [-70.71221555451835, 43.06942140707489], [-70.71217143378558, 43.06947315527942], [-70.71215623488798, 43.06950482144744], [-70.71213245219894, 43.06951696688093], [-70.71210604520549, 43.0695311165018], [-70.71211993224993, 43.06954859295254], [-70.71206422050987, 43.06956907586965], [-70.71200030774934, 43.069583786723975], [-70.71196209119559, 43.069558814647586], [-70.71196356724307, 43.06951556433782], [-70.71195454609911, 43.06948033078275], [-70.71190736338589, 43.06951837026976], [-70.71189145354715, 43.06952450309109], [-70.71193218499722, 43.06954354280188], [-70.7119138695612, 43.06955953621854], [-70.71192021171373, 43.069594809863496], [-70.71188609574953, 43.0696208643014], [-70.71185094092559, 43.06960960080903], [-70.71184231092711, 43.06960972993829], [-70.71179736128431, 43.06961040250198], [-70.71179151125986, 43.069592805759584], [-70.71182322164111, 43.06957661193963], [-70.71179583042705, 43.069555407669796], [-70.71177374251693, 43.06953215912507], [-70.711808186524, 43.06951788932729], [-70.71183300809523, 43.0695430618816], [-70.71186920158605, 43.06949536226187], [-70.71187335667392, 43.0694520718661], [-70.71184787902675, 43.06940333010592], [-70.71186340611231, 43.06938344858299], [-70.71190402810606, 43.06939856010378], [-70.71195514729992, 43.069405654855785], [-70.71197362671677, 43.069395553736136], [-70.71201058553207, 43.06937535148813], [-70.7120744980749, 43.06936064063136], [-70.71204202233899, 43.069349337104896], [-70.71196755795043, 43.0693701005984], [-70.71193333277344, 43.06939222684679], [-70.7118762542167, 43.06936360714382], [-70.71182469767449, 43.06934079954613], [-70.71179134722793, 43.069298070327754], [-70.71175422436916, 43.06931238020172], [-70.71173361267977, 43.06934216238162], [-70.71168785150188, 43.06933498736682], [-70.7116611711362, 43.069339316379], [-70.71163525611685, 43.06937114280452], [-70.71163848176904, 43.069390743738275], [-70.71166767712431, 43.069380482346155], [-70.71170201173311, 43.06936228437839], [-70.71175488042874, 43.06933594941712], [-70.71180075096063, 43.06934705260745], [-70.71180687432899, 43.06937446985652], [-70.7118056168653, 43.06942557657189], [-70.71178456778223, 43.069439645951036], [-70.71180927996404, 43.069460890309145], [-70.71177784300107, 43.06948690463065], [-70.71169528674925, 43.06950582409981], [-70.71166784094146, 43.06948265569645], [-70.71162727361471, 43.06946950819331], [-70.71159452456493, 43.069448384032654], [-70.71159004128042, 43.06947988981332], [-70.7116520404243, 43.06949271668738], [-70.71168249322723, 43.06952762962101], [-70.71169709086521, 43.06957063944171], [-70.71167680708338, 43.069612206219546], [-70.71161262084031, 43.069617096353035], [-70.7115717801035, 43.06959412832505], [-70.71160912184459, 43.069587674912604], [-70.71163290466741, 43.06957552958579], [-70.71159687524083, 43.06953284039241], [-70.71154367831643, 43.06954739067525], [-70.71150097863199, 43.06955392422023], [-70.71147167383998, 43.0695602573684], [-70.71150196258449, 43.06958927804645], [-70.71152700272197, 43.069622307074276], [-70.71150021289152, 43.06962270784814], [-70.71149518290896, 43.06963457261084], [-70.71148506827454, 43.069656338034164], [-70.71145745848713, 43.06962727727634], [-70.71140371483642, 43.06962218648074], [-70.71136571713326, 43.06960507060775], [-70.71140284026106, 43.069590760855974], [-70.71143219973699, 43.06958639182666], [-70.71141536058931, 43.06955913485662], [-70.71137785486287, 43.06955969590108], [-70.71133854469589, 43.06959172263245], [-70.71134313743384, 43.06956414506316], [-70.71134417664575, 43.06950518194084], [-70.71132252618747, 43.06949764611886], [-70.71130787342115, 43.0695489531982], [-70.71128944850346, 43.069561018314396], [-70.71131148158618, 43.069582302853796], [-70.7112797164057, 43.06959653243256], [-70.71122378570877, 43.069609158538924], [-70.71117556401624, 43.0696098797995], [-70.71116692587984, 43.06958839488793], [-70.71118737396378, 43.069552720499885], [-70.71119431782188, 43.069513318254764], [-70.71115528085079, 43.0695551654336], [-70.71112832708818, 43.06954967381441], [-70.71112450041726, 43.069508467743674], [-70.71109574211465, 43.06953444181462], [-70.71106846046533, 43.06951716556965], [-70.71103489184199, 43.069466579716774], [-70.71102734674947, 43.069484376832506], [-70.71104495079636, 43.069539131290476], [-70.71107808226515, 43.06957400432387], [-70.7110382254369, 43.06958638993576], [-70.71099213626196, 43.0695674300329], [-70.71093926703246, 43.06959376464961], [-70.71090126947152, 43.06957664861975], [-70.71088090187357, 43.06956501333663]]]}, "properties": {"Hectares": 0.47899383238, "Acres": 1.18361480224, "Year": "2025", "Name": "Eelgrass", "Confidence": "H", "Notes": "UAV Imagery Used", "Type": 1, "LABEL": "Portsmouth Harbor", "ID": 2}}, {"type": "Feature", "geometry": {"type": "Polygon", "coordinates": [[[-70.71129723371958, 43.0690471933561], [-70.71133004081996, 43.06904267846736], [-70.71134985926093, 43.0690645148675], [-70.71134652795885, 43.06909273378299], [-70.71131520439887, 43.06910125064035], [-70.71128558867836, 43.069072518510474], [-70.71129723371958, 43.0690471933561]]]}, "properties": {"Hectares": 0.00238880771, "Acres": 0.0059028488, "Year": "2025", "Name": "Eelgrass", "Confidence": "H", "Notes": "UAV Imagery Used", "Type": 1, "LABEL": "Portsmouth Harbor", "ID": 3}}, {"type": "Feature", "geometry": {"type": "Polygon", "coordinates": [[[-70.71175630873731, 43.0689636151309], [-70.71173227032023, 43.068962717243444], [-70.7116918563369, 43.06898973041955], [-70.7116643188722, 43.068986369771814], [-70.71167198184747, 43.06895355886529], [-70.71169902946212, 43.068939321162276], [-70.7117449718779, 43.068926058300235], [-70.71174262754441, 43.068903457504355], [-70.71167593585423, 43.06891074306178], [-70.71163191788469, 43.0689315223952], [-70.71159090911338, 43.06893716611121], [-70.71155147492331, 43.068937756062745], [-70.71150465754728, 43.06898121309859], [-70.7114884221341, 43.06895253236263], [-70.71150822684419, 43.0689245700233], [-70.71154878080887, 43.068902585011266], [-70.71158282648867, 43.06889327283666], [-70.71159041952572, 43.06885794788443], [-70.7116481886621, 43.06883822038388], [-70.71174073813685, 43.06883557815813], [-70.71170242374306, 43.068814773083815], [-70.71170511804368, 43.068788324255465], [-70.7117749237421, 43.068769674152776], [-70.71182684936448, 43.06878650289857], [-70.71183262277546, 43.06880905238489], [-70.71188167918967, 43.068784424938144], [-70.71194077776185, 43.068750844364466], [-70.71197531320642, 43.06875913042264], [-70.7120305629375, 43.0687721366887], [-70.712038505882, 43.06881100182833], [-70.712004985236, 43.06883916950825], [-70.71194357720519, 43.0688514063495], [-70.71190081899952, 43.0688558188061], [-70.71187790036133, 43.06889514574315], [-70.7118496981402, 43.068929521539296], [-70.71182156586949, 43.068966411378575], [-70.71178975957103, 43.068994553343934], [-70.71174497181843, 43.06898767817347], [-70.71175630873731, 43.0689636151309]]]}, "properties": {"Hectares": 0.05222880737, "Acres": 0.12905967745, "Year": "2025", "Name": "Eelgrass", "Confidence": "H", "Notes": "UAV Imagery Used", "Type": 1, "LABEL": "Portsmouth Harbor", "ID": 4}}, {"type": "Feature", "geometry": {"type": "Polygon", "coordinates": [[[-70.71094812716932, 43.06862983917859], [-70.71104858743807, 43.06862833675644], [-70.71110855550057, 43.068676562857235], [-70.71104354584152, 43.06874814944147], [-70.71097264249761, 43.06875842039497], [-70.71091677492699, 43.06870706271523], [-70.7108943088434, 43.0686521353238], [-70.71094812716932, 43.06862983917859]]]}, "properties": {"Hectares": 0.01728746787, "Acres": 0.04271809256, "Year": "2025", "Name": "Eelgrass", "Confidence": "H", "Notes": "UAV Imagery Used", "Type": 1, "LABEL": "Portsmouth Harbor", "ID": 5}}, {"type": "Feature", "geometry": {"type": "MultiPolygon", "coordinates": [[[[-70.71161963443923, 43.06710015654695], [-70.71166162239106, 43.067074936517194], [-70.71169259897462, 43.067092358213635], [-70.71171810223024, 43.06713221777322], [-70.71168264620712, 43.06717299027476], [-70.71163387873493, 43.06717371989034], [-70.71159991602771, 43.067158577820244], [-70.71163537212365, 43.067117806243445], [-70.71161963443923, 43.06710015654695]]], [[[-70.71086030911412, 43.06823683182992], [-70.71086512375948, 43.06811746871318], [-70.7109699263344, 43.06808309636839], [-70.71107916981451, 43.068018426685384], [-70.71099606989947, 43.067942819756304], [-70.71094125402556, 43.06785630920987], [-70.71092603450502, 43.06782131229991], [-70.71093698830042, 43.06777641431667], [-70.7110942393745, 43.067703814659], [-70.71117325854853, 43.067632768904694], [-70.71127210450507, 43.067589371733646], [-70.71128046281866, 43.06754732891124], [-70.71120076375679, 43.06759393173326], [-70.71090993883848, 43.06768138593253], [-70.71083127640854, 43.067631863540015], [-70.71083758381923, 43.06756615909866], [-70.7108305324722, 43.067458902526475], [-70.71084098870965, 43.06739611832034], [-70.7109363041271, 43.06733589779435], [-70.71080564192161, 43.06729524942607], [-70.71087169386988, 43.06718391738847], [-70.71098995705748, 43.06720934110312], [-70.71106858715095, 43.067124328634314], [-70.71117715207954, 43.06708777293749], [-70.71132138574016, 43.06713452011277], [-70.71137474397382, 43.067168653912226], [-70.71150090011642, 43.06725060322551], [-70.71159041419098, 43.06721433213135], [-70.71169528587764, 43.06721625607353], [-70.71184778089321, 43.06721746735268], [-70.71186006639896, 43.06711109104022], [-70.71176699413373, 43.06705379816591], [-70.71168574145285, 43.067010300980066], [-70.71163505729054, 43.06693520086974], [-70.71163572688576, 43.066931537174455], [-70.71165503748718, 43.066825879180264], [-70.71166198574753, 43.06677022356942], [-70.71162513515247, 43.066731024290554], [-70.71144399803718, 43.066695312357744], [-70.71146452355586, 43.066639634470825], [-70.71136971432743, 43.06664434925922], [-70.71132404842461, 43.06663139144381], [-70.71129738123321, 43.066617075429626], [-70.71128316780606, 43.06663027360923], [-70.71123218481644, 43.0666439997989], [-70.71121257597511, 43.06663419537582], [-70.71119492801844, 43.06661654741513], [-70.71116355387225, 43.066604782107184], [-70.7111341406087, 43.06661654741317], [-70.71113217972342, 43.06663615625786], [-70.71115571033339, 43.066640078027454], [-70.71116943652214, 43.06664988245033], [-70.71115571033128, 43.06667537394794], [-70.71113414060537, 43.06667341306262], [-70.71110668822702, 43.066669491292885], [-70.71110080557372, 43.066681256599665], [-70.71110276645565, 43.06672047428899], [-70.71109884468555, 43.0667498875559], [-70.71107531407476, 43.06675969197747], [-70.71104984153928, 43.066752988678466], [-70.7110489597555, 43.06675232923948], [-70.71104333550376, 43.06674209248254], [-70.711019258187, 43.0666982690759], [-70.71101010769188, 43.06664578101695], [-70.71097564738298, 43.06660494823724], [-70.71090568018668, 43.06657780266779], [-70.71091017771356, 43.06655518187652], [-70.71097972676442, 43.06656729800834], [-70.71103892194171, 43.066575810025284], [-70.71105910706662, 43.066564231375004], [-70.7110787695026, 43.06653386592791], [-70.71110206786572, 43.0665144503965], [-70.7110784585917, 43.06650397541079], [-70.71100392876836, 43.0665460564338], [-70.71068164496425, 43.066496188627085], [-70.71060450596053, 43.066427939989616], [-70.71065498774975, 43.066328819156496], [-70.71057060833708, 43.066301044012036], [-70.71051382136983, 43.06634770664501], [-70.71040380493362, 43.06631579784292], [-70.71030629806155, 43.06620128996202], [-70.71039057762152, 43.06603748219018], [-70.71048129667597, 43.06606427772858], [-70.71050247843883, 43.06619301340373], [-70.71059992900292, 43.066152840674086], [-70.71053759766778, 43.06606343597111], [-70.71058765306168, 43.06596460777256], [-70.71068890906002, 43.06593470225786], [-70.71077300153497, 43.065920539590216], [-70.71082427426063, 43.06599204220424], [-70.71080560147965, 43.066080077037135], [-70.71069938878497, 43.06618490713958], [-70.71072509696918, 43.06622323843767], [-70.71077806651039, 43.06625143698629], [-70.71086606509891, 43.066228873607564], [-70.71094620173595, 43.0662811034775], [-70.71107409833648, 43.06627250415405], [-70.71116178807819, 43.0663560843412], [-70.71128042318588, 43.06631817522641], [-70.71145058107332, 43.06634441191613], [-70.71152787848028, 43.066367163007506], [-70.71160082183543, 43.06635077585116], [-70.71173408552089, 43.066230292558174], [-70.71183839171353, 43.06620674416346], [-70.71185993944871, 43.06626261265359], [-70.7118957147461, 43.06629090284821], [-70.71197073731616, 43.06635257035093], [-70.71192356326165, 43.06639358710959], [-70.71187067929827, 43.066468892443275], [-70.71181758227131, 43.066519204064505], [-70.71186739045397, 43.06654215483983], [-70.71194077630436, 43.0665350595863], [-70.71209373695663, 43.06646189000255], [-70.71219032842174, 43.066460444480676], [-70.71229097464374, 43.06643394962715], [-70.71236398602126, 43.0664552137541], [-70.7124722966476, 43.06651227805876], [-70.71252073771284, 43.066609362086005], [-70.7125104750745, 43.06665143440877], [-70.71253092454478, 43.06670142949367], [-70.71259950339679, 43.06670040293515], [-70.7126614735059, 43.066735804751616], [-70.71266413180294, 43.066765368332554], [-70.71266699428102, 43.06679720263259], [-70.71269563135091, 43.06681690042784], [-70.71263544598118, 43.06688764000256], [-70.71260429506819, 43.06698763172057], [-70.71256056641414, 43.067042195671085], [-70.71256333668366, 43.06714167960459], [-70.71263187204096, 43.06716553547696], [-70.71260498918751, 43.067215700600016], [-70.71256206838525, 43.067299280922754], [-70.71246814915018, 43.06737947702777], [-70.71248118849928, 43.06744148544974], [-70.71243099808275, 43.06746711760363], [-70.71234884690215, 43.06756372593225], [-70.7122660029925, 43.067635462769985], [-70.71221177462662, 43.067719212190724], [-70.71227581119145, 43.06778460406511], [-70.71230927541014, 43.06782747887604], [-70.71233672685753, 43.06785406461799], [-70.71232256615613, 43.06789263105267], [-70.71229165846498, 43.06790454559252], [-70.71224379037496, 43.06791201271843], [-70.71227575809513, 43.06793872037817], [-70.71225748602187, 43.06798334831585], [-70.71222949866885, 43.06802955339869], [-70.71224052679504, 43.06807517456628], [-70.71228535359216, 43.06807307282199], [-70.71233993426439, 43.06807082507319], [-70.71231298301262, 43.06808410517815], [-70.71222555892417, 43.06809829123604], [-70.71217034113235, 43.06807765580725], [-70.7122100717917, 43.06803270583708], [-70.71214366704085, 43.068030837934145], [-70.71210373724297, 43.06806863662425], [-70.71208403039557, 43.06806177729921], [-70.7121081163244, 43.06801563063709], [-70.71210871333395, 43.06796697469105], [-70.71206587719568, 43.06797047742394], [-70.71206543942088, 43.06802485437666], [-70.71202511144058, 43.068048351424416], [-70.71199334175094, 43.06809890469138], [-70.71200198096456, 43.0681288223084], [-70.71203749172055, 43.06807248966656], [-70.71210083111625, 43.068104450399375], [-70.71207463632825, 43.06814490522839], [-70.71199501395593, 43.06815897345847], [-70.71198414663392, 43.06818918387286], [-70.7119829921376, 43.06821781719599], [-70.71196256871386, 43.06825532394142], [-70.71193760789498, 43.06827000502084], [-70.71192291727553, 43.06823302371279], [-70.71185519853037, 43.06825406886301], [-70.71176367346737, 43.06826116169344], [-70.71173727949424, 43.06822435546709], [-70.71170106416558, 43.06819777331465], [-70.71165629550221, 43.068179356534806], [-70.71161412907865, 43.0681609008059], [-70.71148893977055, 43.06813649838168], [-70.71134709380857, 43.068158652125135], [-70.71132575017805, 43.06814747958734], [-70.71124634189997, 43.06820455866329], [-70.7110670176901, 43.068266624992354], [-70.71088628063623, 43.06829310672458], [-70.71086030911412, 43.06823683182992]], [[-70.71182383144138, 43.06811431875679], [-70.71184737417438, 43.0681524264841], [-70.71187096671669, 43.068147494579335], [-70.71187616479845, 43.06810987258887], [-70.71193899613435, 43.068078713538284], [-70.71198952033237, 43.068054149066846], [-70.71199856464854, 43.06802013172828], [-70.71201257890112, 43.06798512513956], [-70.71198661547072, 43.06794980010351], [-70.7119864880486, 43.067900353579226], [-70.71202954758218, 43.0679216861084], [-70.71206432596189, 43.06791475611795], [-70.71202873219144, 43.06789239610318], [-70.71203691014917, 43.0678721275007], [-70.71199892123718, 43.06785346553147], [-70.71195749251083, 43.06784584436296], [-70.71192164398697, 43.06785920078279], [-70.71187326029427, 43.06787091319912], [-70.71188039479075, 43.06790285688834], [-70.71190284059111, 43.06794647568929], [-70.71195183708687, 43.06795673097102], [-70.71196931549082, 43.06800133986726], [-70.71194246026138, 43.06802371860208], [-70.71189035629037, 43.06803640247277], [-70.71182383144138, 43.06811431875679]]]]}, "properties": {"Hectares": 2.30720725757, "Acres": 5.70121049015, "Year": "2025", "Name": "Eelgrass", "Confidence": "H", "Notes": "UAV Imagery Used", "Type": 1, "LABEL": "Portsmouth Harbor", "ID": 6}}, {"type": "Feature", "geometry": {"type": "Polygon", "coordinates": [[[-70.70192721087268, 43.07578825580265], [-70.70186181360998, 43.07576687225279], [-70.7018363332965, 43.075775876487626], [-70.70183346728922, 43.0757626348739], [-70.70183257651345, 43.0757530284974], [-70.7018177125814, 43.07575783037911], [-70.7018075929179, 43.07577177335131], [-70.70177572583191, 43.075766879285055], [-70.7017809358276, 43.07574735080839], [-70.70180152695225, 43.07573745766084], [-70.70178201191149, 43.07573225101926], [-70.70177052655764, 43.07573921049894], [-70.7017578474016, 43.07572929507752], [-70.70172240184772, 43.07573635857117], [-70.70172915218554, 43.075715680463425], [-70.70167316578555, 43.0756998146186], [-70.70160761407864, 43.07567284411977], [-70.70158755652166, 43.075636813293166], [-70.70156389103681, 43.075622727437676], [-70.70151950947957, 43.075637382498925], [-70.70150681505731, 43.07561967764649], [-70.70153716961045, 43.0756068226516], [-70.70154740844244, 43.075578276382466], [-70.70157186666277, 43.07558005984257], [-70.70158984963335, 43.0755948230453], [-70.70164417285125, 43.0756164093563], [-70.7016743865925, 43.07563767751033], [-70.70167154114256, 43.075653730665735], [-70.70172399089162, 43.075660795612734], [-70.70175241321121, 43.07567069035955], [-70.70184082800552, 43.07569732067705], [-70.7019410518374, 43.07572559071683], [-70.7020066941076, 43.075742497428756], [-70.70203634092655, 43.07575381344697], [-70.70202107891781, 43.075768089306884], [-70.70203674491123, 43.075769688551034], [-70.7020692530193, 43.07577163845816], [-70.70206773685385, 43.075787407428265], [-70.70203189614038, 43.07577769197416], [-70.70201671604279, 43.0757934681812], [-70.70198825636393, 43.07579014220595], [-70.70192721087268, 43.07578825580265]]]}, "properties": {"Hectares": 0.0278952486, "Acres": 0.06893038475, "Year": "2025", "Name": "Eelgrass", "Confidence": "H", "Notes": "UAV Imagery Used", "Type": 1, "LABEL": "Portsmouth Harbor", "ID": 7}}, {"type": "Feature", "geometry": {"type": "Polygon", "coordinates": [[[-70.70149295739984, 43.075559939993816], [-70.70147160173796, 43.07555119243081], [-70.70143435074735, 43.07555902224004], [-70.70142946183437, 43.07553733814709], [-70.70140564865191, 43.07553618735102], [-70.70139691927714, 43.075504016780144], [-70.70137092112101, 43.07551612610331], [-70.70136241358747, 43.075473307855354], [-70.70132639192609, 43.07545058179123], [-70.7013282131222, 43.07542818764199], [-70.70125367316002, 43.07542482269099], [-70.70122843304024, 43.07539477880829], [-70.70119901348329, 43.0753460087317], [-70.70117514182891, 43.07532131258381], [-70.70113506460964, 43.0752843318406], [-70.70110696409155, 43.07523912085667], [-70.70112954898806, 43.075217312653], [-70.70112151180625, 43.07519148636198], [-70.70108528494951, 43.075205445261794], [-70.7010551405279, 43.07517457957813], [-70.70105203260056, 43.07515046935598], [-70.70111086470556, 43.075130752992735], [-70.70107106203425, 43.075113005580185], [-70.70103712123594, 43.075140849556625], [-70.70098083113838, 43.075135423712254], [-70.70103647792484, 43.075117597371445], [-70.70100070401504, 43.07510381434608], [-70.70098945246518, 43.07509414012564], [-70.70097599131505, 43.07504871144778], [-70.70092709511455, 43.07504585969249], [-70.70090641340514, 43.07500411708846], [-70.7008850703666, 43.07497155481032], [-70.70088445463652, 43.07495596670103], [-70.70082653615437, 43.074951176317306], [-70.70085318051066, 43.074921703013324], [-70.70079449173693, 43.074895735031056], [-70.7007575228212, 43.07488286437999], [-70.7006987413587, 43.074853542669], [-70.70069305344406, 43.074813366495555], [-70.70072529296843, 43.074820715709684], [-70.70077632617355, 43.07484567918082], [-70.70079152481233, 43.07482635370756], [-70.70072576651427, 43.074782684652796], [-70.70068639722216, 43.0747933350842], [-70.70062235110488, 43.07479428713455], [-70.70059403700823, 43.07476339411886], [-70.70065403733796, 43.07477263966644], [-70.70063318985507, 43.07474491846869], [-70.70065010446018, 43.074752479181356], [-70.70062619353357, 43.07471259021474], [-70.70060568951855, 43.07468829122619], [-70.70059491259538, 43.07473989568087], [-70.7005410461719, 43.074722802715705], [-70.70050550956174, 43.07470655562889], [-70.70046131168081, 43.07471691987782], [-70.70047080287385, 43.07468334803159], [-70.7004286196611, 43.07465514100846], [-70.70045759874478, 43.07465327365053], [-70.70052735305369, 43.07467722012859], [-70.70059412970143, 43.07466685482579], [-70.70055543935825, 43.07463647555797], [-70.70052098494274, 43.07465935476163], [-70.70047192122853, 43.074641608829175], [-70.7005206558266, 43.074594590010925], [-70.70054764062186, 43.07453655130008], [-70.70063687526299, 43.07453260497407], [-70.70077151271917, 43.074619679815065], [-70.700856500687, 43.07472059209525], [-70.70092553342867, 43.074761484030226], [-70.70107796084118, 43.07484567412053], [-70.70109442371297, 43.074924026067016], [-70.70117774606874, 43.07496470537465], [-70.70121192573843, 43.07503755407544], [-70.70127432169319, 43.07509688372196], [-70.70139503435955, 43.07519726433908], [-70.70140857764902, 43.07529923867133], [-70.70144215680521, 43.07547951175119], [-70.70151891527425, 43.075541247548465], [-70.70153127056687, 43.075577263827945], [-70.70151615383654, 43.07560432913397], [-70.70147965458754, 43.075608450700535], [-70.70145966528415, 43.075591749017306], [-70.70149295739984, 43.075559939993816]]]}, "properties": {"Hectares": 0.2314861445, "Acres": 0.57201243236, "Year": "2025", "Name": "Eelgrass", "Confidence": "H", "Notes": "UAV Imagery Used", "Type": 1, "LABEL": "Portsmouth Harbor", "ID": 8}}, {"type": "Feature", "geometry": {"type": "Polygon", "coordinates": [[[-70.70047064381461, 43.07459533338219], [-70.7004411963942, 43.07456433237569], [-70.70042005238899, 43.07457512620727], [-70.70039202217951, 43.074541333276386], [-70.7003615261433, 43.07451997353871], [-70.70032051880823, 43.07455413361045], [-70.70026131293352, 43.07455081969871], [-70.70033017796341, 43.07448968472664], [-70.70032384154293, 43.07445604115666], [-70.70025618549865, 43.07446490632971], [-70.70018621390848, 43.074455477780226], [-70.70015665605207, 43.07442096848827], [-70.7001314127803, 43.07440456831655], [-70.70016408647176, 43.074384141482994], [-70.70017397457534, 43.07433513352184], [-70.70011865258508, 43.074273078250414], [-70.70011404248594, 43.07436484295629], [-70.70008710829784, 43.07438845139325], [-70.70008598779862, 43.07434792772768], [-70.7000472471831, 43.074326136340865], [-70.6999691478722, 43.074260195640065], [-70.6999815306394, 43.07422533792117], [-70.69992424161589, 43.074180270718465], [-70.69994310642355, 43.07414595134734], [-70.69985732233332, 43.07412762761706], [-70.69986936053948, 43.07409951707676], [-70.69984910180645, 43.07405648188152], [-70.69981563465362, 43.07404333521931], [-70.69978386672061, 43.07398667096783], [-70.69976279982295, 43.07394212636017], [-70.69975404642808, 43.073890364802516], [-70.69980151879085, 43.07391886541771], [-70.69981448272925, 43.07386559217147], [-70.69981079241433, 43.0737952550206], [-70.699768473718, 43.073843238377044], [-70.69974122548147, 43.073838544569085], [-70.69974308754072, 43.07380905948213], [-70.69972064891698, 43.07381835183271], [-70.69968613610509, 43.073832942977944], [-70.699673340995, 43.07380680447067], [-70.69965997195902, 43.07377061882972], [-70.69969779809594, 43.07374957919616], [-70.69966909864367, 43.07372184877955], [-70.69966678772262, 43.07370140544406], [-70.69961781916497, 43.07369829336987], [-70.69961533144509, 43.07367145338858], [-70.6996351054871, 43.07362892443389], [-70.69964629553411, 43.073591642418954], [-70.69968405083759, 43.07356804413019], [-70.69978461700947, 43.07360622549959], [-70.69984826559121, 43.07357200361425], [-70.69993733562467, 43.07357323988255], [-70.69994437475447, 43.07363840785511], [-70.69998814338928, 43.07364287691088], [-70.70001990865704, 43.073655203440346], [-70.69998645714534, 43.073708174541636], [-70.70001494449886, 43.07372822889539], [-70.70008086875667, 43.07371317087891], [-70.70010294176832, 43.0737537982046], [-70.7000863398358, 43.07378476141316], [-70.70000926102213, 43.07383838080948], [-70.70001064052474, 43.07388827462687], [-70.70006291075352, 43.07394765105302], [-70.70005916113621, 43.07400146065268], [-70.70015924434368, 43.07410080131554], [-70.7001815639815, 43.074149397595995], [-70.70020555792986, 43.07418958133752], [-70.70026390066404, 43.074230652539796], [-70.70032270719388, 43.07428849212224], [-70.7003297780681, 43.07433731500112], [-70.700381900281, 43.074360305347604], [-70.70046316785653, 43.07433393450634], [-70.70052540043754, 43.074377743640866], [-70.70051527772861, 43.07442542412914], [-70.70051262491269, 43.07446740181729], [-70.70049880587179, 43.07451933107089], [-70.70047064381461, 43.07459533338219]]]}, "properties": {"Hectares": 0.26014447694, "Acres": 0.6428284308, "Year": "2025", "Name": "Eelgrass", "Confidence": "H", "Notes": "UAV Imagery Used", "Type": 1, "LABEL": "Portsmouth Harbor", "ID": 9}}, {"type": "Feature", "geometry": {"type": "MultiPolygon", "coordinates": [[[[-70.6848127956432, 43.062352670135674], [-70.68435684738597, 43.06266904076316], [-70.68438040222502, 43.062634251541944], [-70.68448067477566, 43.06254769684648], [-70.6845288414569, 43.06243245842541], [-70.68460021154017, 43.06239050452952], [-70.68471117475522, 43.06236841909768], [-70.6848127956432, 43.062352670135674]]], [[[-70.6870375859152, 43.06080887246286], [-70.68632419725257, 43.061303911199545], [-70.68626214850651, 43.06122884508147], [-70.68622946508077, 43.061154430917384], [-70.68638625893688, 43.06091245291984], [-70.68658779076611, 43.06081211772784], [-70.68670846344298, 43.060742932101356], [-70.68686915505015, 43.060643198500316], [-70.68702476835786, 43.06073077925115], [-70.6870375859152, 43.06080887246286]]], [[[-70.6876969501185, 43.060351311516605], [-70.68723730254399, 43.06067028170845], [-70.68720254635271, 43.06064237330776], [-70.68720259234392, 43.06044364200517], [-70.6874151319617, 43.06034545903591], [-70.6876969501185, 43.060351311516605]]]]}, "properties": {"Hectares": 0.28553765294, "Acres": 0.70557608422, "Year": "2025", "Name": "Eelgrass", "Confidence": "H", "Notes": "UAV Imagery Used", "Type": 1, "LABEL": "Atlantic Coast", "ID": 10}}, {"type": "Feature", "geometry": {"type": "Polygon", "coordinates": [[[-70.68435684738597, 43.06266904076317], [-70.6848127956432, 43.06235267013567], [-70.68482782678662, 43.0623503406498], [-70.6849508383731, 43.06236079981148], [-70.68499656737234, 43.06240102937709], [-70.6849031164189, 43.06245148949452], [-70.68475903259304, 43.06248633357406], [-70.6847724237201, 43.062567943364265], [-70.68480276959559, 43.062657483364], [-70.68484314579743, 43.06270597260272], [-70.68494295810072, 43.06268405115873], [-70.68503876148425, 43.062719452388336], [-70.68518542329694, 43.06277864769747], [-70.68509821969731, 43.06285355741558], [-70.68506689117979, 43.06293173497388], [-70.68504203436223, 43.06304253945707], [-70.68498783905606, 43.063100602256846], [-70.68514397418959, 43.06309830263588], [-70.68532810241504, 43.063099680390785], [-70.68544097120865, 43.063147101524045], [-70.6855289590741, 43.0631008123001], [-70.68571106913119, 43.06302859388394], [-70.6859441507876, 43.06298425637405], [-70.68616263204657, 43.06301784880124], [-70.68630593283983, 43.06295438219022], [-70.68640652844537, 43.062961080230345], [-70.68658552896221, 43.062978893119066], [-70.68675906476848, 43.0630008771386], [-70.68695558783423, 43.06296607496932], [-70.68715169133468, 43.06295663863999], [-70.68725348692709, 43.06292568661759], [-70.68719923649493, 43.06290030904568], [-70.68712313186434, 43.06289161439461], [-70.6870120552952, 43.062909613893474], [-70.6869583444337, 43.062903861239924], [-70.68697475331311, 43.06285126315175], [-70.6871264253756, 43.062849026633124], [-70.68728327751256, 43.062872892038506], [-70.6873557298653, 43.06291109038217], [-70.68736225468776, 43.062986255592605], [-70.68742506724413, 43.06299841844498], [-70.68741845260932, 43.06291998224814], [-70.68743522001162, 43.06288046716613], [-70.6875483591801, 43.062937699174825], [-70.68758841771749, 43.06293383598529], [-70.68770512194031, 43.06295829300385], [-70.68775473083417, 43.06297719417696], [-70.68781182584428, 43.062943629654214], [-70.68788739329523, 43.06293269788264], [-70.68796394811261, 43.062957746956705], [-70.68803640097612, 43.06299594485992], [-70.68808903476344, 43.06296244512106], [-70.68815514145453, 43.062932019775936], [-70.68814969292158, 43.06289610560863], [-70.6881083776852, 43.06285417603024], [-70.68794332131009, 43.06285661131828], [-70.68781823485612, 43.062851912090565], [-70.68767440676837, 43.06281476694042], [-70.68763336111748, 43.062782649256626], [-70.68756207536295, 43.062786973074566], [-70.68754932041078, 43.062810067416805], [-70.6875124666809, 43.06276807181363], [-70.68735570446384, 43.06274747771066], [-70.68729582791107, 43.06267964396492], [-70.68714014258116, 43.06269830056391], [-70.68699658437107, 43.06267096752413], [-70.68702131174562, 43.062758953614825], [-70.68693191265903, 43.06275372718346], [-70.68687874016982, 43.06276760044429], [-70.68692460527807, 43.06281273569843], [-70.68683957869239, 43.062804172408846], [-70.68678479156137, 43.062759168661856], [-70.68669066235896, 43.06274419483457], [-70.68662704299811, 43.06270259353587], [-70.68663908076817, 43.06265333224785], [-70.68668725403873, 43.06261989980939], [-70.68658839497013, 43.0625951786818], [-70.68660863731922, 43.06251961882511], [-70.68672908262488, 43.06251784317199], [-70.68685363013579, 43.062502917648395], [-70.68695703989087, 43.06253084376285], [-70.6870866763986, 43.06253874915446], [-70.68719793049188, 43.062527291595906], [-70.68728849567843, 43.062575039818555], [-70.68741358154634, 43.06257973963608], [-70.6874126842191, 43.06254702971989], [-70.68728268878567, 43.06252604163131], [-70.68717945956787, 43.06250465777964], [-70.68706356382881, 43.06250963913498], [-70.68697362810009, 43.06248478765795], [-70.6868798580949, 43.06248289794927], [-70.68675806742777, 43.06243560976829], [-70.68668303849714, 43.062466165845215], [-70.68654358329546, 43.06242568248415], [-70.6863915522917, 43.06241483425716], [-70.68629742495666, 43.06239986097678], [-70.68611817961327, 43.06237305192241], [-70.68602905134642, 43.06237763773807], [-70.6859455483358, 43.06242467978914], [-70.68591181218436, 43.062333553893566], [-70.68570660909265, 43.06233657753608], [-70.68558652261814, 43.06235143608648], [-70.68549721384181, 43.06234947951617], [-70.68556170783523, 43.06226017864696], [-70.68574370920105, 43.06222477397422], [-70.68599040457845, 43.06227022265481], [-70.6861742002506, 43.06230023716326], [-70.68638850332442, 43.06230362317983], [-70.68647200582456, 43.062256580812786], [-70.68658433136488, 43.062251652688374], [-70.68663015109476, 43.06223003404223], [-70.68660694477909, 43.062164931642116], [-70.68666040383422, 43.06216152587219], [-70.68667697535301, 43.06224505068041], [-70.68659204247734, 43.06227248129139], [-70.6865652146881, 43.06233570360934], [-70.68664657912261, 43.06230832652546], [-70.68670667315001, 43.0622864983139], [-70.68677869390751, 43.0623089964587], [-70.68690266688795, 43.06227313707504], [-70.68693521698981, 43.0622883640707], [-70.68700795428406, 43.062337030027926], [-70.6871372194975, 43.062363919185906], [-70.68724413787191, 43.06235710712064], [-70.68729395670714, 43.06235113706609], [-70.68735819457915, 43.06235018967665], [-70.68733970447413, 43.062326901525495], [-70.68737002824012, 43.062261009794945], [-70.6872447635775, 43.0622497679344], [-70.6871761677228, 43.06222198333197], [-70.6870908774823, 43.06223633032191], [-70.68709030332428, 43.06221539651092], [-70.68715454106122, 43.06221444923821], [-70.68721441946916, 43.06218477002264], [-70.68734595973005, 43.06216450549592], [-70.68750327190513, 43.0621726568878], [-70.68763630672815, 43.06223941230779], [-70.68777215378178, 43.062311033658105], [-70.68785523615489, 43.06228935647342], [-70.68790508408155, 43.06227635033587], [-70.68796241744657, 43.06233276818487], [-70.68805118641819, 43.06231509780374], [-70.68799419079049, 43.06227094484743], [-70.68790441089726, 43.06225181790371], [-70.68789715233902, 43.062190570430985], [-70.68789947433689, 43.0620719169975], [-70.68773196640282, 43.062066207356104], [-70.68760828196727, 43.062031218745815], [-70.6875681271962, 43.06199090800439], [-70.68750020409216, 43.06195509676899], [-70.68762029871672, 43.06185924853516], [-70.68743561343547, 43.06183743025761], [-70.68723476099817, 43.06183630252678], [-70.68719741025363, 43.0618982079087], [-70.6872109178202, 43.061983905641235], [-70.68717311837501, 43.06202945605414], [-70.68725777071931, 43.062065020769786], [-70.68713632819741, 43.06211180556935], [-70.68697873920961, 43.062060954668404], [-70.6870494343377, 43.06199446773284], [-70.68705834403549, 43.06191252936696], [-70.68714097635903, 43.06187449866021], [-70.68707919115472, 43.0618590481821], [-70.68695194901241, 43.06189773751907], [-70.68689352764422, 43.06200494737057], [-70.68685359757954, 43.06197281295184], [-70.68674274681239, 43.0619989896478], [-70.68670816946884, 43.06195859637454], [-70.68676804864847, 43.06190453889994], [-70.68668463127797, 43.061913949501395], [-70.68684828396576, 43.061744476648855], [-70.68682293621576, 43.06156509993127], [-70.68676860095081, 43.06144606799235], [-70.68709491372088, 43.06142627726575], [-70.68733056711076, 43.06145276076392], [-70.68757478839117, 43.06141919998296], [-70.68743938759133, 43.061323832654615], [-70.68727643629474, 43.06134121437711], [-70.68709101243789, 43.061284032281826], [-70.68688845340826, 43.06134693556508], [-70.68669569301474, 43.06139471557925], [-70.6865556249399, 43.06150163503906], [-70.68629077697828, 43.061528007537355], [-70.6863783583782, 43.06136943476757], [-70.68632419725257, 43.061303911199545], [-70.6870375859152, 43.060808872462864], [-70.68706155772861, 43.06095492441897], [-70.68725646710828, 43.061019937659786], [-70.68740782903744, 43.06099854690482], [-70.68753066822748, 43.06096229294593], [-70.68734842945499, 43.060759513756565], [-70.68723730254399, 43.06067028170846], [-70.6876969501185, 43.06035131151662], [-70.68802574130682, 43.0603581386117], [-70.68831421147682, 43.060250801441484], [-70.68896575574793, 43.06027280231245], [-70.68909012006273, 43.060231085312296], [-70.68924934398768, 43.060087618792174], [-70.68928953527843, 43.05987535134934], [-70.68945771044933, 43.05975322592922], [-70.6898349296485, 43.05959208132613], [-70.69018107020494, 43.05941143023652], [-70.6904593980253, 43.05932402741262], [-70.69052001204145, 43.0592207713581], [-70.69069087785293, 43.059204288280036], [-70.69071874718787, 43.05923471194402], [-70.69074975045898, 43.05926855673805], [-70.69077678247965, 43.0593286429694], [-70.69070366740769, 43.05939680025552], [-70.69084602209836, 43.059455182220205], [-70.69093028268216, 43.05937290188362], [-70.69105053600765, 43.05936181903422], [-70.69117270713323, 43.059420498915784], [-70.69135638632696, 43.05940847818572], [-70.69143717750218, 43.05934679808634], [-70.69166044657435, 43.05939002452849], [-70.69187318621408, 43.0594273789424], [-70.69201435178658, 43.059338263685845], [-70.692186368849, 43.059363636069605], [-70.69228938533972, 43.05941794531475], [-70.6923497951539, 43.05953802316618], [-70.69244616144135, 43.05965554910566], [-70.69256370734736, 43.059702357658935], [-70.69271503413059, 43.059667549625125], [-70.69253232276897, 43.05948414286049], [-70.69269723000784, 43.05948170317298], [-70.69264518369833, 43.0594079945497], [-70.69284204884373, 43.059338204456104], [-70.69284896900432, 43.059335751200855], [-70.69298726951438, 43.05943057690183], [-70.69307519634326, 43.05945031570033], [-70.69318451614343, 43.05950238010587], [-70.69333997683071, 43.05955093612124], [-70.69344859731545, 43.0595775822093], [-70.6935601364189, 43.05957028043935], [-70.6936253015408, 43.05955801429216], [-70.69369369611546, 43.059523097265576], [-70.69370793588934, 43.05948050577319], [-70.69371023227009, 43.05942396419125], [-70.69367370237921, 43.0593566958648], [-70.69367261380225, 43.05931715666831], [-70.69374532615694, 43.05929912796796], [-70.69383815145481, 43.05931188062451], [-70.69394152420182, 43.05924234143048], [-70.69398993638978, 43.05925230332402], [-70.69398859744605, 43.05929806150963], [-70.69392682452444, 43.05931993953727], [-70.69397951721164, 43.05934584007949], [-70.69402320965308, 43.059328041265566], [-70.69405979029763, 43.05933512268429], [-70.69406333248298, 43.05936937400543], [-70.69399911897351, 43.059397005504614], [-70.69400287096089, 43.05943887678089], [-70.69403289221796, 43.05945800016351], [-70.69360465157324, 43.05988745775218], [-70.6935306400227, 43.059898461047645], [-70.69344244291331, 43.059913893431826], [-70.69337735512038, 43.05992898370954], [-70.69343372909599, 43.05987729248042], [-70.69350951624435, 43.05983096462684], [-70.69355355785565, 43.059751202090844], [-70.69355184733342, 43.05968906906791], [-70.69347497192481, 43.05969585774923], [-70.69339648352697, 43.05971115168431], [-70.69332305975688, 43.06000434299287], [-70.69334882799467, 43.060023660583326], [-70.69336757568485, 43.06007763038082], [-70.6934129249335, 43.06007972672723], [-70.69300079463518, 43.060493017586005], [-70.69294714229783, 43.06054682048241], [-70.69256664001904, 43.06070439663867], [-70.69240922984635, 43.06081750581858], [-70.69247366970228, 43.06090068727525], [-70.69251474522922, 43.060980426323695], [-70.69235723085009, 43.06113837915919], [-70.69222809989839, 43.06115242485971], [-70.69226670648212, 43.06122915504333], [-70.69164086160663, 43.06185672950526], [-70.69161614339012, 43.0618423063565], [-70.69172252786804, 43.06167279622865], [-70.69186015972993, 43.06163004890486], [-70.69186233376809, 43.06156692788984], [-70.69177196695043, 43.06154995308246], [-70.69147203875833, 43.061525131393], [-70.69115900322491, 43.06174918150632], [-70.69097631294478, 43.06163485648662], [-70.69106492226068, 43.06195536557201], [-70.69118899536828, 43.06211444052077], [-70.6908906724067, 43.06214810625783], [-70.69077544223617, 43.0623107181473], [-70.69103435236707, 43.0624648983881], [-70.69103253513286, 43.0624667205728], [-70.69077865765321, 43.06242769595375], [-70.69062113251661, 43.06250316463287], [-70.69016929793983, 43.06275851839449], [-70.69026807793144, 43.06293577931715], [-70.69027120501663, 43.06304957526525], [-70.69037103482925, 43.063114008565634], [-70.69035321225289, 43.06314788471273], [-70.69031970017254, 43.063181487128624], [-70.690201815956, 43.06329968854528], [-70.68988418047638, 43.06361817625081], [-70.68950607437154, 43.06399729098125], [-70.68938212136362, 43.06412157337645], [-70.68909276133523, 43.06441170022633], [-70.68907476566102, 43.0644141734286], [-70.68882657483351, 43.064422630536605], [-70.68872789550007, 43.06440012017943], [-70.68846023239111, 43.06441365802175], [-70.68815923852198, 43.06440371920024], [-70.68808174129666, 43.06443841605942], [-70.68788100424688, 43.06450848447293], [-70.68773999994008, 43.064611224756746], [-70.68741992463089, 43.06462073921898], [-70.68732817443262, 43.064612505988315], [-70.6873377977573, 43.064603313412476], [-70.68736216464914, 43.06458003624558], [-70.68741781272385, 43.06457264357552], [-70.68736004365118, 43.064529947138524], [-70.68738427009123, 43.06450875192096], [-70.68731762870978, 43.06446675173814], [-70.68731028379432, 43.064417918361386], [-70.68730595606839, 43.06438914209528], [-70.68728575747794, 43.0643723166134], [-70.68723362809779, 43.064263986947566], [-70.68709990970241, 43.064155711412994], [-70.68693886958376, 43.064004699675486], [-70.68691479794833, 43.0638420809197], [-70.68687348692592, 43.06376599684403], [-70.68688888553972, 43.06361238253376], [-70.68708633657761, 43.063422530420866], [-70.68707756794736, 43.06334117332454], [-70.6869386314873, 43.063280908444405], [-70.68680701817229, 43.063249295595995], [-70.68656510454147, 43.06324806881443], [-70.68639638517358, 43.06329369567675], [-70.68643244053116, 43.06317812442733], [-70.6861649133775, 43.06319644719575], [-70.68595921831741, 43.06332410566001], [-70.68583637357567, 43.063373848880694], [-70.68567589486898, 43.06348166770836], [-70.68543098938713, 43.06360990203033], [-70.68513498795099, 43.06378202913856], [-70.68508599198441, 43.06390258468363], [-70.68512900743453, 43.06404095785407], [-70.68523618873611, 43.06413524606166], [-70.68533016988748, 43.06422493540423], [-70.68551419392989, 43.06426057103435], [-70.68567835174221, 43.064286912651966], [-70.68574628147438, 43.064318690775096], [-70.68570002582337, 43.06431695250828], [-70.68564203007207, 43.064386431093816], [-70.6855267730898, 43.06441557853917], [-70.68542864770612, 43.064386829508656], [-70.68528285127456, 43.06439446728639], [-70.68516309971815, 43.064396231205194], [-70.68508780426131, 43.06438087051901], [-70.68510916751673, 43.06442668962307], [-70.68497193963472, 43.06442200885268], [-70.68482940910704, 43.06439060023378], [-70.68475028290217, 43.064338152551805], [-70.68462109049709, 43.06429314392121], [-70.68451446334313, 43.06423775073881], [-70.68444410678909, 43.06417177083438], [-70.68448832079079, 43.06411750741415], [-70.68442755910503, 43.06406813983766], [-70.68438543657072, 43.064031901603094], [-70.6843128970966, 43.06405307432267], [-70.6842550527453, 43.06394334981026], [-70.68426409072043, 43.06396937744142], [-70.68422366366086, 43.06388182259158], [-70.68420602441171, 43.06382176775235], [-70.6842086663475, 43.06375136238595], [-70.68425096287513, 43.06371053006248], [-70.68429476310487, 43.063641194560425], [-70.68439489811557, 43.063448830221866], [-70.68447440016693, 43.06329631740394], [-70.6845256835885, 43.06313195018257], [-70.68453882880166, 43.06300086583073], [-70.68449789155184, 43.06293193322736], [-70.68442461734693, 43.06290437974328], [-70.68437877514937, 43.062860061674854], [-70.68432893101802, 43.062710271684885], [-70.68435684738597, 43.06266904076317]], [[-70.68955988771151, 43.063321031523756], [-70.68961358856082, 43.0633340427047], [-70.6896891842777, 43.06334443069568], [-70.68974760244372, 43.06341489247932], [-70.68981128284837, 43.0634484643238], [-70.68989001522239, 43.063458804952674], [-70.68990072884664, 43.063391923549844], [-70.68989921237701, 43.0633367272198], [-70.68990679067537, 43.06326989122537], [-70.68989580029883, 43.06321253412516], [-70.68986630685657, 43.06316695294884], [-70.68981085839948, 43.06320458501827], [-70.68983163733762, 43.063275603582646], [-70.68976332682698, 43.06330192117434], [-70.68967762668493, 43.063266373802435], [-70.6896513330744, 43.06322304691911], [-70.68964994318623, 43.06317245012539], [-70.6897043808449, 43.06309801997393], [-70.68960746052834, 43.06311095577387], [-70.68948896371371, 43.06313801434837], [-70.6893761081197, 43.06314198154646], [-70.68924681208959, 43.06311858201063], [-70.68917698565662, 43.06308970200187], [-70.6890758550869, 43.06306358571819], [-70.68906688770066, 43.06307982394672], [-70.68908665398295, 43.0631140436108], [-70.68901552259818, 43.06315190683058], [-70.68907800238202, 43.06314178160577], [-70.68918458501206, 43.063137907318904], [-70.68926984255336, 43.06315735575826], [-70.6893591841229, 43.063211255311835], [-70.68940116003306, 43.06325435069397], [-70.68943734639926, 43.06320089832271], [-70.68949035346796, 43.063188611146785], [-70.68958546412367, 43.063224019686395], [-70.68960611521162, 43.06329043786892], [-70.68955988771151, 43.063321031523756]], [[-70.68838201879255, 43.06272029458308], [-70.68834454294579, 43.062759721894984], [-70.68835240002174, 43.062782577885834], [-70.68843030920571, 43.0628114669846], [-70.68850070199542, 43.06282986570518], [-70.68856241212093, 43.062795380849686], [-70.68852087929066, 43.06277479041242], [-70.68850589234718, 43.06275557401176], [-70.68847693671559, 43.06275423462306], [-70.68845433513964, 43.06272099498585], [-70.68842947049926, 43.0626930889193], [-70.68838201879255, 43.06272029458308]], [[-70.69017274503138, 43.06255131482097], [-70.69023454701025, 43.062578673916065], [-70.69027610776202, 43.06257099210336], [-70.69027559004576, 43.06255215197553], [-70.69032626828475, 43.06252548676589], [-70.69040027094599, 43.06252910556718], [-70.6904122773993, 43.06249829952066], [-70.6904078998476, 43.062455955576326], [-70.69034642150729, 43.06244037176599], [-70.69038765855532, 43.06242091472223], [-70.69034538601228, 43.06240269061065], [-70.6903007435049, 43.062415131048596], [-70.6903094079854, 43.06237966221773], [-70.69028267814593, 43.062342360672844], [-70.69024805917759, 43.062368788609795], [-70.69018703394684, 43.06236969016196], [-70.69022165294253, 43.06234326224311], [-70.69024021155275, 43.0623170715847], [-70.69027875370536, 43.0623165021707], [-70.69033637340027, 43.06230858308083], [-70.69035045083297, 43.06235313935214], [-70.69040472854414, 43.06234055743481], [-70.69042014047551, 43.06231676977492], [-70.69033579093862, 43.062287387374184], [-70.69027071194971, 43.06225772111186], [-70.69029563089933, 43.06222907994235], [-70.69020229223996, 43.062223391095856], [-70.69020988096072, 43.06226568761033], [-70.690195245502, 43.062317735887625], [-70.69014982647633, 43.062301914721736], [-70.69006131796137, 43.062355055173185], [-70.69006209444443, 43.062383315818934], [-70.69010199552754, 43.062432202818364], [-70.69003178792232, 43.06244973207604], [-70.68997757352446, 43.062464669416144], [-70.68996576218998, 43.062502540339274], [-70.69001182836985, 43.06254191196424], [-70.69005364671125, 43.06254364986549], [-70.69009154192922, 43.06251953012475], [-70.6901065022887, 43.06247925703572], [-70.69014053775506, 43.062431633449755], [-70.69018556861651, 43.06243332474565], [-70.69017498693727, 43.06251594178228], [-70.69017274503138, 43.06255131482097]], [[-70.68821978627713, 43.0623410127619], [-70.68829662830817, 43.0623310443279], [-70.68833145301859, 43.06228282072116], [-70.68833274647601, 43.062242160632344], [-70.68829045264721, 43.062281659027605], [-70.68824290545143, 43.062305331691405], [-70.68820701413873, 43.06231469583416], [-70.6882110567416, 43.062286364063766], [-70.6881628296344, 43.06228530896109], [-70.68817169048619, 43.06225690609625], [-70.6882042024911, 43.06221225100538], [-70.6882617254231, 43.062200800035896], [-70.68827790865312, 43.062175822563034], [-70.68818372013618, 43.06216837788288], [-70.68809772657096, 43.06219615123299], [-70.68806988610183, 43.06223543718907], [-70.68810732853017, 43.06228259353948], [-70.68815594222269, 43.06229777947079], [-70.68821978627713, 43.0623410127619]], [[-70.68793682129139, 43.06052867682921], [-70.68790502185568, 43.06056247559663], [-70.68786587955815, 43.06059371631344], [-70.68788300425834, 43.060621460556455], [-70.68794876065279, 43.060632489099746], [-70.68799502635385, 43.06059581051742], [-70.68804184054011, 43.06057912159623], [-70.68811802603257, 43.0605726647644], [-70.688152984766, 43.060521487918635], [-70.68812244318053, 43.06046861117126], [-70.68812026005126, 43.06045531153479], [-70.68812687145055, 43.06043121665572], [-70.68812621317244, 43.06040722904107], [-70.68817211288079, 43.06035722393781], [-70.68820152069956, 43.06036878867148], [-70.68822573228918, 43.06038976236704], [-70.6882592138553, 43.06041726519204], [-70.68826895928053, 43.06044111871326], [-70.68831398109506, 43.06035913007117], [-70.68826639909835, 43.0603478335515], [-70.68823491784947, 43.06032696713587], [-70.68816087923602, 43.060345391031035], [-70.68811937122682, 43.06035666896899], [-70.68806012786575, 43.060384206788044], [-70.68805755354565, 43.060422907132164], [-70.68800783601232, 43.06046630259334], [-70.68792423468962, 43.06046753602042], [-70.68781355487936, 43.06047583478511], [-70.68780189329378, 43.06051466918132], [-70.68772611002044, 43.060535784902534], [-70.68765198725207, 43.060484884096745], [-70.68761444293308, 43.060508102047265], [-70.6876561080116, 43.0605688139581], [-70.68774708886544, 43.06057147142064], [-70.6878395946282, 43.06056344083553], [-70.68786557618009, 43.06051639606773], [-70.68791787917323, 43.060500959406724], [-70.68793682129139, 43.06052867682921]]]}, "properties": {"Hectares": 19.5904265723, "Acres": 48.40880467674, "Year": "2025", "Name": "Eelgrass", "Confidence": "H", "Notes": "UAV Imagery Used", "Type": 1, "LABEL": "Gerrish Island Beds", "ID": 11}}, {"type": "Feature", "geometry": {"type": "MultiPolygon", "coordinates": [[[[-70.69300079463518, 43.060493017586], [-70.69341292493351, 43.060079726727224], [-70.69342683530992, 43.060080369754495], [-70.693445085505, 43.06011626447621], [-70.69348044149653, 43.06014648126992], [-70.69347917071127, 43.060189897901914], [-70.69340397651261, 43.06014580482844], [-70.6933932934481, 43.06020563495555], [-70.6933419987988, 43.06031308047427], [-70.6933217541138, 43.06038390156672], [-70.6931822929093, 43.06042393867244], [-70.69317648988012, 43.06048188831354], [-70.6931275874538, 43.06049707796227], [-70.69306063388466, 43.060483602836385], [-70.69300079463518, 43.060493017586]]], [[[-70.69360465157324, 43.05988745775216], [-70.69403289221798, 43.0594580001635], [-70.69405842400069, 43.059474263759135], [-70.69413604685573, 43.059461679786935], [-70.69423112184323, 43.059450156369195], [-70.69419108841556, 43.059535510572694], [-70.69416591658621, 43.059600867038824], [-70.6941956774439, 43.05970213999092], [-70.69423640355305, 43.059753691368265], [-70.69425224074006, 43.059753779374645], [-70.694317853977, 43.05981530074676], [-70.69437048767392, 43.059921280201486], [-70.69441189918213, 43.060006594821175], [-70.69455886716831, 43.06005649565064], [-70.69467044707233, 43.05998193441491], [-70.69478062834091, 43.05998551007674], [-70.69487754344505, 43.06002313255065], [-70.69488729603924, 43.060119331494086], [-70.69492393962963, 43.060160450661755], [-70.69506968912695, 43.060166102988504], [-70.69514856969045, 43.060193576920604], [-70.69511138866388, 43.06026182858594], [-70.69496040431801, 43.060323954645455], [-70.69485846908903, 43.06036191902009], [-70.69468844537049, 43.06037745699774], [-70.69453595462313, 43.06038492341252], [-70.69459841396598, 43.060331920779305], [-70.69451440648199, 43.0602472371272], [-70.6943964085786, 43.06021773821207], [-70.69421003608765, 43.06015540131398], [-70.69408820216347, 43.06011554337935], [-70.69393413516863, 43.06006574705183], [-70.6937986764773, 43.060046921543474], [-70.69380276569704, 43.0599374981973], [-70.69380821657475, 43.059877528343364], [-70.69361506328299, 43.05988590983934], [-70.69360465157324, 43.05988745775216]]]]}, "properties": {"Hectares": 0.50336906938, "Acres": 1.24384708368, "Year": "2025", "Name": "Eelgrass", "Confidence": "H", "Notes": "UAV Imagery Used", "Type": 1, "LABEL": "Portsmouth Harbor", "ID": 12}}, {"type": "Feature", "geometry": {"type": "MultiPolygon", "coordinates": [[[[-70.69235723085009, 43.061138379159175], [-70.69226670648212, 43.06122915504333], [-70.6922280998984, 43.061152424859706], [-70.69235723085009, 43.061138379159175]]], [[[-70.69268327208871, 43.06081142939542], [-70.69251474522922, 43.06098042632369], [-70.69253019868209, 43.06083037913374], [-70.69268327208871, 43.06081142939542]]]]}, "properties": {"Hectares": 0.01499037889, "Acres": 0.03704188478, "Year": "2025", "Name": "Eelgrass", "Confidence": "H", "Notes": "UAV Imagery Used", "Type": 1, "LABEL": "Gerrish Island Beds", "ID": 13}}, {"type": "Feature", "geometry": {"type": "Polygon", "coordinates": [[[-70.69164086160663, 43.06185672950526], [-70.69226670648212, 43.06122915504333], [-70.69235723085009, 43.06113837915919], [-70.69251474522922, 43.060980426323695], [-70.69268327208871, 43.060811429395436], [-70.69271682827743, 43.06080727527454], [-70.69297306679462, 43.06079331248628], [-70.69318035493083, 43.06076481647932], [-70.6932744772211, 43.06065662389192], [-70.69337590067536, 43.060576017012465], [-70.69337317959958, 43.0604771690263], [-70.693476655318, 43.06048360127216], [-70.69351778788803, 43.060551313821705], [-70.6937695873665, 43.060501809964954], [-70.6935992791128, 43.06036193167705], [-70.69356720896504, 43.060204749835485], [-70.69350103459057, 43.06006841558273], [-70.69370110724876, 43.060029854046036], [-70.69394032335187, 43.060153454880606], [-70.69402036452097, 43.060289583555225], [-70.69423738351405, 43.06036265546585], [-70.69419291364547, 43.060510799161264], [-70.6941067061292, 43.06065447517432], [-70.694305308109, 43.06081427647443], [-70.69436231176753, 43.06086937493274], [-70.69453717543199, 43.060922727778916], [-70.69440825023527, 43.06102635113989], [-70.69418142310327, 43.06110090996412], [-70.69426755895977, 43.06120643402115], [-70.69447302734986, 43.06111184858479], [-70.69460846541725, 43.06099287159991], [-70.6947529367482, 43.06095004606961], [-70.69484404538679, 43.06098429630158], [-70.69483005761494, 43.0610875530939], [-70.69483244585861, 43.06108290639683], [-70.69499043051526, 43.06110661569466], [-70.69514088213498, 43.06112175763872], [-70.69523620497226, 43.061054161373384], [-70.6953113218874, 43.06107387932637], [-70.69540020711113, 43.061077769947595], [-70.69551336610037, 43.06106046976629], [-70.69557596874037, 43.06101267223305], [-70.69565721289527, 43.060946191685304], [-70.69613790533572, 43.06091011527962], [-70.69610242822405, 43.06105539478795], [-70.6960868909655, 43.061122568715476], [-70.69631557717531, 43.06107193979087], [-70.69652894509122, 43.06094958039642], [-70.69662304473525, 43.060868721226456], [-70.69667355660401, 43.06073553254097], [-70.69664814524246, 43.06068734819226], [-70.69652212967567, 43.06070246084698], [-70.6964026189519, 43.06073513552829], [-70.69626961160317, 43.060715034344064], [-70.69621240640286, 43.06060551612277], [-70.69635465085676, 43.06052394337403], [-70.69653938676556, 43.06045498432687], [-70.6965995678117, 43.06045409190692], [-70.69681171581904, 43.060287603527804], [-70.69683152785254, 43.06013279679703], [-70.69679413072568, 43.06001962350893], [-70.6967926724242, 43.059966753902614], [-70.69671390312898, 43.05992723652763], [-70.69652090587722, 43.05997078411037], [-70.69644667361436, 43.05989458226548], [-70.69634913509427, 43.05977804036908], [-70.69617109473502, 43.059760337246885], [-70.6962158525467, 43.059572520078966], [-70.69627994009518, 43.059482061663786], [-70.69636677301017, 43.05941160874997], [-70.69648402842533, 43.059438350027875], [-70.69655444675254, 43.05937627748181], [-70.69661954306675, 43.05932242092767], [-70.6966906341297, 43.059284749662], [-70.69674290546824, 43.05936941416191], [-70.69663853710932, 43.05940757894987], [-70.69677366515795, 43.059478809010905], [-70.69686503408133, 43.059371671437106], [-70.69698105556289, 43.05935367638218], [-70.69693466665689, 43.059281130413474], [-70.69685713212705, 43.059286348942], [-70.69676138858908, 43.05923487767352], [-70.69668771778413, 43.059179010432636], [-70.6968672643342, 43.059050222367595], [-70.69690793175046, 43.058915356821544], [-70.69721252173504, 43.05889456456114], [-70.697330177389, 43.05913693255358], [-70.69727141352358, 43.05921917546787], [-70.69730060315507, 43.05927163367337], [-70.69743472169121, 43.05930626092135], [-70.69750955877606, 43.05931347742943], [-70.6977422453276, 43.0593596896628], [-70.69789140316246, 43.05936633343382], [-70.69795133703579, 43.05936900294635], [-70.69806463120115, 43.05938387644959], [-70.69809432511633, 43.059437239331956], [-70.69823582881953, 43.059451693969294], [-70.6982274002272, 43.05955528754222], [-70.69817269441481, 43.059618180626394], [-70.69839489832036, 43.059693518287126], [-70.69842066408259, 43.059809020469125], [-70.69837342765346, 43.05993802257513], [-70.69851607484472, 43.059993847269084], [-70.69864133955521, 43.06003337491082], [-70.69876934631085, 43.06017219141399], [-70.69886880112539, 43.060299015527754], [-70.69902951810329, 43.06039595863335], [-70.69924459825589, 43.060417596824344], [-70.69942690973102, 43.06038740771267], [-70.69946116435946, 43.06049301612819], [-70.6995594781165, 43.060578469203605], [-70.69975221978268, 43.06060871575015], [-70.69999101210583, 43.06067138762084], [-70.69998224338332, 43.060762570138365], [-70.69991705464066, 43.060854590968454], [-70.69989837366997, 43.060995585603024], [-70.69991850084453, 43.061111171194305], [-70.70001288920948, 43.061258763249306], [-70.7000149472174, 43.061333229937006], [-70.69989150820749, 43.06135989648345], [-70.69967745336221, 43.061375492922274], [-70.69961779128667, 43.06146329273304], [-70.69947753995173, 43.061494347326175], [-70.69928029641056, 43.06150555456243], [-70.69911667661643, 43.061507984635185], [-70.69903284556128, 43.06153820075865], [-70.69892126112644, 43.06158538389691], [-70.69875855509407, 43.0616209097854], [-70.69860679029999, 43.06164385678969], [-70.69846573838821, 43.06164595086916], [-70.69837466558228, 43.06161833169849], [-70.69832217359199, 43.061557029859394], [-70.69825725541615, 43.061454525074495], [-70.69817854355605, 43.06137628140514], [-70.6979773881629, 43.061437467973015], [-70.69789262105722, 43.061561594755766], [-70.69781631253281, 43.061672662396454], [-70.69761390702045, 43.06168859944172], [-70.69732793450109, 43.0617588552383], [-70.69729632962775, 43.061837082508774], [-70.69736702716214, 43.06186930501554], [-70.69746792555394, 43.06185757070954], [-70.69756533491352, 43.06184588808368], [-70.69763447928852, 43.0618218281088], [-70.69771479665232, 43.061823195643655], [-70.6977961731898, 43.06186293742417], [-70.69765090643702, 43.0619111610701], [-70.69757221281274, 43.0619686340946], [-70.69749267184994, 43.061995407621424], [-70.69738479523734, 43.062007245479315], [-70.69735857748299, 43.062069058476425], [-70.69735685332431, 43.06213306742058], [-70.69730941905627, 43.06218495783044], [-70.69719875893536, 43.06222243015345], [-70.69713451465059, 43.06229760386797], [-70.69708073727573, 43.06237262228584], [-70.69702290609919, 43.062427226131916], [-70.69694878964178, 43.062397613459815], [-70.69693222220424, 43.062303163814384], [-70.69690268682474, 43.06224473718905], [-70.69688333623996, 43.06217592215932], [-70.69692329881944, 43.062106227403824], [-70.6968889336348, 43.06199924505011], [-70.69676177708249, 43.061944825572326], [-70.69669626234425, 43.061973949861724], [-70.6966244046086, 43.062026202189045], [-70.69660893534723, 43.06209809295961], [-70.69652618700695, 43.06213515071657], [-70.69645982527281, 43.06213357541415], [-70.69633936461044, 43.06206881884177], [-70.6962940075338, 43.06206949134048], [-70.69626168935308, 43.06203669915233], [-70.69629662014458, 43.06198585980642], [-70.69621979401947, 43.061965119876874], [-70.69610460199118, 43.06199336875675], [-70.69594450525776, 43.06220129274818], [-70.69589497115318, 43.06230174074368], [-70.6958510229722, 43.06239085902648], [-70.69593086258593, 43.06278051178486], [-70.69609372038246, 43.0629590401249], [-70.69626082445029, 43.063028856181205], [-70.69644036012413, 43.063126182988235], [-70.69672371724708, 43.06325368178715], [-70.69678934382067, 43.063341295562054], [-70.69671963865993, 43.06346363588705], [-70.6963680174784, 43.06359912842592], [-70.69622788717179, 43.06386447694259], [-70.69628224392278, 43.064157702880756], [-70.6963065926352, 43.064231297856416], [-70.69610220706429, 43.06422456351822], [-70.69595949535366, 43.0642006403807], [-70.69617625462988, 43.06433413040144], [-70.69634984851878, 43.06435108569142], [-70.69636504486961, 43.06441921207178], [-70.69634926966883, 43.06449105251576], [-70.69634314967689, 43.0646883183955], [-70.6966342537878, 43.065020283718646], [-70.69668816501819, 43.065042282354185], [-70.69687791559478, 43.06511613430004], [-70.69713479775311, 43.06499305026843], [-70.69721757401985, 43.06484869422174], [-70.69735937733232, 43.06487839696656], [-70.697496792193, 43.064749132410356], [-70.69768994636877, 43.064674702327785], [-70.69794748331141, 43.06457546203941], [-70.69804394957883, 43.064534272722184], [-70.69828660791298, 43.064681750217076], [-70.69823635525769, 43.06482562427125], [-70.69833874876406, 43.06499903888534], [-70.69830153189844, 43.06522223556189], [-70.69813291083283, 43.06539967302997], [-70.6980722573983, 43.065559604595094], [-70.69797688675405, 43.065640536176105], [-70.69785851802804, 43.065674099315544], [-70.69747821977265, 43.06564793600608], [-70.69738710747257, 43.06549025648843], [-70.69720795617158, 43.06528617328841], [-70.69712090373376, 43.065267280682995], [-70.69693552093568, 43.06530583374884], [-70.6968477605236, 43.06534293866776], [-70.69679684554386, 43.065428319705156], [-70.6966796386136, 43.06552444837172], [-70.69640237171066, 43.06561767486114], [-70.69642669577253, 43.06594345494508], [-70.69589943633129, 43.066083278230295], [-70.69584804726026, 43.06629370028345], [-70.6957049350551, 43.066287844244506], [-70.695676203854, 43.06624780470924], [-70.6957222573923, 43.06622567830641], [-70.69569973487764, 43.06610021540326], [-70.69552274800107, 43.06624960087151], [-70.69539387741818, 43.066069805476715], [-70.69517415756724, 43.06605209468442], [-70.6953094742804, 43.066119976999886], [-70.69526549279385, 43.0662534130938], [-70.69507551092923, 43.06627719460295], [-70.69490304556956, 43.06624480604356], [-70.69475704502159, 43.066135150169], [-70.69510101488133, 43.06616499712164], [-70.69496550579464, 43.06609012975304], [-70.69467889667425, 43.06606642040227], [-70.69448314105662, 43.06588062523112], [-70.69435446795957, 43.06570781427844], [-70.69411338392763, 43.065606554245626], [-70.69393938046885, 43.06551827763587], [-70.69392446555348, 43.06532281523985], [-70.69399953354086, 43.06527977151309], [-70.69419124469803, 43.06531886500997], [-70.69430654117656, 43.06535210129937], [-70.69446601174813, 43.06525888648661], [-70.6946247131361, 43.0651377277112], [-70.69490565428613, 43.06497441043572], [-70.69479946671946, 43.06495809293902], [-70.69474123998596, 43.06491124579633], [-70.69460450251876, 43.06496694381429], [-70.69440937404588, 43.06496983386845], [-70.69435894971852, 43.064910944231535], [-70.69435385888617, 43.064726145641664], [-70.69427789377588, 43.0646258883585], [-70.69414567465245, 43.064550318427266], [-70.69410239623977, 43.0644555399209], [-70.69404220026571, 43.06433715750513], [-70.69393617818946, 43.06432680057433], [-70.69379630542029, 43.064576831577234], [-70.69377389429317, 43.06465762499423], [-70.6937643301976, 43.064699697939865], [-70.69372618219744, 43.06474219495041], [-70.69366981033957, 43.06477185806964], [-70.69356334437191, 43.0647996414315], [-70.69360044363827, 43.064848886522704], [-70.69367377794653, 43.06491594139723], [-70.69375093864255, 43.06486238356323], [-70.69378479166794, 43.06479374281082], [-70.69386390129739, 43.064810916892576], [-70.6939818070054, 43.064809171190156], [-70.69402349036238, 43.06489503887703], [-70.69402886659095, 43.06496047847184], [-70.69408505738299, 43.065053993339035], [-70.69401374400393, 43.06506029092264], [-70.69392821071548, 43.065069419374005], [-70.69383195778359, 43.0650787073681], [-70.6937907422136, 43.065139595117], [-70.69371484507845, 43.06510926886831], [-70.69361408186568, 43.065084553214234], [-70.69351310234272, 43.06505197865728], [-70.6934414991462, 43.065047796885935], [-70.69340201966963, 43.06491210119795], [-70.69338863261135, 43.06481533117732], [-70.6933710228937, 43.06469503760486], [-70.6934218029039, 43.064592076179665], [-70.69349596811601, 43.06455952943101], [-70.69356536890157, 43.064613538042785], [-70.69361769776418, 43.064696627926196], [-70.69367385317386, 43.06465910602042], [-70.69369763707853, 43.064614200400605], [-70.69373950289985, 43.06457689000367], [-70.6937497203114, 43.06456986904462], [-70.69374696016635, 43.06454429419525], [-70.69378268780498, 43.06436485508878], [-70.69375287910631, 43.06416849474356], [-70.69369137087865, 43.06400242187887], [-70.69376290197825, 43.06394172648987], [-70.69382597475881, 43.063707811902475], [-70.6936776205651, 43.063613316455765], [-70.69358448757556, 43.06350782626245], [-70.69347762068458, 43.06340762784569], [-70.69341055993704, 43.06324068339495], [-70.6936134342535, 43.06329874858049], [-70.69384812238985, 43.063503923394265], [-70.69392485737349, 43.06351805388573], [-70.69378743733253, 43.063316528714125], [-70.69365099864952, 43.06315061060038], [-70.69383207974684, 43.06317337535358], [-70.6937954294039, 43.06310267173985], [-70.69347903130041, 43.0629546850231], [-70.69345394150129, 43.063051748149405], [-70.69323347518379, 43.063110989949614], [-70.69321651904299, 43.06299928254887], [-70.69310495570078, 43.06298057753285], [-70.69304567363038, 43.06284405183516], [-70.69284735963531, 43.06269940533483], [-70.69282278769786, 43.062893385186], [-70.69284344345112, 43.06301386478334], [-70.69301212920101, 43.06315758240519], [-70.69322292379563, 43.06325617676324], [-70.69305965950684, 43.063309449851154], [-70.69328087057592, 43.06347146111777], [-70.69352256522335, 43.06374759683886], [-70.69327158450079, 43.06376402590883], [-70.69320672018016, 43.063612415102085], [-70.69303733306391, 43.063443279693765], [-70.69294969687473, 43.06372428963893], [-70.69282574153745, 43.06363076703815], [-70.69281270279303, 43.063472032047784], [-70.6926502349653, 43.06323922251075], [-70.69260839953436, 43.06297919964694], [-70.69248182350961, 43.062790358668245], [-70.69226221600225, 43.062621548155], [-70.69215269393686, 43.062424696886815], [-70.69214835579257, 43.06226700198591], [-70.69210183230284, 43.062089574938696], [-70.69190534066365, 43.06201105659238], [-70.69164086160663, 43.06185672950526]], [[-70.69395442563084, 43.06211378151738], [-70.69382723026904, 43.062217378598866], [-70.6938213636491, 43.06231917933663], [-70.69405483056353, 43.06229665127988], [-70.69424269013865, 43.062192155609196], [-70.69424943118855, 43.06212212748877], [-70.6940750543407, 43.06208656694119], [-70.69395442563084, 43.06211378151738]], [[-70.69569844369096, 43.06158249786011], [-70.69587353359397, 43.061632014764236], [-70.69601186938964, 43.06178050772548], [-70.69617796537173, 43.061758251317805], [-70.69630325303952, 43.061716661913124], [-70.69647103321542, 43.061687686255574], [-70.69666768716101, 43.06161413563097], [-70.69682233488648, 43.06154562233057], [-70.69685304505997, 43.06154912814628], [-70.69677631222055, 43.061405035985935], [-70.69667169025139, 43.0613227091472], [-70.69644780022858, 43.0612818826475], [-70.69624439874865, 43.06132904501516], [-70.69609072429269, 43.06143286033552], [-70.69599197880834, 43.06139492315346], [-70.6958916282682, 43.0614290908596], [-70.69581556745538, 43.06153444069743], [-70.69569844369096, 43.06158249786011]], [[-70.69745551588868, 43.061364058293066], [-70.6973513284779, 43.06151570225208], [-70.69762672178733, 43.061513806316505], [-70.69772137552307, 43.0614283336857], [-70.69771762899953, 43.0612925869596], [-70.69745551588868, 43.061364058293066]]]}, "properties": {"Hectares": 21.8984243039, "Acres": 54.11196846294, "Year": "2025", "Name": "Eelgrass", "Confidence": "H", "Notes": "UAV Imagery Used", "Type": 1, "LABEL": "Portsmouth Harbor", "ID": 14}}, {"type": "Feature", "geometry": {"type": "Polygon", "coordinates": [[[-70.68104265130879, 43.06677634378842], [-70.68091338550464, 43.06670412901524], [-70.68090005858951, 43.06662746580435], [-70.68098269078031, 43.06663723159415], [-70.68100783743951, 43.06659843261024], [-70.68109106961005, 43.06663014922397], [-70.68116973444471, 43.06663173827969], [-70.68122295273616, 43.066661150865606], [-70.68128799828332, 43.06671234933715], [-70.68132362997304, 43.066783194787206], [-70.68129489107945, 43.06682753655825], [-70.68121203357009, 43.06680953941226], [-70.6811429455859, 43.06674742044027], [-70.68110567178815, 43.06675345807264], [-70.68118284455198, 43.06683741798207], [-70.68111899899111, 43.06683012125314], [-70.68104265130879, 43.06677634378842]]]}, "properties": {"Hectares": 0.05084732476, "Acres": 0.12564597323, "Year": "2025", "Name": "Eelgrass", "Confidence": "H", "Notes": "UAV Imagery Used", "Type": 1, "LABEL": "Gerrish Island Beds", "ID": 15}}, {"type": "Feature", "geometry": {"type": "Polygon", "coordinates": [[[-70.68023859262833, 43.067493611160245], [-70.68017706462776, 43.06743412554674], [-70.68013013162923, 43.06736070074483], [-70.68008814048136, 43.06733112278357], [-70.6800278870241, 43.06731828276769], [-70.67995438264924, 43.06723152325262], [-70.6799148599412, 43.06715524458271], [-70.67989247543352, 43.067021069996706], [-70.68001672413428, 43.06704669519621], [-70.68013341317226, 43.067069686312685], [-70.68021237841565, 43.06708225147259], [-70.68029321193846, 43.06702616502388], [-70.68035855700009, 43.0670883394815], [-70.68041716710182, 43.06717806246866], [-70.680437978382, 43.067254615799484], [-70.68045482237792, 43.06732299250448], [-70.68049427088832, 43.06739652710945], [-70.68050355516405, 43.067462269882284], [-70.68044891827483, 43.06751797169892], [-70.6803882897063, 43.06749141256168], [-70.68033312790175, 43.06752790728213], [-70.68027699146458, 43.067528731753015], [-70.68023859262833, 43.067493611160245]]]}, "properties": {"Hectares": 0.16778840114, "Acres": 0.41461251025, "Year": "2025", "Name": "Eelgrass", "Confidence": "H", "Notes": "UAV Imagery Used", "Type": 1, "LABEL": "Gerrish Island Beds", "ID": 16}}, {"type": "Feature", "geometry": {"type": "Polygon", "coordinates": [[[-70.68291000667516, 43.067096128873395], [-70.6828160947941, 43.06708464322819], [-70.6826991448725, 43.067086363368134], [-70.68262979599734, 43.067117406366556], [-70.6824390569043, 43.067201702579936], [-70.68242022426338, 43.067154800448535], [-70.6823162592288, 43.06720350832319], [-70.68225099846005, 43.06717015587657], [-70.68217054056922, 43.06722280697617], [-70.68220165441619, 43.06729097360641], [-70.68206880314234, 43.067352973001036], [-70.68199535598492, 43.06738819331204], [-70.68200962437322, 43.06732810901108], [-70.68196716744352, 43.0672729761092], [-70.68186822864398, 43.06729158663639], [-70.68186205465558, 43.0674423073105], [-70.68179641686422, 43.06750640637996], [-70.68180718869293, 43.067412576131424], [-70.68174016941613, 43.067314914143026], [-70.68174869906137, 43.06719898557716], [-70.68174015512675, 43.06710046401002], [-70.6817496226413, 43.067018833710165], [-70.6816848022965, 43.06686938017556], [-70.68166051305346, 43.066779080700876], [-70.6817130007753, 43.06670365089142], [-70.6817942146429, 43.06674778533372], [-70.681815220182, 43.066850598164066], [-70.68193684470273, 43.06680592013627], [-70.68194644413894, 43.06694302723878], [-70.68198702477676, 43.06692956362453], [-70.68199567117769, 43.06681792232496], [-70.68197543199267, 43.06671957270922], [-70.6819774877734, 43.06653444804335], [-70.6819755926046, 43.06646515034452], [-70.68194768902053, 43.06634683693463], [-70.68199914336944, 43.06630319040619], [-70.68201445786616, 43.0662214741144], [-70.6820978508953, 43.06618799702162], [-70.68216464753937, 43.06619733384302], [-70.68220512837783, 43.06618820625113], [-70.68219922989401, 43.06613297733038], [-70.68229255386605, 43.06612302709449], [-70.68229933943657, 43.06615723937771], [-70.68234776054707, 43.06621657347299], [-70.68241079204256, 43.066168467512355], [-70.68247990541103, 43.06612885009251], [-70.68253159115211, 43.0661044811603], [-70.68258574516716, 43.06614873861344], [-70.68259908206443, 43.066208588573566], [-70.6826874970474, 43.066233022270666], [-70.6827237545445, 43.066275379074], [-70.68278211143028, 43.066270231737285], [-70.68278901459642, 43.06630873126759], [-70.68289880041293, 43.0662765537152], [-70.6829392381646, 43.066308381908755], [-70.68297227908128, 43.06637894868108], [-70.68308396684527, 43.066398750713184], [-70.683145606196, 43.06636507270349], [-70.68317214761976, 43.066414609464964], [-70.68326664522685, 43.06644753123912], [-70.6833768193878, 43.06639409396679], [-70.6834365042891, 43.06643061815985], [-70.68354484297181, 43.06641039281617], [-70.6836178433065, 43.066455230621926], [-70.68365410157101, 43.06649758711566], [-70.68376367665549, 43.066412291842774], [-70.68383003366523, 43.06645568359571], [-70.6839207215919, 43.0664526423664], [-70.68396971881477, 43.06645704062229], [-70.68405769209218, 43.066495936104815], [-70.68414514268137, 43.066488587934856], [-70.6841508233743, 43.066526046766796], [-70.68427077529228, 43.06648673849578], [-70.68434033760292, 43.0664771820328], [-70.68437607545324, 43.06645307308526], [-70.6844715683359, 43.0664426641462], [-70.68451905233307, 43.06646769905636], [-70.684240488896, 43.066549002335464], [-70.68438024037752, 43.06652549989229], [-70.68442772440368, 43.06655053483936], [-70.68419150146225, 43.066682682697206], [-70.68407596114776, 43.066735851575444], [-70.6840144565229, 43.06683969306186], [-70.68396276841682, 43.0668747659186], [-70.6839930623038, 43.06691292108307], [-70.68390102869598, 43.066970032789435], [-70.6838379975902, 43.067018139559], [-70.6838395235509, 43.06707387418668], [-70.68374140731265, 43.06712249727347], [-70.68376573631382, 43.067156451274826], [-70.68375603671235, 43.06722950713672], [-70.6836985006243, 43.06726466593788], [-70.68366505874845, 43.067325204174224], [-70.68371359948796, 43.067388824921125], [-70.68368682670018, 43.06747928806017], [-70.68353046906675, 43.067537346071106], [-70.6834139877436, 43.06755621607396], [-70.68331972303369, 43.067531869017415], [-70.68324311834256, 43.06751155106557], [-70.68315423195529, 43.06746996871711], [-70.68312978582443, 43.06743172730348], [-70.68308697583731, 43.067363732995], [-70.68309714557532, 43.06730782629984], [-70.68311889298596, 43.0672474602722], [-70.68306509210679, 43.06720536168535], [-70.68303900357309, 43.06710709831778], [-70.68291000667516, 43.067096128873395]], [[-70.68324264944665, 43.06691846275316], [-70.68317663174969, 43.06689810308548], [-70.68311512462033, 43.06690967343196], [-70.68308728276651, 43.0669554112693], [-70.68304060824896, 43.06697742883851], [-70.68309288739746, 43.06702732073808], [-70.68318325770221, 43.06700732666814], [-70.68322244288203, 43.06697742012516], [-70.68324264944665, 43.06691846275316]]]}, "properties": {"Hectares": 1.89512589155, "Acres": 4.68293933177, "Year": "2025", "Name": "Eelgrass", "Confidence": "H", "Notes": "UAV Imagery Used", "Type": 1, "LABEL": "Gerrish Island Beds", "ID": 17}}, {"type": "Feature", "geometry": {"type": "Polygon", "coordinates": [[[-70.68232483146284, 43.06507892831202], [-70.68240070918786, 43.06504797475914], [-70.68226021092248, 43.064933116364934], [-70.68218580808959, 43.06490103517312], [-70.68216035963887, 43.0647977371279], [-70.6821237939802, 43.0647253662479], [-70.68228194798434, 43.06465258973], [-70.68249828842472, 43.06454218294983], [-70.68264501995301, 43.064560129856964], [-70.68275193399722, 43.06479311228644], [-70.68294379759091, 43.06479029015329], [-70.68333152845223, 43.06459694210306], [-70.68321835617105, 43.064509264971015], [-70.68314476854724, 43.06445225484002], [-70.68329696931725, 43.06433608882281], [-70.68343081212907, 43.06432565951618], [-70.68352833457875, 43.06416831049602], [-70.6835388130893, 43.06407465191813], [-70.68373590622849, 43.06401582893477], [-70.68376609436508, 43.06410112843052], [-70.68393100853314, 43.064125711552926], [-70.68397048795958, 43.06423235536715], [-70.68421243326867, 43.064389631746785], [-70.68450773081659, 43.0644925096391], [-70.68480266171909, 43.06458198882783], [-70.68528945716126, 43.06466864117045], [-70.68567299966321, 43.06465628934638], [-70.68596573007447, 43.064665379286666], [-70.68625772529725, 43.06464767264223], [-70.68664053258077, 43.064608522189076], [-70.68695282123498, 43.064664231816124], [-70.68689469702592, 43.06466508884024], [-70.68676095823446, 43.06466706059067], [-70.6864786503811, 43.064704730737624], [-70.6864395105239, 43.0647219429979], [-70.68644253571446, 43.0647697017447], [-70.68637158629608, 43.06480013084339], [-70.6863248018666, 43.06476061076868], [-70.68619762769099, 43.0647892913188], [-70.6861494429878, 43.064780311496285], [-70.68605547659779, 43.06483491240314], [-70.68599940221036, 43.064939767554044], [-70.68593707972, 43.06495396881775], [-70.68594401348787, 43.06487344821824], [-70.6858872445889, 43.06482357649729], [-70.68580487411418, 43.06485331899317], [-70.68575893760529, 43.06483258083738], [-70.68571936555477, 43.06486338463578], [-70.68571830536727, 43.064887301476475], [-70.68567997613309, 43.064910846256495], [-70.68561338038867, 43.06487752578013], [-70.68556046869347, 43.064885800855315], [-70.68553088700898, 43.064872451351214], [-70.68549682828596, 43.064881758829785], [-70.68546256280183, 43.06488352159055], [-70.68542381811992, 43.06490262047328], [-70.68541729160212, 43.06492192728188], [-70.68537407207752, 43.06490998437438], [-70.68534266425338, 43.064942621797236], [-70.68526503451612, 43.06493800770958], [-70.6851253967563, 43.064969478424636], [-70.68508143733308, 43.06495733469362], [-70.6850399458304, 43.0649791474036], [-70.68453902914865, 43.06496786074992], [-70.68443104426144, 43.06502976514769], [-70.68433036068151, 43.065024545248235], [-70.68430423546263, 43.06507184083501], [-70.68419514830796, 43.06509355157444], [-70.68414234850101, 43.065168045935316], [-70.68410161823573, 43.06534958807212], [-70.68397059008474, 43.065237589961875], [-70.68383409428321, 43.065259703778835], [-70.68379354643852, 43.06544794443068], [-70.6837272072541, 43.06536180101568], [-70.68368846107128, 43.06528195190341], [-70.6835313079288, 43.06521724872369], [-70.68343447453078, 43.06535270520013], [-70.6831779195986, 43.06532967377351], [-70.68294293886754, 43.065426952506634], [-70.68275855985952, 43.065369350062525], [-70.68260907741711, 43.06525092050621], [-70.68252355167579, 43.06513155020663], [-70.68246024255129, 43.06513993533302], [-70.68244000562763, 43.065096347538024], [-70.68232483146284, 43.06507892831202]]]}, "properties": {"Hectares": 2.15103155282, "Acres": 5.31529346284, "Year": "2025", "Name": "Eelgrass", "Confidence": "H", "Notes": "UAV Imagery Used", "Type": 1, "LABEL": "Gerrish Island Beds", "ID": 18}}, {"type": "Feature", "geometry": {"type": "Polygon", "coordinates": [[[-70.68610730929407, 43.06518348065823], [-70.68609146052457, 43.065168618661374], [-70.68609975980729, 43.06515843263865], [-70.68610267275047, 43.06513952024867], [-70.68607526704872, 43.065141182101975], [-70.68605719476265, 43.06517038160985], [-70.68602841873854, 43.0651846432868], [-70.68599761745962, 43.06518761312573], [-70.68599117104746, 43.06520280369218], [-70.68596331721443, 43.065188118590264], [-70.68594386611036, 43.065167019837816], [-70.68596907424711, 43.0651477789037], [-70.68598721550825, 43.06512109432119], [-70.68601928365209, 43.06510175228307], [-70.68604781834485, 43.06507868841657], [-70.68607302641297, 43.06505944746038], [-70.68608447992953, 43.06503915124139], [-70.68610660267412, 43.06503253538783], [-70.68615860447514, 43.06505189642071], [-70.68616097447128, 43.06507576280834], [-70.68611518631018, 43.065095307087795], [-70.68613316374633, 43.06512523327812], [-70.68614177327092, 43.065126364356324], [-70.68617940007874, 43.065122035918726], [-70.68615975072949, 43.065156290541964], [-70.6861722039621, 43.06517246053734], [-70.68620811578405, 43.065168157365974], [-70.68624447577412, 43.065180201110046], [-70.68628371419103, 43.06517207499291], [-70.68629502975362, 43.06514674893059], [-70.68632943339969, 43.06515001573457], [-70.68636020016378, 43.065145788350996], [-70.6863333116183, 43.065166312103585], [-70.6862619706447, 43.06519252289584], [-70.68622084482709, 43.06519438700307], [-70.68616294808908, 43.06521033587185], [-70.68611005847106, 43.065221179062455], [-70.68608341110985, 43.06525050494983], [-70.68606057293684, 43.06529361229839], [-70.68605207534429, 43.06535915165622], [-70.68603135725746, 43.06535442512299], [-70.68602853917888, 43.06531421180493], [-70.68604311254717, 43.06528254793785], [-70.6860542214019, 43.0652496771617], [-70.68608903018108, 43.06520513543495], [-70.68610730929407, 43.06518348065823]]]}, "properties": {"Hectares": 0.02680332823, "Acres": 0.06623220155, "Year": "2025", "Name": "Eelgrass", "Confidence": "H", "Notes": "UAV Imagery Used", "Type": 1, "LABEL": "Gerrish Island Beds", "ID": 19}}, {"type": "Feature", "geometry": {"type": "Polygon", "coordinates": [[[-70.68681040104984, 43.06475042393818], [-70.6868424207322, 43.06474351106862], [-70.68687028544227, 43.064745247153446], [-70.68691073275222, 43.06472532845338], [-70.68694585592195, 43.06472481057121], [-70.686932831884, 43.06473036992197], [-70.68692264648516, 43.064732667028395], [-70.68688237575003, 43.06475902390524], [-70.68684479648499, 43.06477675338341], [-70.68681262964533, 43.06477830110996], [-70.6867943402714, 43.06480540732896], [-70.68682665426759, 43.064809224751215], [-70.68682911830078, 43.06484568615243], [-70.68674702481788, 43.06489520231918], [-70.68669417119224, 43.064943213893415], [-70.68664397960025, 43.0649815250348], [-70.68663569899834, 43.0649998959743], [-70.68659952413802, 43.06501545774239], [-70.68654853798712, 43.06502479706382], [-70.68652772571058, 43.065013295775586], [-70.68655795842825, 43.06499460123863], [-70.68652968168442, 43.064977842674764], [-70.6865729973534, 43.06495573488575], [-70.68658976454944, 43.06492650421681], [-70.68664917832923, 43.064904159082786], [-70.6866773589706, 43.064864025513145], [-70.6867071796014, 43.064830308534326], [-70.68672710904835, 43.064809618925786], [-70.68672666764931, 43.06479352349325], [-70.68678040394872, 43.06477770276984], [-70.68681040104984, 43.06475042393818]]]}, "properties": {"Hectares": 0.02510001999, "Acres": 0.06202325204, "Year": "2025", "Name": "Eelgrass", "Confidence": "H", "Notes": "UAV Imagery Used", "Type": 1, "LABEL": "Gerrish Island Beds", "ID": 20}}, {"type": "Feature", "geometry": {"type": "Polygon", "coordinates": [[[-70.69577299549415, 43.0667198464677], [-70.6958842288855, 43.066702841696994], [-70.69598235171499, 43.06671674316381], [-70.69595891448398, 43.06675292125431], [-70.69590699867072, 43.06676904682855], [-70.6959119693954, 43.066822719134485], [-70.69593353996936, 43.066845433378596], [-70.695841234124, 43.06691590362846], [-70.69574603597484, 43.06688148403], [-70.69565076739576, 43.066844506062964], [-70.69560064791929, 43.06679918088701], [-70.69568375570455, 43.066774915149246], [-70.69577299549415, 43.0667198464677]]]}, "properties": {"Hectares": 0.03995929218, "Acres": 0.0987411664, "Year": "2025", "Name": "Eelgrass", "Confidence": "H", "Notes": "UAV Imagery Used", "Type": 1, "LABEL": "Portsmouth Harbor", "ID": 21}}, {"type": "Feature", "geometry": {"type": "Polygon", "coordinates": [[[-70.72015654011109, 43.053362690619174], [-70.7202949805043, 43.053344520008224], [-70.72033422841186, 43.05344046434362], [-70.72030157528013, 43.05358039402042], [-70.72013629212735, 43.05368477664296], [-70.72008317361573, 43.05361585591202], [-70.72005138585764, 43.05352516236312], [-70.72013835677946, 43.05349703967127], [-70.72015654011109, 43.053362690619174]]]}, "properties": {"Hectares": 0.05184437398, "Acres": 0.12810972566, "Year": "2025", "Name": "Eelgrass", "Confidence": "H", "Notes": "UAV Imagery Used", "Type": 1, "LABEL": "Little Harbor/Back Channel", "ID": 22}}, {"type": "Feature", "geometry": {"type": "Polygon", "coordinates": [[[-70.7207016842562, 43.05426652221797], [-70.72046769437263, 43.05432569074888], [-70.72045069360469, 43.05420562581839], [-70.72028286103405, 43.05421887554121], [-70.72007922718596, 43.054259478401455], [-70.72001178773861, 43.0542014990014], [-70.71984185722916, 43.054139697251095], [-70.71992852940672, 43.054100853157955], [-70.72008144184078, 43.05407710221855], [-70.72016095356429, 43.05404372862797], [-70.7202406150794, 43.054015715756066], [-70.72037204661214, 43.05400837648589], [-70.72036012446958, 43.05410509022735], [-70.7205324186062, 43.05398987580133], [-70.72041395845648, 43.05393802691457], [-70.72043229117898, 43.05380903860903], [-70.72053508164434, 43.05382358194091], [-70.7206730731968, 43.05378932854227], [-70.72074317527219, 43.053681013694], [-70.72071138651022, 43.0535903203469], [-70.72082178655009, 43.05361547502808], [-70.72092517651855, 43.053651461098674], [-70.7209588778324, 43.05354905666698], [-70.72106166797067, 43.05356359953164], [-70.72099351584875, 43.053741604585845], [-70.72097173565797, 43.053747295234295], [-70.72084120435647, 43.05378679981005], [-70.72073961326043, 43.053815142925025], [-70.72061267952009, 43.053983305761236], [-70.72052094643087, 43.05410267187079], [-70.72069628041868, 43.05407329426683], [-70.7207016842562, 43.05426652221797]]]}, "properties": {"Hectares": 0.22515106896, "Acres": 0.5563581824, "Year": "2025", "Name": "Eelgrass", "Confidence": "H", "Notes": "UAV Imagery Used", "Type": 1, "LABEL": "Little Harbor/Back Channel", "ID": 23}}, {"type": "Feature", "geometry": {"type": "Polygon", "coordinates": [[[-70.72797403189294, 43.05353268478991], [-70.72809205966166, 43.0534142897066], [-70.72802761761979, 43.05356889222107], [-70.72785457944904, 43.05392632955389], [-70.72766125924872, 43.054260098294435], [-70.72753619684873, 43.054463373283504], [-70.72741524725105, 43.0545802775218], [-70.72729564274735, 43.05474511049643], [-70.72714545449124, 43.054752172775146], [-70.72727756721683, 43.05466022565804], [-70.72730077001611, 43.05459236291978], [-70.72738106906387, 43.0544714694385], [-70.72743329342119, 43.05439396225343], [-70.72751479770744, 43.05431601293965], [-70.72757521523317, 43.054232244482186], [-70.72763502968385, 43.054127003867485], [-70.72771252278834, 43.05405525247582], [-70.72775672524708, 43.05399014126813], [-70.72781619460736, 43.05387263077753], [-70.72778937485384, 43.05381166085685], [-70.72787549146413, 43.053748985364585], [-70.72792301492635, 43.05365313645972], [-70.72797403189294, 43.05353268478991]]]}, "properties": {"Hectares": 0.10868507186, "Acres": 0.26856558716, "Year": "2025", "Name": "Eelgrass", "Confidence": "H", "Notes": "UAV Imagery Used", "Type": 1, "LABEL": "Little Harbor/Back Channel", "ID": 24}}, {"type": "Feature", "geometry": {"type": "Polygon", "coordinates": [[[-70.72003716681503, 43.07335718953736], [-70.72001793701557, 43.07331406757127], [-70.7199176313048, 43.07331746286086], [-70.71980992229324, 43.07333229312061], [-70.71970494481197, 43.07335274410286], [-70.71957265151275, 43.07331698672885], [-70.7195839352085, 43.07326019829321], [-70.71958807936629, 43.07322427740805], [-70.7196511981344, 43.07317992089933], [-70.71969940471347, 43.07315466145666], [-70.71977833240027, 43.07312327830439], [-70.71981141576417, 43.073109569917875], [-70.71987826843026, 43.0731066776333], [-70.71994779991459, 43.07310751962587], [-70.72004442376132, 43.07306454648081], [-70.72006590718381, 43.07309630749003], [-70.72002894385763, 43.07315536935205], [-70.720050743946, 43.073198449369684], [-70.72012579154202, 43.073212419381925], [-70.72025907481004, 43.07319154239621], [-70.72029587959092, 43.07312682096109], [-70.7202811658488, 43.07306098690054], [-70.72030815243878, 43.073013398744244], [-70.72032264548336, 43.073019480965705], [-70.72033420194228, 43.0730243308032], [-70.72033016379454, 43.073064024710526], [-70.7204020573755, 43.073057281729675], [-70.7204819214706, 43.072967377880325], [-70.72053816409473, 43.07295332100134], [-70.72059283641696, 43.07297514630738], [-70.72065832981502, 43.07301568178359], [-70.72068931477105, 43.07301899035404], [-70.72064683598686, 43.07306492430756], [-70.7205932193615, 43.073080829040855], [-70.72055504241446, 43.073096501550864], [-70.72058146152256, 43.07312063905603], [-70.72058546013028, 43.073171535870365], [-70.72054891957593, 43.073245689896154], [-70.72054063237923, 43.0733175317163], [-70.72048313580484, 43.073378789814505], [-70.72039264815558, 43.073365052221874], [-70.7202789481046, 43.073349776303715], [-70.72015290940018, 43.07335355873665], [-70.72009167805086, 43.07337335231551], [-70.72003716681503, 43.07335718953736]]]}, "properties": {"Hectares": 0.21391538515, "Acres": 0.52859431411, "Year": "2025", "Name": "Eelgrass", "Confidence": "H", "Notes": "UAV Imagery Used", "Type": 1, "LABEL": "Portsmouth Harbor", "ID": 25}}, {"type": "Feature", "geometry": {"type": "Polygon", "coordinates": [[[-70.71246814915018, 43.06737947702777], [-70.7125393860621, 43.06734857384824], [-70.71256206838525, 43.067299280922754], [-70.71260498918751, 43.067215700600016], [-70.71263187204096, 43.06716553547696], [-70.71256333668366, 43.06714167960459], [-70.71256056641414, 43.067042195671085], [-70.71260429506819, 43.06698763172057], [-70.71263544598118, 43.06688764000256], [-70.71269563135091, 43.06681690042784], [-70.71272762521052, 43.06684899589782], [-70.7127560395482, 43.06691209066199], [-70.71281477029557, 43.06694704328164], [-70.71275187171662, 43.06700173274529], [-70.71269669996249, 43.06704267821335], [-70.71267873952105, 43.067082070725114], [-70.71276809658171, 43.06710572802774], [-70.71284740035703, 43.06708173865636], [-70.71287541876461, 43.06709698214016], [-70.71291732459015, 43.067119781081146], [-70.7128935337259, 43.06714293938], [-70.71280979006268, 43.06712787953066], [-70.71280835722159, 43.0672198580754], [-70.71281912559364, 43.06726295005957], [-70.71284917129293, 43.06730484699276], [-70.7128322232757, 43.06733441771628], [-70.71279392196924, 43.06739363809979], [-70.71278316832024, 43.067410265061696], [-70.71278872083576, 43.06744745078207], [-70.71274265871864, 43.067461173601544], [-70.71275033825066, 43.06750503065283], [-70.71268816339736, 43.06750596143524], [-70.712713586709, 43.06754141271423], [-70.71266156151113, 43.067560196744964], [-70.71263111068255, 43.06761105368027], [-70.71256771208974, 43.067611903701405], [-70.71259200246158, 43.067642584816554], [-70.7125467312826, 43.06769212412788], [-70.71249851414052, 43.06771564797504], [-70.71244066148857, 43.06770323117813], [-70.71241943607365, 43.067747777332855], [-70.71248011598496, 43.06777292861531], [-70.71243230674956, 43.06781110482135], [-70.71237154549793, 43.06781494597217], [-70.71230927541014, 43.06782747887604], [-70.71227581119145, 43.06778460406511], [-70.71221177462662, 43.067719212190724], [-70.7122660029925, 43.067635462769985], [-70.71234884690215, 43.06756372593225], [-70.71243099808275, 43.06746711760363], [-70.71248118849928, 43.06744148544974], [-70.71246814915018, 43.06737947702777]]]}, "properties": {"Hectares": 0.21200554058, "Acres": 0.52387500427, "Year": "2025", "Name": "Widgeon Grass", "Confidence": "H", "Notes": "UAV Imagery Used", "Type": 3, "LABEL": "Portsmouth Harbor", "ID": 26}}, {"type": "Feature", "geometry": {"type": "Polygon", "coordinates": [[[-70.71104984153928, 43.066752988678466], [-70.71107531407476, 43.06675969197747], [-70.71109884468555, 43.0667498875559], [-70.71110276645565, 43.06672047428899], [-70.71110080557372, 43.066681256599665], [-70.71110668822702, 43.066669491292885], [-70.71113414060537, 43.06667341306262], [-70.71115571033128, 43.06667537394794], [-70.71116943652214, 43.06664988245033], [-70.71115571033339, 43.066640078027454], [-70.71113217972342, 43.06663615625786], [-70.7111341406087, 43.06661654741317], [-70.71116355387225, 43.066604782107184], [-70.71119492801844, 43.06661654741513], [-70.71121257597511, 43.06663419537582], [-70.71123218481644, 43.0666439997989], [-70.71128316780606, 43.06663027360923], [-70.71129738123321, 43.066617075429626], [-70.71132404842461, 43.06663139144381], [-70.71136971432743, 43.06664434925922], [-70.71146452355586, 43.066639634470825], [-70.71144399803718, 43.066695312357744], [-70.71162513515247, 43.066731024290554], [-70.71166198574753, 43.06677022356942], [-70.71165503748718, 43.066825879180264], [-70.71163572688576, 43.066931537174455], [-70.71159170615785, 43.06691148278702], [-70.71156791299465, 43.066885526289624], [-70.71147294906923, 43.066881308557114], [-70.71137233767068, 43.0668583806147], [-70.71138609116683, 43.06679991159111], [-70.7113391324384, 43.06677054264818], [-70.71126200059487, 43.06676229907889], [-70.71120902762954, 43.0667931627924], [-70.711127346043, 43.06680566125432], [-70.7110908459043, 43.06678365362927], [-70.71106744907792, 43.06676615641149], [-70.71104984153928, 43.066752988678466]]]}, "properties": {"Hectares": 0.08478869129, "Acres": 0.20951658099, "Year": "2025", "Name": "Sparse Eelgrass", "Confidence": "H", "Notes": "UAV Imagery Used", "Type": 0, "LABEL": "Portsmouth Harbor", "ID": 27}}, {"type": "Feature", "geometry": {"type": "Polygon", "coordinates": [[[-70.74357098961757, 43.07556161790758], [-70.74355649006071, 43.07552892821776], [-70.74352609585543, 43.07552479924645], [-70.74349137544105, 43.075515378646955], [-70.74350442139419, 43.07549681108247], [-70.74352766455688, 43.075469669101494], [-70.74356886342716, 43.075486644599664], [-70.74358610539198, 43.07546877844089], [-70.74362347707415, 43.07549805807866], [-70.743687875692, 43.07548636146173], [-70.74371731519234, 43.07545682890737], [-70.74376434165795, 43.07545840822369], [-70.74383467420314, 43.07547187810345], [-70.74386439571752, 43.075452290949926], [-70.74390098632256, 43.07545402928418], [-70.74393668524571, 43.07546113875001], [-70.7439952996685, 43.075466368149414], [-70.74403325939352, 43.07547956603613], [-70.744060850271, 43.075458480583485], [-70.74409296270782, 43.075449572023246], [-70.74409889681388, 43.075474738582486], [-70.74410909208142, 43.075502901636675], [-70.74412444018584, 43.07552869003993], [-70.74412052626977, 43.075537934081645], [-70.74408332606801, 43.075551512398974], [-70.74404382165666, 43.07555747218721], [-70.74399903419513, 43.075561216404864], [-70.74397407489465, 43.07556465834554], [-70.74392209080924, 43.07557233906039], [-70.7438792603057, 43.07557146121376], [-70.74383921337932, 43.07555829509109], [-70.74380929856129, 43.07553425941359], [-70.7437908632227, 43.07551004875351], [-70.74374798936682, 43.07550764078949], [-70.7437353991415, 43.075542274088], [-70.74371691833402, 43.075553270871545], [-70.74368882825566, 43.0755567604686], [-70.74365189044337, 43.07554278152803], [-70.74362036585231, 43.07553560835268], [-70.74361869090977, 43.07555017580406], [-70.74360997120725, 43.075574034996585], [-70.74357098961757, 43.07556161790758]]]}, "properties": {"Hectares": 0.04411916939, "Acres": 0.10902040573, "Year": "2025", "Name": "Eelgrass", "Confidence": "H", "Notes": "UAV Imagery Used", "Type": 1, "LABEL": "Lower Piscataqua River South", "ID": 28}}, {"type": "Feature", "geometry": {"type": "Polygon", "coordinates": [[[-70.72905414662377, 43.08483424331077], [-70.72912527647748, 43.08483316824265], [-70.72917855223109, 43.0848573081817], [-70.72920778871922, 43.0849067566425], [-70.72917093254526, 43.08491638470168], [-70.729099802597, 43.084917459799726], [-70.72903750408061, 43.084902527168886], [-70.72902404959008, 43.084864178863725], [-70.72905414662377, 43.08483424331077]]]}, "properties": {"Hectares": 0.01059906454, "Acres": 0.02619075411, "Year": "2025", "Name": "Eelgrass", "Confidence": "H", "Notes": "UAV Imagery Used", "Type": 1, "LABEL": "Lower Piscataqua River South", "ID": 29}}, {"type": "Feature", "geometry": {"type": "Polygon", "coordinates": [[[-70.73171164609064, 43.05910373321256], [-70.73174441769929, 43.05909173689875], [-70.73176262726197, 43.05911957304092], [-70.73178719299536, 43.059125590234174], [-70.7317765821033, 43.05918197439481], [-70.73172055508813, 43.05917259998773], [-70.73172655171156, 43.059138008408915], [-70.73171164609064, 43.05910373321256]]]}, "properties": {"Hectares": 0.00388892199, "Acres": 0.00960969707, "Year": "2025", "Name": "Eelgrass", "Confidence": "H", "Notes": "UAV Imagery Used", "Type": 1, "LABEL": "Little Harbor/Back Channel", "ID": 30}}, {"type": "Feature", "geometry": {"type": "MultiPolygon", "coordinates": [[[[-70.71739300272272, 43.052627529503795], [-70.71737761460399, 43.05267694633983], [-70.71735830586928, 43.05265264324995], [-70.7173559480856, 43.05263491708453], [-70.71739300272272, 43.052627529503795]]], [[[-70.71739300272272, 43.052627529503795], [-70.71737232726362, 43.052621008488515], [-70.71735366653738, 43.052619922321966], [-70.71732128389307, 43.05259444919619], [-70.71732276499074, 43.052580764228544], [-70.71736943583528, 43.05258416250311], [-70.71739569806154, 43.05259059965718], [-70.71742180781929, 43.0525915739996], [-70.71744388810623, 43.05258167863446], [-70.71743389067143, 43.05255723578266], [-70.71746414424604, 43.05257317692168], [-70.71750534267328, 43.05258075611005], [-70.71753623866628, 43.05255296683065], [-70.71755425131184, 43.05253083604514], [-70.71757884188426, 43.052544129620514], [-70.71755535683083, 43.05257044138361], [-70.71752236985394, 43.052590064416165], [-70.71750979147991, 43.05260664852409], [-70.71749124511639, 43.05260965948394], [-70.71749831295654, 43.0525958906479], [-70.71747965223634, 43.05259480450184], [-70.71745951044967, 43.052607403321524], [-70.7174298667573, 43.05261331340408], [-70.71739300272272, 43.052627529503795]]]]}, "properties": {"Hectares": 0.00775674975, "Acres": 0.01916726939, "Year": "2025", "Name": "Eelgrass", "Confidence": "H", "Notes": "UAV Imagery Used", "Type": 1, "LABEL": "Odiorne Point Beds", "ID": 31}}, {"type": "Feature", "geometry": {"type": "MultiPolygon", "coordinates": [[[[-70.71689278179103, 43.05219373071646], [-70.71686864877222, 43.052196825410704], [-70.71683186105832, 43.052213772732266], [-70.71685717043766, 43.05218606746622], [-70.71690326936647, 43.05216898040832], [-70.71689278179103, 43.05219373071646]]], [[[-70.7164692647799, 43.05237223588035], [-70.71644862759656, 43.05236708039691], [-70.71643430100713, 43.05238778943628], [-70.7164692647799, 43.05237223588035], [-70.71646292057274, 43.05241195299763], [-70.71644057350682, 43.05241228826026], [-70.71647276521026, 43.05243093313342], [-70.71649233568417, 43.05239784895277], [-70.71650689084329, 43.05238533411915], [-70.71653501515486, 43.0523917435347], [-70.71656511602461, 43.052402222108995], [-70.71656241558898, 43.05237220460372], [-70.71658643439493, 43.05236501286651], [-70.71662231252455, 43.05238223611385], [-70.71664598841855, 43.05236275304593], [-70.71661965016258, 43.05235358431233], [-70.71662485591882, 43.05233984346798], [-70.71661147724564, 43.05232774773811], [-70.71658187169811, 43.052335023302334], [-70.71658681076448, 43.05231172254504], [-70.71659201652488, 43.05229798170208], [-70.71658753003037, 43.05227072354195], [-70.7166038330916, 43.052254083649586], [-70.71662792804752, 43.05224962330854], [-70.71664677915619, 43.05225753810599], [-70.71663648196592, 43.05228911690249], [-70.71665183719014, 43.05230528179393], [-70.71665237060415, 43.05232440162238], [-70.7166621771835, 43.0523420160393], [-70.71670124639721, 43.05234006354988], [-70.7166950881083, 43.052319661847584], [-70.7166607674387, 43.05229148506452], [-70.71667478911809, 43.05225985038186], [-70.71671587293912, 43.05226333275429], [-70.71674107287429, 43.05229847774697], [-70.71676041935625, 43.052324146650555], [-70.71674411632011, 43.05234078656462], [-70.71677946102366, 43.05233888993499], [-70.71676041935625, 43.052324146650555], [-70.71680636599778, 43.052301596822126], [-70.7167873243359, 43.052286853542014], [-70.71675707107414, 43.0522709122177], [-70.71674156341999, 43.05224928453266], [-70.71674851708148, 43.05223141863398], [-70.71678568586795, 43.05222812835825], [-70.71679583540573, 43.05225803408122], [-70.716812824287, 43.05226597679491], [-70.71684417770727, 43.052254576121264], [-70.71684360612986, 43.05223409059261], [-70.71687853160316, 43.05221717121259], [-70.71689278179103, 43.05219373071646], [-70.716913685697, 43.052208446033376], [-70.71693781871777, 43.05220535132959], [-70.71696560001764, 43.052199469323504], [-70.71696620974284, 43.05222132055278], [-70.71695743200391, 43.05224058011217], [-70.71693915247117, 43.0522531508942], [-70.71691258558108, 43.05223578801668], [-70.71688461372914, 43.052234841500734], [-70.71689814485967, 43.05225240000578], [-70.7169508975857, 43.05227346874262], [-70.7169973395293, 43.052268672962676], [-70.71699482943356, 43.0522454839795], [-70.71702458732274, 43.05224367111694], [-70.71703309827552, 43.05221485164035], [-70.7170063027243, 43.052189294573836], [-70.71700934126316, 43.05216465604637], [-70.71703564138322, 43.05217245898914], [-70.71707474858371, 43.05217187207594], [-70.71707573944948, 43.0522073803216], [-70.71705388789218, 43.052225469825586], [-70.71706016061893, 43.052249968612315], [-70.71710454973038, 43.05223837222892], [-70.71713746043608, 43.052216017913246], [-70.71716744697952, 43.05222239922406], [-70.71714396186579, 43.05224871090499], [-70.71717748236304, 43.052248207804936], [-70.71718170232738, 43.05226590602593], [-70.71715582138275, 43.052273125836365], [-70.7171935999757, 43.05229168665463], [-70.71720826930473, 43.05228326883933], [-70.71722921142921, 43.05229934979819], [-70.71721701416746, 43.05232959089123], [-70.7171989252291, 43.0523489902222], [-70.71716004659255, 43.05235777138972], [-70.71713587541312, 43.052359500439465], [-70.71712888373989, 43.05237600065797], [-70.7171032314094, 43.052391414667326], [-70.71710175026601, 43.0524050996333], [-70.71712888373989, 43.05237600065797], [-70.71718440833483, 43.05236287084303], [-70.7171989252291, 43.0523489902222], [-70.71724194761464, 43.05235517585657], [-70.71728268848968, 43.05234636670942], [-70.71727071456355, 43.052317854687864], [-70.71727732504382, 43.05228769744552], [-70.71731069309764, 43.052281731499704], [-70.71732065231973, 43.05230480866348], [-70.71734368543044, 43.052329055857285], [-70.7173563400287, 43.05231520317011], [-70.71736690366903, 43.05229318422594], [-70.71738077800332, 43.05232303398469], [-70.71732749690155, 43.052349792956385], [-70.71731894795484, 43.052377246750616], [-70.71730378311725, 43.05236791046004], [-70.71727440632752, 43.05238338041167], [-70.7172502732564, 43.05238647518735], [-70.71722583527205, 43.052378644345076], [-70.7172526691123, 43.0524055670579], [-70.7173083842837, 43.052399265690646], [-70.71733996637309, 43.05239605909097], [-70.71738431741547, 43.0523830968969], [-70.71738910921167, 43.0524212806309], [-70.71737865991071, 43.05244739668135], [-70.71733856696335, 43.05247942278901], [-70.7172977116628, 43.05248413485263], [-70.71730402263162, 43.05250999932429], [-70.71734685455618, 43.052509356409466], [-70.71737475030197, 43.05250757140698], [-70.7173960737251, 43.052537309347166], [-70.71735898102538, 43.05254333122667], [-70.71730277022527, 43.05253187850097], [-70.71727844652182, 43.05252814477583], [-70.71727521750192, 43.05254595479979], [-70.71727438435167, 43.05258285669299], [-70.71727126967363, 43.05260476382125], [-70.71727102665588, 43.052605303731426], [-70.71726074406374, 43.05262814845851], [-70.71720863886183, 43.0526302967994], [-70.71713810160178, 43.052639553124465], [-70.71709941333044, 43.05265516278236], [-70.71708782053484, 43.05264030775911], [-70.71709112583552, 43.052625229142954], [-70.71707003119003, 43.05260368535435], [-70.71703506744534, 43.05261923909294], [-70.71699937960942, 43.052608844488695], [-70.71697262200354, 43.05258465312048], [-70.71699090162558, 43.052572082332276], [-70.71705098937053, 43.052588942121524], [-70.71708390027972, 43.05256658781895], [-70.71709822668758, 43.05254587870187], [-70.71712790849415, 43.05254133440685], [-70.71711243875151, 43.052521072478115], [-70.71709191580075, 43.05252001421761], [-70.71704916008322, 43.05252338844058], [-70.717033957139, 43.05251268641259], [-70.71700750443573, 43.05249942066542], [-70.71700336072116, 43.05248445384155], [-70.71700283227995, 43.05253228134976], [-70.71697311235901, 43.05253545991068], [-70.71694852191686, 43.052522166202785], [-70.71694016331715, 43.05255644848013], [-70.71688642453968, 43.052566818830655], [-70.71685027948953, 43.052540035757], [-70.71680934789627, 43.05254201624383], [-70.71678483369415, 43.05253145390393], [-70.71670886210767, 43.05254625660327], [-70.71669647403164, 43.05256966913514], [-70.7166395059912, 43.052597849381186], [-70.71660742845084, 43.0525833016638], [-70.71657922784465, 43.052574160863955], [-70.71656908296995, 43.05261120246222], [-70.7166395059912, 43.052597849381186], [-70.71666785902386, 43.05261245297366], [-70.71670388973224, 43.05263513899947], [-70.71666295806942, 43.05263711943506], [-70.71666523945053, 43.052652114214276], [-70.7166393963817, 43.052660699613156], [-70.71663863435862, 43.052633385573984], [-70.71661263889145, 43.05263650815891], [-70.71660006025988, 43.05265309217102], [-70.71660675196104, 43.05269261370498], [-70.71658637261358, 43.05269436926929], [-70.71654913607885, 43.052697576974246], [-70.71651918745977, 43.052692561206776], [-70.71652005916108, 43.052657025014], [-70.71650819981545, 43.05263261001529], [-70.71651100998092, 43.05259977728665], [-70.71653309042293, 43.05258988209476], [-70.71653810572283, 43.0525693127441], [-70.71656736849275, 43.052549745871104], [-70.71660404217947, 43.0525287015248], [-70.716648431582, 43.05251710531397], [-70.71668750090733, 43.05251515282739], [-70.71673918690253, 43.05249798200408], [-70.71679680257995, 43.05249301864235], [-70.71680759507868, 43.05247919395779], [-70.71680147484379, 43.0524601579644], [-70.716821007043, 43.05242570802867], [-70.71683548592992, 43.052410461750554], [-70.71685490869886, 43.052438862040084], [-70.71687315019713, 43.0524249255689], [-70.71684445425672, 43.05239803070936], [-70.71684950754397, 43.05237882704823], [-70.7168808229078, 43.05236606066208], [-70.71690050746012, 43.05233707352089], [-70.71689993586229, 43.05231658799321], [-70.71686143825681, 43.05233902607828], [-70.71685163162148, 43.05232141167928], [-70.71683058016255, 43.05236818088172], [-70.71680838553503, 43.05237397902348], [-70.71679451631786, 43.05241107652876], [-70.71676281987676, 43.052410185872674], [-70.71675613292514, 43.052437611685455], [-70.71672234559831, 43.05242855475024], [-70.71668084254677, 43.05241004966034], [-70.71664530729349, 43.052405117750155], [-70.71662337933763, 43.052420475770624], [-70.71662102644333, 43.052469696926046], [-70.71661088160914, 43.05250673852801], [-70.7165754987029, 43.05250726940516], [-70.71656082923222, 43.05251568714141], [-70.71650401356878, 43.052549330128706], [-70.71646965926256, 43.05258673492993], [-70.71644989823493, 43.05261299059641], [-70.71647331210198, 43.052650894988986], [-70.7164237548397, 43.0526775976717], [-70.7163955923114, 43.05266982252907], [-70.71638559527476, 43.052645379579104], [-70.71635363205144, 43.052634928896566], [-70.7163843381238, 43.052600311408234], [-70.71635233682966, 43.052588495022704], [-70.71630597077416, 43.05259602194995], [-70.71627476944954, 43.052612885289], [-70.7162733643038, 43.05262930165151], [-70.71630012165993, 43.05265349318749], [-70.7162631049575, 43.05266224611903], [-70.71623669044166, 43.05265034589445], [-70.71624710217009, 43.05262286423796], [-70.71624253961507, 43.05259287465903], [-70.71624576893687, 43.05257506465915], [-70.71622881813143, 43.05256848756416], [-70.7162046849283, 43.05257158212126], [-70.7161743935795, 43.05255427494118], [-70.71616827353121, 43.05253523891093], [-70.71621338676545, 43.05254959121128], [-70.71627111682054, 43.05254872521967], [-70.71631265794228, 43.052568596160484], [-70.71629718845745, 43.05254833411704], [-70.71629825075478, 43.05251962643411], [-70.7163166447806, 43.05251115285816], [-70.71631618765498, 43.0524947644315], [-70.7163100675696, 43.052475728409235], [-70.716341154533, 43.052454767954856], [-70.71634347392204, 43.05247112844469], [-70.71633496261292, 43.05249994787493], [-70.71636810231179, 43.05248578798754], [-70.71638782524039, 43.05245816663254], [-70.71637608027277, 43.05243784872432], [-70.71639576508758, 43.052408861665896], [-70.71636965541622, 43.05240788708765], [-70.7163521713224, 43.05238219017913], [-70.71632978617207, 43.05238115971772], [-70.7163418695999, 43.05234682160513], [-70.7163674078243, 43.052327310656715], [-70.71641400224435, 43.05232797792105], [-70.71643300573564, 43.0523413555624], [-70.71645679596554, 43.05232596963927], [-70.71649529371493, 43.052303531687926], [-70.71655659563942, 43.052297146869265], [-70.71654979430991, 43.05232047556556], [-70.71653919227178, 43.05234112873721], [-70.71652843783346, 43.05235631909954], [-70.7165138826855, 43.05236883393577], [-70.7164692647799, 43.05237223588035]]]]}, "properties": {"Hectares": 0.26500322671, "Acres": 0.65483461492, "Year": "2025", "Name": "Eelgrass", "Confidence": "H", "Notes": "UAV Imagery Used", "Type": 1, "LABEL": "Odiorne Point Beds", "ID": 32}}, {"type": "Feature", "geometry": {"type": "Polygon", "coordinates": [[[-70.71762169478063, 43.05249725158866], [-70.7176435076034, 43.05249272692316], [-70.7176655741743, 43.052497292361146], [-70.71765337418456, 43.05250447084171], [-70.71762963488807, 43.05250832489887], [-70.71762037339474, 43.05251825738912], [-70.71764066965505, 43.0525277461337], [-70.71763035708967, 43.05253419674391], [-70.71761410895807, 43.052533041609315], [-70.7176052153741, 43.052521982612284], [-70.71760391056223, 43.05250941062324], [-70.71762169478063, 43.05249725158866]]]}, "properties": {"Hectares": 0.0010046178, "Acres": 0.00248245471, "Year": "2025", "Name": "Eelgrass", "Confidence": "H", "Notes": "UAV Imagery Used", "Type": 1, "LABEL": "Odiorne Point Beds", "ID": 33}}, {"type": "Feature", "geometry": {"type": "Polygon", "coordinates": [[[-70.71747442729492, 43.052449795607636], [-70.71749631818227, 43.052448067926726], [-70.71749398472673, 43.05246699032249], [-70.71750966971524, 43.052482144570035], [-70.71751774642439, 43.05249811256209], [-70.71750649989248, 43.052505276713894], [-70.71749324881918, 43.05250897329556], [-70.71749776247131, 43.05249981162086], [-70.71748215555009, 43.05248745432824], [-70.71747981922009, 43.05247209969398], [-70.71746907727028, 43.05246316702926], [-70.71747442729492, 43.052449795607636]]]}, "properties": {"Hectares": 0.00120354917, "Acres": 0.00297402287, "Year": "2025", "Name": "Eelgrass", "Confidence": "H", "Notes": "UAV Imagery Used", "Type": 1, "LABEL": "Odiorne Point Beds", "ID": 34}}, {"type": "Feature", "geometry": {"type": "Polygon", "coordinates": [[[-70.71753832962841, 43.05244953585327], [-70.71753970959524, 43.05243062777041], [-70.71756325368678, 43.05241978134138], [-70.7175892317158, 43.052427785734785], [-70.71759456512471, 43.052447992097875], [-70.71761935546917, 43.05244761992942], [-70.71764037095215, 43.05244870349155], [-70.71766315675032, 43.052444863747105], [-70.71765576318303, 43.052453369132685], [-70.71764360223882, 43.05246194609023], [-70.71765630972114, 43.05247294782613], [-70.71766948269882, 43.05246645426966], [-70.71767444526834, 43.05247337508653], [-70.71765368352611, 43.0524813816385], [-70.71763336776041, 43.05247119365688], [-70.71762533006297, 43.052456624151446], [-70.71760540468283, 43.05246042094598], [-70.71758440871466, 43.05246003661653], [-70.71757133040103, 43.05243574932973], [-70.7175607250715, 43.05243171134729], [-70.71755247560681, 43.05244372723563], [-70.7175654172875, 43.05246311985107], [-70.71758608437146, 43.05248589414843], [-70.71756892181433, 43.052486151799286], [-70.71755134937811, 43.05247172542674], [-70.71753832962841, 43.05244953585327]]]}, "properties": {"Hectares": 0.00274066264, "Acres": 0.00677229779, "Year": "2025", "Name": "Eelgrass", "Confidence": "H", "Notes": "UAV Imagery Used", "Type": 1, "LABEL": "Odiorne Point Beds", "ID": 35}}, {"type": "Feature", "geometry": {"type": "Polygon", "coordinates": [[[-70.71624778775832, 43.05241713685776], [-70.71625045315113, 43.052410101553484], [-70.71627250009398, 43.05241396802296], [-70.71628316385048, 43.05242010384504], [-70.71627975952507, 43.05243484508829], [-70.71627507016287, 43.052437713562014], [-70.7162608265434, 43.05244002582595], [-70.71624342994936, 43.05243189240295], [-70.71624992874688, 43.05242549912692], [-70.71624778775832, 43.05241713685776]]]}, "properties": {"Hectares": 0.00074108763, "Acres": 0.00183126008, "Year": "2025", "Name": "Eelgrass", "Confidence": "H", "Notes": "UAV Imagery Used", "Type": 1, "LABEL": "Odiorne Point Beds", "ID": 36}}, {"type": "Feature", "geometry": {"type": "Polygon", "coordinates": [[[-70.71608307477092, 43.05249655609272], [-70.71611325448315, 43.05248421136754], [-70.7161202603462, 43.052495998328574], [-70.71611395654504, 43.052509383993645], [-70.7160911121121, 43.05251112571264], [-70.71608996362099, 43.05250414761795], [-70.71608307477092, 43.05249655609272]]]}, "properties": {"Hectares": 0.00056298518, "Acres": 0.00139116111, "Year": "2025", "Name": "Eelgrass", "Confidence": "H", "Notes": "UAV Imagery Used", "Type": 1, "LABEL": "Odiorne Point Beds", "ID": 37}}, {"type": "Feature", "geometry": {"type": "Polygon", "coordinates": [[[-70.71611914874512, 43.052456141670575], [-70.71613234138906, 43.05245034752797], [-70.71614785052498, 43.05245920881166], [-70.71614814305629, 43.052469697405705], [-70.7161330434579, 43.05247552015398], [-70.71612245771334, 43.052472181276336], [-70.71611749531635, 43.05246526038913], [-70.71611914874512, 43.052456141670575]]]}, "properties": {"Hectares": 0.00049597031, "Acres": 0.00122556442, "Year": "2025", "Name": "Eelgrass", "Confidence": "H", "Notes": "UAV Imagery Used", "Type": 1, "LABEL": "Odiorne Point Beds", "ID": 38}}, {"type": "Feature", "geometry": {"type": "Polygon", "coordinates": [[[-70.71619552215616, 43.05242421665836], [-70.71618836026738, 43.0524068357851], [-70.71617411665143, 43.05240914803817], [-70.71618123738762, 43.0523908533905], [-70.71620026787454, 43.05238916886412], [-70.71620367437312, 43.052408704665396], [-70.71621626457477, 43.05241551112849], [-70.7162277062745, 43.05241533949694], [-70.71621860058762, 43.05243086579415], [-70.71619552215616, 43.05242421665836]]]}, "properties": {"Hectares": 0.00084704358, "Acres": 0.0020930819, "Year": "2025", "Name": "Eelgrass", "Confidence": "H", "Notes": "UAV Imagery Used", "Type": 1, "LABEL": "Odiorne Point Beds", "ID": 39}}, {"type": "Feature", "geometry": {"type": "Polygon", "coordinates": [[[-70.71608799397758, 43.05243352441567], [-70.71609719720551, 43.05242149432647], [-70.71611640321994, 43.05242610297052], [-70.71611866120148, 43.05243866068012], [-70.71610550756185, 43.05244585330039], [-70.7160834801183, 43.05244268603836], [-70.71608799397758, 43.05243352441567]]]}, "properties": {"Hectares": 0.00052102543, "Acres": 0.00128747672, "Year": "2025", "Name": "Eelgrass", "Confidence": "H", "Notes": "UAV Imagery Used", "Type": 1, "LABEL": "Odiorne Point Beds", "ID": 40}}, {"type": "Feature", "geometry": {"type": "Polygon", "coordinates": [[[-70.7195554660947, 43.05407476019425], [-70.71957050376575, 43.05412456859898], [-70.71960354166991, 43.05416743520067], [-70.71962070319204, 43.054130485352836], [-70.7195554660947, 43.05407476019425], [-70.71967349228842, 43.05406631497508], [-70.71973705200794, 43.05406202397818], [-70.71979643786581, 43.05407113819834], [-70.71979310277605, 43.054114551492745], [-70.71980842024033, 43.05417436254303], [-70.71980545794398, 43.05423111274432], [-70.7198301483546, 43.054300789779866], [-70.71988972086018, 43.05431657240036], [-70.71994511955965, 43.05434576024599], [-70.71989585195395, 43.054373185904325], [-70.71975490552212, 43.054375304626085], [-70.71970479907635, 43.05437272216189], [-70.7196223068938, 43.05435061268242], [-70.71957089588591, 43.05430135097908], [-70.71967045632708, 43.05428317641569], [-70.71969661794743, 43.05424275565083], [-70.71961468506372, 43.05424065152485], [-70.71955056604959, 43.054224937093316], [-70.71947215487144, 43.05418608802892], [-70.71943475675765, 43.054149958173156], [-70.71933055663841, 43.05416486662764], [-70.71940924722935, 43.05421371847386], [-70.71933195420719, 43.05421488004295], [-70.71930180472364, 43.054275374419724], [-70.7193666691199, 43.05431776281119], [-70.71939208555759, 43.0542506682921], [-70.7194980562342, 43.05429911009919], [-70.71941260155967, 43.05433375066387], [-70.71932232061366, 43.05435845680927], [-70.7192463317477, 43.05440629751089], [-70.719118373059, 43.05438487088576], [-70.7190605706591, 43.05443243819424], [-70.71894403407833, 43.0544942304453], [-70.71893382293004, 43.05445435632836], [-70.71886543662745, 43.054448712509505], [-70.71890274145107, 43.05448150832391], [-70.71884400733319, 43.05449573324363], [-70.71879854062834, 43.0544964163049], [-70.7188091242736, 43.054549627348635], [-70.71874509826677, 43.05453724669684], [-70.71883269595473, 43.05457929387285], [-70.71872005356848, 43.0546176779973], [-70.71866418950019, 43.05457181841075], [-70.71860869804827, 43.05453929571013], [-70.7185685230287, 43.05456658421291], [-70.71854282617754, 43.054623675876854], [-70.7184203451661, 43.0546355224692], [-70.71827475822661, 43.05463437343944], [-70.71813891640801, 43.05465642727289], [-70.7180934495676, 43.0546571100561], [-70.71799379491443, 43.05467194903447], [-70.71792114104157, 43.054676375616815], [-70.71786277886929, 43.05470393695901], [-70.7177455889302, 43.05474238840563], [-70.71762998121956, 43.054837521649695], [-70.71754554855458, 43.054908837381106], [-70.71742938179841, 43.05498396504782], [-70.7173080165908, 43.055035821232224], [-70.71715417275533, 43.05506481536325], [-70.71722060536653, 43.055000441346905], [-70.71727747911423, 43.054919532630485], [-70.71733481804091, 43.054855295041364], [-70.71740208785897, 43.054820929001316], [-70.7174598919236, 43.0547733625056], [-70.71749895069438, 43.054706063615335], [-70.7175705807887, 43.0546649607648], [-70.717679049664, 43.054639982941005], [-70.71779717034894, 43.054634873865716], [-70.71794154703423, 43.05459267851514], [-70.71801930609475, 43.054608189025714], [-70.71807330763511, 43.0545873643419], [-70.71821777712145, 43.05454850287714], [-70.71827094050593, 43.054497670037314], [-70.7183205814261, 43.05448358198235], [-70.71843926047997, 43.05449847762505], [-70.71849818095488, 43.05449092136947], [-70.71853789031236, 43.05444696174675], [-70.718582425672, 43.054412936501116], [-70.71863745132187, 43.054428788073565], [-70.71874601245841, 43.05440714348036], [-70.71868133465554, 43.05437142318922], [-70.71866165784056, 43.05431834872912], [-70.71872150949912, 43.054344134649014], [-70.71883062932255, 43.054342495349694], [-70.71878924367797, 43.05432643895636], [-70.7188616176195, 43.05431200914527], [-70.71882885957748, 43.0542791450083], [-70.71887171801727, 43.05418510354066], [-70.71893982457637, 43.054180744675975], [-70.7189798128764, 43.05414678759151], [-70.71901005577386, 43.054089627522266], [-70.71905913725149, 43.05405553378478], [-70.71912297649227, 43.05406124581312], [-70.71909208160744, 43.05409506631333], [-70.71907538556056, 43.054148687228235], [-70.71901702441735, 43.05417624914422], [-70.71899512956243, 43.05420659876389], [-70.71905859632946, 43.05419897391258], [-70.719125398646, 43.05414793574375], [-70.71918310757154, 43.054097034177694], [-70.7191775361429, 43.05406042598933], [-70.71927292235824, 43.05405565700739], [-70.71933081741648, 43.054011423825344], [-70.71932431420804, 43.05394147336674], [-70.71939214093607, 43.05392711155431], [-70.71940216593295, 43.05396031717492], [-70.71939474980583, 43.05402046993006], [-70.71943762621807, 43.054089873747245], [-70.71951130424728, 43.054122122716784], [-70.71949673252385, 43.05408898544071], [-70.71950034736206, 43.0540555748336], [-70.7195554660947, 43.05407476019425]]]}, "properties": {"Hectares": 0.4486584837, "Acres": 1.10865482301, "Year": "2025", "Name": "Eelgrass", "Confidence": "H", "Notes": "UAV Imagery Used", "Type": 1, "LABEL": "Little Harbor/Back Channel", "ID": 41}}, {"type": "Feature", "geometry": {"type": "Polygon", "coordinates": [[[-70.71944546163121, 43.053901493150214], [-70.719477052433, 43.053886074761664], [-70.71951517851974, 43.05389617576622], [-70.71951043227438, 43.05393467353346], [-70.71946108423481, 43.05393968479494], [-70.71944546163121, 43.053901493150214]]]}, "properties": {"Hectares": 0.00250211343, "Acres": 0.00618283219, "Year": "2025", "Name": "Eelgrass", "Confidence": "H", "Notes": "UAV Imagery Used", "Type": 1, "LABEL": "Little Harbor/Back Channel", "ID": 42}}, {"type": "Feature", "geometry": {"type": "Polygon", "coordinates": [[[-70.71961594940582, 43.05385623476384], [-70.71966238752657, 43.05385126717373], [-70.71968062188384, 43.05387874552258], [-70.71960241406913, 43.05389272983509], [-70.71961594940582, 43.05385623476384]]]}, "properties": {"Hectares": 0.0018245746, "Acres": 0.00450860398, "Year": "2025", "Name": "Eelgrass", "Confidence": "H", "Notes": "UAV Imagery Used", "Type": 1, "LABEL": "Little Harbor/Back Channel", "ID": 43}}, {"type": "Feature", "geometry": {"type": "Polygon", "coordinates": [[[-70.71961035583428, 43.0537602527497], [-70.71961522128395, 43.0537260227897], [-70.71966807537234, 43.05374230678312], [-70.71969206972389, 43.05376756375179], [-70.71966356779276, 43.05378934017783], [-70.71961035583428, 43.0537602527497]]]}, "properties": {"Hectares": 0.00260894485, "Acres": 0.00644681734, "Year": "2025", "Name": "Eelgrass", "Confidence": "H", "Notes": "UAV Imagery Used", "Type": 1, "LABEL": "Little Harbor/Back Channel", "ID": 44}}, {"type": "Feature", "geometry": {"type": "Polygon", "coordinates": [[[-70.72306303373657, 43.056338915007125], [-70.72314757952482, 43.056353018738356], [-70.72323354500345, 43.056320335891016], [-70.72336396966352, 43.0562996918562], [-70.72347658067784, 43.05629265852563], [-70.7236073041001, 43.05628268371674], [-70.72376408737554, 43.056293664135225], [-70.72388427214473, 43.05629719029581], [-70.72394952171199, 43.05628820161548], [-70.72409464525961, 43.05627267226226], [-70.72417043329764, 43.05625018214124], [-70.72425379515835, 43.05623825182963], [-70.72435698884905, 43.05628472957767], [-70.72441541204053, 43.056291854522456], [-70.72452842560452, 43.056327621657886], [-70.72455617658858, 43.056380461817305], [-70.724603014639, 43.05636374478701], [-70.7246053061927, 43.05631567722893], [-70.7246043341689, 43.056281001369925], [-70.72469549426123, 43.056287632691976], [-70.72469654111174, 43.056324975922905], [-70.72470486283515, 43.05636220948622], [-70.72465892209864, 43.05641093504152], [-70.72460480914967, 43.05642776175643], [-70.72463131804196, 43.056464721170165], [-70.7246819431245, 43.056453284022716], [-70.72478232954936, 43.056443667115964], [-70.72473872140958, 43.05640172658057], [-70.72478192198727, 43.0563850643125], [-70.72485808380766, 43.05637591060544], [-70.72487064133766, 43.05643442830248], [-70.72482447633932, 43.05647515180228], [-70.72472753661178, 43.05652197772783], [-70.72481877185315, 43.05653127631835], [-70.72493888232563, 43.05653213398838], [-70.7249700759371, 43.05660638170119], [-70.72492987992106, 43.05668153897145], [-70.72486051104201, 43.05676263983287], [-70.72471004523798, 43.056749897873814], [-70.72455838784043, 43.05669464444834], [-70.7244039046876, 43.05666028107618], [-70.72431570868407, 43.056629588343334], [-70.72423085119468, 43.05658817122538], [-70.72415476375804, 43.056599991894956], [-70.72409930499971, 43.05656880563804], [-70.72406210828065, 43.05654001266128], [-70.72397020042393, 43.05650670709451], [-70.72389722729147, 43.056499801159106], [-70.72380910649787, 43.05647177540127], [-70.72376470982279, 43.056445759309376], [-70.72372158364826, 43.056465088573496], [-70.72366590103444, 43.05642589997487], [-70.7235892905851, 43.05641904864146], [-70.7235515711128, 43.056371583865975], [-70.72348423944153, 43.05639929692132], [-70.7233587121568, 43.05637182057671], [-70.72318100062107, 43.056393176827854], [-70.7230931044076, 43.05637315263701], [-70.72306303373657, 43.056338915007125]]]}, "properties": {"Hectares": 0.37893700801, "Acres": 0.93636999368, "Year": "2025", "Name": "Eelgrass", "Confidence": "H", "Notes": "UAV Imagery Used", "Type": 1, "LABEL": "Little Harbor/Back Channel", "ID": 45}}, {"type": "Feature", "geometry": {"type": "MultiPolygon", "coordinates": [[[[-70.72306303373657, 43.056338915007125], [-70.72308151839951, 43.05641715159337], [-70.72311143505821, 43.056475447064585], [-70.72323623875455, 43.05646522827298], [-70.72333896167456, 43.05645544022147], [-70.72354513298298, 43.056531457343155], [-70.72375740805668, 43.05659914133673], [-70.72392758058182, 43.056664329437595], [-70.72383728538814, 43.056708844222996], [-70.7236537404207, 43.056692429932205], [-70.72357658633415, 43.05663939134999], [-70.72346876336911, 43.05662489114361], [-70.72343497888237, 43.0566637594017], [-70.72325402642603, 43.05669428464777], [-70.72315682587855, 43.056693521979625], [-70.7230146178912, 43.056672873214005], [-70.72293699073941, 43.056626507332915], [-70.72284783296375, 43.056648832099775], [-70.72282219406166, 43.05672257996303], [-70.72265798469869, 43.05670664930979], [-70.72275302416458, 43.056605508804395], [-70.7226134524986, 43.05658881969844], [-70.72254042079153, 43.05659528804216], [-70.72257710296225, 43.056683630918116], [-70.72255008562448, 43.05673407208648], [-70.72241661634024, 43.056723847783886], [-70.72229884336599, 43.0566961591912], [-70.72223029098159, 43.056684682547626], [-70.72218042254967, 43.0567312980768], [-70.7222133167142, 43.05662461669244], [-70.72224905826496, 43.05654263592452], [-70.72220289012063, 43.05651831370481], [-70.72213040438457, 43.0565694392014], [-70.72207473578227, 43.05661197245851], [-70.72205966840997, 43.05668308130634], [-70.72205608473847, 43.05675818683548], [-70.7219200297843, 43.056772743210466], [-70.72180694718695, 43.05674581108], [-70.72186654500757, 43.05669015751644], [-70.72198842252668, 43.056622388216915], [-70.72186952894427, 43.05655975250858], [-70.72173436759954, 43.05656983975561], [-70.72171711785113, 43.0566512645978], [-70.72166910453485, 43.05659229691482], [-70.72156030762442, 43.05662883101574], [-70.72159424342692, 43.05668613925341], [-70.72141326178061, 43.0567470129408], [-70.72133653355095, 43.05675928283281], [-70.72138717636501, 43.05683079607622], [-70.72135980814456, 43.05686873364565], [-70.72124473789253, 43.05682043049693], [-70.72118163588989, 43.05680053216019], [-70.72113188315429, 43.05685131502536], [-70.7211999592963, 43.056863629123505], [-70.72107227893991, 43.05695644999123], [-70.72097373479546, 43.05687981871384], [-70.7209050075117, 43.0568714059617], [-70.72090733914781, 43.05695476154515], [-70.72090967079389, 43.057038117127306], [-70.7210243914348, 43.057073917272426], [-70.72081398276642, 43.057072912657304], [-70.72081223412603, 43.05701039596806], [-70.72073266422247, 43.05701159273753], [-70.72064543598614, 43.05698704814783], [-70.72053907333583, 43.05700199560765], [-70.72060969593616, 43.056884186614425], [-70.7207513184765, 43.05686537852694], [-70.72081742272931, 43.0567893326899], [-70.720658982877, 43.05681673284966], [-70.72060969593616, 43.056884186614425], [-70.72052514196916, 43.05691047539153], [-70.72044535499896, 43.05700284350877], [-70.72044000517668, 43.05691592520633], [-70.72033294993822, 43.05695089126926], [-70.72044535499896, 43.05700284350877], [-70.72036949875945, 43.057037901880676], [-70.7202888799376, 43.05700158831887], [-70.72023286004142, 43.05703161736378], [-70.72008937250921, 43.0569837403241], [-70.71998208390478, 43.05701037050176], [-70.7199678321444, 43.057073955541796], [-70.72005899992013, 43.057117622006224], [-70.72015666950452, 43.057153679370785], [-70.7202304394996, 43.057148400675146], [-70.7201651498691, 43.057253620651544], [-70.72006261221529, 43.057246823211884], [-70.72006063127625, 43.05717597093821], [-70.71997479494603, 43.05715641372795], [-70.71999892752413, 43.057206085320644], [-70.72006261221529, 43.057246823211884], [-70.71994372292461, 43.05726528869543], [-70.71984240925292, 43.05720306612881], [-70.71977344821157, 43.057276187414566], [-70.71973273103664, 43.05724344319613], [-70.71964149536616, 43.05725147804496], [-70.71952713185486, 43.057214837605656], [-70.71950305769138, 43.05716350462039], [-70.71941351815116, 43.05721488470284], [-70.71936991311601, 43.057282252541455], [-70.71925775536806, 43.057338141943504], [-70.71914419984186, 43.05734401784628], [-70.71920278286613, 43.05740568053875], [-70.71907490959171, 43.057436435587334], [-70.71902178977574, 43.05740976431408], [-70.71894162757539, 43.05743628956878], [-70.71886115520384, 43.05742148759045], [-70.71886307863616, 43.05736008317123], [-70.71881875786114, 43.0573367325199], [-70.71878342611842, 43.057374622331146], [-70.71873494622109, 43.05733265462326], [-70.71873405198977, 43.057300646044936], [-70.71866857694636, 43.057301629635546], [-70.71863873177533, 43.057275392958246], [-70.71860821600731, 43.05722514983693], [-70.7185613756005, 43.0572418644496], [-70.71851074864865, 43.05725329891758], [-70.71844876213466, 43.057248892979906], [-70.71851364105338, 43.05722657046096], [-70.71854132533788, 43.05717545309911], [-70.71848000947185, 43.057195053614116], [-70.718439549972, 43.05717965031975], [-70.7183778615501, 43.05718591387041], [-70.71832203258818, 43.05714138786338], [-70.71829433514141, 43.05706174881538], [-70.71827064774543, 43.056995392040086], [-70.71829424765846, 43.05692832507021], [-70.7183070840899, 43.05686675675354], [-70.7182552654363, 43.05683551298666], [-70.71822475020801, 43.056785269750165], [-70.71823160605193, 43.056716450441904], [-70.71819702264797, 43.056734771159896], [-70.71817691782461, 43.05674873581796], [-70.71817528428383, 43.05675695798606], [-70.71814947787068, 43.05676690944618], [-70.71811169620767, 43.05674834900991], [-70.71807402898253, 43.056733885660556], [-70.71807303738409, 43.056698377461686], [-70.71815118121302, 43.056694471414716], [-70.71827809027924, 43.056702129390615], [-70.71831594824944, 43.056723421171306], [-70.71836524756844, 43.056754105006064], [-70.71838790135182, 43.056764694938444], [-70.71846725912081, 43.05673754380734], [-70.71850320977815, 43.05669055054142], [-70.71856199421255, 43.05668994080215], [-70.71862733034027, 43.056681089630175], [-70.7186676360309, 43.056672614432294], [-70.71870283669952, 43.056694820417285], [-70.71875781176011, 43.05669924103547], [-70.71881905928929, 43.05667208847189], [-70.71885031794207, 43.056681237416335], [-70.71891502376076, 43.056692507082914], [-70.71897799517389, 43.0566957144378], [-70.71905011479919, 43.0566929229932], [-70.71914793757882, 43.05669316096528], [-70.71914884393216, 43.05672559632105], [-70.71907182981268, 43.05671992216686], [-70.71905900674673, 43.05676110301901], [-70.71897961691027, 43.05675375665832], [-70.71890217350307, 43.05673271827282], [-70.71888692694786, 43.05677051983504], [-70.71885006080456, 43.056784736431574], [-70.71882074190147, 43.05673564952215], [-70.7187888178814, 43.0567600388961], [-70.71872591470265, 43.05675927604012], [-70.71866766748643, 43.056758443207436], [-70.71861721491292, 43.056786526550724], [-70.71858058713109, 43.05680927868388], [-70.71851626194133, 43.05684098604807], [-70.71861631757675, 43.056837775253754], [-70.7186803653978, 43.05687950915332], [-70.71877410482452, 43.056900302874446], [-70.7188458908397, 43.056885561684794], [-70.7188842265055, 43.05684058187804], [-70.71896224241883, 43.05688210576236], [-70.71903270207675, 43.05690324903902], [-70.7191116150907, 43.05689352411967], [-70.71920283586844, 43.056907523971], [-70.71926345891674, 43.05691002866912], [-70.71931381587015, 43.056878530797135], [-70.7193494415328, 43.05681992883438], [-70.71943709377982, 43.0567895782679], [-70.71946555438423, 43.056807936783976], [-70.71944574761626, 43.05684922263652], [-70.7194161040661, 43.05687187007115], [-70.71943510962971, 43.05688524716807], [-70.71953078559082, 43.05680866424358], [-70.71948564739999, 43.05677689367013], [-70.71951661688445, 43.05671836163342], [-70.71950820156547, 43.056667252888104], [-70.71963077820097, 43.05667821937362], [-70.71971688436703, 43.05663422910495], [-70.71966355058765, 43.056600873949584], [-70.71963331765738, 43.05656076715099], [-70.71968213095626, 43.05653655064136], [-70.71974840399453, 43.056512071666084], [-70.71983510636318, 43.05648942035612], [-70.71985493922287, 43.05646990901261], [-70.71991824250397, 43.05644333978055], [-70.71992709169237, 43.056447476352425], [-70.71996914356923, 43.05649380979798], [-70.72001665748842, 43.05652725230627], [-70.71996262096827, 43.05657289549088], [-70.71999504819223, 43.05658735160216], [-70.7200777667168, 43.05652633358284], [-70.72006439672819, 43.05646462536325], [-70.72011855240186, 43.0564232499407], [-70.72023787535008, 43.05644280389878], [-70.72033560223329, 43.05643962661595], [-70.72032486936364, 43.0564722369765], [-70.72037034190323, 43.0565159570774], [-70.72038549200892, 43.0564747410868], [-70.72048540368067, 43.05646640730063], [-70.72047044460079, 43.056514451794826], [-70.72039300406644, 43.056533728871024], [-70.7203326280953, 43.056583129960934], [-70.72028231964907, 43.056616335392796], [-70.72027614720507, 43.05664546149509], [-70.72021813876295, 43.056653165065484], [-70.72011651925406, 43.05668372622501], [-70.72005613504861, 43.0566897575915], [-70.72011367702484, 43.05674866690443], [-70.72012859949984, 43.0567825993625], [-70.72014613635729, 43.056826739555326], [-70.72014442887382, 43.056848967156206], [-70.72007876806889, 43.056832875939435], [-70.72004023170523, 43.05678734360542], [-70.71998022919784, 43.05680703191917], [-70.71997961935458, 43.05686852335225], [-70.71994817299026, 43.05690998427453], [-70.71987605316966, 43.05691277628892], [-70.71982289127894, 43.056927238165315], [-70.7197785163817, 43.05692278168572], [-70.71979590986929, 43.05696180056484], [-70.71986190480551, 43.05698984180542], [-70.71991045848901, 43.05697715702657], [-70.71997848452392, 43.056911236429805], [-70.72001264066829, 43.056883397486395], [-70.72008922549657, 43.05687370689412], [-70.72012467028313, 43.05689196024142], [-70.72018899466724, 43.05686025198643], [-70.72021431608474, 43.056849624222664], [-70.72019649277945, 43.05679524130328], [-70.72022637466382, 43.05678112928674], [-70.72023449325792, 43.05673831120026], [-70.72027279106078, 43.05677530785247], [-70.7203082358424, 43.05679356114326], [-70.72035441355794, 43.05677920406132], [-70.72028357174032, 43.05674440462003], [-70.72032737371191, 43.05672837543035], [-70.72033126589747, 43.056700991453866], [-70.7204018690022, 43.05672725525197], [-70.72042368008992, 43.05675766840405], [-70.7204613574053, 43.056772472394414], [-70.72049195531835, 43.05678396715134], [-70.72046027064832, 43.05681689259435], [-70.7205133845443, 43.05680072330296], [-70.72056331107297, 43.05675386078845], [-70.72049807993125, 43.05675313391685], [-70.72048097250364, 43.05672435788655], [-70.720424623659, 43.05670812683504], [-70.72044922888946, 43.05667189217824], [-70.72044109923651, 43.056631026251544], [-70.7204107878356, 43.05662977421656], [-70.72038841509949, 43.05666255961366], [-70.72039611508575, 43.056688061438585], [-70.72032099928389, 43.05666698901418], [-70.72035182470611, 43.05660333539609], [-70.72040189441675, 43.05656159431985], [-70.72046973976269, 43.05657252897933], [-70.72048740874295, 43.0565381064603], [-70.72055823906128, 43.056489221753246], [-70.72067250049456, 43.056494334728605], [-70.72075578214464, 43.05647429592844], [-70.7206874709545, 43.05652997423358], [-70.72068120322022, 43.05655568610934], [-70.72078757365817, 43.05652846867323], [-70.72088233406504, 43.05646086455273], [-70.72097028943097, 43.05648302435532], [-70.72107748037888, 43.05646433351106], [-70.7211708975455, 43.056473602191005], [-70.72122250070795, 43.05644507345249], [-70.72127583517151, 43.056478427869635], [-70.72139580025441, 43.05650010575814], [-70.72137180411283, 43.056474849188916], [-70.7212952496458, 43.05644397896559], [-70.7214033995985, 43.0564226326043], [-70.72126816450702, 43.056412364445535], [-70.72136038752647, 43.05637895491834], [-70.72148842550756, 43.05637702843848], [-70.7216615610104, 43.056354676277856], [-70.72183907286626, 43.05635867615317], [-70.72220103549994, 43.05635456237094], [-70.72234660775612, 43.05635503948737], [-70.72246664325483, 43.056353232383145], [-70.72239424102737, 43.05639173707782], [-70.7223372635698, 43.05641121867853], [-70.72237164339649, 43.05646940813699], [-70.72243407740051, 43.05648981621856], [-70.72250022357393, 43.056512836878106], [-70.72246118246274, 43.0565481151704], [-70.72254053423609, 43.05652290397478], [-70.72250637826137, 43.05647271670078], [-70.72244015745177, 43.056447028667215], [-70.72245313898964, 43.056390794707326], [-70.72251741804104, 43.056347130941454], [-70.72260324497928, 43.0564232252528], [-70.72260807738031, 43.05646584850977], [-70.7226651561972, 43.05642496157263], [-70.72265297419301, 43.056379780479325], [-70.72262609308586, 43.05632948370279], [-70.72271012759032, 43.05634156089752], [-70.72276506261687, 43.05635407621067], [-70.72283372578313, 43.056337031261975], [-70.72293520053601, 43.05632216065599], [-70.72306303373657, 43.056338915007125]]], [[[-70.7202304394996, 43.057148400675146], [-70.72029097766811, 43.05707660836663], [-70.72033796131622, 43.05713010582343], [-70.7202304394996, 43.057148400675146]]]]}, "properties": {"Hectares": 1.97816331393, "Acres": 4.88812845035, "Year": "2025", "Name": "Eelgrass", "Confidence": "H", "Notes": "UAV Imagery Used", "Type": 1, "LABEL": "Little Harbor/Back Channel", "ID": 46}}, {"type": "Feature", "geometry": {"type": "Polygon", "coordinates": [[[-70.71948673187148, 43.057607314876996], [-70.71945498164546, 43.05759626413133], [-70.7194350598647, 43.057570945925676], [-70.71945700649381, 43.057543717603664], [-70.71948419112343, 43.05751641055444], [-70.7194872537146, 43.05750099396112], [-70.71949181181351, 43.057476588728385], [-70.71953371594266, 43.05747595893126], [-70.71954226703814, 43.05746942600878], [-70.71952929349652, 43.05744272250823], [-70.71950812673036, 43.05743535535222], [-70.71946690253661, 43.05746031164912], [-70.71946109196897, 43.05743990488971], [-70.7194883123374, 43.05741387818243], [-70.71948239441286, 43.05738963039622], [-70.71953722871119, 43.05735166073436], [-70.7195552613114, 43.05737188379553], [-70.71958515807368, 43.05737911973052], [-70.71960329806006, 43.05740318381115], [-70.71959695821876, 43.05742633494809], [-70.71962724868003, 43.05744765463907], [-70.71959599953598, 43.057454528726424], [-70.71961057596366, 43.05747608460579], [-70.71965222957007, 43.05746649236775], [-70.71968319240001, 43.057449375525366], [-70.71968579734583, 43.05748007750025], [-70.71972962642917, 43.05748582309932], [-70.71974413132988, 43.05750481827572], [-70.71973066434508, 43.05752295302945], [-70.71974662893757, 43.057531679221164], [-70.7197084765759, 43.05755798522431], [-70.7196687386223, 43.05755718673222], [-70.71966278482248, 43.05753165861489], [-70.71966937517108, 43.057517469872224], [-70.71962444424805, 43.05753479665842], [-70.71962486810274, 43.057561159895315], [-70.71959811099373, 43.057530068934646], [-70.71956286877587, 43.057519070704146], [-70.71955460396856, 43.057535846368374], [-70.71951921861137, 43.05751972675415], [-70.71950065667676, 43.05754306157711], [-70.71955144944776, 43.057554591521594], [-70.7195659031079, 43.05756513679256], [-70.71959074087889, 43.05757885316377], [-70.71961411895546, 43.057602838512445], [-70.71965406242666, 43.0575945528581], [-70.71968923312461, 43.05760299037452], [-70.71970031760259, 43.05762459872929], [-70.71966365140426, 43.05762514985752], [-70.71961323185627, 43.05763359297493], [-70.71957899161808, 43.057658444340035], [-70.71956385011464, 43.05767916600275], [-70.71954180674666, 43.05767748630984], [-70.71950070742867, 43.05766986797254], [-70.71948253161467, 43.05764452353478], [-70.71950975206164, 43.05761849682186], [-70.71948673187148, 43.057607314876996]]]}, "properties": {"Hectares": 0.04051983273, "Acres": 0.10012628673, "Year": "2025", "Name": "Eelgrass", "Confidence": "H", "Notes": "UAV Imagery Used", "Type": 1, "LABEL": "Little Harbor/Back Channel", "ID": 47}}, {"type": "Feature", "geometry": {"type": "Polygon", "coordinates": [[[-70.71371987073607, 43.05563239144348], [-70.71371066276299, 43.05560281292642], [-70.71374119190125, 43.055595182702476], [-70.71374330193257, 43.05562076871768], [-70.71374777753898, 43.055630948726126], [-70.71376704696142, 43.05562041303945], [-70.71381031818702, 43.05561874015966], [-70.71382112140249, 43.05560525716891], [-70.71383554426757, 43.055571225858735], [-70.7138527905012, 43.05558838749541], [-70.7138340917464, 43.05561940874501], [-70.71382103710522, 43.05565239485442], [-70.71379928799558, 43.05567423944777], [-70.71375712818902, 43.05566564862707], [-70.71371987073607, 43.05563239144348]]]}, "properties": {"Hectares": 0.00524994366, "Acres": 0.01297284142, "Year": "2025", "Name": "Eelgrass", "Confidence": "H", "Notes": "UAV Imagery Used", "Type": 1, "LABEL": "Odiorne Point Beds", "ID": 48}}, {"type": "Feature", "geometry": {"type": "Polygon", "coordinates": [[[-70.71366363697959, 43.056032760735974], [-70.71416773474454, 43.05588682102524], [-70.71420268564826, 43.05590149552825], [-70.71419094390315, 43.0559698433418], [-70.71427473381607, 43.05594056862551], [-70.71428425584574, 43.05598845898682], [-70.71431521230446, 43.05602201854071], [-70.71439577591084, 43.05607284713782], [-70.71447772976097, 43.0560756218093], [-70.71452550085097, 43.05612494034183], [-70.71448318953513, 43.05617360743791], [-70.714538475952, 43.05619879682639], [-70.71455618249072, 43.056246564509756], [-70.71447144457609, 43.05624183023884], [-70.71444227184864, 43.05627228804453], [-70.71445997833607, 43.05632005574312], [-70.71451253678691, 43.0563452860225], [-70.71460439980542, 43.056311887331326], [-70.7146970433092, 43.05630649613825], [-70.71475021518037, 43.056353732254564], [-70.71474131009968, 43.05642591526976], [-70.71475929565888, 43.056483685619135], [-70.71489386457405, 43.05651369065906], [-70.71500669626579, 43.056507996611124], [-70.71508121280728, 43.05651808728835], [-70.71505172886702, 43.05655695569343], [-70.71498558884814, 43.056612384575885], [-70.71502322639672, 43.056631033600226], [-70.7150902587135, 43.056607613339935], [-70.71511586847255, 43.05658641511417], [-70.71516780181969, 43.05656962555992], [-70.7152142547098, 43.05651289061939], [-70.71525532020284, 43.05649786505513], [-70.71533215311023, 43.056512724144355], [-70.71534881374235, 43.05656210848313], [-70.71533478580461, 43.056607149631155], [-70.71532316343873, 43.05666016021576], [-70.71533113879222, 43.056711275873276], [-70.71542298163108, 43.05671630325154], [-70.71551696234016, 43.05671969739872], [-70.71556234823186, 43.05670300584129], [-70.71560938103006, 43.05666707635868], [-70.71568536623398, 43.056651527003126], [-70.71571218086316, 43.056673540301695], [-70.7157024735068, 43.05671691560004], [-70.71575378646972, 43.056756173615895], [-70.71577044751055, 43.05680555788429], [-70.71584696846818, 43.056809213597624], [-70.71582389844504, 43.05684318270436], [-70.7157849260904, 43.05685497487987], [-70.71581900247571, 43.0569024968627], [-70.71580274768752, 43.056945970360644], [-70.71576742610799, 43.05693209016553], [-70.71576898829336, 43.056988105268125], [-70.71577077365357, 43.05705212252753], [-70.71583224062469, 43.057064009513745], [-70.71591245733275, 43.05704359324364], [-70.71592225386053, 43.05700341879416], [-70.7159339204017, 43.05695200859086], [-70.71590265131262, 43.05692685995162], [-70.71590799357605, 43.05688355010534], [-70.7159333353312, 43.05685274911193], [-70.71601373029038, 43.05683873450087], [-70.71600865107541, 43.056813193069004], [-70.7160432137442, 43.05679986585783], [-70.71606424000589, 43.056849184608005], [-70.71612111863261, 43.056853134757134], [-70.71616018020575, 43.056844543330605], [-70.71614561204184, 43.056791925525076], [-70.71621531766624, 43.056786076616405], [-70.71624663145309, 43.056812825601], [-70.71628364443639, 43.05680906816558], [-70.71630795907633, 43.0567414571769], [-70.71633160921844, 43.05672829358156], [-70.71635846875728, 43.05675190715477], [-70.7163660877898, 43.056790219275904], [-70.71630391188314, 43.05683117953959], [-70.71624890840792, 43.05689444758865], [-70.71620557112662, 43.056906305385176], [-70.71617862228719, 43.05687949091444], [-70.71610072230318, 43.05690467592375], [-70.71602313473721, 43.05694106390014], [-70.71598443019842, 43.05696245873166], [-70.71594261052269, 43.05702873109536], [-70.71593334966485, 43.05708811072225], [-70.71595272911367, 43.057156667399454], [-70.71596889939796, 43.05718844688697], [-70.715895408577, 43.05721516672623], [-70.71586267105246, 43.05721565771345], [-70.71580129319375, 43.05720697160941], [-70.71580169490991, 43.057221375492055], [-70.71575403693775, 43.057234899015675], [-70.71567083405073, 43.057226540140675], [-70.71561662853567, 43.05724016179303], [-70.71555961568801, 43.05723141010415], [-70.71552514192624, 43.05724793803747], [-70.71549454225399, 43.05724679576226], [-70.71545298544054, 43.05724421666951], [-70.71540661737491, 43.0572256986914], [-70.71534707918042, 43.05718613262191], [-70.71531227891568, 43.057209501012544], [-70.7152939264608, 43.05717775414785], [-70.71525887258197, 43.057173476387725], [-70.7152106790834, 43.05716779450383], [-70.71517963326542, 43.05715064782427], [-70.71513834423331, 43.05715767120763], [-70.71510925785489, 43.0571324896302], [-70.7150698771295, 43.057137843975305], [-70.71501295873925, 43.057092945023], [-70.71489850521647, 43.0570600768575], [-70.71483493553833, 43.057035412078285], [-70.71475600880268, 43.05702378624114], [-70.71462701912643, 43.0570334047321], [-70.71457325003267, 43.05704701934981], [-70.71450109454001, 43.05707519439881], [-70.71443684812601, 43.05704137813885], [-70.71443969788952, 43.057018279581605], [-70.71440217566165, 43.05698810071164], [-70.71438670920038, 43.05693453548018], [-70.71434690589474, 43.056885177560986], [-70.7142622419959, 43.05685570501835], [-70.714245065377, 43.05680344627122], [-70.71419261429429, 43.05680167039231], [-70.71416567528286, 43.056775175517565], [-70.71417130364667, 43.05672641771866], [-70.71419481996688, 43.05669276247621], [-70.71417935376776, 43.056639197209655], [-70.71411514270483, 43.05659148578159], [-70.71407558954442, 43.05655109018247], [-70.7140162242319, 43.05648921640962], [-70.71401176917833, 43.056454699368786], [-70.71397763246226, 43.05642062699334], [-70.71397613435921, 43.056366852439076], [-70.7139157010387, 43.05632933134869], [-70.71392699551663, 43.05629585924768], [-70.71393946526813, 43.0562418754443], [-70.71391548355193, 43.05619612299108], [-70.71384478859588, 43.056166440871145], [-70.71380044087057, 43.05616710518532], [-70.71379841638574, 43.056144592006355], [-70.71384145971605, 43.056134724889766], [-70.71385916130086, 43.056118064445464], [-70.71380827812925, 43.056097307863254], [-70.7137714483536, 43.05607941486459], [-70.71373943661082, 43.05608399319009], [-70.71365366262317, 43.05606478386565], [-70.71366363697959, 43.056032760735974]]]}, "properties": {"Hectares": 1.16892187587, "Acres": 2.88845730655, "Year": "2025", "Name": "Eelgrass", "Confidence": "H", "Notes": "UAV Imagery Used", "Type": 1, "LABEL": "Little Harbor/Back Channel", "ID": 49}}, {"type": "Feature", "geometry": {"type": "Polygon", "coordinates": [[[-70.71416773474454, 43.05588682102524], [-70.71366363697959, 43.056032760735974], [-70.71366392388356, 43.056031839617106], [-70.71366281122533, 43.05599189279613], [-70.7136734707009, 43.05592307791394], [-70.71368515723192, 43.055891137019415], [-70.71369918081284, 43.05584276584097], [-70.71369815372931, 43.05580589185182], [-70.71369553016795, 43.05576186884163], [-70.71373438294201, 43.05575206453363], [-70.71376719212822, 43.05572595546328], [-70.71381314283778, 43.055720143626495], [-70.71386368330182, 43.05572860888435], [-70.71389635111588, 43.055747588907046], [-70.71401895346443, 43.055735382088635], [-70.71411125017524, 43.05568083775422], [-70.71420798349807, 43.0556324811733], [-70.71429871729579, 43.05567490178414], [-70.71422677573317, 43.05569474262625], [-70.71415091988293, 43.05572715067279], [-70.7141101227292, 43.05579343207905], [-70.71409481405384, 43.05585620445284], [-70.71416773474454, 43.05588682102524]]]}, "properties": {"Hectares": 0.10063694215, "Acres": 0.24867830508, "Year": "2025", "Name": "Eelgrass", "Confidence": "H", "Notes": "UAV Imagery Used", "Type": 1, "LABEL": "Odiorne Point Beds", "ID": 50}}, {"type": "Feature", "geometry": {"type": "Polygon", "coordinates": [[[-70.72810206303195, 43.056750907740756], [-70.72811293039425, 43.05673981341601], [-70.7281269173876, 43.05674028528229], [-70.72813556660734, 43.056749718542534], [-70.72813577759695, 43.056757229852465], [-70.72811342909041, 43.056757567421585], [-70.72810206303195, 43.056750907740756]]]}, "properties": {"Hectares": 0.00040332192, "Acres": 0.00099662618, "Year": "2025", "Name": "Eelgrass", "Confidence": "H", "Notes": "UAV Imagery Used", "Type": 1, "LABEL": "Little Harbor/Back Channel", "ID": 51}}, {"type": "Feature", "geometry": {"type": "Polygon", "coordinates": [[[-70.72842023459273, 43.05699798542223], [-70.72840246638562, 43.05699393847735], [-70.72836576235031, 43.05699665065416], [-70.72833310652541, 43.05698635554157], [-70.72830029923847, 43.0569706684897], [-70.72829258278283, 43.05695783893356], [-70.728290809255, 43.056947077289], [-70.7282640358037, 43.05693669329586], [-70.72823297178387, 43.05693068948307], [-70.728213914782, 43.0569331350385], [-70.72822525534738, 43.05691785992202], [-70.72823359415466, 43.05690047246091], [-70.72821684217523, 43.056880227482104], [-70.72818112410245, 43.056865663208264], [-70.72816914740024, 43.05685829221365], [-70.72815294070647, 43.056857458173674], [-70.72814579983852, 43.056865117941676], [-70.72812490877449, 43.056854645062366], [-70.72813765934687, 43.056837190969254], [-70.72813567380977, 43.05681888061902], [-70.72813528002051, 43.056804861600085], [-70.72815835427117, 43.05680111352479], [-70.72815654095012, 43.056799953796], [-70.72817879356467, 43.05679620198654], [-70.72820790976485, 43.05680464294446], [-70.72822102313043, 43.05680717740404], [-70.72823105520202, 43.056799511366144], [-70.72823774615884, 43.056805558519066], [-70.72821663573338, 43.05681680758338], [-70.72823155393327, 43.05681726537041], [-70.72826085390722, 43.05682025868782], [-70.72827068303741, 43.05681735742696], [-70.72828202517842, 43.05682990824137], [-70.72831632005327, 43.05685014169024], [-70.7283288859053, 43.0568663471298], [-70.7283282424623, 43.056876603891], [-70.72835452678461, 43.05688372131908], [-70.72834378205059, 43.05689493217959], [-70.72836163107277, 43.05691004094856], [-70.72838006241315, 43.056893790010186], [-70.7283913419562, 43.056900926691895], [-70.72839017019342, 43.056925537292024], [-70.72840401714843, 43.05691293535081], [-70.72842264674452, 43.05692094784453], [-70.7284110400583, 43.056938884728126], [-70.72843713257296, 43.056939173674216], [-70.72844787446307, 43.05695677292795], [-70.72843920058392, 43.05696120524159], [-70.72845342180824, 43.0569748283309], [-70.72844655363919, 43.05699219358988], [-70.72843248402394, 43.057015061862145], [-70.72841486729405, 43.05701640684865], [-70.72842023459273, 43.05699798542223]]]}, "properties": {"Hectares": 0.02587891971, "Acres": 0.06394794748, "Year": "2025", "Name": "Eelgrass", "Confidence": "H", "Notes": "UAV Imagery Used", "Type": 1, "LABEL": "Little Harbor/Back Channel", "ID": 52}}, {"type": "Feature", "geometry": {"type": "Polygon", "coordinates": [[[-70.72894972834867, 43.057504033085706], [-70.72894196866864, 43.05748786881393], [-70.72890805748234, 43.05745329098267], [-70.7288612560043, 43.05743213786872], [-70.72886652403373, 43.057460476719456], [-70.72883887476061, 43.057449149431555], [-70.72881044534223, 43.05742744058147], [-70.72882327124313, 43.05740647943698], [-70.72877559394301, 43.05740719987417], [-70.72877057157145, 43.057387601447715], [-70.72878504090079, 43.05737208056247], [-70.7287429855765, 43.05736069284094], [-70.72872862462782, 43.057327026290956], [-70.72873679659335, 43.05729957737137], [-70.72870331240391, 43.05727494391212], [-70.72866254489826, 43.05723897405687], [-70.7286287103566, 43.05721923419682], [-70.7286640998341, 43.0572055832732], [-70.72869711927324, 43.057184520164846], [-70.72874475529073, 43.05721419813096], [-70.72875143568596, 43.05723705416725], [-70.72877470539724, 43.057269493081925], [-70.72881038852769, 43.05727312701235], [-70.72883743522536, 43.05727401027533], [-70.72886497921616, 43.05726925466123], [-70.72886772471998, 43.05729104084795], [-70.7288637004594, 43.05730876276908], [-70.72890019453112, 43.05730437536013], [-70.7289191800544, 43.05731868173772], [-70.72894244988532, 43.05735112061582], [-70.72897285618734, 43.057360778837754], [-70.72895707788425, 43.05739411160118], [-70.72898399788708, 43.05739749249366], [-70.7290073574165, 43.057394818277736], [-70.72903371779834, 43.05741641541669], [-70.72906075122596, 43.0574236579873], [-70.72906595793283, 43.057449811720225], [-70.72907225537323, 43.05746173973998], [-70.72909845689436, 43.05747207810381], [-70.72913973153672, 43.05747602219318], [-70.72916659586994, 43.057507170133576], [-70.72919481187148, 43.05752656153913], [-70.72917416797695, 43.05753452467524], [-70.72915225413091, 43.057524968082944], [-70.72913062255502, 43.05752315961831], [-70.72912535550103, 43.05749852309685], [-70.72907655560233, 43.05750867450567], [-70.72906059639847, 43.057524217943886], [-70.72907064135411, 43.05756341476634], [-70.72901526869524, 43.057555507463455], [-70.72900601155119, 43.0575294265271], [-70.72896971138108, 43.057525591451544], [-70.72894972834867, 43.057504033085706]]]}, "properties": {"Hectares": 0.05189673414, "Acres": 0.1282391099, "Year": "2025", "Name": "Eelgrass", "Confidence": "H", "Notes": "UAV Imagery Used", "Type": 1, "LABEL": "Little Harbor/Back Channel", "ID": 53}}, {"type": "Feature", "geometry": {"type": "Polygon", "coordinates": [[[-70.72886196149254, 43.05770122813232], [-70.72884003992102, 43.05768494552591], [-70.72881916292667, 43.05766340064658], [-70.72880096456198, 43.05765230825588], [-70.72878753395197, 43.05764114381867], [-70.72875758815871, 43.057636349829394], [-70.72872759324858, 43.05762980774624], [-70.72873060416269, 43.05760965072796], [-70.72869961381403, 43.057610118991064], [-70.72871573603369, 43.057589763862715], [-70.72872460838639, 43.057566020621984], [-70.72869123418823, 43.057566524902775], [-70.72865204766804, 43.057572363479075], [-70.728656201421, 43.05755044036679], [-70.72869643250115, 43.0575393395216], [-70.72872645192439, 43.05754675565674], [-70.72875309203636, 43.05756121815885], [-70.72876610508239, 43.05755752387089], [-70.72878527429503, 43.05756073187093], [-70.7287958789065, 43.05755619955832], [-70.72882227341873, 43.05756192161495], [-70.72881590387948, 43.057520773402], [-70.72882792674768, 43.05750849693048], [-70.72878939186143, 43.05749508859755], [-70.72881206317314, 43.05749562043204], [-70.7288174333602, 43.05747455334652], [-70.7288387162336, 43.057468110843665], [-70.72885428505818, 43.057470498823655], [-70.7288612026621, 43.0575044964387], [-70.72888869084056, 43.057506704297175], [-70.72889176247075, 43.057531141473866], [-70.72891528184527, 43.05751941867551], [-70.72894517846491, 43.05752246453877], [-70.728944526931, 43.057541711493855], [-70.72890633588342, 43.05754053980128], [-70.72889836078365, 43.057553776528636], [-70.72893424165949, 43.057557606377024], [-70.72897552894877, 43.05758408927656], [-70.72899514033958, 43.057603030011734], [-70.72901159353297, 43.057636883510604], [-70.7289937636094, 43.05763890179304], [-70.72895639597888, 43.057624601462976], [-70.7289446485589, 43.057630899888515], [-70.7289761301983, 43.05764791241528], [-70.72897664604727, 43.05766626731435], [-70.72899017495425, 43.057680927899845], [-70.72900763641971, 43.05766579897578], [-70.72901041333012, 43.05767974763415], [-70.7290011234749, 43.057688632167476], [-70.72898723781597, 43.05770370705168], [-70.72895461333462, 43.057688460627], [-70.72896234279816, 43.05766648346777], [-70.7289500086984, 43.05765843849366], [-70.72892755697838, 43.05763900754028], [-70.72891928566942, 43.05766188766038], [-70.72894424327623, 43.05769312354412], [-70.7289249131419, 43.05769240711048], [-70.72893725010448, 43.05770708571452], [-70.72894956250911, 43.057720890274375], [-70.72893438663674, 43.057732486993785], [-70.72890816398446, 43.05773288326453], [-70.72888959713741, 43.05770868024602], [-70.72886196149254, 43.05770122813232]]]}, "properties": {"Hectares": 0.03537523362, "Acres": 0.08741375632, "Year": "2025", "Name": "Eelgrass", "Confidence": "H", "Notes": "UAV Imagery Used", "Type": 1, "LABEL": "Little Harbor/Back Channel", "ID": 54}}, {"type": "Feature", "geometry": {"type": "Polygon", "coordinates": [[[-70.72866501318235, 43.05748210292853], [-70.72867897255279, 43.05746965021131], [-70.72871266598294, 43.05748050849352], [-70.72872021055399, 43.05749438512036], [-70.72871119084695, 43.05751288410313], [-70.72869226725346, 43.05751841652011], [-70.7286798321482, 43.05750024171553], [-70.72866501318235, 43.05748210292853]]]}, "properties": {"Hectares": 0.00143480416, "Acres": 0.00354546411, "Year": "2025", "Name": "Eelgrass", "Confidence": "H", "Notes": "UAV Imagery Used", "Type": 1, "LABEL": "Little Harbor/Back Channel", "ID": 55}}, {"type": "Feature", "geometry": {"type": "Polygon", "coordinates": [[[-70.72875616506869, 43.05750083715429], [-70.72877156197039, 43.05749710684486], [-70.72877717916774, 43.057508664711705], [-70.72878801501153, 43.05753096037913], [-70.72876067419143, 43.05753399675421], [-70.7287285410675, 43.05753623112091], [-70.72872464597518, 43.0575249225932], [-70.72874587975444, 43.057516732021334], [-70.72875616506869, 43.05750083715429]]]}, "properties": {"Hectares": 0.00125604315, "Acres": 0.0031037378, "Year": "2025", "Name": "Eelgrass", "Confidence": "H", "Notes": "UAV Imagery Used", "Type": 1, "LABEL": "Little Harbor/Back Channel", "ID": 56}}, {"type": "Feature", "geometry": {"type": "Polygon", "coordinates": [[[-70.72887330272462, 43.05839884708391], [-70.72882545300828, 43.058373101191485], [-70.72882284822488, 43.05837391334949], [-70.72881263908688, 43.05836477924788], [-70.72879896269194, 43.05834487438826], [-70.72876019789486, 43.05832739912943], [-70.72878109640443, 43.0583031724898], [-70.72877936409087, 43.05828396155907], [-70.72876228381003, 43.05827022902692], [-70.72873797815879, 43.05825398242725], [-70.72871975506902, 43.05824201598463], [-70.72869322345909, 43.05824669412649], [-70.72867748348698, 43.05826538946461], [-70.72866646121979, 43.058255063039184], [-70.72867910600901, 43.05823825811599], [-70.72867367508273, 43.05821473099827], [-70.72867084909956, 43.05819903424638], [-70.72864085392159, 43.058192492145764], [-70.72861674480954, 43.05818323786211], [-70.72860664436138, 43.0581632789492], [-70.72859204628345, 43.05815300654342], [-70.7285426852821, 43.058136264043924], [-70.72853966286912, 43.05811357494434], [-70.72859838750958, 43.05812405507292], [-70.72863093846122, 43.058136679466905], [-70.72867443799201, 43.05815700814896], [-70.72874887906241, 43.05817512045522], [-70.7287471092033, 43.05819700754751], [-70.728771683287, 43.05822442033136], [-70.72881358675164, 43.05827120263542], [-70.72884256197592, 43.058283881000776], [-70.72888949014792, 43.05829891130588], [-70.72891067504044, 43.058288972614626], [-70.72894928414799, 43.05830500302396], [-70.72892893421641, 43.05831957727045], [-70.72893704643732, 43.0583524050792], [-70.7289500573528, 43.058374944454556], [-70.72896713770449, 43.05838867695715], [-70.72896415140289, 43.05840970802105], [-70.72896629174583, 43.05843368011294], [-70.72894315541717, 43.05843643176639], [-70.72892693387053, 43.058427703667874], [-70.72892466960722, 43.05840505818625], [-70.72890070775281, 43.05840104822139], [-70.72887330272462, 43.05839884708391]]]}, "properties": {"Hectares": 0.02840108719, "Acres": 0.07018033411, "Year": "2025", "Name": "Eelgrass", "Confidence": "H", "Notes": "UAV Imagery Used", "Type": 1, "LABEL": "Little Harbor/Back Channel", "ID": 57}}, {"type": "Feature", "geometry": {"type": "Polygon", "coordinates": [[[-70.7301504891457, 43.05864500022784], [-70.73010973084676, 43.05864290966753], [-70.73008000877078, 43.05864609167013], [-70.73004936492953, 43.05861649708364], [-70.73002236916392, 43.05858411478132], [-70.73000985038786, 43.0585364845736], [-70.73005873438466, 43.05855214063278], [-70.73008964705022, 43.05859129505363], [-70.73012731812454, 43.05860575437309], [-70.73015087675596, 43.058582171490464], [-70.7301814822179, 43.05861040035852], [-70.73017236506497, 43.058629711417645], [-70.73018058702954, 43.05866850035193], [-70.73023046283474, 43.058695734736794], [-70.73023484068513, 43.05871889514722], [-70.73017426731275, 43.05873186839986], [-70.73017090341453, 43.0586980017252], [-70.73015162613731, 43.058675066630705], [-70.7301504891457, 43.05864500022784]]]}, "properties": {"Hectares": 0.01124453783, "Acres": 0.02778574696, "Year": "2025", "Name": "Eelgrass", "Confidence": "H", "Notes": "UAV Imagery Used", "Type": 1, "LABEL": "Little Harbor/Back Channel", "ID": 58}}, {"type": "Feature", "geometry": {"type": "Polygon", "coordinates": [[[-70.73049427508745, 43.05866851811479], [-70.73052349772445, 43.058647582027774], [-70.73046580079703, 43.05864982099797], [-70.73051372456779, 43.05863133459465], [-70.73051113221538, 43.05860541464462], [-70.73051754467075, 43.05856842831693], [-70.73052188162667, 43.05855266317669], [-70.730530192701, 43.058538999963204], [-70.73055928145783, 43.058549626908395], [-70.73057694248672, 43.058589857466956], [-70.73054889261252, 43.05860655693524], [-70.73054918757123, 43.05863353072865], [-70.73054603897785, 43.058654072428894], [-70.73054866976557, 43.058681358068156], [-70.73055836610351, 43.05869487411682], [-70.73056437599966, 43.0587098121981], [-70.73054388924497, 43.05871012208251], [-70.73051541492019, 43.05869142497875], [-70.73049427508745, 43.05866851811479]]]}, "properties": {"Hectares": 0.00662784984, "Acres": 0.01637770811, "Year": "2025", "Name": "Eelgrass", "Confidence": "H", "Notes": "UAV Imagery Used", "Type": 1, "LABEL": "Little Harbor/Back Channel", "ID": 59}}, {"type": "Feature", "geometry": {"type": "Polygon", "coordinates": [[[-70.73148197717038, 43.05910701249891], [-70.73152362209582, 43.059103758986815], [-70.73155488377361, 43.05911290440149], [-70.73155415924975, 43.05912952922827], [-70.73152130088816, 43.05914838921848], [-70.73147953292707, 43.059147272523106], [-70.73145418186257, 43.059136288809476], [-70.73146205819755, 43.05911955574773], [-70.73148197717038, 43.05910701249891]]]}, "properties": {"Hectares": 0.0030620401, "Acres": 0.0075664356, "Year": "2025", "Name": "Eelgrass", "Confidence": "H", "Notes": "UAV Imagery Used", "Type": 1, "LABEL": "Little Harbor/Back Channel", "ID": 60}}, {"type": "Feature", "geometry": {"type": "Polygon", "coordinates": [[[-70.7319072651659, 43.05920118463471], [-70.73188629457154, 43.059207312410884], [-70.73187152518454, 43.059211783569076], [-70.73185730974748, 43.059206537576976], [-70.73183561570394, 43.05920019119395], [-70.73180327101022, 43.0591976468126], [-70.73178576400933, 43.059193057433696], [-70.7317978470126, 43.059181345378015], [-70.73181710939724, 43.05917231881546], [-70.7318008343131, 43.05914743731924], [-70.73183829118737, 43.05911483482898], [-70.7318417481713, 43.0590785044252], [-70.73189723695077, 43.0590640017433], [-70.73191597671328, 43.059067816876535], [-70.73192907027483, 43.059090514667275], [-70.73196840787972, 43.05907282727004], [-70.73200018055948, 43.05907946004608], [-70.73206718055421, 43.0590778242947], [-70.73209398561445, 43.05908830374804], [-70.73212727858838, 43.05909467596383], [-70.73214996604983, 43.05910488568183], [-70.73217783371283, 43.05910347445547], [-70.73220724824094, 43.05908936639235], [-70.73221805036393, 43.05911151845558], [-70.73218627768281, 43.059129205841934], [-70.73221973038166, 43.059135630634444], [-70.73227420272329, 43.05915120113117], [-70.73222410901528, 43.05915879095347], [-70.73219248591869, 43.05916063601655], [-70.73218412422285, 43.059189850295496], [-70.73216624298178, 43.05920437880377], [-70.7321148344134, 43.059180909674865], [-70.73209617715307, 43.05918122193242], [-70.73206299921229, 43.059194020670965], [-70.73202741427852, 43.05919442803361], [-70.73202090738378, 43.0591949618348], [-70.73199353486002, 43.05920278950021], [-70.73197140530613, 43.05919902278688], [-70.73196060870855, 43.0591999084936], [-70.73194996897291, 43.05920574170805], [-70.7319142342639, 43.059204470399905], [-70.7319072651659, 43.05920118463471]]]}, "properties": {"Hectares": 0.04057802722, "Acres": 0.10027008786, "Year": "2025", "Name": "Eelgrass", "Confidence": "H", "Notes": "UAV Imagery Used", "Type": 1, "LABEL": "Little Harbor/Back Channel", "ID": 61}}, {"type": "Feature", "geometry": {"type": "Polygon", "coordinates": [[[-70.73884597775222, 43.0642299555183], [-70.73881841019158, 43.06422121672839], [-70.7387850997648, 43.06420877693594], [-70.73880223652333, 43.06419039182447], [-70.73881258175959, 43.06418160448792], [-70.73883785146062, 43.06420107128587], [-70.73887414701882, 43.064173228187684], [-70.73891365642568, 43.06412070927373], [-70.73889596717797, 43.06408818752058], [-70.73893120136827, 43.06408218702996], [-70.73895223021385, 43.06410099518427], [-70.73894292670637, 43.06403555626033], [-70.73892709970322, 43.064003006206015], [-70.73889812554228, 43.06396714324334], [-70.7388458506244, 43.06396325262462], [-70.73882439716756, 43.06392942205777], [-70.73877752392536, 43.063919204549755], [-70.73877233114818, 43.063867365066045], [-70.73875980406468, 43.063819735988794], [-70.73870140762901, 43.06379739675844], [-70.7386521318148, 43.063768087925354], [-70.7386336694941, 43.06370825221131], [-70.73860472197089, 43.06367594947133], [-70.7385998681009, 43.06363535581804], [-70.73863203464951, 43.063611607683235], [-70.73866282416947, 43.06361900208027], [-70.73870977438602, 43.06363195139352], [-70.73875361786779, 43.06366680771634], [-70.738778217765, 43.063680096678524], [-70.73880308670019, 43.06370294543956], [-70.73882275503848, 43.06373953516955], [-70.73884420845005, 43.063773366639005], [-70.73888541767813, 43.06378093728166], [-70.73887567042524, 43.06383163782284], [-70.73885944721337, 43.06385101218479], [-70.73889359122637, 43.06387235304044], [-70.73895221947646, 43.06390288652806], [-70.73892505714905, 43.06394122898541], [-70.73894302761221, 43.06397318636804], [-70.73897180190959, 43.06400232674625], [-70.73901471786446, 43.064004406446664], [-70.73902658875738, 43.06402881874345], [-70.73905514501976, 43.0640502453861], [-70.73900447160521, 43.06407246483913], [-70.73897353945621, 43.06406378263124], [-70.73898083915417, 43.06410009028748], [-70.73893549734639, 43.064168196765316], [-70.73887863651014, 43.06421048263428], [-70.73889657794714, 43.06423815332583], [-70.7388976718337, 43.06424096417556], [-70.7388739541749, 43.0642290035321], [-70.73884597775222, 43.0642299555183]]]}, "properties": {"Hectares": 0.06132110408, "Acres": 0.15152714205, "Year": "2025", "Name": "Eelgrass", "Confidence": "H", "Notes": "UAV Imagery Used", "Type": 1, "LABEL": "Little Harbor/Back Channel", "ID": 62}}, {"type": "Feature", "geometry": {"type": "Polygon", "coordinates": [[[-70.73860262249733, 43.063889270982365], [-70.73862068093909, 43.06389319634558], [-70.73862231155927, 43.06389970267497], [-70.7386621567542, 43.06393965161923], [-70.738667204163, 43.063953637554185], [-70.73866350890354, 43.06397883933908], [-70.73869365348493, 43.06397195906947], [-70.73867479689716, 43.06399649529951], [-70.73870075210229, 43.06403787005298], [-70.73869985501413, 43.06407204031744], [-70.73870241218248, 43.064096595093424], [-70.73869419687529, 43.0641160836539], [-70.73867213951407, 43.06408534814794], [-70.7386695898424, 43.064056105410046], [-70.73864623561519, 43.06402093768342], [-70.73864108153442, 43.063970463619434], [-70.73860958233519, 43.06391082692466], [-70.73860262249733, 43.063889270982365]]]}, "properties": {"Hectares": 0.00624228595, "Acres": 0.0154249628, "Year": "2025", "Name": "Eelgrass", "Confidence": "H", "Notes": "UAV Imagery Used", "Type": 1, "LABEL": "Little Harbor/Back Channel", "ID": 63}}, {"type": "Feature", "geometry": {"type": "Polygon", "coordinates": [[[-70.71080987189829, 43.06900892237217], [-70.71082941605492, 43.068962822328736], [-70.71080944880154, 43.068900135213106], [-70.71081603478387, 43.068856137601365], [-70.71083738498083, 43.06878138068293], [-70.7108594767654, 43.06882685810521], [-70.71088964070975, 43.06888175809677], [-70.71091645934929, 43.06890998690064], [-70.71090509357221, 43.06896932525867], [-70.71095724470364, 43.068972362663644], [-70.71102150467479, 43.06894277177072], [-70.71101895670769, 43.06885119430979], [-70.71098624350509, 43.06879824113489], [-70.71104046590436, 43.06878216094909], [-70.7110930946438, 43.068802369068656], [-70.7110711077427, 43.06885423166452], [-70.71107758625446, 43.06889994255521], [-70.71107360270332, 43.06894390125922], [-70.71111295492496, 43.06895476464423], [-70.71107731972558, 43.06898392747738], [-70.71103116932524, 43.06900943024666], [-70.71100663313324, 43.06906323961269], [-70.71094460371972, 43.069079436535944], [-70.71088884035957, 43.06913371287232], [-70.71084263669056, 43.069157307704295], [-70.7107568683706, 43.06916240757042], [-70.71080275361938, 43.06912736558902], [-70.71084348738573, 43.06909430928238], [-70.71075230234626, 43.06909185551625], [-70.71077482034994, 43.06905907161722], [-70.71083445984767, 43.069050545155214], [-70.71080987189829, 43.06900892237217]]]}, "properties": {"Hectares": 0.05176903716, "Acres": 0.12792356506, "Year": "2025", "Name": "Eelgrass", "Confidence": "H", "Notes": "UAV Imagery Used", "Type": 1, "LABEL": "Portsmouth Harbor", "ID": 64}}, {"type": "Feature", "geometry": {"type": "Polygon", "coordinates": [[[-70.70991934645416, 43.069826162167196], [-70.70989130657028, 43.06979146195048], [-70.70982490026931, 43.06980008905264], [-70.70984495466122, 43.069772304667275], [-70.70987104231959, 43.06973679547801], [-70.7098319544431, 43.06975417584746], [-70.70977803913428, 43.069762616240965], [-70.70977298187476, 43.06980544574759], [-70.70974651467976, 43.069752398879935], [-70.70971133580179, 43.069760559234304], [-70.70962831732002, 43.06977096140224], [-70.7095507381035, 43.0697522706386], [-70.70949639984697, 43.06970803827244], [-70.70939230857465, 43.06970959358668], [-70.70933474018008, 43.06969900177813], [-70.70939140700312, 43.069677159879525], [-70.70951934304381, 43.069690517528684], [-70.70957324839304, 43.06966299083082], [-70.70962683544889, 43.069624016918766], [-70.70965147914887, 43.069574023559056], [-70.70971228627181, 43.06960747069872], [-70.70973974123854, 43.06965859415665], [-70.70979762793532, 43.0696806329492], [-70.70988079479947, 43.06967557268183], [-70.70994133689206, 43.069699480372336], [-70.70999093938177, 43.06970446496637], [-70.71003539037042, 43.06971143519595], [-70.70995620786069, 43.06967253690242], [-70.70989571883864, 43.069650537083994], [-70.70992089282674, 43.06961962231635], [-70.70999402185237, 43.06962807259433], [-70.70996709720312, 43.06959602784649], [-70.70996821404339, 43.0695425687432], [-70.70991112316112, 43.06954914800517], [-70.70985302436033, 43.06951947780919], [-70.70980820220623, 43.069499152452345], [-70.7099072477031, 43.06950339814643], [-70.70998027048536, 43.06950803270649], [-70.70994522078163, 43.069464657448385], [-70.70999652346951, 43.06943716945073], [-70.71000050781262, 43.06939321077413], [-70.71007676678556, 43.06951422501281], [-70.71004378609616, 43.06954525650256], [-70.71009652129436, 43.06956928080143], [-70.7101516465813, 43.069585634718734], [-70.71016577462791, 43.06953198112146], [-70.7101649257114, 43.06950145529078], [-70.7102180323296, 43.0695388345843], [-70.71025557842198, 43.06957835512448], [-70.71024076301606, 43.069513682242615], [-70.71016938745238, 43.06947466739062], [-70.71023688731621, 43.069467932399], [-70.71027825834076, 43.06945777065854], [-70.71034289058919, 43.069441535184986], [-70.71030491777921, 43.06948027601067], [-70.71033980855428, 43.06951792756123], [-70.71036630885091, 43.069534709305394], [-70.71039913017555, 43.06949795413288], [-70.71042738370514, 43.069484171131585], [-70.71046020496671, 43.06944741594237], [-70.71042504883481, 43.06940022510774], [-70.710434608858, 43.06936954366044], [-70.71048426418079, 43.069376435908914], [-70.7105228205623, 43.069358681531284], [-70.71051634240276, 43.069312970606454], [-70.71056323621606, 43.069314178135905], [-70.71059690643149, 43.06930794873455], [-70.71060852801978, 43.06922035845251], [-70.7106388196696, 43.06926113253143], [-70.71065271162298, 43.06931131337399], [-70.71069188255906, 43.069371804709526], [-70.71068941727924, 43.06943291861281], [-70.7106350778077, 43.06942609649232], [-70.71058485952011, 43.06941768580084], [-70.7105794631964, 43.06944830500576], [-70.71054318077734, 43.06941678203937], [-70.7105079172951, 43.06942189005151], [-70.71053400289588, 43.06946120011591], [-70.71061740289942, 43.06946453392058], [-70.71066944829596, 43.06946375572163], [-70.71072795143623, 43.06947051556625], [-70.71073899741609, 43.0694932542845], [-70.71071507710109, 43.069531785115664], [-70.71063715822166, 43.06950088475964], [-70.71057627605208, 43.06948347195729], [-70.71049300338584, 43.06948471699686], [-70.71050031018862, 43.06952278090269], [-70.71049151434869, 43.069580935597145], [-70.7104160577373, 43.069638559984256], [-70.71036673077325, 43.06966220131751], [-70.7102883431367, 43.06968933091926], [-70.71024271280277, 43.06969612075159], [-70.710218878894, 43.06966288466634], [-70.7101911784939, 43.06964039485554], [-70.71018450661846, 43.06970004470217], [-70.7101398949556, 43.0697434654893], [-70.71007998888875, 43.06976115713001], [-70.71006481980646, 43.06981482627576], [-70.71000601930339, 43.069797382055675], [-70.70998690087644, 43.06978392547874], [-70.70997317691395, 43.069814669123396], [-70.70991934645416, 43.069826162167196]]]}, "properties": {"Hectares": 0.18959679371, "Acres": 0.46850200634, "Year": "2025", "Name": "Eelgrass", "Confidence": "H", "Notes": "UAV Imagery Used", "Type": 1, "LABEL": "Portsmouth Harbor", "ID": 65}}, {"type": "Feature", "geometry": {"type": "Polygon", "coordinates": [[[-70.71058265961322, 43.06965821320129], [-70.71056520535417, 43.069644089308255], [-70.71053871904134, 43.06964260903213], [-70.71051896749651, 43.06963790091272], [-70.7105237875327, 43.06965784257114], [-70.71051992391864, 43.06967228520113], [-70.71054757597494, 43.06968500577164], [-70.71052624071314, 43.06968469933449], [-70.71049456853714, 43.06968079486795], [-70.71046440985981, 43.06970063406195], [-70.7104450762976, 43.06968028395879], [-70.71044646872953, 43.069669005421396], [-70.71041756337158, 43.069672564714395], [-70.71042950205236, 43.06964174021144], [-70.71044697433464, 43.069625843269726], [-70.71046806613076, 43.06961739735739], [-70.71050208774302, 43.06961376155824], [-70.71054649842482, 43.069615599277476], [-70.71055982821989, 43.06963478827188], [-70.71059047375941, 43.069632453781765], [-70.71058052003075, 43.06961196345509], [-70.71060483136426, 43.06959658966207], [-70.71064903334612, 43.06959092531549], [-70.7106349719818, 43.0696067712872], [-70.71067678973736, 43.069607396868136], [-70.7106827071092, 43.069574786086186], [-70.7107083754646, 43.069577529417586], [-70.71072548190548, 43.06957914991236], [-70.71073346937474, 43.06959028819493], [-70.71072713463073, 43.06960789492738], [-70.7107516894105, 43.06960127346721], [-70.7107883039195, 43.069598849668374], [-70.71079446422937, 43.06960563726712], [-70.71075396876871, 43.069621878536196], [-70.71073132252712, 43.069631533711345], [-70.71071777164015, 43.06963930637594], [-70.71073247648079, 43.06964659164045], [-70.71071808468723, 43.06965055941461], [-70.71068441144004, 43.06963605263179], [-70.71070974938424, 43.069626917754704], [-70.71070009126923, 43.06961705530914], [-70.71066963704342, 43.06962626668557], [-70.7106371991292, 43.0696255008526], [-70.71063001163989, 43.06964312033008], [-70.71065728110514, 43.069642087159494], [-70.71067814624202, 43.069656160036985], [-70.71069349510155, 43.069655930530296], [-70.71070149996682, 43.06966769398371], [-70.71069347716798, 43.06968595138415], [-70.7106547740119, 43.0697052929625], [-70.71064017294223, 43.069732404724064], [-70.71063056699305, 43.069724417779376], [-70.71062938385528, 43.0697125523214], [-70.71060335024839, 43.069696680427484], [-70.71057836066086, 43.06968767263521], [-70.71058265961322, 43.06965821320129]]]}, "properties": {"Hectares": 0.0192681236, "Acres": 0.04761237988, "Year": "2025", "Name": "Eelgrass", "Confidence": "H", "Notes": "UAV Imagery Used", "Type": 1, "LABEL": "Portsmouth Harbor", "ID": 66}}, {"type": "Feature", "geometry": {"type": "Polygon", "coordinates": [[[-70.70820364361575, 43.07183022382562], [-70.70818732900112, 43.07181874063048], [-70.70813853492415, 43.07182806880477], [-70.70809857445049, 43.07180990256551], [-70.70806705462276, 43.07178848315133], [-70.70806694835899, 43.071746268299286], [-70.70809607806551, 43.0717200344586], [-70.70814428371585, 43.071727914377846], [-70.70818228595728, 43.07175236412675], [-70.70820760778585, 43.07174260461642], [-70.70821570104673, 43.07172684805702], [-70.7082383895149, 43.07173745429235], [-70.70822078971902, 43.071756479941286], [-70.70823179637728, 43.07176882417242], [-70.70827123582373, 43.07176823528359], [-70.70831326305017, 43.07178402524413], [-70.70826124951734, 43.07179261975772], [-70.70821915499249, 43.07181279293387], [-70.70827825885925, 43.07182910971723], [-70.70832816226712, 43.071821328490465], [-70.70835372292045, 43.07182016502648], [-70.70836283866248, 43.071802829617134], [-70.70838196029561, 43.07180019872515], [-70.70840501997824, 43.07178578223565], [-70.70842011670945, 43.07179181108509], [-70.70841676487906, 43.07182469614487], [-70.70841136802777, 43.07186073888585], [-70.70840129491694, 43.07188199752456], [-70.70836859837733, 43.07189499434414], [-70.70835565311229, 43.07192802265517], [-70.70832215113282, 43.07195041291902], [-70.70830342023851, 43.071967110112176], [-70.7082845156522, 43.07197755560879], [-70.70827672845806, 43.071965945097055], [-70.70827313987348, 43.07195192653504], [-70.70824905973889, 43.07192961429871], [-70.70821377537725, 43.07192623221056], [-70.70818986894601, 43.071910171655055], [-70.70817081460133, 43.07187683935977], [-70.70816696554279, 43.071853443252586], [-70.70820364361575, 43.07183022382562]]]}, "properties": {"Hectares": 0.03737115063, "Acres": 0.09234575494, "Year": "2025", "Name": "Eelgrass", "Confidence": "H", "Notes": "UAV Imagery Used", "Type": 1, "LABEL": "Portsmouth Harbor", "ID": 67}}, {"type": "Feature", "geometry": {"type": "Polygon", "coordinates": [[[-70.7079039912533, 43.07161210635927], [-70.7079038459617, 43.07160687534244], [-70.707917255905, 43.07159809515791], [-70.70794023586258, 43.07158273710804], [-70.70796614041151, 43.07156733539248], [-70.70796389290284, 43.07155664395229], [-70.70795975521493, 43.07154812572902], [-70.70795563737968, 43.07154032220865], [-70.70796106970117, 43.07152522611965], [-70.70794728260431, 43.071520426948396], [-70.70794362135231, 43.07152906160104], [-70.7079399203968, 43.07153626684716], [-70.7079273066772, 43.07153860015196], [-70.70792977470248, 43.07152211831813], [-70.70793240153579, 43.07151135410978], [-70.70793399394812, 43.0714984603453], [-70.70793654137506, 43.07148483732403], [-70.70795872508313, 43.07147592615325], [-70.70798387308616, 43.071468400723], [-70.70800466290446, 43.07147953034029], [-70.70801455053123, 43.071484387721405], [-70.70802149370822, 43.07148857406113], [-70.70803112643476, 43.07148878313828], [-70.70803256748418, 43.07147903555418], [-70.70802684599059, 43.07146961445631], [-70.70801359259714, 43.071459305118985], [-70.70799113581258, 43.0714616417546], [-70.70794799098441, 43.07145628174736], [-70.70795226623437, 43.071438205574815], [-70.70796556278742, 43.071425498496865], [-70.70798112817991, 43.071420763033714], [-70.70798625082078, 43.07143319513236], [-70.70798643263099, 43.071433341347294], [-70.70800091026459, 43.07144498451059], [-70.70801026646834, 43.071437840026924], [-70.70803063499005, 43.07143403353538], [-70.70804674218118, 43.0714488033516], [-70.70807539425985, 43.071448375581994], [-70.70809208785741, 43.07143511742872], [-70.70809782469686, 43.071420521830206], [-70.708120880296, 43.071415174175165], [-70.70814038600057, 43.071404876087186], [-70.70814464870477, 43.07139622928681], [-70.70814684669698, 43.0713917707076], [-70.70816378454447, 43.07139595747454], [-70.70816402652868, 43.071396017289175], [-70.70816363609595, 43.07140653032164], [-70.70816726934828, 43.07141448156265], [-70.70818588303902, 43.07142120844737], [-70.70819423606555, 43.07142708784501], [-70.70819395678643, 43.07144160196188], [-70.70818396462707, 43.071444387684345], [-70.7081655131125, 43.071449531794514], [-70.70814838883841, 43.07144728575572], [-70.7081315007473, 43.07145354201903], [-70.7081075267638, 43.07145039755688], [-70.70809776623294, 43.07146755494507], [-70.70811126971422, 43.07148686671268], [-70.70809218220965, 43.07148765203495], [-70.70806280624262, 43.07148658958728], [-70.70805037249156, 43.071505788253994], [-70.70804426305706, 43.07150238216347], [-70.70803392664044, 43.07151484342691], [-70.7080286730084, 43.071536371847586], [-70.708038501089, 43.07153908511689], [-70.7080510552464, 43.07153460769045], [-70.70806643473927, 43.0715265130831], [-70.70809474558584, 43.07152752040221], [-70.70810363850711, 43.07153167762701], [-70.70811458043013, 43.07153937925678], [-70.70811024213235, 43.07155874901621], [-70.70809595662367, 43.07157111729335], [-70.70806378599192, 43.07157159759962], [-70.70803643014047, 43.0715698610156], [-70.70801106372983, 43.071569524723124], [-70.70800252814526, 43.07157823214808], [-70.7079949475743, 43.07158621031529], [-70.70798577958072, 43.07159630456166], [-70.70797980627827, 43.07160288135141], [-70.70795563308853, 43.07161039222785], [-70.70795391892432, 43.071610969319735], [-70.70793575543942, 43.07161708425075], [-70.7079334096296, 43.07161787399232], [-70.70791496653324, 43.0716210093201], [-70.70790322840944, 43.07161975455322], [-70.70790406432158, 43.071614737077596], [-70.7079039912533, 43.07161210635927]]]}, "properties": {"Hectares": 0.02108401912, "Acres": 0.05209953749, "Year": "2025", "Name": "Eelgrass", "Confidence": "H", "Notes": "UAV Imagery Used", "Type": 1, "LABEL": "Portsmouth Harbor", "ID": 68}}, {"type": "Feature", "geometry": {"type": "Polygon", "coordinates": [[[-70.71162583001998, 43.07969206230123], [-70.71157993744849, 43.07967099024272], [-70.7115210136224, 43.07966145777987], [-70.71146211478697, 43.07964755867101], [-70.71142989444691, 43.07961253970575], [-70.7114289383736, 43.07957819822963], [-70.71144528754998, 43.07960429308286], [-70.71147983438112, 43.07961064742436], [-70.71149602420711, 43.07957490425296], [-70.71146874369676, 43.079548972938746], [-70.71148697318189, 43.079530377144664], [-70.7115169307364, 43.07954023570859], [-70.71155517445757, 43.07956714818804], [-70.7115680396455, 43.07955072989044], [-70.71157104551199, 43.07951995784863], [-70.71158905185348, 43.07949334902832], [-70.71154577280788, 43.079510029211065], [-70.71151852417727, 43.0794852426241], [-70.71152276283402, 43.079469146515585], [-70.71155138184719, 43.079487041444125], [-70.71157305323584, 43.07947984606957], [-70.71160552843686, 43.079467908284464], [-70.71164004333298, 43.07947311786299], [-70.7116759286086, 43.07947143577214], [-70.71169597461369, 43.0794619743076], [-70.71170279459281, 43.07942637129623], [-70.7117084673147, 43.07940567295388], [-70.71174432067365, 43.07940284612652], [-70.71178814147292, 43.07940562603738], [-70.71182743681703, 43.07941419960901], [-70.71184898063945, 43.07940242532045], [-70.71188939131822, 43.079394949485035], [-70.7119070153502, 43.07941071846262], [-70.71194029665338, 43.079391132153695], [-70.7119684069321, 43.07940884359316], [-70.7119656557749, 43.07944076117107], [-70.7119460561196, 43.079466248700385], [-70.711918265834, 43.07947811647811], [-70.71188104209013, 43.07948783502143], [-70.7118217550166, 43.07949583615108], [-70.71178591353271, 43.07948559735274], [-70.71178179996431, 43.079514514222545], [-70.71179890788484, 43.07953900658379], [-70.71182345390332, 43.07955168231981], [-70.71180226066065, 43.079576048476376], [-70.71179005460137, 43.07958653784579], [-70.71184047264971, 43.07960181614208], [-70.71181774965467, 43.07962735038383], [-70.71179846833469, 43.07960817061296], [-70.71176879758279, 43.07960861456517], [-70.71178180054207, 43.07962674308931], [-70.71175391452628, 43.07963517668157], [-70.71172526351081, 43.07961613709068], [-70.71168426826982, 43.0796098312885], [-70.71170528120943, 43.079627887992366], [-70.71170878693978, 43.07964157785096], [-70.71167618417402, 43.07964893680347], [-70.71171385429159, 43.07965524434443], [-70.71171592590359, 43.07967353643044], [-70.71175225754608, 43.07968788033308], [-70.71172583749517, 43.07969285640642], [-70.71168800798321, 43.07968082529138], [-70.71166493428598, 43.07969376763124], [-70.71162583001998, 43.07969206230123]]]}, "properties": {"Hectares": 0.06915293935, "Acres": 0.17087995106, "Year": "2025", "Name": "Eelgrass", "Confidence": "H", "Notes": "UAV Imagery Used", "Type": 1, "LABEL": "Portsmouth Harbor", "ID": 69}}, {"type": "Feature", "geometry": {"type": "Polygon", "coordinates": [[[-70.71090687346113, 43.08029831665874], [-70.71087978402188, 43.08027925350468], [-70.71088561639037, 43.080264278780334], [-70.71091114418829, 43.08028336528738], [-70.71092816288558, 43.08027738480872], [-70.71094671135465, 43.080270236256766], [-70.71097768918294, 43.08026061142903], [-70.7109967155679, 43.08027063360914], [-70.71101743104401, 43.08028521129412], [-70.7110271194859, 43.08029651831902], [-70.7109788043345, 43.08030067648908], [-70.71095082231649, 43.08030567574371], [-70.71090687346113, 43.08029831665874]]]}, "properties": {"Hectares": 0.00337366236, "Acres": 0.00833646789, "Year": "2025", "Name": "Eelgrass", "Confidence": "H", "Notes": "UAV Imagery Used", "Type": 1, "LABEL": "Portsmouth Harbor", "ID": 70}}, {"type": "Feature", "geometry": {"type": "Polygon", "coordinates": [[[-70.71057344058434, 43.08083581715482], [-70.71054064591927, 43.08083630749698], [-70.71050166835715, 43.08083918065958], [-70.71048327892889, 43.080852052723394], [-70.71043011908434, 43.08085055713444], [-70.71038119828133, 43.080832965451435], [-70.71033627513953, 43.08081711529239], [-70.71031223084837, 43.08082483498158], [-70.7102782887244, 43.080815746537226], [-70.710259581673, 43.08078554032829], [-70.7102225427003, 43.080785280973366], [-70.71018220096286, 43.08075577689577], [-70.71015954170834, 43.08072748580742], [-70.71018851238536, 43.08070185850271], [-70.7101679243448, 43.080691859533204], [-70.71019858403817, 43.080670787747465], [-70.71023555399147, 43.08065191200577], [-70.7102520314366, 43.0806264714469], [-70.71022924480845, 43.080593601505946], [-70.71021888766165, 43.08055825536799], [-70.71018736815938, 43.08054841981526], [-70.7101545417949, 43.08054776532923], [-70.71014287782606, 43.080521600258955], [-70.71020177439874, 43.08050468714507], [-70.71026309248703, 43.080518657998255], [-70.71030621335174, 43.08049625470366], [-70.71031344725056, 43.080531647525895], [-70.71034828115023, 43.0805483046483], [-70.71037046266449, 43.08055942495515], [-70.71037272598862, 43.08052847092065], [-70.71040606290028, 43.08049132635882], [-70.71044338305062, 43.080485042431526], [-70.71047409105655, 43.080508772517256], [-70.71054483135806, 43.08053007121899], [-70.71057102278522, 43.08052436095719], [-70.71052646860045, 43.08049525212015], [-70.71057915032411, 43.080479576926635], [-70.71055033999264, 43.0804548134636], [-70.71052538558926, 43.08045633176821], [-70.71048991378007, 43.080472894819565], [-70.71043512891902, 43.08046913314325], [-70.71037884612346, 43.080467684220345], [-70.71033792494651, 43.08045684407455], [-70.71029738597144, 43.080459740510264], [-70.71026070386047, 43.0804328042689], [-70.71023339162187, 43.08040572794496], [-70.71023896937731, 43.08038159551954], [-70.7102240228915, 43.08034975356497], [-70.71022963249379, 43.08032676585623], [-70.71028884734294, 43.08032129986484], [-70.7103327961484, 43.08032865918826], [-70.71034136873064, 43.08035601564879], [-70.71031440580563, 43.080397645672875], [-70.71033518486692, 43.08041451291591], [-70.71036903134595, 43.08039568382653], [-70.71042201745877, 43.08039106227397], [-70.7104354174143, 43.08036720669694], [-70.71047468968781, 43.08032869387085], [-70.7104463816461, 43.080312073530806], [-70.71040883864417, 43.08031034444313], [-70.71036686553258, 43.08031784311464], [-70.71037043568911, 43.08027770800126], [-70.71035131385136, 43.080264251566156], [-70.71036967128592, 43.0802502348084], [-70.71039727112327, 43.08023149909925], [-70.71039953442707, 43.080200545062944], [-70.71040291345412, 43.080153541649985], [-70.71042076122946, 43.08012120942264], [-70.71046601672391, 43.08011938761896], [-70.71051433177479, 43.08011522966723], [-70.7105552846049, 43.080127214470245], [-70.71052456159636, 43.080145996914176], [-70.71047175273351, 43.08015709321341], [-70.71045173816138, 43.08016769918585], [-70.7104557851263, 43.08020084926355], [-70.71043296577987, 43.080222949092324], [-70.71040727795202, 43.08025425334231], [-70.71042050361488, 43.080280395038166], [-70.71044485277113, 43.08025712714749], [-70.71048848302387, 43.08025303924848], [-70.71051608282534, 43.08023430351125], [-70.7105580558602, 43.08022680478616], [-70.71052921380578, 43.080200896598306], [-70.71051299225817, 43.08017938047798], [-70.71053928521141, 43.080169825814785], [-70.71059228519684, 43.080165597781956], [-70.7106346404342, 43.08017183562455], [-70.71064608155334, 43.080189987630234], [-70.71065322003943, 43.08022194628147], [-70.71066319510498, 43.0802435557844], [-70.71064952264864, 43.08025750253603], [-70.71067052474152, 43.08028238273112], [-70.71070835443908, 43.08029441417857], [-70.71072948464685, 43.080267758783584], [-70.71077311488472, 43.08026367077629], [-70.71077247712009, 43.080296890896264], [-70.71078318497175, 43.08034482885814], [-70.71082136517407, 43.08036945214401], [-70.71084322811474, 43.08036912519846], [-70.71081945365832, 43.080300769178905], [-70.71085403268376, 43.080308268419095], [-70.71091394837605, 43.08032798585845], [-70.71096570544177, 43.080335228165346], [-70.71098036555053, 43.08035676757267], [-70.71102210689445, 43.080375041011855], [-70.71104939452115, 43.0804081170187], [-70.71106048669627, 43.08042886160218], [-70.71105993547648, 43.080452538533905], [-70.7110806920993, 43.08048123825564], [-70.7110623347632, 43.080495255125285], [-70.71100455402154, 43.080496119299276], [-70.71095286053819, 43.08049116644456], [-70.7109585331649, 43.08052658257465], [-70.71096688302363, 43.08054592597041], [-70.71092822427825, 43.08056024643465], [-70.71089597139101, 43.08058019704938], [-70.71087841098837, 43.08056671735238], [-70.710889948333, 43.08053218903998], [-70.71090945317647, 43.08050326753482], [-70.71090133349229, 43.08049347502927], [-70.71084893145044, 43.080517914931264], [-70.7108315890901, 43.08053249022282], [-70.71079016248694, 43.08053940723976], [-70.71076890478463, 43.08056148378162], [-70.71076179743766, 43.08058678429728], [-70.71072629376317, 43.08060220270567], [-70.71070943424053, 43.080613906736346], [-70.71070242243377, 43.08064264139695], [-70.71072788662256, 43.08065943850973], [-70.71078273538355, 43.08066548947456], [-70.71079395421471, 43.080619514010664], [-70.71079905388864, 43.080578210821535], [-70.7107877400819, 43.08056463769852], [-70.71080453585894, 43.08055064422462], [-70.71085285122047, 43.08054648612479], [-70.7108678936598, 43.0805817621378], [-70.71088845472195, 43.08060318022296], [-70.710861327966, 43.08062652283098], [-70.7108493445563, 43.08064502511647], [-70.71085785369654, 43.080670092100156], [-70.710841631369, 43.080704690469986], [-70.71080858190854, 43.080696023161224], [-70.7108109400262, 43.0807246177085], [-70.71079554655945, 43.08073286425071], [-70.71076778733594, 43.08074587647608], [-70.71073116792753, 43.08077734426423], [-70.71070519331822, 43.08079834613511], [-70.71067443817142, 43.08081598390612], [-70.7106435555834, 43.08082904280477], [-70.7106200352602, 43.080825958917174], [-70.71060199701898, 43.08079530843676], [-70.71059192555283, 43.08082637922369], [-70.71057344058434, 43.08083581715482]]]}, "properties": {"Hectares": 0.31987021354, "Acres": 0.79041334969, "Year": "2025", "Name": "Eelgrass", "Confidence": "H", "Notes": "UAV Imagery Used", "Type": 1, "LABEL": "Portsmouth Harbor", "ID": 71}}, {"type": "Feature", "geometry": {"type": "Polygon", "coordinates": [[[-70.70998110645913, 43.08043469333565], [-70.71003726184479, 43.08043156358878], [-70.71004408160482, 43.08045207511641], [-70.71003834454606, 43.080470483950805], [-70.71006074888999, 43.080489617334926], [-70.71007977520236, 43.08049963966853], [-70.71006173607425, 43.08052510354657], [-70.71004149840103, 43.08052769643424], [-70.71002269499351, 43.08052568711006], [-70.7100141225263, 43.08049833062442], [-70.71000905547454, 43.0804846640523], [-70.70998547162493, 43.08047929059816], [-70.70995828685489, 43.08045679307324], [-70.70998110645913, 43.08043469333565]]]}, "properties": {"Hectares": 0.00519560607, "Acres": 0.01283857084, "Year": "2025", "Name": "Eelgrass", "Confidence": "H", "Notes": "UAV Imagery Used", "Type": 1, "LABEL": "Portsmouth Harbor", "ID": 72}}, {"type": "Feature", "geometry": {"type": "Polygon", "coordinates": [[[-70.71007741495762, 43.08058327400124], [-70.71008904829326, 43.08055217991135], [-70.71010440996788, 43.080542788746655], [-70.71014230341487, 43.080557109812794], [-70.71013172221343, 43.08056986510071], [-70.71010514241478, 43.080569117225394], [-70.71009465673959, 43.080585306659394], [-70.71007741495762, 43.08058327400124]]]}, "properties": {"Hectares": 0.00124105561, "Acres": 0.00306670293, "Year": "2025", "Name": "Eelgrass", "Confidence": "H", "Notes": "UAV Imagery Used", "Type": 1, "LABEL": "Portsmouth Harbor", "ID": 73}}, {"type": "Feature", "geometry": {"type": "MultiPolygon", "coordinates": [[[[-70.71040492732847, 43.08093338762359], [-70.71039687005987, 43.0809582442404], [-70.71039108210284, 43.080974821544], [-70.71036915485595, 43.080995304751255], [-70.71035077172365, 43.081008405738], [-70.71031788161436, 43.08099423898212], [-70.71032611727989, 43.08097579278136], [-70.71029376226522, 43.08098085725126], [-70.7102635491843, 43.0809730635365], [-70.71029577679954, 43.08096342021003], [-70.71029406884355, 43.08094695497264], [-70.71027986766204, 43.08093067650345], [-70.71025926700221, 43.08090899677695], [-70.71026388125854, 43.08094007703064], [-70.71023361724404, 43.08093045176138], [-70.7102278292451, 43.08094702905753], [-70.71021285776675, 43.08098529174124], [-70.7102207714014, 43.08100663556009], [-70.71026352286049, 43.08101703931849], [-70.71027683227962, 43.08100126573353], [-70.71026515521635, 43.08098586568231], [-70.71029162033196, 43.080993715427304], [-70.7102870561881, 43.081009358276205], [-70.71028983511198, 43.08101939442554], [-70.71032269974863, 43.08103264541632], [-70.71034513663233, 43.081030477677324], [-70.71037825609567, 43.08105288638152], [-70.71039952010311, 43.08105348462848], [-70.71042284957397, 43.08103847737479], [-70.71045938577704, 43.081048924971626], [-70.71047845017749, 43.08106001554768], [-70.71048166976621, 43.08104126256824], [-70.71049436687512, 43.0810484019608], [-70.71050456533688, 43.0810555787104], [-70.71052373907864, 43.08102597510775], [-70.71053082729448, 43.08101121066439], [-70.71050606317202, 43.08100013473718], [-70.71049648395879, 43.080989736456864], [-70.71046263583942, 43.080973956383275], [-70.71047707071827, 43.08094467727818], [-70.71043672099138, 43.08095306767098], [-70.71041951076509, 43.080963402670996], [-70.71043259079762, 43.08093938711207], [-70.71040492732847, 43.08093338762359], [-70.71041678351995, 43.08091030651739], [-70.71044016389668, 43.080897130806655], [-70.71048321110636, 43.0808773270616], [-70.71046940863926, 43.08087012510314], [-70.7104967408126, 43.08086421952833], [-70.71052190561608, 43.08087025635385], [-70.71054153799165, 43.08085713666107], [-70.71057344058434, 43.08083581715482], [-70.71058625870828, 43.080847306457734], [-70.71059750259516, 43.08084713833645], [-70.71062108678316, 43.080841288772774], [-70.71066361465371, 43.080842485174976], [-70.71069022876084, 43.080823001317896], [-70.71071157358601, 43.080814283423365], [-70.71073304140013, 43.08082220779237], [-70.71073334511844, 43.080838006048836], [-70.71073701568524, 43.0808603075356], [-70.71075820572116, 43.0808731361158], [-70.71073699274703, 43.08087436948009], [-70.71071848230113, 43.08088289166011], [-70.7106736782152, 43.08088584664754], [-70.71068039046908, 43.08090636510235], [-70.71067702478214, 43.080920157738355], [-70.71065690820215, 43.08091587776993], [-70.71063939220771, 43.08091522352802], [-70.71061728667505, 43.08092929637122], [-70.71063357883557, 43.08093088506992], [-70.71065614309407, 43.08093329613495], [-70.71068138439668, 43.08094208024314], [-70.71066182848041, 43.08095794727823], [-70.71064311412054, 43.08095914326371], [-70.71065231811033, 43.08097549640943], [-70.71067998162079, 43.080981495837335], [-70.71068036390135, 43.08099523242979], [-70.71064535735204, 43.0809948397241], [-70.71062615877378, 43.08097863602282], [-70.71062200246867, 43.081008931249244], [-70.71061251756407, 43.081027396150205], [-70.71060657675375, 43.08103847882647], [-70.71060971251224, 43.08106133578707], [-70.71062829948069, 43.08105556094232], [-70.71063806471726, 43.081047169541414], [-70.71065897193225, 43.08103494692046], [-70.71067735500503, 43.08102184588525], [-70.71070713490045, 43.08101407135148], [-70.7107191439078, 43.08099648485289], [-70.71073571643663, 43.08100814703754], [-70.71076615897094, 43.08102418258128], [-70.71075414997206, 43.08104176908468], [-70.71075203362017, 43.081055543040385], [-70.71072620557506, 43.08107058772339], [-70.71069305996355, 43.08109215489857], [-70.71067161754425, 43.081085146296694], [-70.71064380107812, 43.081073652230714], [-70.71062531604434, 43.0810830901694], [-70.71060144116417, 43.08109573532012], [-70.71054064222241, 43.08109443391972], [-70.71054612371162, 43.081111758885534], [-70.71053123373058, 43.08111564613291], [-70.7105257012788, 43.0810964896205], [-70.7104821787327, 43.081104469578136], [-70.71042718290312, 43.08110437566956], [-70.71037715889638, 43.0811032912501], [-70.71035191756822, 43.08109450707543], [-70.71031137857808, 43.08107495774616], [-70.7102759643114, 43.08105991256009], [-70.71024322706417, 43.08105124042118], [-70.7101979710978, 43.081041839259505], [-70.71013155305451, 43.081035502878855], [-70.71011250745757, 43.08102479372795], [-70.71009427808848, 43.0809984977561], [-70.71008747098364, 43.08097844412126], [-70.71008805791743, 43.080954615345554], [-70.71009325999363, 43.080916975274064], [-70.71007265940334, 43.08089529551271], [-70.71002888217863, 43.080894117565244], [-70.71001162094733, 43.0809026209586], [-70.70996435049736, 43.08091065673974], [-70.70993551418358, 43.08090742312952], [-70.7099011456357, 43.08088503296507], [-70.70985211640216, 43.0808747719078], [-70.70980729364997, 43.080880938733294], [-70.70976621885463, 43.080887049528066], [-70.70971509853067, 43.08089147812672], [-70.70968705309046, 43.08087174186322], [-70.70967354106129, 43.08083529763194], [-70.70964952379111, 43.080825578854814], [-70.70961280956624, 43.080808720580684], [-70.70958356581419, 43.080790834506544], [-70.70958634595704, 43.080755979110435], [-70.7095818084656, 43.08072764614248], [-70.70960972778813, 43.08069791200184], [-70.70963792724909, 43.080678251361775], [-70.70967767619153, 43.08066941196511], [-70.70972749607512, 43.080663170510114], [-70.70977769802242, 43.08067066563328], [-70.70985898008948, 43.08067219929669], [-70.70988526670713, 43.0806736387265], [-70.70991053327074, 43.0806833387821], [-70.70990869694896, 43.080707186231784], [-70.7099307505278, 43.080736173538405], [-70.70997047292306, 43.08077130982744], [-70.70994974397532, 43.08078994273639], [-70.70994788219254, 43.08081287441292], [-70.7100056311605, 43.08082208894082], [-70.71001901703221, 43.08080906270445], [-70.7099922463302, 43.0807902236159], [-70.70999420999577, 43.08077095503167], [-70.71000491889477, 43.08075155573181], [-70.71000553133634, 43.080728642728275], [-70.70996947941434, 43.08073559467237], [-70.70995803282364, 43.08068354498485], [-70.70993210393024, 43.08065003483562], [-70.70992646981553, 43.08062721519581], [-70.70990951543818, 43.08060181628983], [-70.70993192670835, 43.080598732860935], [-70.70996904848141, 43.08063024340559], [-70.70997682460234, 43.08064020487112], [-70.70997414871155, 43.08058894024373], [-70.71001552898696, 43.08059381865634], [-70.7100746289772, 43.08060667757215], [-70.71012885910979, 43.080624190022796], [-70.71013831768096, 43.08064970094551], [-70.71016585361049, 43.08065112163573], [-70.71017273805269, 43.08062903102784], [-70.7101972403053, 43.08061125782598], [-70.71018668526652, 43.0805912602228], [-70.71022074800972, 43.08060266102625], [-70.71021006468197, 43.08062297611824], [-70.7101904068293, 43.08063517998149], [-70.71017735223981, 43.08066011128761], [-70.71014282994423, 43.08067711811426], [-70.71013240134789, 43.080706590930816], [-70.71009385081764, 43.08071358026381], [-70.71006774251154, 43.0807185512945], [-70.71006878702887, 43.08075609799418], [-70.71006317733206, 43.08077908569506], [-70.71005876599965, 43.08080022317503], [-70.71007457307948, 43.08082930382306], [-70.71008892801783, 43.08080618539972], [-70.71009180977974, 43.08077499308889], [-70.71010035120473, 43.080767536180794], [-70.71013278255639, 43.08076521908644], [-70.71013064059545, 43.080778077260405], [-70.71012011007018, 43.08080388698323], [-70.71013311281327, 43.08082201569518], [-70.71011223103844, 43.080835153994165], [-70.7101129443886, 43.08086079564165], [-70.71012819101509, 43.080869729272784], [-70.71015616108625, 43.08084182654904], [-70.71014848775229, 43.08079063663154], [-70.71014550504519, 43.08077327429278], [-70.71014887084495, 43.080759481670235], [-70.71017176623313, 43.080773797882756], [-70.7101881347764, 43.080778133965204], [-70.71020593098845, 43.08078886178097], [-70.71018747144728, 43.08079921542216], [-70.71018158153592, 43.08081212962394], [-70.71019613935567, 43.08084122892974], [-70.71019052969993, 43.08086421663584], [-70.71021064623307, 43.08086849668725], [-70.71022270631386, 43.08085274178448], [-70.71023744338066, 43.08084335993944], [-70.71025613223644, 43.08084124824769], [-70.71025070181275, 43.08082575481145], [-70.71027971645697, 43.080835398753905], [-70.71027015503631, 43.08085111630919], [-70.71023787651782, 43.08085892808155], [-70.71028050631486, 43.08086378771831], [-70.7102821633055, 43.08087842141015], [-70.71031191770548, 43.08086973120647], [-70.71032673120226, 43.08086309666921], [-70.71030159189915, 43.080857975573345], [-70.71032017883722, 43.08085220077903], [-70.71032726708364, 43.080837436347366], [-70.71034230989284, 43.08083904376538], [-70.71036405795624, 43.08085704170742], [-70.71038349710352, 43.08087006460757], [-70.71040163951346, 43.08086014446345], [-70.71042037933059, 43.08085986429083], [-70.71043325476558, 43.0808734141019], [-70.7104272884551, 43.08088358099652], [-70.71039766147112, 43.08089685009497], [-70.71037547944577, 43.08090817557335], [-70.71038175422417, 43.0809170390512], [-70.71040492732847, 43.08093338762359]]], [[[-70.71046263583942, 43.080973956383275], [-70.71046395057733, 43.080988390564315], [-70.71046568406246, 43.081005771571256], [-70.71043909151169, 43.08099334300222], [-70.71042290126486, 43.08099541736785], [-70.71043355838032, 43.0810190780372], [-70.71040229978969, 43.08101862922183], [-70.71039681834995, 43.08100130424793], [-70.71041509954443, 43.08098454016218], [-70.71046263583942, 43.080973956383275]]]]}, "properties": {"Hectares": 0.20697566281, "Acres": 0.51144595534, "Year": "2025", "Name": "Eelgrass", "Confidence": "H", "Notes": "UAV Imagery Used", "Type": 1, "LABEL": "Portsmouth Harbor", "ID": 74}}, {"type": "Feature", "geometry": {"type": "Polygon", "coordinates": [[[-70.70610940288286, 43.08168272405336], [-70.7061070640133, 43.08173588065298], [-70.70613834122818, 43.081763373009984], [-70.70610940288286, 43.08168272405336], [-70.70607742761298, 43.08163007917765], [-70.70607683011654, 43.08156870379687], [-70.7061363361233, 43.081553711911525], [-70.70618481491125, 43.08151384660187], [-70.70624574012679, 43.0815101420842], [-70.70627335976134, 43.081543280715444], [-70.70632161775814, 43.08146613527717], [-70.70625165881926, 43.08144854444929], [-70.70629702297636, 43.081433888465185], [-70.70636238141418, 43.08145248480594], [-70.7063788733909, 43.081496972903686], [-70.70649286564687, 43.08148129320499], [-70.7064186404755, 43.0814180951121], [-70.70635320447896, 43.08139670408006], [-70.70634021489852, 43.08134098021884], [-70.70646136669603, 43.08130841848561], [-70.70656003035124, 43.08129017148244], [-70.70661426109189, 43.08132011719154], [-70.70658927944419, 43.0813819992141], [-70.70661728715997, 43.081429111373915], [-70.70663416727626, 43.081487573044775], [-70.70667883301437, 43.08144776440772], [-70.70666140690732, 43.08135982403921], [-70.70661426109189, 43.08132011719154], [-70.70666554332793, 43.081243863415445], [-70.706773915737, 43.081174408633665], [-70.70677285124681, 43.081124835588014], [-70.70672204527632, 43.081080859459966], [-70.70677745021999, 43.081015727648186], [-70.70686879843124, 43.081008773037894], [-70.70691882839971, 43.08102480187703], [-70.70697041052857, 43.081096725139076], [-70.70705016567283, 43.08108435159803], [-70.70713739569113, 43.08100024732577], [-70.70718011554969, 43.080956597897995], [-70.70709569422658, 43.080938286474165], [-70.70713312207182, 43.08091256506007], [-70.70727745886438, 43.08089084001502], [-70.70735892140145, 43.08093995014403], [-70.7074357951516, 43.08096116989857], [-70.70759538248298, 43.080939216842474], [-70.70764587839673, 43.08097201368974], [-70.70768158963804, 43.08102180648393], [-70.707571799384, 43.081051404049], [-70.70762314938119, 43.081114942838894], [-70.70753716446784, 43.08121176582593], [-70.70748650637553, 43.081276347494516], [-70.70732684050527, 43.08129550569144], [-70.70724397106949, 43.08133308882067], [-70.70715596939556, 43.08132321851322], [-70.70706392225239, 43.081305020861926], [-70.70697280645156, 43.08132035980122], [-70.70695864230514, 43.081359713459015], [-70.7070333516264, 43.08142344102077], [-70.70712079213403, 43.0814299868718], [-70.7071197055308, 43.081390860765566], [-70.70717666265378, 43.08138162320337], [-70.70725766005069, 43.08141396506046], [-70.70724769683895, 43.08146723546201], [-70.70727589073896, 43.08150988044464], [-70.70730356728973, 43.081418871733064], [-70.70742969477952, 43.08141752644408], [-70.70745452134265, 43.08136070127072], [-70.70756431220455, 43.08133110380944], [-70.70754750888914, 43.081275437010014], [-70.70761855190862, 43.08122405078537], [-70.70770235264648, 43.08122000404414], [-70.70780825283583, 43.081187668544516], [-70.70782101076749, 43.08123500805548], [-70.70789018208028, 43.081253546604145], [-70.70791048775561, 43.08129797754672], [-70.70791227371153, 43.081362256124216], [-70.7078763989099, 43.08144387220584], [-70.7077560826409, 43.08150680697942], [-70.70772848131902, 43.081474039098715], [-70.70767129128333, 43.0814748927725], [-70.70757101983847, 43.081455491014694], [-70.70749348698753, 43.08150253941786], [-70.70739467420603, 43.081540530781616], [-70.70733001399944, 43.0815470875315], [-70.70724302107234, 43.081573548677206], [-70.70722099883072, 43.081604631991745], [-70.70716614661187, 43.0815523288073], [-70.70711401099608, 43.081597840858045], [-70.70704989397747, 43.08162396050389], [-70.70701262089331, 43.0816552713395], [-70.70699098655277, 43.08170032822137], [-70.7069966618708, 43.08176734465862], [-70.70697180380441, 43.08182143609282], [-70.70687052640149, 43.081794292148], [-70.70686523546549, 43.081841998450386], [-70.70678633290775, 43.08188511382187], [-70.70657710013984, 43.081905010451216], [-70.70638350593501, 43.081938652841785], [-70.70621590225433, 43.081946744366164], [-70.70606798257758, 43.0819769091438], [-70.70596604790758, 43.08201477565903], [-70.70589904797238, 43.082074488207546], [-70.70581633170966, 43.08211765977713], [-70.70575254640526, 43.08215892046122], [-70.70565251793147, 43.082176786135044], [-70.70560117839794, 43.0821991522568], [-70.70542174801407, 43.08219343953858], [-70.70529492037146, 43.08215898365787], [-70.70521866604382, 43.082160120276], [-70.70514241171176, 43.082161256843364], [-70.70508040043336, 43.082125834642405], [-70.70515564687132, 43.08208836670004], [-70.7051578315141, 43.082029620659874], [-70.70523517110982, 43.08206761022534], [-70.70531150285615, 43.08206926832228], [-70.7053407194983, 43.08200950421317], [-70.70542580663209, 43.08206476856213], [-70.70547490661444, 43.08204726133396], [-70.70553063315485, 43.082010766710326], [-70.70555497350071, 43.08204606770676], [-70.70566188444131, 43.08205006556414], [-70.70567254706336, 43.08202194779397], [-70.70557668656227, 43.08200380580288], [-70.7056188061104, 43.081932770833916], [-70.70554669582604, 43.08193353456303], [-70.70549857142142, 43.0819378692305], [-70.70544184612588, 43.08195549014148], [-70.70536504930304, 43.0819370637841], [-70.70542123183438, 43.08189987984236], [-70.70559684866026, 43.08190564941839], [-70.70568353275979, 43.081885679945096], [-70.70571955302321, 43.081928982923316], [-70.70576553809948, 43.081936684931975], [-70.70579907685428, 43.081908226062744], [-70.70572539471861, 43.081864590586626], [-70.70567482150427, 43.081828998167715], [-70.70558378209475, 43.081847130742226], [-70.70554106699511, 43.08181980875111], [-70.70567747094869, 43.08178702046644], [-70.70576936333491, 43.08179962977945], [-70.70571085456282, 43.08175297217557], [-70.70578571238056, 43.08170153021213], [-70.70576447744423, 43.081623562186536], [-70.70584369063917, 43.08159162640615], [-70.70595515480706, 43.08161145399508], [-70.70603595350623, 43.08164747294461], [-70.70610940288286, 43.08168272405336]]]}, "properties": {"Hectares": 1.0689113558, "Acres": 2.64132691795, "Year": "2025", "Name": "Eelgrass", "Confidence": "H", "Notes": "UAV Imagery Used", "Type": 1, "LABEL": "Portsmouth Harbor", "ID": 75}}, {"type": "Feature", "geometry": {"type": "Polygon", "coordinates": [[[-70.70452439104704, 43.08202541628364], [-70.70454201757862, 43.08204483665613], [-70.70454744344342, 43.0820644388092], [-70.70458464068514, 43.08208535694432], [-70.70461168059114, 43.08209211150631], [-70.70463528832245, 43.08206312993821], [-70.70458584080367, 43.082040604983064], [-70.70452439104704, 43.08202541628364], [-70.70449187573735, 43.08199727092007], [-70.70445965803869, 43.08197985729244], [-70.7045450626687, 43.08197858484739], [-70.70462657906403, 43.08201315753791], [-70.70468309896029, 43.08202663027715], [-70.70472687255626, 43.08202060992642], [-70.704756352582, 43.08202732809406], [-70.70481053159784, 43.082044414378565], [-70.70487661366373, 43.082050587076075], [-70.70495489641561, 43.08205657790951], [-70.70497750258559, 43.0820795027292], [-70.70502122657324, 43.082071693641886], [-70.70505728284361, 43.08205147327468], [-70.70508656445666, 43.08205103686147], [-70.70506036796645, 43.08207468901549], [-70.70502007638545, 43.08211823422583], [-70.70495010618878, 43.08214790681911], [-70.70485494078727, 43.08214932502368], [-70.70483009292968, 43.082133591038016], [-70.70485370057183, 43.08210460942657], [-70.70479493885956, 43.08209832763135], [-70.70472666463668, 43.08210113436791], [-70.70467273360867, 43.08209299116464], [-70.70459066177848, 43.08212642258461], [-70.70455450610689, 43.082143065559514], [-70.70452428206032, 43.08210951797765], [-70.70449739095014, 43.082108129267674], [-70.70445655337487, 43.082131999419964], [-70.70447264239347, 43.082095972450894], [-70.70447399138585, 43.08205658636227], [-70.70445870581273, 43.08203355237582], [-70.70452439104704, 43.08202541628364]]]}, "properties": {"Hectares": 0.04351729513, "Acres": 0.107533148, "Year": "2025", "Name": "Eelgrass", "Confidence": "H", "Notes": "UAV Imagery Used", "Type": 1, "LABEL": "Portsmouth Harbor", "ID": 76}}, {"type": "Feature", "geometry": {"type": "Polygon", "coordinates": [[[-70.70436571270109, 43.082201348585386], [-70.70431761425735, 43.082139437426385], [-70.70426681766392, 43.08215629842136], [-70.70421119035132, 43.08217502071771], [-70.70416273466199, 43.08218826806875], [-70.70413758943371, 43.08216180218284], [-70.70410387375506, 43.08217840866971], [-70.70404809761467, 43.08219176501412], [-70.70400860909622, 43.082176248922046], [-70.70398804671701, 43.08213897856348], [-70.70405198618975, 43.082155919829596], [-70.70410532215773, 43.082142599831016], [-70.70415402576576, 43.08213829562726], [-70.70416289372871, 43.08210595499233], [-70.7041881381226, 43.08213599812217], [-70.70424685022793, 43.082140491605024], [-70.70426582583326, 43.082120525932766], [-70.70431208927246, 43.08211625801272], [-70.70434151970878, 43.082121187662786], [-70.70437926246066, 43.082161780732804], [-70.70442158796844, 43.082191569335755], [-70.70442980112597, 43.08222365551012], [-70.70443034668705, 43.08224333037685], [-70.70436571270109, 43.082201348585386]]]}, "properties": {"Hectares": 0.01491068478, "Acres": 0.03684495712, "Year": "2025", "Name": "Eelgrass", "Confidence": "H", "Notes": "UAV Imagery Used", "Type": 1, "LABEL": "Portsmouth Harbor", "ID": 77}}, {"type": "Feature", "geometry": {"type": "Polygon", "coordinates": [[[-70.6965637125494, 43.06740762225006], [-70.69668259295634, 43.0674325229579], [-70.69679619405431, 43.067430838180954], [-70.69676819444851, 43.06740458978425], [-70.69668965894522, 43.067359093104656], [-70.69662847250986, 43.06728334247347], [-70.69655195918888, 43.06731114077473], [-70.69663939878676, 43.06734983958948], [-70.6965637125494, 43.06740762225006], [-70.69643138391118, 43.06738958674358], [-70.69637777437835, 43.0674237112248], [-70.69630052562499, 43.06742485660277], [-70.69626678760912, 43.06735536471746], [-70.69624222962932, 43.067289069673386], [-70.6961804006124, 43.06718999762422], [-70.69625885849784, 43.06720639770793], [-70.69626857493262, 43.06725534949191], [-70.69631465850154, 43.067277996926684], [-70.69641880367543, 43.06726312089701], [-70.69634444505904, 43.067204230213704], [-70.69630708202007, 43.067168121662604], [-70.69637794850802, 43.06710041176169], [-70.69631850867282, 43.06708796125792], [-70.6961804006124, 43.06718999762422], [-70.69614175131417, 43.067107246681545], [-70.6960274157613, 43.06708227803351], [-70.69585001524361, 43.06707824183693], [-70.69585616352978, 43.06697149605441], [-70.69591358202263, 43.06691065169165], [-70.69607638888614, 43.066835637976475], [-70.69612411827039, 43.06679754302797], [-70.69618162822083, 43.0667400301318], [-70.69605866474144, 43.066731854216485], [-70.6960781460444, 43.06664622124859], [-70.69618359946408, 43.06664667808644], [-70.69628402662558, 43.06666185392351], [-70.69635080805375, 43.066610869392235], [-70.69646075249852, 43.06659770952162], [-70.69647524171148, 43.06667235051944], [-70.69656658100025, 43.06668766086538], [-70.69663742175844, 43.0667354074076], [-70.69670188964335, 43.0666489917435], [-70.6967481567336, 43.0666783022003], [-70.69685958542934, 43.06668125035872], [-70.69691238376372, 43.0666991971865], [-70.69686396253299, 43.066756575648114], [-70.69681338709468, 43.06690064293886], [-70.6968489638748, 43.06703676654773], [-70.6969304803568, 43.067025558627265], [-70.69691482597743, 43.06695246574898], [-70.69688127139375, 43.06688963723539], [-70.69692877346233, 43.06679894282363], [-70.69699039951627, 43.0667240373907], [-70.6971098897787, 43.066772925609335], [-70.69724255618438, 43.06674266101918], [-70.69718809607642, 43.0666417801297], [-70.69704224397994, 43.06664283796551], [-70.69702304175732, 43.066590901190104], [-70.69702556329838, 43.06651753871541], [-70.69699747209735, 43.06648795877106], [-70.69690741992427, 43.06651929108823], [-70.69697861347112, 43.066573257241906], [-70.69687345805467, 43.066606451712474], [-70.69672359853159, 43.06661200725624], [-70.69663653040831, 43.06661187599575], [-70.6965420229887, 43.066621365879165], [-70.69645775000696, 43.0665326256594], [-70.69640074110119, 43.06644348111701], [-70.69644865946918, 43.066435751814126], [-70.69656368074757, 43.066417734284], [-70.6966054036247, 43.06644711218661], [-70.69660742555924, 43.066520407276826], [-70.69669396443237, 43.06648243247827], [-70.69684178204079, 43.06644693954188], [-70.6967995075555, 43.06639757215917], [-70.69666373998044, 43.066419583412944], [-70.69670651424697, 43.06632229328368], [-70.69665226242545, 43.066333096716434], [-70.69656923066785, 43.06638364558764], [-70.69647013630077, 43.0663224656407], [-70.6963798084053, 43.06634380275763], [-70.69628686613714, 43.066435170683846], [-70.69619681366075, 43.06646650244673], [-70.69616721101926, 43.06654693231877], [-70.69599084432555, 43.06664495630956], [-70.69601065435069, 43.06657146514822], [-70.69604342104627, 43.066508772017464], [-70.69597586104703, 43.06648138092708], [-70.69590342699696, 43.06637752895539], [-70.69594427950355, 43.06634876395518], [-70.69606053646912, 43.06630520784827], [-70.69594037231661, 43.06623366409978], [-70.69589943633129, 43.06608327823029], [-70.69642669577253, 43.06594345494508], [-70.6966406416031, 43.06607663127938], [-70.69677462190984, 43.06615463530346], [-70.69691732277602, 43.06621917799241], [-70.6971873467034, 43.06628516475442], [-70.69727598045111, 43.06636717382935], [-70.69744677369776, 43.06646129571132], [-70.69745118739033, 43.06662121220039], [-70.69751848138449, 43.0667535320589], [-70.69749425195243, 43.06686387916118], [-70.69749301834851, 43.06698388393753], [-70.69754702936726, 43.06707258948548], [-70.6976750169083, 43.067154497230185], [-70.69762343148231, 43.067261917322476], [-70.69769677972283, 43.06728415963257], [-70.69769683408606, 43.067450806692136], [-70.69775243817645, 43.06761246323375], [-70.6976704560059, 43.06773033328006], [-70.6976238185985, 43.06789350697181], [-70.69777506505244, 43.06802041470179], [-70.69775495727258, 43.068169314964024], [-70.69771564105876, 43.068337927426086], [-70.69778874640888, 43.068515989002556], [-70.69778720520922, 43.06866599492346], [-70.69772306706852, 43.06881276355632], [-70.69774900693146, 43.06892903210235], [-70.69771883469912, 43.06907113048899], [-70.69777453639267, 43.069198389416954], [-70.69773214849617, 43.069243813368026], [-70.69771605273607, 43.06929311333494], [-70.6977923154093, 43.069315445641394], [-70.6978136152197, 43.0693492590242], [-70.69776576388983, 43.069407562616554], [-70.69773465578542, 43.06944002062645], [-70.69773583308861, 43.069482664995334], [-70.69782889815957, 43.069481283925576], [-70.69788777027155, 43.06950600733777], [-70.69782425895902, 43.06952401461131], [-70.69775190501745, 43.06953788688686], [-70.69771735877134, 43.069551198084525], [-70.69768393091873, 43.06960502142274], [-70.69774814874829, 43.069612600845744], [-70.69779764853983, 43.06961399937312], [-70.69790572622489, 43.06962946018797], [-70.69791877231133, 43.06968046077673], [-70.69791727694542, 43.06973167717444], [-70.69793293699989, 43.06977197350748], [-70.6978904310977, 43.06981313308135], [-70.69783214737872, 43.069809731858975], [-70.6977748055414, 43.069840446099086], [-70.69778808704152, 43.06989997557497], [-70.69783729271701, 43.06989071299015], [-70.69789266821029, 43.06989415737017], [-70.69796114876829, 43.06995073452137], [-70.69794552401427, 43.07001709225872], [-70.69790337118972, 43.07007104514653], [-70.69787807945995, 43.0701034168721], [-70.69795493194455, 43.0701470712289], [-70.69804218138125, 43.070145776295284], [-70.69814705734014, 43.07015061894035], [-70.69820781448179, 43.07024357313755], [-70.69817747167387, 43.07030375009572], [-70.69810547018565, 43.0703304159134], [-70.69807447956954, 43.070367138451026], [-70.69809055205742, 43.07042236027764], [-70.69813382368301, 43.07040891945824], [-70.69819336758677, 43.070352575254354], [-70.69820717956834, 43.070431294625834], [-70.69815054393398, 43.0704875956687], [-70.69808435888436, 43.070514175138776], [-70.69797111056523, 43.07052225524618], [-70.69787698422596, 43.07048525653602], [-70.69781170581008, 43.07043929727839], [-70.69770718257188, 43.0704472476427], [-70.69769073331273, 43.07048375429318], [-70.69774105795047, 43.07051500388588], [-70.69780230953778, 43.070520494201254], [-70.69786688157117, 43.07054086684751], [-70.69794676068965, 43.07058874247163], [-70.69798136633577, 43.07057756341562], [-70.69802534462465, 43.07058970924813], [-70.6980837468511, 43.07059737479416], [-70.69813615577492, 43.07059872999409], [-70.6981828657949, 43.07060443594423], [-70.6982161529423, 43.07065086985976], [-70.69822308842464, 43.07069129565044], [-70.69824568445055, 43.070772017715974], [-70.69826187498124, 43.07083150394507], [-70.69823206192277, 43.07091087087196], [-70.6982946094676, 43.070963269696584], [-70.69832040849823, 43.071054609653736], [-70.69839588531678, 43.071153744500506], [-70.69841254724237, 43.07123028843664], [-70.69841490293848, 43.07131557711739], [-70.69851704923332, 43.07132685921454], [-70.69854487367792, 43.071386172676], [-70.69851667339744, 43.07141858771842], [-70.69853891672132, 43.071486516404235], [-70.69859647295479, 43.071568852437174], [-70.69866542727621, 43.07164248684116], [-70.69870012904764, 43.07174009378931], [-70.69877590187778, 43.071849889431405], [-70.69881683310241, 43.071962335478645], [-70.69886026052063, 43.072059812805115], [-70.6989412617379, 43.0721481997827], [-70.69893051178875, 43.07218035578385], [-70.69900587318791, 43.07227522573706], [-70.69907385130735, 43.07233980874454], [-70.69912049716312, 43.07244843689397], [-70.69917048411632, 43.07254634994594], [-70.69921995565534, 43.07262560608507], [-70.69921089038232, 43.07269239981321], [-70.69931816253806, 43.07275746559629], [-70.69933869736586, 43.07284248421141], [-70.69934017056035, 43.072895789596316], [-70.69939187858661, 43.07292435153271], [-70.69945196274588, 43.07299278447162], [-70.69941329753867, 43.07304135335837], [-70.69941543378052, 43.073118646160694], [-70.69948404163885, 43.073232280641136], [-70.6995738738635, 43.0733242688735], [-70.69957230107445, 43.073398950405725], [-70.699547515028, 43.07342331588289], [-70.6996067157886, 43.07345976549993], [-70.69957792578661, 43.07347085865053], [-70.69961479736575, 43.0734889754342], [-70.69963742130858, 43.073517969324556], [-70.69960239152503, 43.07356648426304], [-70.69955610571989, 43.07356316746218], [-70.69952189252682, 43.073567170565795], [-70.6995045059074, 43.073559041192894], [-70.69948970807542, 43.07354108776615], [-70.69950293488199, 43.073536697456085], [-70.69951940707034, 43.073546238355405], [-70.69954428289068, 43.07354936367388], [-70.69960323670452, 43.073543595080245], [-70.69961310221996, 43.07352108144443], [-70.6995928757712, 43.073513693244394], [-70.69955730400072, 43.07350303814862], [-70.69956345389953, 43.07348407456958], [-70.69955702105833, 43.07345830820262], [-70.69954673066275, 43.073465450781804], [-70.69953387080393, 43.07348311609641], [-70.69951435891556, 43.07350157919744], [-70.69950331534983, 43.07348147308889], [-70.69952033502028, 43.07347632746263], [-70.69952662011201, 43.073462254674716], [-70.6995240380996, 43.07343782904302], [-70.69953687864012, 43.073419465045326], [-70.69954571386684, 43.0733941708357], [-70.6995306968734, 43.073402781570984], [-70.6995246242195, 43.073424539885416], [-70.69951752803294, 43.073409267936476], [-70.69950502256054, 43.07340525987974], [-70.69949728232076, 43.0734011810344], [-70.69948965116969, 43.07343554397799], [-70.69947706844803, 43.07342874118137], [-70.69947458301387, 43.07340780896924], [-70.69947032666865, 43.073391795861006], [-70.69946891015199, 43.07337504159666], [-70.69945033995666, 43.07337238177138], [-70.69944484841237, 43.07336687157687], [-70.69945855682145, 43.0733661087676], [-70.69946739708003, 43.07335479391108], [-70.69945714553117, 43.0733426443029], [-70.69943025397707, 43.07336317413081], [-70.69943220141586, 43.073350843311445], [-70.69942583929861, 43.07334143180971], [-70.69941261525814, 43.07333212223621], [-70.69944171142104, 43.07333616344689], [-70.69942755500858, 43.073320716779335], [-70.69941330591247, 43.07330191642535], [-70.69939429136308, 43.07330387640075], [-70.69937443713599, 43.07330305296101], [-70.69936269163888, 43.073292043888905], [-70.6993753904271, 43.07328234925618], [-70.6993743808219, 43.07327341742251], [-70.69939947939746, 43.073270807901025], [-70.69940615593529, 43.073263998604226], [-70.69938557018207, 43.073264304386406], [-70.69938678608857, 43.07325310278756], [-70.69940410582039, 43.07324501704272], [-70.69937804399493, 43.0732403715737], [-70.69936866305427, 43.073232123263566], [-70.69935280639973, 43.07323795056341], [-70.69935258464069, 43.073257525048554], [-70.69934293559527, 43.07326717437912], [-70.69931832139727, 43.073259711509536], [-70.69932495160015, 43.073251225375024], [-70.69933651170959, 43.073255527082125], [-70.69933926794286, 43.07324486178133], [-70.69933282861267, 43.073232655536586], [-70.69935246654642, 43.073225653719845], [-70.6993497775978, 43.073211155061394], [-70.69932419466642, 43.073223836950405], [-70.69931409764327, 43.073217276802765], [-70.6993286820893, 43.073193015567455], [-70.69929681431563, 43.073199080679196], [-70.69930017851419, 43.073182814580065], [-70.69930610806713, 43.073176575560986], [-70.69929041141081, 43.07316059257666], [-70.69927667215046, 43.07316023747014], [-70.69925672528895, 43.07315606032429], [-70.69926699774169, 43.073141369149226], [-70.69928764524394, 43.07314329917897], [-70.6992919572433, 43.07313372912498], [-70.69926382443013, 43.073136942866995], [-70.69925671537486, 43.073128101626466], [-70.69924806600761, 43.07311872408647], [-70.69926078022635, 43.07310958841396], [-70.699244053031, 43.073111514390455], [-70.69922251953405, 43.073105124096855], [-70.69921684267561, 43.073092906520586], [-70.69921088222821, 43.07309802764009], [-70.69919784362975, 43.07309542540985], [-70.69918248684003, 43.07309173925462], [-70.69920259369808, 43.07307410613767], [-70.69920763724622, 43.07306340686766], [-70.69920715840584, 43.07304607949535], [-70.69922371567215, 43.073038005102134], [-70.69918363668333, 43.07302294341682], [-70.69919293045199, 43.073000438306934], [-70.69923078946422, 43.07299037000034], [-70.69920214698223, 43.07297513845878], [-70.69918730551451, 43.072962497819546], [-70.69919695453852, 43.072952848502], [-70.69920856092195, 43.07295882706583], [-70.69922615863479, 43.072960802403564], [-70.69923244899365, 43.07294001942936], [-70.69921013768078, 43.07293308150885], [-70.69920973051718, 43.07294594862536], [-70.69918986096108, 43.07294456620402], [-70.69917666236368, 43.07296377424745], [-70.69914982279619, 43.07295858110008], [-70.69914798901556, 43.07294742479679], [-70.69916297506296, 43.07293769621704], [-70.69918939757392, 43.072927797778725], [-70.69920830389015, 43.072921925206636], [-70.69920961250266, 43.07291407729359], [-70.69918222676964, 43.0729167207426], [-70.6991668854718, 43.072913593531844], [-70.69915286265864, 43.07293057710628], [-70.69913340028809, 43.07291632755831], [-70.69914059211723, 43.07290056379286], [-70.69913654827666, 43.0728922361973], [-70.69911849706656, 43.072901451119456], [-70.69911263490256, 43.07288252616644], [-70.69909430567527, 43.07288168002903], [-70.69909167858626, 43.072869417152546], [-70.69908591893777, 43.07288180458366], [-70.69906348410139, 43.07287039505337], [-70.699083199179, 43.07286618802167], [-70.69906740999097, 43.07284685131826], [-70.69905523217868, 43.0728201916797], [-70.69903756661272, 43.072784665326616], [-70.69905967399654, 43.07277758021242], [-70.6990245245396, 43.072771435479595], [-70.69900281393112, 43.072741564825186], [-70.69895954929407, 43.07272582518627], [-70.69890212377709, 43.07266934047405], [-70.6988767568183, 43.072627396642275], [-70.69881628731525, 43.0725955302936], [-70.6987692763973, 43.07251158730352], [-70.69879443105822, 43.072478449514755], [-70.69881031644339, 43.07244681453751], [-70.69876210880076, 43.07245435624948], [-70.69880036857131, 43.07242375422347], [-70.6987708502437, 43.07243374877947], [-70.69872454169557, 43.072442627454876], [-70.69865077884394, 43.07240140215102], [-70.69865568444702, 43.07237675610766], [-70.69862298532547, 43.07233901661611], [-70.69858064758824, 43.07228940665068], [-70.69858767093176, 43.0722740123797], [-70.69864309966887, 43.07228520298594], [-70.69870450370932, 43.07235091197167], [-70.6987421838539, 43.07236673462926], [-70.6987458670259, 43.0723382842341], [-70.6986955803673, 43.07229752948001], [-70.69866540613525, 43.07228377964704], [-70.69863939766083, 43.072259046529766], [-70.69859412128609, 43.07223787590662], [-70.69856078795263, 43.07221762009359], [-70.69855009279836, 43.07220794959794], [-70.69852396377924, 43.07217884967325], [-70.69853992175808, 43.072163322757326], [-70.69859574242906, 43.07218870542164], [-70.6986291360732, 43.07221114461431], [-70.69860413423476, 43.07216892226145], [-70.69856460326379, 43.07214002132532], [-70.69851540249063, 43.07213856750158], [-70.69847191689982, 43.07212829166874], [-70.69842271613699, 43.07212683780493], [-70.69842065410771, 43.072106117707435], [-70.69846675602668, 43.07210324900695], [-70.69843512299101, 43.0720906129123], [-70.69841649990019, 43.0720635858171], [-70.69837128405138, 43.072044598491246], [-70.6983674012592, 43.07201189185303], [-70.69831300963945, 43.071984303577096], [-70.69825922108596, 43.07197854917573], [-70.69824127314259, 43.07192202417813], [-70.69828728448041, 43.071915880466875], [-70.69831524570354, 43.07190345182891], [-70.69832354710827, 43.071880393602356], [-70.69830376670166, 43.07186539723674], [-70.69823958471537, 43.0718608892529], [-70.69819157177157, 43.07184849623064], [-70.69820850630296, 43.07181438843956], [-70.69825178057489, 43.0718170225119], [-70.6983031938219, 43.07184465503052], [-70.69832115345254, 43.071847664855916], [-70.6983111032523, 43.07180740476873], [-70.69827792100257, 43.071792607341614], [-70.69823470704763, 43.07179215666911], [-70.69823297674893, 43.07178344521213], [-70.69818678460715, 43.0717830387292], [-70.69816690202605, 43.07181828241865], [-70.69813922396311, 43.07178702111099], [-70.69811649558676, 43.07177316061194], [-70.6980814926821, 43.07174637658181], [-70.69802664922743, 43.07170241273381], [-70.69807636215184, 43.071722425592775], [-70.6981744313838, 43.07171332496185], [-70.69818389027061, 43.07167823599429], [-70.69814162281658, 43.071658112668715], [-70.69811170851055, 43.071707703105055], [-70.69806422009746, 43.07166035367714], [-70.69803139974361, 43.07165865651881], [-70.69798265154643, 43.071673577888035], [-70.69791509971252, 43.07165492188047], [-70.69790022689314, 43.0717097497426], [-70.69786841331194, 43.07169056331299], [-70.6978893932484, 43.0716411055337], [-70.69790665948231, 43.07161900643296], [-70.69796539729629, 43.071642161830155], [-70.69803651201298, 43.071628000646506], [-70.69800579562776, 43.07159460011496], [-70.6979324080867, 43.071580399300586], [-70.69795113323482, 43.071557186398216], [-70.69798939742145, 43.07154023635798], [-70.69793673663739, 43.071521359352914], [-70.69789185291769, 43.071514380475435], [-70.69791510561963, 43.07149328467135], [-70.69789663366365, 43.0714717159586], [-70.69787614813752, 43.07148512569306], [-70.6978528351385, 43.07150403809865], [-70.69781410076236, 43.0714500057935], [-70.69773399137765, 43.071462116029856], [-70.69774080385879, 43.07143907993844], [-70.69768975288402, 43.07142454750116], [-70.69772437579067, 43.07138362444196], [-70.69777115247395, 43.071351258155254], [-70.69777930330744, 43.071322741486604], [-70.69780593811669, 43.07126227837438], [-70.6978562173411, 43.07119491150562], [-70.69779704588251, 43.071209987482376], [-70.69776573284229, 43.0712628750174], [-70.6977638397633, 43.07130222024992], [-70.69773642123091, 43.071334299270326], [-70.69766509579885, 43.07134081839485], [-70.6976507597004, 43.0713071746996], [-70.6976275192494, 43.07127475527306], [-70.6975732067041, 43.071303956890844], [-70.69754358803173, 43.071256342088446], [-70.69752043806764, 43.07122719772541], [-70.69747889440795, 43.071233274839834], [-70.6974212828166, 43.07123740605034], [-70.6973714938744, 43.07118763314017], [-70.69739277540118, 43.07114909240118], [-70.69741706389684, 43.07108456865261], [-70.6973499046164, 43.07108010434007], [-70.69735361166865, 43.07114694308925], [-70.6972860003321, 43.071126103303826], [-70.69731453896223, 43.07108062902295], [-70.69727917330711, 43.07108115369498], [-70.6972708835253, 43.07111813649773], [-70.69722465105538, 43.07112974379425], [-70.6971996625374, 43.07110144574729], [-70.69714880345434, 43.071080357363094], [-70.69718318985855, 43.07104435261626], [-70.6971522030591, 43.071001126576604], [-70.69706594081364, 43.07097919815449], [-70.69713452525998, 43.07090036560045], [-70.69721939384274, 43.070871803039], [-70.69720751016563, 43.07084604093912], [-70.69712873115384, 43.07082536672914], [-70.69713649371734, 43.070769279255266], [-70.69712951620154, 43.070718871152486], [-70.69713573195585, 43.0705921106344], [-70.69718920219516, 43.07047049778902], [-70.69712872096852, 43.07033807676149], [-70.6971423139071, 43.070212889277066], [-70.6972393389444, 43.07022811472104], [-70.6973205747447, 43.07008034573657], [-70.69750217237306, 43.07010344893501], [-70.6976180339996, 43.070084665056996], [-70.6976503748779, 43.07001788712753], [-70.69756289228555, 43.06994213949054], [-70.69746223446127, 43.06992144884442], [-70.69741807531277, 43.069923810500654], [-70.69733932644424, 43.07002224783078], [-70.69722755318988, 43.070020493094155], [-70.69716033565834, 43.069946405413496], [-70.69707170776495, 43.06985557055236], [-70.69704599351867, 43.069767215361814], [-70.69700218406271, 43.06969789978111], [-70.69706107608523, 43.06963900611875], [-70.69712380103952, 43.06963466272217], [-70.69719411788951, 43.06965239082434], [-70.69721778812655, 43.06975101514668], [-70.69733967739222, 43.06982421342916], [-70.69744398988722, 43.069766430451004], [-70.69742762877239, 43.06967964304802], [-70.69735086945276, 43.06959716467578], [-70.6972827850958, 43.069575990602644], [-70.69724428787595, 43.069530486933616], [-70.69722421542228, 43.069477884027755], [-70.69719448711598, 43.06949709625138], [-70.69713131869868, 43.06956970520858], [-70.69700034825048, 43.069631374542695], [-70.6969521479387, 43.069655980117545], [-70.69684923151969, 43.06955341169759], [-70.69679150974088, 43.069486008848706], [-70.69671432793761, 43.069388178047184], [-70.69663533743716, 43.06930914522464], [-70.69669451183405, 43.06926048640215], [-70.69678069089107, 43.06926262125511], [-70.69683267665843, 43.06929086029179], [-70.69691486148581, 43.06931694491527], [-70.69695678774384, 43.0693180295211], [-70.69702141535316, 43.069298299696854], [-70.69705302653838, 43.06934731853449], [-70.69699223179671, 43.06942159868042], [-70.69696306829094, 43.06946128015006], [-70.69707046971718, 43.06947333883939], [-70.69707688471253, 43.06945276599829], [-70.69707603738377, 43.06942206204211], [-70.69708816124633, 43.069355329728495], [-70.69712611328251, 43.06929674664695], [-70.69705370560547, 43.06928758188362], [-70.69707779207376, 43.069232617438175], [-70.69713426282519, 43.06917034670373], [-70.6970521522006, 43.06923129129471], [-70.6969927628953, 43.069187803910694], [-70.69698418263746, 43.06912991107468], [-70.6969875649539, 43.06908378611489], [-70.6969163545086, 43.06903364813552], [-70.69687736693511, 43.0690547040868], [-70.69687469055204, 43.06912641567935], [-70.6968309555424, 43.06914412908049], [-70.69673039338636, 43.06912684931264], [-70.69675664504915, 43.06915035061342], [-70.6968410621389, 43.06917298923728], [-70.69693934485166, 43.06919200919086], [-70.69698771295565, 43.06925784423712], [-70.69685556632555, 43.06927686901159], [-70.69679389755818, 43.069235121806365], [-70.69672647267997, 43.06923782825043], [-70.69663749642638, 43.06921867010136], [-70.69656196228097, 43.0691805413377], [-70.69658386371746, 43.069130728817846], [-70.69663107549731, 43.069070302107825], [-70.69660113256576, 43.06899736777819], [-70.69657455161452, 43.06896192600754], [-70.69663685237495, 43.06894223090553], [-70.69671847189564, 43.068947846370904], [-70.69675840074218, 43.0689609059891], [-70.69674021144914, 43.068976534014375], [-70.69671067147685, 43.069002569215506], [-70.69678293757771, 43.06900661687582], [-70.69687506062421, 43.06897112107999], [-70.69688333156937, 43.06893345598318], [-70.69680166499111, 43.06892613485959], [-70.6967955527571, 43.06887332482399], [-70.6968150331672, 43.068820135217074], [-70.69675472974576, 43.0688278554774], [-70.69675828001343, 43.068872171142814], [-70.6967408437638, 43.06891509158073], [-70.69671325392471, 43.06892744607056], [-70.69665875367153, 43.06889241837182], [-70.69653506709354, 43.06888060078427], [-70.69643222589579, 43.06886506102174], [-70.69643765289133, 43.068808666913895], [-70.6964837143857, 43.0687909191643], [-70.69642604079864, 43.06872522187952], [-70.69645529843196, 43.06868895209423], [-70.69649456826512, 43.06867813094349], [-70.69642620288764, 43.06864672167816], [-70.6963335364811, 43.06857813026298], [-70.69629809406254, 43.068474560857695], [-70.69632692819529, 43.06842293911755], [-70.69633711754065, 43.068400808654594], [-70.69639493482731, 43.068444729250416], [-70.69645723262228, 43.068435068356365], [-70.69651151310713, 43.068404775591745], [-70.69655370071492, 43.06836810926779], [-70.69650244176536, 43.06834593436774], [-70.69645715564954, 43.06837827804498], [-70.69643391697623, 43.06834585833037], [-70.69638514085702, 43.068359687292215], [-70.69637104710907, 43.06833477697065], [-70.69634328123058, 43.068300240077434], [-70.69635030471456, 43.06828484593171], [-70.696292487613, 43.06824092530906], [-70.69631382908592, 43.06820456815134], [-70.69635654525112, 43.06824106766743], [-70.6963962366434, 43.06822191270656], [-70.69647065711123, 43.06821971705729], [-70.69645152414788, 43.06817413074415], [-70.69640486957316, 43.06821086326649], [-70.6963855258657, 43.068157635063464], [-70.69633127564389, 43.06818901946375], [-70.696306337315, 43.06814897991933], [-70.69633149992154, 43.06814314611684], [-70.69637438007219, 43.068131588887], [-70.69631972179276, 43.06809417429969], [-70.69635753262575, 43.06806084937102], [-70.69642025163824, 43.06806647225918], [-70.69646956958897, 43.0680722938287], [-70.69654797503273, 43.06805256474487], [-70.69651214734091, 43.06802483149657], [-70.6964879161281, 43.06798137387799], [-70.69643601172416, 43.06798978853229], [-70.6963981407496, 43.06802093009208], [-70.69637863309372, 43.06801575862665], [-70.69628626875136, 43.06806166282854], [-70.69632087546549, 43.06799782353442], [-70.69626014827764, 43.067938730691054], [-70.69623439547699, 43.06782912492278], [-70.69633817401852, 43.067800922572566], [-70.69642850405401, 43.06777958545704], [-70.69648009199024, 43.067672165870086], [-70.69640275103008, 43.067669979727704], [-70.69634505665593, 43.067720829547866], [-70.6962966341138, 43.067778207782226], [-70.69615865804245, 43.06772026020816], [-70.69618715856647, 43.06759985120356], [-70.6962636724152, 43.06757205313877], [-70.6963631821483, 43.06755391292913], [-70.69635262919394, 43.06751732313654], [-70.69618559648987, 43.06754321408689], [-70.69614786579207, 43.06749377910698], [-70.69623764411472, 43.06745245257678], [-70.69630608049137, 43.067461436773705], [-70.69637024852861, 43.06748048309035], [-70.69646929857088, 43.06744568481744], [-70.6965637125494, 43.06740762225006]]]}, "properties": {"Hectares": 6.07603112587, "Acres": 15.0141398349, "Year": "2025", "Name": "Eelgrass", "Confidence": "H", "Notes": "UAV Imagery Used", "Type": 1, "LABEL": "Portsmouth Harbor", "ID": 78}}, {"type": "Feature", "geometry": {"type": "Polygon", "coordinates": [[[-70.68409298525738, 43.065699417605636], [-70.68413431517003, 43.06568147783163], [-70.6841852803288, 43.065683393963624], [-70.68419611986276, 43.06574722722492], [-70.6841826010132, 43.06578475538303], [-70.68413408069458, 43.06587212658258], [-70.68406450858348, 43.06592114530683], [-70.68402848528983, 43.06593367420957], [-70.6840059444912, 43.065907342317196], [-70.68405036239044, 43.06586935936251], [-70.68407656792326, 43.06583031129118], [-70.68408296248411, 43.06579822075031], [-70.68411476667082, 43.06576442299382], [-70.68408295555201, 43.06573156165651], [-70.68409298525738, 43.065699417605636]]]}, "properties": {"Hectares": 0.01887130904, "Acres": 0.04663183366, "Year": "2025", "Name": "Eelgrass", "Confidence": "H", "Notes": "UAV Imagery Used", "Type": 1, "LABEL": "Gerrish Island Beds", "ID": 79}}, {"type": "Feature", "geometry": {"type": "Polygon", "coordinates": [[[-70.6838250483552, 43.065808682847965], [-70.68382224568818, 43.06577272813063], [-70.68387484606927, 43.06576795441466], [-70.68392505183343, 43.06580854417299], [-70.68396667377137, 43.06580126563275], [-70.68395990747325, 43.06575337060374], [-70.6839740467464, 43.06573849746628], [-70.68402374170434, 43.06576043012506], [-70.6840064781179, 43.06579401383092], [-70.68397874687719, 43.065843749814626], [-70.68394490606687, 43.06586957840619], [-70.68391873692045, 43.06590995909566], [-70.68386461072309, 43.06592542076013], [-70.6838656256221, 43.065896075777154], [-70.6838648959085, 43.06586942283901], [-70.6838384281575, 43.06583248323859], [-70.6838250483552, 43.065808682847965]]]}, "properties": {"Hectares": 0.01572993126, "Acres": 0.03886935117, "Year": "2025", "Name": "Eelgrass", "Confidence": "H", "Notes": "UAV Imagery Used", "Type": 1, "LABEL": "Gerrish Island Beds", "ID": 80}}, {"type": "Feature", "geometry": {"type": "Polygon", "coordinates": [[[-70.68376479606492, 43.06599888171773], [-70.68378795040705, 43.06598120955966], [-70.68380627221366, 43.06598627264584], [-70.68382703185526, 43.06601396397572], [-70.68376556222216, 43.06602686730355], [-70.68376479606492, 43.06599888171773]]]}, "properties": {"Hectares": 0.00162058002, "Acres": 0.00400452442, "Year": "2025", "Name": "Eelgrass", "Confidence": "H", "Notes": "UAV Imagery Used", "Type": 1, "LABEL": "Gerrish Island Beds", "ID": 81}}, {"type": "Feature", "geometry": {"type": "Polygon", "coordinates": [[[-70.68360839131171, 43.0657985394838], [-70.68363176450912, 43.06578886323988], [-70.68369272970097, 43.06582396202896], [-70.6837138540587, 43.065864979852215], [-70.6837232703194, 43.06587683993104], [-70.68367830498389, 43.0658948330567], [-70.68364158848668, 43.065882041544896], [-70.6836424575689, 43.06584736597357], [-70.68359454377321, 43.065824073754435], [-70.68360839131171, 43.0657985394838]]]}, "properties": {"Hectares": 0.00611281097, "Acres": 0.01510502444, "Year": "2025", "Name": "Eelgrass", "Confidence": "H", "Notes": "UAV Imagery Used", "Type": 1, "LABEL": "Gerrish Island Beds", "ID": 82}}, {"type": "Feature", "geometry": {"type": "Polygon", "coordinates": [[[-70.68346214580608, 43.06577002827109], [-70.68341823205633, 43.06576000895844], [-70.68340009272495, 43.06576160904454], [-70.68336221532606, 43.06577283183493], [-70.68336653735294, 43.065731439539725], [-70.68337634858564, 43.06569129966168], [-70.68337456132114, 43.065625999944324], [-70.68334929148612, 43.065566378474664], [-70.68340861490346, 43.065541508294004], [-70.68342741073364, 43.0655638958587], [-70.68346158614277, 43.06561672035073], [-70.68349321448699, 43.06564291863198], [-70.68355221596211, 43.065672713657], [-70.68357697533008, 43.065713678016756], [-70.68354320737421, 43.065742171785914], [-70.68349216922279, 43.06573759007394], [-70.68349722070991, 43.065722850719126], [-70.68345883267985, 43.06571541647996], [-70.68343735001373, 43.065727731238816], [-70.68347232175127, 43.06574321485815], [-70.68350205963048, 43.06576677458571], [-70.68350257031804, 43.06578543164627], [-70.68347454685234, 43.06582450633716], [-70.68343863291781, 43.065841032997], [-70.68339839076164, 43.06583229283602], [-70.68337214215352, 43.06580334900593], [-70.68341569116896, 43.06580004186352], [-70.68346825513385, 43.065793935686436], [-70.68346214580608, 43.06577002827109]]]}, "properties": {"Hectares": 0.02888207778, "Acres": 0.071368883, "Year": "2025", "Name": "Eelgrass", "Confidence": "H", "Notes": "UAV Imagery Used", "Type": 1, "LABEL": "Gerrish Island Beds", "ID": 83}}, {"type": "Feature", "geometry": {"type": "Polygon", "coordinates": [[[-70.68189945129289, 43.0647876629214], [-70.68147989206845, 43.06521385453185], [-70.68124683119623, 43.06523743948096], [-70.68128719646806, 43.06513895872135], [-70.68135253471888, 43.06509324442173], [-70.68130604833428, 43.065016625025166], [-70.6812064290731, 43.06502622605563], [-70.6811471933544, 43.065092193377126], [-70.68119334610502, 43.06515661207455], [-70.68114504885432, 43.06519202415713], [-70.68107889668313, 43.065112576855995], [-70.68108451159043, 43.06503208608825], [-70.6811101333363, 43.06495440705665], [-70.68117447105634, 43.06487209056043], [-70.68109626086878, 43.064852897010375], [-70.68086363252317, 43.064928095741465], [-70.68077233723324, 43.06497971286617], [-70.68076401205913, 43.06487812128388], [-70.68060925884804, 43.0649007374111], [-70.68054436472069, 43.06496271898636], [-70.68050332429468, 43.06508537848146], [-70.68030564072258, 43.06516151599574], [-70.68021933974782, 43.06509839746565], [-70.68013889626233, 43.06494833138367], [-70.68009341131975, 43.064908313782496], [-70.67997721896631, 43.06493441392634], [-70.67994264935554, 43.06487391061832], [-70.67983632997519, 43.06479574880064], [-70.67980009315427, 43.064733604326875], [-70.67966042523557, 43.064699037900546], [-70.67954649211772, 43.06459085950946], [-70.67963923152777, 43.06453253825848], [-70.67992100322486, 43.06448771566537], [-70.68007187531364, 43.06452618580098], [-70.68016805808301, 43.064593938786615], [-70.6801624954617, 43.0646904360612], [-70.68029475231346, 43.06476295747234], [-70.68040602034647, 43.06477352892143], [-70.68051185279758, 43.06478824865909], [-70.6806846906713, 43.064818258221266], [-70.68089602245766, 43.06483549630945], [-70.68106882651037, 43.06474413829625], [-70.68123237253458, 43.064757320163665], [-70.68144670749437, 43.064766639489605], [-70.68164427615307, 43.06480415774731], [-70.68189945129289, 43.0647876629214]]]}, "properties": {"Hectares": 0.53372656742, "Acres": 1.31886179496, "Year": "2025", "Name": "Eelgrass", "Confidence": "H", "Notes": "UAV Imagery Used", "Type": 1, "LABEL": "Atlantic Coast", "ID": 84}}, {"type": "Feature", "geometry": {"type": "Polygon", "coordinates": [[[-70.68189945129289, 43.0647876629214], [-70.68191148584074, 43.06478688497955], [-70.6821237939802, 43.0647253662479], [-70.68216035963887, 43.0647977371279], [-70.68218580808959, 43.06490103517312], [-70.68226021092248, 43.064933116364934], [-70.68240070918786, 43.06504797475914], [-70.68231506090105, 43.06507745058227], [-70.68232483146284, 43.06507892831202], [-70.68216957690538, 43.06514226258393], [-70.6819385034623, 43.06521482529272], [-70.68171652139996, 43.06521401990727], [-70.68155673769655, 43.06520607791819], [-70.68147989206845, 43.06521385453185], [-70.68189945129289, 43.0647876629214]]]}, "properties": {"Hectares": 0.21212969886, "Acres": 0.52418180484, "Year": "2025", "Name": "Eelgrass", "Confidence": "H", "Notes": "UAV Imagery Used", "Type": 1, "LABEL": "Gerrish Island Beds", "ID": 85}}, {"type": "Feature", "geometry": {"type": "Polygon", "coordinates": [[[-70.69037103482927, 43.063114008565634], [-70.69036605411132, 43.063135008221096], [-70.69035321225289, 43.06314788471269], [-70.69037103482927, 43.063114008565634]]]}, "properties": {"Hectares": 9.30094e-05, "Acres": 0.00022983032, "Year": "2025", "Name": "Eelgrass", "Confidence": "H", "Notes": "UAV Imagery Used", "Type": 1, "LABEL": "Gerrish Island Beds", "ID": 86}}, {"type": "Feature", "geometry": {"type": "Polygon", "coordinates": [[[-70.68909276133525, 43.06441170022631], [-70.68938212136362, 43.06412157337646], [-70.68950607437155, 43.06399729098125], [-70.6898841804764, 43.06361817625077], [-70.69020181595602, 43.06329968854529], [-70.69031970017254, 43.06318148712863], [-70.69035321225289, 43.06314788471269], [-70.69036605411132, 43.063135008221096], [-70.69032352764272, 43.063314307398294], [-70.6902219273812, 43.06333790313895], [-70.6902087175635, 43.06345194043384], [-70.69035198109192, 43.06346787980021], [-70.6904369739779, 43.06340417373094], [-70.69044642260344, 43.063478387171486], [-70.69049011725654, 43.0635712163996], [-70.69056791995256, 43.063626009401695], [-70.6906399073747, 43.063721573831835], [-70.69069723508159, 43.06368438917737], [-70.6908519462605, 43.06378475774302], [-70.69096368359679, 43.06381239991322], [-70.6910757788358, 43.063853056058676], [-70.69116985664913, 43.06388421389408], [-70.69124707995473, 43.06394816924137], [-70.6913377048131, 43.06401518126093], [-70.69144598965119, 43.06407867727603], [-70.69140060496015, 43.06400353485042], [-70.69141108126249, 43.06393923508894], [-70.69147934079625, 43.06400006795383], [-70.69160963334747, 43.06405672875097], [-70.69161097555244, 43.064105531558916], [-70.69172548788067, 43.064234032099165], [-70.69180079107915, 43.06435725360861], [-70.6918063455575, 43.06443007996395], [-70.69178249876035, 43.064466886838936], [-70.69187203928529, 43.06450585658362], [-70.69180522986441, 43.0645186282007], [-70.69183434481488, 43.06454423640919], [-70.69185183644363, 43.064603220768475], [-70.6919285747771, 43.064613147545614], [-70.69198933066082, 43.06461077386867], [-70.69203463918404, 43.06456845720283], [-70.69209434505973, 43.06457163781755], [-70.69213816092625, 43.064615255643915], [-70.69215336296752, 43.06465148504397], [-70.69222016622633, 43.064627062103966], [-70.69220352783458, 43.06455487969657], [-70.69224401281772, 43.06459025514212], [-70.69229725594604, 43.064634979705495], [-70.69238679575682, 43.064616785737826], [-70.69248178304058, 43.06458413410644], [-70.69245901091854, 43.06465998334087], [-70.69244612084589, 43.06470158604474], [-70.69244329250381, 43.06473095792678], [-70.69255190493989, 43.06471335296907], [-70.69259756350903, 43.06472067659286], [-70.69262908517055, 43.06474287437028], [-70.69270972487143, 43.064760059238544], [-70.69278430977955, 43.06476724145301], [-70.6928464730134, 43.064779653508495], [-70.69290013543547, 43.06481352225604], [-70.6929252674089, 43.0648678109076], [-70.69297626872454, 43.06487105577084], [-70.69302581932757, 43.06488765391579], [-70.69300303492486, 43.06491865430351], [-70.69294345937003, 43.06493420090024], [-70.69289475239127, 43.06494825346122], [-70.69286811272546, 43.06497131176591], [-70.69285456267693, 43.06500750822011], [-70.69283544992429, 43.06503978742981], [-70.69279437982107, 43.06506705878595], [-70.69275075858636, 43.06506770419999], [-70.69271200318458, 43.06504694666723], [-70.69268062803667, 43.06503007948118], [-70.69265136385492, 43.06502384652453], [-70.69261595022029, 43.064992374048686], [-70.69260766929973, 43.06502182660129], [-70.69262516415662, 43.06506289646733], [-70.69260175603084, 43.06507124188023], [-70.69254875364798, 43.06506136053571], [-70.69249090978873, 43.06502037585686], [-70.69233367878084, 43.065008321201404], [-70.6922043754005, 43.064823294111086], [-70.69199631652711, 43.06486471787562], [-70.69210636451038, 43.064900117837986], [-70.69199044928062, 43.06509890274386], [-70.69185020780095, 43.06504376265582], [-70.69185373686574, 43.06490996619523], [-70.69186951862562, 43.06477072613279], [-70.69161321094415, 43.064721789004366], [-70.69146914866424, 43.06474425550225], [-70.69118476005262, 43.06459390967444], [-70.69077082895598, 43.0645185412676], [-70.69053499749548, 43.06451013508101], [-70.69031900673697, 43.064491664186576], [-70.69004752565677, 43.064366254550926], [-70.68981147185892, 43.06436825301683], [-70.6893441694392, 43.06440058256033], [-70.68909276133525, 43.06441170022631]]]}, "properties": {"Hectares": 1.99314176763, "Acres": 4.92514086746, "Year": "2025", "Name": "Eelgrass", "Confidence": "H", "Notes": "UAV Imagery Used", "Type": 1, "LABEL": "Portsmouth Harbor", "ID": 87}}, {"type": "Feature", "geometry": {"type": "MultiPolygon", "coordinates": [[[[-70.69080825228589, 43.06269161337217], [-70.69060166979797, 43.06289875593611], [-70.69061469490907, 43.06267810771408], [-70.69077848378167, 43.06264390171254], [-70.69080825228589, 43.06269161337217]]], [[[-70.69118899536828, 43.062114440520766], [-70.6912201580691, 43.06199530470467], [-70.69151767980642, 43.061980249733615], [-70.6914514520364, 43.06204665920286], [-70.69135741138209, 43.062140956928914], [-70.69129887983331, 43.062199648693074], [-70.69118899536828, 43.062114440520766]]]]}, "properties": {"Hectares": 0.05857630162, "Acres": 0.14474461458, "Year": "2025", "Name": "Eelgrass", "Confidence": "H", "Notes": "UAV Imagery Used", "Type": 1, "LABEL": "Gerrish Island Beds", "ID": 88}}, {"type": "Feature", "geometry": {"type": "Polygon", "coordinates": [[[-70.69060166979797, 43.06289875593611], [-70.69080825228589, 43.06269161337217], [-70.69089638786573, 43.06283287275974], [-70.69092885070867, 43.06306760632642], [-70.69108596454726, 43.06342128269505], [-70.69132757914461, 43.06337956841689], [-70.69140847798927, 43.0631685875793], [-70.69116696976435, 43.06289880169974], [-70.6909758900052, 43.06257105590673], [-70.6911050127308, 43.06253736180075], [-70.69132936105068, 43.06281375862729], [-70.69163408484283, 43.062860110377954], [-70.69140211699386, 43.0626219695079], [-70.69137227361031, 43.06248255410817], [-70.69165826487276, 43.06247832578858], [-70.69129887983331, 43.062199648693074], [-70.69135741138209, 43.062140956928914], [-70.6914514520364, 43.06204665920286], [-70.69151767980642, 43.061980249733615], [-70.69157512825176, 43.061977342680585], [-70.69179283513702, 43.06201226632372], [-70.69182652430382, 43.06229148135277], [-70.69192035433919, 43.06255073563802], [-70.69227452820864, 43.06281885350568], [-70.69231129196588, 43.06289459511984], [-70.69206083872693, 43.06293008507714], [-70.69185564016009, 43.06303483357013], [-70.69181510426642, 43.06313714687546], [-70.69190648856119, 43.06330743766253], [-70.69199909699437, 43.06352221008476], [-70.69190778523799, 43.06366977414779], [-70.69192721593262, 43.06374577219959], [-70.69196555306907, 43.06387870469385], [-70.69179501766985, 43.06398294043842], [-70.69163639711617, 43.06388992914838], [-70.69140030197877, 43.0638171343827], [-70.69123301586211, 43.06372425063818], [-70.69109934824692, 43.06359272702851], [-70.69092979219205, 43.0634172338646], [-70.69066078020604, 43.06340849522927], [-70.69059103231868, 43.06307895579159], [-70.69060166979797, 43.06289875593611]]]}, "properties": {"Hectares": 1.29180623717, "Acres": 3.19210996169, "Year": "2025", "Name": "Eelgrass", "Confidence": "H", "Notes": "UAV Imagery Used", "Type": 1, "LABEL": "Portsmouth Harbor", "ID": 89}}, {"type": "Feature", "geometry": {"type": "Polygon", "coordinates": [[[-70.72485781916751, 43.082090063990485], [-70.72487904573245, 43.082060648466104], [-70.72490039318528, 43.082035541557715], [-70.72492381467852, 43.082031955587475], [-70.72495546033299, 43.082059496319275], [-70.72497051818675, 43.08207220060545], [-70.72500560509626, 43.082065205894196], [-70.72503823664535, 43.08207548996644], [-70.7249919679819, 43.08210312789211], [-70.72493792852235, 43.08211579641605], [-70.72488490515099, 43.08211228543459], [-70.72485781916751, 43.082090063990485]]]}, "properties": {"Hectares": 0.00748518391, "Acres": 0.01849621826, "Year": "2025", "Name": "Eelgrass", "Confidence": "H", "Notes": "UAV Imagery Used", "Type": 1, "LABEL": "Lower Piscataqua River South", "ID": 90}}, {"type": "Feature", "geometry": {"type": "Polygon", "coordinates": [[[-70.72046769437263, 43.05432569074888], [-70.7207016842562, 43.05426652221797], [-70.72074812312289, 43.054311587265545], [-70.7208034992223, 43.05425863520444], [-70.72088758317663, 43.05421567515026], [-70.72090685558528, 43.05414241840965], [-70.72082000333035, 43.05408639366872], [-70.72090496131682, 43.054074691964864], [-70.72097152129368, 43.05416750530973], [-70.72100299795424, 43.054276482110964], [-70.72106070542799, 43.05430688554595], [-70.72120843501584, 43.05425254398726], [-70.7212858517762, 43.05422531969734], [-70.7214411223634, 43.05418650013882], [-70.72161930862461, 43.05420466664056], [-70.72173137106095, 43.054145649195135], [-70.72188055760036, 43.05414340402405], [-70.72182922505242, 43.05408684547212], [-70.72173555951753, 43.054041347801146], [-70.72183414229676, 43.05400859269697], [-70.72201130749485, 43.053990290528866], [-70.72215961872514, 43.05395678666026], [-70.7221497440976, 43.053857908851555], [-70.72224180557016, 43.053846099230476], [-70.722351137686, 43.05394347982299], [-70.72240563702708, 43.053859268676355], [-70.72234486684039, 43.0537194617411], [-70.72250548935833, 43.05361801714935], [-70.72264567435217, 43.05354815156645], [-70.72283442032271, 43.053435859224024], [-70.72307216428962, 43.05329676905451], [-70.72323541079518, 43.05328909845109], [-70.72339111548004, 43.05326590546377], [-70.72345013644937, 43.053343195177774], [-70.72333939039174, 43.05344910174564], [-70.72314918632996, 43.05350929769684], [-70.72311020949067, 43.05364018268377], [-70.72314893959249, 43.053754261570816], [-70.72322100164929, 43.05378965963709], [-70.72334610254997, 43.053688748881726], [-70.72345670308775, 43.053577632584194], [-70.7236830110293, 43.0535377398665], [-70.72362486521565, 43.05349170860177], [-70.72362253018126, 43.05340835308651], [-70.72382115107024, 43.053394936797595], [-70.72390440408175, 43.05357609953055], [-70.72374972048966, 43.053635761260026], [-70.72363824473489, 43.05371561951602], [-70.72372539085318, 43.05378206152348], [-70.72381584633696, 43.05371294373352], [-70.72388357795022, 43.05384743306997], [-70.72380660073833, 43.053890288247864], [-70.72341645975158, 43.05391701347276], [-70.72322494116058, 43.05393032208815], [-70.72311054620806, 43.0539059854375], [-70.72303935942838, 43.05390184562865], [-70.723063589587, 43.05400571907502], [-70.72327671257536, 43.05400250915594], [-70.72353912640745, 43.05398292055093], [-70.72329992176945, 43.054069914502705], [-70.7231294231968, 43.05407248250763], [-70.72318844464817, 43.054149772338306], [-70.72332298509889, 43.05413211012332], [-70.72346623480624, 43.05417164765006], [-70.72353829753595, 43.0542070455025], [-70.72367444342356, 43.05424668978299], [-70.72372563182682, 43.054298037755174], [-70.72388046305332, 43.0542435857541], [-70.72397340056331, 43.05426303304448], [-70.72411548308551, 43.054260892002624], [-70.72422973307233, 43.05428001791143], [-70.72426758968565, 43.05436283806201], [-70.72438110986305, 43.05435591523042], [-70.72446460730427, 43.05429211372176], [-70.72463642063319, 43.054336431162255], [-70.72477908744321, 43.054355128157226], [-70.72487825321615, 43.054343209312925], [-70.72497323598789, 43.05443559179608], [-70.72500004588612, 43.054377856486774], [-70.72517200589199, 43.05442738282628], [-70.72521623761185, 43.0544840469423], [-70.72528669474097, 43.05446213681082], [-70.72534513489299, 43.05451858661407], [-70.72546590545218, 43.05451676528368], [-70.72558030240411, 43.05454109954069], [-70.72566832848233, 43.054638798280955], [-70.72576199774606, 43.05468429266083], [-70.72589741535454, 43.05469788568691], [-70.72605487628914, 43.054737205579734], [-70.72612445644327, 43.05468403666258], [-70.72619739824252, 43.05475069106929], [-70.72630396085512, 43.05474908321914], [-70.72640400401242, 43.05476842131318], [-70.72650170819001, 43.05470440394863], [-70.72661148708607, 43.05481740944286], [-70.72665221153136, 43.05474903992785], [-70.72677298245954, 43.05474721721025], [-70.72682079166617, 43.054769219578134], [-70.72689752358168, 43.0547480476547], [-70.72698278725426, 43.054706733135816], [-70.72706842517891, 43.05467875541073], [-70.72706045494961, 43.05471890324426], [-70.72713071405923, 43.054791226418935], [-70.72710910383219, 43.05483158016396], [-70.7271330539578, 43.054874581759634], [-70.72704371143641, 43.05493263609355], [-70.72699360433288, 43.054930056835616], [-70.726981648871, 43.05499027857757], [-70.72704094298994, 43.05499605478737], [-70.7271587824749, 43.05498093340614], [-70.72722041663143, 43.05507006485813], [-70.72716355598811, 43.05515097829171], [-70.7272375200044, 43.05519322482688], [-70.72727539129795, 43.055246023100274], [-70.72727716979723, 43.055309373149676], [-70.72734761707292, 43.05538836459356], [-70.72727599288203, 43.05542947346289], [-70.72720985133999, 43.05550385577934], [-70.7271238379554, 43.055518496772414], [-70.72705638581411, 43.05554620001811], [-70.72704602140965, 43.0556631033877], [-70.72698944078459, 43.05575401938017], [-70.72690342699431, 43.055768660213985], [-70.7269320722153, 43.05565481654994], [-70.72685257054167, 43.055739407197926], [-70.72682317647829, 43.05582657713516], [-70.72684258006306, 43.05586964740674], [-70.72688879627958, 43.05589563483985], [-70.72696266743428, 43.05593454732173], [-70.72683526464058, 43.055933134716426], [-70.72656429242795, 43.05584049114967], [-70.7263765657954, 43.05579662522991], [-70.72620257320722, 43.055755887410015], [-70.72609743678973, 43.05573745989508], [-70.725951660343, 43.05572965225372], [-70.72581507094355, 43.05572504147073], [-70.72561599595392, 43.05574123201711], [-70.72517804038499, 43.05571730375047], [-70.72507908277723, 43.05569211087535], [-70.72492087998263, 43.05563045213671], [-70.7248193321235, 43.05564265710408], [-70.72470724590963, 43.05566836335155], [-70.72457049404065, 43.05559303824971], [-70.7244464489551, 43.055581565488644], [-70.72436440789176, 43.0555107524954], [-70.72427947718343, 43.05546666800498], [-70.72416412740945, 43.05550576541214], [-70.72407349174408, 43.055517805268956], [-70.72422790653782, 43.05557418526895], [-70.72426562601618, 43.055621649827216], [-70.72429228385589, 43.05566394408306], [-70.7242161975699, 43.055675764775415], [-70.72411746464155, 43.05565857318421], [-70.72414937894987, 43.055628738728], [-70.72401790958283, 43.05561204038288], [-70.72382712098195, 43.055556208154506], [-70.72367487371683, 43.05557718149364], [-70.72352048339455, 43.055651556939345], [-70.72330565289137, 43.05564678754057], [-70.72317099453147, 43.05564614726342], [-70.72295000972555, 43.055681497408145], [-70.72277601210452, 43.05570546559951], [-70.72261359869549, 43.055753275620454], [-70.72260713213815, 43.05575239254845], [-70.72256245381901, 43.05581596113591], [-70.72234676158092, 43.055870593116104], [-70.72210746847583, 43.055833087472784], [-70.72184860052332, 43.055847260630465], [-70.7216260470176, 43.05590713298329], [-70.72145036688096, 43.05588922258576], [-70.72113424003625, 43.055847491900565], [-70.72093982605196, 43.0558420366963], [-70.72085870887904, 43.05577993854076], [-70.72075192202793, 43.055719883046514], [-70.72071219529691, 43.05580269606761], [-70.72044704099375, 43.0558426529507], [-70.72049362867358, 43.05575459837607], [-70.72037969439795, 43.055689511545005], [-70.7203425191389, 43.05561299348359], [-70.72036088064856, 43.05555034204618], [-70.72029582780245, 43.05550128580935], [-70.72029405647733, 43.05543793552959], [-70.72030926012087, 43.055330966855955], [-70.72023994049984, 43.055291981624826], [-70.72016348513694, 43.0553231518084], [-70.72014958631615, 43.055476799624344], [-70.7200944661371, 43.05545761457924], [-70.72007784301807, 43.05535112443083], [-70.7199955358085, 43.055335683700505], [-70.7199489704974, 43.05545980194044], [-70.71990303707496, 43.05544381432309], [-70.71995137343141, 43.05538304639294], [-70.71986794775817, 43.0553275948592], [-70.71975558428971, 43.055375982689476], [-70.7196692895482, 43.05538061542614], [-70.71971356520586, 43.055500032496816], [-70.719666513488, 43.055444034068195], [-70.71957362175816, 43.055375382092706], [-70.71956165893484, 43.0554356031817], [-70.71960388423895, 43.05548166731442], [-70.71965224063352, 43.05558434493742], [-70.71956408182271, 43.05552229307137], [-70.71950793674029, 43.055466431249194], [-70.71946496605783, 43.05539369326559], [-70.71940168447853, 43.05540798681492], [-70.71943973563044, 43.05546745624834], [-70.71949179982995, 43.055540057572344], [-70.71941774736733, 43.05549447171996], [-70.71931585552923, 43.0554292904207], [-70.7192389336578, 43.055443788861346], [-70.71924543698286, 43.05551373930629], [-70.71913881221998, 43.05544195771652], [-70.71902931782887, 43.05543026043308], [-70.71897151440233, 43.0554778277064], [-70.71881191266297, 43.055463547423315], [-70.71879178704808, 43.05555724733601], [-70.71870798958474, 43.05548845803228], [-70.71857510952056, 43.05545376222897], [-70.718527516789, 43.05554120342777], [-70.7184784338504, 43.05557529695416], [-70.71840419582398, 43.05552304197675], [-70.71835585781255, 43.055583809280016], [-70.71829702939505, 43.05559469970793], [-70.71825340821522, 43.055498621646194], [-70.71820246286597, 43.055466030479344], [-70.71834693431127, 43.05542716882289], [-70.71852008296054, 43.05543791064473], [-70.71863319265033, 43.05541619783546], [-70.71866278448732, 43.055335698256364], [-70.71876271946309, 43.05533086136507], [-70.71901316234629, 43.05534044123533], [-70.71920839232017, 43.055327500849685], [-70.7192930099225, 43.055262852373474], [-70.71951579947775, 43.05525950419063], [-70.71970573677851, 43.05521995748408], [-70.71984510070783, 43.055161156944315], [-70.72001276996474, 43.0551386226023], [-70.72026274604703, 43.055131528618666], [-70.7204067491662, 43.05507599326758], [-70.72060540572406, 43.05502297144527], [-70.72068510172778, 43.05494505344625], [-70.7207240637888, 43.05487441929097], [-70.72073945923238, 43.05487543985402], [-70.72074292181644, 43.05486060134779], [-70.72084793160754, 43.054838816645784], [-70.72100549322771, 43.054807822480655], [-70.72131733849429, 43.054690877332064], [-70.72171516980646, 43.05468489120206], [-70.72198366610985, 43.054664407273755], [-70.72228601176836, 43.05465163471808], [-70.72249882030403, 43.05464432020102], [-70.72262919065582, 43.05469579743501], [-70.72272981914475, 43.05468606071023], [-70.72288041662814, 43.054659128325994], [-70.72301489465183, 43.05465710316464], [-70.72315132901903, 43.05472493158461], [-70.72325103676495, 43.05468232205513], [-70.7233314388584, 43.054750994208106], [-70.72343686486948, 43.05471240916038], [-70.72345597664129, 43.05479433679763], [-70.72357306959346, 43.05477201898127], [-70.72366157060007, 43.05472957792235], [-70.72361893167222, 43.054808325053926], [-70.723659075425, 43.05484060648173], [-70.72375881744956, 43.05488191767093], [-70.72374525735128, 43.054842283196464], [-70.7237383319004, 43.05472497346764], [-70.72382059537996, 43.05480378907639], [-70.72393811148976, 43.05484204591675], [-70.72406013692438, 43.05478150012711], [-70.72406556811812, 43.054845462320884], [-70.72395734457407, 43.0548791151309], [-70.72393776263347, 43.05495946524058], [-70.72388953019545, 43.05505625805467], [-70.72398195900462, 43.05510823535909], [-70.72403876174825, 43.05518743445618], [-70.72403205990736, 43.05507812688769], [-70.72416472411382, 43.05513750323694], [-70.7241557301696, 43.055076263243386], [-70.72403791450675, 43.05502733713751], [-70.72413462821757, 43.054972509691275], [-70.72411041221547, 43.05488748257138], [-70.72416711483741, 43.054833258041114], [-70.72423430634348, 43.05489362097384], [-70.72420954306858, 43.05504876725589], [-70.72436388203228, 43.05510247972027], [-70.72444360494228, 43.05509060411718], [-70.72454901363493, 43.05508634679264], [-70.72460123854961, 43.055099569205154], [-70.7245491687839, 43.055026970297725], [-70.72453393994735, 43.05497049419242], [-70.72446153424511, 43.05482148235476], [-70.72456174813762, 43.0548266430739], [-70.7246923264399, 43.05494142166033], [-70.72474754098106, 43.05496393869229], [-70.72482399348188, 43.05493276549079], [-70.72486693658104, 43.054842056155834], [-70.7247923202898, 43.05477646852567], [-70.7247472273861, 43.05479049082513], [-70.72463243890486, 43.05475219370004], [-70.72452683736373, 43.05471709360984], [-70.7244479552652, 43.05466157693284], [-70.72458491608066, 43.054679526264664], [-70.72450927230261, 43.054577262037824], [-70.72438984425713, 43.054535698972174], [-70.72431189693764, 43.05451352438063], [-70.72424444456395, 43.054541225975605], [-70.72412233873864, 43.05456641552755], [-70.72394788392674, 43.05450900308715], [-70.72407307270734, 43.05447209256869], [-70.7240265550966, 43.054435267739926], [-70.72386870670877, 43.05448351109802], [-70.72368057327436, 43.054465497968835], [-70.72361642216998, 43.05440809096433], [-70.72354452382022, 43.05448005618728], [-70.72333424086963, 43.054483223830125], [-70.72325977400641, 43.05446349781521], [-70.72318079112766, 43.05448553510967], [-70.72308394117513, 43.05447865470191], [-70.72309390718287, 43.054428470198445], [-70.72301585800292, 43.054483849589666], [-70.72287899138679, 43.05446923258456], [-70.72273099157601, 43.05446312212255], [-70.72260050850448, 43.05447342586784], [-70.72249135853833, 43.05443337387774], [-70.72251210825718, 43.05436217939873], [-70.72265940767113, 43.054343283485544], [-70.72274964049166, 43.05431690761909], [-70.72288639003658, 43.05432735700902], [-70.72300040637883, 43.05433814859679], [-70.72303855553622, 43.05427920059049], [-70.72294228946626, 43.05429315893939], [-70.72280565669001, 43.05428687739189], [-70.72271900675796, 43.05423814773754], [-70.72268074062353, 43.0542929278652], [-70.72261822423594, 43.0542938691621], [-70.72251000801799, 43.05428715940293], [-70.72243635836395, 43.05429660728624], [-70.72239785859551, 43.0543430517683], [-70.72241747535853, 43.05443448619657], [-70.7222411757121, 43.054432970678484], [-70.72213214269605, 43.0543970861182], [-70.72197192619062, 43.054442026879244], [-70.72184137938729, 43.05449069043276], [-70.7216736193457, 43.05450989319202], [-70.72155085939288, 43.054511740451616], [-70.72145148576672, 43.054536585095306], [-70.72131461934445, 43.05452196621413], [-70.7212061522626, 43.0545469474568], [-70.72103244620051, 43.054516204317], [-70.72099486045516, 43.054473406543366], [-70.72094447411601, 43.05446082195054], [-70.72089975354413, 43.05448817964409], [-70.72082635413058, 43.054465934265764], [-70.72078627341774, 43.05449655775482], [-70.7207346748726, 43.05444062814405], [-70.72065691539997, 43.054425119486886], [-70.72061496979477, 43.054389058411786], [-70.72055047743548, 43.05436000764678], [-70.72058416882402, 43.05442621352722], [-70.72061238120513, 43.05445914552052], [-70.72046150220147, 43.05443139384098], [-70.72040545057568, 43.05437886667155], [-70.72046769437263, 43.05432569074888]], [[-70.72118422931119, 43.055123367002196], [-70.72112886415124, 43.055114097258226], [-70.72108783464215, 43.05512481712454], [-70.72109992225596, 43.05514652435181], [-70.7211363144716, 43.05513419046869], [-70.72118484139897, 43.05514524685788], [-70.72119688196689, 43.055165271008384], [-70.72123393336403, 43.05517650001542], [-70.72124030076516, 43.05515788270568], [-70.72121472493784, 43.05514648105951], [-70.72118422931119, 43.055123367002196]], [[-70.72095388247052, 43.055179029113816], [-70.72089814068418, 43.05515629473011], [-70.72089875267095, 43.05517817458901], [-70.72093824036956, 43.05519441836874], [-70.72099847827718, 43.05521371755188], [-70.72104503968998, 43.05523658998512], [-70.7210726752369, 43.05523954181399], [-70.72107168654128, 43.05520419743012], [-70.72101632132339, 43.055194927632805], [-70.72095388247052, 43.055179029113816]], [[-70.72078657454465, 43.05518996451481], [-70.72071916895705, 43.05516067037649], [-70.72073369277761, 43.055187392324704], [-70.72080133376815, 43.05522510178441], [-70.72086476120896, 43.05527634477391], [-70.72088602924818, 43.055297913938176], [-70.72095033962671, 43.05529863037519], [-70.72097708071087, 43.05526960397323], [-70.7209426539586, 43.055270121822446], [-70.72088274554102, 43.05526260407299], [-70.72082906344835, 43.0552314198047], [-70.72078657454465, 43.05518996451481]], [[-70.7217451910189, 43.05523110692889], [-70.7218261323393, 43.05525177788335], [-70.72184832985796, 43.055224503431376], [-70.7218453282157, 43.05519929199417], [-70.72180363937322, 43.05518644920255], [-70.72175769001923, 43.05518545693106], [-70.72173282056931, 43.05519930138239], [-70.7217451910189, 43.05523110692889]], [[-70.72070232566033, 43.05529730941658], [-70.72068963757113, 43.05533622704732], [-70.72065563440229, 43.05535189240678], [-70.7206681455419, 43.05538874727653], [-70.72075629018299, 43.055338592141005], [-70.72072415850792, 43.055339075405875], [-70.72070232566033, 43.05529730941658], [-70.72073914169376, 43.05530012325288], [-70.72074316706768, 43.05527985742106], [-70.72070522134749, 43.0552366499968], [-70.72063187177461, 43.05524112068679], [-70.72067159479593, 43.05526577988996], [-70.72070232566033, 43.05529730941658]], [[-70.72043679788241, 43.05532655921657], [-70.72042868887772, 43.0552829030274], [-70.72039669841328, 43.055288435399206], [-70.72039309648517, 43.05532384881905], [-70.7204097741382, 43.05534548709826], [-70.72041539976496, 43.05538244553499], [-70.72041259791557, 43.055446471083776], [-70.72043649043088, 43.05547978728508], [-70.72051794939776, 43.05551897289592], [-70.72049588129426, 43.05546879153564], [-70.72048088685641, 43.05542523889429], [-70.72050542722776, 43.05539961324482], [-70.72048167590259, 43.05537134625676], [-70.72043679788241, 43.05532655921657]], [[-70.72079069284958, 43.05550140080063], [-70.7208575810193, 43.05551218116228], [-70.72083181681224, 43.055494047168445], [-70.72078061795592, 43.055469560624914], [-70.72076552917194, 43.05542264189232], [-70.72076458771899, 43.05538898056999], [-70.72074421405759, 43.05539938963992], [-70.72071541304108, 43.05543686583895], [-70.72069222645389, 43.05542879569072], [-70.72069395672825, 43.055408564378574], [-70.72065536327534, 43.05542429877441], [-70.72060875478972, 43.055399743116936], [-70.72061925320081, 43.05544673090593], [-70.72066113026762, 43.05546630639464], [-70.72068647077813, 43.05546929283254], [-70.72074900400827, 43.05548855762505], [-70.72079069284958, 43.05550140080063]], [[-70.72055663054059, 43.05541293312255], [-70.72056119366133, 43.055378466732776], [-70.72058673372341, 43.0553512448274], [-70.72060658964635, 43.05532232205624], [-70.72057590588454, 43.05529247556979], [-70.72054630468102, 43.05530133960033], [-70.72057019720894, 43.055334655774196], [-70.72053451075061, 43.0553722354758], [-70.72055663054059, 43.05541293312255], [-70.72056355835147, 43.05542567941612], [-70.7205506818826, 43.05545786476741], [-70.72058726266764, 43.05545226331963], [-70.72055663054059, 43.05541293312255]], [[-70.72088281580425, 43.055429296659455], [-70.7209243634001, 43.055437090588754], [-70.72091016897164, 43.05542215013023], [-70.72090487257914, 43.05539697318503], [-70.72091784300312, 43.05536815392896], [-70.72087620130364, 43.05535699386431], [-70.72087263514511, 43.055311585602894], [-70.72084729469213, 43.055308599205176], [-70.72083226449882, 43.05534586830512], [-70.72082125964069, 43.05536287156923], [-70.72086304256091, 43.05537908085191], [-70.72088281580425, 43.055429296659455]], [[-70.72062357228714, 43.05551906823973], [-70.72058989847793, 43.055546515044725], [-70.7205823182765, 43.05560387736026], [-70.7206102834516, 43.05561861076162], [-70.720647005535, 43.055618058491795], [-70.72071173989383, 43.055633922652234], [-70.72069946402966, 43.05560548312057], [-70.72064938352491, 43.05557879613377], [-70.7206293392688, 43.05556107586121], [-70.72062357228714, 43.05551906823973]], [[-70.72056146507886, 43.05518661495204], [-70.72052403726593, 43.0551619211941], [-70.72046258690875, 43.05518136679904], [-70.72048586750226, 43.05519280312919], [-70.72051336181072, 43.05519070589474], [-70.72053013359968, 43.0552157102894], [-70.72056503099769, 43.05523202322826], [-70.72059692728082, 43.0552231246774], [-70.72056146507886, 43.05518661495204]], [[-70.7206017887146, 43.05515064929937], [-70.72062525759507, 43.05516881786618], [-70.72064740855593, 43.055139860571884], [-70.72068604890484, 43.05512580924726], [-70.7206628624399, 43.055117739090484], [-70.72061724261789, 43.05512852782384], [-70.72057330602131, 43.055117402160874], [-70.72056010015062, 43.055137806049515], [-70.7206017887146, 43.05515064929937]]]}, "properties": {"Hectares": 8.30320666335, "Acres": 20.51758842887, "Year": "2025", "Name": "Eelgrass", "Confidence": "H", "Notes": "UAV Imagery Used", "Type": 1, "LABEL": "Little Harbor/Back Channel", "ID": 91}}, {"type": "Feature", "geometry": {"type": "Polygon", "coordinates": [[[-70.73465362356428, 43.0604178785313], [-70.73469571105427, 43.060383564951785], [-70.73463205662627, 43.0603655876517], [-70.73467491533928, 43.06035862368337], [-70.73472327495355, 43.060343157431575], [-70.7347748596334, 43.06034027054689], [-70.73479589270481, 43.06037362705755], [-70.73482798693433, 43.060392082834454], [-70.73477119795575, 43.060413991090044], [-70.73465362356428, 43.0604178785313]]]}, "properties": {"Hectares": 0.00801759527, "Acres": 0.01981183012, "Year": "2025", "Name": "Eelgrass", "Confidence": "H", "Notes": "UAV Imagery Used", "Type": 1, "LABEL": "Little Harbor/Back Channel", "ID": 92}}, {"type": "Feature", "geometry": {"type": "Polygon", "coordinates": [[[-70.73576306812706, 43.05982739402405], [-70.73577349883537, 43.05982206322462], [-70.73580767624627, 43.05982499305264], [-70.73582767858093, 43.059825551665305], [-70.73585833046295, 43.05982853496834], [-70.73585046896225, 43.059841585615665], [-70.73581655901333, 43.05984813474633], [-70.73577672453573, 43.05985304957036], [-70.73574744234087, 43.0598569421953], [-70.73573000918333, 43.059864103412], [-70.73572915817579, 43.059833943128865], [-70.73576306812706, 43.05982739402405]]]}, "properties": {"Hectares": 0.0027902008, "Acres": 0.00689470875, "Year": "2025", "Name": "Eelgrass", "Confidence": "H", "Notes": "UAV Imagery Used", "Type": 1, "LABEL": "Sagamore Creek", "ID": 93}}, {"type": "Feature", "geometry": {"type": "Polygon", "coordinates": [[[-70.73567788803976, 43.059725235364965], [-70.73565769123117, 43.05971778294612], [-70.7356343092836, 43.05972244812194], [-70.73561998835895, 43.059714906555875], [-70.73561962366627, 43.059701980719154], [-70.73564768199515, 43.05969638251129], [-70.73568540917074, 43.059700120615034], [-70.73571613392691, 43.05970568912468], [-70.73572237451798, 43.05971852581598], [-70.73575307497173, 43.05972323259305], [-70.73576413785044, 43.05974030657653], [-70.73573475845016, 43.05974075230787], [-70.73572924728612, 43.05975376728909], [-70.73571073623548, 43.059764393221094], [-70.73569073392112, 43.05976383458761], [-70.73568065172445, 43.059739848988976], [-70.73567788803976, 43.059725235364965]]]}, "properties": {"Hectares": 0.00411515681, "Acres": 0.01016873325, "Year": "2025", "Name": "Eelgrass", "Confidence": "H", "Notes": "UAV Imagery Used", "Type": 1, "LABEL": "Sagamore Creek", "ID": 94}}, {"type": "Feature", "geometry": {"type": "Polygon", "coordinates": [[[-70.73555663432441, 43.0596779356294], [-70.73557881677455, 43.059672426574636], [-70.73558757787028, 43.05969125967624], [-70.73558600551554, 43.05971887045012], [-70.73558649176337, 43.05973610489934], [-70.73555229009848, 43.05973231328164], [-70.73553410329053, 43.05971276107156], [-70.73553227170129, 43.059689512391444], [-70.73555663432441, 43.0596779356294]]]}, "properties": {"Hectares": 0.00242801615, "Acres": 0.00599973456, "Year": "2025", "Name": "Eelgrass", "Confidence": "H", "Notes": "UAV Imagery Used", "Type": 1, "LABEL": "Sagamore Creek", "ID": 95}}, {"type": "Feature", "geometry": {"type": "Polygon", "coordinates": [[[-70.7356225495287, 43.059639003668565], [-70.73560548927595, 43.05961771019656], [-70.73563606810623, 43.05961810839392], [-70.73562246043659, 43.05959417627277], [-70.7356461340941, 43.05959985176952], [-70.73567019677127, 43.059619314820296], [-70.73567754050296, 43.059633159905815], [-70.73570498191447, 43.059643787741784], [-70.73571362147358, 43.05965831222118], [-70.73572879623374, 43.05966910312915], [-70.73569971469288, 43.05967496470747], [-70.73566026853503, 43.059684122286406], [-70.73565458816533, 43.05966031075693], [-70.7356225495287, 43.059639003668565]]]}, "properties": {"Hectares": 0.00401599074, "Acres": 0.00992368955, "Year": "2025", "Name": "Eelgrass", "Confidence": "H", "Notes": "UAV Imagery Used", "Type": 1, "LABEL": "Sagamore Creek", "ID": 96}}, {"type": "Feature", "geometry": {"type": "Polygon", "coordinates": [[[-70.73635221082058, 43.06045054440921], [-70.73637146480678, 43.060438039865005], [-70.73639927611583, 43.06049352876414], [-70.73640248511154, 43.06052479009324], [-70.73643495784285, 43.060548036160846], [-70.73638028883569, 43.06056368308264], [-70.7363384734588, 43.06057913490289], [-70.73630091261181, 43.06055007056485], [-70.73629667006841, 43.06052992969009], [-70.73630723142227, 43.06051360519752], [-70.73629342766152, 43.06048013925331], [-70.73633554702762, 43.06047545897536], [-70.73635221082058, 43.06045054440921]]]}, "properties": {"Hectares": 0.00970838778, "Acres": 0.02398985271, "Year": "2025", "Name": "Eelgrass", "Confidence": "H", "Notes": "UAV Imagery Used", "Type": 1, "LABEL": "Sagamore Creek", "ID": 97}}, {"type": "Feature", "geometry": {"type": "Polygon", "coordinates": [[[-70.73638636764609, 43.06058379608479], [-70.736434071801, 43.06058172504392], [-70.73646555388822, 43.06059067633964], [-70.73649546581112, 43.06060908058049], [-70.7364945037842, 43.06064007658218], [-70.73647659750344, 43.06065651257281], [-70.73644343117412, 43.06065297491277], [-70.73646317370151, 43.060636511057076], [-70.7364370482742, 43.06062209039016], [-70.7363943967192, 43.06060792053921], [-70.73638636764609, 43.06058379608479]]]}, "properties": {"Hectares": 0.00403056971, "Acres": 0.00995971482, "Year": "2025", "Name": "Eelgrass", "Confidence": "H", "Notes": "UAV Imagery Used", "Type": 1, "LABEL": "Sagamore Creek", "ID": 98}}, {"type": "Feature", "geometry": {"type": "Polygon", "coordinates": [[[-70.73648277857521, 43.060745321903326], [-70.73648205640316, 43.0607197395345], [-70.73652442700688, 43.060747526607976], [-70.73651093035696, 43.06076644688965], [-70.73648277857521, 43.060745321903326]]]}, "properties": {"Hectares": 0.00085147978, "Acres": 0.00210404393, "Year": "2025", "Name": "Eelgrass", "Confidence": "H", "Notes": "UAV Imagery Used", "Type": 1, "LABEL": "Sagamore Creek", "ID": 99}}, {"type": "Feature", "geometry": {"type": "Polygon", "coordinates": [[[-70.7365693529681, 43.0608295872241], [-70.73652481032467, 43.06080260568367], [-70.73650499174298, 43.06081637666933], [-70.73647171129902, 43.060808799697774], [-70.73651326072651, 43.060783922744314], [-70.7365294068111, 43.06077020749991], [-70.73656614397211, 43.06080301522746], [-70.7365693529681, 43.0608295872241]]]}, "properties": {"Hectares": 0.00206808792, "Acres": 0.00511033611, "Year": "2025", "Name": "Eelgrass", "Confidence": "H", "Notes": "UAV Imagery Used", "Type": 1, "LABEL": "Sagamore Creek", "ID": 100}}, {"type": "Feature", "geometry": {"type": "Polygon", "coordinates": [[[-70.7365002812122, 43.060844735530864], [-70.73653134533124, 43.06083887596101], [-70.73653577802776, 43.06086574902631], [-70.73652345645229, 43.06088479429102], [-70.7365002812122, 43.060844735530864]]]}, "properties": {"Hectares": 0.00081260578, "Acres": 0.00200798459, "Year": "2025", "Name": "Eelgrass", "Confidence": "H", "Notes": "UAV Imagery Used", "Type": 1, "LABEL": "Sagamore Creek", "ID": 101}}, {"type": "Feature", "geometry": {"type": "Polygon", "coordinates": [[[-70.73571784576836, 43.0605830963182], [-70.73575735831355, 43.06061115050929], [-70.73575817182538, 43.06061218683101], [-70.73576804958195, 43.06064975345638], [-70.73580618257506, 43.06064701967779], [-70.73580768232486, 43.06064688086252], [-70.73583498451923, 43.06066626555962], [-70.73581728619526, 43.06067594678833], [-70.73585511092087, 43.06068055539536], [-70.73589400510647, 43.06070817041351], [-70.7358874535119, 43.0607147538905], [-70.73586440556721, 43.06073126779876], [-70.73585320075074, 43.0607508348549], [-70.73586834663894, 43.06076676926159], [-70.73589711858646, 43.060744780433474], [-70.7359124468681, 43.06076717775031], [-70.73588220592102, 43.060789188871034], [-70.7358511746493, 43.060783194013275], [-70.73583348591939, 43.060781307166096], [-70.73582133881663, 43.060767482484415], [-70.73582639410826, 43.060738310208585], [-70.73579649751339, 43.06072044436712], [-70.73575968149491, 43.060717770092204], [-70.73575603437786, 43.06074476577316], [-70.7357710890553, 43.06075746873486], [-70.73576257903635, 43.060768373985816], [-70.73574228666155, 43.060778380379276], [-70.73570253262055, 43.06077575066034], [-70.73564405651203, 43.06073461085426], [-70.73566964739639, 43.06070404943052], [-70.73566258610295, 43.06066212961301], [-70.73568493503458, 43.060620841229195], [-70.7356987131434, 43.06058830378199], [-70.73571784576836, 43.0605830963182]]]}, "properties": {"Hectares": 0.02431053993, "Acres": 0.06007241215, "Year": "2025", "Name": "Eelgrass", "Confidence": "H", "Notes": "UAV Imagery Used", "Type": 1, "LABEL": "Little Harbor/Back Channel", "ID": 102}}, {"type": "Feature", "geometry": {"type": "MultiPolygon", "coordinates": [[[[-70.73585511092087, 43.06068055539536], [-70.73586447632593, 43.06068169648478], [-70.73591031906103, 43.06069177706147], [-70.73589400510647, 43.06070817041351], [-70.73585511092087, 43.06068055539536]]], [[[-70.73583498451923, 43.06066626555962], [-70.73580768232486, 43.06064688086252], [-70.73583403262371, 43.06064444190319], [-70.73581846123835, 43.06061342735216], [-70.73587336103301, 43.06063199143954], [-70.73589496040297, 43.06066830259096], [-70.73583754812825, 43.060664863229434], [-70.73583498451923, 43.06066626555962]]], [[[-70.73571784576836, 43.0605830963182], [-70.73573225676803, 43.060579173970304], [-70.73575735831355, 43.06061115050929], [-70.73571784576836, 43.0605830963182]]]]}, "properties": {"Hectares": 0.00298443611, "Acres": 0.00737467274, "Year": "2025", "Name": "Eelgrass", "Confidence": "H", "Notes": "UAV Imagery Used", "Type": 1, "LABEL": "Sagamore Creek", "ID": 103}}, {"type": "Feature", "geometry": {"type": "MultiPolygon", "coordinates": [[[[-70.73560517302086, 43.06050309764319], [-70.73564880120607, 43.06053407408898], [-70.73562706444858, 43.060533607395456], [-70.73560517302086, 43.06050309764319]]], [[[-70.73538363472558, 43.06034580251395], [-70.7355615305443, 43.060472111002824], [-70.73555929399063, 43.0604714940447], [-70.73547292372446, 43.06046228066818], [-70.73540873483455, 43.06042536947542], [-70.73535936638605, 43.06040507116687], [-70.73532673785483, 43.060367681210224], [-70.73532165246677, 43.060390910207964], [-70.73526690193053, 43.060383321782865], [-70.73522410262001, 43.06039238978685], [-70.73516456336114, 43.060418549380685], [-70.73514542904388, 43.06045251501647], [-70.7351078338253, 43.06044256161648], [-70.73506544982928, 43.06046635626634], [-70.73503574989466, 43.06043102652756], [-70.73497257001878, 43.060429879939655], [-70.73491154724204, 43.06040344402763], [-70.73488327143592, 43.06041860580973], [-70.73489379854922, 43.06038477073809], [-70.73484413363462, 43.06035395312766], [-70.73487802897714, 43.06033449671116], [-70.73492363807844, 43.060323281513085], [-70.73495585099064, 43.0603459448842], [-70.73501275851454, 43.06032824416892], [-70.73504754387658, 43.06034034492813], [-70.73507431531947, 43.060373614362156], [-70.73513140085923, 43.060362225032776], [-70.73516044803786, 43.06037441278369], [-70.7351991319999, 43.06032120820795], [-70.7352511914017, 43.0603351516274], [-70.73534013382536, 43.060333802583315], [-70.73538363472558, 43.06034580251395]]]]}, "properties": {"Hectares": 0.04157211634, "Acres": 0.10272652576, "Year": "2025", "Name": "Eelgrass", "Confidence": "H", "Notes": "UAV Imagery Used", "Type": 1, "LABEL": "Little Harbor/Back Channel", "ID": 104}}, {"type": "Feature", "geometry": {"type": "Polygon", "coordinates": [[[-70.73564880120607, 43.06053407408898], [-70.73560517302086, 43.06050309764319], [-70.73558822258671, 43.06047947405563], [-70.7355615305443, 43.060472111002824], [-70.73538363472558, 43.06034580251395], [-70.7354269193597, 43.06035774276554], [-70.7354847170648, 43.06037159903529], [-70.73556481476693, 43.0603619651246], [-70.73564843451143, 43.060375429589115], [-70.73567233717739, 43.060408742403446], [-70.73568225046247, 43.060454895735056], [-70.73573102542451, 43.06045415575986], [-70.7358006406298, 43.06050270349162], [-70.7358417419021, 43.06050100228044], [-70.7358480737929, 43.06051707041967], [-70.7358336878647, 43.06052806482807], [-70.7357941163528, 43.06053189805486], [-70.73575133330947, 43.06052608146648], [-70.73570094920223, 43.06050722992453], [-70.73568450619318, 43.06053484067485], [-70.73564880120607, 43.06053407408898]]]}, "properties": {"Hectares": 0.0287052113, "Acres": 0.07093183815, "Year": "2025", "Name": "Eelgrass", "Confidence": "H", "Notes": "UAV Imagery Used", "Type": 1, "LABEL": "Sagamore Creek", "ID": 105}}, {"type": "Feature", "geometry": {"type": "Polygon", "coordinates": [[[-70.73626627789618, 43.060338306241874], [-70.7362908249734, 43.06032284711477], [-70.73629440141437, 43.06034542273087], [-70.73628340962597, 43.06037252989469], [-70.73625816325968, 43.060363214511405], [-70.73626627789618, 43.060338306241874]]]}, "properties": {"Hectares": 0.00097494806, "Acres": 0.00240913948, "Year": "2025", "Name": "Eelgrass", "Confidence": "H", "Notes": "UAV Imagery Used", "Type": 1, "LABEL": "Sagamore Creek", "ID": 106}}, {"type": "Feature", "geometry": {"type": "Polygon", "coordinates": [[[-70.73623029262484, 43.060312989616946], [-70.73624743398152, 43.06029548765854], [-70.7362596722906, 43.06031254375369], [-70.73625263140201, 43.06032342674604], [-70.73623029262484, 43.060312989616946]]]}, "properties": {"Hectares": 0.00037250037, "Acres": 0.00092046478, "Year": "2025", "Name": "Eelgrass", "Confidence": "H", "Notes": "UAV Imagery Used", "Type": 1, "LABEL": "Sagamore Creek", "ID": 107}}, {"type": "Feature", "geometry": {"type": "Polygon", "coordinates": [[[-70.73398369625147, 43.06037752084717], [-70.73394808084296, 43.06033596633457], [-70.73387300952147, 43.06032026635793], [-70.7338073757262, 43.06033388932018], [-70.733769662192, 43.060319727842376], [-70.7338895125975, 43.06029475967015], [-70.73397224238661, 43.06027666812467], [-70.73402962458047, 43.060275798423724], [-70.73405633614588, 43.060306964290376], [-70.73411490451224, 43.06034817086711], [-70.73413833188071, 43.06036465348898], [-70.73417210884035, 43.06034098964575], [-70.73426936209674, 43.06032899188578], [-70.73425640284535, 43.06027657045588], [-70.73429000177157, 43.06024659513145], [-70.73430840269533, 43.060288410492994], [-70.73438751809961, 43.06031723280806], [-70.73439332706474, 43.06034815982819], [-70.73441980157276, 43.06037091034316], [-70.73439433545333, 43.0603839246949], [-70.73435757081138, 43.06040342446522], [-70.73427747283895, 43.06041305753474], [-70.73427329883889, 43.06036681707891], [-70.73422745233333, 43.06036961675672], [-70.7342081988864, 43.060399374613006], [-70.73417412536179, 43.06041251938741], [-70.73413712339756, 43.06042360382456], [-70.73408553860868, 43.060426490423325], [-70.73401626467984, 43.060412807384864], [-70.73398369625147, 43.06037752084717]]]}, "properties": {"Hectares": 0.0413353537, "Acres": 0.10214147487, "Year": "2025", "Name": "Eelgrass", "Confidence": "H", "Notes": "UAV Imagery Used", "Type": 1, "LABEL": "Little Harbor/Back Channel", "ID": 108}}, {"type": "Feature", "geometry": {"type": "MultiPolygon", "coordinates": [[[[-70.7346018015152, 43.060412350100734], [-70.73465362356428, 43.0604178785313], [-70.73474632518807, 43.06044804367486], [-70.73483293267184, 43.06046567286292], [-70.73488164833049, 43.06046282943443], [-70.73488960300635, 43.06043955694615], [-70.73494178111542, 43.060457708135765], [-70.73491948086804, 43.06048119816943], [-70.7348831316789, 43.06051542481194], [-70.734816607943, 43.06049749112559], [-70.73478839140095, 43.06051475670033], [-70.73474863903171, 43.060530092469584], [-70.73474195152367, 43.060496518433474], [-70.73470811537722, 43.06051807862677], [-70.73466442598625, 43.060495589194566], [-70.73473263222134, 43.06047140316136], [-70.73465194096765, 43.060459998340306], [-70.73461955012903, 43.06043102343684], [-70.7346018015152, 43.060412350100734]]], [[[-70.7346018015152, 43.060412350100734], [-70.73459733717716, 43.06046168494967], [-70.73456550541248, 43.06047940938701], [-70.73456719416424, 43.060406560651685], [-70.7346018015152, 43.060412350100734]]]]}, "properties": {"Hectares": 0.01607363302, "Acres": 0.0397186533, "Year": "2025", "Name": "Eelgrass", "Confidence": "H", "Notes": "UAV Imagery Used", "Type": 1, "LABEL": "Little Harbor/Back Channel", "ID": 109}}, {"type": "Feature", "geometry": {"type": "Polygon", "coordinates": [[[-70.87361056109415, 43.080618487907095], [-70.8734457401046, 43.08057458794169], [-70.87309847122746, 43.080588496009405], [-70.87288732492134, 43.080468630953376], [-70.87297009288675, 43.08005620217293], [-70.87304540559552, 43.079767217491785], [-70.87320231849165, 43.07957966504613], [-70.8734287449122, 43.07946496728563], [-70.87351676757723, 43.07922510297838], [-70.87357353890914, 43.079063854441465], [-70.87377791847199, 43.078961849275295], [-70.87398016801201, 43.07878999609624], [-70.87399951751831, 43.078606198683254], [-70.87400947610827, 43.078279784496644], [-70.87409937385063, 43.07810155006064], [-70.874419197446, 43.07792365915488], [-70.8745525544305, 43.07769949414252], [-70.87540685770918, 43.07662327726497], [-70.8756182705539, 43.07649484476542], [-70.87574198295152, 43.076285635121515], [-70.87582574163433, 43.076090234846774], [-70.87597035807524, 43.07560135743693], [-70.87620459158016, 43.075237826387614], [-70.87644567139446, 43.07486904412147], [-70.87657716486721, 43.07458427382607], [-70.87663703241961, 43.07424929412036], [-70.87671572159067, 43.07384206764192], [-70.87695355041986, 43.07359665979434], [-70.87727330018316, 43.073509198357556], [-70.87758865747804, 43.07327793219896], [-70.8777686067932, 43.07320304064491], [-70.87785920873121, 43.07318613816816], [-70.87809023586016, 43.07317720718748], [-70.8784739732808, 43.073119522442525], [-70.87862250250032, 43.073163329264645], [-70.87880888474933, 43.07329900588568], [-70.87880360551988, 43.07335561526884], [-70.87874061175123, 43.07358787896139], [-70.87864023534954, 43.07374368013428], [-70.87839754858652, 43.07382988005821], [-70.87795948704095, 43.07394497902339], [-70.87786240229858, 43.074208632400705], [-70.87802686303523, 43.074278281663766], [-70.87805369914012, 43.074422539147704], [-70.87799982933433, 43.07456812154505], [-70.87780398741916, 43.07476536329672], [-70.87770885998228, 43.07488202544755], [-70.87768617413857, 43.07502051865479], [-70.87747537297997, 43.075168676496546], [-70.87736506376348, 43.07542989090927], [-70.87736427535839, 43.075554501998546], [-70.87718153270252, 43.07570019936256], [-70.87708595733471, 43.075767013290644], [-70.87690971350565, 43.076036280921095], [-70.87676324989536, 43.07619956171245], [-70.87671281676093, 43.0762403783536], [-70.87667501798998, 43.0763188722779], [-70.87664602068284, 43.07640353590007], [-70.87662888715683, 43.076500633085566], [-70.87657238764496, 43.076624895227525], [-70.8765960286875, 43.076722165414395], [-70.87664838400457, 43.0767819218655], [-70.8767166553746, 43.07683636591157], [-70.87673563769157, 43.07685625960333], [-70.87676885677614, 43.076891073555544], [-70.87680336035758, 43.076967960385666], [-70.87680209219553, 43.07700165635983], [-70.8768061347983, 43.07705883782359], [-70.87680375261226, 43.07713127851726], [-70.87676621505265, 43.077180723344284], [-70.87649860775886, 43.07749987087749], [-70.8763218205727, 43.07758695855092], [-70.8761692599343, 43.0776447090319], [-70.87607154908446, 43.077735761149675], [-70.87596607958947, 43.07798184617407], [-70.87584998626956, 43.07809151041671], [-70.8757236460774, 43.078241752750785], [-70.87551649457714, 43.07852886238233], [-70.87543444577803, 43.078662803473144], [-70.87534334983312, 43.078816424409005], [-70.87535450457348, 43.078880897854894], [-70.87526016074737, 43.078980775895744], [-70.87518919005637, 43.0793997848481], [-70.87518913236553, 43.07951554414891], [-70.87516077786809, 43.07964492164144], [-70.87508873461132, 43.07975396826508], [-70.8749093141994, 43.07987266736365], [-70.874783300967, 43.07997733657728], [-70.87437667617348, 43.08022498761121], [-70.87434671182827, 43.08027809599768], [-70.87427727548904, 43.0803550027596], [-70.87419081243193, 43.080438502524], [-70.87410741139057, 43.080528266150345], [-70.87400392124646, 43.08061835880847], [-70.87393320143823, 43.08065319244315], [-70.87385884214086, 43.08066282928528], [-70.87381853612605, 43.080659280109735], [-70.87371196730304, 43.08064839747208], [-70.87361056109415, 43.080618487907095]]]}, "properties": {"Hectares": 9.8652179351, "Acres": 24.37738690125, "Year": "2025", "Name": "Sparse Eelgrass", "Confidence": "H", "Notes": "UAV Imagery Used", "Type": 0, "LABEL": "Great Bay", "ID": 110}}, {"type": "Feature", "geometry": {"type": "Polygon", "coordinates": [[[-70.89758392964272, 43.064396201426625], [-70.89761141153356, 43.06438330265344], [-70.8976240533386, 43.0643608734579], [-70.89762105465518, 43.06434225881987], [-70.89760307887089, 43.06430967213501], [-70.8976108470708, 43.06428643500123], [-70.89760165362318, 43.064263479218084], [-70.89758158368222, 43.06424159262563], [-70.89759573850888, 43.06422891491566], [-70.89763715031691, 43.064235338235065], [-70.89766272981471, 43.06423935782628], [-70.89766320130526, 43.06421535294606], [-70.89764654671914, 43.0641862994713], [-70.89764734712608, 43.064172954494595], [-70.89763093923958, 43.06415189594492], [-70.89759412698763, 43.06413739730881], [-70.89759492740566, 43.0641240523322], [-70.89761670777297, 43.06412280227147], [-70.89764220499545, 43.06412415689229], [-70.89765773578148, 43.064116789030244], [-70.89768163772483, 43.064105727184796], [-70.8977044377566, 43.06409823873309], [-70.89771258963412, 43.06408743814709], [-70.89771179474434, 43.06406167671337], [-70.89774902361374, 43.064050393780974], [-70.89776499840944, 43.06401813269904], [-70.8977848545087, 43.06399380624935], [-70.8978111520499, 43.06398181585456], [-70.89784733378322, 43.063975882941385], [-70.89786038660345, 43.06396677860168], [-70.89785317760345, 43.06392956943481], [-70.89784059621333, 43.063914668894334], [-70.89780152544789, 43.063905540471914], [-70.89779951898777, 43.06387979913703], [-70.8978112506121, 43.06386716159873], [-70.89781838278294, 43.06386259938115], [-70.89783047074951, 43.06386151006961], [-70.89783487831572, 43.06384721647035], [-70.89784060706371, 43.063836456073275], [-70.89786001365874, 43.06387612922669], [-70.89784825463114, 43.06388787844454], [-70.89784500378057, 43.06390037529481], [-70.89786226685194, 43.06390986548724], [-70.89787143292642, 43.063931932924724], [-70.89788966083823, 43.06393340808646], [-70.89791198938508, 43.06394992447535], [-70.89791149057731, 43.06397304103051], [-70.89790336616234, 43.06398472995523], [-70.89787459073293, 43.06399498391727], [-70.89783210458386, 43.06399302240596], [-70.89780209018629, 43.064002408123585], [-70.89778322634496, 43.06401960787729], [-70.8977813788929, 43.064038302904486], [-70.89781180448203, 43.06404224207083], [-70.89783267480193, 43.06405078364584], [-70.89783947805032, 43.06403556152379], [-70.89787160860327, 43.0640554704295], [-70.89787119201773, 43.064081251960076], [-70.89787534747876, 43.06409806984147], [-70.89790623912073, 43.0641171105104], [-70.89789871776705, 43.06414834258908], [-70.89788277581528, 43.06414238560541], [-70.89787468418366, 43.06411585644498], [-70.89783668776823, 43.06410226631202], [-70.8978095678383, 43.06408760695438], [-70.89779896548183, 43.064097559418585], [-70.89780251243118, 43.06413394055688], [-70.89779724964252, 43.06415980248138], [-70.89777857763048, 43.06418322051148], [-70.89778383497412, 43.06419646499704], [-70.89780836738862, 43.064205834605595], [-70.89781532969481, 43.06423504884494], [-70.89782216580761, 43.06418160864053], [-70.89784543185336, 43.06418922168942], [-70.89787128546791, 43.064202124486165], [-70.89786547445651, 43.06421021990912], [-70.89785374278057, 43.064222857453274], [-70.89785591375308, 43.06425392873625], [-70.89783853551839, 43.0642799916524], [-70.8978121007987, 43.06428754042757], [-70.89779656998948, 43.0642949083108], [-70.89774882081399, 43.06431880869673], [-70.89769955854294, 43.06433295758291], [-70.89767139145174, 43.06432364824346], [-70.89763857004571, 43.06432063756148], [-70.8976461408295, 43.064330288558494], [-70.89766849687012, 43.064347693317586], [-70.89764872284327, 43.064374684726104], [-70.89763599881705, 43.06439444894831], [-70.89766474706336, 43.06438330671736], [-70.89768721828005, 43.06436515836419], [-70.89770227764645, 43.06438179537642], [-70.89768484449175, 43.064406081620035], [-70.89761853822345, 43.06441784685712], [-70.89759185673901, 43.06441740065511], [-70.89758392964272, 43.064396201426625]]]}, "properties": {"Hectares": 0.05930415726, "Acres": 0.14654317785, "Year": "2025", "Name": "Eelgrass", "Confidence": "H", "Notes": "UAV Imagery Used", "Type": 1, "LABEL": "Great Bay", "ID": 111}}, {"type": "Feature", "geometry": {"type": "Polygon", "coordinates": [[[-70.89847409849968, 43.063829877691866], [-70.89846691683186, 43.06382428663587], [-70.89846130290971, 43.06379949395864], [-70.89848264440526, 43.0637840305362], [-70.89851299264245, 43.063746198139775], [-70.89848394322209, 43.063747569002025], [-70.8984592961788, 43.06377375264015], [-70.89844032291215, 43.063787399198105], [-70.89842151415685, 43.06380637570297], [-70.89839989844121, 43.063812955864556], [-70.89836776785195, 43.06379304710731], [-70.89838930130585, 43.06378380197685], [-70.89841672791226, 43.06376912636838], [-70.8983920584887, 43.06375531526313], [-70.8983760617563, 43.06374758169673], [-70.89835640300383, 43.063739020115676], [-70.89834861283549, 43.063722262565236], [-70.89836290448049, 43.06371402639117], [-70.89838206967757, 43.06370659811945], [-70.8984087234329, 43.063706155817925], [-70.8984061856167, 43.0637417491321], [-70.8984556391883, 43.063733818227135], [-70.89848199132575, 43.063723604333724], [-70.89846544618041, 43.06369810428046], [-70.8984834546675, 43.063692472748926], [-70.89851021809974, 43.063695583723764], [-70.89855512712383, 43.06369750477419], [-70.8985582955546, 43.063682342931436], [-70.89853604920282, 43.0636684916443], [-70.8985163630335, 43.063659041765625], [-70.89848902378013, 43.06363727596766], [-70.8984810690659, 43.06361518847653], [-70.89850397849885, 43.063611253170116], [-70.89854679345554, 43.06362387433587], [-70.89855973143564, 43.06365032302138], [-70.89859219107667, 43.063680891624266], [-70.89858095324898, 43.06370951908775], [-70.89855848253507, 43.06372766760886], [-70.89854099505617, 43.063750177325886], [-70.89851653998586, 43.063782579250336], [-70.89853242705829, 43.063786759496836], [-70.89859451703052, 43.06379550564308], [-70.89858526845374, 43.06377077329299], [-70.89860812309159, 43.063765061314975], [-70.89863064372454, 43.063787795835665], [-70.89869603923047, 43.06378582170682], [-70.8986941146737, 43.063762745368734], [-70.89870950811847, 43.063750935743414], [-70.89872908464872, 43.06375683228821], [-70.89873566338909, 43.06377360991889], [-70.89877473419736, 43.06378273802135], [-70.89876567268611, 43.063803330360706], [-70.89872337862333, 43.063807587452146], [-70.89867499944937, 43.063811056741386], [-70.89865200768469, 43.06381232710862], [-70.89864000201479, 43.063816081481136], [-70.89859385394377, 43.063813292247616], [-70.89856472222812, 43.063811998156275], [-70.89857240277831, 43.063825202390866], [-70.89859335539171, 43.06383640880145], [-70.8986105637108, 43.063844122229455], [-70.89863708040656, 43.06383923824926], [-70.89868064088232, 43.06383673773125], [-70.89869347415522, 43.06382052669893], [-70.89871393315231, 43.06381574324013], [-70.89873956738563, 43.06382153924244], [-70.8987605200271, 43.063832745621845], [-70.8987450717231, 43.06384277860449], [-70.89870891758848, 43.06384960012354], [-70.89868614520108, 43.06385797709645], [-70.89870392944387, 43.06388434533142], [-70.8987257645453, 43.06388487171108], [-70.89874212272896, 43.063865047049696], [-70.8987479335923, 43.0638569515846], [-70.89878529926334, 43.06385010994445], [-70.89878716900752, 43.06387140963042], [-70.89878684751812, 43.06387161842348], [-70.8987717206985, 43.063881442616676], [-70.89875349278594, 43.06387996759559], [-70.89874539596994, 43.06389254490333], [-70.89870343093358, 43.06390746188463], [-70.89868721473208, 43.06389262176489], [-70.89866587815267, 43.0638689788245], [-70.89865197535123, 43.06385054518474], [-70.8986284850325, 43.063874932101186], [-70.89860915527805, 43.0638770304636], [-70.89858952387496, 43.0638693572491], [-70.89857005700975, 43.06386701398048], [-70.89855026108323, 43.063854010809656], [-70.89852845341468, 43.06385437272117], [-70.89851738505179, 43.0638492237258], [-70.89853498225285, 43.063830267311786], [-70.8985248786371, 43.06381710328664], [-70.89850527468464, 43.063810318382004], [-70.89850579568746, 43.0638271965557], [-70.89848927291008, 43.06384169123509], [-70.89847409849968, 43.063829877691866]]]}, "properties": {"Hectares": 0.03336081775, "Acres": 0.08243604622, "Year": "2025", "Name": "Eelgrass", "Confidence": "H", "Notes": "UAV Imagery Used", "Type": 1, "LABEL": "Great Bay", "ID": 112}}, {"type": "Feature", "geometry": {"type": "Polygon", "coordinates": [[[-70.89801146866627, 43.06428645483966], [-70.89801501818575, 43.064254177674705], [-70.8980127155872, 43.06422866345347], [-70.89799898955003, 43.06417667535885], [-70.89798233748269, 43.06412806873201], [-70.89797449787002, 43.06407042809827], [-70.89796837830198, 43.064019424776816], [-70.89795186337247, 43.063975259769], [-70.89797767713058, 43.0639770534552], [-70.89799484981673, 43.0639934331703], [-70.89799447423071, 43.064003054875435], [-70.89799315739802, 43.06403678927491], [-70.89800189463101, 43.06407441746422], [-70.89801575771686, 43.064130847185424], [-70.8980319300539, 43.06416390811721], [-70.8980402903775, 43.06418932183324], [-70.89806578921292, 43.064230004845754], [-70.89806523431545, 43.064261121350675], [-70.89807517763843, 43.06428873074923], [-70.89806746181013, 43.06433329776379], [-70.89803356170357, 43.06431497363847], [-70.89801146866627, 43.06428645483966]]]}, "properties": {"Hectares": 0.0118898307, "Acres": 0.02938029398, "Year": "2025", "Name": "Eelgrass", "Confidence": "H", "Notes": "UAV Imagery Used", "Type": 1, "LABEL": "Great Bay", "ID": 113}}, {"type": "Feature", "geometry": {"type": "Polygon", "coordinates": [[[-70.89877048134264, 43.06393945608041], [-70.89879288915583, 43.06392908538691], [-70.89881130220738, 43.06393655659348], [-70.89881384509714, 43.06396984363537], [-70.89880974749336, 43.06398435432176], [-70.898779698977, 43.06399262988864], [-70.89876561745416, 43.064027303830755], [-70.8987311970373, 43.064041206820995], [-70.89870166877891, 43.06401725545744], [-70.89871027540465, 43.06400155896333], [-70.89873860382554, 43.06398664611557], [-70.89873323781269, 43.06396007177808], [-70.89876504071377, 43.06395954393267], [-70.89877048134264, 43.06393945608041]]]}, "properties": {"Hectares": 0.00549118282, "Acres": 0.01356895398, "Year": "2025", "Name": "Eelgrass", "Confidence": "H", "Notes": "UAV Imagery Used", "Type": 1, "LABEL": "Great Bay", "ID": 114}}, {"type": "Feature", "geometry": {"type": "MultiPolygon", "coordinates": [[[[-70.89808932408428, 43.06448728539903], [-70.89808858081066, 43.06448737317197], [-70.89806275504041, 43.0644753581427], [-70.89807135058099, 43.06443966428942], [-70.89806939886107, 43.06441570019342], [-70.89812609475445, 43.064406760680384], [-70.89814459653172, 43.064417118799184], [-70.89811477461188, 43.06443272250036], [-70.89810576786667, 43.064455091802095], [-70.89813503625875, 43.06446082749147], [-70.89816141676778, 43.06445150219561], [-70.89817972664937, 43.06445564218314], [-70.89818140424947, 43.064470723241975], [-70.89820456144713, 43.0644747827963], [-70.89815772219336, 43.06448889225438], [-70.89814838520859, 43.06450060103633], [-70.89812360647596, 43.06448323699774], [-70.89808932408428, 43.06448728539903]]], [[[-70.89820456144713, 43.0644747827963], [-70.89823837434845, 43.06447066671], [-70.8982646725921, 43.06445867647997], [-70.89820627165, 43.06445164669866], [-70.89818805393314, 43.064447349405704], [-70.89817997856613, 43.06442453055536], [-70.89820933042782, 43.06443293111626], [-70.8982434997314, 43.06444036297518], [-70.89827860761147, 43.06443889166483], [-70.89827773024065, 43.064410465951475], [-70.89828230211033, 43.06440150160335], [-70.8983164178228, 43.064407157713234], [-70.89832814912526, 43.06439451952778], [-70.89835510540037, 43.064403849462096], [-70.89836989039927, 43.06441160294505], [-70.89841471783016, 43.06441085906342], [-70.8984507617758, 43.06440048458171], [-70.89845979703517, 43.0643790035382], [-70.89847414331066, 43.064372544152434], [-70.89848452595206, 43.064355484539504], [-70.89844647410709, 43.06434011835607], [-70.89845674829728, 43.06431950551132], [-70.89848744911129, 43.06432445942345], [-70.89850669596547, 43.06432756510927], [-70.89851240806811, 43.06433079392948], [-70.89850473908824, 43.0643427064788], [-70.89851349392325, 43.06435144877568], [-70.89849228866254, 43.06437135426933], [-70.89849915829735, 43.06437790640506], [-70.89847843596192, 43.06439380312047], [-70.89847871019656, 43.06440268705385], [-70.89848157196661, 43.06441685969987], [-70.89844318601128, 43.06442993933037], [-70.89840948282706, 43.06443760869049], [-70.8983831572301, 43.06444871154975], [-70.89837404087629, 43.064467526756744], [-70.89839860034193, 43.06447778521214], [-70.8983664102571, 43.06449520579392], [-70.8983381601908, 43.06448323195655], [-70.89832929565888, 43.064470935533855], [-70.89830522976366, 43.06447666742668], [-70.8982987048253, 43.06446166680429], [-70.89825445437788, 43.06448106589532], [-70.89820456144713, 43.0644747827963]]]]}, "properties": {"Hectares": 0.01967785247, "Acres": 0.0486248379, "Year": "2025", "Name": "Eelgrass", "Confidence": "H", "Notes": "UAV Imagery Used", "Type": 1, "LABEL": "Great Bay", "ID": 115}}, {"type": "Feature", "geometry": {"type": "Polygon", "coordinates": [[[-70.89801670177309, 43.06449923080957], [-70.89800399199234, 43.06449588655793], [-70.89799623807136, 43.06449601520256], [-70.8979823836008, 43.064487001748404], [-70.89799190054839, 43.06448115566309], [-70.89799650550043, 43.06447325799968], [-70.89800820217275, 43.0644751970128], [-70.89802095581312, 43.06447996258421], [-70.89802996408757, 43.06448905643789], [-70.89801670177309, 43.06449923080957]]]}, "properties": {"Hectares": 0.00065670236, "Acres": 0.00162274037, "Year": "2025", "Name": "Eelgrass", "Confidence": "H", "Notes": "UAV Imagery Used", "Type": 1, "LABEL": "Great Bay", "ID": 116}}, {"type": "Feature", "geometry": {"type": "Polygon", "coordinates": [[[-70.89781910811593, 43.06434963877938], [-70.89782076150847, 43.064340368037676], [-70.89783820778868, 43.064340078615665], [-70.897854575181, 43.06433625196642], [-70.89786206592342, 43.06432759541], [-70.8978615834654, 43.06431196088669], [-70.89786905227403, 43.06430259366972], [-70.89788244615343, 43.064296683277554], [-70.89790081779623, 43.064294956443334], [-70.89788096821138, 43.06431163929805], [-70.89788420487571, 43.0643222509616], [-70.89788852042999, 43.06433639984602], [-70.89787836320822, 43.06435292190424], [-70.89785228150278, 43.06435619868846], [-70.8978390630454, 43.06436779436013], [-70.89782903738276, 43.064388580375066], [-70.89781339798974, 43.0643845736786], [-70.89782472183802, 43.064374431488254], [-70.8978233578686, 43.06436165568447], [-70.89781910811593, 43.06434963877938]]]}, "properties": {"Hectares": 0.00230220039, "Acres": 0.00568883829, "Year": "2025", "Name": "Eelgrass", "Confidence": "H", "Notes": "UAV Imagery Used", "Type": 1, "LABEL": "Great Bay", "ID": 117}}, {"type": "Feature", "geometry": {"type": "MultiPolygon", "coordinates": [[[[-70.89788331513047, 43.06454481621751], [-70.8978864860178, 43.06455329589996], [-70.89789752048834, 43.06456520024527], [-70.89786828973853, 43.06456070801273], [-70.89784773830331, 43.06455464973888], [-70.89786201375918, 43.06454588062697], [-70.89788331513047, 43.06454481621751]]], [[[-70.89778238249141, 43.06454222449265], [-70.8977664799137, 43.06452968986713], [-70.89778086502153, 43.064524474065976], [-70.8977993902414, 43.06452772186933], [-70.89781657342007, 43.0645189045263], [-70.89783761162575, 43.06450931220388], [-70.89786261450608, 43.0645024982006], [-70.89785453163414, 43.0644919669337], [-70.89782043279239, 43.06448684442623], [-70.89781816536926, 43.06447621668207], [-70.89784829952582, 43.064478560868636], [-70.897869026376, 43.06449030442241], [-70.8978899768421, 43.06447786945011], [-70.8979274043744, 43.06446516111614], [-70.8979212995487, 43.06448730413888], [-70.89790821266084, 43.064503163779165], [-70.8979279483596, 43.06451421274304], [-70.89793211042274, 43.06452338700435], [-70.89794645165225, 43.06451674986241], [-70.89797561659196, 43.064519110095105], [-70.89795761771447, 43.064532918162435], [-70.89794221951766, 43.0645367287455], [-70.89792175580678, 43.064533513125305], [-70.89791746216014, 43.064520074903065], [-70.89789829665376, 43.064527503100216], [-70.89788331513047, 43.06454481621751], [-70.89786952645524, 43.06453793473002], [-70.89788281073307, 43.064528471034926], [-70.89787774522705, 43.06452144483159], [-70.89789384949971, 43.06450909025619], [-70.89788296855238, 43.06450216053101], [-70.89785140029102, 43.06451619369548], [-70.89782756401156, 43.06452938755851], [-70.89781432358384, 43.06454027256762], [-70.89778238249141, 43.06454222449265]]]]}, "properties": {"Hectares": 0.00508149231, "Acres": 0.01255659074, "Year": "2025", "Name": "Eelgrass", "Confidence": "H", "Notes": "UAV Imagery Used", "Type": 1, "LABEL": "Great Bay", "ID": 118}}, {"type": "Feature", "geometry": {"type": "Polygon", "coordinates": [[[-70.89772588912025, 43.06447916949305], [-70.89774897723385, 43.06447465786172], [-70.89776565098076, 43.064471399654956], [-70.89777297034463, 43.06447127823479], [-70.89778624732787, 43.0644710579831], [-70.89777085352672, 43.064482867492735], [-70.89774686922283, 43.06449126438139], [-70.89770994160267, 43.064512318893414], [-70.8977095578575, 43.064499882340066], [-70.89772588912025, 43.06447916949305]]]}, "properties": {"Hectares": 0.00104071452, "Acres": 0.0025716513, "Year": "2025", "Name": "Eelgrass", "Confidence": "H", "Notes": "UAV Imagery Used", "Type": 1, "LABEL": "Great Bay", "ID": 119}}, {"type": "Feature", "geometry": {"type": "Polygon", "coordinates": [[[-70.89758568890426, 43.06461036820984], [-70.89756393577214, 43.064612506593186], [-70.89755870584466, 43.06460015042193], [-70.89754163447712, 43.06459687846474], [-70.89751773231976, 43.06460794028414], [-70.89749840229118, 43.06461003846372], [-70.8974841925446, 43.06462093951222], [-70.89746348651602, 43.06461772782924], [-70.89743920064394, 43.06461635307772], [-70.89741752972273, 43.064621156410986], [-70.89740516753727, 43.064613362426456], [-70.89743267696927, 43.06460135202056], [-70.89747389716517, 43.06460155711682], [-70.89750151620773, 43.06459309999603], [-70.89752315970458, 43.06458740832339], [-70.8975545230228, 43.06458244420411], [-70.89758585892706, 43.06457659175105], [-70.89757894592596, 43.064588260557805], [-70.89757318965786, 43.06459813261732], [-70.89758568890426, 43.06461036820984]]]}, "properties": {"Hectares": 0.00277377747, "Acres": 0.00685412598, "Year": "2025", "Name": "Eelgrass", "Confidence": "H", "Notes": "UAV Imagery Used", "Type": 1, "LABEL": "Great Bay", "ID": 120}}, {"type": "Feature", "geometry": {"type": "Polygon", "coordinates": [[[-70.8969255026032, 43.06458558805163], [-70.89692523957166, 43.06457706012563], [-70.89690893781021, 43.064583018624006], [-70.89690089892613, 43.064573908608], [-70.89692867815317, 43.06456278262956], [-70.8969292747665, 43.06455068532943], [-70.89691460462768, 43.064546662438346], [-70.89690178529771, 43.064539764760696], [-70.896913262761, 43.064534597281025], [-70.89692652527002, 43.06452442303375], [-70.8969393445994, 43.0645313207086], [-70.89696491750755, 43.06454298407243], [-70.89695569018342, 43.064526783527164], [-70.89697111036338, 43.06452368373624], [-70.89698377625795, 43.06452560678271], [-70.89700770040403, 43.06451525573396], [-70.89702618174391, 43.06451708234247], [-70.89702089238628, 43.064534234627644], [-70.896999590998, 43.06453529887665], [-70.89697954380878, 43.064545585636104], [-70.89696839514579, 43.064561413029644], [-70.89698028908555, 43.064569748092474], [-70.8969987046808, 43.06456944272369], [-70.8970182868008, 43.06457551722384], [-70.89701870328786, 43.06458901977265], [-70.89699147682724, 43.06458662715181], [-70.89696116728454, 43.06457859745599], [-70.89695411955498, 43.06457018203255], [-70.89694565941221, 43.06457885460386], [-70.89692975220069, 43.06459760499404], [-70.89691411280828, 43.06459359817466], [-70.8969255026032, 43.06458558805163]]]}, "properties": {"Hectares": 0.00424985972, "Acres": 0.01050159006, "Year": "2025", "Name": "Eelgrass", "Confidence": "H", "Notes": "UAV Imagery Used", "Type": 1, "LABEL": "Great Bay", "ID": 121}}, {"type": "Feature", "geometry": {"type": "Polygon", "coordinates": [[[-70.89357159537981, 43.064024551048206], [-70.89356896737335, 43.06402789251471], [-70.893489741842, 43.06406912951079], [-70.89342617226188, 43.06408059705367], [-70.89344285923671, 43.064007413120436], [-70.89340848647794, 43.0640444358931], [-70.89336171079768, 43.063986189498316], [-70.89331077392056, 43.06402348638205], [-70.89327995864711, 43.0640222604681], [-70.89321133602775, 43.06402339612477], [-70.89324592253215, 43.0639933134687], [-70.8932896003109, 43.0639509290534], [-70.8932430384509, 43.06389962266517], [-70.89319162090327, 43.0639213043622], [-70.89314240939501, 43.063937741833364], [-70.89316436332419, 43.063881829768135], [-70.89316576829809, 43.06385056033963], [-70.89309106167727, 43.06388477868222], [-70.89305578090882, 43.06389230609625], [-70.89301905826538, 43.063852988091156], [-70.89294333695105, 43.06385424105067], [-70.89291117006293, 43.063886019478964], [-70.89287115668431, 43.063893625143486], [-70.89288627896894, 43.0638465056611], [-70.89286112091844, 43.063798316760405], [-70.89286967830796, 43.06376866488999], [-70.8929636890147, 43.06374627856357], [-70.89297503984113, 43.06373046765332], [-70.8928989448843, 43.063719575473804], [-70.8928118194683, 43.06373490423132], [-70.89283430760302, 43.06369634237697], [-70.89285416243968, 43.06364914459399], [-70.89283195814495, 43.06362000170029], [-70.89286654461908, 43.06358991915768], [-70.89291344304866, 43.06357525597687], [-70.89294103741912, 43.06354876090323], [-70.89289065137424, 43.06352702792542], [-70.89285892860117, 43.06349630663154], [-70.89285570797017, 43.06346858553718], [-70.89284022879303, 43.06342718007851], [-70.89279140823075, 43.06337938266997], [-70.8927712499726, 43.06333979051695], [-70.89281195714939, 43.063354740094724], [-70.89285540439633, 43.063381795613736], [-70.89292365252255, 43.063368515076284], [-70.89290016674825, 43.063297731823496], [-70.89295028560839, 43.06331078972465], [-70.89297997911609, 43.06327558041234], [-70.89296917904377, 43.06323236164593], [-70.89299645283788, 43.06319545646863], [-70.89302152053898, 43.06316379548659], [-70.89306685338053, 43.06317519663372], [-70.8931185742919, 43.06324030492019], [-70.89320025572366, 43.063278878889086], [-70.89320660683745, 43.0632544711998], [-70.89330335676364, 43.06324419055592], [-70.89331385286117, 43.063200619373546], [-70.89330127380603, 43.06317652496916], [-70.89337694085941, 43.06317353677352], [-70.89336361403491, 43.06312515216626], [-70.8933293113444, 43.063087530103495], [-70.89321192257114, 43.06304260355469], [-70.89315922400178, 43.06302264486166], [-70.8932135411419, 43.06301827418286], [-70.89326275190288, 43.063001836692905], [-70.89330276465182, 43.06299423090222], [-70.89335863065511, 43.06304017559232], [-70.89338407198422, 43.06302065963999], [-70.89345678503709, 43.06299862539303], [-70.8935088427018, 43.0629977637688], [-70.8934786689061, 43.0630173580775], [-70.8934035361687, 43.0630376964867], [-70.89337330890842, 43.06305555575345], [-70.89340545899307, 43.06310015702616], [-70.89343298342429, 43.063148306646234], [-70.89345324886403, 43.06319136870682], [-70.89344301993306, 43.06324361497461], [-70.89332292781896, 43.06326469744483], [-70.89325532079758, 43.06329879839773], [-70.89323783264614, 43.063345957085225], [-70.89324841929722, 43.06338223576121], [-70.89328110356156, 43.0634441872151], [-70.8933462214324, 43.06348303519656], [-70.89342194227221, 43.063481781979114], [-70.89348357228059, 43.06348423373257], [-70.8934392005814, 43.06350406302381], [-70.8934139193144, 43.063528784034816], [-70.89347935784691, 43.063578042025334], [-70.89349225755042, 43.06361254649403], [-70.89351983570855, 43.06366243109816], [-70.8935638335717, 43.06363045667193], [-70.89363099758424, 43.06365885522838], [-70.89364421790907, 43.063703769764864], [-70.89367825404223, 43.06373271664664], [-70.89375160888952, 43.06373150237452], [-70.893775752554, 43.06374672579351], [-70.89380053732152, 43.063782769379614], [-70.89380407894569, 43.063820900523716], [-70.89372593799409, 43.06382045815783], [-70.8936761925078, 43.06381954571012], [-70.89362820986655, 43.06387588872006], [-70.89355222146342, 43.063868467010174], [-70.89356323574246, 43.0639186257653], [-70.89357807451836, 43.06393921093664], [-70.89360769868131, 43.06397864625821], [-70.89357159537981, 43.064024551048206]]]}, "properties": {"Hectares": 0.42279662191, "Acres": 1.04474902639, "Year": "2025", "Name": "Eelgrass", "Confidence": "H", "Notes": "UAV Imagery Used", "Type": 1, "LABEL": "Great Bay", "ID": 122}}, {"type": "Feature", "geometry": {"type": "Polygon", "coordinates": [[[-70.89911907532293, 43.06386412268237], [-70.89912254535278, 43.06385873239767], [-70.8991384050529, 43.06386202423421], [-70.89913916643988, 43.063862490832804], [-70.89914828936155, 43.06386808160563], [-70.89915558601409, 43.06386884925413], [-70.89914743442168, 43.06387964993952], [-70.89913162957679, 43.063878134752045], [-70.89911907532293, 43.06386412268237]]]}, "properties": {"Hectares": 0.00039075468, "Acres": 0.00096557199, "Year": "2025", "Name": "Eelgrass", "Confidence": "H", "Notes": "UAV Imagery Used", "Type": 1, "LABEL": "Great Bay", "ID": 123}}, {"type": "Feature", "geometry": {"type": "Polygon", "coordinates": [[[-70.89897321519717, 43.06392964734418], [-70.89897266663621, 43.0639118808506], [-70.89899549385895, 43.06390528047036], [-70.89897839518905, 43.063901120401916], [-70.89894893429461, 43.063889166511565], [-70.89896333560563, 43.06388448356069], [-70.89899252221709, 43.06388755419907], [-70.89902660983883, 43.06389232103383], [-70.89904596701042, 43.06389111092568], [-70.89903674566655, 43.06386726694086], [-70.89906978631959, 43.06387738382378], [-70.89907377751398, 43.063888871706894], [-70.89906323025805, 43.0639006009334], [-70.89904299069475, 43.06391249105184], [-70.8990541962575, 43.06392208161833], [-70.89908718208328, 43.06393042184477], [-70.89908137125857, 43.063938517326264], [-70.89906440972088, 43.06393879889406], [-70.89903866569388, 43.06392944966606], [-70.89903568937427, 43.06395082979192], [-70.89900661244518, 43.06395131246385], [-70.89897726123398, 43.06394291188169], [-70.89897669640546, 43.063941060146725], [-70.89897321519717, 43.06392964734418]]]}, "properties": {"Hectares": 0.00498090445, "Acres": 0.01230803371, "Year": "2025", "Name": "Eelgrass", "Confidence": "H", "Notes": "UAV Imagery Used", "Type": 1, "LABEL": "Great Bay", "ID": 124}}, {"type": "Feature", "geometry": {"type": "Polygon", "coordinates": [[[-70.89894120304594, 43.06304312070684], [-70.89894717687272, 43.0630065676757], [-70.89897030368961, 43.062988824801835], [-70.89900026139281, 43.06296228904032], [-70.89906162314013, 43.06295606274717], [-70.89902935278784, 43.06298437281305], [-70.89907995474196, 43.063013043092866], [-70.89904021062016, 43.06302932593796], [-70.89900229703282, 43.06302821939699], [-70.89898299204093, 43.063016388560726], [-70.89894120304594, 43.06304312070684]]]}, "properties": {"Hectares": 0.00529705867, "Acres": 0.01308926467, "Year": "2025", "Name": "Sparse Eelgrass", "Confidence": "H", "Notes": "UAV Imagery Used", "Type": 0, "LABEL": "Great Bay", "ID": 125}}, {"type": "Feature", "geometry": {"type": "Polygon", "coordinates": [[[-70.89806939886107, 43.06441570019342], [-70.89802834744748, 43.06444060031529], [-70.8979861831051, 43.06444907668716], [-70.89796722171303, 43.06442383884709], [-70.89796467925342, 43.06439055178054], [-70.89798732724456, 43.064387954084715], [-70.89801919891705, 43.06438964725361], [-70.89802698332305, 43.06434730105472], [-70.89801146866627, 43.06428645483966], [-70.89803356170357, 43.06431497363847], [-70.89806746181013, 43.06433329776379], [-70.89807517763843, 43.06428873074923], [-70.89806523431545, 43.064261121350675], [-70.89806578921292, 43.064230004845754], [-70.8980402903775, 43.06418932183324], [-70.8980319300539, 43.06416390811721], [-70.89801575771686, 43.064130847185424], [-70.89800189463101, 43.06407441746422], [-70.89799315739802, 43.06403678927491], [-70.89805641138085, 43.06406115337228], [-70.89810238830655, 43.06409337261131], [-70.89811701443894, 43.06410701712366], [-70.89816019675258, 43.06412539552005], [-70.89812636229082, 43.064179769755896], [-70.8981513639499, 43.06422275238424], [-70.89820691334411, 43.0642582845477], [-70.8982506312984, 43.064294013004655], [-70.89817049835953, 43.064305758020154], [-70.89813338720175, 43.06433067635369], [-70.89819813415326, 43.06435737642214], [-70.89821846698405, 43.06432579287538], [-70.89829892125134, 43.06432445788415], [-70.89838158115145, 43.06431787854055], [-70.89845133839768, 43.06427679528952], [-70.89847183174227, 43.064250416729024], [-70.89841118227784, 43.06422760666765], [-70.89838510054665, 43.06416804683148], [-70.89834641723681, 43.06414202534751], [-70.89829472957646, 43.064081512780824], [-70.89832863081102, 43.06408023921256], [-70.89838564009366, 43.064073605007536], [-70.89838573189623, 43.06404516252518], [-70.89839551602279, 43.06401655920526], [-70.89838516562763, 43.06399540024356], [-70.89836490356825, 43.06396729551636], [-70.89837812184088, 43.06395569978671], [-70.89838263896324, 43.0639449594688], [-70.89826595832666, 43.063934808227835], [-70.89821773803979, 43.063943429611335], [-70.89817753478972, 43.0639604502404], [-70.89815627644916, 43.0639707573021], [-70.89809308184374, 43.063985137525826], [-70.89802672128442, 43.06399512634144], [-70.89799447423071, 43.064003054875435], [-70.89799484981673, 43.0639934331703], [-70.89797767713058, 43.0639770534552], [-70.89799402739739, 43.0639667834155], [-70.89806021658912, 43.0639512425871], [-70.89806214884086, 43.06391565932849], [-70.89804222808019, 43.06385933011554], [-70.89808611204813, 43.06385749104188], [-70.89811299467812, 43.06384482428666], [-70.89811234355892, 43.06382372656474], [-70.89807517500348, 43.06379767985422], [-70.89810074880491, 43.06379170066739], [-70.89812295106543, 43.06377466766522], [-70.89812976923209, 43.06375011308782], [-70.89806362115047, 43.063717881348076], [-70.89807591444087, 43.063674349357655], [-70.8981218675672, 43.06364136863881], [-70.89818034721438, 43.06362151175693], [-70.89819325076712, 43.06364685008051], [-70.89823489398665, 43.063670600555646], [-70.89822057232332, 43.06369750159395], [-70.89821829745362, 43.06372198079097], [-70.89824159634794, 43.06374048077025], [-70.8982602491823, 43.06375572491251], [-70.89828251349643, 43.06378979570039], [-70.89827703844607, 43.063808773124876], [-70.898250430042, 43.0638303231684], [-70.89824977241865, 43.06385810845547], [-70.89829437610429, 43.06387958783447], [-70.89834101473132, 43.063868815153576], [-70.8984039692323, 43.063846661952454], [-70.898437526429, 43.063853881910184], [-70.89845397941181, 43.06384694302645], [-70.89847409849968, 43.063829877691866], [-70.89848927291008, 43.06384169123509], [-70.89850579568746, 43.0638271965557], [-70.89850527468464, 43.063810318382004], [-70.8985248786371, 43.06381710328664], [-70.89853498225285, 43.063830267311786], [-70.89851738505179, 43.0638492237258], [-70.89852845341468, 43.06385437272117], [-70.89855026108323, 43.063854010809656], [-70.89857005700975, 43.06386701398048], [-70.89858952387496, 43.0638693572491], [-70.89860915527805, 43.0638770304636], [-70.8986284850325, 43.063874932101186], [-70.89865197535123, 43.06385054518474], [-70.89866587815267, 43.0638689788245], [-70.89868721473208, 43.06389262176489], [-70.89870343093358, 43.06390746188463], [-70.89874539596994, 43.06389254490333], [-70.89875349278594, 43.06387996759559], [-70.8987717206985, 43.063881442616676], [-70.89878684751812, 43.06387161842348], [-70.89878716900752, 43.06387140963042], [-70.89878529926334, 43.06385010994445], [-70.8987479335923, 43.0638569515846], [-70.89874212272896, 43.063865047049696], [-70.8987257645453, 43.06388487171108], [-70.89870392944387, 43.06388434533142], [-70.89868614520108, 43.06385797709645], [-70.89870891758848, 43.06384960012354], [-70.8987450717231, 43.06384277860449], [-70.8987605200271, 43.063832745621845], [-70.89873956738563, 43.06382153924244], [-70.89871393315231, 43.06381574324013], [-70.89869347415522, 43.06382052669893], [-70.89868064088232, 43.06383673773125], [-70.89863708040656, 43.06383923824926], [-70.8986105637108, 43.063844122229455], [-70.89859335539171, 43.06383640880145], [-70.89857240277831, 43.063825202390866], [-70.89856472222812, 43.063811998156275], [-70.89859385394377, 43.063813292247616], [-70.89864000201479, 43.063816081481136], [-70.89865200768469, 43.06381232710862], [-70.89867499944937, 43.063811056741386], [-70.89872337862333, 43.063807587452146], [-70.89876567268611, 43.063803330360706], [-70.89877473419736, 43.06378273802135], [-70.89873566338909, 43.06377360991889], [-70.89872908464872, 43.06375683228821], [-70.89870950811847, 43.063750935743414], [-70.8986941146737, 43.063762745368734], [-70.89869603923047, 43.06378582170682], [-70.89863064372454, 43.063787795835665], [-70.89860812309159, 43.063765061314975], [-70.89858526845374, 43.06377077329299], [-70.89859451703052, 43.06379550564308], [-70.89853242705829, 43.063786759496836], [-70.89851653998586, 43.063782579250336], [-70.89854099505617, 43.063750177325886], [-70.89855848253507, 43.06372766760886], [-70.89858095324898, 43.06370951908775], [-70.89859219107667, 43.063680891624266], [-70.89855973143564, 43.06365032302138], [-70.89854679345554, 43.06362387433587], [-70.89850397849885, 43.063611253170116], [-70.8984810690659, 43.06361518847653], [-70.89848902378013, 43.06363727596766], [-70.8985163630335, 43.063659041765625], [-70.89853604920282, 43.0636684916443], [-70.8985582955546, 43.063682342931436], [-70.89855512712383, 43.06369750477419], [-70.89851021809974, 43.063695583723764], [-70.8984834546675, 43.063692472748926], [-70.89846544618041, 43.06369810428046], [-70.89848199132575, 43.063723604333724], [-70.8984556391883, 43.063733818227135], [-70.8984061856167, 43.0637417491321], [-70.8984087234329, 43.063706155817925], [-70.89838206967757, 43.06370659811945], [-70.89836290448049, 43.06371402639117], [-70.89838879049552, 43.06368871099246], [-70.89839072001396, 43.0636726809331], [-70.8984192210058, 43.06365354359511], [-70.89846007905582, 43.063681306527535], [-70.89844350651134, 43.06365491814563], [-70.898376460891, 43.063642699031625], [-70.89831439851892, 43.063634841088295], [-70.89825911184454, 43.06361087264067], [-70.8982531141857, 43.06357364339899], [-70.89825694587027, 43.063540694957936], [-70.89831353139776, 43.06352820187263], [-70.89835246489763, 43.063532888498656], [-70.89836435575641, 43.06356468726293], [-70.89840160654515, 43.06359339885598], [-70.89842784895326, 43.063579631675715], [-70.89847196269702, 43.06355579133547], [-70.89850979437729, 43.06356405131258], [-70.89854456732479, 43.06359102641937], [-70.89856703799443, 43.063572877901414], [-70.89859730381256, 43.063532380509464], [-70.89862026805172, 43.06353022183025], [-70.89863265265778, 43.063578010412456], [-70.89866454131378, 43.06355081776992], [-70.89869425369344, 43.06353166025827], [-70.89871625808964, 43.06349841018918], [-70.89868514713447, 43.06347226313679], [-70.89862677926996, 43.06342701528337], [-70.89860872097613, 43.063391763781844], [-70.89855552342952, 43.063396201766594], [-70.89853632593535, 43.063441848144016], [-70.89847253123394, 43.06341713221383], [-70.89849385019745, 43.06336167406001], [-70.8985276682823, 43.06331845139449], [-70.8985689698726, 43.0633213210874], [-70.89861461902622, 43.0633472268938], [-70.89865856307684, 43.063357162939695], [-70.89869468950651, 43.06334945311651], [-70.89876024908996, 43.063352808909066], [-70.89875757436272, 43.06338396060463], [-70.89869242609834, 43.06339392968476], [-70.89866045526466, 43.06341845735921], [-70.8987148046227, 43.063451328970615], [-70.89877615380846, 43.063436090253354], [-70.89878232598801, 43.063400436607765], [-70.8988269056956, 43.063391697657416], [-70.89884166823437, 43.063359456544624], [-70.8988703883482, 43.06334742569729], [-70.89882851079659, 43.06332590129214], [-70.89876171228859, 43.063321677321724], [-70.8986662210755, 43.06333037244077], [-70.89866303017796, 43.063305539557405], [-70.8986657049512, 43.063274387862855], [-70.89864095340819, 43.06325791183256], [-70.89860663462528, 43.06323337336111], [-70.89855944575791, 43.06317721903211], [-70.89854598829012, 43.063109395142654], [-70.89858518436796, 43.06309069130641], [-70.8986480391032, 43.063102146623315], [-70.89869712864726, 43.063097165740075], [-70.89869811417209, 43.063129089917695], [-70.89871794405234, 43.06315792389657], [-70.8987898782465, 43.06315672997183], [-70.8988456324381, 43.06318357894019], [-70.89890629433016, 43.063185349479845], [-70.89895460513523, 43.0632164881023], [-70.898977921191, 43.06323554313552], [-70.89901660921734, 43.06323894239], [-70.89903112403881, 43.0632141069478], [-70.89897413226514, 43.06317416910739], [-70.89890722897304, 43.063127285517254], [-70.89893405177656, 43.06309306664488], [-70.89897648246888, 43.06309325110865], [-70.899002582692, 43.063114148579466], [-70.89905665766732, 43.06313813678403], [-70.89911395581326, 43.063148739755306], [-70.89916222471592, 43.063141716991616], [-70.89917876998871, 43.06316721694375], [-70.89921916171578, 43.063179878087396], [-70.89920632871127, 43.063196089175186], [-70.89918116101663, 43.0632053947924], [-70.8992236192149, 43.063206467487696], [-70.89928794422802, 43.06316984837124], [-70.89935488423846, 43.06313940726301], [-70.89939853093226, 43.06310046505847], [-70.89935541441982, 43.06307807263611], [-70.89928272314033, 43.06307927948571], [-70.89922418608138, 43.06306780838667], [-70.89919139271798, 43.06306568646293], [-70.89917126776696, 43.06304202349904], [-70.89913756924268, 43.06301058684377], [-70.89911309661338, 43.06296388776187], [-70.89914203592616, 43.06295896344796], [-70.89918804163212, 43.06299641724887], [-70.89924498306117, 43.06299547193589], [-70.89922576789442, 43.06296201729627], [-70.89916891338682, 43.06292652117282], [-70.89912742003679, 43.062917433418626], [-70.89907948044839, 43.062935116061965], [-70.8990449270781, 43.06291524771062], [-70.89901478948163, 43.06289608373075], [-70.89906770767661, 43.06289242785293], [-70.89912591912969, 43.06287618560872], [-70.89918068743556, 43.06287111024657], [-70.89919625713448, 43.062909180411964], [-70.89926391929994, 43.06294138636432], [-70.89932648969341, 43.06295590121067], [-70.89930395080768, 43.06291294737995], [-70.89930708811582, 43.062867345313556], [-70.89934570803183, 43.06284226267537], [-70.8993556447712, 43.06281751737425], [-70.89941823869272, 43.062851196101164], [-70.89950584328989, 43.06285147744454], [-70.89961791411915, 43.06287739094066], [-70.89959865419209, 43.06294367489707], [-70.89951868404674, 43.06296062584784], [-70.89945479535514, 43.0629616866468], [-70.89942505217822, 43.06299516255945], [-70.89946195150112, 43.06302475453747], [-70.89950208036369, 43.06304852969688], [-70.89955463311843, 43.06308209732644], [-70.89958670991126, 43.06309045250471], [-70.89962739298149, 43.06308311111527], [-70.8996998784679, 43.063075241613404], [-70.89972937234288, 43.06309808231871], [-70.8996946439929, 43.06310199193723], [-70.89964174281367, 43.06310620331045], [-70.89961819829539, 43.06312881377135], [-70.89958907628075, 43.06316707049135], [-70.89957933825237, 43.06314612366239], [-70.89956158238641, 43.063110867289296], [-70.89952231080969, 43.063114852293495], [-70.89952010506045, 43.06314155231982], [-70.89955327930814, 43.06318544048699], [-70.89951483620837, 43.063167192231035], [-70.89948103922077, 43.06315219974419], [-70.89944200765984, 43.06316395756114], [-70.89943095549599, 43.063198581291964], [-70.89943645890146, 43.06322959721832], [-70.8994806167072, 43.063236640864105], [-70.89951723678878, 43.06324492062549], [-70.89952367164722, 43.063257034505575], [-70.89949083482836, 43.06327313338046], [-70.89949761262247, 43.063296351318286], [-70.89945235188075, 43.063302657692475], [-70.89941449170385, 43.063303286300425], [-70.8994345562152, 43.06331517388821], [-70.89947939995236, 43.063344425646115], [-70.89952934112272, 43.063342485446434], [-70.89959787213111, 43.06330468534395], [-70.89961810815714, 43.06332212492659], [-70.89959150043866, 43.0633436752709], [-70.89956152093445, 43.063354171845646], [-70.89950896246823, 43.063369487217585], [-70.89947406248196, 43.06336784474405], [-70.89942446421395, 43.0633808889766], [-70.8994131376663, 43.063406629460125], [-70.89947849733423, 43.063413321084774], [-70.899563201392, 43.063408581718626], [-70.89960873656575, 43.063411158543666], [-70.8995913181542, 43.06343588922446], [-70.89952619851343, 43.06343697050409], [-70.89947980049158, 43.06345551649812], [-70.89951407776826, 43.06348605465957], [-70.89956952797277, 43.063466247369156], [-70.899632716307, 43.063500749334544], [-70.89966878781199, 43.06349126255586], [-70.89964672863331, 43.06346385448168], [-70.89965788360783, 43.06343256194945], [-70.89963561867751, 43.06339849143935], [-70.89963600130588, 43.063361822910075], [-70.89965586545114, 43.06331816503453], [-70.89969606849867, 43.06329527794099], [-70.89974869544908, 43.06328218329596], [-70.89977168593286, 43.06329068931014], [-70.89981395211554, 43.06328554351453], [-70.89983707980876, 43.063298491137076], [-70.89981612417435, 43.06333133516351], [-70.89983544014132, 43.06334351285528], [-70.8998721790878, 43.063367899666275], [-70.89987707988216, 43.06340392496526], [-70.89987040822828, 43.06343319885704], [-70.89982729769166, 43.06344780198324], [-70.89983344835566, 43.06346297574608], [-70.89987737354583, 43.06347474474453], [-70.89984975009892, 43.063500200429345], [-70.89980406050448, 43.06349262687747], [-70.89978375183507, 43.063509628759654], [-70.89973947705008, 43.0635478594053], [-70.8997200324181, 43.063531517678165], [-70.8996873729095, 43.06357788773309], [-70.89967515071031, 43.063611419939335], [-70.89968805235796, 43.06364403501045], [-70.89967995150462, 43.06369571876862], [-70.89962487946916, 43.06371796397767], [-70.8995722853346, 43.063741945575515], [-70.89954797234171, 43.063739682941524], [-70.89950529428906, 43.063731503778335], [-70.89946396495588, 43.063727746105414], [-70.89942158869934, 43.06372933847979], [-70.89943813424513, 43.063754838386835], [-70.89950253762355, 43.06375999050919], [-70.89950906170245, 43.06377499144249], [-70.89947290770073, 43.06378181320066], [-70.89944405033664, 43.063789402577875], [-70.89946051360373, 43.06381223750761], [-70.89948198633022, 43.063812207664924], [-70.89951662834437, 43.06382374870303], [-70.89954036521068, 43.06380735653071], [-70.89954169083602, 43.06377178332099], [-70.89956225949128, 43.063770553009526], [-70.89957613510613, 43.063788098209606], [-70.89956010645226, 43.06381858287775], [-70.8995426741932, 43.063842869389795], [-70.89951965500487, 43.06384325160691], [-70.89949509505371, 43.06383299404268], [-70.89947827072514, 43.06383771729181], [-70.89948710813835, 43.06384912469611], [-70.89947917608956, 43.063867031997866], [-70.89948316735952, 43.063878519866826], [-70.89951438860142, 43.06390821998765], [-70.89949062425447, 43.063923723830776], [-70.89949486682305, 43.063904100228534], [-70.89945689763611, 43.06389139896205], [-70.89943170226577, 43.063899816313615], [-70.89940107396897, 43.06390118160404], [-70.89935793564909, 43.06390548496727], [-70.8993615109377, 43.063942754365456], [-70.89934165548806, 43.06396708107845], [-70.89935280623945, 43.06397489496558], [-70.89939515523349, 43.06397241428909], [-70.89944838063768, 43.06396886423029], [-70.89946261731596, 43.06395885127048], [-70.89947971603264, 43.06396301126714], [-70.89948031961187, 43.06398255440408], [-70.89942778006532, 43.064008312588705], [-70.89939234364168, 43.063999124368436], [-70.89934267052533, 43.06399994908407], [-70.89929561251536, 43.06400695182111], [-70.89928889193158, 43.064024838996396], [-70.89935218931873, 43.064072671001284], [-70.89931829360692, 43.06407412253739], [-70.8992645743189, 43.06406168269645], [-70.89926225645056, 43.06410438261433], [-70.8992227693514, 43.064121036208704], [-70.89917697820806, 43.06407926208572], [-70.89915963659658, 43.06407853407905], [-70.89913210261598, 43.0640701033691], [-70.89907183414878, 43.064081102632315], [-70.89902361250148, 43.06408967993913], [-70.89895456599551, 43.06411082362876], [-70.89889725774108, 43.06411955171279], [-70.89888541658962, 43.06412863605987], [-70.89888438213377, 43.06414420687933], [-70.89886847765868, 43.06416891231907], [-70.8988420407305, 43.0641960145273], [-70.8988025969962, 43.06419444726835], [-70.89873441338236, 43.06419446797937], [-70.89870044460115, 43.064173923241746], [-70.8986548060478, 43.0641680148474], [-70.89858063330018, 43.06417035681582], [-70.89854053209574, 43.06419657475091], [-70.89855767071464, 43.06421184397245], [-70.89865170274813, 43.064194805541604], [-70.8986654352141, 43.06421783231011], [-70.8986218938054, 43.06423077567063], [-70.89857112300496, 43.064254948742295], [-70.89855305266327, 43.064258581559166], [-70.89851711763673, 43.064272509620935], [-70.89850272741324, 43.064297189880016], [-70.89848744911129, 43.06432445942345], [-70.89845674829728, 43.06431950551132], [-70.89844647410709, 43.06434011835607], [-70.89848452595206, 43.064355484539504], [-70.89847414331066, 43.064372544152434], [-70.89845979703517, 43.0643790035382], [-70.8984507617758, 43.06440048458171], [-70.89841471783016, 43.06441085906342], [-70.89836989039927, 43.06441160294505], [-70.89835510540037, 43.064403849462096], [-70.89832814912526, 43.06439451952778], [-70.8983164178228, 43.064407157713234], [-70.89828230211033, 43.06440150160335], [-70.89827773024065, 43.064410465951475], [-70.89827860761147, 43.06443889166483], [-70.8982434997314, 43.06444036297518], [-70.89820933042782, 43.06443293111626], [-70.89817997856613, 43.06442453055536], [-70.89818805393314, 43.064447349405704], [-70.89820627165, 43.06445164669866], [-70.8982646725921, 43.06445867647997], [-70.89823837434845, 43.06447066671], [-70.89820456144713, 43.0644747827963], [-70.89818140424947, 43.064470723241975], [-70.89817972664937, 43.06445564218314], [-70.89816141676778, 43.06445150219561], [-70.89813503625875, 43.06446082749147], [-70.89810576786667, 43.064455091802095], [-70.89811477461188, 43.06443272250036], [-70.89814459653172, 43.064417118799184], [-70.89812609475445, 43.064406760680384], [-70.89806939886107, 43.06441570019342]], [[-70.89877048134264, 43.06393945608041], [-70.89876504071377, 43.06395954393267], [-70.89873323781269, 43.06396007177808], [-70.89873860382554, 43.06398664611557], [-70.89871027540465, 43.06400155896333], [-70.89870166877891, 43.06401725545744], [-70.8987311970373, 43.064041206820995], [-70.89876561745416, 43.064027303830755], [-70.898779698977, 43.06399262988864], [-70.89880974749336, 43.06398435432176], [-70.89881384509714, 43.06396984363537], [-70.89881130220738, 43.06393655659348], [-70.89879288915583, 43.06392908538691], [-70.89877048134264, 43.06393945608041]], [[-70.89897321519717, 43.06392964734418], [-70.89897669640546, 43.063941060146725], [-70.89897726123398, 43.06394291188169], [-70.89900661244518, 43.06395131246385], [-70.89903568937427, 43.06395082979192], [-70.89903866569388, 43.06392944966606], [-70.89906440972088, 43.06393879889406], [-70.89908137125857, 43.063938517326264], [-70.89908718208328, 43.06393042184477], [-70.8990541962575, 43.06392208161833], [-70.89904299069475, 43.06391249105184], [-70.89906323025805, 43.0639006009334], [-70.89907377751398, 43.063888871706894], [-70.89906978631959, 43.06387738382378], [-70.89903674566655, 43.06386726694086], [-70.89904596701042, 43.06389111092568], [-70.89902660983883, 43.06389232103383], [-70.89899252221709, 43.06388755419907], [-70.89896333560563, 43.06388448356069], [-70.89894893429461, 43.063889166511565], [-70.89897839518905, 43.063901120401916], [-70.89899549385895, 43.06390528047036], [-70.89897266663621, 43.0639118808506], [-70.89897321519717, 43.06392964734418]], [[-70.89911907532293, 43.06386412268237], [-70.89913162957679, 43.063878134752045], [-70.89914743442168, 43.06387964993952], [-70.89915558601409, 43.06386884925413], [-70.89914828936155, 43.06386808160563], [-70.89913916643988, 43.063862490832804], [-70.8991384050529, 43.06386202423421], [-70.89912254535278, 43.06385873239767], [-70.89911907532293, 43.06386412268237]]]}, "properties": {"Hectares": 1.14054558622, "Acres": 2.81833824826, "Year": "2025", "Name": "Sparse Eelgrass", "Confidence": "H", "Notes": "UAV Imagery Used", "Type": 0, "LABEL": "Great Bay", "ID": 126}}, {"type": "Feature", "geometry": {"type": "Polygon", "coordinates": [[[-70.89847843596192, 43.06439380312047], [-70.89849915829735, 43.06437790640506], [-70.89849228866254, 43.06437135426933], [-70.89851349392325, 43.06435144877568], [-70.89854034206496, 43.06433767171892], [-70.89857214516444, 43.0643371439219], [-70.8985962732605, 43.064333410566896], [-70.89863261965615, 43.064332807351875], [-70.89866328304788, 43.064357845957765], [-70.8987272001288, 43.06435345711146], [-70.89876619830025, 43.064340589117904], [-70.89880705371341, 43.06433880003351], [-70.89885932135118, 43.06434499054244], [-70.8988443943221, 43.064370398520964], [-70.8987686726263, 43.06437165534687], [-70.89870998678964, 43.064384850101504], [-70.89868313833587, 43.06439862740402], [-70.89862552125697, 43.06439736170371], [-70.8986011531855, 43.06439332222337], [-70.89856487530996, 43.06439614624109], [-70.89847843596192, 43.06439380312047]]]}, "properties": {"Hectares": 0.01385415871, "Acres": 0.0342342348, "Year": "2025", "Name": "Sparse Eelgrass", "Confidence": "H", "Notes": "UAV Imagery Used", "Type": 0, "LABEL": "Great Bay", "ID": 127}}, {"type": "Feature", "geometry": {"type": "Polygon", "coordinates": [[[-70.89808932408428, 43.06448728539903], [-70.89812360647596, 43.06448323699774], [-70.89814838520859, 43.06450060103633], [-70.89815772219336, 43.06448889225438], [-70.89820456144713, 43.0644747827963], [-70.89825445437788, 43.06448106589532], [-70.8982987048253, 43.06446166680429], [-70.89830522976366, 43.06447666742668], [-70.89832929565888, 43.064470935533855], [-70.8983381601908, 43.06448323195655], [-70.8983664102571, 43.06449520579392], [-70.89839860034193, 43.06447778521214], [-70.89837404087629, 43.064467526756744], [-70.8983831572301, 43.06444871154975], [-70.89840948282706, 43.06443760869049], [-70.89844318601128, 43.06442993933037], [-70.89848157196661, 43.06441685969987], [-70.89851916182018, 43.064436899982226], [-70.89857116681242, 43.064452701547346], [-70.89857013227433, 43.06446827236473], [-70.89848694109378, 43.06447298589153], [-70.89845881804852, 43.064494561117584], [-70.89843475843227, 43.064500515256995], [-70.89841359058373, 43.06450197750437], [-70.89835927648112, 43.06450954465779], [-70.89832420449473, 43.064502349814774], [-70.89828689192889, 43.06452074456212], [-70.89827198746016, 43.0645287687015], [-70.89822056510233, 43.06453184390593], [-70.89821378763499, 43.064508625890596], [-70.89817909265032, 43.064513645471244], [-70.89813685973955, 43.064519901086605], [-70.89809549012918, 43.0645050338398], [-70.89808932408428, 43.06448728539903]]]}, "properties": {"Hectares": 0.01753460736, "Acres": 0.0433287851, "Year": "2025", "Name": "Sparse Eelgrass", "Confidence": "H", "Notes": "UAV Imagery Used", "Type": 0, "LABEL": "Great Bay", "ID": 128}}, {"type": "Feature", "geometry": {"type": "Polygon", "coordinates": [[[-70.89781816536926, 43.06447621668207], [-70.8978256528191, 43.06445173989873], [-70.8978352944521, 43.06442047265184], [-70.89788303681709, 43.06439635014807], [-70.89791701216555, 43.0643680121228], [-70.89796145145078, 43.06433505658548], [-70.8979426614402, 43.064315370772135], [-70.89793705586865, 43.06428102354764], [-70.89795971049719, 43.064229542849695], [-70.8979364114951, 43.06421104281642], [-70.8979384808882, 43.06417990118572], [-70.89792372022644, 43.06414348389574], [-70.89794750562304, 43.06412864661349], [-70.89796453460204, 43.06418946771677], [-70.89798094680097, 43.06423030150071], [-70.89798066600108, 43.064270301257324], [-70.89798458582428, 43.06429912157291], [-70.89799476899331, 43.064334503823616], [-70.89794155152212, 43.0643776037821], [-70.89789993546967, 43.064403846624586], [-70.89789149991294, 43.064425095093874], [-70.89789655721472, 43.06444167581711], [-70.89785755878741, 43.06445454351864], [-70.89784829952582, 43.064478560868636], [-70.89781816536926, 43.06447621668207]]]}, "properties": {"Hectares": 0.0111876931, "Acres": 0.02764528114, "Year": "2025", "Name": "Sparse Eelgrass", "Confidence": "H", "Notes": "UAV Imagery Used", "Type": 0, "LABEL": "Great Bay", "ID": 129}}, {"type": "Feature", "geometry": {"type": "Polygon", "coordinates": [[[-70.89768484449175, 43.064406081620035], [-70.89770227764645, 43.06438179537642], [-70.89770767754145, 43.06436037508126], [-70.89772988011335, 43.06434334215102], [-70.89776154617584, 43.06433837295304], [-70.89781121411649, 43.064327550235284], [-70.89782732464943, 43.064309507373416], [-70.89785565343139, 43.06429459473828], [-70.89788244615343, 43.064296683277554], [-70.89786905227403, 43.06430259366972], [-70.8978615834654, 43.06431196088669], [-70.89786206592342, 43.06432759541], [-70.897854575181, 43.06433625196642], [-70.89783820778868, 43.064340078615665], [-70.89782076150847, 43.064340368037676], [-70.89781910811593, 43.06434963877938], [-70.89779909184554, 43.064376634231145], [-70.8977798153601, 43.06439028570923], [-70.89777309978305, 43.06441817148672], [-70.89776456138873, 43.06443608872792], [-70.8977757791971, 43.06445590018539], [-70.89777297034463, 43.06447127823479], [-70.89776565098076, 43.064471399654956], [-70.89774897723385, 43.06447465786172], [-70.8977527200065, 43.06444517296163], [-70.89774315369762, 43.064429778005405], [-70.89775778410447, 43.06441287068171], [-70.89774546303651, 43.0644064092231], [-70.89768484449175, 43.064406081620035]]]}, "properties": {"Hectares": 0.00876729899, "Acres": 0.02166438095, "Year": "2025", "Name": "Sparse Eelgrass", "Confidence": "H", "Notes": "UAV Imagery Used", "Type": 0, "LABEL": "Great Bay", "ID": 130}}, {"type": "Feature", "geometry": {"type": "Polygon", "coordinates": [[[-70.89772588912025, 43.06447916949305], [-70.8977095578575, 43.064499882340066], [-70.89770994160267, 43.064512318893414], [-70.89774686922283, 43.06449126438139], [-70.89777085352672, 43.064482867492735], [-70.8977632498316, 43.064511434584375], [-70.89776947205216, 43.06451666404432], [-70.89780160827564, 43.06449746655691], [-70.89782043279239, 43.06448684442623], [-70.89785453163414, 43.0644919669337], [-70.89786261450608, 43.0645024982006], [-70.89783761162575, 43.06450931220388], [-70.89781657342007, 43.0645189045263], [-70.8977993902414, 43.06452772186933], [-70.89778086502153, 43.064524474065976], [-70.8977664799137, 43.06452968986713], [-70.89778238249141, 43.06454222449265], [-70.89777431280254, 43.06455569005812], [-70.89778328706967, 43.06457153922268], [-70.89776734501733, 43.06456558222517], [-70.89774873316597, 43.064551670494716], [-70.89773739595044, 43.06452684074657], [-70.8977142341054, 43.06453357840625], [-70.89770255715906, 43.06454799258647], [-70.89770194863435, 43.064567555839126], [-70.89774360737975, 43.064581974042056], [-70.89774561384986, 43.06460771537491], [-70.89769401047394, 43.06462456943419], [-70.89764670509047, 43.06462357657764], [-70.89767281105554, 43.064605367935144], [-70.89770398249672, 43.064594185498336], [-70.89768806785584, 43.064589116814986], [-70.89764841554695, 43.06460043992709], [-70.89761697000073, 43.064602739096294], [-70.89758568890426, 43.06461036820984], [-70.89757318965786, 43.06459813261732], [-70.89757894592596, 43.064588260557805], [-70.89758585892706, 43.06457659175105], [-70.8975545230228, 43.06458244420411], [-70.89752315970458, 43.06458740832339], [-70.89750151620773, 43.06459309999603], [-70.89747389716517, 43.06460155711682], [-70.89743267696927, 43.06460135202056], [-70.89740516753727, 43.064613362426456], [-70.89741752972273, 43.064621156410986], [-70.89739709775642, 43.064626827968475], [-70.89735626121832, 43.06463905940042], [-70.89735318038316, 43.064617779778715], [-70.89735629434018, 43.064600841314295], [-70.89734916777222, 43.064566297092945], [-70.89735723755615, 43.0645528315545], [-70.89738799224718, 43.064567430733696], [-70.89739947174013, 43.06458590471779], [-70.89743477119669, 43.064590651927], [-70.8974512122029, 43.06457349241717], [-70.89742290800429, 43.064559741391434], [-70.89742225025391, 43.06453842158242], [-70.89743109306757, 43.0645107227384], [-70.89747201172638, 43.06450115625739], [-70.89750766743578, 43.06451745167455], [-70.89752740855121, 43.06452867837386], [-70.89757220853394, 43.0645270464977], [-70.89758471333836, 43.06450017567972], [-70.89761569288076, 43.06448277499045], [-70.89761032035288, 43.064505083605766], [-70.89760387331461, 43.06453185394378], [-70.89763540105326, 43.06453221975459], [-70.89767078824269, 43.064500525458655], [-70.89765091006367, 43.06448485715806], [-70.89763202417096, 43.064462062154654], [-70.8976487117729, 43.06445289754525], [-70.89767679669119, 43.06445954191322], [-70.89765410616153, 43.064470583662626], [-70.89767128713832, 43.06447740890471], [-70.89770036433858, 43.064476926567366], [-70.89772588912025, 43.06447916949305]]]}, "properties": {"Hectares": 0.03265153209, "Acres": 0.08068337019, "Year": "2025", "Name": "Sparse Eelgrass", "Confidence": "H", "Notes": "UAV Imagery Used", "Type": 0, "LABEL": "Great Bay", "ID": 131}}, {"type": "Feature", "geometry": {"type": "Polygon", "coordinates": [[[-70.89613344177788, 43.06481273709145], [-70.89613095552828, 43.06479500270114], [-70.89609896520403, 43.06482681797668], [-70.89606843132948, 43.06484296657697], [-70.8960554148432, 43.06482967285675], [-70.89605977906697, 43.064813957997444], [-70.89602490811139, 43.064815246965615], [-70.89602842930539, 43.06483509727724], [-70.89602404316318, 43.06485010147468], [-70.89598809339576, 43.064847853191765], [-70.89599014669727, 43.06482008922744], [-70.89595705242287, 43.0648337916486], [-70.89588301562992, 43.06484057351512], [-70.89582405484288, 43.06484488354684], [-70.8958291884414, 43.06481480214994], [-70.89589228177483, 43.06479709192987], [-70.89590711816739, 43.0647868472785], [-70.89590044422911, 43.06476696033397], [-70.89594526144901, 43.06474622004022], [-70.8959566923822, 43.06472381109641], [-70.89594726339745, 43.06471285761348], [-70.89590754552417, 43.06470240609992], [-70.8958767431798, 43.06468625194684], [-70.89597690188721, 43.064691257887915], [-70.89603066055938, 43.06471480836981], [-70.89606338820474, 43.06474426227065], [-70.89613621852635, 43.064747499058896], [-70.89609760423636, 43.064723697620714], [-70.89605145198726, 43.06470113207773], [-70.89604181759105, 43.064683516157366], [-70.89600299798349, 43.06465305223998], [-70.89597491643978, 43.06462685424543], [-70.89600476027304, 43.06461191695907], [-70.89606795604668, 43.06459753786918], [-70.89606902545363, 43.06458307747021], [-70.8960696498256, 43.06455418177255], [-70.8960564388375, 43.06451884953179], [-70.89609719178044, 43.0645137301889], [-70.89614768181475, 43.06452955796709], [-70.89619645201971, 43.06453874837942], [-70.8962044088796, 43.064501954318914], [-70.89624798525628, 43.06449012227344], [-70.89630102486086, 43.06449035407358], [-70.89632409708645, 43.06451094683237], [-70.8963245703922, 43.06452629710469], [-70.89630964100796, 43.064545315610104], [-70.89630156745052, 43.06456023873689], [-70.89632659040653, 43.064566649782364], [-70.89633670151096, 43.06459264785962], [-70.8963806360159, 43.06458338728911], [-70.8963893096458, 43.06456276601776], [-70.89639655519697, 43.06454615015309], [-70.89637599176929, 43.06453340818768], [-70.89639495586965, 43.064519442163416], [-70.89639363703165, 43.06450183063093], [-70.89641203609335, 43.06449469980051], [-70.89644063797209, 43.06449138156709], [-70.8964741025781, 43.06449480854459], [-70.89648777513271, 43.06451050882325], [-70.89648255775754, 43.06451742114531], [-70.89648602748785, 43.06452930882808], [-70.89651179077906, 43.06453456992163], [-70.89654134338176, 43.06453692409377], [-70.89655052537739, 43.06453279013862], [-70.89657704653618, 43.06453746983415], [-70.89655959819561, 43.06455027312144], [-70.89653980613517, 43.06456254644148], [-70.8965490192107, 43.06458457765326], [-70.89656967035141, 43.06460016222896], [-70.89656857539921, 43.06461496967997], [-70.89652596377853, 43.064616813742674], [-70.89648673423449, 43.0646277028293], [-70.89647314529145, 43.06463987330421], [-70.8964426594675, 43.0646324152124], [-70.89645323046717, 43.06464816691012], [-70.8964663205008, 43.06467013385841], [-70.89649955729543, 43.06466616995551], [-70.89652257369816, 43.0646578249237], [-70.89653256217814, 43.06467984328178], [-70.89655991139101, 43.06468621571093], [-70.8965814160404, 43.06465400532468], [-70.89662649413025, 43.06465667090325], [-70.89665733458958, 43.064650471406416], [-70.89670262308013, 43.06465995929672], [-70.89673622806005, 43.06466793442311], [-70.89675542005772, 43.06466135920998], [-70.8967408317363, 43.06464112359402], [-70.89671399491817, 43.06462621042524], [-70.89668261094734, 43.06461478555421], [-70.89670610463082, 43.06459676264657], [-70.89671749007078, 43.064588610411604], [-70.89674110647015, 43.06457456719639], [-70.89675229902922, 43.064560161145], [-70.89680035588923, 43.064558795532975], [-70.89681396228315, 43.064547193549025], [-70.896808390373, 43.0645677634243], [-70.89676600673674, 43.0645769984455], [-70.89677049739527, 43.06459683266064], [-70.89677262680628, 43.06461556838715], [-70.89675194054244, 43.06459884679224], [-70.89673847439526, 43.0646149969969], [-70.89675847293641, 43.064634574092494], [-70.89678765896225, 43.06463604549863], [-70.89684201449278, 43.06462981157438], [-70.89687287869924, 43.064647964196084], [-70.89688600798753, 43.06468063135551], [-70.89694303324974, 43.06468235213523], [-70.89698563541077, 43.06464876085467], [-70.89702011285974, 43.06462685842442], [-70.89703528763856, 43.06460794241138], [-70.89703220691617, 43.064586662778744], [-70.89705850486008, 43.06457467255214], [-70.89704212446094, 43.064554502243155], [-70.89703931774672, 43.064542105866344], [-70.89708816343548, 43.06455373879098], [-70.89712935620065, 43.06455305568647], [-70.89712274453593, 43.064574496048074], [-70.89713788601172, 43.064593798111], [-70.89715873487279, 43.06456234506676], [-70.89718563564351, 43.064569897972596], [-70.89717525232543, 43.064586956985735], [-70.89720113337799, 43.064600748258094], [-70.89722891108353, 43.0646367275684], [-70.89724524254503, 43.06461601478511], [-70.89725926050622, 43.06459889548731], [-70.89729538785109, 43.06459118609044], [-70.89732476656526, 43.06460047542725], [-70.89732142650942, 43.064610085206226], [-70.89729420082477, 43.06461164771538], [-70.89726425455159, 43.0646232541118], [-70.89727406056062, 43.06464642195684], [-70.8972658645417, 43.064675443231486], [-70.89722565967516, 43.06469832949993], [-70.89716542447292, 43.0647104381825], [-70.89716167626601, 43.06468716986832], [-70.89714470911454, 43.06467745246911], [-70.8971285640326, 43.064694384832535], [-70.89708141077679, 43.06468850092981], [-70.89709304679404, 43.06467275432176], [-70.89713837732002, 43.06466866967263], [-70.89714368152632, 43.06464414026281], [-70.89713835038545, 43.06461867624824], [-70.89710341547452, 43.064615922657026], [-70.89707704607211, 43.064645245287586], [-70.89704107622087, 43.064658062488434], [-70.89701766715602, 43.06468511406548], [-70.89699839039815, 43.064698765416246], [-70.89699322313088, 43.06472773644816], [-70.89695023644832, 43.064709562676704], [-70.89694067029451, 43.06469416765103], [-70.8969226682172, 43.06470002102836], [-70.89690827725266, 43.0647247010992], [-70.89687478823706, 43.06471970151354], [-70.89687255458276, 43.064696408076756], [-70.89684374590603, 43.06469577477652], [-70.89684605559381, 43.06467240600673], [-70.89684846802294, 43.06465236845807], [-70.89682244852216, 43.06464391208098], [-70.8968082972575, 43.064676364989616], [-70.89680757049284, 43.06470192946286], [-70.89681892503629, 43.06472618264657], [-70.89675886094967, 43.06474384315247], [-70.89673156669576, 43.064743184714736], [-70.89671897170146, 43.064727839888086], [-70.89667987010013, 43.064737375974104], [-70.89664304400864, 43.064722432872834], [-70.89662160208088, 43.06471501153317], [-70.89657401559778, 43.0647129672704], [-70.89658280865737, 43.06473454125112], [-70.89659234048617, 43.06474882590108], [-70.89656332632987, 43.06474153008724], [-70.89653062489477, 43.064762069767106], [-70.89650928569061, 43.06475797962821], [-70.89650739458801, 43.064745790254506], [-70.89648983758828, 43.06476607885935], [-70.89646929305893, 43.06476024241826], [-70.89647936307013, 43.06474087783521], [-70.89650623895045, 43.0647319000065], [-70.89650181410892, 43.06471419776197], [-70.89647269294802, 43.06471325847556], [-70.89645411887606, 43.06473987427314], [-70.8963968676893, 43.06473869026271], [-70.89637149201879, 43.06473342271813], [-70.89636529895476, 43.064752723025144], [-70.89636648732957, 43.064759813565445], [-70.89639388915441, 43.06476789161962], [-70.89642393575875, 43.06476739353691], [-70.89645014920914, 43.06476838103788], [-70.89643516721509, 43.0647856939737], [-70.89640807216573, 43.064787565179344], [-70.89636210127503, 43.064774817774364], [-70.896337541449, 43.06476455953075], [-70.89630476240676, 43.06477079107554], [-70.8962703786677, 43.06475642951538], [-70.89625643160558, 43.06477585834492], [-70.8962223546328, 43.06477144602083], [-70.89620999546463, 43.06477947214146], [-70.8962127884934, 43.06480715578044], [-70.89618494328907, 43.06481614960682], [-70.89617375572203, 43.06479927046583], [-70.89616767214329, 43.06482212406718], [-70.89613733548323, 43.06484466863262], [-70.89611231035045, 43.06485077160382], [-70.89613344177788, 43.06481273709145]]]}, "properties": {"Hectares": 0.18336565016, "Acres": 0.45310457687, "Year": "2025", "Name": "Sparse Eelgrass", "Confidence": "H", "Notes": "UAV Imagery Used", "Type": 0, "LABEL": "Great Bay", "ID": 132}}, {"type": "Feature", "geometry": {"type": "Polygon", "coordinates": [[[-70.89674174242546, 43.064474444477575], [-70.89676487951374, 43.06445995414892], [-70.89677811962767, 43.064446538020654], [-70.89681192827271, 43.06443596624323], [-70.89681022474072, 43.06442097766222], [-70.89679375682604, 43.064430351814266], [-70.89677922309983, 43.06442194673615], [-70.89677689926312, 43.06440696843945], [-70.89677845160492, 43.06439693148364], [-70.89680036205716, 43.06438291654089], [-70.89681685490804, 43.06439447452045], [-70.89682053160031, 43.06441307082799], [-70.89684655670196, 43.06441172920275], [-70.8968638382164, 43.064428734762906], [-70.89688311001589, 43.06442978038217], [-70.89691432208095, 43.064435633621066], [-70.89693745604764, 43.06444116574432], [-70.8969558129398, 43.06443267035978], [-70.89698368190693, 43.06445086550838], [-70.8970035319417, 43.064450536353], [-70.89699613331132, 43.06443200176929], [-70.89700146361282, 43.06442372238524], [-70.89701702756132, 43.064425284521434], [-70.89701854876718, 43.06443436040321], [-70.8970157838948, 43.06444532757934], [-70.89703602977539, 43.064437710968825], [-70.89705764254086, 43.06443416718618], [-70.89707145778776, 43.06443939875579], [-70.897059188786, 43.06446417519771], [-70.8970507709493, 43.0644729608391], [-70.89704235311027, 43.06448174647997], [-70.89703172359968, 43.06447919241166], [-70.89703801394529, 43.06446179599935], [-70.89701733315904, 43.06445531310642], [-70.89700327637851, 43.06446237202963], [-70.89698655596597, 43.064463559400174], [-70.8969493090853, 43.064463266912945], [-70.89695136948579, 43.06444958108771], [-70.89692730351018, 43.06445407563893], [-70.89690727110742, 43.06444849208556], [-70.89689941745202, 43.064455448139675], [-70.89692091493596, 43.064468288286626], [-70.89690657450299, 43.064486273229484], [-70.8968795051351, 43.0644940029583], [-70.89687275490579, 43.064476367726165], [-70.89689078917273, 43.06445741142868], [-70.89688165588625, 43.06444300109823], [-70.89685805591557, 43.064442482299235], [-70.8968407713019, 43.06444549922485], [-70.89684991860703, 43.06446036438137], [-70.89681579824651, 43.06448095255598], [-70.89680256124251, 43.064474346201905], [-70.89677285631107, 43.06447711399551], [-70.89676357965624, 43.06447817791436], [-70.89675857194042, 43.064496918211724], [-70.8967542125902, 43.06451655786955], [-70.8967233932485, 43.06452343962533], [-70.8966869240823, 43.06450811733212], [-70.89668703944085, 43.0644917334272], [-70.89671673035723, 43.06448851083285], [-70.89674174242546, 43.064474444477575]]]}, "properties": {"Hectares": 0.0121941395, "Acres": 0.03013225439, "Year": "2025", "Name": "Sparse Eelgrass", "Confidence": "H", "Notes": "UAV Imagery Used", "Type": 0, "LABEL": "Great Bay", "ID": 133}}, {"type": "Feature", "geometry": {"type": "Polygon", "coordinates": [[[-70.89786038660345, 43.06396677860168], [-70.89784733378322, 43.063975882941385], [-70.8978111520499, 43.06398181585456], [-70.8977848545087, 43.06399380624935], [-70.89783935048206, 43.063962683681105], [-70.89786038660345, 43.06396677860168]]]}, "properties": {"Hectares": 0.00042303377, "Acres": 0.00104533503, "Year": "2025", "Name": "Sparse Eelgrass", "Confidence": "H", "Notes": "UAV Imagery Used", "Type": 0, "LABEL": "Great Bay", "ID": 134}}, {"type": "Feature", "geometry": {"type": "MultiPolygon", "coordinates": [[[[-70.89703335877245, 43.06253577669251], [-70.8969647944066, 43.06251955464219], [-70.89690913143633, 43.062537836608826], [-70.896900993809, 43.062561840150615], [-70.89691404210193, 43.062602643085064], [-70.89687883438134, 43.06259100614132], [-70.89687095421259, 43.06258113802481], [-70.89685082193519, 43.062567029156966], [-70.89684359242914, 43.062578258780434], [-70.89683068966697, 43.06255292028525], [-70.89680384156222, 43.062566697145115], [-70.89677851549939, 43.06253156584868], [-70.89679603754597, 43.06251016679687], [-70.89680016978572, 43.0624967665794], [-70.89677353482823, 43.062468322835144], [-70.89675952865124, 43.062456334329866], [-70.89674855125638, 43.06244429560593], [-70.89673058405397, 43.062451259352216], [-70.8966841883619, 43.062393470612484], [-70.89666359794354, 43.062348788853], [-70.89673963090847, 43.06231931990833], [-70.89666764092888, 43.06228796535994], [-70.89665487351527, 43.06225779880036], [-70.89679644569263, 43.062242432336404], [-70.8968325559045, 43.06216588803201], [-70.8967312558336, 43.06214369899313], [-70.89671748523256, 43.06208100096575], [-70.89682672215092, 43.06207268018746], [-70.89689675746311, 43.062136615154174], [-70.89693365538439, 43.062181570685766], [-70.89689431996716, 43.06224948900449], [-70.89688073500372, 43.06228877198473], [-70.89697363023767, 43.06232628937378], [-70.89706592355385, 43.062344287805296], [-70.89717347411815, 43.06237722225843], [-70.89726180629106, 43.06236273811679], [-70.89723908058785, 43.062393493237], [-70.89709804334126, 43.06242621036775], [-70.89702456687051, 43.0624426179158], [-70.89699625988739, 43.06248431490619], [-70.89703335877245, 43.06253577669251]]], [[[-70.89691404210193, 43.062602643085064], [-70.8969639770605, 43.0625890041504], [-70.89701503325709, 43.0626022439288], [-70.89703335877245, 43.06253577669251], [-70.89708263786467, 43.06250241141152], [-70.89724148893224, 43.06247156874677], [-70.89733398324441, 43.06249607324809], [-70.89739501238013, 43.06255581752291], [-70.8974476365887, 43.06263089028347], [-70.89748493666174, 43.06268885820297], [-70.89745460877936, 43.06276096705297], [-70.89747013377828, 43.06278457816141], [-70.89764529977768, 43.062898845852445], [-70.89751065941391, 43.062851172064704], [-70.89739766056371, 43.06283351741112], [-70.8973583921768, 43.06290360464404], [-70.89750882524599, 43.06298356476642], [-70.89754981943751, 43.0630653399953], [-70.89769192853072, 43.06306732250138], [-70.89781004048383, 43.06305885355979], [-70.89782912580189, 43.06310193441501], [-70.89771470767415, 43.063134210708704], [-70.89764868522163, 43.06320040209421], [-70.89757447196, 43.06319295361091], [-70.8975752886003, 43.06312350411827], [-70.89747714523998, 43.063107773007474], [-70.8974230207552, 43.063175936793066], [-70.8973590191033, 43.06321171626832], [-70.89726779481836, 43.06322841832362], [-70.89725158657667, 43.06327859421418], [-70.89732713798112, 43.063329418180054], [-70.89725842467226, 43.06340433346063], [-70.89724786445186, 43.06344573618719], [-70.89729699621893, 43.06350350793896], [-70.89730834516381, 43.06358360502893], [-70.89728929144388, 43.06362465565664], [-70.89729706554651, 43.063623943432724], [-70.89733485745693, 43.0636210947076], [-70.89740431508696, 43.06361327687698], [-70.89741233250432, 43.06362758657848], [-70.89739766792377, 43.06364338345152], [-70.89737822029115, 43.06365148282628], [-70.89736149318769, 43.0636495383013], [-70.89732631903624, 43.06363901191879], [-70.89727813171841, 43.063648698896905], [-70.89722374970029, 43.0636540446849], [-70.89720973587033, 43.063690939268305], [-70.89724976157284, 43.06371138400258], [-70.8973036911149, 43.063740485931795], [-70.89736130757417, 43.06374175231033], [-70.89742625633461, 43.06373512022209], [-70.89745155611952, 43.06372025792471], [-70.89752397416412, 43.06371016896944], [-70.89752607098082, 43.06372902076605], [-70.89750734276546, 43.06376043870596], [-70.89755570142748, 43.06375630366599], [-70.89758966960262, 43.063776848756774], [-70.89755518052691, 43.063788530582485], [-70.89754994506568, 43.06381528082388], [-70.89761409892681, 43.06383199228955], [-70.89766907042447, 43.06379664020995], [-70.89766116263559, 43.06373677873173], [-70.89766777541641, 43.06370556173788], [-70.89769933147443, 43.06374614435911], [-70.8977296541266, 43.06374675233028], [-70.89771950548078, 43.06371248045443], [-70.89771875171311, 43.06368805150713], [-70.89777560749629, 43.063713771746414], [-70.89779924889395, 43.063743375884854], [-70.89785094473837, 43.06374918413441], [-70.89790068072061, 43.063740582199216], [-70.89790429207355, 43.06375940886239], [-70.89788618082032, 43.06381081417873], [-70.89787375706702, 43.06380102151159], [-70.89787427780045, 43.0637687945969], [-70.89784694971263, 43.06376702601068], [-70.89781659278643, 43.063765307664205], [-70.8977952881171, 43.06376232816626], [-70.89778237786986, 43.06378587281059], [-70.89772889348005, 43.06377120639919], [-70.89770070195061, 43.06379056062686], [-70.8977233428582, 43.06383684600246], [-70.89771497583537, 43.06386031527378], [-70.89774470921806, 43.06389092934137], [-70.897721232223, 43.06391576024109], [-70.89770611536193, 43.06396600488083], [-70.89768184339681, 43.0640141794345], [-70.89771829241069, 43.06401690773336], [-70.8977848545087, 43.06399380624935], [-70.89776499840943, 43.06401813269903], [-70.89774902361374, 43.06405039378097], [-70.89771179474432, 43.06406167671336], [-70.89771258963411, 43.06408743814709], [-70.8977044377566, 43.0640982387331], [-70.89768163772482, 43.064105727184796], [-70.89765773578146, 43.06411678903024], [-70.89764220499544, 43.064124156892284], [-70.89761670777295, 43.06412280227147], [-70.89759492740566, 43.0641240523322], [-70.89759412698761, 43.06413739730882], [-70.89763093923958, 43.064151895944924], [-70.89764734712608, 43.0641729544946], [-70.89764654671913, 43.06418629947129], [-70.89766320130526, 43.06421535294605], [-70.89766272981471, 43.06423935782629], [-70.8976371503169, 43.06423533823506], [-70.89759573850887, 43.06422891491565], [-70.89758158368221, 43.064241592625635], [-70.89760165362317, 43.06426347921809], [-70.89761084707078, 43.064286435001236], [-70.89760307887089, 43.06430967213501], [-70.89762105465518, 43.06434225881987], [-70.89762405333859, 43.0643608734579], [-70.89761141153355, 43.06438330265343], [-70.89758392964272, 43.06439620142664], [-70.89755379264295, 43.06442187878217], [-70.8975048496213, 43.06444699316656], [-70.89745440775872, 43.064423527236684], [-70.89738249745963, 43.064471589183256], [-70.89733495718143, 43.06446543405978], [-70.89729145371719, 43.064436645288694], [-70.8971872826574, 43.064436636989946], [-70.89711248210531, 43.06439100818709], [-70.89706661249109, 43.064362258567904], [-70.89708635721416, 43.06431159009129], [-70.89711777285524, 43.06425552037534], [-70.89718231662141, 43.0641989012667], [-70.89715866506585, 43.06412291396477], [-70.89715926521441, 43.064065619363404], [-70.89701830439144, 43.06410093897695], [-70.89694005611172, 43.06409702879204], [-70.8969759404809, 43.064051483716014], [-70.89697154308357, 43.06402484879367], [-70.89701237154893, 43.06397306692157], [-70.8970331014288, 43.063908286619295], [-70.89696936609405, 43.063856016685904], [-70.89700774785197, 43.06382316196139], [-70.89702503042166, 43.0637939900253], [-70.89693805769039, 43.06377432367877], [-70.89690762475674, 43.06381926730411], [-70.89685516793315, 43.063837912697146], [-70.89678981566345, 43.063782336547476], [-70.89677759043836, 43.06374212752611], [-70.89672677488296, 43.06370651617632], [-70.89658431653332, 43.0636932549233], [-70.89654205671994, 43.06362799137269], [-70.89652440988917, 43.06355703651445], [-70.89652313874474, 43.06355192545601], [-70.89652708947858, 43.06354394726032], [-70.89651264728704, 43.06354029527177], [-70.89650006629954, 43.063525394575194], [-70.89646350120451, 43.063518890495665], [-70.89646771732825, 43.06349837866047], [-70.89648137917406, 43.06346971121719], [-70.89650605434933, 43.06344441631631], [-70.89650035907889, 43.06341695854749], [-70.89645787335559, 43.06341499651706], [-70.89644386174996, 43.06339300928879], [-70.89641481243143, 43.06339437962328], [-70.8964129919652, 43.063413962964], [-70.89641340282434, 43.06342728785502], [-70.8963959968013, 43.06345246223671], [-70.89639189021753, 43.06347652737407], [-70.89636082864419, 43.063491262753466], [-70.89627524973574, 43.063488267172765], [-70.89624919529119, 43.06346904715266], [-70.89626918804579, 43.063437993302486], [-70.89624120377022, 43.063395166423255], [-70.89620577731503, 43.06335804879392], [-70.89617229752021, 43.06332229536299], [-70.89618407348829, 43.0632718270637], [-70.89618321285997, 43.06324391182092], [-70.89619000959527, 43.06321726613264], [-70.8961998819505, 43.06316682938342], [-70.89623384518448, 43.06315649110602], [-70.89629277012129, 43.06315272143486], [-70.89629563053929, 43.06312195156192], [-70.89631696729786, 43.0630727212435], [-70.89634819917565, 43.063097340092774], [-70.89638604556941, 43.063151175269695], [-70.89636791350868, 43.06318080182203], [-70.89640342602677, 43.06322071092625], [-70.8964409282498, 43.063263379986054], [-70.89642668942831, 43.06329573495871], [-70.89644476851552, 43.063326157716176], [-70.89649304677745, 43.06334770099009], [-70.89651692275375, 43.063380820587255], [-70.89655166076703, 43.063395605927425], [-70.89657105939256, 43.06341774036333], [-70.89655052487306, 43.063432124942466], [-70.89654897837549, 43.063460591544306], [-70.8965543449598, 43.063477389398145], [-70.89655381824623, 43.06349961763292], [-70.8965787495386, 43.06350989930091], [-70.89659510218712, 43.06350559906173], [-70.89662729468547, 43.063494328713446], [-70.89664194610599, 43.0634891993584], [-70.89669217287083, 43.063505725624516], [-70.89675713237287, 43.06353936658681], [-70.8968083758736, 43.063588858017745], [-70.89686897754625, 43.06363472246054], [-70.89702289259256, 43.06363564209082], [-70.89706941539204, 43.06360883214606], [-70.89704108519679, 43.063534658295076], [-70.89698564415188, 43.063502595558376], [-70.89694843766974, 43.06344766375411], [-70.89682528460393, 43.06344623397456], [-70.89672380251388, 43.06345659605645], [-70.89665217234231, 43.063436952857565], [-70.8966346988917, 43.063407732272715], [-70.89659151752518, 43.0633893532799], [-70.89657560785844, 43.06333406828003], [-70.8965525459288, 43.06327716595055], [-70.89655497420219, 43.0632770811342], [-70.89651953136416, 43.06324299529377], [-70.89648821436052, 43.06318709775126], [-70.89653164549358, 43.0631559995294], [-70.89657587910274, 43.06315092646844], [-70.8966285180249, 43.063130524926095], [-70.89664479362239, 43.063082517878286], [-70.89673951075697, 43.063083117396715], [-70.89680062171624, 43.06304955606921], [-70.89682892908031, 43.06300785912369], [-70.89695873855415, 43.06299485736215], [-70.89703564176111, 43.062993582146625], [-70.89709655178207, 43.06295351437281], [-70.89704782201461, 43.06290875510308], [-70.89692655173856, 43.06291076600603], [-70.89681986985643, 43.06290602527903], [-70.89677261175069, 43.06290897870565], [-70.89669301834677, 43.062918977839836], [-70.89656636740673, 43.06293843655695], [-70.89648005582335, 43.06292250843675], [-70.89641633685413, 43.06287148775919], [-70.89637014193075, 43.062825963642396], [-70.89639813744421, 43.06276112589782], [-70.89644681522691, 43.062708241997846], [-70.89650354846482, 43.062724660490886], [-70.89653439711118, 43.06276537668325], [-70.89658097771138, 43.06276987070484], [-70.89658291459897, 43.06277255748333], [-70.89663450680438, 43.06277503508015], [-70.89666648034125, 43.06278005986414], [-70.8966862702246, 43.062783064688126], [-70.89669487720856, 43.062767368335976], [-70.89668548264925, 43.06275752531468], [-70.89667702037107, 43.06272878025661], [-70.89664521806837, 43.06272930751281], [-70.89659799754483, 43.062716585077325], [-70.89658778661399, 43.06267335688795], [-70.89663430889624, 43.062646547126114], [-70.89662739013716, 43.062614113727264], [-70.89656427325168, 43.06258261201003], [-70.89655668579157, 43.06252849095598], [-70.89663714812423, 43.06254668586864], [-70.89668903573772, 43.0625979025832], [-70.89673965269388, 43.062607912742536], [-70.89681226962985, 43.062594331786386], [-70.89679326741702, 43.06261686635417], [-70.89683250464205, 43.06261177188192], [-70.8968551862817, 43.062610284828516], [-70.89688870838691, 43.062616394851], [-70.89691404210193, 43.062602643085064]], [[-70.89688751373689, 43.06277417314679], [-70.89687115443449, 43.062788122907094], [-70.89686093951485, 43.06279683327894], [-70.89685987031056, 43.06281129368548], [-70.89683914818231, 43.062827190928004], [-70.89686423468727, 43.06285454935605], [-70.89687738482803, 43.06283877765908], [-70.89688592327785, 43.06282086047863], [-70.89688372396014, 43.06279867744246], [-70.89690589197058, 43.06278053426523], [-70.89688751373689, 43.06277417314679]], [[-70.89642621556719, 43.06337108230952], [-70.89641848075163, 43.06335610126783], [-70.89639945236493, 43.0633679708422], [-70.89637213499545, 43.06338619927808], [-70.8963413811367, 43.063371599807034], [-70.89632486435728, 43.063346987750116], [-70.89631542503705, 43.063316036912966], [-70.89632330317117, 43.06329635316056], [-70.89633462415708, 43.063270390876774], [-70.89636783478308, 43.063246732078795], [-70.89635159192383, 43.06323100328612], [-70.89633077686085, 43.06322423808276], [-70.8962939380751, 43.06320885068333], [-70.89626610036478, 43.06321020089634], [-70.89623666123688, 43.063238241051565], [-70.8962491873242, 43.0632513651278], [-70.89627873600628, 43.063226878274115], [-70.89628393816307, 43.063238346186054], [-70.89629406859537, 43.06325239874751], [-70.89629712159103, 43.06327279008471], [-70.8962697768432, 43.06329013017001], [-70.8962241769966, 43.06330510649411], [-70.8962486540486, 43.063312699797514], [-70.89628161180403, 43.06332015252118], [-70.8962871974118, 43.063344056998766], [-70.89630379634244, 43.063371334039864], [-70.89628184544576, 43.0634063603218], [-70.89631695242338, 43.063404889608535], [-70.89634082695609, 43.06339293971654], [-70.89635814443777, 43.06340420679617], [-70.89640140343472, 43.063391935563125], [-70.89642621556719, 43.06337108230952]]]]}, "properties": {"Hectares": 1.37565071756, "Acres": 3.39929335606, "Year": "2025", "Name": "Sparse Eelgrass", "Confidence": "H", "Notes": "UAV Imagery Used", "Type": 0, "LABEL": "Great Bay", "ID": 135}}, {"type": "Feature", "geometry": {"type": "Polygon", "coordinates": [[[-70.89676213882962, 43.062491842264464], [-70.89672049697404, 43.06246809122091], [-70.8966686653327, 43.0624578408062], [-70.89668942162712, 43.06244305400269], [-70.89673058405398, 43.06245125935223], [-70.8967485512564, 43.06244429560592], [-70.89675952865124, 43.06245633432988], [-70.89677353482823, 43.06246832283515], [-70.89680016978573, 43.0624967665794], [-70.89679603754598, 43.06251016679686], [-70.89677851549939, 43.06253156584867], [-70.89676871004069, 43.06250839794145], [-70.89676213882962, 43.062491842264464]]]}, "properties": {"Hectares": 0.00317001591, "Acres": 0.00783324858, "Year": "2025", "Name": "Eelgrass", "Confidence": "H", "Notes": "UAV Imagery Used", "Type": 1, "LABEL": "Great Bay", "ID": 136}}, {"type": "Feature", "geometry": {"type": "Polygon", "coordinates": [[[-70.89681226962986, 43.062594331786386], [-70.89680384156223, 43.062566697145115], [-70.89683068966697, 43.06255292028525], [-70.89684359242915, 43.06257825878043], [-70.89685082193519, 43.062567029156945], [-70.8968709542126, 43.062581138024804], [-70.89687883438135, 43.06259100614129], [-70.89691404210193, 43.062602643085064], [-70.89688870838691, 43.062616394851], [-70.89685518628171, 43.06261028482853], [-70.89683250464206, 43.06261177188191], [-70.89679326741704, 43.062616866354155], [-70.89681226962986, 43.062594331786386]]]}, "properties": {"Hectares": 0.00334282866, "Acres": 0.00826027648, "Year": "2025", "Name": "Eelgrass", "Confidence": "H", "Notes": "UAV Imagery Used", "Type": 1, "LABEL": "Great Bay", "ID": 137}}, {"type": "Feature", "geometry": {"type": "Polygon", "coordinates": [[[-70.89687115443449, 43.06278812290708], [-70.89688751373689, 43.06277417314679], [-70.89690589197059, 43.06278053426521], [-70.89688372396016, 43.062798677442466], [-70.89688592327786, 43.06282086047864], [-70.89687738482804, 43.06283877765908], [-70.89686423468729, 43.06285454935605], [-70.89683914818231, 43.062827190928004], [-70.89685987031056, 43.06281129368549], [-70.89686093951485, 43.06279683327893], [-70.89687115443449, 43.06278812290708]]]}, "properties": {"Hectares": 0.00184613064, "Acres": 0.00456186991, "Year": "2025", "Name": "Eelgrass", "Confidence": "H", "Notes": "UAV Imagery Used", "Type": 1, "LABEL": "Great Bay", "ID": 138}}, {"type": "Feature", "geometry": {"type": "Polygon", "coordinates": [[[-70.89658097771138, 43.06276987070484], [-70.89657183445844, 43.06275718752065], [-70.89660773483287, 43.06274214966742], [-70.89664521806837, 43.062729307512804], [-70.89667702037107, 43.06272878025662], [-70.89668548264925, 43.06275752531468], [-70.89669487720857, 43.062767368335955], [-70.8966862702246, 43.0627830646881], [-70.89666648034127, 43.06278005986414], [-70.89663450680439, 43.06277503508015], [-70.89658291459898, 43.062772557483335], [-70.89658097771138, 43.06276987070484]]]}, "properties": {"Hectares": 0.00386355244, "Acres": 0.00954700781, "Year": "2025", "Name": "Eelgrass", "Confidence": "H", "Notes": "UAV Imagery Used", "Type": 1, "LABEL": "Great Bay", "ID": 139}}, {"type": "Feature", "geometry": {"type": "Polygon", "coordinates": [[[-70.89657105939256, 43.06341774036333], [-70.89657781481513, 43.06341300813875], [-70.8966044958645, 43.0634134545858], [-70.8966122855196, 43.06343021226569], [-70.89662896679866, 43.06346015423387], [-70.89662246463725, 43.0634851478754], [-70.89662729468547, 43.063494328713446], [-70.89659510218712, 43.06350559906173], [-70.8965787495386, 43.06350989930091], [-70.89655381824623, 43.06349961763292], [-70.8965543449598, 43.063477389398145], [-70.89654897837549, 43.063460591544306], [-70.89655052487306, 43.063432124942466], [-70.89657105939256, 43.06341774036333]]]}, "properties": {"Hectares": 0.00542079984, "Acres": 0.01339503455, "Year": "2025", "Name": "Eelgrass", "Confidence": "H", "Notes": "UAV Imagery Used", "Type": 1, "LABEL": "Great Bay", "ID": 140}}, {"type": "Feature", "geometry": {"type": "Polygon", "coordinates": [[[-70.89627524973574, 43.063488267172765], [-70.89636082864419, 43.063491262753466], [-70.89639189021753, 43.06347652737407], [-70.8963959968013, 43.06345246223671], [-70.89641340282434, 43.06342728785502], [-70.8964129919652, 43.063413962964], [-70.89641481243143, 43.06339437962328], [-70.89644386174996, 43.06339300928879], [-70.89645787335559, 43.06341499651706], [-70.89650035907889, 43.06341695854749], [-70.89650605434933, 43.06344441631631], [-70.89648137917406, 43.06346971121719], [-70.89646771732825, 43.06349837866047], [-70.89646350120451, 43.063518890495665], [-70.89650006629954, 43.063525394575194], [-70.89651264728704, 43.06354029527177], [-70.89652708947858, 43.06354394726032], [-70.89652313874474, 43.06355192545601], [-70.89652440988917, 43.06355703651445], [-70.89647539109042, 43.06355068947511], [-70.89642062560388, 43.06354359831808], [-70.896361979022, 43.06352857244901], [-70.89632880202919, 43.063514013142246], [-70.89627139441696, 43.06349985546916], [-70.89627467295934, 43.063488246983226], [-70.89627524973574, 43.063488267172765]]]}, "properties": {"Hectares": 0.01504518936, "Acres": 0.03717732385, "Year": "2025", "Name": "Eelgrass", "Confidence": "H", "Notes": "UAV Imagery Used", "Type": 1, "LABEL": "Great Bay", "ID": 141}}, {"type": "Feature", "geometry": {"type": "Polygon", "coordinates": [[[-70.89628184544576, 43.06340636032178], [-70.89630379634245, 43.063371334039864], [-70.89628719741181, 43.063344056998766], [-70.89628161180403, 43.06332015252117], [-70.8962486540486, 43.06331269979753], [-70.8962241769966, 43.063305106494106], [-70.8962697768432, 43.06329013016998], [-70.89629712159103, 43.06327279008468], [-70.89629406859537, 43.063252398747515], [-70.89628393816308, 43.063238346186054], [-70.89627873600628, 43.0632268782741], [-70.8962491873242, 43.06325136512779], [-70.8962366612369, 43.063238241051565], [-70.89626610036478, 43.06321020089634], [-70.8962939380751, 43.06320885068333], [-70.89633077686085, 43.06322423808277], [-70.89635159192385, 43.06323100328611], [-70.89636783478309, 43.063246732078795], [-70.89633462415708, 43.063270390876774], [-70.89632330317119, 43.06329635316056], [-70.89631542503705, 43.063316036912944], [-70.89632486435728, 43.063346987750116], [-70.8963413811367, 43.063371599807034], [-70.89637213499545, 43.06338619927808], [-70.89639945236495, 43.063367970842194], [-70.89641848075165, 43.06335610126783], [-70.8964262155672, 43.06337108230951], [-70.89640140343474, 43.063391935563125], [-70.89635814443777, 43.06340420679614], [-70.89634082695609, 43.06339293971653], [-70.89631695242339, 43.063404889608535], [-70.89628184544576, 43.06340636032178]]]}, "properties": {"Hectares": 0.01124080164, "Acres": 0.02777651466, "Year": "2025", "Name": "Eelgrass", "Confidence": "H", "Notes": "UAV Imagery Used", "Type": 1, "LABEL": "Great Bay", "ID": 142}}, {"type": "Feature", "geometry": {"type": "Polygon", "coordinates": [[[-70.89676213882962, 43.062491842264464], [-70.89676871004069, 43.06250839794145], [-70.89677851549939, 43.06253156584867], [-70.89674663841399, 43.06250765870028], [-70.89676213882962, 43.062491842264464]]]}, "properties": {"Hectares": 0.00039124871, "Acres": 0.00096679274, "Year": "2025", "Name": "Sparse Eelgrass", "Confidence": "H", "Notes": "UAV Imagery Used", "Type": 0, "LABEL": "Great Bay", "ID": 143}}, {"type": "Feature", "geometry": {"type": "Polygon", "coordinates": [[[-70.89357159537981, 43.064024551048206], [-70.89360769868131, 43.06397864625821], [-70.89357807451836, 43.06393921093664], [-70.89356323574246, 43.0639186257653], [-70.89355222146342, 43.063868467010174], [-70.89362820986655, 43.06387588872006], [-70.8936761925078, 43.06381954571012], [-70.89372593799409, 43.06382045815783], [-70.89380407894569, 43.063820900523716], [-70.89380053732152, 43.063782769379614], [-70.893775752554, 43.06374672579351], [-70.89375160888952, 43.06373150237452], [-70.89367825404223, 43.06373271664664], [-70.89364421790907, 43.063703769764864], [-70.89363099758424, 43.06365885522838], [-70.8935638335717, 43.06363045667193], [-70.89351983570855, 43.06366243109816], [-70.89349225755042, 43.06361254649403], [-70.89347935784691, 43.063578042025334], [-70.8934139193144, 43.063528784034816], [-70.8934392005814, 43.06350406302381], [-70.89348357228059, 43.06348423373257], [-70.89342194227221, 43.063481781979114], [-70.8933462214324, 43.06348303519656], [-70.89328110356156, 43.0634441872151], [-70.89324841929722, 43.06338223576121], [-70.89323783264614, 43.063345957085225], [-70.89325532079758, 43.06329879839773], [-70.89332292781896, 43.06326469744483], [-70.89344301993306, 43.06324361497461], [-70.89345324886403, 43.06319136870682], [-70.89343298342429, 43.063148306646234], [-70.89340545899307, 43.06310015702616], [-70.89337330890842, 43.06305555575345], [-70.8934035361687, 43.0630376964867], [-70.8934786689061, 43.0630173580775], [-70.8935088427018, 43.0629977637688], [-70.89345678503709, 43.06299862539303], [-70.89338407198422, 43.06302065963999], [-70.89335863065511, 43.06304017559232], [-70.89330276465182, 43.06299423090222], [-70.89326275190288, 43.063001836692905], [-70.8932135411419, 43.06301827418286], [-70.89315922400178, 43.06302264486166], [-70.89321192257114, 43.06304260355469], [-70.8933293113444, 43.063087530103495], [-70.89336361403491, 43.06312515216626], [-70.89337694085941, 43.06317353677352], [-70.89330127380603, 43.06317652496916], [-70.89331385286117, 43.063200619373546], [-70.89330335676364, 43.06324419055592], [-70.89320660683745, 43.0632544711998], [-70.89320025572366, 43.063278878889086], [-70.8931185742919, 43.06324030492019], [-70.89306685338053, 43.06317519663372], [-70.89302152053898, 43.06316379548659], [-70.89299645283788, 43.06319545646863], [-70.89296917904377, 43.06323236164593], [-70.89297997911609, 43.06327558041234], [-70.89295028560839, 43.06331078972465], [-70.89290016674825, 43.063297731823496], [-70.89292365252255, 43.063368515076284], [-70.89285540439633, 43.063381795613736], [-70.89281195714939, 43.063354740094724], [-70.8927712499726, 43.06333979051695], [-70.89279140823075, 43.06337938266997], [-70.89284022879303, 43.06342718007851], [-70.89285570797017, 43.06346858553718], [-70.89285892860117, 43.06349630663154], [-70.89289065137424, 43.06352702792542], [-70.89294103741912, 43.06354876090323], [-70.89291344304866, 43.06357525597687], [-70.89286654461908, 43.06358991915768], [-70.89283195814495, 43.06362000170029], [-70.89285416243968, 43.06364914459399], [-70.89283430760302, 43.06369634237697], [-70.8928118194683, 43.06373490423132], [-70.8928989448843, 43.063719575473804], [-70.89297503984113, 43.06373046765332], [-70.8929636890147, 43.06374627856357], [-70.89286967830796, 43.06376866488999], [-70.89286112091844, 43.063798316760405], [-70.89288627896894, 43.0638465056611], [-70.89287115668431, 43.063893625143486], [-70.89291117006293, 43.063886019478964], [-70.89294333695105, 43.06385424105067], [-70.89301905826538, 43.063852988091156], [-70.89305578090882, 43.06389230609625], [-70.89309106167727, 43.06388477868222], [-70.89316576829809, 43.06385056033963], [-70.89316436332419, 43.063881829768135], [-70.89314240939501, 43.063937741833364], [-70.89319162090327, 43.0639213043622], [-70.8932430384509, 43.06389962266517], [-70.8932896003109, 43.0639509290534], [-70.89324592253215, 43.0639933134687], [-70.89321133602775, 43.06402339612477], [-70.89327995864711, 43.0640222604681], [-70.89331077392056, 43.06402348638205], [-70.89336171079768, 43.063986189498316], [-70.89340848647794, 43.0640444358931], [-70.89344285923671, 43.064007413120436], [-70.89342617226188, 43.06408059705367], [-70.89332637900806, 43.06410741920731], [-70.89322688451183, 43.06411991516639], [-70.8931231084997, 43.06411349549828], [-70.89305663972937, 43.064117307761705], [-70.89298352722183, 43.06414564099648], [-70.89290630011061, 43.064160480557504], [-70.89286724074162, 43.06409331829614], [-70.89279287669058, 43.064080986990376], [-70.892697413168, 43.064104265162065], [-70.89260937096128, 43.0640080774376], [-70.89256191628814, 43.063908505855984], [-70.89257336875768, 43.06379982271666], [-70.89247556989874, 43.06374719376271], [-70.89243987493326, 43.06366912632526], [-70.89261214734564, 43.06361745426711], [-70.89256738925857, 43.06348528996442], [-70.8925789250865, 43.06337931778064], [-70.89265373202457, 43.06328586055878], [-70.89274877716748, 43.06324902763495], [-70.89288290716792, 43.06316001343554], [-70.89298862664396, 43.06310944198232], [-70.89292285258016, 43.06301559835067], [-70.89306732268027, 43.06290200176072], [-70.89313640264419, 43.06286288583321], [-70.89319994943699, 43.06276418990112], [-70.89337046614182, 43.06265558656654], [-70.89348969640248, 43.062683448967825], [-70.8935486606489, 43.06279639138853], [-70.8936424277219, 43.0628382368018], [-70.89378637072438, 43.062827717034565], [-70.89397493129732, 43.06282459544905], [-70.8940928263707, 43.062809081848826], [-70.89420652317432, 43.06277736358754], [-70.89440667632819, 43.06279032339669], [-70.89440901431209, 43.06286623026149], [-70.89436581607028, 43.06290491838186], [-70.89429170368228, 43.06290072090528], [-70.89421850970706, 43.06292634393726], [-70.89419749494486, 43.06296466468293], [-70.89404279382214, 43.06298621245132], [-70.89391280482934, 43.06296937811131], [-70.89395522792869, 43.063025634969556], [-70.89406336731801, 43.06305368038263], [-70.89385782221858, 43.06310590544731], [-70.89377865227671, 43.06317773694315], [-70.89392982365688, 43.063161672651425], [-70.89401711528359, 43.063233460717896], [-70.89409937402519, 43.06326193457275], [-70.8942028981926, 43.06326022050262], [-70.89428549103327, 43.06329953805909], [-70.894381620666, 43.06329794626825], [-70.8944332157689, 43.063291667198264], [-70.89453885063536, 43.06323838337399], [-70.89467809494063, 43.06319539219206], [-70.89478203654636, 43.06320723239398], [-70.89477286556821, 43.06326976815467], [-70.89467284894317, 43.063385343010545], [-70.89451267299019, 43.06346936595183], [-70.89433931720731, 43.063485798365456], [-70.89415436846292, 43.0634861484129], [-70.89399655309376, 43.06352673407687], [-70.89399905759915, 43.063608062869335], [-70.89415887694925, 43.063632540226074], [-70.89433601401352, 43.06361875781363], [-70.8944630587088, 43.063660051500705], [-70.8943581745612, 43.06373773389817], [-70.89420666792904, 43.063742954942], [-70.89409305284605, 43.06377738419174], [-70.8940697596941, 43.063861852442315], [-70.8940431865821, 43.063959936699774], [-70.89395687156937, 43.06404002363231], [-70.8937975520809, 43.064031811772644], [-70.8937049516642, 43.064027919971345], [-70.89360150964268, 43.06403234457547], [-70.89357159537981, 43.064024551048206]]]}, "properties": {"Hectares": 1.32535814112, "Acres": 3.2750181903, "Year": "2025", "Name": "Sparse Eelgrass", "Confidence": "H", "Notes": "UAV Imagery Used", "Type": 0, "LABEL": "Great Bay", "ID": 144}}, {"type": "Feature", "geometry": {"type": "Polygon", "coordinates": [[[-70.89505222101845, 43.06391306515179], [-70.89493676808863, 43.063854221130256], [-70.8949296299818, 43.063776223925785], [-70.89485623598632, 43.0636993241607], [-70.89478574297368, 43.0636397352862], [-70.89483183915941, 43.063599046125724], [-70.89496634284279, 43.06358466694874], [-70.8950390953238, 43.06364074648661], [-70.89509239709506, 43.06360340965834], [-70.89514331856603, 43.06364249178068], [-70.89514330461098, 43.06371887155465], [-70.89522331666062, 43.06378003840786], [-70.89534296760836, 43.063821453602586], [-70.89537253935885, 43.06385915343463], [-70.8953480607652, 43.063909900051286], [-70.89531256641469, 43.063910488105286], [-70.89521001397335, 43.063886148605185], [-70.89505222101845, 43.06391306515179]]]}, "properties": {"Hectares": 0.08958193425, "Acres": 0.22136089491, "Year": "2025", "Name": "Sparse Eelgrass", "Confidence": "H", "Notes": "UAV Imagery Used", "Type": 0, "LABEL": "Great Bay", "ID": 145}}, {"type": "Feature", "geometry": {"type": "Polygon", "coordinates": [[[-70.89497584472427, 43.06491117002854], [-70.89501820861636, 43.06484537209576], [-70.89494083524367, 43.064831464636256], [-70.89481230884526, 43.06479019603596], [-70.89486515022597, 43.064776301571776], [-70.89495139722999, 43.06479006209808], [-70.89504309229669, 43.06478854320089], [-70.89514292594127, 43.06476302080419], [-70.89520410627136, 43.064731629056645], [-70.89529895964574, 43.06473656725139], [-70.89537297403959, 43.06473751088219], [-70.89542877314106, 43.064723567154395], [-70.89550056488433, 43.064748416131316], [-70.89554735657079, 43.06473028184374], [-70.8955637002417, 43.06468444370387], [-70.89557130388748, 43.06464309012711], [-70.89562864033215, 43.06467902790766], [-70.89566560578048, 43.06472615258334], [-70.89568255100089, 43.06469983331556], [-70.89571106040242, 43.064664642924974], [-70.89572940944502, 43.0646838677203], [-70.89571360069881, 43.064747056003114], [-70.89568487476242, 43.064810521014365], [-70.8956395028359, 43.064839418513], [-70.8955863273601, 43.06484246950594], [-70.89555694882473, 43.06484946591775], [-70.89549463224185, 43.064843988839996], [-70.89544408045607, 43.06483614692996], [-70.89538330118307, 43.06488055139834], [-70.89533570728831, 43.064872660434], [-70.89528253176375, 43.06487571128652], [-70.89518672522026, 43.064935885058], [-70.89506296069844, 43.06495312442426], [-70.89498658955354, 43.06497174848848], [-70.89489576289373, 43.065001461305336], [-70.89481805525298, 43.06497670993541], [-70.89484932273248, 43.06493496445851], [-70.89497584472427, 43.06491117002854]]]}, "properties": {"Hectares": 0.11211943829, "Acres": 0.27705205746, "Year": "2025", "Name": "Sparse Eelgrass", "Confidence": "H", "Notes": "UAV Imagery Used", "Type": 0, "LABEL": "Great Bay", "ID": 146}}, {"type": "Feature", "geometry": {"type": "Polygon", "coordinates": [[[-70.89341729816059, 43.065234248515665], [-70.89334281578066, 43.06521812225424], [-70.89325434497042, 43.06522826592164], [-70.89322107334966, 43.06520494793985], [-70.89327244663909, 43.065143341299986], [-70.89333927710975, 43.06510317754937], [-70.89337397096824, 43.06507656487847], [-70.893411355639, 43.0650412281697], [-70.89346708872083, 43.06502511661798], [-70.89345109724759, 43.06498632358094], [-70.89352377648841, 43.06494389304514], [-70.8935947664542, 43.06494271801335], [-70.89374159370719, 43.06490556960741], [-70.89365790402388, 43.06487874659855], [-70.89359714316583, 43.06482767539878], [-70.89371572666384, 43.064834391987034], [-70.8938408270615, 43.06486052942592], [-70.89387827811716, 43.06482736133837], [-70.89388770546405, 43.06474908983754], [-70.89393234119242, 43.06475703037914], [-70.89398987718499, 43.06479947529883], [-70.89405326228436, 43.06483965347598], [-70.89412769653734, 43.06475813578432], [-70.89416708444449, 43.064787861853326], [-70.89424285444635, 43.064749719431994], [-70.89429676473212, 43.06477052550059], [-70.89438934680526, 43.064701726374686], [-70.89447621329234, 43.064639531443696], [-70.89459217264282, 43.06465713994517], [-70.89461757293239, 43.064713135985436], [-70.89457118182963, 43.064744282497486], [-70.89450857982283, 43.06482560453064], [-70.89447235005571, 43.064802335900225], [-70.89447054628506, 43.06474377919806], [-70.89440527198157, 43.06473835050571], [-70.89436606581044, 43.064810605543975], [-70.89433137253799, 43.06483721850602], [-70.89426394182567, 43.064857863917524], [-70.89430628777392, 43.06488754095771], [-70.89443683669543, 43.06489839841195], [-70.89439011134299, 43.06491870102012], [-70.89432294776914, 43.0649480215348], [-70.89440637060277, 43.06496616898241], [-70.894312318533, 43.0649872552555], [-70.89422720694621, 43.065010363288735], [-70.89416998569065, 43.06507423705675], [-70.89416587334938, 43.06513289171686], [-70.89407578076086, 43.06518646033122], [-70.89393729253617, 43.065206112126624], [-70.89390731253886, 43.065193589215774], [-70.89384034878452, 43.06522941575775], [-70.89375215316012, 43.06527737723875], [-70.89368753818827, 43.06526449346117], [-70.89354239926247, 43.06526038626622], [-70.89341729816059, 43.065234248515665]]]}, "properties": {"Hectares": 0.33272554077, "Acres": 0.82217942802, "Year": "2025", "Name": "Sparse Eelgrass", "Confidence": "H", "Notes": "UAV Imagery Used", "Type": 0, "LABEL": "Great Bay", "ID": 147}}, {"type": "Feature", "geometry": {"type": "Polygon", "coordinates": [[[-70.85031962315875, 43.07302660828887], [-70.85021749377763, 43.07296703280264], [-70.85011536440096, 43.07283298796263], [-70.8501132367086, 43.072779795567044], [-70.85013451366815, 43.07270532621402], [-70.85011536441405, 43.072613835293126], [-70.8501004705515, 43.07251170589321], [-70.85012387520645, 43.07243936423606], [-70.85013752197685, 43.07236842203712], [-70.85008098885059, 43.07232851626934], [-70.85001345944389, 43.072463575083944], [-70.8499043734882, 43.0725311044888], [-70.8497121744333, 43.07248435335379], [-70.84964464504242, 43.072354489104725], [-70.84949919711464, 43.07222462485318], [-70.8493225817656, 43.07220384656804], [-70.84913038271134, 43.07214670629325], [-70.84909921530246, 43.072048009464645], [-70.84922388496892, 43.071923339791674], [-70.84935374920295, 43.07182464296818], [-70.84958231024885, 43.07175191899723], [-70.8497952875867, 43.07168958416554], [-70.84978489845682, 43.0715493307786], [-70.84990956811738, 43.07152335793323], [-70.8500342377758, 43.07153374707696], [-70.85013293459168, 43.07149219052109], [-70.85020046399185, 43.07146621767391], [-70.85028877166762, 43.071455828537005], [-70.85038030328764, 43.07149069774511], [-70.8503885073934, 43.07147764573361], [-70.85042175263482, 43.071494268358244], [-70.85037853381297, 43.07160730219737], [-70.85045499786555, 43.071690415317796], [-70.85057800526285, 43.071683766272294], [-70.8505480845528, 43.071547460757785], [-70.85062787313638, 43.07151754003788], [-70.85071098623743, 43.07160065315854], [-70.8508107219676, 43.07155078529096], [-70.85090380864555, 43.07156408339281], [-70.85094622861168, 43.07158748753886], [-70.85095367650884, 43.07157010909547], [-70.85105756789446, 43.07151816340005], [-70.85113548642978, 43.07154413625194], [-70.8512601560876, 43.0715649145354], [-70.8513900203148, 43.0715804982492], [-70.85149391169269, 43.071658416800645], [-70.85171727816729, 43.07162205481868], [-70.85188350438087, 43.07159608197466], [-70.85205492516295, 43.0715804982705], [-70.85219517852781, 43.071606471124355], [-70.85231465361491, 43.071653222257076], [-70.85234974653218, 43.07167661755176], [-70.85254256310475, 43.071637941998155], [-70.85273594126207, 43.071580775403355], [-70.85285746939155, 43.071585164217176], [-70.85299853341155, 43.07166234258586], [-70.85313624654893, 43.071628326623944], [-70.85321118463389, 43.07152539984172], [-70.8532212166255, 43.071426702998345], [-70.85329632146225, 43.071473164217814], [-70.85338018906656, 43.07152266195008], [-70.85354466848945, 43.07151364007079], [-70.85362018038956, 43.071429774884095], [-70.85349259529654, 43.071368271531924], [-70.85348682536392, 43.07132068711278], [-70.85364812009159, 43.07134985900521], [-70.85368578012205, 43.07130474941076], [-70.8536842476988, 43.071253917811866], [-70.85376947952562, 43.07120485882276], [-70.8539119853433, 43.07115010384069], [-70.85402621655851, 43.07116414524458], [-70.85416405892293, 43.07106258225536], [-70.85422906010646, 43.0710615287174], [-70.854352927122, 43.071035682029304], [-70.85441924570709, 43.07107831177347], [-70.85462316631576, 43.071011435516034], [-70.85474847050723, 43.071033243003356], [-70.8549103743351, 43.071010752180484], [-70.85492854140753, 43.07107402815028], [-70.85503193914782, 43.07108824420667], [-70.85507613727461, 43.0709365474895], [-70.85519422745395, 43.07089887409015], [-70.85533868225247, 43.07083693404008], [-70.85544160034543, 43.07083526487189], [-70.855531383995, 43.07093711076932], [-70.8556080573986, 43.07096367923688], [-70.85568846974047, 43.07093456278518], [-70.85578247215196, 43.07099660846577], [-70.85574743133225, 43.071092532688546], [-70.85560177793428, 43.071114761111225], [-70.85555976205919, 43.07115914735443], [-70.8555463879184, 43.0712547200805], [-70.85553855036822, 43.07135417616006], [-70.8556096876669, 43.07137686125933], [-70.85573921117397, 43.07135886763618], [-70.85575160285427, 43.071410317680225], [-70.85564518458949, 43.07147561443523], [-70.85559954938607, 43.07157965677031], [-70.85560110737875, 43.07163128255396], [-70.85559183174418, 43.07168308406137], [-70.85554439866776, 43.071727558163914], [-70.8555688223625, 43.07181854464701], [-70.85556098480839, 43.07191800071942], [-70.85549885893977, 43.07201436416914], [-70.85544083152331, 43.072066956376226], [-70.85531636379666, 43.07207294819609], [-70.8552192199457, 43.072086443089034], [-70.85519465193516, 43.07217027781857], [-70.8552504980882, 43.072224996370124], [-70.85528611480288, 43.07232772085953], [-70.85535207594303, 43.072358436372994], [-70.8553219713043, 43.072438387762226], [-70.85523072306567, 43.072467679681445], [-70.85510119706477, 43.07248567277173], [-70.85504376793813, 43.07255812086113], [-70.8549564985842, 43.07253967015306], [-70.85486405199192, 43.072529249633405], [-70.8548592165025, 43.0725274959213], [-70.85475412762105, 43.0725143446185], [-70.85467198253086, 43.07252203345224], [-70.8546618569236, 43.07261755339247], [-70.85456678562142, 43.072771663908426], [-70.85452634646184, 43.072724641581715], [-70.85441223743175, 43.072678813447176], [-70.85438025210594, 43.07276833065155], [-70.85431455652642, 43.07289017952265], [-70.85420236350467, 43.07290789064304], [-70.85411657725136, 43.072794854106725], [-70.85403481489045, 43.072815250384416], [-70.8539633708, 43.07274648065666], [-70.85389240582978, 43.07269359574944], [-70.85376287891103, 43.07271158733951], [-70.85358134953727, 43.07273042137288], [-70.85346214148288, 43.072659246696546], [-70.8534300540279, 43.07262376215931], [-70.85332685311235, 43.07264719870911], [-70.85321830493513, 43.07272829319868], [-70.85310946587991, 43.07270767945899], [-70.85298973288711, 43.07260180328477], [-70.85288716016512, 43.072697040471404], [-70.85283155219952, 43.07278541415862], [-70.85269350811457, 43.07271645086395], [-70.85267715722634, 43.07281842850285], [-70.85264280111758, 43.07296748562893], [-70.85252810855604, 43.072936794847514], [-70.85247184275043, 43.07291126063369], [-70.85239904183072, 43.07298160420238], [-70.85229862849017, 43.07305646332629], [-70.85214443351585, 43.0730040349307], [-70.85209573593394, 43.073045508474024], [-70.85213287636897, 43.07317306534958], [-70.8520510805794, 43.073221177498596], [-70.85191901200331, 43.07316635633123], [-70.85189272254473, 43.07314176933579], [-70.85186356600023, 43.07310957863829], [-70.85186147321558, 43.07307028398578], [-70.85183700125545, 43.07304268354545], [-70.85179176709538, 43.07302008527649], [-70.85175491293937, 43.073004017197825], [-70.8516954187603, 43.0729909819058], [-70.85168071724286, 43.07298588718405], [-70.85173565313528, 43.07296833334446], [-70.85176306378888, 43.07294255941785], [-70.85176377777482, 43.07290588567086], [-70.85172553330837, 43.072873842040295], [-70.8516857923054, 43.07285248798419], [-70.85159098170121, 43.07287443673144], [-70.85155607693451, 43.07289479091912], [-70.85153561382283, 43.07297011295517], [-70.85156252220803, 43.07301446364364], [-70.85154635976407, 43.07304388833712], [-70.85148128961308, 43.07305327378635], [-70.85137428650819, 43.07303834087511], [-70.85136318653933, 43.07299998354843], [-70.85131538551971, 43.07296951093028], [-70.85131632031336, 43.07295412006854], [-70.85124993674859, 43.072971288227336], [-70.85115189253932, 43.07297128822423], [-70.85103614590132, 43.07300533135361], [-70.85095988929362, 43.07301350170316], [-70.85080473773687, 43.07301171443367], [-70.85072175761266, 43.07299682056031], [-70.8506600544425, 43.07300107594996], [-70.85063239439752, 43.0730563960404], [-70.85062601130707, 43.07312235461064], [-70.85060260665263, 43.073186185484516], [-70.85055579734951, 43.073215973224485], [-70.85049834957319, 43.07317341930628], [-70.8504260079266, 43.073158525433186], [-70.85037919862846, 43.07310533303618], [-70.85031962315875, 43.07302660828887]]]}, "properties": {"Hectares": 7.59614789886, "Acres": 18.77041516039, "Year": "2025", "Name": "Eelgrass", "Confidence": "H", "Notes": "UAV and NIR Imagery Used", "Type": 1, "LABEL": "Great Bay", "ID": 148}}, {"type": "Feature", "geometry": {"type": "Polygon", "coordinates": [[[-70.69569844369096, 43.061582497860094], [-70.6958155674554, 43.06153444069743], [-70.69589162826821, 43.06142909085961], [-70.69599197880834, 43.06139492315346], [-70.69609072429269, 43.06143286033551], [-70.69624439874865, 43.06132904501516], [-70.69644780022858, 43.061281882647506], [-70.69667169025139, 43.0613227091472], [-70.69677631222056, 43.06140503598592], [-70.69685304505998, 43.06154912814628], [-70.69682233488649, 43.06154562233054], [-70.69666768716101, 43.06161413563097], [-70.69647103321542, 43.061687686255574], [-70.69630325303952, 43.06171666191312], [-70.69617796537173, 43.06175825131778], [-70.69601186938965, 43.06178050772548], [-70.69587353359397, 43.06163201476425], [-70.69569844369096, 43.061582497860094]]]}, "properties": {"Hectares": 0.29795145649, "Acres": 0.73625113813, "Year": "2025", "Name": "Eelgrass", "Confidence": "H", "Notes": "UAV Imagery Used", "Type": 1, "LABEL": "Portsmouth Harbor", "ID": 149}}, {"type": "Feature", "geometry": {"type": "Polygon", "coordinates": [[[-70.69745551588868, 43.061364058293066], [-70.69771762899954, 43.061292586959595], [-70.69772137552309, 43.061428333685704], [-70.69762672178733, 43.06151380631651], [-70.6973513284779, 43.061515702252066], [-70.69745551588868, 43.061364058293066]]]}, "properties": {"Hectares": 0.04806726641, "Acres": 0.11877632692, "Year": "2025", "Name": "Eelgrass", "Confidence": "H", "Notes": "UAV Imagery Used", "Type": 1, "LABEL": "Portsmouth Harbor", "ID": 150}}, {"type": "Feature", "geometry": {"type": "Polygon", "coordinates": [[[-70.90354919261817, 43.065638503595395], [-70.9034779157096, 43.06556539325534], [-70.90345486955292, 43.065568037711124], [-70.90340860237798, 43.06556767702799], [-70.90338300099721, 43.065537579540816], [-70.90336710068647, 43.06552201711724], [-70.903326927896, 43.06551929400693], [-70.90325901827796, 43.06546729042817], [-70.9032383549336, 43.065447285236374], [-70.90317912988249, 43.06542679107151], [-70.90314007863938, 43.06541048326017], [-70.90301568391291, 43.06534866180656], [-70.90299817111108, 43.06533890935856], [-70.9029575170583, 43.06530069648358], [-70.90291719868816, 43.06527333079181], [-70.90291509878715, 43.06524532936845], [-70.90293586149532, 43.06523865321157], [-70.90298153297807, 43.06523970229465], [-70.90304538956615, 43.06523050046688], [-70.9031190250335, 43.06521842272987], [-70.90314704495704, 43.06520710381306], [-70.90318890596875, 43.06520459861012], [-70.90321728752019, 43.06524482437327], [-70.90324768722891, 43.065270546177736], [-70.9032873063707, 43.065275313424074], [-70.90335189031215, 43.06528961368423], [-70.90342751401003, 43.065301921427306], [-70.90348960469065, 43.065307399988434], [-70.90355167335657, 43.06530419665696], [-70.90361322578909, 43.06531619577595], [-70.90366998113555, 43.065332615800486], [-70.90370102599036, 43.06534729308693], [-70.9037124123436, 43.06536446805821], [-70.90373229337254, 43.06540103667422], [-70.90374789350665, 43.0654268237447], [-70.9037756648591, 43.06546326104778], [-70.90380231564306, 43.06549537587953], [-70.90382477506111, 43.065519601751184], [-70.90385994428624, 43.06553999850605], [-70.90392750427978, 43.06555479155025], [-70.90394180482083, 43.06557047096023], [-70.9039276149838, 43.06559024212524], [-70.90391916376225, 43.06560412963265], [-70.90391788519962, 43.065626579991715], [-70.90390170037914, 43.065645660836616], [-70.90386247272768, 43.06565354886644], [-70.90383008192417, 43.06565915254838], [-70.90376693708917, 43.065659479865815], [-70.90373152025171, 43.06566296332108], [-70.90367763254585, 43.06567543635824], [-70.90359317126858, 43.065656583291094], [-70.90354919261817, 43.065638503595395]]]}, "properties": {"Hectares": 0.19387553989, "Acres": 0.47907497611, "Year": "2025", "Name": "Eelgrass", "Confidence": "M", "Notes": "UAV Imagery Used", "Type": 1, "LABEL": "Great Bay", "ID": 151}}, {"type": "Feature", "geometry": {"type": "Polygon", "coordinates": [[[-70.90438959263211, 43.06468312832982], [-70.90433775833044, 43.064652337245974], [-70.90424007744684, 43.064634744766735], [-70.90418001150461, 43.06463687507702], [-70.90414236163295, 43.06461602228705], [-70.90417202814382, 43.064578222055104], [-70.90424806596943, 43.064544171940355], [-70.90434974008504, 43.06454134897334], [-70.90441488391289, 43.06455383051859], [-70.90447719059722, 43.06457427274533], [-70.90461182160375, 43.06459011935649], [-70.9046706613668, 43.06459818371774], [-70.90471521178404, 43.06459291998459], [-70.90474718885034, 43.06457995209326], [-70.90480711472476, 43.06457330182478], [-70.90489183732647, 43.064570760624754], [-70.90496629756612, 43.064585347721774], [-70.90500286271535, 43.064571172860774], [-70.90507798901444, 43.064557486340426], [-70.90512264436568, 43.06455561219553], [-70.90519069543092, 43.06456239239266], [-70.9051943725687, 43.06458154962237], [-70.90522386248352, 43.06458784148668], [-70.90528235227082, 43.06458460638019], [-70.90533191081511, 43.06459169447753], [-70.90537831726317, 43.06459657405678], [-70.9054265798277, 43.06461159718486], [-70.90547631344755, 43.064624334793955], [-70.90552734307389, 43.064629137307406], [-70.90554173764242, 43.06464585501099], [-70.90558975521364, 43.064652968664085], [-70.90560817777605, 43.06465040079607], [-70.90563899874606, 43.06464988739244], [-70.90568067707751, 43.0646514541141], [-70.90570102581579, 43.06466128962362], [-70.90568288324144, 43.06468284521031], [-70.90561406829934, 43.0646912267054], [-70.90552166133757, 43.064694574736336], [-70.90545276233894, 43.064700244339114], [-70.9054047375915, 43.06470285303167], [-70.90534076993099, 43.06470844043202], [-70.90523712734358, 43.06470745337094], [-70.90518251834582, 43.06469660564841], [-70.90508229429044, 43.06468651753061], [-70.90502558365297, 43.06468746191162], [-70.90485528374064, 43.064684871292265], [-70.90479453862092, 43.06467502995432], [-70.90469857253805, 43.06470285534006], [-70.90460334232134, 43.06471461532062], [-70.90450009189796, 43.06471633425778], [-70.90442720763794, 43.06470285112012], [-70.90438959263211, 43.06468312832982]]]}, "properties": {"Hectares": 0.14517599285, "Acres": 0.35873625599, "Year": "2025", "Name": "Eelgrass", "Confidence": "M", "Notes": "UAV Imagery Used", "Type": 1, "LABEL": "Great Bay", "ID": 152}}, {"type": "Feature", "geometry": {"type": "Polygon", "coordinates": [[[-70.70836571242778, 43.07176268679829], [-70.70836240330854, 43.07175958546715], [-70.70834865532106, 43.071755294710805], [-70.7083340316821, 43.07174402217753], [-70.70834741894278, 43.071735329042966], [-70.7083507389837, 43.07173020261742], [-70.7083571066758, 43.07173101250504], [-70.708353832355, 43.071726201562065], [-70.7083603590723, 43.071722522933555], [-70.70835819594063, 43.07171999699915], [-70.70835704334264, 43.071716177307664], [-70.70835867309165, 43.0717120603356], [-70.70836471616317, 43.07170352909242], [-70.70836969188396, 43.071694246586716], [-70.70836196996046, 43.071692571759804], [-70.70836073860704, 43.07169847291716], [-70.70835483110783, 43.0716993283307], [-70.70835033966335, 43.07170093069982], [-70.70835080200042, 43.07170501643203], [-70.70835070193726, 43.07171397039858], [-70.70834721389842, 43.07171402248308], [-70.7083432434449, 43.071709221934654], [-70.708339425816, 43.07170749060707], [-70.70834586350423, 43.07170387904309], [-70.70835228658088, 43.07168979433074], [-70.70836785679482, 43.07168606530499], [-70.70838848569478, 43.07169275121263], [-70.70837993517296, 43.07170387003079], [-70.70837046860716, 43.07170650929441], [-70.70836658953543, 43.071714060929644], [-70.70837481938837, 43.07171593618014], [-70.70838844250679, 43.071715732751514], [-70.70840199625405, 43.07171303245347], [-70.70841140732728, 43.07170839587306], [-70.7084176635759, 43.07171279849569], [-70.70840683420757, 43.07171545811293], [-70.70840231535094, 43.07172451768518], [-70.70841741228388, 43.07172828943108], [-70.70842420996496, 43.07172768816083], [-70.70843116026985, 43.07173258017921], [-70.70842241548907, 43.0717367070507], [-70.70841293506588, 43.0717388476644], [-70.70840483129975, 43.07174146658033], [-70.70840229992692, 43.071748498330976], [-70.70840046506237, 43.071756019441594], [-70.70840670620822, 43.07175992252949], [-70.7084062745581, 43.07176892196869], [-70.70840512970683, 43.07177006735339], [-70.70839862783625, 43.07176876061173], [-70.70839020018492, 43.071766839691264], [-70.70838415771482, 43.07176283728543], [-70.70838788788114, 43.071758944681726], [-70.7083902434252, 43.071755840705535], [-70.7083865861114, 43.071749755914794], [-70.70838239360593, 43.0717495627865], [-70.70837869184808, 43.07175447789971], [-70.70836926202023, 43.07175410724405], [-70.7083653613797, 43.07175186388904], [-70.70836755412367, 43.07175541141451], [-70.70836910514369, 43.07176101619113], [-70.70836571242778, 43.07176268679829]]]}, "properties": {"Hectares": 0.0030778832, "Acres": 0.00760558459, "Year": "2025", "Name": "Eelgrass", "Confidence": "H", "Notes": "UAV Imagery Used", "Type": 1, "LABEL": "Portsmouth Harbor", "ID": 153}}, {"type": "Feature", "geometry": {"type": "Polygon", "coordinates": [[[-70.70836571242778, 43.07176268679829], [-70.70836910514369, 43.07176101619113], [-70.70836755412367, 43.07175541141451], [-70.7083653613797, 43.07175186388904], [-70.70836926202023, 43.07175410724405], [-70.70837869184808, 43.07175447789971], [-70.70838239360593, 43.0717495627865], [-70.7083865861114, 43.071749755914794], [-70.7083902434252, 43.071755840705535], [-70.70838788788114, 43.071758944681726], [-70.70838415771482, 43.07176283728543], [-70.70839020018492, 43.071766839691264], [-70.70839862783625, 43.07176876061173], [-70.70840512970683, 43.07177006735339], [-70.70839765588606, 43.07177754390206], [-70.70838528332273, 43.07177373147162], [-70.70837289813464, 43.071769420367986], [-70.70836571242778, 43.07176268679829]]]}, "properties": {"Hectares": 0.00043610117, "Acres": 0.00107762515, "Year": "2025", "Name": "Sparse Eelgrass", "Confidence": "H", "Notes": "UAV Imagery Used", "Type": 0, "LABEL": "Portsmouth Harbor", "ID": 154}}, {"type": "Feature", "geometry": {"type": "Polygon", "coordinates": [[[-70.7083507389837, 43.07173020261742], [-70.70835199329855, 43.07172826678705], [-70.70834230351531, 43.07172291590962], [-70.70831844920106, 43.071722773245625], [-70.70830671767247, 43.07171745285261], [-70.70831400253121, 43.0717098503642], [-70.70833579878251, 43.0717095249002], [-70.708339425816, 43.07170749060707], [-70.7083432434449, 43.071709221934654], [-70.70834721389842, 43.07171402248308], [-70.70835070193726, 43.07171397039858], [-70.70835080200042, 43.07170501643203], [-70.70835033966335, 43.07170093069982], [-70.70835483110783, 43.0716993283307], [-70.70836073860704, 43.07169847291716], [-70.70836196996046, 43.071692571759804], [-70.70836969188396, 43.071694246586716], [-70.70836471616317, 43.07170352909242], [-70.70835867309165, 43.0717120603356], [-70.70835704334264, 43.071716177307664], [-70.70835819594063, 43.07171999699915], [-70.7083603590723, 43.071722522933555], [-70.708353832355, 43.071726201562065], [-70.7083571066758, 43.07173101250504], [-70.7083507389837, 43.07173020261742]]]}, "properties": {"Hectares": 0.00076427428, "Acres": 0.00188855533, "Year": "2025", "Name": "Sparse Eelgrass", "Confidence": "H", "Notes": "UAV Imagery Used", "Type": 3, "LABEL": "Portsmouth Harbor", "ID": 155}}, {"type": "Feature", "geometry": {"type": "Polygon", "coordinates": [[[-70.77449258532383, 43.10663388853667], [-70.77450445249613, 43.10662980148615], [-70.77452056659362, 43.106634430228404], [-70.77453829360596, 43.10664879136316], [-70.77452387695692, 43.10665682093142], [-70.77451532014273, 43.106683298687244], [-70.77450953824734, 43.10671363636321], [-70.7744860856752, 43.10673156350807], [-70.77447447210548, 43.10674442829615], [-70.77446750234752, 43.10675880196552], [-70.77437383071812, 43.10677826400695], [-70.77437684410559, 43.10677619063388], [-70.77440567749457, 43.106760131531196], [-70.77444238476036, 43.106740047319214], [-70.77446807684784, 43.10670744932211], [-70.77447422510728, 43.106689790604506], [-70.77446836528026, 43.106671342412966], [-70.7744864370747, 43.10665154725529], [-70.77449258532383, 43.10663388853667]]]}, "properties": {"Hectares": 0.00546210159, "Acres": 0.01349709299, "Year": "2025", "Name": "Widgeon Grass", "Confidence": "H", "Notes": "UAV Imagery Used", "Type": 3, "LABEL": "Spinney Creek", "ID": 156}}, {"type": "Feature", "geometry": {"type": "MultiPolygon", "coordinates": [[[[-70.77454004299847, 43.10669679880836], [-70.77455518802077, 43.106689532195375], [-70.77454308667421, 43.10670139760779], [-70.77454004299847, 43.10669679880836]]], [[[-70.77460279385038, 43.10658431919539], [-70.77459118266769, 43.10657890402696], [-70.77457353677698, 43.10659116767597], [-70.77453504551593, 43.106585357446576], [-70.77451809855384, 43.10657494804815], [-70.77455089164971, 43.10655766912921], [-70.77452350223125, 43.106545897236515], [-70.77450773511819, 43.10654143112843], [-70.7745078650711, 43.106521420773696], [-70.77453138111728, 43.106504558132094], [-70.77453772706502, 43.10650339714505], [-70.77454874703687, 43.10650722335257], [-70.77454692445465, 43.10651964109329], [-70.77454918567325, 43.10652240375408], [-70.77456462828837, 43.106509374925764], [-70.77457614625581, 43.106511594183345], [-70.77458721239513, 43.10651701799244], [-70.77458418355079, 43.106525457291895], [-70.77458723259997, 43.10653660094432], [-70.77459948192069, 43.10654520394106], [-70.7745933248784, 43.10652091942415], [-70.7746057617637, 43.106517130042725], [-70.77460240972142, 43.10651438430502], [-70.77459843146242, 43.10650885054369], [-70.7746152406943, 43.10650539223813], [-70.77462688974153, 43.10649322186228], [-70.77462494182757, 43.10648246093422], [-70.77460834323821, 43.10647432521598], [-70.77459683559582, 43.10647250560694], [-70.77460423515149, 43.106483181964265], [-70.7745881444685, 43.10649262350248], [-70.77457519681845, 43.106497620221866], [-70.77456598626122, 43.106499762130014], [-70.77455113809738, 43.10649559550374], [-70.77456507146823, 43.10648698704742], [-70.77457950405608, 43.10647677162322], [-70.77457704658518, 43.10646721711495], [-70.77457412330766, 43.10646046847099], [-70.77456740768527, 43.10645457736697], [-70.77455681483802, 43.10646553283645], [-70.7745420371941, 43.10646376394803], [-70.77454120033181, 43.10647256994929], [-70.77452602608089, 43.106476001981164], [-70.77452455268421, 43.10648162031292], [-70.77453669685902, 43.10648662759865], [-70.77452784668392, 43.1064919272392], [-70.774505102221, 43.10648519881707], [-70.7744486376101, 43.10647540240438], [-70.77438965427442, 43.106450399295895], [-70.7743454048632, 43.10643126555793], [-70.7742948724353, 43.10641070567134], [-70.77426310239854, 43.10639137834182], [-70.77422531347439, 43.106379767673154], [-70.77420403117452, 43.10636332753279], [-70.77418637994417, 43.10632853546864], [-70.77420434987398, 43.10630233874298], [-70.77423939868414, 43.106291122862324], [-70.77425745662553, 43.106267973730404], [-70.77430485262461, 43.10625199287369], [-70.77430198044614, 43.10622459401537], [-70.77428008180831, 43.106186818876395], [-70.77426056982549, 43.10615967900207], [-70.7742309689023, 43.106143367887405], [-70.77420937725716, 43.10611625935853], [-70.77419597473727, 43.10608445126659], [-70.77421819197772, 43.10606123763184], [-70.77419421378342, 43.106023494728284], [-70.77418984155383, 43.10600163769986], [-70.77419135919236, 43.10598613027863], [-70.7742448444154, 43.10597544686988], [-70.77431958525568, 43.10596971327526], [-70.7743123776884, 43.10593628462563], [-70.77427220119064, 43.105914038716804], [-70.7742779118653, 43.10589565453815], [-70.77434866939883, 43.105896081541516], [-70.77431681159656, 43.105873707519166], [-70.7743307540884, 43.10585214669065], [-70.77436922719036, 43.10584423188152], [-70.77435535281379, 43.105824932252695], [-70.77437659605185, 43.10581118585345], [-70.7744037108073, 43.10582784075198], [-70.77442682863952, 43.10582138422879], [-70.77442782262008, 43.105798194496934], [-70.77445204132276, 43.10577220606002], [-70.77446156650387, 43.105756202056625], [-70.77445608120351, 43.105739211664364], [-70.77444652078671, 43.10575399608669], [-70.77442995272771, 43.10575669243667], [-70.77440783016229, 43.10573996010906], [-70.77441562046623, 43.10572154456588], [-70.7744118700912, 43.105706966614505], [-70.77441962638241, 43.10568733147131], [-70.77444292026512, 43.10568697014912], [-70.77442929245264, 43.10567620399328], [-70.77443864152153, 43.10565410478827], [-70.77445517434182, 43.10565018975685], [-70.77447485872156, 43.105640127001074], [-70.77449316042923, 43.10563984310635], [-70.77452186915006, 43.105654033897714], [-70.77453418473844, 43.10567701626834], [-70.77451266101102, 43.10568100963151], [-70.77449223689695, 43.105665470200194], [-70.77447216505996, 43.10566212297172], [-70.77446260465852, 43.10567690739522], [-70.77448292308321, 43.10568878898994], [-70.77451534575694, 43.10571633816941], [-70.77450592625739, 43.105735999118814], [-70.77448287894067, 43.10574489481871], [-70.77448985134974, 43.105755763306256], [-70.77449016838389, 43.10576673593196], [-70.7744872281389, 43.10578019753807], [-70.77449257255329, 43.10579231140594], [-70.77450772274081, 43.105798175230596], [-70.7745213153563, 43.105807721795514], [-70.77452177327172, 43.105823570043256], [-70.7745038589968, 43.10583726483024], [-70.7744939815414, 43.10584107663077], [-70.77451939666143, 43.10585653863966], [-70.77450650853542, 43.105871374686814], [-70.77450027581956, 43.105886107493504], [-70.77449605981822, 43.10591300578653], [-70.77448642893614, 43.10592535195083], [-70.77447031873719, 43.10594389655516], [-70.77446096963911, 43.105965995762254], [-70.77446673552986, 43.10599273921705], [-70.77446460544417, 43.10603424127608], [-70.77445221040735, 43.106066145145945], [-70.77443846914112, 43.106109047439304], [-70.77445209702775, 43.106119812691496], [-70.77446806637855, 43.106096391567036], [-70.77449274186108, 43.10608625138744], [-70.77450881685078, 43.10606648719924], [-70.77449282119647, 43.10603136424249], [-70.77449873691519, 43.10600565971111], [-70.77451169552081, 43.1059932619258], [-70.77449792672678, 43.10597761925779], [-70.77448104160135, 43.105969343890834], [-70.77448872622266, 43.10594727050146], [-70.77450172003044, 43.10593609139784], [-70.77452805991301, 43.10592592539218], [-70.77456576557466, 43.10590582565176], [-70.77458042262568, 43.10589462163832], [-70.77458325716204, 43.105877502188626], [-70.77458432276524, 43.105856750698685], [-70.77458400573927, 43.10584577897376], [-70.77457190019973, 43.10583011051254], [-70.77457802722682, 43.10581172076055], [-70.77459098577651, 43.10579932296681], [-70.77461891959693, 43.10578669285959], [-70.77463562856475, 43.10578887300443], [-70.77465314776124, 43.10581909269861], [-70.7746478310086, 43.10586552290599], [-70.77465349129866, 43.105888609409085], [-70.77468205925923, 43.105897923634956], [-70.77469845118652, 43.105889131145666], [-70.77472181560087, 43.105891208026264], [-70.77474185230857, 43.10589333652879], [-70.77473243285688, 43.10591299749556], [-70.77469801974175, 43.10593182698418], [-70.77467564170972, 43.10596388575224], [-70.77466310588308, 43.10599091312118], [-70.77463743531158, 43.106024242187026], [-70.77463318414823, 43.10604992180323], [-70.77466005246758, 43.10605804227387], [-70.7746804062996, 43.10607114341029], [-70.77468741402407, 43.10608323146434], [-70.77467618913896, 43.10609804172702], [-70.77468330253936, 43.10611378672249], [-70.77471006521803, 43.106118250239504], [-70.77473286604298, 43.10610082102972], [-70.77471063759482, 43.10608043182407], [-70.77468854882262, 43.106064918254646], [-70.77468299420022, 43.10604548959583], [-70.7746961641501, 43.10604040657283], [-70.7746874214995, 43.10602590608045], [-70.7747105745901, 43.106020668179724], [-70.7747031793616, 43.10599517014212], [-70.7746975894997, 43.10597452190334], [-70.7747035403437, 43.10595003604317], [-70.77471812692062, 43.10593639375154], [-70.77475437943549, 43.105923634555076], [-70.77476896719723, 43.105909991338095], [-70.77477849234103, 43.10589398820985], [-70.77481017541565, 43.105895936012146], [-70.7748268844192, 43.105898116128344], [-70.77483552137538, 43.105908958768936], [-70.77480408369495, 43.10591554535566], [-70.77479105470384, 43.105925504912115], [-70.77482436701975, 43.10592620730614], [-70.77485569902015, 43.105915963772816], [-70.77485354130383, 43.10589892177227], [-70.77483308181263, 43.105882163724814], [-70.77482933132788, 43.105867585789476], [-70.77484530047064, 43.1058441646151], [-70.77486792498331, 43.10582063927812], [-70.77488113011496, 43.10581677581521], [-70.77489444092986, 43.10581656929174], [-70.7749086678015, 43.10584806015571], [-70.77489035749008, 43.105905668619144], [-70.77488040228499, 43.10596436757384], [-70.7748828406444, 43.10599116263516], [-70.7748843556633, 43.10604358568895], [-70.77487233429109, 43.10608841175164], [-70.77485559485336, 43.10610818629967], [-70.77482568422054, 43.10613304390396], [-70.77480073104417, 43.106145140667], [-70.77478775836936, 43.10615705065219], [-70.77478707627233, 43.106179503470564], [-70.77478633655628, 43.10620000497925], [-70.77477611036107, 43.10621479975725], [-70.77475903265132, 43.10622287082055], [-70.77475982181974, 43.106250179520515], [-70.77475262394847, 43.10627761213387], [-70.7747445466482, 43.10632066971464], [-70.77474222291418, 43.10633241448387], [-70.77473862398418, 43.106346131240095], [-70.77472415055706, 43.10635220969135], [-70.77471910851432, 43.106362045329], [-70.77475142066727, 43.106374228853525], [-70.77475736583293, 43.10639560275174], [-70.77474116966296, 43.106413214946805], [-70.77473204714862, 43.10642784402135], [-70.77474389192926, 43.10643665228121], [-70.77474618515431, 43.106438663750346], [-70.77467573149994, 43.1065713385697], [-70.77455909164259, 43.106685704679315], [-70.77456874604886, 43.10667077507258], [-70.77456623319668, 43.10665652977501], [-70.77457415565266, 43.10664268562405], [-70.77456413572217, 43.10662448560019], [-70.77458163899695, 43.10661360254872], [-70.77459658427642, 43.10659739891215], [-70.77460279385038, 43.10658431919539]]]]}, "properties": {"Hectares": 0.32272210202, "Acres": 0.79746049143, "Year": "2025", "Name": "Widgeon Grass", "Confidence": "H", "Notes": "UAV Imagery Used", "Type": 3, "LABEL": "Spinney Creek", "ID": 157}}, {"type": "Feature", "geometry": {"type": "Polygon", "coordinates": [[[-70.77429630190016, 43.10560167130449], [-70.77429409735512, 43.10557145750599], [-70.77428875166473, 43.10552470481873], [-70.7742945899296, 43.10549631775721], [-70.77428315239882, 43.105469174388695], [-70.77427842659955, 43.105443878402646], [-70.77429392048987, 43.10542705048085], [-70.77432059831243, 43.10542858818137], [-70.77434869174088, 43.10543303114364], [-70.77438610268864, 43.1054373295747], [-70.77437465839859, 43.10545604617918], [-70.7744043928753, 43.10547119683192], [-70.77442081661987, 43.10548655394521], [-70.77442285884631, 43.10546505595059], [-70.77444393060442, 43.10545692316316], [-70.77446757996753, 43.10544582316354], [-70.77449805376627, 43.10544047174847], [-70.77449176472996, 43.10545325394588], [-70.77446808718958, 43.10546337864586], [-70.77446737605362, 43.1054848559937], [-70.77447581336781, 43.105500336982445], [-70.77447867277223, 43.10550712281946], [-70.77448722281001, 43.10552650502541], [-70.77447286277105, 43.10553648519337], [-70.77443035288275, 43.10554007181628], [-70.77439002611742, 43.10552703695239], [-70.77437039811399, 43.10553905030265], [-70.77435929192973, 43.105569470561], [-70.77435067882564, 43.105593997698605], [-70.77434422068062, 43.105600928060746], [-70.77431740189883, 43.10559451384406], [-70.77429630190016, 43.10560167130449]]]}, "properties": {"Hectares": 0.01910662794, "Acres": 0.04721331701, "Year": "2025", "Name": "Widgeon Grass", "Confidence": "H", "Notes": "UAV Imagery Used", "Type": 3, "LABEL": "Spinney Creek", "ID": 158}}, {"type": "Feature", "geometry": {"type": "Polygon", "coordinates": [[[-70.77457527950479, 43.10567052456698], [-70.77457205373041, 43.10565105977462], [-70.77456318707483, 43.10566680918633], [-70.7745506719386, 43.105648464236864], [-70.77453982605151, 43.10564180229174], [-70.77456078513069, 43.10562976826421], [-70.77458174420158, 43.105617734232915], [-70.77460678103971, 43.10560856416444], [-70.7745916319305, 43.10559123582177], [-70.77458053242117, 43.105575796139924], [-70.77456101716326, 43.10559171074036], [-70.77454555148768, 43.105609514001834], [-70.77452722638712, 43.10562053142595], [-70.77449411852666, 43.10562689945014], [-70.77444996753188, 43.10561977837906], [-70.7744589187474, 43.10560695488931], [-70.7744720604446, 43.10560089658851], [-70.77445555211911, 43.10558261356999], [-70.77445501671966, 43.10556408278336], [-70.77447985630097, 43.10554808561077], [-70.77450891453393, 43.1055398289258], [-70.774534543135, 43.10555114026855], [-70.7745529527552, 43.10554304875706], [-70.77457181326227, 43.105550562114736], [-70.77457603193663, 43.105558302605004], [-70.77460556924255, 43.105566626071955], [-70.77462287323404, 43.10556635763409], [-70.7746477127713, 43.105550360425866], [-70.77467300321304, 43.10554996808349], [-70.77468515199108, 43.105555634061815], [-70.77466433387302, 43.10557254463369], [-70.7746623762756, 43.105596968544155], [-70.77464946005499, 43.105610829302044], [-70.77463354349204, 43.10561302770374], [-70.77463405076446, 43.10563058318398], [-70.77462781810202, 43.105645315997265], [-70.77462557867155, 43.10565998686251], [-70.77460595067389, 43.105672000252824], [-70.77457527950479, 43.10567052456698]]]}, "properties": {"Hectares": 0.01425259179, "Acres": 0.03521878043, "Year": "2025", "Name": "Widgeon Grass", "Confidence": "H", "Notes": "UAV Imagery Used", "Type": 3, "LABEL": "Spinney Creek", "ID": 159}}, {"type": "Feature", "geometry": {"type": "Polygon", "coordinates": [[[-70.77469942745074, 43.10554272795453], [-70.77468824337608, 43.10552436236999], [-70.77471449850307, 43.10551127041108], [-70.77473837330275, 43.105507972791536], [-70.7747558181946, 43.10551258085596], [-70.77477493237139, 43.105528871919596], [-70.7747810804353, 43.105511213185615], [-70.77479255279405, 43.10549347184705], [-70.77479082714117, 43.10547983823663], [-70.77477649534742, 43.10549079374606], [-70.77475797303873, 43.10549498407515], [-70.77475865588934, 43.10547253142291], [-70.7747333936639, 43.10547389908804], [-70.77471481499113, 43.10547613880118], [-70.77471042720823, 43.10546254648962], [-70.77469411612961, 43.10545109063674], [-70.77467001589156, 43.10544658581106], [-70.77466233945268, 43.10545743805792], [-70.77467091772279, 43.10547779555385], [-70.77468439756056, 43.105483440882935], [-70.7747245270742, 43.105489648511494], [-70.77471543501625, 43.105497595498846], [-70.77469048278765, 43.105509691503464], [-70.77464814202477, 43.10551913003354], [-70.77461758365727, 43.10552155557556], [-70.77461140736376, 43.105538238997035], [-70.77458741982073, 43.10553763537241], [-70.7745626432217, 43.10550972321651], [-70.7745689322485, 43.10549694101545], [-70.77458615167797, 43.105493746669985], [-70.77462741499338, 43.10549310655249], [-70.77462812607331, 43.10547162920467], [-70.77461422352312, 43.105451354301465], [-70.77462306195471, 43.10543462958154], [-70.77461728675945, 43.10541910730591], [-70.77465053540398, 43.10541761577047], [-70.77466917042607, 43.10541732667694], [-70.77467143802136, 43.10540363111498], [-70.77469562279025, 43.105411061854156], [-70.77473156175647, 43.10541050429982], [-70.77475566198434, 43.1054150091127], [-70.77476922636686, 43.1054235803452], [-70.77477798020048, 43.105403929700834], [-70.77480681284868, 43.10538787050666], [-70.77480905222795, 43.10537319963808], [-70.77482199654825, 43.10536031416751], [-70.77483961051256, 43.1053707740463], [-70.77484561123816, 43.10539409874491], [-70.77487817705469, 43.10541505979592], [-70.77487321917373, 43.10542782136084], [-70.7748369137973, 43.10541570000292], [-70.77481156704427, 43.10541414177172], [-70.77480001015235, 43.10542895719882], [-70.77481926523672, 43.10545012477743], [-70.77482492774716, 43.10546174582431], [-70.77484061878395, 43.10545174496169], [-70.77487171262887, 43.105467850143654], [-70.77487491030092, 43.1054863396223], [-70.7748460212556, 43.105500448225136], [-70.77482602695065, 43.10549978269509], [-70.77483166128238, 43.105510428437], [-70.77484148613651, 43.105527839354174], [-70.77482990104662, 43.10554167947994], [-70.77480472334817, 43.105545973074435], [-70.77479438476972, 43.10555686663232], [-70.77478829307393, 43.10557647597558], [-70.77477008076364, 43.105591394655214], [-70.77474637503492, 43.1056005441083], [-70.77470655545872, 43.10560506483748], [-70.77473244423228, 43.105579293916705], [-70.77472126014082, 43.10556092833581], [-70.77469942745074, 43.10554272795453]]]}, "properties": {"Hectares": 0.02762775338, "Acres": 0.06826939231, "Year": "2025", "Name": "Widgeon Grass", "Confidence": "H", "Notes": "UAV Imagery Used", "Type": 3, "LABEL": "Spinney Creek", "ID": 160}}, {"type": "Feature", "geometry": {"type": "Polygon", "coordinates": [[[-70.77454424021549, 43.10547195476843], [-70.7745624807279, 43.10545801142865], [-70.7745774607103, 43.105469487949236], [-70.77456168508341, 43.10547656286292], [-70.77454424021549, 43.10547195476843]]]}, "properties": {"Hectares": 0.00027779281, "Acres": 0.00068643824, "Year": "2025", "Name": "Widgeon Grass", "Confidence": "H", "Notes": "UAV Imagery Used", "Type": 3, "LABEL": "Spinney Creek", "ID": 161}}, {"type": "Feature", "geometry": {"type": "Polygon", "coordinates": [[[-70.7751171880918, 43.10536312822043], [-70.77505158875927, 43.1053431829361], [-70.77505098315461, 43.105322229133115], [-70.77509473840908, 43.105306304216384], [-70.77510065363637, 43.10533098711914], [-70.7751114930818, 43.10534606488332], [-70.77513964985104, 43.10533038199629], [-70.77511520604074, 43.10529455214029], [-70.77512770925598, 43.105277206412524], [-70.77518252414333, 43.10528397878905], [-70.77516045983904, 43.10524048903527], [-70.77517069363859, 43.10523461299203], [-70.77521090110511, 43.10527591544934], [-70.7752433644464, 43.10531924381545], [-70.7752186333598, 43.1053634597488], [-70.77516989883449, 43.10538708496263], [-70.7751052354243, 43.10539952285821], [-70.77506889397132, 43.105401992520875], [-70.77508123205271, 43.10537893212451], [-70.77513046212431, 43.105372450967714], [-70.7751171880918, 43.10536312822043]]]}, "properties": {"Hectares": 0.01352063185, "Acres": 0.03341007527, "Year": "2025", "Name": "Widgeon Grass", "Confidence": "H", "Notes": "UAV Imagery Used", "Type": 3, "LABEL": "Spinney Creek", "ID": 162}}, {"type": "Feature", "geometry": {"type": "MultiPolygon", "coordinates": [[[[-70.77492155731167, 43.106063666908526], [-70.77493451413328, 43.105971989649966], [-70.77496394987627, 43.10591054907581], [-70.77495753893017, 43.10586872209588], [-70.7749462585563, 43.105838405647646], [-70.77493735847231, 43.105800428946964], [-70.77496728959723, 43.10575613180129], [-70.77496115393218, 43.105723829247765], [-70.77499727574913, 43.10571374007382], [-70.77501962679843, 43.10567718474896], [-70.77508108543913, 43.10564383334723], [-70.77510581663809, 43.105599616852494], [-70.77510460537998, 43.105557709193306], [-70.77505775508703, 43.10555653079642], [-70.77497324157358, 43.105512104041395], [-70.77495405215984, 43.10547809865037], [-70.7749874081979, 43.10546233535399], [-70.77502922506767, 43.10546930892132], [-70.77506054618216, 43.10545584904694], [-70.77508588090411, 43.105450671766576], [-70.7750961572869, 43.10544540127782], [-70.77514079367755, 43.10545995527293], [-70.7751453509373, 43.10548097249661], [-70.7751939504785, 43.105466948210626], [-70.77519511376941, 43.105449583640244], [-70.77526232120725, 43.10543520032773], [-70.7753031126567, 43.10544730073571], [-70.7752951125664, 43.10546537831973], [-70.77531511145195, 43.10546620253832], [-70.77533728441618, 43.105458612404554], [-70.77542002472642, 43.105537259689534], [-70.77541932549256, 43.10556102475386], [-70.77537105933172, 43.105623441142264], [-70.7753740689805, 43.105653837283725], [-70.77540311745257, 43.10562684621221], [-70.77540160132928, 43.105611257516294], [-70.77546094612094, 43.10556350159534], [-70.7754301371358, 43.10552963340349], [-70.77542499742783, 43.105499269421315], [-70.77539774441848, 43.105477836352435], [-70.77538440292663, 43.105458528577586], [-70.77535927993516, 43.105437061541416], [-70.77535823666157, 43.10542418310311], [-70.77538655509619, 43.105425039376044], [-70.77541762518746, 43.105449364923984], [-70.77540887674685, 43.105420680483164], [-70.77539922755636, 43.10540258325707], [-70.77544336836903, 43.10539999280712], [-70.77550371288783, 43.1054181136235], [-70.77552340185984, 43.10542492439114], [-70.77555068326177, 43.10542472426789], [-70.77556848616982, 43.10540948495038], [-70.77559226985228, 43.10542245615043], [-70.77559297928678, 43.10545060801771], [-70.77560958831995, 43.10543551869239], [-70.77561521828429, 43.10541758863219], [-70.77563104572327, 43.10541423186108], [-70.77566401599812, 43.105385133096455], [-70.7756293935115, 43.105357084412816], [-70.77562336769643, 43.10532859184815], [-70.77559377977298, 43.10529474796811], [-70.77556933528619, 43.10525891796689], [-70.77555318665743, 43.10524011121691], [-70.77552513952276, 43.10525960393858], [-70.77547806917303, 43.10525080580951], [-70.77545256742634, 43.105268353627835], [-70.77548956997389, 43.10528874210596], [-70.77552870087042, 43.10529080283187], [-70.77556717142934, 43.10529488993017], [-70.775584682713, 43.10531101015727], [-70.77555391407233, 43.10531539033622], [-70.77553428453677, 43.1053222818964], [-70.7755252937743, 43.10535488943532], [-70.77552844371995, 43.105373897942805], [-70.77548712369313, 43.105384067964444], [-70.77544254236325, 43.10537141953011], [-70.77543624129909, 43.10533340252828], [-70.77542750619088, 43.10530114034207], [-70.77539548310438, 43.10527305124385], [-70.77535919640023, 43.1052774251628], [-70.77538076497282, 43.10530377114346], [-70.77539470101067, 43.10533595261574], [-70.77536432985501, 43.10536501006547], [-70.7753410418267, 43.10536918314391], [-70.775335126276, 43.105344500512324], [-70.77530121976767, 43.10534121505469], [-70.77527538754588, 43.10534733298301], [-70.77527467174846, 43.105322569653765], [-70.77528988425293, 43.105308993213804], [-70.77532368183975, 43.1053084687053], [-70.77533341929046, 43.105285448528925], [-70.77531174063994, 43.10525529348808], [-70.77527550901664, 43.10526157280578], [-70.77525698023119, 43.1052504253701], [-70.7752845869597, 43.10521569380983], [-70.77524498528012, 43.105195345599725], [-70.77523375992368, 43.1051669328021], [-70.77520472288435, 43.105152137669855], [-70.77518104950981, 43.10514297633635], [-70.7751420535301, 43.105143581469456], [-70.77515576793496, 43.10516814309145], [-70.77510648263261, 43.105172719539226], [-70.77509525859864, 43.10514430760782], [-70.77512745821306, 43.105088541136624], [-70.7750768516387, 43.10504739995647], [-70.77505499636717, 43.105101100522404], [-70.7750299337535, 43.10513388717211], [-70.77500990687349, 43.10516087773925], [-70.77495410186107, 43.1051198180671], [-70.77499262073415, 43.10498036810394], [-70.77487454557158, 43.10493753447076], [-70.77476759308664, 43.10492802718009], [-70.77464562386503, 43.10492619777799], [-70.7744960080463, 43.10484663060695], [-70.77443703690386, 43.10473960324226], [-70.77436812604452, 43.104640174147455], [-70.77427057788829, 43.104604464720005], [-70.77419787909044, 43.10454975994228], [-70.77411481184598, 43.10448777178994], [-70.77405594917644, 43.10438446415216], [-70.77407249879731, 43.104253932090764], [-70.77419755041878, 43.10429219206374], [-70.77423997658195, 43.10435406581523], [-70.77426340390365, 43.10432094811435], [-70.77434524576132, 43.10434052264281], [-70.77437047874041, 43.10436990867506], [-70.77447600587482, 43.10436529397547], [-70.77450409595208, 43.10435294691781], [-70.77444161781048, 43.104300316897415], [-70.77448120526358, 43.10426397065118], [-70.77455043183079, 43.10426885246124], [-70.77459511456281, 43.10426815931354], [-70.77469657932126, 43.10426360742953], [-70.77473859587748, 43.1041706455096], [-70.77482074921718, 43.10413066093476], [-70.77480844421417, 43.1040564087539], [-70.77487326956404, 43.104014458929214], [-70.77496423504194, 43.1039981592809], [-70.77506514018009, 43.10397426029806], [-70.77514638087432, 43.103972999661416], [-70.77527904069292, 43.10399327430171], [-70.7753808060482, 43.103999139106975], [-70.77544778189716, 43.10403159867147], [-70.77551572580408, 43.10409754310131], [-70.77560776679807, 43.10411844779215], [-70.77564860234544, 43.10412525807638], [-70.77575544595953, 43.10413104372224], [-70.77582706865861, 43.10414854267282], [-70.77589933809242, 43.10418836482438], [-70.77595086642357, 43.104213619773766], [-70.77597289735525, 43.10427283257624], [-70.77597590963391, 43.10437700630879], [-70.77599264865573, 43.1044288562335], [-70.77611526243288, 43.10445300747797], [-70.7761423728895, 43.104512141379374], [-70.77611259234911, 43.10454236093128], [-70.77609025962059, 43.104565813234906], [-70.77614443660212, 43.104553107053896], [-70.7762020537109, 43.104570946694224], [-70.77626677250308, 43.104568565278846], [-70.77634036761917, 43.10455006478068], [-70.77641637060174, 43.10456374440048], [-70.77642973882267, 43.1045755293915], [-70.77644501506494, 43.10460276905462], [-70.77646970137383, 43.10460176122255], [-70.77648963714044, 43.10460739577564], [-70.77652164766714, 43.10460033004868], [-70.7765484923832, 43.10458555023646], [-70.77656112605568, 43.104580358237804], [-70.7765429117049, 43.1045694005614], [-70.77652040172909, 43.104575745136934], [-70.77650765988068, 43.1045587074651], [-70.7764959324228, 43.10453273146198], [-70.77650909610942, 43.10451996772849], [-70.77648181810434, 43.10451976686387], [-70.77647594937982, 43.10451036164714], [-70.77649236887733, 43.10450149324975], [-70.77648840169556, 43.10448219614135], [-70.7764964510062, 43.10446583479714], [-70.77645246387574, 43.10444778364436], [-70.7764299638528, 43.10444439932918], [-70.77642477066564, 43.10443322629815], [-70.77646111055023, 43.10442572667175], [-70.77648215316687, 43.104442951346506], [-70.77650971983975, 43.10445313880935], [-70.77651740532986, 43.10445364437786], [-70.77653873751485, 43.10445456203634], [-70.776556844009, 43.104461774497125], [-70.77656907710757, 43.10447220097558], [-70.77657636148699, 43.10448832409714], [-70.77657267930014, 43.10450836435793], [-70.7765775711784, 43.10453014442506], [-70.77658659544194, 43.10454749036779], [-70.77658728154798, 43.104571209614626], [-70.77657005971245, 43.1045945820542], [-70.77655403731477, 43.104600451573255], [-70.77655347371272, 43.1046104518638], [-70.77655140621835, 43.10462734514202], [-70.77654930135832, 43.104642989157846], [-70.77656298546016, 43.10464465050705], [-70.77657338845607, 43.104650733658325], [-70.77657124871877, 43.10466512927393], [-70.77658359019425, 43.104679300893906], [-70.77657262359317, 43.10468321803409], [-70.77655705518914, 43.10467534123828], [-70.77655832560552, 43.10466033420223], [-70.77655716742419, 43.10464973663024], [-70.77654611053828, 43.10465053236429], [-70.77654130626478, 43.10466122343319], [-70.77653295004163, 43.104666972993826], [-70.7765361743147, 43.104690028802345], [-70.77654421970772, 43.10470301820176], [-70.77654019566923, 43.1047111983687], [-70.77655250103687, 43.10472412161049], [-70.7765621779339, 43.10473458688642], [-70.77657380186973, 43.10474081856235], [-70.77657392174177, 43.104742795918334], [-70.77659541106519, 43.10479515277595], [-70.77660041888102, 43.104830201163594], [-70.77655487564068, 43.10486701072241], [-70.77655059573938, 43.104903180352146], [-70.7765367999218, 43.10493266685059], [-70.77653696477837, 43.10498437787908], [-70.77653101474944, 43.105008863824025], [-70.77652792409694, 43.10504013627502], [-70.77652055786564, 43.10506171680727], [-70.77651313644071, 43.105081346893016], [-70.77654882101228, 43.10507201050315], [-70.77655904101513, 43.10510307623989], [-70.77656903530122, 43.1051263384672], [-70.77658415711453, 43.10514269105015], [-70.77658350266802, 43.10516611955379], [-70.77656489642925, 43.1051673837136], [-70.77656707871654, 43.105150762394516], [-70.7765372312821, 43.10513171109198], [-70.77653337889747, 43.1051366496272], [-70.77653383029171, 43.10515225484383], [-70.77655036707223, 43.10517151286206], [-70.77652640886107, 43.10517188493011], [-70.77650061006037, 43.10515472204692], [-70.77648585621289, 43.105151047659625], [-70.77649576586794, 43.10517138470284], [-70.7765138316735, 43.10519744899283], [-70.77647385311805, 43.105231001570054], [-70.77643784820776, 43.10525229475562], [-70.7764083575934, 43.10526860896344], [-70.77640063723995, 43.10528946291008], [-70.77640120143066, 43.10530896898157], [-70.77639496922552, 43.10532370188384], [-70.77637549683982, 43.105341079740086], [-70.77629952446557, 43.10536177428122], [-70.7762714866579, 43.105370747832545], [-70.77625197895004, 43.10538690608897], [-70.77619887713324, 43.10539260931687], [-70.77619441388362, 43.10541097422296], [-70.77617161373287, 43.10542840371412], [-70.77614368163333, 43.10544103417374], [-70.77612265044058, 43.10546209477033], [-70.77611286101019, 43.10547260049811], [-70.77607978076927, 43.105486934111184], [-70.77604876534511, 43.10549739286159], [-70.77601746903329, 43.10550885629493], [-70.77599286455055, 43.10552143505523], [-70.77598046261478, 43.10552996840299], [-70.775519235292, 43.10572981503826], [-70.77509475259134, 43.105994321555976], [-70.77505719311071, 43.106007828113555], [-70.77503378770771, 43.106013306821204], [-70.77501671956007, 43.106026680600536], [-70.77501176250185, 43.10603635014808], [-70.77499888085424, 43.10604358354159], [-70.77498552498315, 43.10604954653508], [-70.77497849104975, 43.10604773678929], [-70.77496981443139, 43.106049470639704], [-70.7749580747673, 43.106050931451186], [-70.77494695592318, 43.10605877771617], [-70.7749397155944, 43.106064964579325], [-70.77492682472378, 43.106071879343936], [-70.77492376293206, 43.1060716071858], [-70.77492155731167, 43.106063666908526]]], [[[-70.77625160739296, 43.105454359227906], [-70.77625696382303, 43.10544415395728], [-70.77628705399181, 43.10544856543858], [-70.77632139458855, 43.1054272972438], [-70.77632971440272, 43.105427168053495], [-70.77634815707269, 43.1054317603812], [-70.77637792989944, 43.10542520012339], [-70.77637350317842, 43.1054447836958], [-70.77636289824603, 43.10544956267552], [-70.77625160739296, 43.105454359227906]]]]}, "properties": {"Hectares": 2.30360995259, "Acres": 5.69232139152, "Year": "2025", "Name": "Widgeon Grass", "Confidence": "H", "Notes": "UAV Imagery Used", "Type": 3, "LABEL": "Spinney Creek", "ID": 163}}, {"type": "Feature", "geometry": {"type": "Polygon", "coordinates": [[[-70.77643900641372, 43.10436556196112], [-70.77646284075625, 43.1043645673608], [-70.77648439029947, 43.10437297535818], [-70.7765016985455, 43.10438207369156], [-70.77651222793286, 43.10439252624516], [-70.77651498214941, 43.10439935269526], [-70.7765042508538, 43.10441138436781], [-70.77647706316927, 43.10441430447611], [-70.77645632937599, 43.10440463486013], [-70.7764645592275, 43.104394515461635], [-70.77644819312486, 43.104388524865634], [-70.77644114345061, 43.10438051616869], [-70.77643900641372, 43.10436556196112]]]}, "properties": {"Hectares": 0.00211690686, "Acres": 0.00523096986, "Year": "2025", "Name": "Widgeon Grass", "Confidence": "H", "Notes": "UAV Imagery Used", "Type": 3, "LABEL": "Spinney Creek", "ID": 164}}, {"type": "Feature", "geometry": {"type": "Polygon", "coordinates": [[[-70.77626408052622, 43.10438763696487], [-70.77627499238808, 43.10438184725832], [-70.77629723131234, 43.104384624313894], [-70.77630658384783, 43.10438385461502], [-70.77630174340588, 43.10439329689752], [-70.77629329689796, 43.104395925951664], [-70.77627963084437, 43.10439488920387], [-70.77626408052622, 43.10438763696487]]]}, "properties": {"Hectares": 0.00035025192, "Acres": 0.00086548788, "Year": "2025", "Name": "Widgeon Grass", "Confidence": "H", "Notes": "UAV Imagery Used", "Type": 3, "LABEL": "Spinney Creek", "ID": 165}}, {"type": "Feature", "geometry": {"type": "Polygon", "coordinates": [[[-70.7763673047957, 43.10436167959367], [-70.77637923099378, 43.10436149439886], [-70.77638356256357, 43.104363925035145], [-70.77637777999713, 43.10437025957692], [-70.77636320791738, 43.10436736348404], [-70.7763673047957, 43.10436167959367]]]}, "properties": {"Hectares": 0.00010873204, "Acres": 0.00026868166, "Year": "2025", "Name": "Widgeon Grass", "Confidence": "H", "Notes": "UAV Imagery Used", "Type": 3, "LABEL": "Spinney Creek", "ID": 166}}, {"type": "Feature", "geometry": {"type": "Polygon", "coordinates": [[[-70.77635136522457, 43.104429370379385], [-70.77634103443995, 43.104425783949175], [-70.7763316818986, 43.10442655365096], [-70.77632218493495, 43.10442232979669], [-70.77632376230989, 43.10441793398013], [-70.7763399298267, 43.104417058455496], [-70.77635100416366, 43.104416886491364], [-70.77636057334091, 43.10442360712082], [-70.77635136522457, 43.104429370379385]]]}, "properties": {"Hectares": 0.00027976852, "Acres": 0.0006913203, "Year": "2025", "Name": "Widgeon Grass", "Confidence": "H", "Notes": "UAV Imagery Used", "Type": 3, "LABEL": "Spinney Creek", "ID": 167}}, {"type": "Feature", "geometry": {"type": "Polygon", "coordinates": [[[-70.77398581913116, 43.10386576317352], [-70.77398206898563, 43.1038511851997], [-70.77395937439195, 43.103872271649514], [-70.77393473429215, 43.10388363084451], [-70.77390397604076, 43.10385605522946], [-70.77388192412322, 43.103841761052536], [-70.77385870135234, 43.103844560511156], [-70.77386082287823, 43.103860383420574], [-70.77387614917698, 43.103872342537976], [-70.77385639483342, 43.103879966922484], [-70.77382259069103, 43.10386219593565], [-70.77383502085944, 43.10383151125583], [-70.7738112699591, 43.103816023732485], [-70.77376995665519, 43.10382642174766], [-70.77373834447434, 43.10382691190963], [-70.77370850171178, 43.10383103366019], [-70.77366496128651, 43.10382195133], [-70.77372135441475, 43.103814978570504], [-70.77380082945668, 43.10380032981538], [-70.77383573401004, 43.10379856890662], [-70.7738744238864, 43.10381260509684], [-70.77391134434922, 43.10382300967966], [-70.77394992862318, 43.10383338844947], [-70.77398504446256, 43.103838942283225], [-70.77402628730981, 43.10382610592816], [-70.77410059481927, 43.103805438714836], [-70.77410647529175, 43.103778514613786], [-70.77411635243179, 43.10377470240081], [-70.77415649485845, 43.10378139790382], [-70.77419168111699, 43.10378938993694], [-70.77426201844288, 43.103804154839025], [-70.77428046109195, 43.10380874750321], [-70.77431759292946, 43.103826466740735], [-70.77432619367335, 43.103836090758755], [-70.77430845538487, 43.103855880725455], [-70.77428495088571, 43.103848927220966], [-70.77423114583964, 43.10383024689231], [-70.77419581868737, 43.10381737834695], [-70.77420778222498, 43.10382816989656], [-70.77423149801032, 43.10384243820454], [-70.77421871587079, 43.10386093161163], [-70.77420349515937, 43.10385262993494], [-70.7741982572465, 43.10384417342977], [-70.77416699722187, 43.103856855022784], [-70.77413379166303, 43.10385980936079], [-70.77411853574812, 43.1038502885413], [-70.77412806074851, 43.103834285014315], [-70.77410483799332, 43.10383708452265], [-70.77406518852787, 43.10384745684072], [-70.77403569791223, 43.103863769989786], [-70.77400617206817, 43.10387886400015], [-70.77397650536112, 43.10388908147756], [-70.77398581913116, 43.10386576317352]]]}, "properties": {"Hectares": 0.02298362087, "Acres": 0.05679353685, "Year": "2025", "Name": "Widgeon Grass", "Confidence": "H", "Notes": "UAV Imagery Used", "Type": 3, "LABEL": "Spinney Creek", "ID": 168}}, {"type": "Feature", "geometry": {"type": "Polygon", "coordinates": [[[-70.77359551948274, 43.104184052498745], [-70.77362327615093, 43.10416532699243], [-70.77363863768826, 43.10417850527204], [-70.77364235256935, 43.104191864125866], [-70.77362773034373, 43.10420428760922], [-70.77362125113349, 43.104210486452075], [-70.77359629399062, 43.10421087339305], [-70.77359551948274, 43.104184052498745]]]}, "properties": {"Hectares": 0.00133243751, "Acres": 0.00329251163, "Year": "2025", "Name": "Widgeon Grass", "Confidence": "H", "Notes": "UAV Imagery Used", "Type": 3, "LABEL": "Spinney Creek", "ID": 169}}, {"type": "Feature", "geometry": {"type": "Polygon", "coordinates": [[[-70.77442771378978, 43.10412357962831], [-70.77445904433597, 43.104113336225176], [-70.7744808147048, 43.10411787723813], [-70.7744696611713, 43.104135125732434], [-70.77444144690027, 43.10413800273627], [-70.774436737252, 43.1041478332087], [-70.77440664784055, 43.104143421225984], [-70.77439280907497, 43.104125340720586], [-70.77442771378978, 43.10412357962831]]]}, "properties": {"Hectares": 0.0014526495, "Acres": 0.00358956074, "Year": "2025", "Name": "Widgeon Grass", "Confidence": "H", "Notes": "UAV Imagery Used", "Type": 3, "LABEL": "Spinney Creek", "ID": 170}}, {"type": "Feature", "geometry": {"type": "Polygon", "coordinates": [[[-70.77466093830245, 43.10381321289614], [-70.7746620493464, 43.103779654531245], [-70.77462129101092, 43.103809254163615], [-70.77457461194648, 43.10377796175712], [-70.77459236099776, 43.10374414529183], [-70.77465440109287, 43.10373098608476], [-70.77473581936114, 43.10374039516327], [-70.77479683652003, 43.103763842071324], [-70.77479762915507, 43.10379127251561], [-70.77475351413847, 43.103776710966436], [-70.77470023333525, 43.10380498030568], [-70.77466093830245, 43.10381321289614]]]}, "properties": {"Hectares": 0.01029495146, "Acres": 0.02543927731, "Year": "2025", "Name": "Widgeon Grass", "Confidence": "H", "Notes": "UAV Imagery Used", "Type": 3, "LABEL": "Spinney Creek", "ID": 171}}, {"type": "Feature", "geometry": {"type": "Polygon", "coordinates": [[[-70.77502139125242, 43.103781397410145], [-70.77504725096142, 43.10375465112169], [-70.77503856008163, 43.10373039242777], [-70.7750192772957, 43.10370824956717], [-70.77506051121554, 43.103706634010074], [-70.77509811846073, 43.103717759359164], [-70.77514354280748, 43.10372290894166], [-70.77515693773155, 43.10372562830926], [-70.77519281932528, 43.10372312001837], [-70.77521717262023, 43.103736402486824], [-70.77520298224591, 43.10375223456667], [-70.77520601077659, 43.10376487221434], [-70.77520529989891, 43.10378634956792], [-70.77517177026982, 43.103778088204244], [-70.7751318109677, 43.103777732538845], [-70.77510519022462, 43.103778145623814], [-70.7750801260147, 43.10378634048508], [-70.77503892022861, 43.10378893135472], [-70.77502139125242, 43.103781397410145]]]}, "properties": {"Hectares": 0.00993475859, "Acres": 0.02454922491, "Year": "2025", "Name": "Widgeon Grass", "Confidence": "H", "Notes": "UAV Imagery Used", "Type": 3, "LABEL": "Spinney Creek", "ID": 172}}, {"type": "Feature", "geometry": {"type": "Polygon", "coordinates": [[[-70.77523846307199, 43.103781931963766], [-70.7752544073279, 43.10378070879049], [-70.7752678304592, 43.103784403449126], [-70.77526411924765, 43.10379421846139], [-70.77526018251532, 43.10379623103805], [-70.77523480823493, 43.103793697584095], [-70.77523846307199, 43.103781931963766]]]}, "properties": {"Hectares": 0.00035296697, "Acres": 0.00087219688, "Year": "2025", "Name": "Widgeon Grass", "Confidence": "H", "Notes": "UAV Imagery Used", "Type": 3, "LABEL": "Spinney Creek", "ID": 173}}, {"type": "Feature", "geometry": {"type": "MultiPolygon", "coordinates": [[[[-70.77714937965975, 43.10449878204111], [-70.77712295354061, 43.104498568098386], [-70.77710780043712, 43.10450504824743], [-70.77709283637026, 43.10450627987028], [-70.77708705206875, 43.1044948793929], [-70.77708073075526, 43.1044884830552], [-70.77706931866585, 43.10449465529405], [-70.77706114068681, 43.10449478233454], [-70.7770567482849, 43.104484359392764], [-70.77704568538537, 43.10447903587014], [-70.77705308072713, 43.10447542393011], [-70.77704280046403, 43.104473585307844], [-70.77703623110027, 43.104482180214006], [-70.7770351715126, 43.104492687849], [-70.77702834208216, 43.10449229435879], [-70.77702667567851, 43.104481829069734], [-70.7770277352675, 43.10447132143474], [-70.7770397132705, 43.104461143770834], [-70.77705167682142, 43.104450466750336], [-70.77705533236286, 43.1044354225707], [-70.77704041165578, 43.10443815225242], [-70.77702405571237, 43.10443840632846], [-70.77702523088469, 43.10443189353612], [-70.77702711645014, 43.10442636886804], [-70.77701825698249, 43.104426506491826], [-70.77700848485276, 43.1044186650157], [-70.77698930179115, 43.104415465944705], [-70.77697926714808, 43.10442211635739], [-70.77699441901689, 43.10442737636919], [-70.77700965757498, 43.10443563251099], [-70.77699810101079, 43.10443681118937], [-70.77699272126799, 43.10443939265635], [-70.77700387084239, 43.10444771231637], [-70.77699648994859, 43.10445182360858], [-70.77698043986236, 43.104439083853094], [-70.77696784061277, 43.10442778923082], [-70.77695940258928, 43.10441892786751], [-70.77694771600154, 43.104415612342464], [-70.7769424518363, 43.104422188649984], [-70.77695782041269, 43.10443493899709], [-70.77696022609044, 43.104447391122754], [-70.77694959662509, 43.104457048251206], [-70.7769250915954, 43.104458428055835], [-70.77691993103903, 43.104445019561936], [-70.77690895483994, 43.10444269215791], [-70.77688848101411, 43.10444201101837], [-70.77687350251053, 43.10444274325697], [-70.77687034061513, 43.104451285226126], [-70.77686095855779, 43.104456926332496], [-70.7768604793122, 43.104463927893335], [-70.77685022794932, 43.104463087964355], [-70.77685057717744, 43.10445159220511], [-70.77686589046222, 43.104438864854814], [-70.7768649778186, 43.104430885754205], [-70.7768560172237, 43.10442752787775], [-70.77684956592267, 43.104416637328086], [-70.77685325040513, 43.10440259186474], [-70.77686645889305, 43.104411379137765], [-70.77687891365363, 43.104417680217914], [-70.77690012675637, 43.104420348195106], [-70.77691394451723, 43.10442662809981], [-70.77692973453803, 43.1044303794684], [-70.77692118094303, 43.10441752325922], [-70.77692284981138, 43.10440450826216], [-70.77690858170871, 43.1044062286301], [-70.77690128749467, 43.10441333604839], [-70.77688198886581, 43.104406142116204], [-70.77687546532916, 43.10439275479116], [-70.77686883099881, 43.10438496448018], [-70.7768599229199, 43.1043787082255], [-70.77687553717642, 43.104371671408416], [-70.77687484173353, 43.104366486580865], [-70.77689105896987, 43.10436143871485], [-70.77689525874516, 43.10435577818636], [-70.77688089869427, 43.10434960661851], [-70.77688345132042, 43.10434357201153], [-70.77690436529603, 43.10435004144067], [-70.77690944543556, 43.10435595748785], [-70.77691352764185, 43.10436508634647], [-70.77690942032811, 43.10437394274999], [-70.77692144934767, 43.104374954892904], [-70.77693721384654, 43.104373111363444], [-70.77694528778983, 43.104369388973446], [-70.77694242310892, 43.104364637505746], [-70.77695707409376, 43.10436201194249], [-70.77696229491036, 43.10435393756827], [-70.77697726951554, 43.10436249756251], [-70.77698128238411, 43.104369229512834], [-70.77697107388475, 43.104374583718055], [-70.77696965789316, 43.10438219932622], [-70.77695925290652, 43.10438076229755], [-70.77695905444547, 43.10439275529505], [-70.77697575908904, 43.10438570152679], [-70.77698930812399, 43.1043826934129], [-70.77699244061255, 43.104377848787564], [-70.77700402845994, 43.10438246474928], [-70.77700425962354, 43.10439045443483], [-70.77701421188102, 43.10439509580265], [-70.7770163811137, 43.1043946624419], [-70.77701776242493, 43.10438584838053], [-70.77702806338861, 43.10438369004531], [-70.77703480225256, 43.10439037964764], [-70.77702904780325, 43.104398861978474], [-70.77702042866362, 43.10440259284346], [-70.7770140134308, 43.10440708880003], [-70.77702712129559, 43.1044076845092], [-70.77704690062777, 43.10439378868294], [-70.77704503386565, 43.104385824405334], [-70.77704205359208, 43.104377078097635], [-70.77703200886873, 43.10436924085798], [-70.7770111526649, 43.10436476887403], [-70.77700491277106, 43.104356472863934], [-70.77699598156666, 43.10434941765147], [-70.77698907893037, 43.10435591949695], [-70.77696746949395, 43.10434426525666], [-70.77695585854077, 43.10433885032243], [-70.77695340036384, 43.10432929657467], [-70.77696089442969, 43.104324384199586], [-70.77697417564589, 43.10433097217951], [-70.77698286412664, 43.104329638223774], [-70.77698702921717, 43.10432277923924], [-70.77699847835625, 43.10432260139036], [-70.77701013554272, 43.10432961425736], [-70.77701714219803, 43.10432670776915], [-70.77702122637662, 43.10431705239347], [-70.7770134433613, 43.104311977665404], [-70.77699991745938, 43.10431578475043], [-70.77699109028417, 43.10431232489601], [-70.77698002453211, 43.104306901495136], [-70.77697110292178, 43.10431902999531], [-70.7769667760189, 43.10432029619924], [-70.7769552113017, 43.104316479202026], [-70.77694163916401, 43.10431868834305], [-70.77693916744869, 43.10432751934131], [-70.77693936393021, 43.10433431057436], [-70.77694606810573, 43.10433980172938], [-70.77694633393484, 43.104348989868136], [-70.77693994181742, 43.10435428478912], [-70.77692998957205, 43.10434964341461], [-70.77692874892756, 43.104344467056144], [-70.77692327383916, 43.10434375277435], [-70.77691392458189, 43.1043411003512], [-70.77690893690351, 43.10433838017862], [-70.77692250904686, 43.10433617104135], [-70.7769222201062, 43.10432618393381], [-70.7769187408865, 43.10431904402835], [-70.77691093476405, 43.1043131703245], [-70.77692239545944, 43.104313391967565], [-70.7769156566162, 43.104306702358116], [-70.77691759469485, 43.10429827931321], [-70.77691688769185, 43.10429269500159], [-70.77692143617782, 43.10428023477042], [-70.77693395258748, 43.10427924102223], [-70.77694954369473, 43.10427140522694], [-70.77695208475329, 43.104264971134214], [-70.77694962658032, 43.10425541738624], [-70.77694285306755, 43.10424752932536], [-70.77693873619226, 43.10423720201463], [-70.77694515141346, 43.104232706062426], [-70.77695735377294, 43.10423971046658], [-70.77696778185128, 43.10424194646445], [-70.77697699240017, 43.10423980507197], [-70.7769907032155, 43.10424238973847], [-70.77699527283177, 43.10424951270383], [-70.77698572512982, 43.10425885328402], [-70.77697625833065, 43.10427099025354], [-70.7769808741794, 43.1042797111566], [-70.77699116356877, 43.10427715334069], [-70.777001917247, 43.10427179066485], [-70.77701872587707, 43.104268332249376], [-70.77702735655646, 43.10426500086899], [-70.77702999007298, 43.104261762648974], [-70.77702211459815, 43.104253492047086], [-70.77702786903549, 43.10424500971659], [-70.77704126777809, 43.10423680830143], [-70.77703936634714, 43.10422764557056], [-70.77703911206358, 43.10421885691636], [-70.77704658299243, 43.10421314556739], [-70.77705358963283, 43.10421023907713], [-70.77704480870362, 43.104208377163665], [-70.77702701372358, 43.10421544787955], [-70.77701978551515, 43.10422954839733], [-70.77701580536544, 43.10424279913153], [-70.77700769676854, 43.10424532307336], [-70.7769977329781, 43.104240282220175], [-70.77697571708045, 43.10423343026102], [-70.77698251568306, 43.10422333305771], [-70.77698942986363, 43.104217230697024], [-70.77698486025056, 43.10421010773133], [-70.77697153282821, 43.10420192181486], [-70.77695993345985, 43.10419690636478], [-70.77695095407192, 43.104207037441874], [-70.77693738195812, 43.10420924658202], [-70.77693807740405, 43.104214431409325], [-70.77694154506196, 43.10422117183013], [-70.77693332088813, 43.10421970092365], [-70.77692721971137, 43.10421619872038], [-70.7769104110899, 43.104219657122265], [-70.77690642135428, 43.10421372413764], [-70.77688522804799, 43.104216451315665], [-70.77688234026458, 43.104210900877504], [-70.77686422166266, 43.104206786007445], [-70.77685178616616, 43.10421057613806], [-70.77686457993592, 43.10421917002141], [-70.7768795082652, 43.104226132092236], [-70.77689972675695, 43.10422741669538], [-70.77690931870369, 43.10423845829056], [-70.77690957296886, 43.10424724694538], [-70.77692135726436, 43.10425865414933], [-70.77691950009039, 43.10426987358442], [-70.77690062624171, 43.10427736070276], [-70.77688523360237, 43.10427320349366], [-70.77688007257095, 43.104264491054934], [-70.77688202221067, 43.104256467494814], [-70.77687959872084, 43.10424811219801], [-70.77686962338286, 43.104242671849164], [-70.77686055151584, 43.104249607044984], [-70.7768509113359, 43.10425575173972], [-70.77687056152597, 43.1042562458476], [-70.77687087357204, 43.10426703192405], [-70.77687861034086, 43.10427050872499], [-70.77688377137255, 43.104279221163736], [-70.77688462861806, 43.10428999877171], [-70.77687146299289, 43.10428740562414], [-70.77685917973284, 43.10427760482061], [-70.77685056059924, 43.10428133567281], [-70.77686008320279, 43.104289980366126], [-70.77685925862474, 43.10429918544209], [-70.77686595123205, 43.10430427711773], [-70.7768845688306, 43.10430678558124], [-70.77688419699415, 43.104312786314296], [-70.77689686365805, 43.10431698586604], [-70.77690696614341, 43.10432682053956], [-70.7768968385465, 43.10433497112834], [-70.77688210666368, 43.104334800293714], [-70.77687494975565, 43.10433251347772], [-70.7768649975186, 43.1043278720974], [-70.7768636855299, 43.104339083063294], [-70.77685409357488, 43.104328041464605], [-70.77684939482894, 43.104335308397204], [-70.77684029983202, 43.1043414446229], [-70.77684159825455, 43.10434861840409], [-70.77685693312418, 43.104350778197144], [-70.77686425183533, 43.10435865779453], [-70.77685511060776, 43.1043631960842], [-70.77683699196226, 43.10435908121074], [-70.77682406902093, 43.10436487722865], [-70.77682689902171, 43.10436843024649], [-70.77684234946707, 43.10437458488455], [-70.77683382277559, 43.104381511610185], [-70.7768175708581, 43.1043853610153], [-70.77680554183785, 43.10438434886144], [-70.77680854519214, 43.10439389414454], [-70.77681254648765, 43.10440022661675], [-70.77680007627842, 43.10440281828936], [-70.77679592474526, 43.104391292520546], [-70.77678667949672, 43.104392235446], [-70.77678164356149, 43.104406701561835], [-70.77677266411412, 43.10441683262567], [-70.7767561810517, 43.1044126923357], [-70.77674838648875, 43.10440721810513], [-70.77675618309057, 43.10439390810429], [-70.77675363248966, 43.104381158477125], [-70.77675461887607, 43.10437754618239], [-70.77676954723239, 43.10438450826689], [-70.77677675036966, 43.104388393026724], [-70.77678980044513, 43.10438699134156], [-70.77679325856818, 43.104374548051204], [-70.77677118486011, 43.104365698631675], [-70.77675347273805, 43.1043567814649], [-70.77676480631884, 43.104352608795956], [-70.77674947145158, 43.10435044899047], [-70.7767400759745, 43.10434619861568], [-70.77673934587405, 43.104339815334036], [-70.77676020205118, 43.104344287368164], [-70.77677201148657, 43.10433770932462], [-70.77677649066513, 43.104322852192716], [-70.77678863524048, 43.10432785919315], [-70.77680327466695, 43.10432483416531], [-70.77678455305528, 43.10431873032967], [-70.77676404358306, 43.10432624282989], [-70.77674044986959, 43.10432141365108], [-70.77671784254731, 43.10431297217278], [-70.77670352874847, 43.10430839851949], [-70.77671592755334, 43.10432219418345], [-70.77671304928322, 43.10433582745717], [-70.77670826757205, 43.10435908222578], [-70.77670464764529, 43.10436593273308], [-70.77668425576941, 43.104358655830964], [-70.77666055804573, 43.10435023127655], [-70.77665472265639, 43.10435591719899], [-70.77663503776762, 43.10435422460149], [-70.77661483079365, 43.1043533394366], [-70.77660027223911, 43.104359160831194], [-70.7765850644852, 43.104361395331665], [-70.7765829876938, 43.104365024559264], [-70.77656943864129, 43.10436803262524], [-70.77655861557562, 43.104370998355094], [-70.77655278017477, 43.104376684272474], [-70.77654225964588, 43.104371252361915], [-70.77653482331566, 43.10437816213214], [-70.77651888547624, 43.10437401334064], [-70.77653231898172, 43.10436701043674], [-70.77654482386156, 43.104365617246316], [-70.77653419933924, 43.104356589975545], [-70.77654883878613, 43.10435356497994], [-70.77655070758529, 43.104342745034124], [-70.77655824790685, 43.104339430622346], [-70.77656344566412, 43.104330557296635], [-70.77655454917884, 43.1043247005018], [-70.77656751835953, 43.10432050245154], [-70.77658937246937, 43.10432176170822], [-70.77660510229943, 43.104318719771356], [-70.7765917864577, 43.10431093329471], [-70.77657907359323, 43.10430513577132], [-70.77656956258137, 43.10429689053833], [-70.77655603665349, 43.104300697571325], [-70.77654303281066, 43.10430369716714], [-70.7765449572809, 43.10431365887615], [-70.77653921432507, 43.104322540667894], [-70.77653235786279, 43.10433064042428], [-70.77649515445344, 43.1043267219614], [-70.77645768658303, 43.104327803391215], [-70.77643080491053, 43.10431772966175], [-70.77640383390546, 43.104328140084675], [-70.77639044949842, 43.104336840782445], [-70.77636545075595, 43.10434472267096], [-70.77634240984378, 43.104349576673776], [-70.77632711362541, 43.10433932301882], [-70.77632956521049, 43.10432979293449], [-70.77634698083504, 43.10431903132727], [-70.7763338590932, 43.104313240125634], [-70.77631342863975, 43.10431405694893], [-70.77631105198289, 43.10430260351799], [-70.77631678107188, 43.104288526323025], [-70.77629967145592, 43.104286294099325], [-70.77628263405018, 43.10428655865077], [-70.77626281289258, 43.10428486810511], [-70.77625157679718, 43.104273552236855], [-70.77625044761332, 43.10425808279625], [-70.7762393848225, 43.10425275919343], [-70.77622001411216, 43.10424306836923], [-70.77623139736107, 43.10423589750304], [-70.77624508504076, 43.10423768329063], [-70.77625159672563, 43.10422709100579], [-70.77625069860727, 43.10421961125412], [-70.77624478451624, 43.104203716530186], [-70.77622977717758, 43.104203449972516], [-70.77621543689304, 43.104202673475676], [-70.77620302556586, 43.104197870387836], [-70.77618181256629, 43.10419520227939], [-70.77616247076475, 43.10418651015598], [-70.7761642408751, 43.10417699065595], [-70.77614901693293, 43.10416923375353], [-70.77614913245826, 43.10417322859833], [-70.77614614376186, 43.10418776281658], [-70.77612359665855, 43.10418611457076], [-70.77611917555758, 43.10417469287802], [-70.77613451781109, 43.10416296433475], [-70.77613343198122, 43.104148992958955], [-70.7761243126211, 43.104140142111866], [-70.776097691008, 43.10413905670235], [-70.7760775666608, 43.10412687965556], [-70.77604819019612, 43.104124837846136], [-70.77601770122742, 43.104112322124976], [-70.77600213925015, 43.1040899265175], [-70.77596981067076, 43.10407715832999], [-70.77592157727292, 43.104066978828264], [-70.77588410503206, 43.10406053521651], [-70.77585832341389, 43.10405312951573], [-70.77584171923564, 43.10403153065857], [-70.77581915469452, 43.10402485560117], [-70.77580007792555, 43.10402827411259], [-70.77578086580188, 43.1040270111611], [-70.77574933143333, 43.10400486346039], [-70.77573145945074, 43.103976258925556], [-70.77575325698056, 43.10395640572803], [-70.77575040544993, 43.103931471000436], [-70.77577027632151, 43.1039186730484], [-70.77579390565013, 43.10392533158661], [-70.7758084703535, 43.103950084484836], [-70.775833800735, 43.10394188533218], [-70.7758615314901, 43.10394301603266], [-70.77584102896559, 43.10393396718836], [-70.77584293303495, 43.10392613169512], [-70.77586368823896, 43.103907075250795], [-70.77589682998949, 43.10389270522116], [-70.77592316876517, 43.103882538910405], [-70.77594931012526, 43.103865545465354], [-70.77595928160629, 43.1038419728559], [-70.77597585186432, 43.10381634631653], [-70.77601048703728, 43.10381678434525], [-70.77602688251757, 43.10383116592884], [-70.77607496908963, 43.103836273808746], [-70.77609549872045, 43.10385546990586], [-70.77608552729014, 43.1038790425262], [-70.77606615396967, 43.10389983389137], [-70.77603307540767, 43.10390717764758], [-70.77600693405407, 43.1039241711116], [-70.77596665886868, 43.10395894734933], [-70.77594110969436, 43.103996422183606], [-70.77595099100571, 43.10401578361667], [-70.7759841542413, 43.104011365795216], [-70.77601431696344, 43.10399528564569], [-70.7760158509607, 43.10395623215591], [-70.77600857531526, 43.10393487879113], [-70.7760465550158, 43.10391282282145], [-70.77608603494672, 43.10389659799796], [-70.77610005590171, 43.10387491398844], [-70.77610997091882, 43.10384939075896], [-70.77611342816554, 43.10383079798585], [-70.77619340323712, 43.1038334592233], [-70.77622432735934, 43.10384371222656], [-70.77624593422577, 43.10385410989336], [-70.77626445593374, 43.10384991933279], [-70.77629679573307, 43.103863077560064], [-70.77631132432582, 43.103858948995786], [-70.77629212566528, 43.10383973227082], [-70.77628510379567, 43.10382715665968], [-70.77629904004522, 43.10380254671544], [-70.77631982891256, 43.103784660555796], [-70.7763546051032, 43.1037899749999], [-70.77638374686752, 43.103784643767035], [-70.77633277258633, 43.103771774922436], [-70.77631770808804, 43.10375737271537], [-70.77628936144758, 43.103744152489284], [-70.77630746002174, 43.103725332363794], [-70.77629896609622, 43.10370790090169], [-70.77629735299821, 43.10369816853053], [-70.77630438018744, 43.10366488418994], [-70.7763046393785, 43.103627801973296], [-70.77630049754426, 43.103610912092485], [-70.7762903184196, 43.10360629554859], [-70.77628593682604, 43.10360675907232], [-70.77626734240552, 43.103616359966246], [-70.77623906852935, 43.10361117871068], [-70.7762171187074, 43.10361838875099], [-70.77621028576779, 43.10361787037111], [-70.77619098524629, 43.10359881132845], [-70.77617387582727, 43.10359657908212], [-70.7761423389277, 43.10359644426487], [-70.77612020859713, 43.103597412340996], [-70.7761072321344, 43.10359074459195], [-70.77611762041829, 43.10356685325924], [-70.77610038466084, 43.10356025163962], [-70.77610179607025, 43.103579588445626], [-70.7760871880916, 43.10357544392449], [-70.77606725235651, 43.10356388842082], [-70.77605827898203, 43.10357776618459], [-70.77605528667847, 43.10359217556284], [-70.77602701282964, 43.103586994254336], [-70.77600488249995, 43.103587962308126], [-70.77600265179939, 43.103599237486875], [-70.77604205399253, 43.103606119453495], [-70.77607107141422, 43.10360754236481], [-70.77608857793017, 43.10362350690728], [-70.7760785902429, 43.103631780147154], [-70.77609102169858, 43.10364907243305], [-70.77611956633415, 43.103663616643544], [-70.77611827776535, 43.10367799957075], [-70.77610691125129, 43.103697534767626], [-70.7761023054798, 43.103715091571644], [-70.77611738630073, 43.10370611477831], [-70.77614497080374, 43.10371692704055], [-70.7761681154959, 43.10372156348327], [-70.77619720517828, 43.10372548313959], [-70.7762002877092, 43.103714194731126], [-70.77621526020789, 43.103701472757955], [-70.77624467825186, 43.10368727753435], [-70.7762639100439, 43.103674489419575], [-70.77628596819139, 43.103671024537235], [-70.77628881260765, 43.10368097196707], [-70.77627655818202, 43.10369927201823], [-70.77624813641488, 43.103718447578906], [-70.77622301377288, 43.10373382505803], [-70.77619666018336, 43.10373610767341], [-70.7761789154734, 43.10374137898974], [-70.77617338565344, 43.10375645224467], [-70.7761506922124, 43.10376742066688], [-70.77613124376285, 43.10377271842883], [-70.7761206062472, 43.1037585206687], [-70.77610356898617, 43.10375878519095], [-70.7760969887323, 43.103767005528375], [-70.77606617725968, 43.10376248810375], [-70.77605073542586, 43.103758980999125], [-70.77605637357411, 43.103747652917036], [-70.77606898907015, 43.10374183677979], [-70.77607129196188, 43.10373305837842], [-70.77603185358515, 43.10372492803433], [-70.77601102984995, 43.10371213735815], [-70.77599105798566, 43.103699333452816], [-70.77598477007007, 43.103688190526114], [-70.77598440552713, 43.103705057005584], [-70.7760052653527, 43.10371909607596], [-70.77596265417563, 43.103719133138775], [-70.7759505476142, 43.103713076341826], [-70.77595990005301, 43.10371230667297], [-70.77595105655462, 43.10370120341924], [-70.77592283680796, 43.10369789466968], [-70.7758954147825, 43.103692700104695], [-70.7758763670012, 43.10368237973282], [-70.77586676189848, 43.10367441066977], [-70.77585253290958, 43.10368337420642], [-70.77584359556433, 43.103698500343505], [-70.77582886124246, 43.103689986427064], [-70.77581359991068, 43.103692721236406], [-70.77579087033244, 43.10370244119875], [-70.77576524227297, 43.10370034112839], [-70.7757276340028, 43.103696553594], [-70.7757144049143, 43.10368114707437], [-70.77571915516418, 43.10366858384153], [-70.77569775033878, 43.10366516925036], [-70.77567560192792, 43.10366551304635], [-70.77570688252307, 43.10368625963995], [-70.7757110839997, 43.103713671314296], [-70.7756994286127, 43.10372321935774], [-70.7756931911802, 43.103743299372184], [-70.77567129538112, 43.103752381893635], [-70.77566480529744, 43.10376372318078], [-70.7756762223904, 43.10377541098342], [-70.77566712257737, 43.10378491935516], [-70.7756519333964, 43.10379015092229], [-70.7756334450298, 43.10379918054598], [-70.77563203376029, 43.10377984373238], [-70.77565104916548, 43.103759565381516], [-70.7756408268061, 43.10375972405323], [-70.77560905523292, 43.103751474559], [-70.77559634946489, 43.10375416967267], [-70.7755751070182, 43.1037563728117], [-70.77555620362519, 43.103751045943945], [-70.77554830227831, 43.103743050409705], [-70.77553894982856, 43.103743820045054], [-70.77552225919193, 43.103726593805696], [-70.77551259999485, 43.10371675212793], [-70.77551738637702, 43.10370543729224], [-70.77550400919134, 43.103714387564935], [-70.77549585524136, 43.103697653300046], [-70.77550247165767, 43.103690681385295], [-70.77548686747747, 43.103681556450695], [-70.77546595364961, 43.10366564469896], [-70.77546285675724, 43.103646958519214], [-70.77547121298268, 43.10364120855335], [-70.77544331806558, 43.10364913519067], [-70.77543035970585, 43.10364309155855], [-70.77542398168146, 43.103628827625], [-70.77544593160528, 43.10362161773523], [-70.77547996997588, 43.10361984049583], [-70.77549332529956, 43.10363961640752], [-70.77551203016851, 43.10363807714392], [-70.77553435901396, 43.1036439753275], [-70.77554840759781, 43.10362876988205], [-70.77556919512136, 43.10364031225537], [-70.77558322565086, 43.10362448261101], [-70.77560321545259, 43.1036379107844], [-70.77563335542338, 43.10364868350545], [-70.77563984177029, 43.103666692594686], [-70.7756453175786, 43.10364974677895], [-70.77563299451818, 43.10363619961079], [-70.77566045258922, 43.10364264262904], [-70.77569055648021, 43.103652166945295], [-70.77570755762348, 43.103650654095695], [-70.77570034571876, 43.10363702759649], [-70.77567656577772, 43.10363989461731], [-70.7756505227026, 43.10362343804207], [-70.77567238236828, 43.10361310713574], [-70.77567361690389, 43.10359685162734], [-70.77565025574833, 43.10358472474621], [-70.7756380770625, 43.10357617113616], [-70.77562437511006, 43.10357388591699], [-70.77563684625144, 43.10356307626924], [-70.77562202176506, 43.1035514413511], [-70.77562923737969, 43.10353571748062], [-70.77564861361964, 43.103527923025425], [-70.7756535262807, 43.103520977547554], [-70.7756761475417, 43.10350751244465], [-70.77568657114523, 43.10349220713127], [-70.77571065607333, 43.103477782589664], [-70.77573705109995, 43.103469566932205], [-70.77574988821694, 43.10347112243769], [-70.77577124302158, 43.103473988257896], [-70.77577146481725, 43.10346279422576], [-70.77578260195729, 43.10345183041693], [-70.77579990942881, 43.10344676578133], [-70.77580932780374, 43.1034518152068], [-70.7758212988773, 43.103450830046135], [-70.77583307359727, 43.103443053646046], [-70.77585007842856, 43.10344638664286], [-70.77586140035726, 43.103441814580094], [-70.77588160702444, 43.10344269988375], [-70.77589985239537, 43.103451209245584], [-70.77590785698055, 43.103445090021786], [-70.7759260446017, 43.10345160195647], [-70.7759338158674, 43.10345627727828], [-70.77594020798254, 43.10345098241284], [-70.77593612598508, 43.10344185351445], [-70.77596332770938, 43.10343943289718], [-70.77596949806066, 43.10344533206208], [-70.77599014595864, 43.103442613521494], [-70.77599961055314, 43.10344926086929], [-70.77600849530597, 43.103454718226736], [-70.77600987674558, 43.103445904173945], [-70.77601938754826, 43.103454149458344], [-70.77605201806732, 43.103450845208485], [-70.77604999903114, 43.103456471849675], [-70.77607379099749, 43.103449308177694], [-70.77608459082343, 43.10344554352665], [-70.77608806989413, 43.1034526834612], [-70.7760968968956, 43.10345614338896], [-70.77611059594932, 43.103458328680595], [-70.77612579194799, 43.103455694761976], [-70.77613913064776, 43.10346428026738], [-70.77614734315047, 43.10346535174876], [-70.77615437285566, 43.1034632442831], [-70.77617333897167, 43.103458953165955], [-70.77616257603614, 43.10344513204127], [-70.7761527626241, 43.103445284409034], [-70.7761333321861, 43.10345238037924], [-70.77612513123744, 43.10345170838135], [-70.77612810202044, 43.1034412709951], [-70.77611172323034, 43.10344072596699], [-70.77611364984429, 43.103431903448474], [-70.7761151361256, 43.103429125341165], [-70.77625776887903, 43.10342249719167], [-70.7762747355146, 43.10342501896677], [-70.77647348772196, 43.103536692868126], [-70.77646305719163, 43.10353758454097], [-70.77644953142244, 43.10354139155902], [-70.77644208576851, 43.10352911760223], [-70.7764386759773, 43.10352437458611], [-70.77643183328826, 43.103514089584685], [-70.77642298100255, 43.10352861495039], [-70.77639951471504, 43.10352818002372], [-70.77640025632171, 43.10353496279368], [-70.77640666935713, 43.10354925110777], [-70.7764047427823, 43.10355807363037], [-70.7764023865558, 43.10357089946362], [-70.77639436496645, 43.1035839731375], [-70.77640150054121, 43.10358929776081], [-70.7763898260946, 43.103592996090484], [-70.77638472166582, 43.103597551590056], [-70.77636127109359, 43.103601432781566], [-70.77635993941053, 43.103601504009795], [-70.7763605460151, 43.10360806269562], [-70.77637374026519, 43.10362282600154], [-70.77639948121566, 43.10363803815351], [-70.77639880422703, 43.10361463086078], [-70.7764127403851, 43.10359002090347], [-70.77647949794462, 43.10359898557869], [-70.77651892480988, 43.103595324106536], [-70.77656516390797, 43.10361137658377], [-70.77658427826661, 43.10362480110538], [-70.77661127078962, 43.103622857305474], [-70.77666392547437, 43.10364490849216], [-70.77666768764679, 43.10364580823279], [-70.77695548693133, 43.10380751307773], [-70.77770449286226, 43.10438114795167], [-70.77779788784936, 43.10447065467221], [-70.77778794083834, 43.1044769950638], [-70.77778415123579, 43.1044932902992], [-70.77776281828909, 43.10449237287783], [-70.77774512770702, 43.10449951701978], [-70.77772471889925, 43.10450108312854], [-70.77771759677985, 43.104490577737934], [-70.77770706717364, 43.10448012529943], [-70.77769289247827, 43.10449096164427], [-70.77768565922554, 43.10450606144114], [-70.77766733355509, 43.10452070913654], [-70.77763568779429, 43.10451682957588], [-70.77761656720605, 43.10450401272916], [-70.77760351812833, 43.10449484838129], [-70.77758319964573, 43.10449953543471], [-70.77756955161784, 43.104499123035836], [-70.77756159571776, 43.10448925506611], [-70.77756368163479, 43.104472986311244], [-70.77757363311976, 43.104463464555934], [-70.77758530641131, 43.104454540519285], [-70.77760287053957, 43.10444302704415], [-70.77760908656428, 43.10445167309795], [-70.77761981764678, 43.104439641325506], [-70.77760258148723, 43.10443303994048], [-70.77759799694574, 43.104421870635655], [-70.77759341240596, 43.104410701330586], [-70.77759562477226, 43.10439880193298], [-70.77759013416686, 43.10438577328304], [-70.77757045080517, 43.104382956768546], [-70.77755638449864, 43.10439753826058], [-70.77752410371573, 43.10440116223278], [-70.7775148776501, 43.104406301389055], [-70.7775130626946, 43.104431933053526], [-70.7775178820654, 43.10445121688405], [-70.77752578375842, 43.10445921227513], [-70.77755389553782, 43.10445877545709], [-70.77754818534639, 43.104467606831925], [-70.77752940802735, 43.10446664965587], [-70.77752958867782, 43.10447289159582], [-70.77754526561814, 43.104484513017546], [-70.77754907054364, 43.10449819233743], [-70.77751896596148, 43.104488668524176], [-70.77748706732052, 43.104476050205854], [-70.77747806085468, 43.10445932933231], [-70.7774794394374, 43.104448067367116], [-70.77748252176336, 43.104436778928964], [-70.77746881955647, 43.10443449393569], [-70.77745051191822, 43.10444976579108], [-70.77742499188538, 43.104451411263625], [-70.77742894415745, 43.104440733784664], [-70.77744475037599, 43.10442737422334], [-70.77744971709257, 43.10442230125388], [-70.77744009360704, 43.104413708135546], [-70.77741560609893, 43.10442158230992], [-70.7773990744494, 43.104439324461474], [-70.77737438822763, 43.10444033249278], [-70.77736702845779, 43.104451062912524], [-70.777347634095, 43.10445823346483], [-70.7773331522678, 43.104458458467086], [-70.77732351072949, 43.10444924114474], [-70.77731301732214, 43.10444003705677], [-70.77730032955638, 43.1044433565547], [-70.77728735278808, 43.10443668894597], [-70.77730156366988, 43.104427101038404], [-70.77728175386896, 43.10441991511565], [-70.7772716217207, 43.10442319490541], [-70.77726670917617, 43.10443014044974], [-70.77725831689371, 43.10443464215675], [-70.77727903275625, 43.10444368743084], [-70.77728963453488, 43.10445663668646], [-70.77728310855794, 43.10446672967196], [-70.77725990931948, 43.10446022087973], [-70.77724453949459, 43.1044592107174], [-70.77723841383013, 43.10445368561335], [-70.77723894058481, 43.10444243688488], [-70.77722768562899, 43.10443636699397], [-70.77721559686533, 43.104430934530534], [-70.77722393496475, 43.10442456024427], [-70.77722542196518, 43.104417043445885], [-70.77724410895539, 43.10441487970172], [-70.77724387414797, 43.1044067651784], [-70.77724365740276, 43.10439927484917], [-70.77723256501233, 43.10439882270555], [-70.7772279624785, 43.10438702919048], [-70.77721920896204, 43.10437904701235], [-70.77721168661579, 43.1043841596756], [-70.77719437826752, 43.1043750614515], [-70.77717318985809, 43.104379137472236], [-70.77716827730559, 43.10438608301252], [-70.77718293973174, 43.104392099972685], [-70.77718917375425, 43.10440137024469], [-70.77719441141424, 43.104405660197685], [-70.77719035073378, 43.10441259250455], [-70.77716974326253, 43.104407292378745], [-70.7771621847861, 43.10441115665053], [-70.77715285032068, 43.1044125506134], [-70.7771445122153, 43.104418924894645], [-70.77714463864302, 43.10442329425355], [-70.77713456066951, 43.10442844661368], [-70.77712874205403, 43.10443353280386], [-70.7771135167238, 43.10443751617688], [-70.77710001319632, 43.1044420972748], [-70.77710051889522, 43.104459574710816], [-70.77711793561946, 43.10447241811369], [-70.77712471447744, 43.104471063855016], [-70.77711654192147, 43.104453705523284], [-70.77713243851765, 43.10444346697457], [-70.77714630326561, 43.10445136975552], [-70.77716085733776, 43.104453641553434], [-70.7771714229708, 43.10446534243219], [-70.7771691743972, 43.10447599343469], [-70.77718867715691, 43.104472568076915], [-70.77721425139211, 43.10447279523913], [-70.77722547022955, 43.10447761674304], [-70.77721713212321, 43.10448399102949], [-70.77721564512044, 43.10449150782777], [-70.77722695427137, 43.10449945030191], [-70.77722724326333, 43.104509437407444], [-70.77721727365453, 43.10451833493953], [-70.77720387848828, 43.10452666121443], [-70.77718096821947, 43.10453013951219], [-70.77716190190341, 43.104519195170205], [-70.77716650742323, 43.1045016383302], [-70.77714937965975, 43.10449878204111]]], [[[-70.7778068085025, 43.10448107316687], [-70.77779864329256, 43.10447137866305], [-70.77781309234116, 43.10448522613133], [-70.7778068085025, 43.10448107316687]]], [[[-70.776508760784, 43.10355651184252], [-70.77650120683116, 43.1035553766413], [-70.776498480879, 43.10355541897392], [-70.77650023038292, 43.10355171884427], [-70.776508760784, 43.10355651184252]]], [[[-70.77648581439969, 43.103551219374246], [-70.7764851190012, 43.10354603454286], [-70.77647312481326, 43.10354622080423], [-70.7764743987316, 43.10353720473996], [-70.77649420057779, 43.103548330861436], [-70.77648581439969, 43.103551219374246]]]]}, "properties": {"Hectares": 0.94035371497, "Acres": 2.32365533986, "Year": "2025", "Name": "Widgeon Grass", "Confidence": "H", "Notes": "UAV Imagery Used", "Type": 3, "LABEL": "Spinney Creek", "ID": 174}}, {"type": "Feature", "geometry": {"type": "Polygon", "coordinates": [[[-70.77733970003693, 43.104484459778206], [-70.77732934751255, 43.10448012440561], [-70.77731709499888, 43.10448081434921], [-70.77731696494604, 43.104476320151946], [-70.77732915965716, 43.10447363278735], [-70.77734628380843, 43.10447636421063], [-70.7773601738793, 43.10448514083665], [-70.77736314553324, 43.104493587521844], [-70.77735863515821, 43.10450265003547], [-70.77734362774642, 43.10450238362537], [-70.77733459486372, 43.104496529010795], [-70.77733840929331, 43.10448697773113], [-70.77733970003693, 43.104484459778206]]]}, "properties": {"Hectares": 0.00061598094, "Acres": 0.00152211597, "Year": "2025", "Name": "Widgeon Grass", "Confidence": "H", "Notes": "UAV Imagery Used", "Type": 3, "LABEL": "Spinney Creek", "ID": 175}}, {"type": "Feature", "geometry": {"type": "Polygon", "coordinates": [[[-70.77731199960252, 43.104540343506336], [-70.77730157481933, 43.10453351135516], [-70.77728726334874, 43.10453373370483], [-70.7772680079883, 43.10452803790515], [-70.77727666516925, 43.10452090928816], [-70.77728887434118, 43.104518721282965], [-70.77727771026584, 43.10450990229644], [-70.7772672421419, 43.10450157207613], [-70.77725670177166, 43.10449074507843], [-70.77727359472536, 43.10448548682829], [-70.77728948593243, 43.10449273363329], [-70.77730479679657, 43.104503486511035], [-70.7773016494089, 43.10451252784627], [-70.77730724589837, 43.10451743669373], [-70.77732312266724, 43.1045241841386], [-70.77733952198237, 43.104525428085154], [-70.77735413691414, 43.10453569218895], [-70.7773480901303, 43.10453878361619], [-70.7773430884309, 43.104530868051015], [-70.77733276479928, 43.104527531389415], [-70.77732123712589, 43.10452970881109], [-70.77732364288144, 43.10454216092754], [-70.7773259185842, 43.10455011884672], [-70.77734038901433, 43.10455538939976], [-70.77735612128988, 43.104557143287344], [-70.77735700509827, 43.10456412367222], [-70.77732475789249, 43.10455713099673], [-70.77731311461066, 43.10455531357564], [-70.77730213837808, 43.10455298620999], [-70.7772937291897, 43.1045451235832], [-70.77731199960252, 43.104540343506336]]]}, "properties": {"Hectares": 0.00209781471, "Acres": 0.00518379232, "Year": "2025", "Name": "Widgeon Grass", "Confidence": "H", "Notes": "UAV Imagery Used", "Type": 3, "LABEL": "Spinney Creek", "ID": 176}}, {"type": "Feature", "geometry": {"type": "Polygon", "coordinates": [[[-70.77738168587535, 43.10454525575286], [-70.77739736034533, 43.104545012213904], [-70.77740556723171, 43.104545883859714], [-70.77739002282006, 43.104550621596836], [-70.77738168587535, 43.10454525575286]]]}, "properties": {"Hectares": 6.266039e-05, "Acres": 0.00015483658, "Year": "2025", "Name": "Widgeon Grass", "Confidence": "H", "Notes": "UAV Imagery Used", "Type": 3, "LABEL": "Spinney Creek", "ID": 177}}, {"type": "Feature", "geometry": {"type": "Polygon", "coordinates": [[[-70.77755591381172, 43.104581515820996], [-70.77755845192762, 43.104574981845005], [-70.7775627143497, 43.10458091056915], [-70.77756894900783, 43.104584310748], [-70.77756974612628, 43.104588294999665], [-70.77756098780435, 43.10459192815212], [-70.77755591381172, 43.104581515820996]]]}, "properties": {"Hectares": 0.00010361287, "Acres": 0.00025603196, "Year": "2025", "Name": "Widgeon Grass", "Confidence": "H", "Notes": "UAV Imagery Used", "Type": 3, "LABEL": "Spinney Creek", "ID": 178}}, {"type": "Feature", "geometry": {"type": "Polygon", "coordinates": [[[-70.77624964304783, 43.104343423518564], [-70.77625763615741, 43.104336904785285], [-70.77626757679842, 43.104341146734825], [-70.77626303972812, 43.10435400642679], [-70.77625048863017, 43.104353801648635], [-70.77624964304783, 43.104343423518564]]]}, "properties": {"Hectares": 0.0002030753, "Acres": 0.00050180799, "Year": "2025", "Name": "Widgeon Grass", "Confidence": "H", "Notes": "UAV Imagery Used", "Type": 3, "LABEL": "Spinney Creek", "ID": 179}}, {"type": "Feature", "geometry": {"type": "Polygon", "coordinates": [[[-70.77619867396182, 43.10433502265243], [-70.77618651787822, 43.10432961610407], [-70.77617678519448, 43.104332564867626], [-70.77618042828443, 43.104326513344944], [-70.77619933689846, 43.10432022479706], [-70.77620933750485, 43.104307679939446], [-70.77622555478365, 43.104302632167006], [-70.77624996156935, 43.104297856895315], [-70.77625353313684, 43.104308192698156], [-70.77625060855121, 43.10432022802435], [-70.77623980858388, 43.104323992693075], [-70.77623412334825, 43.10433487189252], [-70.776230376285, 43.10433732805679], [-70.77621955320727, 43.10434029375478], [-70.77619867396182, 43.10433502265243]]]}, "properties": {"Hectares": 0.00153326289, "Acres": 0.00378875997, "Year": "2025", "Name": "Widgeon Grass", "Confidence": "H", "Notes": "UAV Imagery Used", "Type": 3, "LABEL": "Spinney Creek", "ID": 180}}, {"type": "Feature", "geometry": {"type": "Polygon", "coordinates": [[[-70.77614603909213, 43.10428788023472], [-70.77616160720032, 43.10427924557604], [-70.77617689582058, 43.10427980752322], [-70.77617879934192, 43.10427018603563], [-70.77619363518606, 43.10427395232138], [-70.77620739219108, 43.104278135020046], [-70.77621032612929, 43.10428528341402], [-70.77620773877986, 43.1042901195538], [-70.77619588307951, 43.10429509960218], [-70.77618770512312, 43.10429522657981], [-70.77617712687577, 43.104287797212486], [-70.77616684900106, 43.10429075444028], [-70.77615937797927, 43.1042964657333], [-70.77614603909213, 43.10428788023472]]]}, "properties": {"Hectares": 0.00081663667, "Acres": 0.0020179451, "Year": "2025", "Name": "Widgeon Grass", "Confidence": "H", "Notes": "UAV Imagery Used", "Type": 3, "LABEL": "Spinney Creek", "ID": 181}}, {"type": "Feature", "geometry": {"type": "Polygon", "coordinates": [[[-70.77609326567729, 43.10423594397715], [-70.77610412340005, 43.10423417674479], [-70.77610690714437, 43.1042361318434], [-70.77609991200656, 43.104239437760924], [-70.77609342740804, 43.104241536759936], [-70.77609326567729, 43.10423594397715]]]}, "properties": {"Hectares": 4.936474e-05, "Acres": 0.00012198245, "Year": "2025", "Name": "Widgeon Grass", "Confidence": "H", "Notes": "UAV Imagery Used", "Type": 3, "LABEL": "Spinney Creek", "ID": 182}}, {"type": "Feature", "geometry": {"type": "Polygon", "coordinates": [[[-70.77561374014934, 43.10382508986901], [-70.77562354747845, 43.103810574721095], [-70.77566449108673, 43.10381181261856], [-70.77569368906008, 43.10381947757096], [-70.77571032563158, 43.10383483119971], [-70.77572446075693, 43.10385209707966], [-70.77572427660627, 43.10387520550588], [-70.77573667192203, 43.10389124944112], [-70.77573688847968, 43.10389873977716], [-70.77570883106736, 43.10390104872835], [-70.77568719156346, 43.10388951960595], [-70.77566895952725, 43.10387793758797], [-70.775636209706, 43.103865331962574], [-70.77561516945977, 43.10384505087749], [-70.77561374014934, 43.10382508986901]]]}, "properties": {"Hectares": 0.00610655885, "Acres": 0.01508957517, "Year": "2025", "Name": "Widgeon Grass", "Confidence": "H", "Notes": "UAV Imagery Used", "Type": 3, "LABEL": "Spinney Creek", "ID": 183}}, {"type": "Feature", "geometry": {"type": "Polygon", "coordinates": [[[-70.77561752964915, 43.10395617075797], [-70.77564043980384, 43.10395269277524], [-70.77564395554106, 43.1039563850528], [-70.7756382270706, 43.10396459214238], [-70.77561752964915, 43.10395617075797]]]}, "properties": {"Hectares": 0.0001424102, "Acres": 0.00035190187, "Year": "2025", "Name": "Widgeon Grass", "Confidence": "H", "Notes": "UAV Imagery Used", "Type": 3, "LABEL": "Spinney Creek", "ID": 184}}, {"type": "Feature", "geometry": {"type": "Polygon", "coordinates": [[[-70.7755606644108, 43.10387587166932], [-70.77557684984441, 43.10387562044956], [-70.77560372682953, 43.10389143962223], [-70.77561715443566, 43.10391371229559], [-70.77560127575921, 43.10392457483136], [-70.77558536098721, 43.10393418897558], [-70.77557015371757, 43.10393879633781], [-70.77554195192326, 43.10393611169071], [-70.77552386425414, 43.10392952320734], [-70.77555774039004, 43.10392212818932], [-70.7755787122214, 43.10391056213178], [-70.7755606644108, 43.10387587166932]]]}, "properties": {"Hectares": 0.00220399042, "Acres": 0.00544615714, "Year": "2025", "Name": "Widgeon Grass", "Confidence": "H", "Notes": "UAV Imagery Used", "Type": 3, "LABEL": "Spinney Creek", "ID": 185}}, {"type": "Feature", "geometry": {"type": "Polygon", "coordinates": [[[-70.77552746728587, 43.10381831076913], [-70.77555039543958, 43.10381545699997], [-70.77557116498313, 43.10382637517668], [-70.77558502939445, 43.103834278153705], [-70.77559383675758, 43.103844133046906], [-70.77558299710275, 43.103852419467316], [-70.7755546690356, 43.10384536545954], [-70.77553328220071, 43.10384257503339], [-70.77552603422181, 43.103827700133884], [-70.77552746728587, 43.10381831076913]]]}, "properties": {"Hectares": 0.00134135023, "Acres": 0.00331453535, "Year": "2025", "Name": "Widgeon Grass", "Confidence": "H", "Notes": "UAV Imagery Used", "Type": 3, "LABEL": "Spinney Creek", "ID": 186}}, {"type": "Feature", "geometry": {"type": "Polygon", "coordinates": [[[-70.77549503472125, 43.10387564135767], [-70.77547102010828, 43.103870393805636], [-70.7754514993897, 43.103873194674456], [-70.77542427579772, 43.10387486613988], [-70.77539857550381, 43.10387026920929], [-70.7753938831479, 43.10385535463848], [-70.77538110517695, 43.103855552949554], [-70.77536022740031, 43.10384088956918], [-70.77534726900738, 43.10383484592838], [-70.77532840169307, 43.10383076741277], [-70.77531606062169, 43.10381659601546], [-70.77532865816224, 43.1038101557636], [-70.77535617040978, 43.10381847143831], [-70.77534038579373, 43.10380310453597], [-70.77534856162706, 43.1037911126305], [-70.77539041121265, 43.103794209990355], [-70.77541734224441, 43.10381190179301], [-70.77544164552485, 43.10382713647318], [-70.7754490055641, 43.10381640617159], [-70.7754465079232, 43.1037889680438], [-70.77546207985223, 43.10376749421825], [-70.7754826508821, 43.10377154626928], [-70.77548406210433, 43.103790883085544], [-70.77548226435356, 43.10381713892993], [-70.7754946235068, 43.10383193450338], [-70.77550257899084, 43.10384180262539], [-70.77549275358407, 43.103855693568676], [-70.77549733769976, 43.10386686296655], [-70.77549503472125, 43.10387564135767]]]}, "properties": {"Hectares": 0.0094430971, "Acres": 0.02333430777, "Year": "2025", "Name": "Widgeon Grass", "Confidence": "H", "Notes": "UAV Imagery Used", "Type": 3, "LABEL": "Spinney Creek", "ID": 187}}, {"type": "Feature", "geometry": {"type": "Polygon", "coordinates": [[[-70.8196756618213, 43.12530210303631], [-70.81966071531821, 43.1252722349796], [-70.81960991702768, 43.1252662128978], [-70.81958027769588, 43.12525497553293], [-70.819533705152, 43.12525669209381], [-70.8194842094415, 43.12524967349928], [-70.81950386344063, 43.12523862776923], [-70.81953686104363, 43.12522834552083], [-70.81951101375331, 43.12521021765984], [-70.81947228548965, 43.12520693073547], [-70.81942828917826, 43.125205679064386], [-70.81938811380356, 43.12519851218069], [-70.81935662266719, 43.12516974094486], [-70.81933485659195, 43.12515447534247], [-70.81936174769606, 43.12511794536804], [-70.81938287922476, 43.125066870939776], [-70.81943243260221, 43.12507584013553], [-70.81948273919157, 43.12506528258833], [-70.81947958473216, 43.12504874523423], [-70.81948870259843, 43.125041770044], [-70.8195310189429, 43.12507622347402], [-70.81954798103219, 43.12506424481838], [-70.81955102125242, 43.125031997136], [-70.81961209516659, 43.12502517120569], [-70.81963148748855, 43.125050231886405], [-70.81964045942385, 43.1250832642238], [-70.8196135685024, 43.12511979426072], [-70.81959240823515, 43.12516989345097], [-70.81959382099855, 43.12519142532867], [-70.8195948384852, 43.12520693279898], [-70.8196020163091, 43.12522438188578], [-70.81961860117381, 43.12524460854171], [-70.81966369765283, 43.125238036742225], [-70.8196970711479, 43.125240433049036], [-70.81970288861764, 43.12525692803295], [-70.81971808421896, 43.12527522530089], [-70.8197397925955, 43.12528854027357], [-70.81974699938853, 43.12530696462704], [-70.81973296047538, 43.1253276784416], [-70.81970117865767, 43.125334038457666], [-70.8196791232714, 43.12530902015409], [-70.8196756618213, 43.12530210303631]]]}, "properties": {"Hectares": 0.0438096912, "Acres": 0.10825567153, "Year": "2025", "Name": "Eelgrass", "Confidence": "H", "Notes": "UAV Imagery Used", "Type": 1, "LABEL": "Lower Piscataqua River North", "ID": 188}}, {"type": "Feature", "geometry": {"type": "Polygon", "coordinates": [[[-70.8193081741353, 43.12501829653669], [-70.81927867952794, 43.125011935476245], [-70.81924165868857, 43.125021305899324], [-70.81920180145279, 43.12502486699751], [-70.81915994785683, 43.1250060178785], [-70.81918987774566, 43.12498212419825], [-70.81921196337198, 43.124963233949714], [-70.81920058893822, 43.12493902141988], [-70.81922886931451, 43.124904420854946], [-70.819223718561, 43.12486547328949], [-70.81927422738734, 43.124861742777185], [-70.81932684825833, 43.1248843235518], [-70.81929969703762, 43.12491207602266], [-70.81929112846242, 43.12493758146596], [-70.81931966741041, 43.12495664230462], [-70.81936007390948, 43.124971611433374], [-70.81939084214565, 43.12497600074115], [-70.81941593758134, 43.124968771425635], [-70.81943802313191, 43.12494988113478], [-70.8194542609118, 43.12495840449177], [-70.81946980332059, 43.12498840512215], [-70.81948525900478, 43.125015479918595], [-70.81945223259302, 43.12502478687337], [-70.81940988591221, 43.1250342420634], [-70.81938027564048, 43.12502397992076], [-70.81934562862972, 43.12502355525048], [-70.8193081741353, 43.12501829653669]]]}, "properties": {"Hectares": 0.02305767475, "Acres": 0.05697652725, "Year": "2025", "Name": "Eelgrass", "Confidence": "H", "Notes": "UAV Imagery Used", "Type": 1, "LABEL": "Lower Piscataqua River North", "ID": 189}}, {"type": "Feature", "geometry": {"type": "Polygon", "coordinates": [[[-70.86848458356297, 43.0890979155887], [-70.8684467420185, 43.08908481231761], [-70.86844531155768, 43.0891061800106], [-70.86846259337304, 43.08912724206933], [-70.86839550483471, 43.089110042696575], [-70.86836339106897, 43.0890800753027], [-70.86836435823606, 43.089043469228024], [-70.8683551150408, 43.08901312829397], [-70.86833219818985, 43.08901197798585], [-70.86828692045253, 43.0890279634152], [-70.86823725276744, 43.08903639754624], [-70.868209251065, 43.08900483835743], [-70.86815851786544, 43.08897822417138], [-70.86812714550257, 43.088972638121845], [-70.86806153413941, 43.08893559469433], [-70.86800059067647, 43.08891524554984], [-70.86796394836018, 43.08887315523043], [-70.8679304506123, 43.08886607923719], [-70.86789912464593, 43.08886201696221], [-70.86786562691097, 43.08885494094971], [-70.86782769300574, 43.08883878979056], [-70.8677939173849, 43.08882257072412], [-70.8677825490581, 43.088790739845166], [-70.86776531388787, 43.08877120151514], [-70.86773389534726, 43.08876409151607], [-70.8676936508268, 43.08874035506225], [-70.86768237519772, 43.088711571849416], [-70.86765210954601, 43.088673951103715], [-70.86762900757671, 43.0886667052963], [-70.86758562377678, 43.0886765611476], [-70.8675476437424, 43.088658886052635], [-70.8675011619829, 43.088635251355626], [-70.8674548191856, 43.08861618815627], [-70.86743915390029, 43.08857985360235], [-70.86749108570338, 43.08857748123703], [-70.86753631702, 43.08855997228477], [-70.86753151042207, 43.08853870642247], [-70.86749967523697, 43.08851788180424], [-70.86749274322412, 43.08849512604232], [-70.8675230964606, 43.08846718781194], [-70.86756472518431, 43.08846803280275], [-70.867611160526, 43.088490143637515], [-70.86763260012313, 43.08851113794506], [-70.86764960360787, 43.088523057103195], [-70.86767154767102, 43.08849220693378], [-70.86769506641117, 43.088513167284454], [-70.86770851375964, 43.088544964229946], [-70.86775282377019, 43.08856558511136], [-70.86778290415874, 43.08859711047553], [-70.86782508878797, 43.08861624143565], [-70.86785835479282, 43.08861569826907], [-70.86791088876656, 43.08863313561644], [-70.86793653308966, 43.08865558580389], [-70.8679727120335, 43.08868243774988], [-70.86801801517741, 43.08870013948166], [-70.86804900465764, 43.088703536397325], [-70.86806960990373, 43.08871568939847], [-70.86808837074976, 43.08873723962706], [-70.86809319804736, 43.08875589502017], [-70.86808742763725, 43.088776284660746], [-70.8680852302622, 43.08880910543528], [-70.86802857377104, 43.08880222470187], [-70.86802490864918, 43.08882179936796], [-70.86804683934352, 43.08884251724799], [-70.86806860402557, 43.08885777368623], [-70.8680972036516, 43.08885262309567], [-70.86812166380281, 43.088851443060705], [-70.86813157651281, 43.08886220947826], [-70.86813209833036, 43.08887937399467], [-70.86812933172197, 43.08889346984221], [-70.86815007936391, 43.088910304058736], [-70.86818653386038, 43.08891829524488], [-70.8682125537887, 43.088898355494536], [-70.86820512301101, 43.088864130772315], [-70.8681933393008, 43.08882685476693], [-70.8682294616699, 43.088823923066634], [-70.86823587537988, 43.08885972558292], [-70.86827467237597, 43.088874703818284], [-70.8683114352425, 43.08889283763255], [-70.86833085747911, 43.08890110694388], [-70.86834989416981, 43.08891322930931], [-70.86836760242083, 43.08892173268434], [-70.86837557295988, 43.08893279308031], [-70.86838504346939, 43.0889214478255], [-70.86839420124399, 43.08893568613669], [-70.86839683077272, 43.088950430735636], [-70.86840692072359, 43.08895945819618], [-70.86842759554274, 43.088957921523544], [-70.86843881200409, 43.08896812957214], [-70.8684379770069, 43.088976536142084], [-70.86845761034947, 43.08897661512836], [-70.86845414735838, 43.08898826192969], [-70.86845674046522, 43.08900180813171], [-70.868475054522, 43.08901229991214], [-70.86848506818966, 43.0890143345019], [-70.86848414591532, 43.089028837364744], [-70.86849672606863, 43.08901664198223], [-70.86852155624698, 43.0890262279956], [-70.86851294238332, 43.089034361961865], [-70.86851049051428, 43.08904339443713], [-70.86853913515584, 43.08904392571495], [-70.86855336834743, 43.08906367639828], [-70.86856328603582, 43.08907600388172], [-70.86855293989302, 43.08908096883929], [-70.86854251136336, 43.08907874120026], [-70.86852905556556, 43.0890845562759], [-70.86853748616177, 43.0890928115017], [-70.86854539601978, 43.08910187455955], [-70.86855489239541, 43.089109313048645], [-70.86855956849239, 43.08911962791667], [-70.86856528607194, 43.089128327118964], [-70.86855860459185, 43.08913787059583], [-70.86852889422877, 43.08911853615522], [-70.86848458356297, 43.0890979155887]]]}, "properties": {"Hectares": 0.15884209164, "Acres": 0.39250578644, "Year": "2025", "Name": "Eelgrass", "Confidence": "H", "Notes": "UAV Imagery Used", "Type": 1, "LABEL": "Great Bay", "ID": 190}}, {"type": "Feature", "geometry": {"type": "Polygon", "coordinates": [[[-70.73866215727098, 43.0639396514159], [-70.73866258372425, 43.06394007896717], [-70.73866894357589, 43.063967307716695], [-70.73870254728827, 43.06396952956828], [-70.73867479710358, 43.06399649544098], [-70.73863816655611, 43.06395678411853], [-70.73863107677425, 43.063924842385994], [-70.73866215727098, 43.0639396514159]]]}, "properties": {"Hectares": 0.00157512525, "Acres": 0.00389220368, "Year": "2025", "Name": "Eelgrass", "Confidence": "H", "Notes": "UAV Imagery Used", "Type": 1, "LABEL": "Little Harbor/Back Channel", "ID": 191}}, {"type": "Feature", "geometry": {"type": "Polygon", "coordinates": [[[-70.73866215727172, 43.06393965141903], [-70.73866258372499, 43.063940078970305], [-70.73867691148384, 43.06395769281997], [-70.73870254728901, 43.0639695295714], [-70.7386747971043, 43.0639964954441], [-70.73863816655684, 43.06395678412162], [-70.73863107677495, 43.06392484238912], [-70.73866215727172, 43.06393965141903]]]}, "properties": {"Hectares": 0.00185517921, "Acres": 0.00458422933, "Year": "2025", "Name": "Eelgrass", "Confidence": "H", "Notes": "UAV Imagery Used", "Type": 1, "LABEL": "Little Harbor/Back Channel", "ID": 192}}, {"type": "Feature", "geometry": {"type": "Polygon", "coordinates": [[[-70.68240070918786, 43.06504797475914], [-70.68232483146284, 43.06507892831202], [-70.68231506090105, 43.06507745058227], [-70.68240070918786, 43.06504797475914]]]}, "properties": {"Hectares": 0.00018758793, "Acres": 0.000463538, "Year": "2025", "Name": "Eelgrass", "Confidence": "H", "Notes": "UAV Imagery Used", "Type": 1, "LABEL": "Gerrish Island Beds", "ID": 193}}, {"type": "Feature", "geometry": {"type": "Polygon", "coordinates": [[[-70.68240070918786, 43.06504797475914], [-70.68232483146284, 43.06507892831202], [-70.68231506090105, 43.06507745058227], [-70.68240070918786, 43.06504797475914]]]}, "properties": {"Hectares": 0.00018758793, "Acres": 0.000463538, "Year": "2025", "Name": "Eelgrass", "Confidence": "H", "Notes": "UAV Imagery Used", "Type": 1, "LABEL": "Gerrish Island Beds", "ID": 194}}, {"type": "Feature", "geometry": {"type": "Polygon", "coordinates": [[[-70.72862397521972, 43.057180468348065], [-70.72859459373264, 43.057181991117275], [-70.72856916952016, 43.05716727143661], [-70.72853195031108, 43.05715165111022], [-70.7285177757581, 43.05711842111336], [-70.72851272772768, 43.05709584166538], [-70.72856759395063, 43.05711119537689], [-70.72859307873883, 43.05712807182994], [-70.72860451014328, 43.05711603183456], [-70.72862552257794, 43.057130818165845], [-70.72863041915033, 43.057148005679345], [-70.72865934610486, 43.05713030711559], [-70.72867882736624, 43.05714295888513], [-70.72867198954532, 43.05716140254207], [-70.72864891463642, 43.05717793384483], [-70.72862397521972, 43.057180468348065]]]}, "properties": {"Hectares": 0.00678137919, "Acres": 0.01675708588, "Year": "2025", "Name": "Eelgrass", "Confidence": "H", "Notes": "UAV Imagery Used", "Type": 1, "LABEL": "Little Harbor/Back Channel", "ID": 195}}, {"type": "Feature", "geometry": {"type": "Polygon", "coordinates": [[[-70.73873739906145, 43.06406207873276], [-70.7387368823307, 43.06404379983965], [-70.73875870121462, 43.06402448092574], [-70.73878203875623, 43.06401722143424], [-70.73878556763925, 43.06401532904153], [-70.73879059735832, 43.064023257777436], [-70.73877169021264, 43.06405951531007], [-70.7387634191488, 43.0640785076635], [-70.73876341940611, 43.06409059376886], [-70.73873739906145, 43.06406207873276]]]}, "properties": {"Hectares": 0.00179273906, "Acres": 0.00442993698, "Year": "2025", "Name": "Eelgrass", "Confidence": "H", "Notes": "UAV Imagery Used", "Type": 1, "LABEL": "Little Harbor/Back Channel", "ID": 196}}, {"type": "Feature", "geometry": {"type": "Polygon", "coordinates": [[[-70.73859920648745, 43.063878690143234], [-70.73859275277468, 43.06385870323198], [-70.7385768475563, 43.06383736787084], [-70.73858464441807, 43.06382171447575], [-70.73857484120545, 43.06380805384012], [-70.738527095737, 43.06378461347325], [-70.73846491935716, 43.063708744584275], [-70.73850825208397, 43.06374260924029], [-70.7385321004081, 43.063753466700604], [-70.7385507545366, 43.06374714197629], [-70.73855112708286, 43.06371865534531], [-70.73858055979427, 43.06376049865564], [-70.73856207635451, 43.06377286204504], [-70.738579303883, 43.06379935591778], [-70.73861607137276, 43.063809153483405], [-70.73859881273991, 43.063823225367216], [-70.73858996058357, 43.06384321075334], [-70.73861152884949, 43.063856691697346], [-70.73861818944913, 43.063883258800466], [-70.73859920648745, 43.063878690143234]]]}, "properties": {"Hectares": 0.00439561384, "Acres": 0.01086175491, "Year": "2025", "Name": "Eelgrass", "Confidence": "H", "Notes": "UAV Imagery Used", "Type": 1, "LABEL": "Little Harbor/Back Channel", "ID": 197}}, {"type": "Feature", "geometry": {"type": "Polygon", "coordinates": [[[-70.73888717315931, 43.06430765857456], [-70.73892421138397, 43.06430543064964], [-70.73892564003575, 43.06430848404001], [-70.73894512358636, 43.06433149116214], [-70.73896005337986, 43.064318317275244], [-70.73894719062699, 43.06427967461271], [-70.73898030601057, 43.06428521341857], [-70.739010014026, 43.064295118159535], [-70.73902216946387, 43.06430874300178], [-70.73900277703414, 43.06433061483446], [-70.7389929684378, 43.064358382242524], [-70.73894720330176, 43.06436339291967], [-70.73890330240759, 43.06435111413347], [-70.73888717315931, 43.06430765857456]]]}, "properties": {"Hectares": 0.00580610605, "Acres": 0.01434714312, "Year": "2025", "Name": "Eelgrass", "Confidence": "H", "Notes": "UAV Imagery Used", "Type": 1, "LABEL": "Little Harbor/Back Channel", "ID": 198}}, {"type": "Feature", "geometry": {"type": "Polygon", "coordinates": [[[-70.70790889165167, 43.07167013446008], [-70.70790672257571, 43.07166832239985], [-70.70791979046652, 43.07166126303308], [-70.7079194093343, 43.07164754105791], [-70.70793015300471, 43.07164108818555], [-70.70795060189249, 43.07163917286907], [-70.70795512536303, 43.07164128807812], [-70.70796688811289, 43.07164340056715], [-70.70798245366215, 43.071642023691076], [-70.70798450782493, 43.071641776911385], [-70.7079935695067, 43.07164522732567], [-70.70799661880432, 43.07164638840566], [-70.7080100043276, 43.07165076475775], [-70.70802464732024, 43.07164425366215], [-70.70803695147283, 43.07163777838311], [-70.70805407748776, 43.07163637820013], [-70.70806763773113, 43.071647044421184], [-70.7080682192146, 43.071653516887075], [-70.708068766764, 43.07165961163287], [-70.70805660554984, 43.07167123276818], [-70.70803455413221, 43.07167614984282], [-70.70802636519508, 43.07167797582912], [-70.70799817662565, 43.07167439317726], [-70.70797786856052, 43.07167355186227], [-70.70797172437828, 43.07166966135824], [-70.70796992573389, 43.07166852245413], [-70.70797118446383, 43.07165763589031], [-70.70796874909372, 43.07165424055689], [-70.70795948646655, 43.071657810529246], [-70.7079455119057, 43.07166030724761], [-70.70793537314972, 43.071660458606516], [-70.7079325075449, 43.071669653763166], [-70.70792438195295, 43.07167549322606], [-70.70791950315504, 43.07167899937714], [-70.70790889165167, 43.07167013446008]]]}, "properties": {"Hectares": 0.00377744496, "Acres": 0.00933423245, "Year": "2025", "Name": "Eelgrass", "Confidence": "M", "Notes": "UAV Imagery Used", "Type": 1, "LABEL": "Portsmouth Harbor", "ID": 199}}, {"type": "Feature", "geometry": {"type": "Polygon", "coordinates": [[[-70.71879473350661, 43.07323545116901], [-70.71880078876028, 43.07322669948159], [-70.7188265516499, 43.07320853535561], [-70.71887457369802, 43.07319151806703], [-70.7189146411523, 43.07317906409114], [-70.71894654583187, 43.07316377020327], [-70.71895367242233, 43.07312959026345], [-70.7190363237057, 43.07312242239929], [-70.71905644069575, 43.07311671460496], [-70.7190809877641, 43.07311578296436], [-70.71917146539724, 43.073148099145975], [-70.71931830119627, 43.07314252479149], [-70.71936707688677, 43.07316199739803], [-70.71932468144985, 43.073206412660554], [-70.71937851968663, 43.07324264615664], [-70.7194094468991, 43.07328090783929], [-70.71936667490421, 43.07331185865455], [-70.71930482941163, 43.0733178397305], [-70.71928459073641, 43.07333329787861], [-70.71928543782528, 43.0733635922463], [-70.71925868779063, 43.07339261836377], [-70.71918367952966, 43.07342068579032], [-70.71910093759075, 43.07341856227984], [-70.71903131007907, 43.07339266826763], [-70.71896955978188, 43.073402014586996], [-70.71886212708003, 43.07342046661812], [-70.71875806419388, 43.07339508980231], [-70.71881343599333, 43.07332185567421], [-70.71886361365715, 43.073309315555335], [-70.71892780218644, 43.073304983391886], [-70.71891308550886, 43.073271528753], [-70.71881193044047, 43.07326799780653], [-70.71880185276106, 43.07323615733492], [-70.71879473350661, 43.07323545116901]]]}, "properties": {"Hectares": 0.12145373933, "Acres": 0.30011752539, "Year": "2025", "Name": "Eelgrass", "Confidence": "H", "Notes": "UAV Imagery Used", "Type": 1, "LABEL": "Portsmouth Harbor", "ID": 200}}, {"type": "Feature", "geometry": {"type": "Polygon", "coordinates": [[[-70.73838136384074, 43.06353267939524], [-70.73838537973272, 43.063513403116694], [-70.73837734795208, 43.06349653637258], [-70.73837011934903, 43.06348930776784], [-70.7383757415972, 43.06347244102419], [-70.73837815113278, 43.063453164745596], [-70.73837574159883, 43.063444329784446], [-70.73838618291465, 43.063449148854446], [-70.73838537973556, 43.06346521241999], [-70.73839100198171, 43.06348207916401], [-70.73839100198074, 43.06349814272955], [-70.73839501787086, 43.06351019040386], [-70.73838939562255, 43.06352946668238], [-70.73838136384074, 43.06353267939524]]]}, "properties": {"Hectares": 0.00089060861, "Acres": 0.00220073299, "Year": "2025", "Name": "Eelgrass", "Confidence": "H", "Notes": "UAV Imagery Used", "Type": 1, "LABEL": "Little Harbor/Back Channel", "ID": 201}}, {"type": "Feature", "geometry": {"type": "Polygon", "coordinates": [[[-70.73834682718552, 43.06343549482249], [-70.73834281129542, 43.06342344714815], [-70.73833236998017, 43.06340898993882], [-70.73831630641783, 43.06339372955105], [-70.7383098809939, 43.06337043738075], [-70.73830988099445, 43.06336160241972], [-70.73832353502347, 43.06335678335047], [-70.73833558269592, 43.06335678335085], [-70.73835566214895, 43.06337365009532], [-70.73837092253282, 43.06339453273107], [-70.7383765447797, 43.06339935180091], [-70.7383797574919, 43.06340658040553], [-70.73837333206625, 43.06341220265323], [-70.73837252888744, 43.06342344714913], [-70.73836770981795, 43.06343228211002], [-70.73836449710502, 43.06343629800132], [-70.73836208757002, 43.06344513296226], [-70.73835726850012, 43.06346039334944], [-70.73835325260877, 43.06347003148866], [-70.73834763036226, 43.06345959017082], [-70.73835164625349, 43.06345236156646], [-70.73834281129388, 43.06344914885306], [-70.73834602400703, 43.063441117070425], [-70.73834441765064, 43.063441920248614], [-70.73834682718552, 43.06343549482249]]]}, "properties": {"Hectares": 0.00323170827, "Acres": 0.0079856931, "Year": "2025", "Name": "Eelgrass", "Confidence": "H", "Notes": "UAV Imagery Used", "Type": 1, "LABEL": "Little Harbor/Back Channel", "ID": 202}}, {"type": "Feature", "geometry": {"type": "Polygon", "coordinates": [[[-70.73839768442946, 43.06339083811183], [-70.73839717039621, 43.06337747322526], [-70.7383951142609, 43.06336410833869], [-70.73839511426151, 43.06335382765671], [-70.73839768443203, 43.063347145213534], [-70.7384048809087, 43.063341490838674], [-70.73841361948723, 43.06333943470256], [-70.73842235806556, 43.06334046277102], [-70.7384249282352, 43.06334920135079], [-70.7384187598262, 43.063360510100715], [-70.73841259141722, 43.063372846918874], [-70.73840693704248, 43.06338055743019], [-70.73840539493983, 43.063390324077986], [-70.73839768442946, 43.06339083811183]]]}, "properties": {"Hectares": 0.00084688172, "Acres": 0.00209268195, "Year": "2025", "Name": "Eelgrass", "Confidence": "H", "Notes": "UAV Imagery Used", "Type": 1, "LABEL": "Little Harbor/Back Channel", "ID": 203}}, {"type": "Feature", "geometry": {"type": "Polygon", "coordinates": [[[-70.73845782640697, 43.06344583976227], [-70.73844600362504, 43.063435559079934], [-70.73844086328542, 43.0634252783978], [-70.73843675101348, 43.0634206520908], [-70.73843058260502, 43.06342373629514], [-70.7384300685717, 43.0634119135109], [-70.73841978789162, 43.06340523106728], [-70.73841516158582, 43.06339803458977], [-70.73840796510952, 43.063397520555434], [-70.73841618965457, 43.06338621180554], [-70.73842698436953, 43.06337850129442], [-70.7384388071526, 43.06336976271513], [-70.73844394749304, 43.0633661644766], [-70.73844137732344, 43.06335793993098], [-70.73845114397021, 43.063352285556185], [-70.7384547422079, 43.063359996067774], [-70.73845474220724, 43.06337130481795], [-70.73846039658127, 43.06337541709092], [-70.7384614246487, 43.063385697772894], [-70.73846605095505, 43.063383127602556], [-70.73848147197513, 43.063393922319094], [-70.73849226668911, 43.063403688967306], [-70.7384948368586, 43.06341345561524], [-70.73850665964069, 43.063421680161184], [-70.73851077191283, 43.06342270822955], [-70.73851488418475, 43.06342682050246], [-70.73851437015034, 43.06343350294569], [-70.73852053855887, 43.06342939067309], [-70.73852156662643, 43.06343761521871], [-70.73852670696643, 43.06344172749165], [-70.73850717367365, 43.06343967135461], [-70.73849021055075, 43.063441727490456], [-70.73847684566599, 43.06344378362645], [-70.73846553691723, 43.063447895898875], [-70.73845782640697, 43.06344583976227]]]}, "properties": {"Hectares": 0.00426597048, "Acres": 0.01054140047, "Year": "2025", "Name": "Eelgrass", "Confidence": "H", "Notes": "UAV Imagery Used", "Type": 1, "LABEL": "Little Harbor/Back Channel", "ID": 204}}, {"type": "Feature", "geometry": {"type": "Polygon", "coordinates": [[[-70.73858376473348, 43.06360416226847], [-70.73856680161049, 43.063607760506606], [-70.73855446479382, 43.0636087885744], [-70.73854778235179, 43.0636041622673], [-70.7385441841146, 43.06358822721016], [-70.7385477823533, 43.06357897459652], [-70.73856268934013, 43.063576404426485], [-70.73856577354498, 43.063564581642325], [-70.73856680161327, 43.0635604693696], [-70.73858479280435, 43.0635568711315], [-70.73859455945042, 43.063563039540945], [-70.73860124189189, 43.06357691846182], [-70.73859867172146, 43.06358257283681], [-70.7385873629728, 43.06358462897281], [-70.73858376473348, 43.06360416226847]]]}, "properties": {"Hectares": 0.00165752909, "Acres": 0.00409582721, "Year": "2025", "Name": "Eelgrass", "Confidence": "H", "Notes": "UAV Imagery Used", "Type": 1, "LABEL": "Little Harbor/Back Channel", "ID": 205}}, {"type": "Feature", "geometry": {"type": "Polygon", "coordinates": [[[-70.71084785150879, 43.06676753550807], [-70.71082432089983, 43.06674596577815], [-70.71079686852218, 43.06673027870152], [-70.71077725968111, 43.06671655250961], [-70.71080275117633, 43.06670282631918], [-70.71082039913424, 43.066698904550805], [-70.7108341253225, 43.066716552511444], [-70.71084981239504, 43.06673223958771], [-70.71086549946796, 43.06674204401052], [-70.71084785150879, 43.06676753550807]]]}, "properties": {"Hectares": 0.00223915616, "Acres": 0.00553305323, "Year": "2025", "Name": "Eelgrass", "Confidence": "H", "Notes": "UAV Imagery Used", "Type": 1, "LABEL": "Portsmouth Harbor", "ID": 206}}, {"type": "Feature", "geometry": {"type": "Polygon", "coordinates": [[[-70.7107145113779, 43.06687342326507], [-70.71067137192605, 43.06686950149479], [-70.71063019336025, 43.066834205573045], [-70.7106360760143, 43.06680871407514], [-70.71062431071, 43.0667949878835], [-70.71061646717513, 43.06676361373175], [-70.7106145062921, 43.06674400488701], [-70.71066352839709, 43.066738122235165], [-70.7106831372373, 43.066765574618344], [-70.71070078519334, 43.066793027001474], [-70.71072235491825, 43.066812635846816], [-70.71072627668462, 43.06684597088289], [-70.7107145113779, 43.06687342326507]]]}, "properties": {"Hectares": 0.00867476215, "Acres": 0.02143571836, "Year": "2025", "Name": "Eelgrass", "Confidence": "H", "Notes": "UAV Imagery Used", "Type": 1, "LABEL": "Portsmouth Harbor", "ID": 207}}, {"type": "Feature", "geometry": {"type": "Polygon", "coordinates": [[[-70.71053607092317, 43.066769496382626], [-70.71052038384911, 43.06677930080443], [-70.71049685323877, 43.066781261688185], [-70.71045763555645, 43.066757731073295], [-70.71043214406215, 43.06675577018803], [-70.7104007699154, 43.06675184841811], [-70.7103909654967, 43.06671459161289], [-70.71041449610843, 43.06668910011557], [-70.71043410495133, 43.066671452155944], [-70.71048900970793, 43.06668125658006], [-70.7104968532427, 43.06671459161629], [-70.71051057943086, 43.0667342004614], [-70.71051057943305, 43.06669694365645], [-70.71052430562212, 43.06670086542584], [-70.71054979711444, 43.06673616134708], [-70.71055567976596, 43.06675380930749], [-70.71053607092317, 43.066769496382626]]]}, "properties": {"Hectares": 0.01000226112, "Acres": 0.02471602662, "Year": "2025", "Name": "Eelgrass", "Confidence": "H", "Notes": "UAV Imagery Used", "Type": 1, "LABEL": "Portsmouth Harbor", "ID": 208}}]}