{"type": "FeatureCollection", "features": [{"type": "Feature", "geometry": {"type": "Polygon", "coordinates": [[[-70.88108517180619, 43.0796709286418], [-70.88109474799586, 43.079676890614394], [-70.881123138594, 43.0797243196267], [-70.88110967913074, 43.07976909963678], [-70.88100258313528, 43.07982976872853], [-70.88098562913602, 43.079844045355124], [-70.88097877096081, 43.07984597862088], [-70.88081162267243, 43.079953774955214], [-70.88056413198039, 43.08008616009085], [-70.88015082963621, 43.08022159529223], [-70.87999214657114, 43.080253135895646], [-70.87990813533915, 43.0802568029925], [-70.87977906042485, 43.0802724474134], [-70.8796471568123, 43.08025737006381], [-70.8796380663793, 43.08021243513977], [-70.87966125220397, 43.08016299879076], [-70.8796943747451, 43.080092375425636], [-70.87971782285814, 43.08004727141248], [-70.8797186305894, 43.080046827379576], [-70.87977044760741, 43.08001785261297], [-70.87981077948628, 43.079992989006186], [-70.8798913895346, 43.07994745153809], [-70.88037883422182, 43.07982509721812], [-70.88070543374272, 43.07976448854477], [-70.8807354763921, 43.079759682560606], [-70.88091964470996, 43.07970832133168], [-70.88105182687754, 43.07967803225359], [-70.88108517180619, 43.0796709286418]]]}, "properties": {"id": 1, "Hectares": 2.1284294647, "Acres": 0.86134617458, "Year": "2019", "LABEL": "Great Bay", "Type": 1, "Name": "Eelgrass"}}, {"type": "Feature", "geometry": {"type": "Polygon", "coordinates": [[[-70.87262607642728, 43.08508616005619], [-70.87242135019311, 43.085118018269455], [-70.87216612345011, 43.085170565645804], [-70.87171798297682, 43.085191070288204], [-70.87135017430037, 43.08522866345381], [-70.87112437061602, 43.08524834915674], [-70.8706951628361, 43.08529968355408], [-70.87040182236805, 43.085309451211415], [-70.87016306954825, 43.0853337683138], [-70.87009547205422, 43.085328574364176], [-70.87011243802452, 43.08526256478454], [-70.8702523231908, 43.08515962352308], [-70.8703824200524, 43.08506606078664], [-70.87046069207318, 43.08499339263955], [-70.87051814018047, 43.084938345653676], [-70.8705194189039, 43.08493712037476], [-70.8705457499775, 43.084904902039966], [-70.87060381279399, 43.08487202118886], [-70.87075795220105, 43.08477504178374], [-70.87082862193134, 43.08472884205432], [-70.87098952295575, 43.08460156004783], [-70.87110826605624, 43.08453234878378], [-70.8711916139301, 43.08449090609547], [-70.87129761750813, 43.08442160607153], [-70.87141311475577, 43.0843570410523], [-70.8716120797843, 43.08424169550122], [-70.87172105592587, 43.08418875767306], [-70.87187519186358, 43.08409177672374], [-70.8720194713375, 43.084018072745145], [-70.87214446097775, 43.08395824202597], [-70.87225016092496, 43.08391228463094], [-70.87226876634735, 43.08390630246362], [-70.87230041159913, 43.083879646213454], [-70.87233124723376, 43.08386214749202], [-70.87240411835684, 43.083833132022505], [-70.87245279567328, 43.08380631029226], [-70.87251929940908, 43.08377134629592], [-70.87255183731786, 43.083746774217374], [-70.87259706398135, 43.083737641256164], [-70.87259903316767, 43.08373745607628], [-70.87261985975057, 43.0837258891416], [-70.87271576893262, 43.083698538312206], [-70.87280096504328, 43.083655103754275], [-70.87293813286755, 43.08360402497735], [-70.87301225058542, 43.08359420874386], [-70.87304410200626, 43.08356949182463], [-70.8732903574615, 43.08346321396242], [-70.8737716749422, 43.08333241018661], [-70.8738788762075, 43.08329885502456], [-70.87395405796264, 43.08326286446632], [-70.87400890117362, 43.08324423330389], [-70.87404308948464, 43.0832394672073], [-70.87404898960226, 43.08323950807564], [-70.87405133079473, 43.083235521960525], [-70.87414184326755, 43.08320312963597], [-70.87422655509191, 43.08319264599906], [-70.87443208729944, 43.08313211636365], [-70.87446598828232, 43.08313089870257], [-70.87449099364021, 43.083120549660485], [-70.87458994423643, 43.08309783625674], [-70.87469172199255, 43.08307925255649], [-70.87479905605731, 43.08305685457528], [-70.87496628860758, 43.08299571248473], [-70.87508425377048, 43.082951502348664], [-70.8751885564292, 43.082908198174756], [-70.8752835228864, 43.082874210512564], [-70.87531369716883, 43.08285005312337], [-70.87538720332603, 43.082806690971985], [-70.87542961072441, 43.08277571798794], [-70.87553421564041, 43.08273029091633], [-70.87560772179762, 43.08268692868018], [-70.87572928967299, 43.08261259334683], [-70.87589043778684, 43.082523803802665], [-70.87606289454025, 43.08243088437448], [-70.8761985982151, 43.08234415944767], [-70.87629855880229, 43.08228110664427], [-70.87640634758156, 43.08225923170836], [-70.87647219862822, 43.082233671298376], [-70.87650369459352, 43.08220423675968], [-70.8765237216027, 43.08219961763021], [-70.87652711594377, 43.082198791250484], [-70.87662359414897, 43.082147284001586], [-70.87668806712898, 43.082087030458794], [-70.8767171489119, 43.08205454733182], [-70.87680679900278, 43.08201781316163], [-70.87686162776394, 43.08196449664056], [-70.87690969733158, 43.08194148277235], [-70.87694866268404, 43.081883387596335], [-70.87702878844392, 43.081844252956174], [-70.8770641792525, 43.08181648240293], [-70.87713159627637, 43.08177492543153], [-70.87720204797532, 43.081745062175905], [-70.87728208348223, 43.08171293042604], [-70.87734316094905, 43.08166899503217], [-70.87736887775108, 43.081650495908896], [-70.8774265906725, 43.08162054464597], [-70.87749385742407, 43.081590659242494], [-70.87756764316465, 43.081549145933934], [-70.8775996691833, 43.08153535939372], [-70.87764619686487, 43.08150541707209], [-70.87765175839967, 43.081495487613914], [-70.87768568431838, 43.081460384146176], [-70.87772338821324, 43.081453137238], [-70.8777281625135, 43.08144986649455], [-70.87780825726557, 43.08141306565476], [-70.87797178082126, 43.081327813965196], [-70.8781414037074, 43.08126361514696], [-70.87825664842084, 43.081217717943694], [-70.8783557903474, 43.08118571707766], [-70.87855728842106, 43.08111940266], [-70.87871714691438, 43.08107147768396], [-70.87889277861818, 43.081035333893645], [-70.87907814332891, 43.0809852494375], [-70.87936565394776, 43.080917190992864], [-70.87963709157668, 43.08086069410027], [-70.87982549039326, 43.080822302120275], [-70.8799594821536, 43.08080454687438], [-70.88012243376174, 43.08076364488851], [-70.88024714026795, 43.080724814402814], [-70.88057033541261, 43.080605637742664], [-70.88058338529724, 43.080600670278926], [-70.88059200468756, 43.08059311561587], [-70.88065702936508, 43.08055801163113], [-70.88069262831608, 43.08055986886483], [-70.88069660960356, 43.080560076571984], [-70.8806992724701, 43.08055760119222], [-70.88102141935333, 43.08044765068545], [-70.88114344100275, 43.08039281614994], [-70.8811698151669, 43.08039281614099], [-70.88117656853707, 43.08038596432502], [-70.88120409642647, 43.08036814277839], [-70.88126242822607, 43.08035344824741], [-70.88128468658354, 43.08032934240701], [-70.8814154173373, 43.08027059360271], [-70.88159476628375, 43.08019244900075], [-70.88166572067911, 43.08012289883372], [-70.8817139956349, 43.08008354239255], [-70.88180060434244, 43.0800351106046], [-70.88193741858353, 43.079971336674106], [-70.88194336395576, 43.079936596614495], [-70.88195785387045, 43.07991904920048], [-70.88196486083406, 43.07990370298068], [-70.88201972043312, 43.07985592771278], [-70.8820440782694, 43.07984454146369], [-70.88204510269154, 43.079843018450624], [-70.88211569874787, 43.079801480320455], [-70.8821541403447, 43.07977091482921], [-70.88216390558762, 43.07975061443115], [-70.88224054167384, 43.0796774159728], [-70.88224150394767, 43.07967627628392], [-70.8822932902782, 43.079611263451035], [-70.88231884636437, 43.079593753210354], [-70.88232505370146, 43.07957302691879], [-70.88234545413907, 43.079535775423835], [-70.8823815345202, 43.07951390312332], [-70.88242737410498, 43.0794563554968], [-70.88242955714287, 43.079411498047335], [-70.88243307036421, 43.079390141356676], [-70.88250704663159, 43.07934691506607], [-70.88252623809414, 43.07932570847645], [-70.88260986894453, 43.079260913706555], [-70.88262936296594, 43.07923069792786], [-70.88271948163965, 43.07915660926799], [-70.88282224883406, 43.0790896108736], [-70.8829121290334, 43.07903419694762], [-70.88304992528205, 43.078967438260555], [-70.8832071256259, 43.07887746660709], [-70.88338962299946, 43.07880167528763], [-70.88361024456376, 43.07873314826323], [-70.88362815247535, 43.078728320788834], [-70.88374840191135, 43.078713521804545], [-70.88384889288338, 43.07867682161974], [-70.88407789283464, 43.07864791155313], [-70.88421359650945, 43.078635521520425], [-70.88436343598374, 43.078635521520425], [-70.88440838943033, 43.078638169510775], [-70.88443914816304, 43.07865328934592], [-70.8844705270825, 43.078654504425295], [-70.88448220242692, 43.07864251743901], [-70.88453871989708, 43.07864584654786], [-70.8845691074552, 43.078660388491166], [-70.88462386115758, 43.07866537389875], [-70.88469716363268, 43.078661205706666], [-70.8847616396201, 43.0786663774753], [-70.88477902848791, 43.078662366588155], [-70.88493452228198, 43.07868508163626], [-70.88501933707875, 43.07870573167269], [-70.88510415187551, 43.078732576709676], [-70.8852144111113, 43.07875322673011], [-70.88528110074961, 43.07877570886331], [-70.88530085086208, 43.07877271944128], [-70.88558326218256, 43.0788540226938], [-70.88577004529823, 43.078924083403976], [-70.88578841551367, 43.078922656515886], [-70.88583341779903, 43.07892596535443], [-70.88589441729825, 43.07895940084292], [-70.88595984172815, 43.078966851307314], [-70.88604820209332, 43.07899547046077], [-70.8861542930604, 43.07902521106818], [-70.88624811305641, 43.07905386730609], [-70.8862884634155, 43.07907720998643], [-70.8866047601085, 43.07916915329252], [-70.88674635092386, 43.07920934939333], [-70.88675791926067, 43.07921643587583], [-70.88680820363872, 43.07923378850503], [-70.88684360138191, 43.079241033825454], [-70.88686086600751, 43.079241896397164], [-70.8868885611798, 43.079249847209866], [-70.88689660285368, 43.079259405516], [-70.88692925819784, 43.07926763270611], [-70.88693321377247, 43.07926266619101], [-70.88694035476703, 43.07925370014429], [-70.88698271643138, 43.079249986450975], [-70.88701933952915, 43.07926824648829], [-70.88704498026873, 43.07929143461046], [-70.8870512449433, 43.07929672407973], [-70.88716631737462, 43.07933873411131], [-70.88721329787565, 43.079347483346375], [-70.8872330032743, 43.079360334220766], [-70.88732347239088, 43.07938924395124], [-70.88751854642342, 43.079418153668065], [-70.88761333391197, 43.07942849896811], [-70.8876507753505, 43.07941963270043], [-70.88769308639033, 43.079419920734935], [-70.88773668625751, 43.07942622102977], [-70.88778986558866, 43.07943058534355], [-70.88786076292766, 43.07943707138861], [-70.88790862217279, 43.079430393017056], [-70.88796469598354, 43.07942176935812], [-70.88804229100225, 43.079438306706436], [-70.88806208860505, 43.0794543778082], [-70.8881801018382, 43.079453258305854], [-70.88822026598578, 43.079469486852645], [-70.88824949835437, 43.07945972809903], [-70.8883055468165, 43.079453105268314], [-70.88833425981201, 43.079449298235545], [-70.88836955655373, 43.07946454706752], [-70.88842283727215, 43.07946090710613], [-70.88845433066156, 43.0794531166173], [-70.88856892937363, 43.079457898248066], [-70.88858493467069, 43.079459050910216], [-70.88861727346418, 43.07944623612309], [-70.88867934004814, 43.079455340272], [-70.88876617248896, 43.079467739121], [-70.88877571763543, 43.0794772508326], [-70.88883967066761, 43.079515472858006], [-70.88885559933593, 43.07954405649541], [-70.8888349853203, 43.07963116460472], [-70.8888147896179, 43.07969951679825], [-70.88879796480995, 43.0797560833721], [-70.88878087108874, 43.079833903468064], [-70.88876425534617, 43.07987393951558], [-70.88872487942528, 43.07993035277196], [-70.88860502378044, 43.07998149541673], [-70.88851040912041, 43.07996098193782], [-70.88846364414854, 43.079969214821006], [-70.88842641840019, 43.07998572110293], [-70.88841618904642, 43.07998616837734], [-70.88835869923709, 43.07999878496019], [-70.88833113556883, 43.08001960973942], [-70.88825702642352, 43.080051124319276], [-70.88813373059398, 43.08008630655356], [-70.88802110569087, 43.08009550933824], [-70.88799674309949, 43.08015681657756], [-70.8880045888746, 43.080171255984574], [-70.88795883046232, 43.080262889085404], [-70.88785004197065, 43.08028349227476], [-70.88771884761718, 43.08029560687775], [-70.88763274535374, 43.08030402598712], [-70.88757636643794, 43.080336661411884], [-70.88758958434346, 43.080370771248354], [-70.8875604651916, 43.08040659400475], [-70.88750879372596, 43.0804402620299], [-70.88746312661942, 43.08043995107387], [-70.8874181104502, 43.08043764336508], [-70.88734563153677, 43.08044815619648], [-70.8873056691308, 43.08047790153797], [-70.88724560104139, 43.080478492996086], [-70.88720326391082, 43.080480205784966], [-70.88716613268042, 43.080501965693415], [-70.8871767474368, 43.08052605200754], [-70.88718456898825, 43.08055512221189], [-70.88720754394159, 43.08057328921609], [-70.88727707763194, 43.080579766334154], [-70.88731362388909, 43.08056991345618], [-70.88732775639366, 43.08056610332625], [-70.88736349734792, 43.08054633506467], [-70.88738548786822, 43.080534477820265], [-70.88743584957788, 43.08054582719584], [-70.88749413443806, 43.08057824275526], [-70.88754174105195, 43.08059157449162], [-70.88759034494727, 43.08063392992277], [-70.88758168649115, 43.080670892566765], [-70.88753228385073, 43.08069156846095], [-70.88746535301313, 43.080695115057786], [-70.88740270707395, 43.08068368204138], [-70.88736172202486, 43.080686404679874], [-70.88732469217648, 43.08070016066061], [-70.88728872284146, 43.08073793785859], [-70.88724725580475, 43.08077867934945], [-70.88719229188611, 43.08080732188528], [-70.88717157734531, 43.08082619186878], [-70.88715203742939, 43.080860078603656], [-70.88713396387428, 43.08088597065574], [-70.88709125858335, 43.08091669781793], [-70.88707594123471, 43.08092847861463], [-70.8870377989241, 43.080934344107604], [-70.88699006528743, 43.08093101713224], [-70.88693018707545, 43.080916600964734], [-70.88691797905783, 43.08091051427665], [-70.88688793845708, 43.08091131015475], [-70.88685488888146, 43.080934098357815], [-70.88685169595114, 43.0809363957084], [-70.88683835773968, 43.08094599270419], [-70.88683145707238, 43.0809519491782], [-70.88683135555499, 43.08095995315471], [-70.88683927851147, 43.08098101940313], [-70.88684732836764, 43.08099208068036], [-70.88686619597073, 43.08101122034457], [-70.88690129021568, 43.08104247758253], [-70.88691454595671, 43.08107358599985], [-70.88687885530703, 43.081089352127655], [-70.88683931101352, 43.08108608089541], [-70.88679412942416, 43.081096779399374], [-70.88677611910134, 43.08111766890703], [-70.88675953713094, 43.081133565229216], [-70.88674679606024, 43.08116949939743], [-70.88668792720736, 43.08118310632116], [-70.88664291052795, 43.08118079830367], [-70.88660623563906, 43.08116654013179], [-70.88656277429793, 43.08114923393276], [-70.88652345849013, 43.08112795364586], [-70.8865100252068, 43.08111085214245], [-70.8864789242864, 43.08108762667972], [-70.88643388229349, 43.08108731957446], [-70.88641192948272, 43.08109617514104], [-70.8863612881769, 43.081106836246285], [-70.88627255637658, 43.08110723173057], [-70.88619346784161, 43.08110068883374], [-70.88617768612518, 43.0810923606958], [-70.88617120014526, 43.08109197397843], [-70.88616249405321, 43.081067458317044], [-70.88615040039024, 43.081052367075614], [-70.88612176272495, 43.081050170571125], [-70.886090230123, 43.08106096189771], [-70.88604662927688, 43.081054660969556], [-70.88601660130072, 43.081054456121386], [-70.88599323272119, 43.081067304283245], [-70.88596574399863, 43.081082125497744], [-70.88593292267073, 43.0810869044875], [-70.88588406547134, 43.081064558298266], [-70.88584998088407, 43.08106132397668], [-70.88581038584317, 43.08106205437664], [-70.88578020538318, 43.08107385542799], [-70.88574753653441, 43.081066628403015], [-70.88570380864061, 43.08107033231233], [-70.8856654514142, 43.08108107694497], [-70.88563260464629, 43.08108785684192], [-70.88559834212334, 43.08109862939992], [-70.88554641203449, 43.081103277846516], [-70.8854975676765, 43.08107993099658], [-70.88548159554975, 43.08104780328837], [-70.88547227000889, 43.08102972912201], [-70.88544501000034, 43.08102654126963], [-70.88542049252159, 43.08102237155122], [-70.88540272330351, 43.08102425140194], [-70.88538892167415, 43.08103616417387], [-70.88536564196728, 43.08104200872969], [-70.88531929868381, 43.081036689383296], [-70.88525677996695, 43.08101525022627], [-70.88523666240182, 43.080987096509745], [-70.88520816467995, 43.08097389431363], [-70.88515915523512, 43.080963553777266], [-70.88512929263561, 43.080950342239994], [-70.8850954243591, 43.080930099251205], [-70.88508070292211, 43.08090698528049], [-70.88507007620784, 43.080883899276095], [-70.88505541838389, 43.080855782818816], [-70.88504202372596, 43.08083567965594], [-70.88500524766589, 43.08082942494786], [-70.88496312648346, 43.08081412846241], [-70.88494929937697, 43.08082804217471], [-70.88494071686483, 43.08083923234036], [-70.88487689593158, 43.080832550454986], [-70.88483332082242, 43.08082424807329], [-70.88478987295355, 43.08080594070904], [-70.88478907105099, 43.080805886203464], [-70.8847608428069, 43.080762388415764], [-70.88477482781006, 43.08073331106159], [-70.88479761625301, 43.080697096173054], [-70.88480315565073, 43.08065167077509], [-70.88483088224399, 43.08061730814977], [-70.88484863992868, 43.080586514467726], [-70.88489155097288, 43.08052861468119], [-70.88491897690994, 43.08051789086872], [-70.88499082346765, 43.080525655794744], [-70.88507539693343, 43.08050804818547], [-70.88513785247103, 43.08047392268712], [-70.88517299764422, 43.08044142917406], [-70.88518839001055, 43.08040152663455], [-70.88517879096563, 43.08037600166004], [-70.88512947842476, 43.080352023986876], [-70.88510993370453, 43.08032824960916], [-70.8850932856981, 43.08027176147285], [-70.88509370174864, 43.0802390307743], [-70.88505755536303, 43.08015513150395], [-70.88506075256315, 43.0800987789105], [-70.88508215305175, 43.080059764818735], [-70.88509218691947, 43.08006147134889], [-70.88510174659258, 43.080069802611916], [-70.8851273991539, 43.08007942463929], [-70.88515959993482, 43.08008082541246], [-70.88521925917115, 43.08007650942934], [-70.88525465152046, 43.08008029367658], [-70.88531245988726, 43.08009485865122], [-70.88538517048141, 43.08007764231671], [-70.88538548554854, 43.080052846558196], [-70.88536474034058, 43.08003735383053], [-70.88533107883075, 43.08002413461278], [-70.88528277019498, 43.080022623897506], [-70.88523277574343, 43.08002700591386], [-70.88518425700988, 43.08004202566207], [-70.88515199621793, 43.08004534789737], [-70.88513935003623, 43.08002636788306], [-70.88513802439873, 43.08000392262526], [-70.88513695389669, 43.07996140461134], [-70.88513338967263, 43.079950993166506], [-70.88515225121844, 43.07992664348608], [-70.88515423363745, 43.079925574618], [-70.88520519218041, 43.07991581737725], [-70.88523444141563, 43.07989594262115], [-70.88523636732555, 43.07987115786253], [-70.88523370488981, 43.07984352651105], [-70.88527305616716, 43.079798570723895], [-70.88529189652402, 43.07980156249178], [-70.88529682160696, 43.0798042620649], [-70.88535312396861, 43.079810550765714], [-70.88536460949427, 43.07979409724574], [-70.88534405942785, 43.07976325475841], [-70.8853153654537, 43.07973944177715], [-70.88528501570698, 43.07971916004105], [-70.88528225534257, 43.07970963653791], [-70.88530671238725, 43.07968037818486], [-70.8853440834672, 43.0796679036455], [-70.88535152041389, 43.079655006779234], [-70.8853936431054, 43.07966440165543], [-70.8854577142135, 43.07969317955086], [-70.88554121974452, 43.07971382410439], [-70.88557349534223, 43.079709321007115], [-70.88558332501286, 43.07969639872087], [-70.88558181922791, 43.07968812247222], [-70.88552726273473, 43.07967121812544], [-70.88548873905103, 43.079660327468495], [-70.88544213148599, 43.07965174331572], [-70.88540848517162, 43.079637343370855], [-70.88537482386994, 43.079624124166706], [-70.88533633025118, 43.07961087195781], [-70.88531224361478, 43.079604803227895], [-70.88528513049279, 43.07958336273868], [-70.8852831032665, 43.07957306631178], [-70.88529358482293, 43.079542080249425], [-70.8852945322256, 43.0794675269782], [-70.88525254665822, 43.079452692037115], [-70.88524297083781, 43.07942534869227], [-70.88521853446895, 43.079396085334615], [-70.88513199043119, 43.07937367192991], [-70.88507234022221, 43.079382357169905], [-70.88503728806943, 43.079407577172816], [-70.88499453977289, 43.07945274842603], [-70.88491752517463, 43.07946131496849], [-70.88489063145465, 43.07943021622314], [-70.88483612735033, 43.07942438825505], [-70.88481088192091, 43.079458767841956], [-70.88478572895268, 43.07948587393386], [-70.88475297225219, 43.079525657775186], [-70.88472529236533, 43.079556383647265], [-70.88472373835606, 43.07955621006296], [-70.88465592759121, 43.07954863551468], [-70.88463057030297, 43.07951057715734], [-70.88461254918343, 43.07950797255582], [-70.88459361911463, 43.07949383500805], [-70.8845745872486, 43.079487701431475], [-70.88456354100737, 43.07949763177166], [-70.88456341374808, 43.07950763673946], [-70.88455762337856, 43.07953361234138], [-70.88453965880191, 43.079562963705335], [-70.88452178031535, 43.07956138370164], [-70.88448644630839, 43.07954913518031], [-70.88447851161047, 43.079529069268254], [-70.8844568263644, 43.079516914032496], [-70.88441570196701, 43.079530641085604], [-70.88441269219496, 43.07955263335321], [-70.88439067600608, 43.079566491020024], [-70.88434717823691, 43.07955218547859], [-70.88429541486366, 43.07954382691092], [-70.88422138065414, 43.0795693358878], [-70.88418283313376, 43.07959508748172], [-70.88418217106042, 43.07964711330844], [-70.88417357436853, 43.079679073202634], [-70.88418661199434, 43.079727190373276], [-70.88418582259914, 43.07978922116524], [-70.88416092372367, 43.079815066079625], [-70.88414153528076, 43.079836946336414], [-70.8841413570195, 43.079850953289075], [-70.88415763372615, 43.07985906926429], [-70.88419016168805, 43.07987730220109], [-70.88418995797325, 43.07989331014705], [-70.88417610543846, 43.07990922476165], [-70.88415661510882, 43.079939108993315], [-70.88415646231586, 43.079951114952586], [-70.88417791847024, 43.079981279183954], [-70.88418021533643, 43.08001531473477], [-70.88416868509765, 43.08006326390517], [-70.88415200088393, 43.080087163822], [-70.88413797003128, 43.08011708538303], [-70.88413756257094, 43.080149101273186], [-70.88415077852409, 43.080183211492724], [-70.88415304991533, 43.08021924803593], [-70.88411715533292, 43.080251021247754], [-70.88408868601434, 43.08034288024545], [-70.88409819225261, 43.08036940294988], [-70.8840778792468, 43.08039580547812], [-70.88401612788208, 43.08043789384408], [-70.88398014922429, 43.0804801584602], [-70.88397178107239, 43.08049634087991], [-70.8839392908375, 43.08049794949201], [-70.88390941599245, 43.0804857381356], [-70.88387673494533, 43.080479511076405], [-70.88386852010274, 43.08048145604769], [-70.88383767717855, 43.08054528240162], [-70.88380696157674, 43.08059910378196], [-70.88383630144897, 43.08065333601428], [-70.88394776460613, 43.080690119497326], [-70.88399128855289, 43.080702424200496], [-70.88402654670718, 43.080720675855325], [-70.88405073286175, 43.080750858778394], [-70.88410443750983, 43.080821266910675], [-70.88409775539579, 43.080849931382936], [-70.88408221704424, 43.0808511324539], [-70.88406568539445, 43.08086302639584], [-70.88403249472384, 43.08089681923644], [-70.8840073151456, 43.08094467502915], [-70.884003897609, 43.08099868316327], [-70.88400864403826, 43.08105474830222], [-70.88402642734236, 43.08107630046665], [-70.88406510418558, 43.081123174129026], [-70.88406456932516, 43.08116519497666], [-70.88401788220952, 43.0811868885052], [-70.8839874466296, 43.081218699007195], [-70.88398165584546, 43.08124467456907], [-70.88391838590066, 43.081282263966756], [-70.88386348369154, 43.0813059024039], [-70.88381404109401, 43.08132957816551], [-70.88377829855573, 43.081349345303195], [-70.88374786277112, 43.08138115573896], [-70.88369306233626, 43.08139679012276], [-70.88365469182222, 43.08140853457264], [-70.88360802986303, 43.081428226938016], [-70.88355845963818, 43.081461907549176], [-70.88343245400948, 43.08149506499175], [-70.88340069148185, 43.081502347559216], [-70.88339519904422, 43.081505859483684], [-70.88337398753838, 43.08152696963493], [-70.88335930958401, 43.08154103939129], [-70.88333656244268, 43.08155623476111], [-70.8833122495937, 43.08156787685055], [-70.88329118847997, 43.081577179490786], [-70.8832861453759, 43.081593676901115], [-70.88325687965758, 43.08161473189153], [-70.8831547012415, 43.08166901656539], [-70.88304711491617, 43.08174057151317], [-70.88297550132097, 43.08179011024753], [-70.88289314677316, 43.081825567201875], [-70.88288778837827, 43.081828870666705], [-70.88288312678623, 43.08191398880848], [-70.8828332237672, 43.08200931447872], [-70.88276206303752, 43.082042796449485], [-70.882695627915, 43.08211438331268], [-70.8826538889954, 43.082176133511055], [-70.88259321955591, 43.0822237458179], [-70.88251369615838, 43.0822512172286], [-70.88242840666862, 43.08230266306433], [-70.88239531641602, 43.08232845144227], [-70.88236768587828, 43.08235427723124], [-70.88231245026067, 43.082403927796825], [-70.88228765164274, 43.08242176831152], [-70.88215873476942, 43.0824689125525], [-70.88207951728768, 43.08247237176015], [-70.88202754748873, 43.082480020084425], [-70.88200246784143, 43.082519871440304], [-70.88204310957953, 43.082544164116165], [-70.88210574360252, 43.082556600565866], [-70.88212446975425, 43.082586746451106], [-70.8821183205682, 43.08264073578343], [-70.88211757668016, 43.08264232197213], [-70.8820632632426, 43.08267637928384], [-70.88195932328264, 43.08269167589059], [-70.88188528431628, 43.08271718330461], [-70.8818822734674, 43.08273917548511], [-70.88195807184678, 43.08278972445823], [-70.88198223223976, 43.08282190879723], [-70.88198533146806, 43.08282966618738], [-70.88200868840532, 43.082888128699935], [-70.88199707928926, 43.08294208058338], [-70.88194987929786, 43.08300379306706], [-70.88187844213898, 43.0830393241481], [-70.88185096432188, 43.083053143858784], [-70.88176587753125, 43.083088581252575], [-70.88167788189517, 43.08313800679135], [-70.88161733850231, 43.08317561360504], [-70.88151316760175, 43.083208918715115], [-70.88137376334788, 43.083221970279894], [-70.88127242224834, 43.08323307578324], [-70.88121877835921, 43.08327166652402], [-70.88117960453043, 43.083311546599326], [-70.88113732959542, 43.08334195855598], [-70.88113067488929, 43.08335844480235], [-70.88118703710475, 43.08348636372702], [-70.88119504296488, 43.0836163124069], [-70.88107469112911, 43.083705230975966], [-70.88093570249119, 43.083739702256686], [-70.88089342713933, 43.083770114117705], [-70.88080878575177, 43.08383802228138], [-70.88075341185545, 43.08388487606135], [-70.88068138554793, 43.08397412610512], [-70.8806518460712, 43.084016433873224], [-70.88063769084204, 43.084115528203036], [-70.88064009742006, 43.084179310737674], [-70.8806355773235, 43.084280832952274], [-70.88054033343847, 43.084421880895924], [-70.88044307533924, 43.084468446769904], [-70.88039122442827, 43.0844917075375], [-70.8802841496454, 43.084550014340515], [-70.88020309084034, 43.084589606221755], [-70.88014464504992, 43.08462463006889], [-70.88004723525155, 43.084683003079434], [-70.87993380683518, 43.0847341807645], [-70.87979806728939, 43.084766311288895], [-70.87966232760382, 43.08479844165097], [-70.87952080933752, 43.084778574624096], [-70.87943725367838, 43.08476146790009], [-70.87934050835648, 43.08476788740046], [-70.87926276122579, 43.08480041628833], [-70.87921708100511, 43.08484497431443], [-70.87918289405917, 43.08486340274744], [-70.87910678591577, 43.08500143601959], [-70.87902960281905, 43.08505893857878], [-70.87884061813445, 43.08510566557877], [-70.87873108508239, 43.0851309265608], [-70.87865972054989, 43.085160452618744], [-70.878626370675, 43.085206249756524], [-70.87862289682101, 43.08526425962811], [-70.87867665037955, 43.08533066825734], [-70.87868246255074, 43.08536756206341], [-70.87866786973795, 43.08538293714673], [-70.87861574388563, 43.085396287278186], [-70.8785314985659, 43.08536568958779], [-70.87850182769921, 43.08533746891079], [-70.878448228261, 43.085259054269336], [-70.87836150980522, 43.085208427764286], [-70.87824228820142, 43.08513756559578], [-70.87808239938379, 43.0850444102344], [-70.8779873632227, 43.0850037319502], [-70.87798367097783, 43.08500241513182], [-70.87794908664212, 43.08497794375516], [-70.87789467912441, 43.08494922829149], [-70.8778433571293, 43.08493116173742], [-70.87776615448873, 43.08492118269858], [-70.87774439970032, 43.084919278487504], [-70.87748153808143, 43.084848155972956], [-70.87747185726153, 43.08484723042791], [-70.87740469226999, 43.08484080902445], [-70.87739479621581, 43.08483986289484], [-70.87701237400917, 43.08485806078819], [-70.87668467309042, 43.08489086988061], [-70.87659241924774, 43.084885686991164], [-70.87641892108611, 43.08487751195319], [-70.87615027877129, 43.0849224746486], [-70.87596558717986, 43.08495926228393], [-70.87580454309959, 43.08501123271728], [-70.87572667839909, 43.085021938866106], [-70.87557350736532, 43.085044225664475], [-70.87534360037169, 43.08508932724905], [-70.87504717274005, 43.085105953452896], [-70.87484031050224, 43.08509284938548], [-70.87456993267791, 43.08506529792291], [-70.874286605269, 43.08505399808819], [-70.87409227193908, 43.08505732136271], [-70.87379220451092, 43.08506353997917], [-70.87372907404927, 43.08505219059521], [-70.87355379013594, 43.085058384963105], [-70.87340395066167, 43.085060449752255], [-70.87327390130663, 43.085060449752255], [-70.87318146702812, 43.08507434863991], [-70.87305828644787, 43.08507566969705], [-70.87302754264348, 43.085084436951135], [-70.87296131216092, 43.08509814780084], [-70.87285494595503, 43.08510095252799], [-70.87276010898032, 43.085095204350424], [-70.87272294232214, 43.08509295161503], [-70.87262607642728, 43.08508616005619]]]}, "properties": {"id": 2, "Hectares": 227.51055368088, "Acres": 92.07039666574, "Year": "2019", "LABEL": "Great Bay", "Type": 1, "Name": "Eelgrass"}}, {"type": "Feature", "geometry": {"type": "Polygon", "coordinates": [[[-70.88602737627197, 43.069486756168466], [-70.88602144728816, 43.069485001615334], [-70.88596057752662, 43.06945860754625], [-70.88593516903126, 43.06943009367738], [-70.88591286167961, 43.06941104780135], [-70.88590376814864, 43.06936611326709], [-70.88590417671621, 43.06933392556459], [-70.8859051904176, 43.06933358703365], [-70.8859289703883, 43.06931442247911], [-70.88604224074227, 43.06927774457252], [-70.88613625810102, 43.06924873745316], [-70.88624722183692, 43.06922608760472], [-70.88650546708695, 43.06917011208273], [-70.88661207520491, 43.069155234404434], [-70.88675277410326, 43.069137468087206], [-70.88679772355837, 43.06911748865734], [-70.88686180702615, 43.069099200043425], [-70.88697056291991, 43.06908277622274], [-70.88701980822196, 43.06905970508723], [-70.88708818751681, 43.06903832472613], [-70.88715857632417, 43.069026320676265], [-70.88720340693459, 43.06901570294053], [-70.88725677009874, 43.06900358285897], [-70.88729093991056, 43.06899445292141], [-70.88740196207897, 43.068967121017295], [-70.8874420392276, 43.06895730985324], [-70.8874873923063, 43.06895652272377], [-70.88765527300917, 43.06892696346707], [-70.88788459165389, 43.06887892841548], [-70.88802402567254, 43.06883842599331], [-70.88822782599858, 43.06879485134708], [-70.88849038329496, 43.068734219337834], [-70.88888538102431, 43.068635475868085], [-70.88901772317507, 43.06860516641014], [-70.88909666331884, 43.06859009838934], [-70.88915018353278, 43.0685654949373], [-70.88928268315982, 43.06852270268918], [-70.88940022617875, 43.06848449003107], [-70.8895049999651, 43.06844619053205], [-70.88968879220788, 43.06838658126152], [-70.8897913389419, 43.06835606859908], [-70.88991284214097, 43.06834128896064], [-70.88994458096539, 43.0683384053033], [-70.89004620755023, 43.0683067430821], [-70.89021588862467, 43.06827058841201], [-70.89029012409473, 43.06827833584311], [-70.89037849965433, 43.06830157813053], [-70.89040714032893, 43.06831087731887], [-70.89042674202842, 43.06832348605316], [-70.89044074468016, 43.06836254926218], [-70.89042522219529, 43.06844392298563], [-70.8904004365688, 43.06846867563077], [-70.89035574093815, 43.06849409705205], [-70.89026785520639, 43.06854343502088], [-70.8901395337864, 43.068592498539516], [-70.88999015332605, 43.06862085517947], [-70.88987652647577, 43.06866828861004], [-70.88980387846529, 43.06868193570469], [-70.8896907816868, 43.06873457381075], [-70.88953684224711, 43.068789704484594], [-70.88942552558242, 43.0688404431229], [-70.88922033143321, 43.06890926922892], [-70.88911782294436, 43.068936660747305], [-70.88892748608193, 43.06900870816497], [-70.8888525058052, 43.06904720964268], [-70.88868376609256, 43.06909443634496], [-70.88853654503495, 43.06912308379575], [-70.88842319745302, 43.069166005424925], [-70.88831414561673, 43.06920583527233], [-70.88812435996846, 43.069234192668766], [-70.88782188893737, 43.06929351004326], [-70.88776410240237, 43.06931321023265], [-70.88771794966215, 43.0693194340202], [-70.8876435073652, 43.06934726778932], [-70.88752101891995, 43.06935351899629], [-70.88740157196416, 43.069373961044604], [-70.88733523187528, 43.06939512140301], [-70.88723673212091, 43.069409161790716], [-70.8869872169251, 43.06944803356006], [-70.88678050313992, 43.06946847116671], [-70.88660370297234, 43.069479749653965], [-70.88646087503304, 43.069497501270256], [-70.88635434546262, 43.06950613756659], [-70.88616706242567, 43.069504860346335], [-70.88608845703119, 43.06949340108071], [-70.88602737627197, 43.069486756168466]]]}, "properties": {"id": 3, "Hectares": 8.81577987716, "Acres": 3.56762504893, "Year": "2019", "LABEL": "Great Bay", "Type": 1, "Name": "Eelgrass"}}, {"type": "Feature", "geometry": {"type": "Polygon", "coordinates": [[[-70.88912443640734, 43.06796317002133], [-70.88910348880462, 43.06800785974359], [-70.88907937892817, 43.068017505124295], [-70.88905239527665, 43.06802709511699], [-70.88900867848048, 43.0680252525874], [-70.88892560545446, 43.06806140740219], [-70.88885490500678, 43.06810143592224], [-70.88879657713744, 43.06814275565749], [-70.88873824926809, 43.068177619162434], [-70.88873176437296, 43.0681863361409], [-70.88869759651065, 43.06819569652756], [-70.88865517624204, 43.0682111914077], [-70.88862689606297, 43.06823056000239], [-70.88859331335033, 43.06826154974115], [-70.88856149814886, 43.068286083273236], [-70.88854933142261, 43.06831185929609], [-70.88847395736684, 43.06835023838677], [-70.88833310279375, 43.06838048931958], [-70.88819220859091, 43.06841386069736], [-70.88812656178199, 43.0684150733625], [-70.88811608532845, 43.06842037190638], [-70.8880825026158, 43.06843328425945], [-70.88803301230243, 43.068426828083254], [-70.88802240723527, 43.06842424561257], [-70.88799412705619, 43.06843199302427], [-70.88794640425401, 43.06842941055381], [-70.88792342660851, 43.06842553684793], [-70.8879022164742, 43.068422954377205], [-70.88785626118322, 43.068419080670914], [-70.88782444598175, 43.06842682808325], [-70.88776435060123, 43.06842424561258], [-70.88773462075288, 43.068414802654715], [-70.8877236978438, 43.068411333257615], [-70.887679510064, 43.068407459550585], [-70.88762606513102, 43.068420880788636], [-70.8876004166457, 43.06842231685683], [-70.88750088821932, 43.068451574179534], [-70.88746033867619, 43.0684539440187], [-70.88744089605308, 43.06846814759915], [-70.88743645231008, 43.068470582343025], [-70.88740554582922, 43.06848751611264], [-70.88734014791513, 43.06850817585361], [-70.88731010022485, 43.06851334078775], [-70.88728869512951, 43.06851454365594], [-70.88724116728837, 43.06851721448808], [-70.88719774221822, 43.06853639623362], [-70.88696264476035, 43.06858293577678], [-70.88680424523972, 43.06859407001897], [-70.88664629751082, 43.06860244034275], [-70.88638587752915, 43.0685628775667], [-70.88630276127991, 43.06851271487953], [-70.886255734988, 43.06841084063247], [-70.8863152702617, 43.06828843768819], [-70.88662263922545, 43.06818189461242], [-70.88681333434559, 43.06813123670345], [-70.88695878616328, 43.068092078767705], [-70.88710961638274, 43.06803456919318], [-70.88714137733244, 43.06803220064242], [-70.88749489004782, 43.06801588289904], [-70.88753027660331, 43.06801311541692], [-70.88761057712752, 43.06802525258738], [-70.88767473472001, 43.06800181764117], [-70.88797211269464, 43.067978559726164], [-70.88805982537389, 43.06797915655559], [-70.88810194523894, 43.06798909775126], [-70.88826455626862, 43.06800459268363], [-70.88830609212387, 43.0680032540027], [-70.8883105115596, 43.06800459268363], [-70.88836530440653, 43.068016213880355], [-70.88843246983183, 43.06802267009979], [-70.8885084728131, 43.06802267009979], [-70.88856149814886, 43.068026543831145], [-70.88862689606297, 43.06803170880589], [-70.88865340873085, 43.06799168024027], [-70.88865340873085, 43.06796585534535], [-70.88866987413223, 43.06794939501606], [-70.88877419200199, 43.06791873629114], [-70.88889242682593, 43.06790991720935], [-70.88890494539176, 43.0679100022937], [-70.88898730122222, 43.06793784962148], [-70.8890793989123, 43.06794004625572], [-70.88911145848917, 43.067946154547975], [-70.88912443640734, 43.06796317002133]]]}, "properties": {"id": 4, "Hectares": 5.82783651249, "Acres": 2.35844540276, "Year": "2019", "LABEL": "Great Bay", "Type": 1, "Name": "Eelgrass"}}, {"type": "Feature", "geometry": {"type": "Polygon", "coordinates": [[[-70.90261608297715, 43.065573020270264], [-70.90252735973174, 43.065633279869836], [-70.90242228774179, 43.06570035382057], [-70.90240181275195, 43.065725059579364], [-70.90239856056719, 43.06573903261702], [-70.90240011815348, 43.06584012166394], [-70.90248875812782, 43.06595210641249], [-70.90252138968825, 43.06604308881044], [-70.90247842229769, 43.066104686766124], [-70.90248258828537, 43.066222295859056], [-70.90253437473676, 43.06635672557727], [-70.90252759523787, 43.066449507624114], [-70.90247900102787, 43.06651106800209], [-70.90228946125805, 43.06659437810644], [-70.90203273567204, 43.06665042221048], [-70.90177084472548, 43.0666693002872], [-70.90156001421407, 43.06665260884911], [-70.9015014630862, 43.06661180299981], [-70.90135264195276, 43.06658811669147], [-70.90124228313918, 43.066603217022326], [-70.90120890848759, 43.06660778363359], [-70.90115514831356, 43.06663217796638], [-70.90103977846655, 43.06663346896894], [-70.90095026724084, 43.06659161347417], [-70.9009288751781, 43.06657464106261], [-70.9008774816864, 43.06656224681256], [-70.90075735859146, 43.066493369530484], [-70.90067596803145, 43.06647126922407], [-70.90065460738626, 43.06645425504651], [-70.9005881908579, 43.066417759587615], [-70.90053158959209, 43.06638277183745], [-70.90047291400863, 43.06635642237591], [-70.9004679722004, 43.06634405987763], [-70.9004538404013, 43.06630870753836], [-70.90046598138335, 43.0662813901791], [-70.90052552291225, 43.06624851623251], [-70.90054415365333, 43.06621758606773], [-70.90061494064213, 43.066190083190854], [-70.90067985758407, 43.06616486094345], [-70.90075273415516, 43.06611353601894], [-70.90078278258069, 43.066098675957974], [-70.90083618156667, 43.066087751608556], [-70.90087188585315, 43.06606347596371], [-70.90089568271213, 43.06604777283216], [-70.90094315075815, 43.066026459953285], [-70.90100055953319, 43.06599656136119], [-70.90103786929666, 43.06596970074427], [-70.90107375500918, 43.06596244225464], [-70.90109317079583, 43.065940022318216], [-70.90112485794042, 43.06592627721267], [-70.90120011022738, 43.06587879710144], [-70.90129588586537, 43.06581882217149], [-70.90137455871084, 43.065776339893944], [-70.90142442005867, 43.065738737617735], [-70.9015629701166, 43.065687401531314], [-70.90160334200266, 43.065652532224334], [-70.9016345211568, 43.065641395993524], [-70.90178502573076, 43.06554143735727], [-70.90195263309724, 43.06544647650185], [-70.90214418437318, 43.065346517547724], [-70.90219849439568, 43.06533930352341], [-70.90231414969794, 43.06528670916001], [-70.90244146169522, 43.06522980022197], [-70.90263626480568, 43.06517540459886], [-70.90284999171438, 43.0651830198467], [-70.90295083187515, 43.06521876098322], [-70.90295725753829, 43.06522061169762], [-70.90314146450208, 43.065273666640714], [-70.90322082407539, 43.06529579170732], [-70.90323160480527, 43.06530487033677], [-70.90331164476969, 43.0653529914228], [-70.90340564783543, 43.065385343205214], [-70.90351322043212, 43.065433647784445], [-70.90356966157489, 43.06548161130893], [-70.90368614111041, 43.06555673510135], [-70.90369843790396, 43.065564665934154], [-70.90370179575352, 43.06559103005016], [-70.90370560688478, 43.065620953075985], [-70.90369128626517, 43.06566556066482], [-70.90363936756866, 43.06572866400932], [-70.90349178816163, 43.06576317040351], [-70.90339659679232, 43.06574303364314], [-70.9033382617344, 43.06574396031549], [-70.90325208880472, 43.06571454478455], [-70.90324773371164, 43.06571154299649], [-70.90320138646749, 43.065679597702626], [-70.9031464288469, 43.06567057882652], [-70.90308945094415, 43.06566587254683], [-70.90308278461748, 43.065666912128634], [-70.90301850991604, 43.06567693543953], [-70.90295588280551, 43.06565200291265], [-70.90289525815523, 43.065624199647566], [-70.90288979436346, 43.065621701138284], [-70.90269464321698, 43.065566553351395], [-70.90261608297715, 43.065573020270264]]]}, "properties": {"id": 5, "Hectares": 12.06431598365, "Acres": 4.88226299899, "Year": "2019", "LABEL": "Great Bay", "Type": 1, "Name": "Eelgrass"}}, {"type": "Feature", "geometry": {"type": "Polygon", "coordinates": [[[-70.67954258403714, 43.068033338294576], [-70.67955611163858, 43.06802365092381], [-70.67957429285401, 43.067999578152246], [-70.67954142919656, 43.06798811176328], [-70.67952357694939, 43.06799168539174], [-70.67950971241032, 43.06799092991313], [-70.6794995238196, 43.06798020740708], [-70.67948404520327, 43.067956826682654], [-70.67947783785021, 43.06792024183034], [-70.67948966671996, 43.06788879411734], [-70.67946081419046, 43.06785201390304], [-70.679445602088, 43.067812030334906], [-70.67944613502267, 43.06777882465791], [-70.679455030258, 43.067742346300115], [-70.67948213175943, 43.06772293834379], [-70.6795030042135, 43.067689569719114], [-70.67953368481781, 43.06767865149434], [-70.67956678755274, 43.0676752094196], [-70.67959465723513, 43.06768104127546], [-70.67961481191969, 43.06769239802473], [-70.67965633947634, 43.06769784139545], [-70.67967802136037, 43.0677243675108], [-70.67968865128388, 43.06776763255424], [-70.67966994906955, 43.06780400254502], [-70.67962878814961, 43.067828555216124], [-70.6796102190927, 43.067856623776656], [-70.67961442842208, 43.06787658625045], [-70.67962797618836, 43.06789306160405], [-70.6796616330675, 43.06790022986859], [-70.67966920119207, 43.06791606653765], [-70.679664922565, 43.067938969837826], [-70.67965281934629, 43.06795337260777], [-70.6796469799009, 43.067960321515784], [-70.67963497211036, 43.06797742309483], [-70.6796326257543, 43.068001776823436], [-70.6796458757336, 43.0680291326058], [-70.67967687354474, 43.06804198280546], [-70.67968169805559, 43.06805982299482], [-70.67965571209398, 43.068088127596894], [-70.67962966628203, 43.06810088703715], [-70.67960393154372, 43.06810730710839], [-70.67956586087864, 43.06808041048828], [-70.67955712250102, 43.06806040894435], [-70.67954258403714, 43.068033338294576]]]}, "properties": {"id": 6, "Hectares": 0.36582444595, "Acres": 0.1480441294, "Year": "2019", "LABEL": "Gerrish Island Beds", "Type": 1, "Name": "Eelgrass"}}, {"type": "Feature", "geometry": {"type": "Polygon", "coordinates": [[[-70.68237318899318, 43.066197008782446], [-70.68238565095677, 43.06620428898091], [-70.6824453949998, 43.066181752512854], [-70.6825293008504, 43.06617735186263], [-70.68259903121002, 43.06618563499435], [-70.68260807323635, 43.06618633504327], [-70.68266617207738, 43.066210850371455], [-70.68270914259548, 43.0662261304061], [-70.68275220255738, 43.06623581974364], [-70.68277965461421, 43.066267740666966], [-70.68280193386364, 43.066305208558084], [-70.68283936458421, 43.06632147343255], [-70.68286197538352, 43.06634412606202], [-70.68286600054105, 43.066351936707996], [-70.68291305559681, 43.06636661789706], [-70.68291448413119, 43.066367452424466], [-70.6830060629058, 43.0664006560224], [-70.68309079225548, 43.06640138433881], [-70.68319346602176, 43.066431981791176], [-70.68321343535396, 43.06643550945572], [-70.68324091633487, 43.06645751278091], [-70.68328632116838, 43.06645790298636], [-70.68335260021064, 43.06646359484971], [-70.68340478574626, 43.066476849022955], [-70.68346440814193, 43.066468972434365], [-70.68362087217322, 43.0665025701575], [-70.68365629776268, 43.06651970087478], [-70.68369290294734, 43.06653578103195], [-70.6837639181225, 43.0665183516133], [-70.68380578940834, 43.06652127241049], [-70.68388579383159, 43.066542448750944], [-70.68393658473828, 43.066585663207256], [-70.68393892189862, 43.06658696107366], [-70.68398347342273, 43.0665804310305], [-70.68401746874484, 43.06658773073093], [-70.68417155908648, 43.066582411795125], [-70.68423959938387, 43.06657635391087], [-70.68426656095046, 43.066589869497264], [-70.68428393432676, 43.066636513047804], [-70.68423342641746, 43.06667925279594], [-70.68415611594419, 43.06669851519548], [-70.6840695883805, 43.066727661482204], [-70.68405083602798, 43.06676735279716], [-70.68405952265464, 43.066790674587885], [-70.68403076314667, 43.06681298775347], [-70.68404209296594, 43.06683360092759], [-70.6840310571041, 43.0668812190853], [-70.68402026188512, 43.06691377206886], [-70.68399230354484, 43.06694868886968], [-70.68393662745017, 43.06700345727736], [-70.68390198027204, 43.067028271785325], [-70.68383969551635, 43.0670679161485], [-70.68380150329743, 43.06710023379695], [-70.68379441336391, 43.06711524013827], [-70.68378011312568, 43.06715278540479], [-70.68378329701599, 43.067167879991004], [-70.6837759663473, 43.067197951501605], [-70.68377230101017, 43.067212987256646], [-70.68373850280628, 43.06726112929408], [-70.68372129201286, 43.06731397893272], [-70.68372533324872, 43.067379247218916], [-70.68371439196602, 43.06742761245854], [-70.68369627209216, 43.06744795878698], [-70.68369031998654, 43.06745115255766], [-70.68368243246864, 43.06747840316739], [-70.68365789830642, 43.06751334929716], [-70.68359565302724, 43.06755048265625], [-70.6835611257905, 43.067567764469864], [-70.68349227192218, 43.06758977375814], [-70.68345322462453, 43.06760249137015], [-70.6833867747973, 43.067603599927516], [-70.68334441155523, 43.067631408537004], [-70.68332158758547, 43.06763877948927], [-70.6832671617378, 43.06765635617483], [-70.68319365026719, 43.06766596899605], [-70.6831662405605, 43.067632438481986], [-70.68316080488847, 43.067584665791074], [-70.68316011490515, 43.067578601704334], [-70.6831698670961, 43.06756373732078], [-70.68319890140702, 43.06755178655852], [-70.68322198581733, 43.067538938241384], [-70.68321214651866, 43.06751835170003], [-70.68318690769652, 43.0675069518873], [-70.68317161709652, 43.067498906949055], [-70.6831752261301, 43.067496645856], [-70.68317570787451, 43.067466515521524], [-70.6831487524631, 43.06743866057571], [-70.68312514140597, 43.06741585678125], [-70.68311172394147, 43.067398163011475], [-70.68310193184864, 43.06736794437005], [-70.68308847425232, 43.06735276145877], [-70.68308549126829, 43.067325112549305], [-70.68309951093352, 43.06730514340389], [-70.68309640750152, 43.06728502707816], [-70.68307944500962, 43.06727483645227], [-70.68308315066851, 43.067257289860045], [-70.68308608966484, 43.067241552582416], [-70.68308689647384, 43.0672372324064], [-70.68309414718703, 43.06721218266602], [-70.68307722486438, 43.067199481178626], [-70.6830299722935, 43.067187945426376], [-70.68297000698381, 43.067151919680725], [-70.6828727018709, 43.067136981115326], [-70.68280866105523, 43.06712651972872], [-70.68273260252873, 43.0671433298598], [-70.68262043787273, 43.06716286732888], [-70.68254176305585, 43.067154735468016], [-70.68242508137956, 43.067138821386976], [-70.6823364483966, 43.06711755701715], [-70.68233452849668, 43.06711777965512], [-70.68221674791357, 43.067131437817636], [-70.68212784657112, 43.06712694532484], [-70.6820621490453, 43.06710215044101], [-70.68197133248819, 43.067058501203505], [-70.6819158020539, 43.0670337937252], [-70.68182474701253, 43.067005052849886], [-70.68177950298181, 43.066972978569275], [-70.6817722081602, 43.066960553599934], [-70.68179475786125, 43.06689327631732], [-70.68186929354, 43.06681964447606], [-70.68188083754985, 43.06675315394334], [-70.68189266850567, 43.066668737832806], [-70.68186603889234, 43.066586551878714], [-70.68186414509168, 43.06648665075437], [-70.68193995098956, 43.066333634159676], [-70.68201834738441, 43.06623698509079], [-70.68208732219615, 43.066200803948256], [-70.68211079810281, 43.06616408664431], [-70.68214971394515, 43.06608657405933], [-70.68215057935645, 43.066085871728596], [-70.68217883700048, 43.06603091284339], [-70.68223508829482, 43.066008346434835], [-70.6822611586761, 43.066041068404175], [-70.68226590747804, 43.06604702880947], [-70.68231491049309, 43.06608061465731], [-70.68231409773757, 43.06613140581108], [-70.68230590603727, 43.0661667478609], [-70.68230814953245, 43.06618540532676], [-70.68233087576623, 43.066194919904916], [-70.68237318899318, 43.066197008782446]]]}, "properties": {"id": 7, "Hectares": 10.94603549031, "Acres": 4.42971024071, "Year": "2019", "LABEL": "Gerrish Island Beds", "Type": 1, "Name": "Eelgrass"}}, {"type": "Feature", "geometry": {"type": "Polygon", "coordinates": [[[-70.68400704453073, 43.06589418446227], [-70.68402886525028, 43.06589570656935], [-70.68404590793124, 43.06589118690293], [-70.6840849930472, 43.06588082163856], [-70.68412016493652, 43.06586575674586], [-70.68416248570213, 43.06584050862386], [-70.6842156115499, 43.065794864055896], [-70.68427239354152, 43.06573900625175], [-70.68432104513698, 43.065754790818765], [-70.68433814030428, 43.06577798792241], [-70.68432314739633, 43.06584188796042], [-70.6843129975095, 43.06585539706255], [-70.68422412481418, 43.06591297940969], [-70.6841485652169, 43.0659485960132], [-70.68406289183349, 43.06595234405293], [-70.68404690766091, 43.06595645095457], [-70.68403818701108, 43.06596887298925], [-70.68401536314366, 43.065993348549554], [-70.68396156688154, 43.0660257819757], [-70.68392261024128, 43.06600694375127], [-70.68392675215084, 43.065983500362904], [-70.68392877599058, 43.06597204533501], [-70.68394882899842, 43.06594549003318], [-70.68395760141198, 43.06592294977803], [-70.68390442917055, 43.065916325242206], [-70.68388167095475, 43.06593668941411], [-70.6838562732134, 43.06594675109696], [-70.6838390567359, 43.0659712747823], [-70.68383589172724, 43.06599386318974], [-70.68385535360511, 43.06600431015857], [-70.68387733375677, 43.06601072620901], [-70.68387766297597, 43.06601094726066], [-70.68387820059743, 43.06602013950318], [-70.68386653732284, 43.0660310183291], [-70.68385263855006, 43.066043454991174], [-70.68383250826432, 43.0660537384948], [-70.6838037741363, 43.06605269622667], [-70.68377203317631, 43.066051491952635], [-70.68371942534759, 43.06602366755916], [-70.68366793578389, 43.06596687996224], [-70.68368966917994, 43.065918404813125], [-70.68376046326252, 43.065860106480784], [-70.68382049288039, 43.06581964369663], [-70.68384115780935, 43.06577187630863], [-70.68387204700498, 43.065759423069295], [-70.68391087271846, 43.065741390298626], [-70.68394371546357, 43.06573602121026], [-70.68396669061042, 43.06573667400391], [-70.68397523595813, 43.06573937115081], [-70.68402317078424, 43.065762148592384], [-70.68401767064884, 43.06578819479719], [-70.68398875944955, 43.0658475886631], [-70.68397049129011, 43.065877252851884], [-70.68398705899902, 43.06589218182998], [-70.68398779099829, 43.06589284142615], [-70.6839955509812, 43.06589983385688], [-70.68400704453073, 43.06589418446227]]]}, "properties": {"id": 8, "Hectares": 0.53848248734, "Acres": 0.21791646763, "Year": "2019", "LABEL": "Gerrish Island Beds", "Type": 1, "Name": "Eelgrass"}}, {"type": "Feature", "geometry": {"type": "Polygon", "coordinates": [[[-70.69257025173721, 43.0644767944898], [-70.69256950244674, 43.064482994433675], [-70.69254457306918, 43.06452546728577], [-70.69251953101802, 43.06457505335068], [-70.69251960806564, 43.06457616425377], [-70.69251425586535, 43.064582115670724], [-70.69251598566403, 43.064646718887914], [-70.69256772567891, 43.064688137751865], [-70.69263018681465, 43.06471428094658], [-70.6927516571946, 43.064763976704], [-70.69287660493586, 43.06475112165843], [-70.69292963046183, 43.06475373450825], [-70.69299773216044, 43.06470291490054], [-70.69302345327974, 43.064672294298184], [-70.69303489572502, 43.06465799991062], [-70.69304894663206, 43.06465606349787], [-70.69308388075069, 43.064661863883906], [-70.69308775671654, 43.064715613722896], [-70.69308385885155, 43.0647411920674], [-70.69309746447884, 43.06476435818077], [-70.69314274662135, 43.06477242688146], [-70.6931669516362, 43.06478799970845], [-70.693166384299, 43.06482385099224], [-70.69312751994825, 43.0648516930117], [-70.69311342797472, 43.064859256573094], [-70.69308877714461, 43.06487185259979], [-70.69300942926262, 43.06489671720391], [-70.6929694207712, 43.06490925431265], [-70.6929250483289, 43.06493395816542], [-70.6929059864498, 43.0649445706384], [-70.6928372135691, 43.0649963010245], [-70.69287076830261, 43.06501264396446], [-70.69290933030626, 43.065067953529635], [-70.69289773856688, 43.06509335996516], [-70.69286011674883, 43.06509020551487], [-70.69284093053868, 43.06508231915356], [-70.69280608550382, 43.06507690030951], [-70.69277128101619, 43.06506892064936], [-70.69276466066567, 43.0650458139493], [-70.69276526878245, 43.06500740186557], [-70.69273757117934, 43.064991799228565], [-70.69271308239308, 43.0649941519505], [-70.6927024018559, 43.06500686679793], [-70.69270540793991, 43.06503762619128], [-70.69272932914699, 43.065071124748755], [-70.6927290048055, 43.06509161119299], [-70.69267990551675, 43.06510399904354], [-70.69263100894264, 43.065103582845566], [-70.69261462687554, 43.06511317977943], [-70.69260997359008, 43.06511353413141], [-70.69254929164586, 43.065077307843346], [-70.69252157300403, 43.06505883480269], [-70.69249765714258, 43.06503728867355], [-70.69247831043938, 43.065033566881354], [-70.69243995498934, 43.065004783632695], [-70.69241677141673, 43.0649370015686], [-70.6923642581199, 43.06488319813429], [-70.6922726009912, 43.06485040389911], [-70.69219053276096, 43.06482480542599], [-70.69216251194214, 43.064827497353875], [-70.69209066465199, 43.064814694432215], [-70.69202410248133, 43.064826933273956], [-70.69195071739044, 43.06482886935716], [-70.69189187076071, 43.06479507313028], [-70.69186823416392, 43.064743648766495], [-70.691830546094, 43.06469722699515], [-70.6918264449008, 43.064692080665274], [-70.69182943260734, 43.06465098951821], [-70.69183899506571, 43.064645585308945], [-70.69183802019893, 43.06462930638945], [-70.69184098674512, 43.064619051842904], [-70.69184385556625, 43.06461496435476], [-70.69187205515061, 43.06460492476199], [-70.69190569920424, 43.06460521135862], [-70.69190911317489, 43.06460595810878], [-70.69192244169567, 43.06459842549388], [-70.69195521525221, 43.064595277032105], [-70.69197292217223, 43.06460989589472], [-70.69202351853315, 43.06460210299637], [-70.69203238550364, 43.06457339502722], [-70.69203822082028, 43.064559052982], [-70.6920383836609, 43.06454877455044], [-70.692035710265, 43.06454052792579], [-70.6920582698814, 43.064532496213694], [-70.69210055286342, 43.06451846458453], [-70.69214290095553, 43.06450032156671], [-70.69216839446452, 43.06448409096369], [-70.69217231070053, 43.06448163674779], [-70.69217700333589, 43.06447981152527], [-70.69233706311027, 43.0644785836961], [-70.69243389654962, 43.06447784077161], [-70.69257025173721, 43.0644767944898]]]}, "properties": {"id": 9, "Hectares": 2.24337804133, "Acres": 0.90786428495, "Year": "2019", "LABEL": "Portsmouth Harbor", "Type": 1, "Name": "Eelgrass"}}, {"type": "Feature", "geometry": {"type": "Polygon", "coordinates": [[[-70.70015993140255, 43.07429879940515], [-70.70016016764197, 43.074283767883315], [-70.70015755736965, 43.07427141007213], [-70.70013809008168, 43.07426096583875], [-70.70011288532802, 43.074258696981545], [-70.70008216927147, 43.07425021368272], [-70.70004881066336, 43.07423142824987], [-70.700036738539, 43.074225080045395], [-70.70000937070968, 43.074148938981956], [-70.70001505435748, 43.0741256005938], [-70.70001439897366, 43.07412380524099], [-70.69998545854006, 43.07409391492434], [-70.69994950542629, 43.07404240474885], [-70.69991688927199, 43.07401248336118], [-70.69989893394069, 43.07398538090521], [-70.69989568177252, 43.07395840266967], [-70.69992546931388, 43.07393439864809], [-70.69997312744977, 43.073942886502124], [-70.70004207791804, 43.07400006556965], [-70.70011090145618, 43.074065328750685], [-70.70013912196167, 43.07414102924436], [-70.70014050254467, 43.07415651820444], [-70.7001494273149, 43.07416828051712], [-70.7001487086566, 43.07421400719175], [-70.70016110456461, 43.074224152938314], [-70.70020825764794, 43.07425744657138], [-70.70025270357671, 43.07428454943956], [-70.70029992136222, 43.07431373165983], [-70.70032760258383, 43.07433266672406], [-70.70034494204403, 43.074336384356585], [-70.70050444926305, 43.07443154998115], [-70.70064720838518, 43.074541706047704], [-70.70083072263235, 43.07468549645396], [-70.70101433276986, 43.0748232345514], [-70.70119319836708, 43.075000275657544], [-70.7012574848973, 43.07511279523661], [-70.70126035602729, 43.07511823801753], [-70.7013272136797, 43.075153010745126], [-70.70133823670284, 43.075165439499216], [-70.70136843709994, 43.07520681347609], [-70.701393190547, 43.07523786169474], [-70.7014091765854, 43.075291451514616], [-70.70141130314335, 43.07533464461991], [-70.70140806469632, 43.07536670033451], [-70.7014079826998, 43.075367511975315], [-70.7013992797831, 43.07538594220429], [-70.70141559966095, 43.075402282321406], [-70.70141756102191, 43.07543494515708], [-70.70141575009845, 43.07543541068061], [-70.7014271930227, 43.0754590134331], [-70.70147409124327, 43.07551600560652], [-70.70152487690034, 43.075559555172504], [-70.70159028159681, 43.07560861816273], [-70.70164487016598, 43.07564411452261], [-70.70168872712502, 43.075660654830095], [-70.70173279552809, 43.07566372152767], [-70.70178037069907, 43.07567759807917], [-70.70180221464412, 43.07569125764667], [-70.70187159154483, 43.07572148844275], [-70.70198896653092, 43.07573864847489], [-70.70208787756398, 43.07576104289558], [-70.70215746601438, 43.07577779992551], [-70.70217909875636, 43.075804933016705], [-70.70215662070143, 43.07583169430413], [-70.70209408811196, 43.075833862277605], [-70.70199128969536, 43.075824910466125], [-70.70187742133226, 43.075818560302885], [-70.70183347964965, 43.07580740950394], [-70.70180428385947, 43.07579368795181], [-70.70177120077201, 43.07579340898918], [-70.70174187815121, 43.07578777157717], [-70.70173127329927, 43.07576073139862], [-70.70168027589874, 43.07573065551568], [-70.7016331235949, 43.075689831736895], [-70.70152060891138, 43.075597250227744], [-70.7014439651498, 43.07556156777097], [-70.70134953427551, 43.07548800415803], [-70.70133567677904, 43.07543398574927], [-70.7013617122855, 43.07539357739811], [-70.70135256136156, 43.075367815812676], [-70.70130720319915, 43.075364406752875], [-70.70129064454541, 43.07536729346701], [-70.70127201610491, 43.0753630247122], [-70.70126901244089, 43.075341084263535], [-70.7012277421977, 43.07530758858609], [-70.70121301405749, 43.07528157277973], [-70.70118262008207, 43.07525253289114], [-70.70113540115825, 43.07522335102883], [-70.70111883439526, 43.07520676355663], [-70.70109398426747, 43.0751818823439], [-70.70106072168052, 43.07515693013724], [-70.70104629477873, 43.07514718894221], [-70.70104233926297, 43.075143855086175], [-70.7010090049721, 43.07510976602824], [-70.70096900382305, 43.07508054682061], [-70.70095233667762, 43.07506593721156], [-70.70091900238674, 43.07504645772744], [-70.7009056686704, 43.07502697823711], [-70.70088900152497, 43.0750050638031], [-70.70086566752136, 43.07499532405214], [-70.70086500275467, 43.07499519161978], [-70.70086186044757, 43.07499109037122], [-70.70086112007183, 43.074985293905236], [-70.70084003838491, 43.07492312923162], [-70.70077471966367, 43.07486867638305], [-70.70072748396473, 43.07483324167375], [-70.70068020599133, 43.07480050166349], [-70.70062566105865, 43.07476231013267], [-70.70057124319437, 43.07471603442167], [-70.70050951608786, 43.07466700189477], [-70.7004366769205, 43.07462326565619], [-70.70040431426756, 43.074577176096426], [-70.70035707900568, 43.074541741236665], [-70.7002732549829, 43.074495217053816], [-70.70021575468468, 43.07441118407987], [-70.70018706811868, 43.07436512550512], [-70.70016235385978, 43.07430023494413], [-70.70015993140255, 43.07429879940515]]]}, "properties": {"id": 10, "Hectares": 2.17576380199, "Acres": 0.88050173084, "Year": "2019", "LABEL": "Portsmouth Harbor", "Type": 1, "Name": "Eelgrass"}}, {"type": "Feature", "geometry": {"type": "Polygon", "coordinates": [[[-70.7059747779699, 43.08210094486572], [-70.70594821912464, 43.08210538192675], [-70.7058976675306, 43.082104957487715], [-70.70585263583548, 43.082104579375795], [-70.70581173349014, 43.08213388171821], [-70.70576715482213, 43.082163153173894], [-70.70571915254006, 43.08217622542607], [-70.70566400827448, 43.08217576231465], [-70.7056200192328, 43.08216730765039], [-70.70558338276996, 43.082158914724694], [-70.7055098992345, 43.08215560243128], [-70.70543273942515, 43.08215225920841], [-70.70538490561734, 43.08215455244577], [-70.70531860611919, 43.08216208067113], [-70.70522306490024, 43.08215858287509], [-70.70516813137378, 43.08214464593319], [-70.70511674771788, 43.08213882401257], [-70.70505082754029, 43.082122099618324], [-70.70498093606142, 43.08212420731688], [-70.70488167648978, 43.082123373057705], [-70.70485606899751, 43.08211507259998], [-70.70481964346563, 43.08209320584057], [-70.70485310938308, 43.0820692314914], [-70.70490838000292, 43.08206161083822], [-70.7049784400172, 43.08204872431045], [-70.7050630786616, 43.08204404547205], [-70.70512210979976, 43.08203106617263], [-70.70512582821958, 43.082028402346545], [-70.705089402641, 43.08200653567224], [-70.70507490828129, 43.08199293850637], [-70.70509759810638, 43.08195270309188], [-70.70513833208933, 43.081934179879525], [-70.70520505277231, 43.0818997045716], [-70.70532318412778, 43.08187039136916], [-70.70532909544163, 43.081864749887565], [-70.70539307249557, 43.08184197016901], [-70.70542903678594, 43.08183061369461], [-70.70544561930883, 43.081824709292654], [-70.70547968335677, 43.08183755358874], [-70.70549544964635, 43.08183933991555], [-70.70550472341729, 43.08182435863039], [-70.70553359003432, 43.08181300593569], [-70.70556718429943, 43.081801109425435], [-70.70560994063685, 43.081800365893464], [-70.7056476069341, 43.08179739176551], [-70.70567305713494, 43.08178772584864], [-70.70571479546432, 43.08177434226893], [-70.70572904757678, 43.081749805698514], [-70.70573275256226, 43.08172883383233], [-70.70577973843193, 43.08168754056718], [-70.70578106136728, 43.081682965156844], [-70.705800793152, 43.08164757219968], [-70.70582356003945, 43.08163453224986], [-70.70584514722428, 43.08162479017123], [-70.70586210608454, 43.08162245173444], [-70.705899878033, 43.08163547676814], [-70.70591372304187, 43.0816402509867], [-70.7059543829642, 43.08163728458792], [-70.70597232612576, 43.08161093084231], [-70.70598124654921, 43.081607908535254], [-70.70601405447061, 43.0815440616873], [-70.70604247675699, 43.08150640985632], [-70.70613866901913, 43.08145766831889], [-70.70623965632696, 43.081356503255684], [-70.7063400060261, 43.08129613784388], [-70.7064995820768, 43.081262501178955], [-70.70658704847966, 43.081263235084805], [-70.70662251164711, 43.0812839351742], [-70.7066415257798, 43.08133947304333], [-70.70665697373502, 43.081368749143884], [-70.7066604489367, 43.08140083944458], [-70.70674334827591, 43.08143942535847], [-70.70678717260331, 43.0814339636921], [-70.7068350181763, 43.081425621090396], [-70.70687161888873, 43.081373464406], [-70.70688834078962, 43.081321140973536], [-70.70696560865726, 43.081211032362454], [-70.70704562386015, 43.08117964227791], [-70.70715730845093, 43.08115726164935], [-70.70725665646381, 43.081161009323594], [-70.707331922687, 43.08117912826499], [-70.70737199681811, 43.08119423805996], [-70.70739356997264, 43.081225135760455], [-70.70745220015144, 43.081227281149815], [-70.7074779294526, 43.08121854321114], [-70.70751633901563, 43.08120549890796], [-70.70754822671827, 43.081182653351156], [-70.7075994592069, 43.081188822111834], [-70.70767609865423, 43.08119359916582], [-70.7077426634973, 43.08119333006858], [-70.70778909199565, 43.08118214190418], [-70.70785595339873, 43.08116285548022], [-70.70794310583584, 43.08114456597236], [-70.70800963195042, 43.08114677723167], [-70.70804553451961, 43.08115948219631], [-70.70805437802383, 43.08117113351986], [-70.70805480746147, 43.08120310635989], [-70.70803503825648, 43.081222911346565], [-70.7079825356241, 43.08127493517846], [-70.7079171513033, 43.081388058696355], [-70.70790486047211, 43.081411272911105], [-70.7078764848102, 43.081446010947964], [-70.70786401216081, 43.08148088223279], [-70.70779551520071, 43.081538601254714], [-70.70776098792537, 43.081544621905785], [-70.70774066985344, 43.08153814961183], [-70.70770679100102, 43.0815403465296], [-70.7076851912379, 43.081550915800065], [-70.70768405033535, 43.08155173318387], [-70.70767771817789, 43.08155383494533], [-70.70763666644571, 43.08152561142927], [-70.70761724222157, 43.0814963021348], [-70.70752539052452, 43.08152176410377], [-70.70755029834072, 43.0815731234134], [-70.70754521680318, 43.08157783148746], [-70.70751255394426, 43.081579949494916], [-70.70749665087546, 43.08157981619029], [-70.70741284148092, 43.081599516182834], [-70.70727657394109, 43.08166832534065], [-70.7071843580071, 43.081717101175876], [-70.70716764459272, 43.08173135152788], [-70.70714875410529, 43.08173165457029], [-70.70711701500421, 43.08174131176434], [-70.70708050575462, 43.081767467854604], [-70.70707306662658, 43.08181040662905], [-70.70707293828099, 43.081818629716395], [-70.70703904669676, 43.0818557857992], [-70.7069827943428, 43.08189320447181], [-70.70693896970332, 43.08189866620968], [-70.70693526687072, 43.08188114725722], [-70.7069079822929, 43.08184594261833], [-70.70690003072549, 43.08184587592396], [-70.70683623619904, 43.081856999419784], [-70.70683226041469, 43.08185696607018], [-70.70680808722, 43.08187716584303], [-70.70675599249947, 43.0819029606826], [-70.70654066284327, 43.08194195919697], [-70.70634525740013, 43.081978209871174], [-70.70624147709157, 43.08200357069463], [-70.70614176355403, 43.082023136262926], [-70.70609766555872, 43.08204608327857], [-70.70604164013923, 43.082068930145596], [-70.70600567581836, 43.08208028681183], [-70.7059747779699, 43.08210094486572]]]}, "properties": {"id": 11, "Hectares": 7.47622018862, "Acres": 3.02552363919, "Year": "2019", "LABEL": "Portsmouth Harbor", "Type": 1, "Name": "Eelgrass"}}, {"type": "Feature", "geometry": {"type": "Polygon", "coordinates": [[[-70.71068798998544, 43.08100998833493], [-70.71065249369792, 43.081050582359225], [-70.71060399045213, 43.08109599335905], [-70.71053731552708, 43.081127777134355], [-70.71046016990934, 43.08111931936644], [-70.71044688165418, 43.081124545443906], [-70.71041989656153, 43.08113686392385], [-70.71038785176398, 43.08114179131513], [-70.71035412039816, 43.08114425501063], [-70.71031701589574, 43.08113563207596], [-70.71029171737138, 43.08112208174762], [-70.71028343405209, 43.08111489733611], [-70.71024912399284, 43.081107729257084], [-70.71021790743663, 43.08106957788634], [-70.71021040932065, 43.08104036871341], [-70.7101674469745, 43.08099046054918], [-70.71011219478818, 43.08096376683157], [-70.71008499945862, 43.08092273438929], [-70.71006132646332, 43.0809108778866], [-70.71001763881242, 43.08090759800129], [-70.70996254551589, 43.08090905965544], [-70.70989874695944, 43.080895421265566], [-70.70983634393265, 43.080883102737076], [-70.70978237374732, 43.080876943471914], [-70.70971659758396, 43.08085846567266], [-70.70967949308154, 43.08083998786786], [-70.70964493802143, 43.08080128853058], [-70.70964243974696, 43.08074415484476], [-70.70968301339, 43.080692030479426], [-70.70977911082349, 43.080649114376236], [-70.70980784787682, 43.0805910616822], [-70.70982081812666, 43.080524133188106], [-70.70987386277653, 43.08043713723322], [-70.70993458656861, 43.080367693359634], [-70.70998672401427, 43.080338982769625], [-70.71008250329895, 43.08031646629996], [-70.71024171217755, 43.08030613853679], [-70.71029055370555, 43.08023368050473], [-70.71031124805833, 43.080181389759275], [-70.71042749458985, 43.08012115360354], [-70.71049928336745, 43.0801071802496], [-70.71060283219475, 43.080096386867304], [-70.71069372898141, 43.08013212209781], [-70.71076872315584, 43.08016772441045], [-70.71077197390971, 43.080214385972184], [-70.71081082461512, 43.080273003520816], [-70.7108777317421, 43.08031728215774], [-70.71097274060448, 43.08034430756227], [-70.71106854888573, 43.08039961521163], [-70.71107139309642, 43.0804104017822], [-70.71105832574652, 43.080434225537005], [-70.71106416564889, 43.08045811198761], [-70.71107765819524, 43.080471662462806], [-70.71109621044646, 43.080476589907605], [-70.7111063298562, 43.0804765899076], [-70.71110970299279, 43.08049383596121], [-70.71109283730986, 43.08050861828901], [-70.71106922535378, 43.080520936892796], [-70.71105573280745, 43.080524632473434], [-70.71104723053014, 43.080523856221575], [-70.71104335770106, 43.080531299196714], [-70.71102200144162, 43.080528328053866], [-70.711006822327, 43.0805332554941], [-70.711006822327, 43.080554197110644], [-70.7110176769675, 43.080570934348216], [-70.71102200144162, 43.08057760243827], [-70.71102200144162, 43.080589921028206], [-70.71101019546357, 43.08060100775699], [-70.71100344919041, 43.08060593519135], [-70.71097983723432, 43.08061086262535], [-70.71097386722136, 43.080611126896855], [-70.71096852780477, 43.080615334848076], [-70.71092809119895, 43.080658716865585], [-70.71087938598178, 43.08072243235335], [-70.71086009074962, 43.080734872973586], [-70.71085948740729, 43.080773683670806], [-70.71084300139293, 43.08081820102338], [-70.7108176199463, 43.080854374611256], [-70.71081728573036, 43.08087587240416], [-70.71081700293198, 43.080894062844244], [-70.71081433559816, 43.080920502820945], [-70.71076607103134, 43.08094930831032], [-70.71076425997352, 43.080966301273065], [-70.71071207703542, 43.08099792648404], [-70.71068798998544, 43.08100998833493]]]}, "properties": {"id": 12, "Hectares": 4.94467194945, "Acres": 2.00104083262, "Year": "2019", "LABEL": "Portsmouth Harbor", "Type": 1, "Name": "Eelgrass"}}, {"type": "Feature", "geometry": {"type": "Polygon", "coordinates": [[[-70.71604688630634, 43.07994261083825], [-70.71604596240974, 43.07994841233207], [-70.71604405474578, 43.07996039126676], [-70.716024476616, 43.07997225822433], [-70.71598857425677, 43.07997852155243], [-70.71595411287275, 43.07998807764353], [-70.71591532853655, 43.0799877553998], [-70.71587369606291, 43.079978660672], [-70.71586473983405, 43.079974661272566], [-70.71582628279145, 43.07995748828592], [-70.71579544740005, 43.07992551763376], [-70.7157420335616, 43.07990648255024], [-70.71571283847763, 43.079893309833516], [-70.71568578920439, 43.079868960304346], [-70.71568106732008, 43.07986286905746], [-70.71566929559332, 43.07986277122416], [-70.71564246713163, 43.07984683628177], [-70.71564490564518, 43.07983650060377], [-70.71564850347684, 43.079821251131065], [-70.7156555654815, 43.079802290070624], [-70.71566048300487, 43.079794054276576], [-70.71565013614313, 43.079778309729434], [-70.71563139994579, 43.0797540978336], [-70.71561842873226, 43.07971725362591], [-70.7156169874863, 43.07969304170592], [-70.71564148866743, 43.07966672439076], [-70.71564410475538, 43.07966587514512], [-70.71565445988098, 43.079662513619276], [-70.71569769725944, 43.07966988246917], [-70.71571787470272, 43.079679356703444], [-70.71573661090005, 43.07967304054744], [-70.71573661090005, 43.079646723223654], [-70.71571931594866, 43.0796098789514], [-70.71570778598108, 43.07957514004585], [-70.71569049102969, 43.07953829573054], [-70.71564725365123, 43.07951197834889], [-70.7156169874863, 43.079495135218714], [-70.71561530976012, 43.07949429274095], [-70.71561876706477, 43.07948278314575], [-70.71561946122785, 43.079475535542784], [-70.71563269770235, 43.079454816270285], [-70.71564557121009, 43.0793937155928], [-70.71566196957468, 43.0793617907189], [-70.71571012789933, 43.07933304444084], [-70.7158100144326, 43.079301813347904], [-70.71583382314336, 43.079304925839345], [-70.71594898122596, 43.07931462663779], [-70.716028178436, 43.07933568717551], [-70.71604742580462, 43.079376652191854], [-70.71604919294165, 43.07937886767343], [-70.71604789135753, 43.07938132682272], [-70.71605669778941, 43.07939545806237], [-70.71606992812774, 43.079394822504796], [-70.71607137416777, 43.07939475303999], [-70.71609053685538, 43.07939573917634], [-70.71611971065622, 43.079405904876474], [-70.71612960673032, 43.07942252599969], [-70.71612714627288, 43.079435736694606], [-70.71610329273533, 43.07944628883898], [-70.71609373489932, 43.07944911534975], [-70.7160829878954, 43.079468594375314], [-70.7160676145255, 43.07949799388392], [-70.71604793511504, 43.079516421609846], [-70.71602850928306, 43.07951844742756], [-70.71599425104368, 43.079514882010336], [-70.71596063313216, 43.07951758602403], [-70.71595766373865, 43.07952455365104], [-70.71593733489784, 43.07955353125902], [-70.7159487661588, 43.07958568739658], [-70.71595467954009, 43.079596126911326], [-70.7159789918187, 43.07960568368171], [-70.71599228458905, 43.079621506090824], [-70.71599759206349, 43.07964305077717], [-70.71598373677183, 43.07966360931146], [-70.71596777795706, 43.07966898914042], [-70.71596219020796, 43.07967087280929], [-70.71594516832006, 43.079677346950625], [-70.71593604186336, 43.079687293572526], [-70.7159506460931, 43.07969369376895], [-70.71595163671068, 43.079694194689296], [-70.71597364559605, 43.079689686936376], [-70.71599602106646, 43.079689872835395], [-70.71600629388763, 43.07970089418947], [-70.71597308766158, 43.079725771124906], [-70.71595062764064, 43.07973105252252], [-70.71593111719842, 43.07973854562415], [-70.71593093121174, 43.07975057368678], [-70.71594249283858, 43.07977472896327], [-70.7159603087026, 43.079780344989146], [-70.71597359874741, 43.07978920421278], [-70.7159923483939, 43.079830916815126], [-70.71598892541144, 43.07985932199486], [-70.71598573912344, 43.0798724187311], [-70.71598361146636, 43.079876926673556], [-70.71599020508684, 43.079881870801444], [-70.71602582912118, 43.07988478140572], [-70.71604176448382, 43.07991553461192], [-70.71604735936779, 43.07993964030735], [-70.71604688630634, 43.07994261083825]]]}, "properties": {"id": 13, "Hectares": 1.20490229352, "Acres": 0.48760741123, "Year": "2019", "LABEL": "Portsmouth Harbor", "Type": 1, "Name": "Eelgrass"}}, {"type": "Feature", "geometry": {"type": "Polygon", "coordinates": [[[-70.71831248863555, 43.080966445196445], [-70.71831770758705, 43.08095419811721], [-70.7183203783021, 43.0809449544399], [-70.71829242565305, 43.08094109924547], [-70.71827990107455, 43.08092539837743], [-70.7182178625456, 43.08089523836684], [-70.7181813497591, 43.08087876527646], [-70.71816041395537, 43.08084450195911], [-70.71803915021259, 43.08082031462643], [-70.71801034830305, 43.0808037460943], [-70.71796586257159, 43.08079743542648], [-70.71793912678358, 43.080795644316325], [-70.71792572257297, 43.08078952536689], [-70.71787164480641, 43.08077129554954], [-70.71785708540772, 43.08076218063883], [-70.71782172686804, 43.08074395081336], [-70.71779260807065, 43.08072724013522], [-70.71776972901557, 43.080699895379354], [-70.71776348927328, 43.08065432075912], [-70.71776348927328, 43.08062849512595], [-70.71775308970278, 43.0805996311701], [-70.71773980640099, 43.08058734192274], [-70.71767517998818, 43.08056193996669], [-70.71761685991925, 43.08052911539391], [-70.71755858151042, 43.08049359606297], [-70.71754049171678, 43.080474580500116], [-70.71757403504098, 43.08044521291025], [-70.71762930272935, 43.08043758608116], [-70.71769138209783, 43.08046505167715], [-70.71775676971954, 43.080485972362105], [-70.71777581940889, 43.080486906688755], [-70.71784313661371, 43.08050495280202], [-70.71788724698405, 43.08050531855377], [-70.71790492343199, 43.08051607753707], [-70.71797148068315, 43.08054038406025], [-70.71801099905102, 43.080558613946316], [-70.71803305443746, 43.08056805722991], [-70.71805823363474, 43.080566589582624], [-70.71809078053262, 43.0805872441803], [-70.71809275577573, 43.0805920683929], [-70.71815243320972, 43.080613303571944], [-70.7181559463094, 43.08061439409996], [-70.71820944409612, 43.08059749362461], [-70.71824980311622, 43.080603387629935], [-70.7182722960657, 43.080620252519715], [-70.71830234384561, 43.08063903318155], [-70.71831844219017, 43.0806495964507], [-70.71832994639203, 43.080651806240205], [-70.71838167569695, 43.080649320293915], [-70.71839714670885, 43.08065860491469], [-70.71839489727793, 43.080662906919386], [-70.71834946539485, 43.080675285210326], [-70.71829556596835, 43.080686954611934], [-70.71828060111405, 43.08068658117938], [-70.71824454359324, 43.080683801487744], [-70.71820397410333, 43.08068098438611], [-70.71818816944415, 43.08068168032935], [-70.71817786444099, 43.080691518260096], [-70.71818783780712, 43.08070317816895], [-70.71822155006538, 43.08071172705945], [-70.71822714146663, 43.08071177340436], [-70.71824749392087, 43.08071194209551], [-70.71826561834592, 43.08070713064234], [-70.71828135924085, 43.08071056888849], [-70.71829024289758, 43.08071973891966], [-70.71829233308489, 43.080730506537385], [-70.7182930603705, 43.08075123446141], [-70.71830040818398, 43.080762318153674], [-70.71830018342402, 43.080776889543415], [-70.71829191730164, 43.08079722358746], [-70.71827967544328, 43.08081752467951], [-70.71827202200781, 43.080820979792776], [-70.71828478272279, 43.08084728169909], [-70.718324722351, 43.08087995359975], [-70.7183685044949, 43.08090187703579], [-70.71839031245507, 43.08091822820617], [-70.71841207886598, 43.080937274101764], [-70.71842624347859, 43.08097242744065], [-70.71837427756353, 43.081004337679516], [-70.71832293506797, 43.080995826956325], [-70.71831248863555, 43.080966445196445]]]}, "properties": {"id": 14, "Hectares": 0.92504195458, "Acres": 0.37435177539, "Year": "2019", "LABEL": "Portsmouth Harbor", "Type": 1, "Name": "Eelgrass"}}, {"type": "Feature", "geometry": {"type": "Polygon", "coordinates": [[[-70.7204188013592, 43.08277584597491], [-70.72041691239463, 43.082781130282555], [-70.72044231495248, 43.08280290092933], [-70.7204825058299, 43.082819403708676], [-70.72050076310718, 43.08282763989377], [-70.72050034838635, 43.08285458719396], [-70.72045957684674, 43.08287581064043], [-70.72042628239183, 43.08288901068476], [-70.72038575966732, 43.08289406572486], [-70.72035618300929, 43.08290460142101], [-70.72032986788862, 43.08294211481215], [-70.72027426639785, 43.08297130076248], [-70.72022998429136, 43.08298171480007], [-70.72017826649991, 43.082997457461666], [-70.72011923747164, 43.08301044454802], [-70.7200750382936, 43.08301546906583], [-70.72000878100748, 43.08302031108084], [-70.7199649137806, 43.08300377771965], [-70.71994356112997, 43.08295778481952], [-70.71997760263596, 43.08289607978481], [-70.72001627748955, 43.0828524172917], [-70.72002198038531, 43.08283723110548], [-70.72005875033338, 43.08277341300367], [-70.7201075823767, 43.08270095072078], [-70.72017245230089, 43.08261987712719], [-70.7201693737774, 43.082561558668566], [-70.72015115463103, 43.08245356592413], [-70.72020387241052, 43.08238696503731], [-70.72027208964549, 43.08234672416687], [-70.7202960839247, 43.082349124471584], [-70.72032159538794, 43.08236278857331], [-70.72035912486993, 43.08237754807387], [-70.72039665435193, 43.082383873573015], [-70.7204312969507, 43.08237122257407], [-70.72045150513333, 43.082346974818805], [-70.72046041602148, 43.08233233121022], [-70.72047919170458, 43.082325119667104], [-70.72053575029977, 43.08226729433437], [-70.72055232632044, 43.08222371164226], [-70.72058819908257, 43.082216145425214], [-70.72058902890504, 43.08221483224933], [-70.72062266102132, 43.08221892625496], [-70.72066750384305, 43.08224144328104], [-70.72067563791242, 43.08225391920069], [-70.72071086604208, 43.08225708353303], [-70.72074691750879, 43.08223989366171], [-70.72077488279629, 43.08223138088592], [-70.72081928939114, 43.082188028208215], [-70.72085578911785, 43.08214169550793], [-70.72088795432167, 43.08211864416924], [-70.72096773963919, 43.082101815694934], [-70.72105552136846, 43.08208213859657], [-70.72114267557218, 43.08210326134567], [-70.72118975793424, 43.08214445548333], [-70.72122491289255, 43.08218555105297], [-70.72121841743194, 43.082216392108904], [-70.72120863327646, 43.0822244043771], [-70.7211716630292, 43.082237574268966], [-70.72114547302454, 43.082267003667035], [-70.72114856913076, 43.08230476027568], [-70.72114796734603, 43.0823056603221], [-70.72111947976735, 43.08231875377022], [-70.72108351800117, 43.08233011520024], [-70.72104742174908, 43.0823502194572], [-70.72105908030478, 43.0823678037017], [-70.72105461140737, 43.0823998279198], [-70.72105098768681, 43.08240371648276], [-70.72103921003266, 43.08240588456086], [-70.72103577806392, 43.082410294824165], [-70.7210343415646, 43.08241620111984], [-70.72104484171513, 43.08241855941527], [-70.72104574024499, 43.08241876122174], [-70.72105573276703, 43.08242525514684], [-70.72106103885379, 43.08243023080146], [-70.72106365397504, 43.08243518421819], [-70.72106354779211, 43.082442087868856], [-70.72105806725972, 43.082448453926155], [-70.72104856544456, 43.0824538003904], [-70.72103774848289, 43.08245716326311], [-70.7210303103989, 43.08245956769711], [-70.72102829525905, 43.082461011853574], [-70.72102622843896, 43.08246249304674], [-70.72102547226419, 43.082467911783965], [-70.72102472830045, 43.08247408939645], [-70.72102470091964, 43.08247431675699], [-70.72102451045032, 43.082474588287084], [-70.72102259769753, 43.08247731507753], [-70.72098677598385, 43.08250041610587], [-70.7209750901286, 43.08250645667275], [-70.72097428843735, 43.08251483411687], [-70.7209792946085, 43.0825199581449], [-70.7209815748267, 43.08252229204437], [-70.72099022187328, 43.08252877485534], [-70.72098871710055, 43.08253911921123], [-70.72098114247142, 43.0825503997638], [-70.72097317979616, 43.082550782593614], [-70.72096681379001, 43.082564150024105], [-70.72094083184093, 43.08257574673669], [-70.72093217119124, 43.08258945193968], [-70.72093072774962, 43.08259788590922], [-70.72093217119124, 43.082609482615446], [-70.72092495398316, 43.082622133565195], [-70.7209090761254, 43.08262424205657], [-70.72090618924216, 43.082615808090644], [-70.72089897203408, 43.08261475384484], [-70.72088453761792, 43.08260948261544], [-70.72085999911047, 43.082607374123555], [-70.72084123436947, 43.08260737412357], [-70.72083739632943, 43.08260737412384], [-70.72082864683335, 43.08261364443316], [-70.72082323069853, 43.08261359966392], [-70.7208216510427, 43.082620137479786], [-70.72080763766093, 43.0826283254366], [-70.72079082160278, 43.08262218446909], [-70.72077743355224, 43.08261322109903], [-70.72076503324304, 43.082613118593386], [-70.72074895049042, 43.08262464424419], [-70.72074479528418, 43.0826362684937], [-70.72072455730999, 43.08265941839019], [-70.7206910533161, 43.082679418648326], [-70.72067316426208, 43.08268030517091], [-70.72063925972762, 43.08268415959644], [-70.72061772535683, 43.082690597122046], [-70.7205938458531, 43.08270280387251], [-70.72058573332933, 43.082716794871374], [-70.72058610092047, 43.08273096353215], [-70.7206001796197, 43.08274548018825], [-70.72061605747746, 43.082770782028966], [-70.72062327468555, 43.082788704159796], [-70.72061605747746, 43.082807680527914], [-70.72060595338615, 43.08281189749783], [-70.72058718864515, 43.08281084325538], [-70.72056986734577, 43.08280873477044], [-70.72055543292961, 43.082808734770424], [-70.72052656409731, 43.08280240931515], [-70.72050924279793, 43.08279608385922], [-70.72048614773209, 43.08279081264546], [-70.72045583545817, 43.0827771074875], [-70.7204511253326, 43.08277407208527], [-70.72042914874488, 43.08277504019569], [-70.72042012448662, 43.08277496557039], [-70.7204188013592, 43.08277584597491]]]}, "properties": {"id": 15, "Hectares": 2.87262231469, "Acres": 1.16251080095, "Year": "2019", "LABEL": "Portsmouth Harbor", "Type": 1, "Name": "Eelgrass"}}, {"type": "Feature", "geometry": {"type": "Polygon", "coordinates": [[[-70.72739205564939, 43.082858158835016], [-70.72742395260362, 43.08286393711157], [-70.72744649137867, 43.08287802082824], [-70.72744855220633, 43.08290861491727], [-70.72741658545289, 43.08293244363553], [-70.7273430073862, 43.08294944470036], [-70.72725298376062, 43.082967237286375], [-70.72714899998701, 43.082988621504576], [-70.72712231542229, 43.08299766821415], [-70.72707395959904, 43.08301858252338], [-70.72701953886485, 43.083022768550705], [-70.72701458852723, 43.08302230039429], [-70.72697372591476, 43.0830286051125], [-70.72691815264315, 43.08302231942202], [-70.72684623034934, 43.083045045925296], [-70.72678333580262, 43.083065825301325], [-70.72669723053737, 43.083066807928816], [-70.7266844924977, 43.08306607825296], [-70.72663144348925, 43.08304911091749], [-70.7266160301277, 43.083016923144704], [-70.72659226395992, 43.08301089859635], [-70.72654455337961, 43.083010506619885], [-70.72654101617746, 43.08301176686343], [-70.7265362032643, 43.08301000927188], [-70.72650634606558, 43.08302040634012], [-70.7264619235619, 43.08303208689758], [-70.72638370023657, 43.08302217832775], [-70.72635370547947, 43.08299969390347], [-70.72633754335122, 43.08298195604985], [-70.7263197563405, 43.08295513299509], [-70.72630100299511, 43.08294283040683], [-70.7262939388189, 43.0829239068404], [-70.72629751727025, 43.08291269835917], [-70.72630974785694, 43.082898335341184], [-70.72632768404522, 43.08288273086186], [-70.72632800203111, 43.082882150844846], [-70.72633678675476, 43.082866127207794], [-70.72632832171912, 43.08284103995687], [-70.72630593909679, 43.08281676491227], [-70.72627617120783, 43.08277945703516], [-70.72626269293781, 43.08275154883578], [-70.72628825528274, 43.08273322729354], [-70.72630086639901, 43.08273518409503], [-70.72633456782584, 43.082763258480696], [-70.72637555540012, 43.082810850931075], [-70.72638644915959, 43.082842444203315], [-70.72643893988761, 43.08288179192573], [-70.72646271405226, 43.082897739148905], [-70.72647171148682, 43.08290352153303], [-70.72648023932265, 43.08290900211834], [-70.72649952178756, 43.08289940313119], [-70.72650728970349, 43.08290003704708], [-70.7265102049293, 43.08289848855062], [-70.72651049660347, 43.08289833362043], [-70.72652834617068, 43.082899336445074], [-70.72653410054757, 43.082901227706714], [-70.72655580704331, 43.08290836186605], [-70.72656953747963, 43.08291036751497], [-70.72658738704683, 43.08290635621705], [-70.72660337483386, 43.08289545774165], [-70.72660798270131, 43.08289231667227], [-70.72662995139942, 43.08289031102277], [-70.72663564928227, 43.08289123581026], [-70.72665466618479, 43.08289432232173], [-70.72668075401378, 43.08289532514642], [-70.7266944844501, 43.0828973307958], [-70.72671782619183, 43.082895325146424], [-70.72672886291117, 43.08288877570875], [-70.72675714641036, 43.08288983777391], [-70.72678112498147, 43.082885527583876], [-70.72679950301928, 43.08287546055743], [-70.7268310544968, 43.082881472072174], [-70.72687220859792, 43.08287546055743], [-70.72693942696309, 43.082866443284225], [-70.7269623859579, 43.08286861333259], [-70.72696714400281, 43.082863266020375], [-70.72699614429922, 43.082862654168075], [-70.72705185105681, 43.082860196966884], [-70.72707974278232, 43.08285881318646], [-70.72708442884145, 43.0828612290974], [-70.72711463580136, 43.082861229097404], [-70.72713385841219, 43.0828612290974], [-70.72714621580488, 43.0828612290974], [-70.72719015320108, 43.08286524039828], [-70.7272181338885, 43.08286033572073], [-70.72722655807812, 43.08286009627405], [-70.72726193109466, 43.08285909083505], [-70.72728378330994, 43.08287274559843], [-70.72730821730602, 43.08287679374286], [-70.72731741285224, 43.08288715366543], [-70.72736549954718, 43.082883842082836], [-70.72737207408015, 43.0828672175929], [-70.72737784140261, 43.082860153573165], [-70.72738109157876, 43.08285617264207], [-70.7273894948267, 43.08285769493005], [-70.72739205564939, 43.082858158835016]]]}, "properties": {"id": 16, "Hectares": 0.88242994901, "Acres": 0.35710728193, "Year": "2019", "LABEL": "Lower Piscataqua River South", "Type": 1, "Name": "Eelgrass"}}, {"type": "Feature", "geometry": {"type": "Polygon", "coordinates": [[[-70.72386095834698, 43.08344476731495], [-70.72386065013127, 43.08345078091637], [-70.72384762880476, 43.08346029116566], [-70.72384522658216, 43.083464969795465], [-70.72384009239336, 43.08347496926942], [-70.72383255598197, 43.08348781260733], [-70.7238275317077, 43.083500655942565], [-70.72381245888491, 43.08350432546643], [-70.72379236178784, 43.08350065594257], [-70.7237823132393, 43.08349148213197], [-70.72377112820125, 43.08347208053224], [-70.72376592349882, 43.08347293302919], [-70.72374425714467, 43.08345963856899], [-70.7237396962579, 43.08345542818943], [-70.7237388200145, 43.08345009508233], [-70.72373737081955, 43.08343845231333], [-70.72371998048037, 43.083427867975956], [-70.72370114094625, 43.08342257580657], [-70.72368519980199, 43.0834204589387], [-70.72368474174367, 43.08342043181334], [-70.72367338368427, 43.08341387745374], [-70.72364792027803, 43.083388893085484], [-70.72364240345259, 43.08335970112462], [-70.72364658051539, 43.08334661962607], [-70.72367059237116, 43.08333661623808], [-70.72367854417008, 43.08333668176896], [-70.72370827401691, 43.083342756067225], [-70.72373757923565, 43.08337651602921], [-70.72375911146725, 43.08339855333418], [-70.72380043384848, 43.08342658300491], [-70.72382422223964, 43.08343115099103], [-70.72384597798806, 43.08343861687373], [-70.72386095834698, 43.08344476731495]]]}, "properties": {"id": 17, "Hectares": 0.07873824234, "Acres": 0.03186428536, "Year": "2019", "LABEL": "Lower Piscataqua River South", "Type": 1, "Name": "Eelgrass"}}, {"type": "Feature", "geometry": {"type": "Polygon", "coordinates": [[[-70.72453962811676, 43.083866862933334], [-70.72449895315633, 43.08384430433625], [-70.72443095447863, 43.08382706597262], [-70.7243769020805, 43.08380716267295], [-70.7243569768203, 43.083787540391754], [-70.72432428409863, 43.08377615219075], [-70.72429018540605, 43.08377401820958], [-70.7242819918356, 43.083773950729984], [-70.72423679362785, 43.08376132061154], [-70.72421128836854, 43.08375527321768], [-70.724206981023, 43.08375345828544], [-70.72415953797281, 43.08373557962098], [-70.72408859686091, 43.0836941901812], [-70.72407307297374, 43.083669287783806], [-70.72405942535009, 43.08365168746378], [-70.72405547177168, 43.083650197570776], [-70.72402565237056, 43.083649951923896], [-70.72398200662398, 43.08364376306523], [-70.72395839689172, 43.083627537986224], [-70.72394262728447, 43.08361866411838], [-70.7239250484824, 43.08359811674502], [-70.72392940426067, 43.083573378111275], [-70.72395946940864, 43.083557595235845], [-70.72400546053659, 43.08354048622906], [-70.72402927133005, 43.08354359703235], [-70.72404095330647, 43.08355972383893], [-70.72404141782393, 43.08356063968518], [-70.7240596249343, 43.08356581605576], [-70.72408498779971, 43.08359028063857], [-70.72411390313079, 43.08362285969634], [-70.7241941640543, 43.08366394688332], [-70.7243293231877, 43.083721656566574], [-70.72447183537733, 43.08377942663558], [-70.72461075401982, 43.08383177679638], [-70.72468834774607, 43.08386677625645], [-70.72477499439111, 43.08389040181343], [-70.72488368401103, 43.083925329856136], [-70.72491622559177, 43.083941326795795], [-70.72494867124745, 43.08394715049651], [-70.72503034683498, 43.08397932639582], [-70.72514737114858, 43.08401457283934], [-70.72525300565837, 43.08405065203793], [-70.72532094807617, 43.084071595773224], [-70.72538000017066, 43.08409524607801], [-70.72541757893832, 43.084117793138354], [-70.72542239802465, 43.08412120498362], [-70.72544455969012, 43.0841270111234], [-70.72552122825496, 43.08416267768329], [-70.72561235511549, 43.084214633534486], [-70.72575474594204, 43.08428048622294], [-70.72582786216867, 43.08430803814881], [-70.72582381456724, 43.0843322605214], [-70.72580171471674, 43.0843347738814], [-70.72575788620485, 43.084315547987956], [-70.72571773415311, 43.08429635230992], [-70.72568113481661, 43.08428527105119], [-70.72564825317313, 43.08427152528175], [-70.72557893725597, 43.08423591927864], [-70.72546575183966, 43.0841837819633], [-70.72541123991502, 43.0841598693855], [-70.72537809527184, 43.08414532990544], [-70.72532610459807, 43.084132150249616], [-70.72525612710864, 43.08410208661542], [-70.72518656575188, 43.08407774290039], [-70.72517774610506, 43.08407659775634], [-70.72511151168906, 43.08404485494297], [-70.7250460547467, 43.08402671127881], [-70.72499447314816, 43.08401053492663], [-70.72491651848958, 43.08398302252982], [-70.72487502034183, 43.083968782273416], [-70.72483105104726, 43.08395081533895], [-70.72478828897147, 43.08393656464778], [-70.72476553751171, 43.08393637737165], [-70.7247650537166, 43.083936469818475], [-70.72475777053074, 43.08393379819895], [-70.72471976618228, 43.08391622147754], [-70.72465759756592, 43.08389414911413], [-70.72459898151881, 43.083880191183106], [-70.72453962811676, 43.083866862933334]]]}, "properties": {"id": 18, "Hectares": 0.57230693056, "Acres": 0.23160475529, "Year": "2019", "LABEL": "Lower Piscataqua River South", "Type": 1, "Name": "Eelgrass"}}, {"type": "Feature", "geometry": {"type": "Polygon", "coordinates": [[[-70.72685469842806, 43.08457979028603], [-70.72685808785117, 43.08457068584923], [-70.72684929661881, 43.08456690732166], [-70.72684155540475, 43.084567113825244], [-70.72682273879734, 43.084567615772315], [-70.72676485051386, 43.08455046183774], [-70.72675947192008, 43.084545419069464], [-70.72674778687771, 43.084542367176994], [-70.72666478145484, 43.08450962418558], [-70.72661087615914, 43.084498801431046], [-70.72656114781135, 43.0844792948812], [-70.72651080106876, 43.08446498251983], [-70.7264767585835, 43.08445914332888], [-70.72647014138072, 43.08445793090509], [-70.72645028582271, 43.0844542929075], [-70.72644163632853, 43.08444124970565], [-70.7264469047952, 43.08442739428432], [-70.72645833729875, 43.084423781899325], [-70.72650259078938, 43.08442321892773], [-70.72655797925185, 43.08443849929556], [-70.7265748539228, 43.08444460776682], [-70.72658940876742, 43.084449876479944], [-70.72661558442563, 43.084457633131166], [-70.7266183528327, 43.08445845349472], [-70.7266197052032, 43.08445939484964], [-70.72669890445076, 43.08449325413384], [-70.72681834856346, 43.08452309794994], [-70.72684734233813, 43.084532983627575], [-70.72693425705151, 43.08457013056552], [-70.72702329349703, 43.084598550913206], [-70.72703517690779, 43.08460156314549], [-70.72705280158202, 43.08461919576663], [-70.72705059087257, 43.0846337508588], [-70.72701876070279, 43.08463494680458], [-70.72698306591083, 43.0846288243821], [-70.72694145169507, 43.08461973868638], [-70.72688802091263, 43.084603269304544], [-70.72686829691904, 43.08459290603885], [-70.72685469842806, 43.08457979028603]]]}, "properties": {"id": 19, "Hectares": 0.13193815456, "Acres": 0.05339355924, "Year": "2019", "LABEL": "Lower Piscataqua River South", "Type": 1, "Name": "Eelgrass"}}, {"type": "Feature", "geometry": {"type": "Polygon", "coordinates": [[[-70.72756284059362, 43.08480034947312], [-70.7274943517333, 43.08479272974183], [-70.72747118718505, 43.08478300222086], [-70.7274460301828, 43.084778357816816], [-70.72734691970122, 43.084758599048875], [-70.72725783833755, 43.08473309323367], [-70.72722426506593, 43.084718244356345], [-70.72721850148615, 43.08470508111636], [-70.72723650478669, 43.084697942300494], [-70.7272801961618, 43.08470121564325], [-70.72739114545386, 43.084726900947295], [-70.72757151894515, 43.08476335719935], [-70.72773404517187, 43.08479675207263], [-70.72789473934097, 43.08481993041292], [-70.72794234009062, 43.08482760754951], [-70.72796282303561, 43.08482712306548], [-70.72797255797718, 43.08483818282672], [-70.72797832842114, 43.084839957313704], [-70.72798662829703, 43.08484124499266], [-70.72801564347718, 43.084845189333585], [-70.7280433239429, 43.084853755622284], [-70.72804441818509, 43.084864883566844], [-70.72801223825888, 43.08486461959534], [-70.72799385857529, 43.08486446882298], [-70.72795975913313, 43.08486233592892], [-70.72791181239285, 43.08485638309936], [-70.72790462120814, 43.08485594726055], [-70.72787441429472, 43.0848489101517], [-70.72775732253248, 43.084834833511515], [-70.72765416908332, 43.084819413809214], [-70.72756284059362, 43.08480034947312]]]}, "properties": {"id": 20, "Hectares": 0.16100514203, "Acres": 0.06515656989, "Year": "2019", "LABEL": "Lower Piscataqua River South", "Type": 1, "Name": "Eelgrass"}}, {"type": "Feature", "geometry": {"type": "Polygon", "coordinates": [[[-70.72282147414387, 43.079542635995494], [-70.72281430909818, 43.07956405350584], [-70.72276676622803, 43.07958443400375], [-70.72272370897612, 43.07958963831029], [-70.72270603535262, 43.07960230529039], [-70.72268204876092, 43.079602107412626], [-70.7226395178957, 43.079599155733746], [-70.72262959388266, 43.07955225932568], [-70.72264442295446, 43.07951076874577], [-70.72268023666048, 43.07946726702367], [-70.72268147261467, 43.079448160432236], [-70.72274260625974, 43.07940027211887], [-70.72276706433003, 43.07938740819447], [-70.72278004331639, 43.07938712936848], [-70.7228068152061, 43.07937836360647], [-70.72281306605169, 43.07936799585041], [-70.7228514658329, 43.07933680881255], [-70.72293464545771, 43.0793298829043], [-70.72293639110714, 43.0793291782774], [-70.72296439369653, 43.07931895160857], [-70.72301106467886, 43.07931383827352], [-70.72304606791559, 43.07931383827352], [-70.72309148414278, 43.07929891069537], [-70.72327986130298, 43.07931959322829], [-70.72331669058468, 43.079334991485204], [-70.72335727706579, 43.07934459274917], [-70.72339516524352, 43.07934696434298], [-70.72339946636758, 43.079346684825715], [-70.72341010157766, 43.07935304049801], [-70.72342643642146, 43.07938542492539], [-70.72343577061794, 43.07941269600889], [-70.72344252016592, 43.079417625931335], [-70.72344168017743, 43.07942506779322], [-70.72343355684397, 43.079460210929234], [-70.72338479041376, 43.079507991172036], [-70.72333608068114, 43.07951195630619], [-70.72332228642772, 43.079498153423344], [-70.7232868906193, 43.079492659998934], [-70.72325871115113, 43.07949990947178], [-70.72322321299693, 43.07949368695753], [-70.72319566356798, 43.079476781345534], [-70.72317044287907, 43.079472867068986], [-70.72314910960296, 43.079483973399164], [-70.72314241010135, 43.07948746122921], [-70.72312707296105, 43.079498453742104], [-70.72309398464763, 43.079513006203676], [-70.72305589767647, 43.07952381110917], [-70.72302803547186, 43.07952728767013], [-70.72299869887021, 43.07951794688864], [-70.7229955516672, 43.07951886661569], [-70.72295310066863, 43.07951071409698], [-70.72291435690107, 43.07949218890822], [-70.72289327111983, 43.07947901096177], [-70.72283308236996, 43.079470712100225], [-70.72279389954667, 43.07948079213202], [-70.72277946978767, 43.07949627795035], [-70.72278914219063, 43.07952109139563], [-70.72279637604296, 43.07953176829057], [-70.72281123284692, 43.07953804869154], [-70.72282147414387, 43.079542635995494]]]}, "properties": {"id": 21, "Hectares": 0.74389126701, "Acres": 0.30104257988, "Year": "2019", "LABEL": "Portsmouth Harbor", "Type": 1, "Name": "Eelgrass"}}, {"type": "Feature", "geometry": {"type": "Polygon", "coordinates": [[[-70.72860529150906, 43.07602108500964], [-70.72859363846408, 43.07607461131177], [-70.72857447347748, 43.07616808333316], [-70.72855590350511, 43.076222548088936], [-70.72851943790533, 43.07628726936155], [-70.72851146792922, 43.07630049162057], [-70.72850670593667, 43.07630334842729], [-70.7284935694217, 43.07630643920336], [-70.72847170243693, 43.07631762063501], [-70.72845760051992, 43.07632772965751], [-70.72845892476577, 43.07634250944581], [-70.72847581383157, 43.07635287256348], [-70.72847790794748, 43.07635412908377], [-70.72849117068367, 43.076362087044764], [-70.72850651021024, 43.076372437453514], [-70.72851088157927, 43.07639065043813], [-70.72849651969635, 43.076417798407626], [-70.72848178088906, 43.076438126855386], [-70.72849219013176, 43.07649842399204], [-70.72846875619345, 43.07651072864712], [-70.7284377997863, 43.07650820268871], [-70.72840123446211, 43.07646700429821], [-70.72838180091375, 43.07642026601535], [-70.72837777623192, 43.076379334437085], [-70.72837986308916, 43.07634413332967], [-70.72837568242, 43.076313425116105], [-70.72838386347188, 43.0762850904088], [-70.72838125438105, 43.07626353099081], [-70.72835845713182, 43.07622353421428], [-70.72833704081565, 43.07620518145389], [-70.72832061638096, 43.076188747929415], [-70.72831891760482, 43.07617523460476], [-70.72836012107531, 43.0761144849827], [-70.72840862488232, 43.07608420876586], [-70.72842937553682, 43.07604461640144], [-70.72843911173544, 43.076035410827025], [-70.72844217048699, 43.07601859166264], [-70.7284688246372, 43.07599836091263], [-70.72848891667445, 43.07600193385994], [-70.72849962650412, 43.07600296518433], [-70.72850701373999, 43.076001894800044], [-70.72851682622158, 43.075993356498145], [-70.7285427512443, 43.075980991241266], [-70.72859287453065, 43.07599369756898], [-70.72860529150906, 43.07602108500964]]]}, "properties": {"id": 22, "Hectares": 0.43842417112, "Acres": 0.17742424116, "Year": "2019", "LABEL": "Portsmouth Harbor", "Type": 1, "Name": "Eelgrass"}}, {"type": "Feature", "geometry": {"type": "Polygon", "coordinates": [[[-70.73973178938125, 43.07923659465849], [-70.73972952383471, 43.07923213014089], [-70.7397298055098, 43.079213445627964], [-70.73976679433775, 43.079210650023924], [-70.73978040104744, 43.0792063806667], [-70.73984027086445, 43.07920107698235], [-70.73993846682627, 43.079197737560676], [-70.74006701836458, 43.07920125943799], [-70.74017415088916, 43.07920378080282], [-70.74031161412994, 43.079214817077066], [-70.74041641601083, 43.079222281024975], [-70.74049182832866, 43.07923364173459], [-70.74056029847785, 43.079256523457246], [-70.7405734033781, 43.0792810882735], [-70.74057613158207, 43.07928444348576], [-70.74059983674002, 43.07930116363379], [-70.74061764929189, 43.07933903884814], [-70.74060162868011, 43.07934924782131], [-70.74058423923127, 43.07936032906563], [-70.7405585061606, 43.07936012080142], [-70.74052178522116, 43.079357128523995], [-70.74048126635873, 43.07936219072111], [-70.74042596168921, 43.079372523371966], [-70.74037073819414, 43.079377466501974], [-70.7402971745202, 43.07937956605556], [-70.74026433274176, 43.07936312972186], [-70.74024251943638, 43.07934678266713], [-70.74023537014371, 43.079333249407355], [-70.74020608274631, 43.07932492706055], [-70.7401837416126, 43.0793436117038], [-70.7401826145428, 43.07934897144478], [-70.74017978122862, 43.07936244516703], [-70.74016850913969, 43.0793785243535], [-70.74012075975023, 43.079375442652], [-70.74011361048127, 43.07936190938491], [-70.74011413367357, 43.07932718992948], [-70.74011413837894, 43.07932687767679], [-70.7401257353278, 43.07928924052113], [-70.7400784733177, 43.07925382184096], [-70.73997554122958, 43.07925298829611], [-70.73996774218595, 43.07928257096739], [-70.73994160300244, 43.079309310031526], [-70.73991591057393, 43.07930640687636], [-70.73989413799926, 43.07928736500947], [-70.73987604158478, 43.07926835291288], [-70.73985770146979, 43.07926550929321], [-70.73984244121945, 43.079265385691976], [-70.7398424232478, 43.07925447826129], [-70.73978171453075, 43.079246869876485], [-70.73973178938125, 43.07923659465849]]]}, "properties": {"id": 23, "Hectares": 0.50804308142, "Acres": 0.20559805808, "Year": "2019", "LABEL": "Lower Piscataqua River South", "Type": 1, "Name": "Eelgrass"}}, {"type": "Feature", "geometry": {"type": "Polygon", "coordinates": [[[-70.74556661691187, 43.07647447615936], [-70.74561062784903, 43.07647923705625], [-70.74562910985652, 43.076472915810335], [-70.745660548602, 43.07647509141185], [-70.74574549987605, 43.07642944459869], [-70.74579611134556, 43.07639860321195], [-70.74582605649692, 43.07639313489597], [-70.74584798853023, 43.076387794858036], [-70.74585811002218, 43.07638533046324], [-70.74586452072725, 43.07638533046323], [-70.74587520523568, 43.07641030464451], [-70.74587520523568, 43.07642747438822], [-70.74586452072725, 43.07645557032212], [-70.74586238382557, 43.07646025297653], [-70.74584101480872, 43.076533614515355], [-70.74582415602342, 43.07655085462614], [-70.74581906546842, 43.07658138302714], [-70.74572980864639, 43.07663317264594], [-70.74561985728573, 43.07666008600921], [-70.74558629295879, 43.07665054973673], [-70.7454566187662, 43.07658773182935], [-70.7453863878295, 43.076494505354766], [-70.74527875029061, 43.07636700191964], [-70.74518717789446, 43.076292135687865], [-70.74515421548014, 43.07624245100827], [-70.74515884485884, 43.076214689970215], [-70.74522662078454, 43.07619052613926], [-70.7452727770983, 43.07620325261243], [-70.74529791541792, 43.076212721132364], [-70.74533007180418, 43.076212980047266], [-70.74534545844934, 43.07623255622274], [-70.74539261624189, 43.076242060758474], [-70.74542783043674, 43.07624395897641], [-70.74543241584357, 43.076244206151536], [-70.74544207187917, 43.07626435857231], [-70.74543909063912, 43.076297184053], [-70.7454283213464, 43.07631128694953], [-70.745423854818, 43.07631713607681], [-70.74541841171427, 43.07634811676551], [-70.74545008775327, 43.07639399605882], [-70.745477595585, 43.07641674439234], [-70.74552139956751, 43.07645296921329], [-70.74556661691187, 43.07647447615936]]]}, "properties": {"id": 24, "Hectares": 0.6954183408, "Acres": 0.28142625232, "Year": "2019", "LABEL": "Lower Piscataqua River South", "Type": 1, "Name": "Eelgrass"}}, {"type": "Feature", "geometry": {"type": "Polygon", "coordinates": [[[-70.74488003257804, 43.07604117737183], [-70.74489223046062, 43.07604817801986], [-70.74489223046062, 43.07605129981023], [-70.74488046515323, 43.07606562304712], [-70.74487940905051, 43.076066908759806], [-70.7448665876404, 43.07607627412765], [-70.74483667101681, 43.0760825177054], [-70.7447832484747, 43.07607627412766], [-70.74472190009773, 43.076068432074166], [-70.74465163600442, 43.07604072562615], [-70.74456802744588, 43.07599681008672], [-70.74437178403198, 43.07587785785416], [-70.74432076408328, 43.07585608284152], [-70.74429176108717, 43.07583121319799], [-70.74418918980629, 43.075795312469964], [-70.74412721965744, 43.07577970345118], [-70.74405242809847, 43.07577502074479], [-70.74401659963873, 43.07577231342025], [-70.743994216477, 43.07578029335376], [-70.74394983688009, 43.07580756440137], [-70.74389310305382, 43.075820921355515], [-70.74383336702819, 43.07582504443621], [-70.74378325938706, 43.07581543068979], [-70.74375206304653, 43.07580136463316], [-70.74373708680169, 43.07575289326651], [-70.74377228722018, 43.075709431410615], [-70.7438012759721, 43.07566131463], [-70.7438486922422, 43.07564097535408], [-70.74389590121126, 43.07563444883749], [-70.74394932179467, 43.075632577206875], [-70.74401499293123, 43.07565152600544], [-70.74404919145756, 43.07567482583057], [-70.74407683298607, 43.07571649204708], [-70.74411780400963, 43.075738191987625], [-70.74419253166099, 43.07574977615172], [-70.74426426687629, 43.07577089543475], [-70.74427893967706, 43.075787507961074], [-70.74436441574446, 43.07583277409874], [-70.74447266287002, 43.075859627771706], [-70.74447767153376, 43.07586087030529], [-70.74447848096096, 43.07586157980077], [-70.74448835604218, 43.07587023570462], [-70.74450972505903, 43.07589677099495], [-70.74454391548599, 43.07591550178118], [-70.74461015943822, 43.07593891525594], [-70.74463944408576, 43.07594449550514], [-70.74465930817698, 43.075948280643345], [-70.74467096778393, 43.0759573651768], [-70.74469136170225, 43.07597325500274], [-70.7447127307191, 43.0759919857656], [-70.74474787221529, 43.07600553332842], [-70.74477625645407, 43.07600715037754], [-70.74482092480822, 43.07601663509295], [-70.7448631313552, 43.07602427498816], [-70.74488030940144, 43.07604083810899], [-70.74488003257804, 43.07604117737183]]]}, "properties": {"id": 25, "Hectares": 0.53666506752, "Acres": 0.21718098279, "Year": "2019", "LABEL": "Lower Piscataqua River South", "Type": 1, "Name": "Eelgrass"}}, {"type": "Feature", "geometry": {"type": "Polygon", "coordinates": [[[-70.74323092601928, 43.0754343868669], [-70.74316535255862, 43.0754109997502], [-70.74308563404641, 43.075388735436626], [-70.74297026918346, 43.075355372869616], [-70.74288844441902, 43.07533309141645], [-70.74277907417185, 43.07532139796767], [-70.74263808482502, 43.07531099344211], [-70.74254737056688, 43.07531952698546], [-70.74243093857905, 43.07535719541248], [-70.74234809278104, 43.07540285677898], [-70.74232040785601, 43.075422709711894], [-70.74221024831267, 43.07546351728356], [-70.74210217181071, 43.07550588593044], [-70.74202175702915, 43.07552994578505], [-70.74199666594134, 43.075517388224455], [-70.74200541661249, 43.07549583801976], [-70.74203321776048, 43.07546826434681], [-70.74209493023282, 43.07542706551031], [-70.7421182631396, 43.0754164435764], [-70.74223092367323, 43.07534940232733], [-70.74238534051877, 43.07530740787258], [-70.742482652443, 43.0752803955291], [-70.74260318102449, 43.075250481886705], [-70.74274236542995, 43.07524079531563], [-70.74286858668006, 43.07525262484054], [-70.74291462581097, 43.07527307307587], [-70.74299647369925, 43.07529381034585], [-70.74308670084689, 43.07531770389069], [-70.74317472891195, 43.075347757021746], [-70.74318885921927, 43.075352585856564], [-70.74319553052284, 43.07536294118015], [-70.74320621503128, 43.07537542848043], [-70.74324040545824, 43.07538167212959], [-70.74327673278688, 43.075391037602145], [-70.74327673278688, 43.075414451277304], [-70.74326604827846, 43.07542693856706], [-70.74323092601928, 43.0754343868669]]]}, "properties": {"id": 26, "Hectares": 0.50860356327, "Acres": 0.20582487739, "Year": "2019", "LABEL": "Lower Piscataqua River South", "Type": 1, "Name": "Eelgrass"}}, {"type": "Feature", "geometry": {"type": "Polygon", "coordinates": [[[-70.73297282072937, 43.072878793686506], [-70.73293175453436, 43.07285677918389], [-70.73293210553291, 43.07285544825577], [-70.73293676358306, 43.072826143584884], [-70.73301109376261, 43.07278659694351], [-70.73304046480969, 43.07279455834238], [-70.73308256745281, 43.07279644619989], [-70.73313529537674, 43.07279224331842], [-70.73316447893642, 43.07281255796869], [-70.73317259945988, 43.072832700785305], [-70.73317021189563, 43.07285121352705], [-70.73313409998202, 43.072870995497276], [-70.73309417391323, 43.07286449236153], [-70.7330752640353, 43.07286124938078], [-70.73305200089949, 43.07286723698885], [-70.73304888257186, 43.07287241137905], [-70.73301960469946, 43.07287167388978], [-70.73297282072937, 43.072878793686506]]]}, "properties": {"id": 27, "Hectares": 0.08924644518, "Acres": 0.03611681074, "Year": "2019", "LABEL": "Lower Piscataqua River South", "Type": 1, "Name": "Eelgrass"}}, {"type": "Feature", "geometry": {"type": "Polygon", "coordinates": [[[-70.72305253452349, 43.07274605233175], [-70.72304933742178, 43.07277437896854], [-70.72304271052782, 43.07279440088793], [-70.7230530761731, 43.07280529682516], [-70.72307378378294, 43.07282863285276], [-70.72305167833022, 43.072896402023524], [-70.72302820100484, 43.07291628498722], [-70.7229731054259, 43.07293745154735], [-70.72290979785798, 43.072944651191456], [-70.72270974646595, 43.07293991238866], [-70.72254211932957, 43.07288138847056], [-70.72239964955688, 43.07283079366341], [-70.72226079981343, 43.07281883733715], [-70.72202266950677, 43.072824593513765], [-70.72175483746092, 43.07284400309457], [-70.72157717274057, 43.07289041076031], [-70.72152221908217, 43.07290231168609], [-70.72121571350553, 43.07297081980638], [-70.72095798470927, 43.07301810931703], [-70.72077430873118, 43.073044389487634], [-70.72060982689351, 43.07305538454292], [-70.72051667432815, 43.073085501378465], [-70.72046780164582, 43.07311289558817], [-70.72036567721265, 43.073178458188444], [-70.72026376642539, 43.07323012330374], [-70.72016642456971, 43.073258660853384], [-70.72001204578693, 43.073297536934156], [-70.71981128034027, 43.07333911768662], [-70.71961979593114, 43.07332517826149], [-70.7194847540031, 43.073339504048555], [-70.71945095783708, 43.073345401701566], [-70.7194492480467, 43.07334693276283], [-70.71941029112114, 43.07333611696609], [-70.71938775941655, 43.07333427655057], [-70.7193391341243, 43.07334214347317], [-70.71929272632659, 43.07335250957434], [-70.71928824680566, 43.07335353121511], [-70.7191579421931, 43.07335841932705], [-70.71888888121478, 43.07332067102916], [-70.71871048720857, 43.073277495835484], [-70.71857847989715, 43.07323161600194], [-70.71837055043164, 43.07319128426416], [-70.71807640554948, 43.07314097136977], [-70.71798815503527, 43.073126340600865], [-70.717993582441, 43.07304762369279], [-70.71804645439735, 43.07303416285483], [-70.71804826415415, 43.07301342510461], [-70.71804767733093, 43.073013172948635], [-70.7180440255181, 43.07299183221741], [-70.71805315505019, 43.07297315907149], [-70.71806593639513, 43.07295982110665], [-70.71810062861711, 43.072951818326345], [-70.71815723171613, 43.072957153513336], [-70.71819156694019, 43.072965513968924], [-70.71820130999475, 43.07296440635566], [-70.7182682707702, 43.072948149935364], [-70.7182746708442, 43.072949350673255], [-70.71828864416682, 43.07294235107013], [-70.71832328831597, 43.072935884875086], [-70.71838075090238, 43.07294311440443], [-70.7184105638465, 43.07296782708929], [-70.71842871651927, 43.07296883682881], [-70.7184768643638, 43.07298274243827], [-70.71853875017842, 43.0730018268449], [-70.71856154266584, 43.07301721065789], [-70.7185750984529, 43.073034206266186], [-70.7185826734749, 43.07305151589875], [-70.7185803448931, 43.073053407104396], [-70.71856962864422, 43.073060126042684], [-70.71857083513201, 43.07306791629803], [-70.71858670713377, 43.073070965400525], [-70.71859597704501, 43.07307201473648], [-70.71860803469778, 43.07306433437704], [-70.71860944076724, 43.07306249434262], [-70.71861005650834, 43.073062523361095], [-70.71863014147895, 43.07303984885219], [-70.71863978583377, 43.07302693293699], [-70.718678718694, 43.07303506475414], [-70.71871085202173, 43.073042084274874], [-70.71871972279045, 43.07304778721758], [-70.71871946166135, 43.07306472852799], [-70.71869429096084, 43.07307064867537], [-70.71870101683629, 43.07308252269933], [-70.71872859688298, 43.07308612783578], [-70.7187312415168, 43.073086149744036], [-70.71876006277103, 43.07309865994638], [-70.71879043543423, 43.07310766433429], [-70.71880359467808, 43.07311458106499], [-70.71880469628648, 43.07312917817571], [-70.71880321999889, 43.0731388912708], [-70.71882699058062, 43.0731458958963], [-70.71884441383001, 43.073134369826704], [-70.71884454689548, 43.07312573580282], [-70.71887793249297, 43.07310931312296], [-70.7188850226276, 43.073097553543974], [-70.71890582474393, 43.073092660851856], [-70.71893330075069, 43.07310301839419], [-70.71895394678255, 43.07310825437598], [-70.71901368627258, 43.07311719077422], [-70.71902644442454, 43.07311516380731], [-70.71903527507382, 43.073116484775554], [-70.71914487439707, 43.07311275930308], [-70.71919437951807, 43.073118835914975], [-70.71922981296228, 43.07311630885628], [-70.7192560655836, 43.07311545752543], [-70.71933532260515, 43.07312968220166], [-70.7194001222831, 43.07314286156494], [-70.71948881246635, 43.073155266113226], [-70.71955267514745, 43.07314315179217], [-70.71962056197536, 43.073128153143195], [-70.71968188373127, 43.07311508245332], [-70.71968622353928, 43.0731126284834], [-70.71971649622989, 43.073090930726366], [-70.7197535729542, 43.07307604258252], [-70.71976984762263, 43.07306604728022], [-70.71979305629726, 43.0730544210237], [-70.71983484228545, 43.07303281850415], [-70.71986720964752, 43.073024644673225], [-70.71987879969582, 43.07302089761504], [-70.71992104147763, 43.07299837518792], [-70.7199528642871, 43.07298473305195], [-70.71998837781005, 43.07293278905537], [-70.72002322965822, 43.072912817429064], [-70.7200555709494, 43.07290633165821], [-70.72007629496304, 43.0729065030948], [-70.72007836378663, 43.07292171517257], [-70.7200758272725, 43.072936889153716], [-70.72009864610826, 43.07295058454972], [-70.72010029621775, 43.07295120656616], [-70.72011238418192, 43.07295576317927], [-70.72015610893284, 43.07295781318958], [-70.72017015877617, 43.07294273443924], [-70.72018061017341, 43.07293244519935], [-70.72019665663585, 43.07293257792433], [-70.72024828196085, 43.07293981264428], [-70.72030522791175, 43.072946118811636], [-70.7203399690039, 43.072929873073264], [-70.72036286214592, 43.072907694150395], [-70.72039372870056, 43.07288460862682], [-70.72044578788132, 43.0728636434044], [-70.72050178137735, 43.07284562828671], [-70.72054355831811, 43.0728031822857], [-70.72059704849906, 43.072775421098505], [-70.72068079174998, 43.07276444304391], [-70.72070878094482, 43.07275592163454], [-70.72076495373885, 43.07272623747994], [-70.72078252606654, 43.07270498702123], [-70.7207921548954, 43.07268269836647], [-70.72078434600962, 43.072672908492976], [-70.720759219061, 43.072667838126385], [-70.72071928742696, 43.072662925237985], [-70.72071684883163, 43.07266262521105], [-70.72071440541251, 43.07264898955721], [-70.72074525674908, 43.07262687634414], [-70.72076662880019, 43.07261732768753], [-70.72077471802284, 43.07261591594993], [-70.72079323168902, 43.07261268492767], [-70.72083157780969, 43.07262078215034], [-70.72083602440328, 43.07262215883637], [-70.72088967048941, 43.07263876789531], [-70.7209121745322, 43.07264187149009], [-70.7209226292787, 43.07264525906638], [-70.7209306544988, 43.072647859419824], [-70.72095579640698, 43.072651957339914], [-70.72098362103651, 43.072654132360455], [-70.72103000040758, 43.072657433243364], [-70.72105135747472, 43.07264885694225], [-70.72105949532789, 43.072637253801105], [-70.72105973454768, 43.07262169525791], [-70.72105206018867, 43.072603153721666], [-70.7210591706548, 43.07257209144017], [-70.72105824793319, 43.07254582543721], [-70.72104005757299, 43.07253857177599], [-70.72103549188417, 43.07253118303715], [-70.72100806768194, 43.07251744976774], [-70.72098069540722, 43.072500340261925], [-70.72098095498309, 43.072483459112405], [-70.72098246545578, 43.07248095367151], [-70.7209880446436, 43.07247169939732], [-70.72100188651575, 43.07247012546035], [-70.7210179012569, 43.07247701112577], [-70.72102007412715, 43.07248547072982], [-70.72102240254966, 43.07249140289448], [-70.72102672252309, 43.072502408966855], [-70.72103127591808, 43.07250582325477], [-70.72104491015017, 43.07251775423246], [-70.7210531895546, 43.072518758203636], [-70.7210887122536, 43.07253214835928], [-70.72109938197372, 43.07252963857308], [-70.72113619804058, 43.072561014616745], [-70.72118732342034, 43.07257702027836], [-70.72121653792308, 43.07256768364294], [-70.72124886149942, 43.07256855816487], [-70.72128910205565, 43.072543842779766], [-70.72129844105464, 43.072530182419925], [-70.72132358323115, 43.072516680132765], [-70.72133320901577, 43.072489746382736], [-70.72133029915894, 43.07247350862555], [-70.72132896698125, 43.07246607472515], [-70.72136361055776, 43.07245960760348], [-70.72137716700487, 43.07247660288761], [-70.7213655286101, 43.072487213870694], [-70.72135327764013, 43.07251130685318], [-70.72136886566396, 43.072532831341995], [-70.72137709437645, 43.07253611262673], [-70.72144112441275, 43.072538339922296], [-70.7215452010787, 43.07254767656219], [-70.72156711195575, 43.07254634275659], [-70.72162736686761, 43.072541007533836], [-70.72163101868044, 43.07254100753383], [-70.72164342891679, 43.072537079131784], [-70.72168579587304, 43.07252366805672], [-70.7216912735923, 43.0725210004444], [-70.72173700276429, 43.07250000320729], [-70.72175518031702, 43.07249165670141], [-70.72178855273688, 43.07246284606515], [-70.72180252347133, 43.072461781017566], [-70.72183917201235, 43.07248632147391], [-70.72187386423431, 43.07249032289458], [-70.72189176445772, 43.072485813953094], [-70.7219439305808, 43.07248992639576], [-70.72199960964647, 43.072492331130405], [-70.72203015580831, 43.07249324224523], [-70.7220322382465, 43.07249776692464], [-70.72203021703075, 43.07250251144877], [-70.72204114670252, 43.07250528298751], [-70.7220558975777, 43.07249961612787], [-70.72208100223698, 43.07248080358369], [-70.7220863910411, 43.0724748076673], [-70.722129416085, 43.07245791907439], [-70.72215881903743, 43.072459042117664], [-70.72221530830777, 43.072440622327335], [-70.72222168803042, 43.07243817140771], [-70.722271814863, 43.07240463849397], [-70.72228801118398, 43.07239970717362], [-70.72228388900713, 43.07238534647134], [-70.72229530795734, 43.072374442449934], [-70.72229717772659, 43.07237265699601], [-70.72230933122398, 43.07236105154479], [-70.7223208185496, 43.07236283467575], [-70.722325320166, 43.07236962514414], [-70.72232728584875, 43.0723915896503], [-70.72232226411874, 43.07241331559956], [-70.7223245684684, 43.07241858049757], [-70.72235152636793, 43.07246269953546], [-70.72237178369679, 43.07249325663628], [-70.72237580019807, 43.07249747870902], [-70.72240399847374, 43.07250636668758], [-70.72242896127378, 43.07252213319668], [-70.72244848410556, 43.07254660760524], [-70.72246125549422, 43.07257880656191], [-70.72246139262165, 43.072579611341354], [-70.72247496196505, 43.07259049631176], [-70.72256028889943, 43.07260725090081], [-70.72259230094592, 43.07259739338384], [-70.72262540138634, 43.07260155659698], [-70.7226581734604, 43.0726271128074], [-70.72267242064001, 43.07264959858974], [-70.7226840299405, 43.07267109007662], [-70.722703836501, 43.07267708866381], [-70.72272115442486, 43.07267236886066], [-70.72273325626524, 43.07266177083212], [-70.72275716144533, 43.072660022959475], [-70.72276771300639, 43.07266400012722], [-70.72276772126106, 43.07266407617553], [-70.72276887524718, 43.07267470757206], [-70.72279669872044, 43.07268519497974], [-70.72280200373486, 43.07268311257226], [-70.72280741568537, 43.07267016281278], [-70.72279571679888, 43.07265450579461], [-70.72279497371217, 43.072650784277265], [-70.72280507650859, 43.07264504429362], [-70.72283429101131, 43.072642376686616], [-70.72287993867182, 43.07265304711399], [-70.72293333507075, 43.072652199176666], [-70.72293749296658, 43.072649908507806], [-70.7229629343443, 43.07263930786735], [-70.72296602257312, 43.07263871768439], [-70.72298312815643, 43.07263076565766], [-70.72300843432706, 43.07262416662354], [-70.7230095513184, 43.072624656733225], [-70.72301934506802, 43.07261509334819], [-70.72305124558615, 43.07263730469635], [-70.72306901935656, 43.07267965949964], [-70.72308438688746, 43.072728747776026], [-70.72305253452349, 43.07274605233175]]]}, "properties": {"id": 28, "Hectares": 8.20194855429, "Acres": 3.31921594233, "Year": "2019", "LABEL": "Portsmouth Harbor", "Type": 1, "Name": "Eelgrass"}}, {"type": "Feature", "geometry": {"type": "Polygon", "coordinates": [[[-70.71702817355052, 43.07317977103613], [-70.71702970639066, 43.073191747212675], [-70.7170368877204, 43.073204161617646], [-70.71703556036468, 43.07322191063857], [-70.7170195842163, 43.07323336068613], [-70.71700263836266, 43.07323939745524], [-70.71697634525947, 43.07323686271545], [-70.71696793194384, 43.073236020714376], [-70.7169269066008, 43.07323259151731], [-70.71691242474888, 43.073215483458924], [-70.71691149082811, 43.073207753952474], [-70.71691269898587, 43.07319772569864], [-70.71691914906633, 43.07318928530317], [-70.71693295929862, 43.073181678170535], [-70.71695292029686, 43.07318027765459], [-70.71695330632384, 43.07317961968777], [-70.7169576978287, 43.07317480781446], [-70.716964285086, 43.073170797919715], [-70.71697526384813, 43.07316598604569], [-70.71700051500106, 43.07314754052513], [-70.71700820013456, 43.07314994646289], [-70.71701368951562, 43.07315636229653], [-70.71702905978262, 43.07317480781445], [-70.71702817355052, 43.07317977103613]]]}, "properties": {"id": 29, "Hectares": 0.0424986181, "Acres": 0.01719860711, "Year": "2019", "LABEL": "Portsmouth Harbor", "Type": 1, "Name": "Eelgrass"}}, {"type": "Feature", "geometry": {"type": "Polygon", "coordinates": [[[-70.71597623205399, 43.07353835070533], [-70.71597114596929, 43.07355595412713], [-70.71591801384585, 43.07356037534547], [-70.71587455756027, 43.07353959109771], [-70.71585142153016, 43.073521372854124], [-70.71584286341698, 43.07351856005741], [-70.71583230979532, 43.07351279802064], [-70.71583181333432, 43.07351034541328], [-70.71583435092013, 43.07349517153794], [-70.71585057412922, 43.07348855302524], [-70.71585586805023, 43.073488447790055], [-70.7158831221974, 43.073503451063296], [-70.71591281405279, 43.07351464482516], [-70.71591734820171, 43.07351772034295], [-70.71591931307543, 43.07351905311862], [-70.71594380217437, 43.073522660850465], [-70.71597201289687, 43.07353455229517], [-70.71597623205399, 43.07353835070533]]]}, "properties": {"id": 30, "Hectares": 0.02760491779, "Acres": 0.01117133113, "Year": "2019", "LABEL": "Portsmouth Harbor", "Type": 1, "Name": "Eelgrass"}}, {"type": "Feature", "geometry": {"type": "Polygon", "coordinates": [[[-70.7148673863384, 43.07287933412773], [-70.71484027839736, 43.07289659955892], [-70.71483387344742, 43.07296347182644], [-70.71485931541301, 43.07301829254079], [-70.71487941529881, 43.0730207396448], [-70.71489833778908, 43.073047002531915], [-70.7149002300381, 43.073080176689004], [-70.71489859757551, 43.073082561662744], [-70.71490743300737, 43.07311697399213], [-70.71493012442585, 43.073148049743814], [-70.71495434867325, 43.073216202661975], [-70.71495786831072, 43.07326101811177], [-70.71498142729219, 43.073299858203484], [-70.7149987067511, 43.07332445690237], [-70.71501425082785, 43.073361729414806], [-70.71503685970217, 43.073388930704226], [-70.71503173190257, 43.07342265463987], [-70.7149903880796, 43.07341555748562], [-70.71496407979075, 43.07337705167411], [-70.7149248159769, 43.07335494861541], [-70.71489379483138, 43.07331762617719], [-70.71488596702852, 43.07327895229585], [-70.71485508933455, 43.07323236493438], [-70.71484900617386, 43.07321557386591], [-70.71485086138553, 43.07320504419355], [-70.71485627665315, 43.073152751036154], [-70.7148406282164, 43.0731222309494], [-70.71480203146196, 43.073086454982594], [-70.71480129667519, 43.073086129829754], [-70.71474335338209, 43.07296580710507], [-70.71468863451815, 43.072826360301185], [-70.7146202502969, 43.07275320686895], [-70.714553660671, 43.072691405372176], [-70.71454375793839, 43.072662223987265], [-70.7145438363416, 43.07265715965201], [-70.71454401928239, 43.0726453428697], [-70.71454418231116, 43.07263481226776], [-70.71454422835744, 43.07263183797559], [-70.71454443743234, 43.07261833308147], [-70.71452619914668, 43.0726063630216], [-70.71451013284452, 43.07260285267787], [-70.71448030289868, 43.07259585114449], [-70.71445690250044, 43.07259393873169], [-70.7144253790202, 43.07257344581985], [-70.7143934555545, 43.072552920208366], [-70.71438222982488, 43.07253425516636], [-70.71437322833485, 43.07252067362134], [-70.71436192419932, 43.07250707291251], [-70.71433450152648, 43.07249333805788], [-70.71428865767913, 43.07247944988143], [-70.71426280685954, 43.072476862092664], [-70.71421607776078, 43.072462594156754], [-70.71407787637983, 43.07240893581808], [-70.71387493085105, 43.07231921816457], [-70.7138498947645, 43.07230356618833], [-70.71381887943433, 43.07229582403323], [-70.71380011602032, 43.07228397055573], [-70.71376433267817, 43.07226382585411], [-70.71372607589035, 43.07225771863911], [-70.71369001072458, 43.07225576439749], [-70.7136774738489, 43.07225604281673], [-70.71366575805868, 43.07225630300005], [-70.71363674787284, 43.072252235773114], [-70.71359993513686, 43.072241153066265], [-70.71358551908769, 43.072229258783196], [-70.71358011054656, 43.0722143286924], [-70.71358599318206, 43.072198665699126], [-70.71359757905934, 43.07217891547313], [-70.71361930263429, 43.072160076626986], [-70.71366672296897, 43.072157163779444], [-70.7136834867546, 43.07216722675386], [-70.71368771144131, 43.0721750501315], [-70.7137022872412, 43.07217724456859], [-70.71374479547309, 43.07215288894937], [-70.71375164535652, 43.07215334815323], [-70.71375368159026, 43.07215044544085], [-70.71376058952245, 43.07214140655131], [-70.71377980115082, 43.07213908569328], [-70.7137932967396, 43.07214167891477], [-70.71379884624176, 43.072147513754246], [-70.71379822855025, 43.072158137984815], [-70.71380556630815, 43.07217347157374], [-70.71381059770128, 43.07218010031649], [-70.7138139569902, 43.07219146776503], [-70.71382508162861, 43.0722014837614], [-70.71384420360438, 43.07220495077393], [-70.71385899357261, 43.07219680445671], [-70.71386273575055, 43.07217368110472], [-70.71386069784315, 43.07215960603959], [-70.7138633634213, 43.07213316593564], [-70.71386457477253, 43.07211697893448], [-70.71387827802329, 43.072106765673325], [-70.7139181823967, 43.07210514883353], [-70.71393756574653, 43.0721124568971], [-70.71394756152364, 43.07211733944267], [-70.71395325272448, 43.07212886202918], [-70.71396685933637, 43.07214248194874], [-70.71397612217747, 43.07213918240895], [-70.71398101509139, 43.072120651522404], [-70.7139811487752, 43.07211202136027], [-70.7139890899583, 43.07210443979794], [-70.71401214849986, 43.07210333237273], [-70.71406170933379, 43.07210764315688], [-70.71411915453211, 43.07211836040035], [-70.71411922546882, 43.07211842545565], [-70.7141372805155, 43.07214221236123], [-70.71415316366291, 43.072157539538246], [-70.71419202089892, 43.07217643460325], [-70.71423325922413, 43.07219028448565], [-70.71425154961402, 43.07219887836784], [-70.7142698895953, 43.07220288556045], [-70.71428368197911, 43.07220589912388], [-70.71428537725066, 43.072208456988086], [-70.71429718411852, 43.07222627145189], [-70.71431073854762, 43.07224326755478], [-70.71432889826451, 43.07226030198361], [-70.71437461126524, 43.072282630701935], [-70.71440878495208, 43.072306551703974], [-70.71443139317684, 43.07233375311172], [-70.71446295063394, 43.072377912277666], [-70.71448569719014, 43.072404785905974], [-70.7144842210005, 43.07242312824917], [-70.71437787887686, 43.072488650409646], [-70.71438201971272, 43.072493317923225], [-70.71440064152723, 43.07251509380857], [-70.71446854465017, 43.07248322749652], [-70.71447692196466, 43.07248638590843], [-70.71449987591062, 43.07250047607065], [-70.71451438082744, 43.0725160402763], [-70.71452256689977, 43.07253155190235], [-70.71453060954049, 43.072556328440875], [-70.71453678496006, 43.072565645931306], [-70.71455361133555, 43.07256733028815], [-70.71459150056445, 43.07256918989179], [-70.71459975837588, 43.07258006905583], [-70.71463532619846, 43.07259580849029], [-70.71465571898071, 43.07260274118056], [-70.71467571482837, 43.07261773698629], [-70.71468694066238, 43.07263640200023], [-70.71470274568345, 43.072656793437666], [-70.71474401057608, 43.072668955027176], [-70.71475528869726, 43.072684243810826], [-70.71476408126829, 43.072711330221246], [-70.71477607193192, 43.07272636518723], [-70.71478184932876, 43.072753686257], [-70.71481126135191, 43.072787697502285], [-70.71484758139196, 43.07282176620077], [-70.71486082928541, 43.07283419289533], [-70.71489790032324, 43.0728441330205], [-70.71491391446243, 43.07285101953423], [-70.71493215289637, 43.0728629895332], [-70.71492736470162, 43.072874768012696], [-70.71489965436443, 43.07287960252224], [-70.71488353571837, 43.07287946845395], [-70.7148673863384, 43.07287933412773]]]}, "properties": {"id": 31, "Hectares": 1.59190544382, "Acres": 0.64422227143, "Year": "2019", "LABEL": "Portsmouth Harbor", "Type": 1, "Name": "Eelgrass"}}, {"type": "Feature", "geometry": {"type": "Polygon", "coordinates": [[[-70.71326624518788, 43.07204082042523], [-70.71327714539032, 43.0720347116033], [-70.71329582494076, 43.07203486723394], [-70.71331887418899, 43.07204278102291], [-70.71333167728889, 43.07205460536926], [-70.71334007372425, 43.07205438231754], [-70.71336140002721, 43.072061175562695], [-70.71338272633494, 43.07206796880393], [-70.71340301651998, 43.07207531801065], [-70.71343131340822, 43.07207555373684], [-70.71347723524586, 43.07208437791883], [-70.71350905351156, 43.07211165622798], [-70.7135432529247, 43.07213388937368], [-70.7135680848552, 43.07216617446229], [-70.71355610077524, 43.07219646457217], [-70.71352585254793, 43.072216472574766], [-70.71351864598277, 43.072217628734755], [-70.71349888956959, 43.07222704870605], [-70.71347212918867, 43.07223507071242], [-70.7134588240162, 43.07223905922422], [-70.71341538523629, 43.07223999676242], [-70.71335499239657, 43.07223129408044], [-70.71334132500692, 43.072225201503386], [-70.71330999421595, 43.07220795261564], [-70.71325769647821, 43.072184351622965], [-70.71320941981136, 43.07217313892034], [-70.71316741409407, 43.072165067153435], [-70.71312167466724, 43.07212607723483], [-70.71311377629593, 43.072092035691405], [-70.71311616985678, 43.07207352342311], [-70.71314185205236, 43.07204748346232], [-70.71314639974918, 43.072025900440984], [-70.71314893693834, 43.071998123261444], [-70.71317264295283, 43.07199290824752], [-70.71320318785973, 43.07200109909482], [-70.71320449528747, 43.07200954606719], [-70.71320437443684, 43.07201734143603], [-70.71320427372794, 43.072023837576715], [-70.71320710282528, 43.07203544250149], [-70.71321083643437, 43.07203657363088], [-70.71323611303649, 43.07204016089815], [-70.71326374461094, 43.07204039112233], [-70.71326624518788, 43.07204082042523]]]}, "properties": {"id": 32, "Hectares": 0.35172297445, "Acres": 0.14233745754, "Year": "2019", "LABEL": "Portsmouth Harbor", "Type": 1, "Name": "Eelgrass"}}, {"type": "Feature", "geometry": {"type": "Polygon", "coordinates": [[[-70.71312555593973, 43.07184027113657], [-70.71312454303134, 43.071841715048954], [-70.71313010526224, 43.07184672308025], [-70.71314690733226, 43.07185430561201], [-70.71314776596095, 43.07187167865118], [-70.71316342499462, 43.071883422641335], [-70.7131653565736, 43.071890155497115], [-70.71315240778688, 43.07191012416443], [-70.71312505032427, 43.07190835184639], [-70.71311250851798, 43.071902069929784], [-70.71309166137677, 43.07188799704509], [-70.71307265714377, 43.071890927377886], [-70.71304304977485, 43.071898402398006], [-70.71302586447966, 43.07191988009614], [-70.71301713741492, 43.07193232057017], [-70.71302044009761, 43.071952928538536], [-70.71302628051065, 43.07195611757381], [-70.71303807120664, 43.07196255563463], [-70.71304719678558, 43.0719699478293], [-70.71305444233401, 43.07197880360283], [-70.71304802777097, 43.071984927550844], [-70.7130097798026, 43.07200622971452], [-70.7129590139384, 43.07201970578007], [-70.71291887516557, 43.07202709299368], [-70.71286832479011, 43.07202667165434], [-70.7128035334828, 43.0719937002088], [-70.71276394555542, 43.0719655718825], [-70.71272438161505, 43.07193589939117], [-70.7127248366795, 43.07190656051194], [-70.71271421467927, 43.071898024482685], [-70.71271444846334, 43.071882952120006], [-70.71270464427, 43.07186054282055], [-70.71269682641396, 43.07185551596407], [-70.71266848959638, 43.07186437613897], [-70.712654693998, 43.07187955539654], [-70.71265357129651, 43.071880790701385], [-70.71262856664708, 43.07189298643448], [-70.7126163707353, 43.07189092375038], [-70.7126004851231, 43.07189180314113], [-70.7125859390904, 43.07188409239298], [-70.71257675037808, 43.07187334671954], [-70.71257432919317, 43.071868758501196], [-70.71256865610636, 43.07186586061362], [-70.71255822458977, 43.07185277967661], [-70.71256037971759, 43.07182810912218], [-70.71256945223165, 43.07181454111004], [-70.71259085730158, 43.071808642988124], [-70.71259956462394, 43.071799299634634], [-70.7126348479539, 43.07177892013572], [-70.71267132728988, 43.071785021746145], [-70.71267620256077, 43.07178260696492], [-70.71268343954993, 43.07178453192884], [-70.71268800297328, 43.07179308647887], [-70.7126947988748, 43.07180334085147], [-70.71271865266111, 43.07180281130424], [-70.71274149041732, 43.07180373009869], [-70.71274831488155, 43.07180475137474], [-70.71276726330137, 43.07180758698953], [-70.71280285760461, 43.07181880982787], [-70.71282232891649, 43.07183179215614], [-70.7128294093252, 43.071836512955045], [-70.71284120632974, 43.07184462378101], [-70.71285806088697, 43.07184694949576], [-70.7128849175922, 43.071844988127594], [-70.71289910808414, 43.07182689619803], [-70.71289945954226, 43.07182505282579], [-70.7129073161527, 43.07182159794008], [-70.712935200368, 43.0717893989732], [-70.71294268999723, 43.071787637790536], [-70.71295198092176, 43.071777448667966], [-70.71296798087178, 43.07177433352877], [-70.71298010478797, 43.07177836561925], [-70.71299002226641, 43.071781663906165], [-70.71301738019527, 43.07178903858719], [-70.71303588732071, 43.07179568980325], [-70.7130497021248, 43.07181919406026], [-70.71309019025595, 43.07183707331391], [-70.7131034513733, 43.07183913291624], [-70.71312555593973, 43.07184027113657]]]}, "properties": {"id": 33, "Hectares": 0.44720460794, "Acres": 0.18097756336, "Year": "2019", "LABEL": "Portsmouth Harbor", "Type": 1, "Name": "Eelgrass"}}, {"type": "Feature", "geometry": {"type": "Polygon", "coordinates": [[[-70.70926557406416, 43.07214079489349], [-70.70927867411973, 43.072136366634574], [-70.70937017548088, 43.07211605990629], [-70.70941047937976, 43.07209200277688], [-70.70943321092396, 43.07208022251552], [-70.70946423854868, 43.07207177029642], [-70.70948170159372, 43.072062649910904], [-70.70951523585748, 43.07204513603069], [-70.70957850424554, 43.072020608885424], [-70.70961284887625, 43.0720098713494], [-70.70967348366383, 43.07199537788484], [-70.70971464051567, 43.07196963026146], [-70.70976144331514, 43.07194897432908], [-70.70979679619701, 43.071961297002716], [-70.70981838631977, 43.071979518105], [-70.70981794977268, 43.07200757755633], [-70.70981498206021, 43.072022586544925], [-70.70981599039055, 43.0720456468099], [-70.70979102714895, 43.07206848989933], [-70.70974848096495, 43.0720791589033], [-70.70970469258408, 43.07208179947412], [-70.70969800184533, 43.07208174351985], [-70.7096841263345, 43.072085636492965], [-70.70964560798973, 43.07209857082772], [-70.70957670616916, 43.072104203681185], [-70.70948998877248, 43.07212664360704], [-70.7094115174561, 43.072154592238824], [-70.70938770065642, 43.07215832609367], [-70.70931792499896, 43.072161751365606], [-70.7093172728565, 43.07216189318555], [-70.70924247882157, 43.072178158446796], [-70.70924161179532, 43.072177968964496], [-70.70923146540179, 43.07218307756541], [-70.70917944416188, 43.07218765355716], [-70.70914117019869, 43.07218733329315], [-70.70911947098986, 43.07217612692613], [-70.70912650845516, 43.072163156519], [-70.70918552032457, 43.07214861650935], [-70.70924574308897, 43.07214410913661], [-70.70926557406416, 43.07214079489349]]]}, "properties": {"id": 34, "Hectares": 0.25995783629, "Acres": 0.10520136634, "Year": "2019", "LABEL": "Portsmouth Harbor", "Type": 1, "Name": "Eelgrass"}}, {"type": "Feature", "geometry": {"type": "Polygon", "coordinates": [[[-70.70831685016189, 43.07196948559002], [-70.70831318607785, 43.07198095339448], [-70.70829389300737, 43.071990814347984], [-70.70824608195214, 43.07198840940162], [-70.70823556822454, 43.07196126049444], [-70.70825518923937, 43.071930354971656], [-70.70827645762178, 43.07189438678661], [-70.70828103835287, 43.07186482409062], [-70.70827855596582, 43.07183575076829], [-70.70825991405246, 43.0718076181219], [-70.70825136039541, 43.07179140618475], [-70.70822981699416, 43.07176109719212], [-70.70820835744632, 43.07172540879914], [-70.70819271770722, 43.07169299720865], [-70.70817996272429, 43.07166383783843], [-70.7081817655826, 43.07164233254524], [-70.708195258295, 43.071624153227056], [-70.70821610536105, 43.07160495948717], [-70.70822452609639, 43.071595551898035], [-70.7082304146075, 43.071577122071574], [-70.70829417951016, 43.07154059170732], [-70.70837407250784, 43.07155052690878], [-70.70840312689877, 43.071578568542996], [-70.70843337544706, 43.07159603381853], [-70.7084447631239, 43.07161242488735], [-70.70845923160084, 43.07162495024673], [-70.70847298697537, 43.07162747335081], [-70.7084828514934, 43.07162928276646], [-70.7085199151093, 43.07163951647773], [-70.70853991968238, 43.07165870375652], [-70.7085430068951, 43.071677749382964], [-70.70851216918457, 43.07170229957749], [-70.70850126246818, 43.07170672273274], [-70.70847228547524, 43.07173667149175], [-70.7084504763358, 43.07175403391131], [-70.70843788675263, 43.07178328412753], [-70.70844328749918, 43.071813457904625], [-70.7084517573987, 43.071835049224504], [-70.70845427339216, 43.071861970785235], [-70.70843479326126, 43.07188763213246], [-70.70839470068977, 43.071917424940814], [-70.70836238157723, 43.071919306323714], [-70.70833853233665, 43.071942779025086], [-70.70832945894198, 43.071959919351045], [-70.70831685016189, 43.07196948559002]]]}, "properties": {"id": 35, "Hectares": 0.49453041569, "Acres": 0.20012966783, "Year": "2019", "LABEL": "Portsmouth Harbor", "Type": 1, "Name": "Eelgrass"}}, {"type": "Feature", "geometry": {"type": "Polygon", "coordinates": [[[-70.70827414273036, 43.07136745655977], [-70.70830108688527, 43.07136768222477], [-70.70834708732845, 43.07138968839389], [-70.70834675048532, 43.07141130648979], [-70.70829567132978, 43.07144485442855], [-70.70826949189123, 43.07145100937177], [-70.70823262860388, 43.07144808200452], [-70.70820797736513, 43.07145088228989], [-70.70819011382544, 43.07145674618593], [-70.70817406750051, 43.071462738034455], [-70.70815371427622, 43.0714645543218], [-70.70812714808447, 43.07147401596589], [-70.70812628685647, 43.07147432269515], [-70.70811679586458, 43.07147770294348], [-70.70808403390578, 43.071508977041816], [-70.70803345817167, 43.07150855335428], [-70.70799169310654, 43.07146911556585], [-70.707987936025, 43.07144703450833], [-70.70799666857862, 43.071413031043015], [-70.70802856047348, 43.0713842328662], [-70.70803306087997, 43.071382985083844], [-70.70805696700847, 43.07136259802422], [-70.7080669684657, 43.07136111421848], [-70.70814902026059, 43.071374217169975], [-70.70818713753467, 43.0713845589899], [-70.70823222991642, 43.071385938935904], [-70.70825975549033, 43.07137414243601], [-70.70827414273036, 43.07136745655977]]]}, "properties": {"id": 36, "Hectares": 0.17614275605, "Acres": 0.0712825544, "Year": "2019", "LABEL": "Portsmouth Harbor", "Type": 1, "Name": "Eelgrass"}}, {"type": "Feature", "geometry": {"type": "Polygon", "coordinates": [[[-70.70800647614666, 43.07109770486638], [-70.70802758800046, 43.071075053265226], [-70.70806152835276, 43.071059894084456], [-70.70811629032201, 43.07106035282637], [-70.70812899776772, 43.07108148628953], [-70.70812115973996, 43.07109783449383], [-70.70811972265369, 43.071117669181284], [-70.70812701154075, 43.071140131775806], [-70.70810988576604, 43.071167202037024], [-70.70807020855865, 43.07118258320782], [-70.70806517725178, 43.0711849818655], [-70.70803432817316, 43.071183214319845], [-70.70800512972401, 43.071164437491184], [-70.70799539121681, 43.07115468785433], [-70.70799416551887, 43.07115440008143], [-70.70797232059834, 43.07114345686791], [-70.70797108787424, 43.07112838226279], [-70.70797417382131, 43.07111872393868], [-70.70799046733157, 43.07110917626658], [-70.70800647614666, 43.07109770486638]]]}, "properties": {"id": 37, "Hectares": 0.07808098893, "Acres": 0.03159830393, "Year": "2019", "LABEL": "Portsmouth Harbor", "Type": 1, "Name": "Eelgrass"}}, {"type": "Feature", "geometry": {"type": "Polygon", "coordinates": [[[-70.7100149451269, 43.07026602610276], [-70.70999496658118, 43.07029520365767], [-70.709934028622, 43.07034580912918], [-70.70988704004131, 43.07037849063294], [-70.70984576839741, 43.070395183857855], [-70.70982336926093, 43.07039933097795], [-70.7098192289353, 43.07040364006806], [-70.70976605236552, 43.07042258038192], [-70.70974365376675, 43.070426092078755], [-70.70973169306058, 43.07043432009915], [-70.70971656931259, 43.070438542592875], [-70.70968664810873, 43.07042993437972], [-70.70964761646786, 43.07039052004785], [-70.70963311087075, 43.070356322098334], [-70.70963117669771, 43.070331666148775], [-70.70964483267598, 43.07030407454417], [-70.70964768412333, 43.070298313253936], [-70.70968357356098, 43.07027697149212], [-70.70969093849891, 43.07027259190642], [-70.70972081508575, 43.070254825679804], [-70.70978315036525, 43.07024597712915], [-70.70981830040992, 43.070227577772386], [-70.7098761927979, 43.07019699197517], [-70.70993919413509, 43.07018950070432], [-70.70998273176185, 43.070202894007885], [-70.71000714862168, 43.07021512518844], [-70.7100129294668, 43.07023956469293], [-70.71001356219638, 43.070242239663564], [-70.7100149451269, 43.07026602610276]]]}, "properties": {"id": 38, "Hectares": 0.31882138407, "Acres": 0.12902263575, "Year": "2019", "LABEL": "Portsmouth Harbor", "Type": 1, "Name": "Eelgrass"}}, {"type": "Feature", "geometry": {"type": "Polygon", "coordinates": [[[-70.71142405273218, 43.06967304162987], [-70.7114059234385, 43.06966955749137], [-70.71135822299354, 43.06966013899167], [-70.71124612392823, 43.06966020534134], [-70.7111546680543, 43.069651423671154], [-70.71109480594052, 43.069632883222184], [-70.71099280442613, 43.069598957006946], [-70.71084994062987, 43.06946747074588], [-70.71075973104317, 43.0693785188429], [-70.71074177364378, 43.0692973488621], [-70.71073929405188, 43.06928614074012], [-70.71074300896699, 43.0692230297643], [-70.71081774489332, 43.06917646914451], [-70.7108470980989, 43.06911260293033], [-70.71092086712564, 43.068974227418266], [-70.71095169696022, 43.068888001203376], [-70.7109443760055, 43.068816899868864], [-70.71091613750637, 43.06873635771423], [-70.71090024804745, 43.06867445092045], [-70.71093423435758, 43.06865620255855], [-70.71100560351374, 43.06867224213883], [-70.71108879397875, 43.06874088835993], [-70.71120630674295, 43.06876966795541], [-70.71126092281443, 43.06877939008351], [-70.71134856584948, 43.0688326297708], [-70.71148244294818, 43.06884779395883], [-70.71150637566296, 43.068839524189954], [-70.71155559249547, 43.06879420479041], [-70.71166932482144, 43.06879515402044], [-70.71170423186805, 43.06878327013468], [-70.71170566087297, 43.06878340967543], [-70.71180182962414, 43.068764365463096], [-70.71188675909919, 43.06874274655041], [-70.7119309410981, 43.068717696736044], [-70.71198237780762, 43.068711282519125], [-70.71203713774871, 43.06871173936499], [-70.71208031689346, 43.0687353182171], [-70.71208077441088, 43.06874188436466], [-70.7120851058519, 43.068753497759964], [-70.71210191276087, 43.06876809811705], [-70.71207337096658, 43.068820146274554], [-70.71200128235955, 43.06885043191789], [-70.71195143467065, 43.06886560477854], [-70.71192652304737, 43.06886960125975], [-70.71189482985092, 43.06887677935078], [-70.71187652876054, 43.0688931655958], [-70.71186031635477, 43.06892031958037], [-70.71183408230608, 43.06893912046728], [-70.71181142396416, 43.068969975164435], [-70.71177998874941, 43.068993754584916], [-70.7117670467101, 43.06902821280902], [-70.71175610732192, 43.06903905568483], [-70.71175158668457, 43.069066078823056], [-70.71177313803022, 43.06906815757194], [-70.71178571148603, 43.06906937035077], [-70.71183473173271, 43.06908180644795], [-70.71186320243734, 43.0690970778233], [-70.7118921378338, 43.06910603952494], [-70.71189313334976, 43.069106347850145], [-70.71193685731139, 43.06910771491684], [-70.71196563914205, 43.069102943779164], [-70.71200255991158, 43.069102249552536], [-70.71203649810874, 43.06911756649868], [-70.71203861437148, 43.06911879619013], [-70.71207849751286, 43.06914197096999], [-70.712106781681, 43.06916926777852], [-70.71210670179073, 43.06917441562079], [-70.71210643953361, 43.06919131451587], [-70.71210069214554, 43.06920930714658], [-70.71211825917905, 43.06922248299194], [-70.71216689083687, 43.069259972058916], [-70.71217047823872, 43.069293076369334], [-70.71216055250896, 43.06931604542052], [-70.71217664386293, 43.06933622472644], [-70.7121679916863, 43.06936521792589], [-70.71215542551982, 43.06938215142681], [-70.71215426762427, 43.06939597463573], [-70.71210380946887, 43.069448871888845], [-70.71209088555827, 43.069488854242586], [-70.71205798739686, 43.06949459332578], [-70.71201539671817, 43.069508269571266], [-70.71198635027785, 43.06953007683295], [-70.71196685635094, 43.06955296603913], [-70.71194983603984, 43.06956452118442], [-70.71187628418582, 43.06957523440625], [-70.7118135260965, 43.06956113081115], [-70.71179826976103, 43.06955299786881], [-70.71177248938326, 43.06955040018554], [-70.71177016712404, 43.0695423045868], [-70.71176069238537, 43.069536211996954], [-70.71175795864661, 43.06953618918416], [-70.71175254187905, 43.06954951281039], [-70.71171886785416, 43.06955836871108], [-70.71170857501438, 43.06957340706696], [-70.71170269339164, 43.06958414874747], [-70.71169681176892, 43.06959489042608], [-70.71169356665152, 43.06960200234194], [-70.71167373173901, 43.06960412909231], [-70.71165792626736, 43.069605823793104], [-70.7116282699813, 43.06962707691033], [-70.71162643209259, 43.06963221730752], [-70.71162397256761, 43.06963909635979], [-70.71155376350055, 43.06965676000747], [-70.71146879956048, 43.069670082363835], [-70.71142405273218, 43.06967304162987]]]}, "properties": {"id": 39, "Hectares": 5.45150899582, "Acres": 2.20615082488, "Year": "2019", "LABEL": "Portsmouth Harbor", "Type": 1, "Name": "Eelgrass"}}, {"type": "Feature", "geometry": {"type": "Polygon", "coordinates": [[[-70.71121742240709, 43.067136859396605], [-70.71118414217221, 43.06713801606167], [-70.71112937613664, 43.06714357228517], [-70.71101509293861, 43.06710854126875], [-70.71096657265626, 43.06706403685011], [-70.7109481534725, 43.067017779308436], [-70.71093793518824, 43.06697159025797], [-70.71093736384496, 43.06694719928137], [-70.71092229791962, 43.066899038133], [-70.710914988189, 43.06686904663491], [-70.71095055033572, 43.06678347896561], [-70.71094909718803, 43.066780347033216], [-70.71089150428128, 43.066708848641774], [-70.71076617696873, 43.06665184870879], [-70.71069060774975, 43.06660387250334], [-70.71063301530735, 43.06653237398409], [-70.7106167442219, 43.0664461563856], [-70.71063855856585, 43.06636456106307], [-70.71068962039392, 43.06628966620263], [-70.71081895162126, 43.06627783433877], [-70.71093604219135, 43.06629818071767], [-70.710994671079, 43.06630297445662], [-70.71105316626799, 43.06631637521508], [-70.7111350729459, 43.06633427552207], [-70.71121090956251, 43.066365037336794], [-70.71126673742553, 43.066361199382754], [-70.71132590108367, 43.066331564752616], [-70.71141414524782, 43.06631938918771], [-70.7114640366559, 43.0663198056635], [-70.71146993964592, 43.06631770289659], [-70.71150552463392, 43.06629432747538], [-70.71155841762945, 43.06629046488128], [-70.7115995380617, 43.06628865604821], [-70.71165263148374, 43.066271882834016], [-70.71169061668633, 43.06628296005156], [-70.71172573392212, 43.06628970923985], [-70.71173723925027, 43.06630486954371], [-70.71172203084978, 43.06633917529269], [-70.7116918812359, 43.066390572681634], [-70.7116594689465, 43.066418769214906], [-70.71160099350418, 43.066438915520074], [-70.7115815471129, 43.06645879830662], [-70.71158139100812, 43.06646885255914], [-70.71158123592816, 43.06647884080157], [-70.71158094776916, 43.06647968537222], [-70.71160301139689, 43.06648503607407], [-70.71164395320993, 43.06648938679437], [-70.71168214586794, 43.06649471681155], [-70.71170662384216, 43.06650293912733], [-70.71173493776452, 43.066528231777454], [-70.71174382089055, 43.06657240510982], [-70.71172139198171, 43.06660829910404], [-70.71172400752599, 43.06663243768226], [-70.71174009165358, 43.06663651828319], [-70.71178370496379, 43.06664490026552], [-70.71180821412268, 43.0666511183105], [-70.71181524527893, 43.066652037918416], [-70.71182275784065, 43.06666453127118], [-70.71183424922226, 43.066674590276904], [-70.71186232639015, 43.0666748245549], [-70.71194326820537, 43.06661681450332], [-70.71199826592701, 43.06660182982371], [-70.71205302399065, 43.066602286644155], [-70.7120801978001, 43.06660918065137], [-70.71210622891098, 43.06659286028512], [-70.71211994133222, 43.06658139740441], [-70.71214531597802, 43.066545223374625], [-70.71214126693876, 43.066515419485626], [-70.71213232206975, 43.06651038318587], [-70.7120827532174, 43.06650666190166], [-70.7120761664655, 43.066495029688056], [-70.71211943081987, 43.06646892827086], [-70.71219847459373, 43.06646297202216], [-70.71225500133444, 43.066457925174866], [-70.71226129538283, 43.06645573555858], [-70.71227072584225, 43.0664445033016], [-70.7122956703052, 43.06642266174324], [-70.71234232808138, 43.066411023811426], [-70.71235991673065, 43.06642568448154], [-70.71237319838309, 43.06642386515239], [-70.7123879024399, 43.066428162045604], [-70.71240848811946, 43.06644534961541], [-70.71240917449688, 43.06645287123803], [-70.71241142893085, 43.06647757629581], [-70.71244377785587, 43.06649691229591], [-70.71245180288624, 43.06649691229646], [-70.71246730434679, 43.06649691229592], [-70.71248200840363, 43.06649691229592], [-70.71248781095778, 43.06651386878868], [-70.71248789002637, 43.066514099846444], [-70.71249191466853, 43.06651851021956], [-70.71251563084529, 43.06651870797318], [-70.71251833336254, 43.06652073501663], [-70.71252412481455, 43.066524596771686], [-70.71253494300821, 43.06651195140289], [-70.71253788381956, 43.06649476385176], [-70.71253747695566, 43.06648881906884], [-70.71257485445665, 43.06648430363923], [-70.71259051444841, 43.06649270368304], [-70.7125833633334, 43.06651745248842], [-70.71258137536512, 43.06653226120294], [-70.71257826248664, 43.066555449549604], [-70.71258329601451, 43.066585021466615], [-70.71257611436734, 43.06660863128825], [-70.71259375923553, 43.066621521928106], [-70.71262747540895, 43.06663099565679], [-70.7126319897833, 43.0666322641259], [-70.71263474342642, 43.06663276705175], [-70.71265824283394, 43.066666226190584], [-70.71266880428247, 43.06669036835119], [-70.7126873179197, 43.06673061287981], [-70.71272512230483, 43.06676099567664], [-70.71274630745575, 43.06680527148441], [-70.71275115307726, 43.066845402061496], [-70.71275879448756, 43.06688154692591], [-70.71278563342831, 43.06691384280142], [-70.7128172608994, 43.06694857483982], [-70.71281726089934, 43.06695882604088], [-70.71279373440842, 43.06699964615793], [-70.71277396091051, 43.06701051543444], [-70.71275098199405, 43.06702661911836], [-70.71274521716303, 43.06703693915328], [-70.71273256578623, 43.06706199320493], [-70.71272768308954, 43.067105194370335], [-70.71280321524657, 43.06712435624111], [-70.71281582452379, 43.06712875128452], [-70.71283958460806, 43.0671596459096], [-70.7128499416195, 43.0671819663238], [-70.71285268161672, 43.067187871293974], [-70.7128658299204, 43.06721278931418], [-70.71285170722177, 43.067250711183966], [-70.71284996767865, 43.06725284156308], [-70.7128554914471, 43.067281089383016], [-70.71286725469257, 43.06731116720851], [-70.71285255063574, 43.06732190928547], [-70.71284372820163, 43.067324057700645], [-70.71283982834514, 43.06732405770088], [-70.71282608333344, 43.06732405770065], [-70.71281726089934, 43.06732190928548], [-70.71280843846525, 43.067321909285475], [-70.71281137927662, 43.067336948190025], [-70.71282608333344, 43.06734983867674], [-70.71284078739026, 43.06737132281523], [-70.71284117829767, 43.067373893016814], [-70.71284666901299, 43.0674099942455], [-70.71284495675688, 43.06743251026662], [-70.71281818433442, 43.06745934059303], [-70.71281304742685, 43.06747711850525], [-70.71281240624533, 43.06747933751827], [-70.71281767152627, 43.06749241071578], [-70.7128159628288, 43.06751444607084], [-70.71282133689066, 43.06752050439366], [-70.71282394622413, 43.06752854417961], [-70.71281546555818, 43.067546514068326], [-70.71281413131622, 43.06754680293155], [-70.71279763466559, 43.06755037445288], [-70.71279474561364, 43.067560372914805], [-70.71279581717857, 43.06757942468168], [-70.71279544421697, 43.067603475679405], [-70.7127814496021, 43.06762440636528], [-70.71276208091042, 43.067639278724016], [-70.71274275883225, 43.06765114470469], [-70.71276309030362, 43.06766233899039], [-70.71276956554802, 43.06766113063468], [-70.71278365488702, 43.06765850139919], [-70.71279185585539, 43.0676585697615], [-70.71281358524625, 43.067667771182194], [-70.71282688057862, 43.06769193611306], [-70.71281843096965, 43.067707901751504], [-70.71279493069137, 43.06772474418499], [-70.71279079804155, 43.06772579621351], [-70.71279079359705, 43.06772581001289], [-70.71274962223792, 43.06774084881838], [-70.71272315493565, 43.06775588762017], [-70.71269668763333, 43.06777952001552], [-70.71268873266618, 43.06780131303617], [-70.7126979782028, 43.067806120827186], [-70.71271004656091, 43.06782125525254], [-70.71270026115492, 43.067835205237074], [-70.71268364805735, 43.067856944074364], [-70.71268351724687, 43.067857115244514], [-70.71267217848953, 43.06788307932928], [-70.71267432823791, 43.067886323299774], [-70.7126788572333, 43.06789315755298], [-70.71268547381108, 43.067907244275595], [-70.71267848422187, 43.06791720854858], [-70.71265510816511, 43.06792603395315], [-70.71264816519678, 43.06793299184979], [-70.7126217290562, 43.067962839077175], [-70.7125751012362, 43.06797247285948], [-70.7125299024155, 43.067978109520475], [-70.71248324347943, 43.06798974751457], [-70.71243507777498, 43.06801039321401], [-70.71241773013304, 43.06801162204486], [-70.7123844426651, 43.068013979975525], [-70.7123584572376, 43.06801476552369], [-70.71232270183481, 43.068028498891934], [-70.71226790400026, 43.06803605990226], [-70.71222248741162, 43.06805572618632], [-70.71220850804728, 43.068075654672995], [-70.71220137841154, 43.06809463803742], [-70.71220149924082, 43.068096114433494], [-70.71211316138917, 43.06815640680697], [-70.71205729957985, 43.06822698100558], [-70.71205675835425, 43.06830636395952], [-70.71198015102081, 43.06835894092595], [-70.71182791939323, 43.068361505667944], [-70.71169719493378, 43.068356790629025], [-70.71157857979553, 43.068399042532356], [-70.71141856107523, 43.068394618125616], [-70.71120407057114, 43.06837120645786], [-70.71114328943692, 43.06832532304637], [-70.71113619388491, 43.06826956003922], [-70.71114366893137, 43.0681915572589], [-70.7111334308866, 43.06803703655236], [-70.7109979770844, 43.06780734125952], [-70.71099387146133, 43.06779971943126], [-70.71100102824866, 43.06774986664743], [-70.71098792046034, 43.06771367601917], [-70.71096133124941, 43.06766534574248], [-70.71094202327501, 43.06761590676043], [-70.71093082844597, 43.06760495571973], [-70.71087479202802, 43.06751628929543], [-70.71087016558623, 43.06746212891369], [-70.71091735381357, 43.06741641934631], [-70.71099150472537, 43.067394989049795], [-70.7110679717586, 43.067362934810355], [-70.71111809293927, 43.06734192445082], [-70.71127807605384, 43.06725105286251], [-70.71128460171262, 43.06718295404101], [-70.71128488187277, 43.06716491579934], [-70.71123064504256, 43.06713639983704], [-70.71121742240709, 43.067136859396605]]]}, "properties": {"id": 40, "Hectares": 17.67359985915, "Acres": 7.15226315095, "Year": "2019", "LABEL": "Portsmouth Harbor", "Type": 1, "Name": "Eelgrass"}}, {"type": "Feature", "geometry": {"type": "Polygon", "coordinates": [[[-70.72918104051077, 43.057738654690496], [-70.72915898002286, 43.057778914933685], [-70.72917012853456, 43.0578043853793], [-70.72917541283138, 43.05783615255914], [-70.72914628500804, 43.05785494825966], [-70.72909434463894, 43.05785663764085], [-70.72899946971732, 43.05783682594196], [-70.72896182347206, 43.0578142308601], [-70.72894413679568, 43.057762609617825], [-70.72890670084965, 43.05772514245679], [-70.72884652028844, 43.0576837728471], [-70.72871664851439, 43.05756007915255], [-70.7286638987332, 43.05752991846826], [-70.72845898677939, 43.05734243669462], [-70.72826871017301, 43.05719223495556], [-70.72815336126646, 43.05711325217418], [-70.72808401145217, 43.05700863429571], [-70.72808534326782, 43.05692131830051], [-70.72812422332771, 43.056864038580485], [-70.72818473555553, 43.05685793614167], [-70.72823014117004, 43.05684284902269], [-70.72830758288546, 43.056870978114], [-70.72831402068724, 43.05688068985195], [-70.72832449836626, 43.05689649593452], [-70.72836153556267, 43.05692640859581], [-70.72837845108083, 43.05695192640845], [-70.72841856553984, 43.05696917472583], [-70.72841980001014, 43.05696959847472], [-70.72842901362974, 43.056981735166744], [-70.72846098538741, 43.05704516996241], [-70.72847550629129, 43.05708988148265], [-70.72851288494509, 43.05713106435737], [-70.72864664822413, 43.057165605254156], [-70.72873446963482, 43.05722206568404], [-70.72890220112016, 43.057355359722614], [-70.72893949528675, 43.05740211582261], [-70.7289695005221, 43.057428373969266], [-70.72906996163874, 43.057486795731634], [-70.72912564133404, 43.05749096796183], [-70.72914773492847, 43.05753759945547], [-70.72916130834825, 43.05755050081323], [-70.72915928587105, 43.057569539771336], [-70.72918504652068, 43.05758244037102], [-70.7292077945405, 43.05760377598879], [-70.72922746999082, 43.057606566101235], [-70.7292394516271, 43.05760826517683], [-70.72926236074956, 43.05761902747362], [-70.72926501902143, 43.05763385373108], [-70.72925341948802, 43.057637988562774], [-70.72923031706445, 43.05763991423644], [-70.72919875661346, 43.05762908105967], [-70.72917575084517, 43.05762466273629], [-70.72916986739429, 43.057621716382556], [-70.72913874755831, 43.05762856877441], [-70.72911352603951, 43.057620930059734], [-70.7290829545096, 43.057631827699296], [-70.72918104051077, 43.057738654690496]]]}, "properties": {"id": 41, "Hectares": 1.95880528174, "Acres": 0.79270159719, "Year": "2019", "LABEL": "Little Harbor/Back Channel", "Type": 1, "Name": "Eelgrass"}}, {"type": "Feature", "geometry": {"type": "Polygon", "coordinates": [[[-70.71834469170358, 43.054612154707115], [-70.71834214630377, 43.05461186648719], [-70.71830304856415, 43.0546216229652], [-70.71829498517471, 43.054635374705356], [-70.71829128425532, 43.054641686451], [-70.71827951993872, 43.05466174993548], [-70.71821649995641, 43.05465497206654], [-70.71816023232363, 43.05465988057221], [-70.71811193167147, 43.054661562648924], [-70.71807779555735, 43.05466544455731], [-70.71802933441576, 43.054677537446885], [-70.71798648771552, 43.05469384173211], [-70.7178954044994, 43.05470766364698], [-70.71784697539285, 43.05471767428915], [-70.71781851789132, 43.05472160320369], [-70.71780428913925, 43.05472356765831], [-70.71775273172081, 43.05475229424145], [-70.71774673199549, 43.0547730688459], [-70.71772631085236, 43.054808300910565], [-70.71766929942032, 43.05482240517929], [-70.71764374541374, 43.05482219325768], [-70.71762942294401, 43.05482556280841], [-70.71762898126342, 43.05482661170178], [-70.71764651184053, 43.0548547516947], [-70.71763237881474, 43.054879835712725], [-70.7176135347622, 43.05491328106706], [-70.71754648146873, 43.0549530469053], [-70.71743498644966, 43.05500709544081], [-70.71739151486202, 43.05503826121607], [-70.71734818982895, 43.05505462398688], [-70.71726919709975, 43.055083696968744], [-70.7172384528244, 43.055105738132276], [-70.71722296602827, 43.055124189838494], [-70.71717722218322, 43.05513310039669], [-70.717146993818, 43.05512170146107], [-70.71713216629244, 43.05509742417156], [-70.71714016768686, 43.05507147828795], [-70.71718619812701, 43.05504398992488], [-70.71721990568598, 43.054994103064814], [-70.71729431883395, 43.0549334057868], [-70.71733053165966, 43.05488508028597], [-70.717369073327, 43.054869251329734], [-70.7175667137628, 43.05468104146221], [-70.71761773162797, 43.05464114262243], [-70.71767291640789, 43.05462815962511], [-70.71768431825075, 43.05463161434302], [-70.71770946447893, 43.05463518303761], [-70.71775306607033, 43.05463050435524], [-70.71780127501756, 43.054624183777854], [-70.71783795260352, 43.054622807814006], [-70.71786322833603, 43.054617977139344], [-70.71787305252504, 43.05461051968278], [-70.71791725910647, 43.05463474609982], [-70.71793447593718, 43.054632649368024], [-70.71794308435254, 43.05462426244005], [-70.71792873699361, 43.05460119838228], [-70.71792873699361, 43.054599101649316], [-70.71793734540898, 43.05458442451663], [-70.71795870375011, 43.05457538910987], [-70.71796030118325, 43.05457603758207], [-70.71798585285158, 43.05458381704097], [-70.7179947348447, 43.05458652125009], [-70.7180320379779, 43.05460539184798], [-70.71805499375219, 43.054607488580714], [-70.71809229688542, 43.05459700491629], [-70.71813246949041, 43.05458232778309], [-70.71819272839792, 43.05457394084826], [-70.71825011783363, 43.05456555391227], [-70.71827307360793, 43.05457184411437], [-70.71827700445525, 43.05457138980186], [-70.71829002904532, 43.05457447277369], [-70.71836778439662, 43.05458351755767], [-70.71841154121377, 43.05456875941925], [-70.71843462401408, 43.054559975688264], [-70.71844610921387, 43.05455560520609], [-70.71845668868517, 43.05455612421033], [-70.71848731643937, 43.054557626731096], [-70.71853344158188, 43.05453784792373], [-70.71853457038102, 43.054532133133605], [-70.71853841125463, 43.05451268787094], [-70.71857287567576, 43.05450625308872], [-70.7186092426279, 43.05452503528672], [-70.718613358258, 43.054555310857815], [-70.71857389827251, 43.05458858557387], [-70.71849101789097, 43.054614780184565], [-70.71844623438163, 43.054603419248856], [-70.71843624743333, 43.05460088569998], [-70.71836296996416, 43.05459859839789], [-70.71834469170358, 43.054612154707115]]]}, "properties": {"id": 42, "Hectares": 0.9664887742, "Acres": 0.3911247341, "Year": "2019", "LABEL": "Little Harbor/Back Channel", "Type": 1, "Name": "Eelgrass"}}, {"type": "Feature", "geometry": {"type": "Polygon", "coordinates": [[[-70.74116933737625, 43.06781955185357], [-70.74116476894294, 43.06782564181716], [-70.74112915599775, 43.06789680754934], [-70.7411044918474, 43.067912423377884], [-70.74106006349241, 43.06791242337788], [-70.74099512974281, 43.067907430007736], [-70.74095126635257, 43.06790598839968], [-70.74091174375778, 43.06790824217819], [-70.74086633211604, 43.06789469987457], [-70.74084446225439, 43.06787830765967], [-70.74077382171558, 43.067887870656634], [-70.7407279830146, 43.0679027015746], [-70.74069985251202, 43.06793490449886], [-70.74069761615188, 43.06799163986555], [-70.7407015794617, 43.06800383339266], [-70.74070757775839, 43.06802880675764], [-70.74071328635118, 43.068052573948165], [-70.7406922952001, 43.0680696328195], [-70.74066046062761, 43.06807241557405], [-70.74063845346109, 43.06806514330127], [-70.74061281925442, 43.068050720772824], [-70.74061103985902, 43.06804971963425], [-70.74058923103637, 43.068029274046246], [-70.74054391092018, 43.068009651627484], [-70.74047787428796, 43.06798884806128], [-70.74040323979952, 43.0679882439556], [-70.740361532038, 43.068004121618856], [-70.74032339071813, 43.06805853941581], [-70.74032302446524, 43.06808285936306], [-70.74030738392052, 43.068112112859204], [-70.74028097872268, 43.06812630122234], [-70.7402603531027, 43.068122144556064], [-70.74020225448463, 43.068014787375915], [-70.74023984770808, 43.067949873640885], [-70.74029452876037, 43.06786248965825], [-70.74035604494419, 43.06779258238246], [-70.74038179132268, 43.06778213299591], [-70.74041819896132, 43.067792739326485], [-70.7405599855405, 43.06780131897951], [-70.74063757100744, 43.067793427384146], [-70.74067808328218, 43.067774095769146], [-70.74071438437802, 43.0677500666022], [-70.74073376449398, 43.06774819651095], [-70.74075864256179, 43.06774839781217], [-70.74076659968368, 43.06777075820038], [-70.74076196916563, 43.067791805383955], [-70.74075769686232, 43.06781122435352], [-70.74076844873137, 43.067831580445336], [-70.74080997324403, 43.06782786260705], [-70.74083260567957, 43.06779358826213], [-70.74083964466172, 43.067784370240666], [-70.74085932146988, 43.067781444957184], [-70.74090003164524, 43.06777062621714], [-70.74096084525681, 43.0677711181934], [-70.7410064554665, 43.06777148715439], [-70.7410578603188, 43.067723594537355], [-70.74107790559641, 43.06769499434725], [-70.74108358664282, 43.0676902941284], [-70.7411198172737, 43.067682528736285], [-70.74116051926731, 43.06768093380134], [-70.74116852108803, 43.06768062024291], [-70.74119360602609, 43.06768312553413], [-70.74122500549588, 43.06768337947623], [-70.74126258095833, 43.06769059058955], [-70.74126394312862, 43.06770441607423], [-70.74125250306365, 43.067734254906995], [-70.74121283806325, 43.06776156306315], [-70.74116933737625, 43.06781955185357]]]}, "properties": {"id": 43, "Hectares": 1.00477141689, "Acres": 0.40661719386, "Year": "2019", "LABEL": "Little Harbor/Back Channel", "Type": 1, "Name": "Eelgrass"}}, {"type": "Feature", "geometry": {"type": "Polygon", "coordinates": [[[-70.73679731872805, 43.06936689398619], [-70.73676412956213, 43.069346155393056], [-70.73674159841997, 43.06931001862015], [-70.73673109276129, 43.06929012629869], [-70.73673109379352, 43.06929012439431], [-70.73674674694735, 43.06926052334536], [-70.73680277489625, 43.06924239848297], [-70.7368749480456, 43.06925135548895], [-70.73693099756103, 43.06928645185963], [-70.73695630995879, 43.06932138009975], [-70.73702099719748, 43.06935014451784], [-70.73708828141459, 43.06936652884346], [-70.73710102105382, 43.069386961191285], [-70.7370888445405, 43.06942916071656], [-70.73705961766848, 43.06945430235225], [-70.73699622619587, 43.06944955751311], [-70.73695626101961, 43.069421738829995], [-70.73691030345664, 43.069408675898615], [-70.73688663095226, 43.06940541442345], [-70.7368775602769, 43.069378908922396], [-70.73681287303818, 43.06936452672182], [-70.73679731872805, 43.06936689398619]]]}, "properties": {"id": 44, "Hectares": 0.21391151955, "Acres": 0.08656705431, "Year": "2019", "LABEL": "Little Harbor/Back Channel", "Type": 1, "Name": "Eelgrass"}}, {"type": "Feature", "geometry": {"type": "Polygon", "coordinates": [[[-70.74200885119691, 43.06973931004507], [-70.7420160036448, 43.06973242432461], [-70.74206155946828, 43.06973650845914], [-70.74208678758596, 43.0697441443649], [-70.74211663686977, 43.069781545858206], [-70.74212690467229, 43.06979928206542], [-70.74213149803836, 43.069801102168405], [-70.7421519867602, 43.069817482974535], [-70.74216535144565, 43.06984799458271], [-70.7421644606368, 43.06985035631655], [-70.74216906358414, 43.06986604822836], [-70.74217077236703, 43.06987915540524], [-70.74216393723549, 43.069902873146766], [-70.7421357423179, 43.06992034937151], [-70.74210268573734, 43.06992412258126], [-70.74205112418598, 43.069940635090916], [-70.74201747119083, 43.069938010635944], [-70.74200449633436, 43.069933970549236], [-70.74199408103124, 43.06993072745005], [-70.74198890664633, 43.06992461847229], [-70.74198542784762, 43.06991450941748], [-70.74198622381554, 43.06990599390154], [-70.741987078207, 43.069893510881485], [-70.7419810974669, 43.069871041438915], [-70.74197853429257, 43.06984919613966], [-70.74198964138132, 43.06983109574293], [-70.74199814376524, 43.06981418753579], [-70.74198191089536, 43.06979247333272], [-70.7419872727925, 43.069766967037296], [-70.74200510670792, 43.069739736549806], [-70.74200885119691, 43.06973931004507]]]}, "properties": {"id": 45, "Hectares": 0.16454514122, "Acres": 0.06658915895, "Year": "2019", "LABEL": "Little Harbor/Back Channel", "Type": 1, "Name": "Eelgrass"}}, {"type": "Feature", "geometry": {"type": "Polygon", "coordinates": [[[-70.74273405936461, 43.069757889862906], [-70.74273483596684, 43.0697583428538], [-70.74274297671599, 43.06976854312757], [-70.7427497048636, 43.069780758904194], [-70.74276044250688, 43.06980212814273], [-70.74276431500985, 43.06982040158859], [-70.74276695756458, 43.06982853055967], [-70.74276742357067, 43.06983371852895], [-70.74276036744715, 43.06983708563263], [-70.74275525255256, 43.06984616920068], [-70.7427550332733, 43.06986076721507], [-70.74277035318984, 43.06987855179834], [-70.74276993202103, 43.06990659056465], [-70.74278059358738, 43.06993302645863], [-70.74278976583261, 43.0699435899596], [-70.74278764298815, 43.06994843615081], [-70.74280643959987, 43.069972153865535], [-70.74281669229718, 43.06998588516987], [-70.74282010986295, 43.06999337497091], [-70.74283521783609, 43.069991252535054], [-70.7428350573676, 43.07000193622873], [-70.7427774812705, 43.070008494641215], [-70.74277724795904, 43.070006127291734], [-70.74275235452299, 43.069976198049154], [-70.74274047983542, 43.069968106709915], [-70.74273637950162, 43.06995342935469], [-70.74271074775837, 43.069914732014105], [-70.74266290183762, 43.069879779556466], [-70.74263159179588, 43.069866709467526], [-70.74262766442372, 43.069841414081], [-70.74264126752554, 43.069817256357005], [-70.74263630510927, 43.06981053426908], [-70.74263677113653, 43.0697795134892], [-70.74265963743332, 43.06974867358962], [-70.7426995697823, 43.06974169613684], [-70.74271908069896, 43.06975085700508], [-70.74273405936461, 43.069757889862906]]]}, "properties": {"id": 46, "Hectares": 0.13064960253, "Acres": 0.05287209993, "Year": "2019", "LABEL": "Little Harbor/Back Channel", "Type": 1, "Name": "Eelgrass"}}, {"type": "Feature", "geometry": {"type": "Polygon", "coordinates": [[[-70.74247408497133, 43.07066787685823], [-70.7424765052575, 43.07066735221257], [-70.74249722274861, 43.07066853298858], [-70.74252044576562, 43.07068696271816], [-70.74252018692803, 43.070704189350224], [-70.74250466318011, 43.070725346517854], [-70.74248642073454, 43.070743441363376], [-70.74246220830341, 43.07075031594411], [-70.74244520052439, 43.070762513258835], [-70.74242808905491, 43.07076372982797], [-70.74241041826934, 43.070764986159894], [-70.74238789563861, 43.07077028883441], [-70.74235841203355, 43.07074450106572], [-70.74238144336695, 43.07070271272353], [-70.74243171607968, 43.070670269267914], [-70.74246910525919, 43.07066692130233], [-70.74247408497133, 43.07066787685823]]]}, "properties": {"id": 47, "Hectares": 0.06141058629, "Acres": 0.02485202092, "Year": "2019", "LABEL": "Little Harbor/Back Channel", "Type": 1, "Name": "Eelgrass"}}, {"type": "Feature", "geometry": {"type": "Polygon", "coordinates": [[[-70.86679826933364, 43.07405737409403], [-70.86679911384311, 43.07410734214593], [-70.86678096267347, 43.07423413084913], [-70.86672836783812, 43.074304902444005], [-70.86669577426615, 43.07447156228976], [-70.86670466342214, 43.07461874203637], [-70.86671009198763, 43.07465522350614], [-70.86663809148521, 43.07498418695275], [-70.86662048077304, 43.07546621887445], [-70.86660932931326, 43.07563647168041], [-70.86648591917816, 43.07608461977119], [-70.86644117708317, 43.07628888035285], [-70.8663293218457, 43.076926168991655], [-70.86627898698882, 43.07742047164095], [-70.86629198151192, 43.07743945488783], [-70.86627338317791, 43.07752126312208], [-70.86628798506388, 43.077575215464144], [-70.86624954894701, 43.07767874169828], [-70.86619509556071, 43.07772685557889], [-70.86616137490869, 43.077765853915594], [-70.86616538795862, 43.07778734967855], [-70.86614760964662, 43.07784578557586], [-70.86614760964662, 43.07790422141745], [-70.86615649880262, 43.07798213578621], [-70.86613872049064, 43.07806870719086], [-70.86612235847406, 43.0781017487723], [-70.86612936433963, 43.07817140237681], [-70.86607438884865, 43.07829173415404], [-70.86604132505452, 43.078438320051255], [-70.86589683221416, 43.078597176644934], [-70.86574043227317, 43.0786450211474], [-70.8654826938484, 43.078613853445766], [-70.8651496398193, 43.078556056810285], [-70.86503435589547, 43.07852262321093], [-70.86493208286421, 43.07851538149315], [-70.86475877442066, 43.078494591484784], [-70.86464361848216, 43.07845137057392], [-70.8645510123133, 43.07838546937988], [-70.86444471484339, 43.078345572967386], [-70.86429365873957, 43.07832493825325], [-70.864160276354, 43.078314215102175], [-70.86406686187395, 43.078310297341034], [-70.86401371334667, 43.07829034892368], [-70.86398722426661, 43.07827385009334], [-70.86393390544477, 43.07826695086416], [-70.8638670226809, 43.078276269476724], [-70.86377296933107, 43.07832128606769], [-70.86362046496224, 43.0784115688698], [-70.86351004291572, 43.078476512410134], [-70.86347629098246, 43.078545540944305], [-70.86347583813865, 43.078580209274385], [-70.86343527356537, 43.078619075800994], [-70.86339898883284, 43.07867102277495], [-70.86336283189567, 43.07871318281995], [-70.86329098672437, 43.078761617514196], [-70.86318400738601, 43.07877391682045], [-70.8630466428676, 43.07872727575917], [-70.8630117647881, 43.07867156653395], [-70.86296768757845, 43.078638630921276], [-70.86290563841925, 43.07861861947688], [-70.86281269270104, 43.07857881533229], [-70.86276001351712, 43.07852298097851], [-70.86272513581176, 43.078467271666966], [-70.86269432462414, 43.07844095435835], [-70.86255770925194, 43.07838507756265], [-70.86254678610986, 43.07837773096957], [-70.86252233975517, 43.07831902951265], [-70.86248352402836, 43.07822414119323], [-70.86245823004715, 43.078116297469606], [-70.86248859997288, 43.07806624291382], [-70.86248358853064, 43.078056024368244], [-70.86250601874188, 43.07802325721866], [-70.86250898179387, 43.07794534290218], [-70.86245290112379, 43.07792308056667], [-70.86244964627923, 43.07789763510836], [-70.86244462894011, 43.07784772176464], [-70.86237768081386, 43.07776412109544], [-70.86238400274176, 43.07771428744655], [-70.86245247278323, 43.07768151661488], [-70.8624756403559, 43.07764427087008], [-70.86249924271804, 43.077573776119586], [-70.86250874597746, 43.077567397977575], [-70.86247074409596, 43.077499753045075], [-70.86233945474872, 43.07732917481892], [-70.86227072568148, 43.07713946059083], [-70.86233931427127, 43.076999650676726], [-70.8623184712463, 43.0768918381856], [-70.86222642471574, 43.07678352515719], [-70.86220812579579, 43.07670656970582], [-70.86217303811999, 43.076664115042], [-70.86217444802554, 43.076556344374154], [-70.8621803198987, 43.076458709502994], [-70.86225378229241, 43.07646259408532], [-70.8623075905722, 43.07656401662217], [-70.86234409009415, 43.0766069664663], [-70.86239338703419, 43.07660851805326], [-70.86249488864853, 43.076674483522226], [-70.86262703016436, 43.07677981546177], [-70.86286276409741, 43.07679125939735], [-70.8630538797945, 43.07673890984441], [-70.86314347562971, 43.07674145272093], [-70.86324640167777, 43.07679964558585], [-70.86344065211743, 43.07705361997702], [-70.86351982876785, 43.07732362714315], [-70.86356891369701, 43.07743512035147], [-70.86377363117145, 43.07759149147614], [-70.86401734567083, 43.07757636049991], [-70.86418966188197, 43.077399057476555], [-70.86419120013994, 43.0772811832654], [-70.86428545749769, 43.0770999645117], [-70.86420036509945, 43.0769309606694], [-70.86421568585699, 43.07681318309942], [-70.86402881899096, 43.076697355672756], [-70.86391479999291, 43.07663256114913], [-70.86378143721171, 43.07664172994191], [-70.86368425604543, 43.076694938338306], [-70.86358331620362, 43.0766841255533], [-70.86346360381555, 43.07670349420302], [-70.86338130464986, 43.07667260321996], [-70.8633430311633, 43.07661187531271], [-70.8633840089536, 43.07656357227456], [-70.86339599887117, 43.07649268816623], [-70.86339932768557, 43.076485210808166], [-70.86345034562459, 43.07644302382888], [-70.86347349143038, 43.076374671566015], [-70.8634300547776, 43.076292801525554], [-70.86336466562929, 43.07618793912172], [-70.86341057366477, 43.076080595382116], [-70.8633935826252, 43.07601848659419], [-70.86331950658654, 43.0758972501491], [-70.86329399894063, 43.075805718098124], [-70.8633046465759, 43.07567202598977], [-70.86330601033544, 43.075567632158766], [-70.86326999859153, 43.07534173197883], [-70.86333758122372, 43.075275404571755], [-70.86337133943505, 43.075107853622555], [-70.86335954369814, 43.07509983988469], [-70.86322791879326, 43.07501041689016], [-70.86307306927687, 43.07498232921032], [-70.86299612820441, 43.075031932389045], [-70.86288410768313, 43.075148790011056], [-70.86283248874624, 43.07527378621995], [-70.86264683690526, 43.075388197754094], [-70.86259359528346, 43.075436038575766], [-70.86253749606664, 43.07550121666261], [-70.86240060564815, 43.075507969016485], [-70.86226421969516, 43.07547615281693], [-70.8621532817842, 43.07551008766149], [-70.86209745956455, 43.07555405291427], [-70.86205686560899, 43.07564055434421], [-70.86201449887086, 43.07566147100432], [-70.86188054146405, 43.075645100198805], [-70.86179659025824, 43.07562715237636], [-70.86173613756273, 43.075622869964356], [-70.86160364959879, 43.07569522461993], [-70.86160807765174, 43.075758899463445], [-70.86165745278977, 43.07580553314143], [-70.86174385808874, 43.07583699850462], [-70.86183188451818, 43.075945619069984], [-70.8618963116448, 43.07604828780995], [-70.86191399393459, 43.07610434146512], [-70.86200242477783, 43.07618210719433], [-70.86200930723788, 43.076259299452154], [-70.86195606436014, 43.076307139959845], [-70.86182137362776, 43.07634669322704], [-70.86176294504033, 43.076388711381014], [-70.86170191100885, 43.0764287825804], [-70.86163101084145, 43.076418640830205], [-70.86159769657611, 43.07635090557962], [-70.86158054469026, 43.07625435508317], [-70.86141605425792, 43.076158696456254], [-70.86135375334135, 43.07609461434312], [-70.86127382136573, 43.07597062161137], [-70.86124581941344, 43.075899066449594], [-70.86123024458283, 43.07588194587963], [-70.86112020815398, 43.07584803875862], [-70.860894660344, 43.0757943786706], [-70.86073017221311, 43.07569871906863], [-70.86065747656116, 43.07562492037887], [-70.86061665122695, 43.075528202978965], [-70.86054152757502, 43.07543895833699], [-70.86037382885617, 43.0753876333268], [-70.86023574935389, 43.07528444469617], [-70.86012147174819, 43.07517178067823], [-70.86004404751948, 43.07505744773108], [-70.8599589090237, 43.07492956016835], [-70.85993433995759, 43.07489443636744], [-70.85992348455575, 43.074823042261166], [-70.85999060218299, 43.07471956652483], [-70.86005249553503, 43.07441335589287], [-70.86017142486149, 43.07417119091087], [-70.8602868124692, 43.073998430336786], [-70.86046447037981, 43.07369110655626], [-70.8605691321112, 43.07353369889349], [-70.86069319224299, 43.07330121245893], [-70.86089912422669, 43.07304423063683], [-70.86098534527645, 43.07288862132064], [-70.86103590492795, 43.07284461953896], [-70.8611050544788, 43.072787248418734], [-70.8612160890389, 43.07274560085976], [-70.86135312491747, 43.072727279351234], [-70.86138658850805, 43.07278344417781], [-70.8613379525712, 43.072881460387364], [-70.86128127357952, 43.07299099155239], [-70.86137235491135, 43.07306684786153], [-70.86157211865735, 43.07307982507175], [-70.8617801776898, 43.07306200271929], [-70.8619403331618, 43.07308627227086], [-70.86210825402289, 43.07312023918389], [-70.8623628291858, 43.07316638653177], [-70.86254377678671, 43.07321008735312], [-70.86266377000865, 43.0732880743932], [-70.86272023601558, 43.07333467189445], [-70.862822897261, 43.07335997584658], [-70.86282234076043, 43.07340255292458], [-70.86278053872239, 43.07342659126515], [-70.86277995751053, 43.07342746067769], [-70.86274950753824, 43.07347300958536], [-70.8627435522856, 43.073505410404174], [-70.86275145156611, 43.07353588088907], [-70.86275226364201, 43.07353772563816], [-70.86280517366724, 43.07365791824726], [-70.86282894158097, 43.07376723690895], [-70.86285693126555, 43.07380629550375], [-70.86289206957215, 43.073935758344255], [-70.86301770364857, 43.07398485566717], [-70.86318307265309, 43.07401301728718], [-70.86324727333715, 43.074133041086284], [-70.86324568619692, 43.07425453156997], [-70.86322376030333, 43.07432187852987], [-70.86323648461045, 43.074354754020874], [-70.86331216509787, 43.07440157168397], [-70.86333671757232, 43.07440977865759], [-70.86345406214687, 43.07441413934975], [-70.86353837290909, 43.07440537900779], [-70.86358663911906, 43.074367362786546], [-70.86358685980728, 43.07435046275128], [-70.86362801786046, 43.07433203599815], [-70.86365587741012, 43.07428522981097], [-70.86365717868851, 43.074284365995176], [-70.8637186845877, 43.074234105943056], [-70.86377170818825, 43.074197980003476], [-70.86383571486947, 43.074168014092066], [-70.86394096784228, 43.07415658648216], [-70.86403518469567, 43.07414305370213], [-70.8641130722806, 43.07410912966396], [-70.86416330345443, 43.07407501162326], [-70.86422483518649, 43.07402272381187], [-70.86431141617422, 43.073958445610394], [-70.86435057700568, 43.073904051441346], [-70.86435214815413, 43.073903284216335], [-70.86446456462839, 43.0737897070005], [-70.86461511095867, 43.0736763969292], [-70.86470686078599, 43.07355250880717], [-70.86478507608022, 43.07340311124338], [-70.8648213982629, 43.07333759645662], [-70.86482486890154, 43.07333520608312], [-70.8649252167703, 43.07316732102174], [-70.86493416359677, 43.07315704641226], [-70.8649945429167, 43.07310694724524], [-70.86512374288547, 43.07306406641295], [-70.86529358564165, 43.07307536039026], [-70.86550853395279, 43.07315096467696], [-70.86568240073082, 43.07320607213902], [-70.86580241261908, 43.073163126227186], [-70.86599999463888, 43.073161140707185], [-70.86634777329594, 43.073267986044144], [-70.86661115382299, 43.07350559794594], [-70.8666941017033, 43.07383962421158], [-70.86679826933364, 43.07405737409403]]]}, "properties": {"id": 48, "Hectares": 130.94692776545, "Acres": 52.99242336879, "Year": "2019", "LABEL": "Great Bay", "Type": 1, "Name": "Eelgrass"}}, {"type": "Feature", "geometry": {"type": "Polygon", "coordinates": [[[-70.84222502591838, 43.058117377774096], [-70.84229916152792, 43.0579619206105], [-70.84231234358367, 43.05769451765588], [-70.84226821599997, 43.05740558358365], [-70.84245360877927, 43.057181657585126], [-70.8427344213541, 43.0570006548524], [-70.84269875988414, 43.05679625490711], [-70.84255675988207, 43.056647404559534], [-70.84260692087803, 43.0564858591143], [-70.84267552473779, 43.056380761805684], [-70.84346467923974, 43.056231574094454], [-70.84380175796643, 43.05614952533917], [-70.84424460773918, 43.056054156943354], [-70.84455665024728, 43.05569034916869], [-70.844713328203, 43.05545917371557], [-70.84479077369807, 43.05541045399733], [-70.84515748709968, 43.05526525926067], [-70.84547479799811, 43.05522530017925], [-70.84599254836448, 43.05527125090112], [-70.84618489188429, 43.05524447243029], [-70.84643463800742, 43.05523218393272], [-70.84685781162234, 43.05517186147709], [-70.84709936503414, 43.055053921495976], [-70.84722760859933, 43.054947153383374], [-70.8472797340001, 43.05497905652764], [-70.84735919881692, 43.054982641455226], [-70.8474888963076, 43.054985835235854], [-70.84751030008923, 43.054980573000826], [-70.8475387429038, 43.054988252624085], [-70.84758108679365, 43.05500808416657], [-70.84763858116582, 43.055014992540656], [-70.84766489497731, 43.05499162553398], [-70.84766879762302, 43.05493049074612], [-70.84764175249164, 43.05487366503955], [-70.84765801013097, 43.05481261867516], [-70.84778824979625, 43.05477504084966], [-70.84791173925734, 43.05478045501338], [-70.84801972476052, 43.05479028870585], [-70.84802106999976, 43.054789584765814], [-70.84827169022957, 43.05465843904537], [-70.84904510653752, 43.05475419930259], [-70.84917952296189, 43.0548062972617], [-70.84938549892338, 43.05487927036338], [-70.84939415588121, 43.054890964304896], [-70.8496048479135, 43.05500268147568], [-70.84981657324937, 43.05503660845971], [-70.85006365812565, 43.05507078737815], [-70.8500987593827, 43.05509048714374], [-70.85032678911611, 43.05522825908685], [-70.85058906181423, 43.05545055504161], [-70.85087742647163, 43.05570545188091], [-70.85110253923459, 43.05606362676903], [-70.85121419462953, 43.056310780133664], [-70.85140429482051, 43.056642772511594], [-70.85162159826717, 43.056925283871124], [-70.85164065224154, 43.057056771801946], [-70.85172371451362, 43.05725263937637], [-70.85179731608903, 43.05732512354453], [-70.8518218150234, 43.0573186142133], [-70.8518407568061, 43.05728574369333], [-70.85183957487831, 43.05727987121098], [-70.85186018819168, 43.05730362786998], [-70.85198108338002, 43.05750264236784], [-70.8522842612549, 43.05792941552113], [-70.85251376334809, 43.05808957153856], [-70.85273644518428, 43.0581817401583], [-70.85298034144162, 43.05842125910739], [-70.85334865861446, 43.05859372346058], [-70.8537575227655, 43.05861927475201], [-70.8539886761485, 43.0586548857579], [-70.85444993759967, 43.05880536044037], [-70.85492567069726, 43.0590295358697], [-70.85562417233025, 43.059340211386285], [-70.85623693867547, 43.05971255236378], [-70.85644922826411, 43.06000845537466], [-70.85643301943102, 43.06005631830207], [-70.85641683228998, 43.06010411709646], [-70.85636244661892, 43.06013064575615], [-70.85627155649408, 43.06013763100324], [-70.85606792110595, 43.06015328087869], [-70.8558970061752, 43.06011384605908], [-70.8555965282424, 43.06002300163749], [-70.85530641161763, 43.05993972746613], [-70.85489195929655, 43.05981103079699], [-70.85474309628832, 43.05975951032683], [-70.85455465598672, 43.05970941270626], [-70.85438986655373, 43.05967822682172], [-70.85421903947571, 43.059627474671125], [-70.85394999170327, 43.05953781043909], [-70.85356068363501, 43.05949258341788], [-70.85346050840613, 43.059477717756685], [-70.85336828790021, 43.059493348580446], [-70.85334830400656, 43.05949673571992], [-70.85320469494567, 43.0595551610772], [-70.85293512494451, 43.059505121486694], [-70.85268148250404, 43.05941839458333], [-70.8525210443902, 43.059289868745175], [-70.85213484894948, 43.05900970533748], [-70.85206653184981, 43.05887085387354], [-70.85195970912487, 43.05879280350927], [-70.8518750213902, 43.058720097549774], [-70.85184245987627, 43.058642454800626], [-70.85179370384937, 43.05853453846504], [-70.85171911497397, 43.05849524977456], [-70.8516901954443, 43.058480016773395], [-70.85162146488281, 43.05842291192369], [-70.85161441970277, 43.058371907929434], [-70.85158027946238, 43.05832637248393], [-70.85155790677308, 43.058266767008945], [-70.85153984407363, 43.05817322301725], [-70.8515104378734, 43.05809198606198], [-70.85146754699358, 43.058075491978336], [-70.85142092110745, 43.058041424203495], [-70.85138465652936, 43.0579978931303], [-70.85132766933522, 43.05796003999808], [-70.85129399508412, 43.05792597215907], [-70.85115670775275, 43.05784648046116], [-70.85110231088562, 43.057808627235445], [-70.85107381728854, 43.05775752534367], [-70.85101683009438, 43.057723457392164], [-70.85092875897615, 43.057696960083454], [-70.85091321701412, 43.05766857009715], [-70.85093393963017, 43.05761557542085], [-70.85094689126521, 43.057581507390466], [-70.85094689126521, 43.05755122468093], [-70.85093205295952, 43.05753405837295], [-70.8509435504237, 43.05751819012063], [-70.85091275987416, 43.05750372731794], [-70.85084678012518, 43.05749729940456], [-70.85079006988688, 43.0574991009986], [-70.85080866870861, 43.05741785904177], [-70.85084041145163, 43.05735297767916], [-70.85078719777472, 43.05729032140376], [-70.85074222951937, 43.05718809313949], [-70.85075088765336, 43.057117385668136], [-70.85080953723751, 43.057061188454675], [-70.85077146332148, 43.05702128625067], [-70.85060912105796, 43.05703711329233], [-70.85055080916877, 43.05706783589806], [-70.85053105902495, 43.057101664263385], [-70.85050280061371, 43.057194878074284], [-70.85051302895334, 43.05729685867346], [-70.85054664228255, 43.05738202143849], [-70.8505918355758, 43.05746726677306], [-70.85054715001819, 43.057549684384405], [-70.85050368543047, 43.05756800641486], [-70.85045455991795, 43.05759791844608], [-70.85044436782589, 43.05763639476343], [-70.85045213880692, 43.05773670604221], [-70.85049358403901, 43.05781998320561], [-70.85049358403901, 43.05784269513962], [-70.8505609325412, 43.057929757475456], [-70.85057388417623, 43.05800735640972], [-70.85057162007844, 43.058020177177966], [-70.85056352286821, 43.05806602870942], [-70.85056870352223, 43.058083062592395], [-70.8505246679631, 43.05815119807689], [-70.85035888703466, 43.0581720172376], [-70.85029153853249, 43.0581511980769], [-70.85020087708725, 43.058088740552314], [-70.85018593417466, 43.05806235486321], [-70.85016979316316, 43.058033853584256], [-70.85014907054712, 43.05802628296415], [-70.85009726400698, 43.05801871234307], [-70.85007913171793, 43.05796382531233], [-70.85006618008289, 43.05790704557368], [-70.84991076046249, 43.05784648046116], [-70.84976052149608, 43.057801056587515], [-70.84965172776181, 43.05779159327626], [-70.84952221141145, 43.057804841911604], [-70.8494886336374, 43.05782545057127], [-70.84945387021043, 43.05783198317442], [-70.84944450160125, 43.05782755385122], [-70.8494600435633, 43.0577934859386], [-70.8494626338903, 43.057765095997], [-70.8494185983312, 43.05775563268019], [-70.84929167230787, 43.05777834463805], [-70.84923209478671, 43.057797271263176], [-70.8491932398816, 43.057831339173674], [-70.84919064955459, 43.057855943763926], [-70.84920101086261, 43.057886226323006], [-70.84919566678238, 43.057890131054215], [-70.84913884301446, 43.05793165013357], [-70.8490818558203, 43.05795246936881], [-70.8490740848393, 43.0579524693688], [-70.8490378202612, 43.0579335427916], [-70.84902161510215, 43.057910938158315], [-70.84900496690227, 43.05791136330136], [-70.84891518149152, 43.057828885672976], [-70.84892384587289, 43.05780862723545], [-70.8489264361999, 43.05778780795135], [-70.84888240064079, 43.05777455931232], [-70.84886000107092, 43.05777819633363], [-70.84885908769773, 43.05777834463806], [-70.84885848518971, 43.057776803826975], [-70.84884354573568, 43.05773859870629], [-70.84885390704372, 43.05772156472764], [-70.84883577475466, 43.05771399406896], [-70.84878696142619, 43.057702402547285], [-70.84873216167439, 43.05768938942172], [-70.84867776480725, 43.05766478476463], [-70.84864668088316, 43.05763639476344], [-70.84863374232283, 43.05761208503392], [-70.84862854859412, 43.05760232674463], [-70.84865186153718, 43.05758340005933], [-70.84869071644229, 43.0575531173507], [-70.8487036680773, 43.0575266199684], [-70.8486984874233, 43.05750580058853], [-70.84867517448025, 43.05749255188861], [-70.84866802814044, 43.057489941085215], [-70.84864195566671, 43.05749863730352], [-70.84860653872215, 43.05754933794746], [-70.84852514084963, 43.05757423294534], [-70.8484635696334, 43.05755963889585], [-70.84837471524516, 43.05756466509852], [-70.84830077368326, 43.057609428628446], [-70.8482536635549, 43.057668537842936], [-70.84824530363603, 43.05771660110647], [-70.84825242124518, 43.05776194429344], [-70.84828322574674, 43.057767826130224], [-70.84831766437173, 43.0577907185532], [-70.84832107263462, 43.05782471213848], [-70.84831263745882, 43.05787843640282], [-70.84840467478378, 43.05792438682614], [-70.84848921808394, 43.05795329898995], [-70.84853130159765, 43.05798190754147], [-70.84856105254173, 43.05806704326385], [-70.8485677941024, 43.05814069141585], [-70.84855376799374, 43.05832459102978], [-70.84856883171088, 43.05835300639534], [-70.84856073536413, 43.05838125618877], [-70.84849390899397, 43.05839801590142], [-70.84837942768515, 43.05837146756578], [-70.84829889445433, 43.05833126093005], [-70.84822477315421, 43.05830113085859], [-70.84820310954554, 43.05827679131863], [-70.84814573657546, 43.058236750218484], [-70.84805755898388, 43.05819082719948], [-70.84794262516597, 43.058124897316894], [-70.84788960211941, 43.058048087230745], [-70.847821252256, 43.05796267514633], [-70.84780255499474, 43.05791724907489], [-70.84777700416024, 43.05780666630094], [-70.84777723016673, 43.057789683312215], [-70.84776292031732, 43.05770465788092], [-70.847753299179, 43.05755738910865], [-70.84773914008808, 43.05746104167861], [-70.84774045850155, 43.05736197423854], [-70.84779585376286, 43.05726046300005], [-70.84781624576352, 43.05717851664695], [-70.84781690388479, 43.05712905940429], [-70.84778224528172, 43.05710314326377], [-70.84777418156152, 43.057044737703094], [-70.84785460506865, 43.05698048222348], [-70.84787349282726, 43.056889854030864], [-70.84787617178007, 43.056871972986244], [-70.84787217310813, 43.0568641816893], [-70.84786699245412, 43.05681497170303], [-70.84786699245412, 43.056799830160834], [-70.84788253441617, 43.056777117840525], [-70.84787735376216, 43.05674683473374], [-70.847817776241, 43.05675819090054], [-70.84778669231692, 43.05677522514679], [-70.84772711479576, 43.056779010534214], [-70.84770380185269, 43.05679036669507], [-70.84767789858263, 43.056843362084535], [-70.8476649469476, 43.05688878666762], [-70.84766753727459, 43.056905820877624], [-70.84768566956365, 43.05696638691925], [-70.84764681465853, 43.057053450499296], [-70.8475587435403, 43.057123479810905], [-70.84752915271274, 43.057152075643266], [-70.84752304129958, 43.05716509516492], [-70.8474845389457, 43.05719518920135], [-70.84744330278787, 43.05722741997378], [-70.84743332071248, 43.05723522209968], [-70.84734776135973, 43.05728273261289], [-70.84727741551757, 43.057347336602255], [-70.84724214831144, 43.05738671482487], [-70.84717645378497, 43.05739190593243], [-70.84718118071034, 43.05732683212184], [-70.84713572838719, 43.0572613989635], [-70.84713262237919, 43.05720476136161], [-70.84720258695593, 43.05717338816853], [-70.84718832677834, 43.05713483590797], [-70.84727898822358, 43.05703641633032], [-70.84731417923486, 43.05701804977636], [-70.84735218320061, 43.05697699074307], [-70.84735425207892, 43.056931640386765], [-70.84736304937877, 43.05688664455904], [-70.84737819994993, 43.05686400105344], [-70.84741143452803, 43.056814329766745], [-70.8474202318279, 43.0567596918671], [-70.84736964735366, 43.05672755190339], [-70.84734765410401, 43.05673076590051], [-70.84733445815421, 43.05676290586255], [-70.84733445815431, 43.05677965420643], [-70.8472842730329, 43.0568813990678], [-70.84724321681233, 43.05691485489925], [-70.84723988718068, 43.0569155704521], [-70.84721528065265, 43.056920707424766], [-70.84720545595201, 43.05695334458564], [-70.84718142945646, 43.057018280197326], [-70.84712633498445, 43.05709714715207], [-70.84707540189957, 43.05715339773949], [-70.84704028548153, 43.05718145390941], [-70.84698961617016, 43.05721789097155], [-70.84694356084654, 43.05719774570368], [-70.84690946242902, 43.05714937839133], [-70.84690866517207, 43.05713392534036], [-70.84690684337932, 43.05713402836987], [-70.84683975841489, 43.057150852210704], [-70.8467845096863, 43.057164876743656], [-70.84679183700584, 43.05720530622561], [-70.84682252953722, 43.05726320752477], [-70.84681404954887, 43.05730929189716], [-70.84677021431511, 43.057352238894715], [-70.84676574375328, 43.05739258384841], [-70.84682419531968, 43.05743337960618], [-70.84688268538216, 43.05747129153943], [-70.84691357021383, 43.05751477383828], [-70.8468774849267, 43.057566428601845], [-70.84684934170954, 43.057612372110384], [-70.84684822751996, 43.05769600216251], [-70.8469062568315, 43.05776851962265], [-70.84697288147845, 43.05778630128922], [-70.84706440806195, 43.057706202886656], [-70.84711950358596, 43.057703713403654], [-70.8471744070802, 43.05771564286963], [-70.84724126216221, 43.057716121609516], [-70.84728440613381, 43.05772508274712], [-70.8473201071936, 43.05770226580685], [-70.84736024002964, 43.05764198767266], [-70.84736471022266, 43.05760164269444], [-70.84737318984286, 43.05755555828053], [-70.8474878890914, 43.05750735020822], [-70.84755127195987, 43.05747319506804], [-70.84764584715626, 43.05745945163308], [-70.84768108735555, 43.05747124012387], [-70.84767287664884, 43.05749713799427], [-70.84762113820754, 43.057542912825284], [-70.84750620865798, 43.057608423803586], [-70.84744201938116, 43.05770313861837], [-70.84726644827073, 43.05789223022913], [-70.84723489383222, 43.05791698276941], [-70.84717236003887, 43.057989168599285], [-70.84710557159437, 43.05807644408923], [-70.84707866453434, 43.058106791010374], [-70.84707389994523, 43.058135663377286], [-70.84709214433339, 43.058215055531434], [-70.8471525472572, 43.0583173957407], [-70.84716516224495, 43.05833699927134], [-70.8472326799417, 43.05838219268117], [-70.84727081289914, 43.05842298101408], [-70.84731929705013, 43.05855071269488], [-70.84739873701481, 43.058673004441374], [-70.84745264297035, 43.058973451670845], [-70.84745034422279, 43.05914611200403], [-70.84741383242945, 43.05927889666615], [-70.84739673391856, 43.05940332799873], [-70.84736097563177, 43.05947950269603], [-70.84732196022549, 43.05951036179164], [-70.84731337315921, 43.05957540794518], [-70.847339903793, 43.059612397868634], [-70.8473742300185, 43.05964378206457], [-70.8474425810891, 43.05972919440132], [-70.84744421773152, 43.059896221351416], [-70.84757259768905, 43.06011227859004], [-70.8479494768298, 43.060511282864724], [-70.84814075202078, 43.060642866419904], [-70.84824763154967, 43.06073421537406], [-70.84838614559793, 43.06076917511305], [-70.84855539058144, 43.06081567745294], [-70.84871616291458, 43.060918734306696], [-70.84880820505913, 43.06096468442104], [-70.84894604282542, 43.061050592439194], [-70.84919953614094, 43.06114864959969], [-70.84945393255373, 43.06117877426092], [-70.84972444647723, 43.06115805962932], [-70.84999443424601, 43.06117697132895], [-70.85031861508794, 43.06118494593853], [-70.8504111094572, 43.061196928795454], [-70.85064257078547, 43.061209902621144], [-70.85081204392868, 43.061239418652754], [-70.85086341988615, 43.06123978492185], [-70.85104893236581, 43.061336667238166], [-70.85129331443494, 43.061440798224105], [-70.85135263283405, 43.06160094840488], [-70.85121099965106, 43.06175147560315], [-70.85089183955401, 43.06181063450883], [-70.85078632892055, 43.06182176799455], [-70.85054438608957, 43.06179699699726], [-70.84992630242452, 43.06180201373506], [-70.84983756660364, 43.06179327267562], [-70.84982629334085, 43.061787781709036], [-70.84968773586799, 43.061760464981134], [-70.84949859392091, 43.061744396311994], [-70.8492258776251, 43.06173154137361], [-70.84921684413726, 43.06173212545688], [-70.8490041460101, 43.06171117181478], [-70.84879691984956, 43.06172631214416], [-70.84864150022916, 43.06173388230746], [-70.84849644191678, 43.061688461313665], [-70.84837210622045, 43.06164304028622], [-70.84833186487883, 43.06164010018637], [-70.84826849314017, 43.061635470111696], [-70.8482374092161, 43.06167332097492], [-70.84825813183215, 43.06170360164866], [-70.84838246752847, 43.06174902263124], [-70.84842441408132, 43.0617621570455], [-70.84843397513147, 43.06178660621104], [-70.848413256507, 43.06186804496411], [-70.84837606877733, 43.06189103494589], [-70.84793135042504, 43.061918884100024], [-70.84751944408269, 43.061942882211156], [-70.84741143452801, 43.06190990340255], [-70.84696937020982, 43.061863304363975], [-70.84692423329837, 43.06186207654023], [-70.8466858036503, 43.061801896480375], [-70.84634560617543, 43.0618077713279], [-70.84615333381171, 43.06177314073201], [-70.8461449138943, 43.06177122257024], [-70.84599120158151, 43.06171170457936], [-70.84587544905527, 43.06167762225726], [-70.84583891137527, 43.06165449933768], [-70.845812693871, 43.061647365541575], [-70.84581032595264, 43.06164477046922], [-70.84574434620367, 43.06162388115908], [-70.84568707449529, 43.06162853049529], [-70.8456380976065, 43.061591908564075], [-70.84560825794362, 43.061509035072774], [-70.8455249197812, 43.061459813923264], [-70.84540366255332, 43.06143625294656], [-70.84533859374032, 43.06150872071351], [-70.8452645758436, 43.06158922806957], [-70.8451895716385, 43.06158213417406], [-70.84509994398857, 43.06153068261174], [-70.84503176491462, 43.061445518298065], [-70.84499877504014, 43.06136838825149], [-70.84489100811679, 43.06129447186583], [-70.84479203849331, 43.06127518931579], [-70.84472803602215, 43.061271592281244], [-70.84472170883805, 43.06126615898296], [-70.84450132098792, 43.06121469759374], [-70.84442173561413, 43.061237028392604], [-70.84440935594921, 43.06123341043655], [-70.8442861937511, 43.06121734162925], [-70.84420261940238, 43.0611964521735], [-70.84410584910387, 43.0611755627106], [-70.8439738896059, 43.06116270765298], [-70.84384632875786, 43.06115628012317], [-70.84377595035895, 43.06113860441267], [-70.84374076115948, 43.06108718413501], [-70.84370117331011, 43.06101166052401], [-70.84360880166152, 43.06095381258884], [-70.84354062258757, 43.060924888600795], [-70.84350103473817, 43.06089114393082], [-70.84347904148852, 43.060839723445625], [-70.84339844881718, 43.060822360438316], [-70.84337347389014, 43.060799551161566], [-70.84333001576461, 43.06078102928899], [-70.84329429819135, 43.060765806422616], [-70.84328000729457, 43.06075340731214], [-70.84327983789412, 43.060748370586154], [-70.84326048868766, 43.06070771204529], [-70.84323013211633, 43.06066373275063], [-70.84317951548958, 43.06064716079179], [-70.84315296319414, 43.06066771983223], [-70.84310085138189, 43.06064473475389], [-70.84305967967134, 43.06064088227924], [-70.84304839844134, 43.06063982668154], [-70.84296808356075, 43.060639248606286], [-70.8429033654788, 43.06062745633236], [-70.84282950163747, 43.06060653704641], [-70.84277132564439, 43.060567608393434], [-70.84269173886092, 43.060512668562474], [-70.84265521655529, 43.06047163047912], [-70.84261378987283, 43.06045342035512], [-70.84256615056863, 43.06043247928766], [-70.8424589821118, 43.060427214076306], [-70.84245809544456, 43.060427170513705], [-70.84232853856959, 43.06041264561675], [-70.8422869456469, 43.06036305041844], [-70.84226164229833, 43.06033287878268], [-70.84222236522311, 43.060266902595195], [-70.842185593503, 43.060233412058246], [-70.84215216776663, 43.06020296889734], [-70.84210120121483, 43.060096569212796], [-70.84208718223913, 43.06008703791695], [-70.84204139195975, 43.060047077231026], [-70.8419494321923, 43.05999546073389], [-70.84184967648426, 43.05994944950446], [-70.84178867372857, 43.059892394470275], [-70.84179034334569, 43.05976785278437], [-70.84178007783842, 43.059688894763035], [-70.84173819944289, 43.059625938584304], [-70.84162497772236, 43.059432630223945], [-70.84161166282648, 43.05927401129697], [-70.84163725213074, 43.05909302671947], [-70.84171552834944, 43.05901338597223], [-70.84171665414257, 43.058929414672896], [-70.84201403827765, 43.05863149679834], [-70.8422573794688, 43.05833318881259], [-70.84229330388018, 43.05823426947137], [-70.84222502591838, 43.058117377774096]], [[-70.84588311510217, 43.058481350444936], [-70.84588011318681, 43.058495106956634], [-70.84596060727152, 43.0585381457787], [-70.84599890547018, 43.05856106657603], [-70.84599451693781, 43.05860066584465], [-70.84598638162639, 43.058631745941156], [-70.84598184207431, 43.05868266719436], [-70.84595815336208, 43.058722128046114], [-70.84598070952717, 43.05876758208606], [-70.84601878137529, 43.05880748585526], [-70.84605704201378, 43.05883323713], [-70.84606052457187, 43.05886156977389], [-70.84605265349671, 43.05887283639914], [-70.84607543627038, 43.05890130744211], [-70.84608682766508, 43.0589155429619], [-70.84607475681499, 43.05895225637653], [-70.8460399408998, 43.0589576682479], [-70.84597469762927, 43.058928892693885], [-70.84589761000184, 43.05891984752082], [-70.84586729600474, 43.0588771685892], [-70.84586748478975, 43.05886301610802], [-70.84586029331093, 43.05882333378733], [-70.84584099312076, 43.05882319535209], [-70.84579883478354, 43.058800246813384], [-70.84579943894383, 43.05875495887362], [-70.84582717659478, 43.05870137326231], [-70.84582789400774, 43.05864759383249], [-70.84583216937621, 43.05861648606052], [-70.84585971814974, 43.05857705292113], [-70.8458562734554, 43.058545889774244], [-70.84581491577146, 43.05852360071044], [-70.84581384735732, 43.058525046193125], [-70.84581020190505, 43.05855724814806], [-70.84579214052168, 43.05857704313965], [-70.84576105659761, 43.05858839896752], [-70.84573372520707, 43.05858839896797], [-70.84572702729302, 43.05857142582241], [-70.84572054840557, 43.05856003393039], [-70.84570728793013, 43.05855993880067], [-70.84569612942256, 43.058567962615896], [-70.84567816769052, 43.05858890380903], [-70.84566900302416, 43.058613149659266], [-70.8456665413188, 43.05862495911682], [-70.84566191869297, 43.05864713507379], [-70.84563932052107, 43.05868425073001], [-70.84557511996779, 43.05869189396631], [-70.84557237181856, 43.058690783303064], [-70.84554654026147, 43.05868034348598], [-70.8455426175019, 43.05864303755215], [-70.84556283262887, 43.05861887100259], [-70.84554549799937, 43.058592814247525], [-70.84551912842433, 43.05858127961878], [-70.84551177526137, 43.058582571684795], [-70.84550459609386, 43.05857450520165], [-70.84545100909408, 43.058540151455446], [-70.84538966434039, 43.05850857277591], [-70.84534012638173, 43.05846009420034], [-70.8453255175127, 43.0583977124694], [-70.84530296196498, 43.05835225830249], [-70.84525728420404, 43.05830380739653], [-70.84525399096597, 43.05826132224827], [-70.84524293994805, 43.05822161218155], [-70.84521981773585, 43.05821861543969], [-70.84520422659132, 43.05822982659094], [-70.84518065092502, 43.058260795793984], [-70.84516067071758, 43.058311606174044], [-70.84517153275591, 43.058365468727786], [-70.84519779707358, 43.058422272612596], [-70.84520869694927, 43.058473304666244], [-70.8451699456407, 43.05848434955827], [-70.84512373881978, 43.058475525543194], [-70.84508926322621, 43.05845546266425], [-70.84507412551281, 43.05843270784597], [-70.84506296120203, 43.05840148925145], [-70.84502863684939, 43.058370104370894], [-70.84501357477022, 43.05834168855282], [-70.84501035729022, 43.05829354240737], [-70.84497996862005, 43.058256524235524], [-70.84496891778021, 43.05821681414377], [-70.84498102693418, 43.058177270349425], [-70.84495824493318, 43.05814879909136], [-70.84491964498483, 43.058148521916856], [-70.84491930478782, 43.0581739963801], [-70.8448342336538, 43.05818470853319], [-70.84480736489436, 43.05817319249967], [-70.84477674956824, 43.05815315724958], [-70.84475362740586, 43.05815016041389], [-70.84470730746925, 43.058149827720094], [-70.84469546281548, 43.058169558014015], [-70.84468350472238, 43.05819777979379], [-70.8446868731845, 43.05823460396423], [-70.8446937613608, 43.05829693032148], [-70.84473974113489, 43.0583227374831], [-70.84477020530522, 43.05835409472597], [-70.8448006695065, 43.05838545196081], [-70.84485418039908, 43.05842546699985], [-70.84491548699111, 43.05845987645972], [-70.8449577959559, 43.058471503337444], [-70.84501955619828, 43.05847194679249], [-70.84504646292204, 43.05848063228113], [-70.84511571646026, 43.05849811408732], [-70.84512343649413, 43.0584981695104], [-70.84518867890547, 43.058526945544855], [-70.84524222796016, 43.05856412990863], [-70.84529566373078, 43.05860980573553], [-70.84531383038689, 43.05869485914077], [-70.84531277248225, 43.0587741130263], [-70.84534683273728, 43.05882531129376], [-70.8454005516162, 43.058839446193545], [-70.84539841081666, 43.0588722939804], [-70.84545021735678, 43.058906361293616], [-70.8454916625889, 43.05893285807971], [-70.84552274651297, 43.05896314010692], [-70.84555383043705, 43.05899720736964], [-70.84557455305311, 43.05900477786992], [-70.84559527566917, 43.059000992619914], [-70.84563028368532, 43.05898394019168], [-70.84563039830566, 43.058983038319255], [-70.8456347871032, 43.05894343906938], [-70.8456431114723, 43.05889820652105], [-70.84568583629819, 43.058878697675425], [-70.84570506097604, 43.0588844971292], [-70.84575838408183, 43.058938664230936], [-70.84578843370709, 43.05900115666342], [-70.84582264709591, 43.05906182911417], [-70.84585171804282, 43.05907669757577], [-70.8458663843683, 43.05908449100485], [-70.84587696045737, 43.05909601108779], [-70.84590103375166, 43.05911401225658], [-70.84592731715993, 43.05913202927142], [-70.84594709997862, 43.059140275019566], [-70.84599554926498, 43.059153588668416], [-70.84601960619979, 43.05916013478803], [-70.84621436382378, 43.059258389088505], [-70.84633628447399, 43.05929798067522], [-70.84637024643065, 43.0592961503263], [-70.84640479168097, 43.05929428853082], [-70.84644483282656, 43.05927512625681], [-70.84646024208297, 43.05925306940057], [-70.84650448044854, 43.059231892443094], [-70.84659773222079, 43.05919404007265], [-70.84669616464704, 43.059175113878645], [-70.84672206791711, 43.059106979531926], [-70.84666508072296, 43.05898963686847], [-70.8466941438314, 43.05890233742948], [-70.84671531487909, 43.058881595961346], [-70.84673119582848, 43.05885091505747], [-70.84674278615299, 43.058810478769345], [-70.84674098636818, 43.0587796711809], [-70.84673897159712, 43.05877188959015], [-70.84673678214315, 43.058763433324486], [-70.84673264270566, 43.05874233361207], [-70.84673738680327, 43.05871805600351], [-70.8467600726325, 43.058690934973235], [-70.84669616464704, 43.058486196441095], [-70.84655628698867, 43.05830828793319], [-70.84653927576478, 43.05827987787512], [-70.84654448390775, 43.05826609868929], [-70.8465427274335, 43.058232049858425], [-70.84653192909414, 43.05821306344582], [-70.84652753775984, 43.05821087094272], [-70.84651880549299, 43.05820270449247], [-70.84648808056873, 43.05818627655141], [-70.84647780355252, 43.05814155319853], [-70.846468881225, 43.05813427419344], [-70.84646531195634, 43.05813324771873], [-70.84642264269621, 43.05812097658956], [-70.84639174500953, 43.05811751357215], [-70.84635005626517, 43.058094523910675], [-70.84636359749899, 43.05807355092277], [-70.84637694428773, 43.058067163500986], [-70.84638608698766, 43.05804453820747], [-70.8463668445644, 43.0579957770695], [-70.84635833947755, 43.05797907617849], [-70.84633610919337, 43.05796761063913], [-70.84633610919312, 43.05794489873865], [-70.84631976391667, 43.057931761554336], [-70.84632357240663, 43.057925773615004], [-70.84633041862799, 43.05790961495703], [-70.84631091702273, 43.05788030123346], [-70.84629772150957, 43.05787534431732], [-70.84627995464426, 43.057881700042785], [-70.84625133196263, 43.057873390976184], [-70.84620942735322, 43.05786660745081], [-70.84620279718938, 43.05786655991508], [-70.84616741470654, 43.05786792700329], [-70.846125294006, 43.05787734963334], [-70.84609682593383, 43.05788624047681], [-70.84608225714645, 43.057888118982454], [-70.84603045060632, 43.05792975747548], [-70.84599418602822, 43.05801303437664], [-70.84599418602822, 43.05806602870945], [-70.84603563126032, 43.05810766708164], [-70.84606151754423, 43.05816204515468], [-70.84606412485739, 43.05824015262327], [-70.84604859899832, 43.05829573887792], [-70.84595792145012, 43.05835371143111], [-70.84593201818005, 43.05841806132885], [-70.845911295564, 43.058471055311614], [-70.84588311510217, 43.058481350444936]]]}, "properties": {"id": 49, "Hectares": 255.74947115675, "Acres": 103.49829876237, "Year": "2019", "LABEL": "Great Bay", "Type": 1, "Name": "Eelgrass"}}, {"type": "Feature", "geometry": {"type": "Polygon", "coordinates": [[[-70.88841691314906, 43.06023245172518], [-70.88841072064025, 43.06024070035472], [-70.88835648213147, 43.06026450118574], [-70.88830263268757, 43.06025754318934], [-70.88824570360295, 43.060257155958034], [-70.88821574092727, 43.06025695214071], [-70.8881679952336, 43.06024124661646], [-70.88817124168216, 43.06022149348513], [-70.88821201301637, 43.06015280330294], [-70.88820946527521, 43.06013158153798], [-70.88821347291024, 43.06009291103739], [-70.88825093873318, 43.06005676241751], [-70.88830152026846, 43.06002879001502], [-70.88833931063186, 43.05998761250593], [-70.88836336412628, 43.05995697872086], [-70.88838423007405, 43.05995629981357], [-70.88842169200959, 43.05997603138157], [-70.88847083886793, 43.05998974270165], [-70.88855487929388, 43.05997801109626], [-70.8886267338329, 43.05998289414407], [-70.8886925958744, 43.05998773640795], [-70.88876128752182, 43.06000578134723], [-70.88878162246446, 43.060056456243835], [-70.88872413799795, 43.06010001040285], [-70.88867611449456, 43.06010627566522], [-70.88857990075962, 43.06013198847386], [-70.88855870465525, 43.06014942232349], [-70.88850715690215, 43.06019741123175], [-70.88842880939683, 43.060232034386125], [-70.88841691314906, 43.06023245172518]]]}, "properties": {"id": 50, "Hectares": 0.60310499752, "Acres": 0.24406831004, "Year": "2019", "LABEL": "Great Bay", "Type": 1, "Name": "Eelgrass"}}, {"type": "Feature", "geometry": {"type": "Polygon", "coordinates": [[[-70.89440056738356, 43.06208573928747], [-70.8943983119129, 43.06211933839645], [-70.89433629854649, 43.06213873525689], [-70.89424340280003, 43.062157923636214], [-70.89420065527814, 43.0621802812307], [-70.8941810339588, 43.062205625690304], [-70.89416134154365, 43.0622366312019], [-70.89413382188634, 43.06227607617305], [-70.89407570412484, 43.06229266842223], [-70.8940486464733, 43.06229531651179], [-70.89402548466683, 43.06229516013116], [-70.89399856920156, 43.062286486098145], [-70.89399517101825, 43.06224966317353], [-70.89401929255773, 43.062173395311696], [-70.89405485272404, 43.062108527743284], [-70.89406939857096, 43.062094576383934], [-70.89409002184337, 43.06207479596881], [-70.89411389440212, 43.06201834177842], [-70.8941340843396, 43.06194770888256], [-70.89413818300612, 43.06189913270503], [-70.89420390394521, 43.06186857689733], [-70.89431133855167, 43.0618900846538], [-70.89439589181492, 43.06192806397827], [-70.89442953578614, 43.06195738666329], [-70.89445147825113, 43.06201572601942], [-70.89441668657028, 43.06207783904397], [-70.89440056738356, 43.06208573928747]]]}, "properties": {"id": 51, "Hectares": 0.57554908787, "Acres": 0.23291681183, "Year": "2019", "LABEL": "Great Bay", "Type": 1, "Name": "Eelgrass"}}, {"type": "Feature", "geometry": {"type": "Polygon", "coordinates": [[[-70.88316141050946, 43.06187310912805], [-70.88316079683483, 43.06188337444106], [-70.88307885438734, 43.061940312036576], [-70.88299657396858, 43.06195528197741], [-70.88298225467979, 43.06200534378675], [-70.88299100275566, 43.062046178816054], [-70.88300581371337, 43.062096116501365], [-70.88300552520545, 43.06211876737002], [-70.882939643435, 43.06219760114272], [-70.88290211205177, 43.06223358864769], [-70.88287979550933, 43.062287802625065], [-70.88287298238647, 43.06233759221639], [-70.88281654081699, 43.06240289886667], [-70.88278827669838, 43.062438949810684], [-70.8827692800149, 43.06247506423104], [-70.88275325702483, 43.062520260155736], [-70.88269352395766, 43.06260140118492], [-70.8826000056085, 43.06266449313474], [-70.88254187011101, 43.06276338729468], [-70.88237006756201, 43.06291507136342], [-70.88224552654111, 43.062993479207755], [-70.88206773459703, 43.063009244955545], [-70.88200755763171, 43.062884278610206], [-70.88199356033637, 43.06277095195812], [-70.8819420430346, 43.06257244501076], [-70.88199868651355, 43.062369018195355], [-70.88223340782135, 43.06212718143311], [-70.88218145716657, 43.06196264080839], [-70.88218291214461, 43.06195820736139], [-70.88228232111462, 43.06189861051032], [-70.88230964784721, 43.06186915504415], [-70.8823387050267, 43.06183783429185], [-70.88236711349573, 43.06179045802181], [-70.88243267796491, 43.06173654052929], [-70.8825905982834, 43.06170817395979], [-70.88274551592288, 43.06167299074892], [-70.88278322020119, 43.06162341276823], [-70.88278994014415, 43.061611891388836], [-70.88281972871802, 43.06160706527971], [-70.88283891081235, 43.061616998381716], [-70.88292817770966, 43.06164252791289], [-70.8830516268967, 43.06165243445586], [-70.88310968546006, 43.06170266826775], [-70.88301028554345, 43.06174502802541], [-70.88297286988782, 43.06177195521096], [-70.88297252366765, 43.06179913625467], [-70.88297645744072, 43.06182579736064], [-70.88300664035118, 43.061833841689804], [-70.88301994990141, 43.06183928373985], [-70.88309562701014, 43.061836223796384], [-70.88316141050946, 43.06187310912805]]]}, "properties": {"id": 52, "Hectares": 5.02493202717, "Acres": 2.03352098386, "Year": "2019", "LABEL": "Great Bay", "Type": 1, "Name": "Eelgrass"}}, {"type": "Feature", "geometry": {"type": "Polygon", "coordinates": [[[-70.86806526165195, 43.06562214882684], [-70.86814840002458, 43.065584921920895], [-70.86825617425167, 43.065570861824355], [-70.86827135099388, 43.065575740428784], [-70.86831104665774, 43.065603992334225], [-70.86841747311124, 43.06576384015056], [-70.86842460650075, 43.06578943376897], [-70.86836524561407, 43.065864340890855], [-70.86831570280319, 43.06587951918667], [-70.8682470657658, 43.0659014572243], [-70.86822516845832, 43.065899909090874], [-70.86805395595107, 43.06586488613947], [-70.86799763002901, 43.065787428276266], [-70.86797132379833, 43.06571119385203], [-70.86799816647437, 43.06567057212646], [-70.86804503953186, 43.06565662080449], [-70.86806526165195, 43.06562214882684]]]}, "properties": {"id": 53, "Hectares": 0.58001068395, "Acres": 0.23472235849, "Year": "2019", "LABEL": "Great Bay", "Type": 1, "Name": "Eelgrass"}}, {"type": "Feature", "geometry": {"type": "Polygon", "coordinates": [[[-70.8887949634516, 43.077273955232045], [-70.88883796649525, 43.077294276319996], [-70.88883915902095, 43.07732734832307], [-70.88881941219275, 43.07736027799282], [-70.88876033126864, 43.077378092974016], [-70.88869353229315, 43.077464791821406], [-70.88866838488563, 43.077500821515265], [-70.88865613037763, 43.07755865925974], [-70.88867191197234, 43.07763939048477], [-70.88868630409746, 43.07764765025059], [-70.88868995184328, 43.0776616963908], [-70.88870095804643, 43.07768302657837], [-70.88872328417078, 43.077700891161825], [-70.88877951030055, 43.07771308192593], [-70.88880529981061, 43.07771325723607], [-70.88882944289473, 43.077713421348996], [-70.88884666398047, 43.077733052343476], [-70.88886279027452, 43.07775143532808], [-70.88887067963815, 43.07776447833988], [-70.88888797949771, 43.07779765982099], [-70.88896135632763, 43.07785483949374], [-70.88902055026429, 43.07788712481624], [-70.88911033328556, 43.0779207988169], [-70.88917470294491, 43.077925959601146], [-70.88921497971822, 43.07791657391494], [-70.88922905952506, 43.077920382289626], [-70.88958388157798, 43.077975729936526], [-70.88991489175145, 43.07809091793747], [-70.88993297117533, 43.07808934340922], [-70.88996359013314, 43.078088370386176], [-70.89004884000639, 43.07809839581463], [-70.89019969785456, 43.078143111123694], [-70.89029285246961, 43.07816499854044], [-70.89047091442981, 43.078224068297956], [-70.8905445317007, 43.07826235493121], [-70.89062820097475, 43.0782700075011], [-70.89075040894132, 43.078287368159245], [-70.89086608461598, 43.07831176952045], [-70.89098353497278, 43.07832319340824], [-70.89114419257452, 43.078357346219875], [-70.89119385768585, 43.07837893815817], [-70.89131582782167, 43.0784151902534], [-70.89132238815702, 43.078427542709925], [-70.89132393048956, 43.078430446767335], [-70.89134100427344, 43.07846259496984], [-70.89134397267723, 43.078482689587865], [-70.89126806282556, 43.07852950035791], [-70.89122740222795, 43.07856168419502], [-70.89111922195109, 43.07859098248018], [-70.89091330229596, 43.07867651973807], [-70.89074203822052, 43.0787496468119], [-70.89059051720373, 43.07879603731497], [-70.89043693967777, 43.078834510662986], [-70.89027244206636, 43.07888397391932], [-70.89015777269198, 43.078914807865985], [-70.89011654840631, 43.07893507592741], [-70.89001279881899, 43.07895491962652], [-70.88993494166536, 43.0789733583854], [-70.88979453918924, 43.078992953089305], [-70.88964323656539, 43.07902195720989], [-70.88951145807714, 43.079041610125316], [-70.88937955963405, 43.07907074567794], [-70.88929531392867, 43.079082818203084], [-70.88920026796556, 43.07909639788832], [-70.88912466637247, 43.07910694841645], [-70.88897573909523, 43.079118581186364], [-70.88891968181825, 43.079118200198984], [-70.8888657206153, 43.079122575233285], [-70.88880101914575, 43.07912371603252], [-70.88874933394983, 43.07911862287971], [-70.88868463248322, 43.07911976361315], [-70.88863719940497, 43.07911944112033], [-70.88857251793593, 43.07911900132572], [-70.88849284413413, 43.079110556539], [-70.88844968315686, 43.079113424221475], [-70.88839358588325, 43.07911620390556], [-70.88834617281643, 43.079114300827584], [-70.88826647904666, 43.07910743634809], [-70.88825441974835, 43.079101092203345], [-70.88815432451236, 43.079109834580095], [-70.8880508341906, 43.07910913045461], [-70.88791747945938, 43.07908293339045], [-70.88782704558453, 43.07907283431249], [-70.88774958806103, 43.07905966229085], [-70.8876765828211, 43.07903545632148], [-70.88762607801681, 43.07901813773909], [-70.88753673484358, 43.07901187858689], [-70.88748082806993, 43.07899528935337], [-70.88740807077633, 43.0789850695732], [-70.88729893483595, 43.07897484979134], [-70.8872576392393, 43.078974849803075], [-70.88707709508708, 43.078924581251854], [-70.88705827609559, 43.07890739918818], [-70.8869495839837, 43.078889078366906], [-70.88694914015521, 43.078889003556256], [-70.88686798778926, 43.07887878375837], [-70.88677284363611, 43.07885016831515], [-70.88669988009596, 43.078819552846184], [-70.88664925536901, 43.078805457223325], [-70.88648329415656, 43.07873576110554], [-70.88639786373835, 43.07870709089874], [-70.88629477982226, 43.07867885561066], [-70.88624752679321, 43.07865427794442], [-70.8862024306743, 43.0786397449744], [-70.88615939030112, 43.07863312901179], [-70.88615224180323, 43.07863245067697], [-70.8861208263512, 43.07862124428852], [-70.8860228838406, 43.07857218902868], [-70.88600441069143, 43.07856383616413], [-70.8859858554349, 43.078545012202646], [-70.88594085979304, 43.078522576811324], [-70.88588302837023, 43.07849215081863], [-70.88582294063147, 43.07846961240384], [-70.88578396216387, 43.07846633552669], [-70.885768233313, 43.07845977057674], [-70.88575616121588, 43.078456694644565], [-70.88575135675758, 43.07845233600941], [-70.88571774101364, 43.07843557465536], [-70.88568400359745, 43.07843830907863], [-70.88564790394284, 43.07842911096316], [-70.88561275810284, 43.07841744223706], [-70.88557187024152, 43.078374643457344], [-70.88551397890917, 43.078348958670986], [-70.8854430912705, 43.07832792693232], [-70.88538524019842, 43.07829908115405], [-70.88534004413725, 43.07829245016515], [-70.88530572859105, 43.07827799044958], [-70.88527366949711, 43.078255643128045], [-70.8852157382324, 43.078233119119375], [-70.88518356139791, 43.07823494895503], [-70.88515341447065, 43.07822271093815], [-70.88510683805636, 43.07821176515414], [-70.88503930702778, 43.07820185707496], [-70.88498472198047, 43.07818731397802], [-70.88497633716132, 43.07818698933105], [-70.88494693944885, 43.07817596214997], [-70.88491459923874, 43.078175741218196], [-70.88485415046961, 43.078181650641746], [-70.88482193082903, 43.07817194690285], [-70.88477895122786, 43.07816058903378], [-70.88470766209913, 43.078171166111595], [-70.88467904070407, 43.07818717292874], [-70.88464889033462, 43.07818587748504], [-70.8845982421556, 43.07817477911648], [-70.88457349930994, 43.07817572563538], [-70.88451587739952, 43.0781619523981], [-70.88442538515851, 43.07815659203517], [-70.88434333601741, 43.07816551473025], [-70.88428498289409, 43.07817617998247], [-70.88426578323993, 43.07818888800332], [-70.88417908985265, 43.078195677447056], [-70.8841425854305, 43.078183109307325], [-70.88409295688415, 43.07818593111937], [-70.88400218302039, 43.078202696906345], [-70.88391364559781, 43.07821315551636], [-70.88391040939992, 43.07821418346719], [-70.88379280816314, 43.078220231882455], [-70.88369812462356, 43.07820535866536], [-70.883622362228, 43.07822854926517], [-70.88360657797017, 43.07823675606959], [-70.88357711943283, 43.078239021016465], [-70.8835768032919, 43.078239108984725], [-70.88350372100783, 43.07823247915292], [-70.8834018447327, 43.07827445808974], [-70.88332839923034, 43.07828501954751], [-70.8832484453797, 43.07829869760228], [-70.88314681048482, 43.07832171075545], [-70.88310550376742, 43.078348298129264], [-70.88310012163821, 43.078356007942986], [-70.8830454315181, 43.07836983566671], [-70.88304136452284, 43.0783685979109], [-70.88303429471345, 43.07835255230917], [-70.88301511210092, 43.078335034336206], [-70.88298285239279, 43.07832849100689], [-70.88296560424598, 43.07832837288138], [-70.8829461195065, 43.078334561838], [-70.88295018982136, 43.07835355692308], [-70.8829511082121, 43.07835432870112], [-70.88295028736493, 43.078355527827945], [-70.88295868243728, 43.07836983566671], [-70.88296987586708, 43.0783923194066], [-70.88295588407983, 43.07840458326124], [-70.88292868554514, 43.078412529807444], [-70.88289340810229, 43.07841006964651], [-70.88281565031201, 43.07842060123841], [-70.88275925122927, 43.07844708510318], [-70.88267268792293, 43.07847178168132], [-70.88257336978346, 43.078482165391435], [-70.88253417842812, 43.07851192825378], [-70.88252563147759, 43.07853133802044], [-70.88246049332176, 43.078550161794396], [-70.88244413044453, 43.07855972318636], [-70.88235863329587, 43.07858185223436], [-70.88225903266878, 43.07861436214338], [-70.88218770227569, 43.078628098567584], [-70.88211207995882, 43.07864022492078], [-70.88204943412194, 43.07864927899906], [-70.88200812671371, 43.07867586596975], [-70.88198753750763, 43.078701470425756], [-70.88175474608434, 43.07877198921917], [-70.88144388166502, 43.078844284022644], [-70.88118453133983, 43.07890043391373], [-70.88116623132117, 43.07890043391237], [-70.88113795114211, 43.07890043391237], [-70.88112381105257, 43.07890817999978], [-70.8811178922144, 43.0789148613127], [-70.88111400992452, 43.0789157018287], [-70.88111234023692, 43.078919454900955], [-70.88108844209181, 43.07893351624504], [-70.88105253216233, 43.07892931530259], [-70.88104538189899, 43.078928478823755], [-70.88101950943842, 43.07892830119455], [-70.88098926431837, 43.078932835338534], [-70.88093312653439, 43.07893877228751], [-70.8808857138805, 43.078936866121104], [-70.88083378716948, 43.0789507349404], [-70.880796952712, 43.078964707385076], [-70.88077698873286, 43.078983367698406], [-70.88076876709133, 43.0789845872187], [-70.88063423166453, 43.07905809068753], [-70.88052666318566, 43.07911219307363], [-70.88046673214065, 43.0791256147767], [-70.88041536781999, 43.07912804920996], [-70.88032918665309, 43.0791227152283], [-70.88024095052597, 43.07910946405703], [-70.88023023094628, 43.07910464858509], [-70.88021195132725, 43.079053637265226], [-70.88025615491742, 43.07895364484771], [-70.88051084842078, 43.078677271006654], [-70.88057477427321, 43.07857444248379], [-70.88060769778447, 43.07854669487715], [-70.88066072312023, 43.07848988987825], [-70.88067839823218, 43.0784434130218], [-70.88070314338886, 43.078404682281196], [-70.88073495859031, 43.078368533567854], [-70.8807809138813, 43.07831431045786], [-70.88079847108264, 43.07826184805165], [-70.88099491337951, 43.078014665041124], [-70.88102683839547, 43.07796186817328], [-70.8810283654482, 43.07793732941431], [-70.88106725069443, 43.07786244934187], [-70.88108492580635, 43.07783404653185], [-70.88111320598543, 43.07781855408448], [-70.88111415626638, 43.077817463339564], [-70.88113795114211, 43.0777901512541], [-70.88113568205362, 43.0777818642363], [-70.88113088109733, 43.07776433048778], [-70.88113441611972, 43.07774367386691], [-70.88117804350651, 43.0777118072105], [-70.88118598090195, 43.0776986803907], [-70.88132805698844, 43.077452869489], [-70.88145070609583, 43.07728802527197], [-70.88145256813429, 43.07726082336999], [-70.88146317320144, 43.07722983818144], [-70.8814949884029, 43.077206599279755], [-70.88151973355961, 43.07717044985961], [-70.88152304206508, 43.07716816040682], [-70.88153408711658, 43.0771414069253], [-70.8815197335596, 43.077126554106485], [-70.88151619853721, 43.07712397200238], [-70.88151619853721, 43.0771058972706], [-70.88155508378344, 43.07706716568457], [-70.88156890512515, 43.077057070084514], [-70.88158689898489, 43.07704392672115], [-70.88158242543432, 43.07702432086841], [-70.8816391731051, 43.076886864896366], [-70.88167173952212, 43.07685026835026], [-70.88169294965643, 43.07680895448525], [-70.88171769481312, 43.07677022271152], [-70.88173890494741, 43.07674956575551], [-70.88175658005933, 43.076726326671675], [-70.88175658005933, 43.07670566970088], [-70.88175658005939, 43.07668115115687], [-70.88198888266733, 43.07633707232231], [-70.88221754138063, 43.076005674650204], [-70.88252789205393, 43.07555340186831], [-70.88292282805594, 43.07517221789268], [-70.88318807997057, 43.07490374467975], [-70.88343164906121, 43.07469815662406], [-70.88350607095406, 43.074661917089536], [-70.88364090328614, 43.07457116488768], [-70.88372578771641, 43.07450852162584], [-70.88379908915991, 43.07446017797068], [-70.88380406349386, 43.074456897301104], [-70.88385405115561, 43.07442562723431], [-70.88401900442165, 43.0743398224361], [-70.88416010182478, 43.07426491848331], [-70.88420279875106, 43.074256028671705], [-70.88425277477029, 43.07421630160965], [-70.88460385226655, 43.074082974104165], [-70.88505405332364, 43.073976367255845], [-70.88516371845343, 43.073961828634296], [-70.88518746396484, 43.073966164987446], [-70.88529389781353, 43.07394864256005], [-70.88553771142169, 43.07393450110112], [-70.88567592767005, 43.07391647727472], [-70.88571896469479, 43.07392309339833], [-70.88573587044726, 43.073950079004234], [-70.88574725992717, 43.073965443499716], [-70.88575706788062, 43.07397867449688], [-70.88580010495795, 43.07398529059029], [-70.8858282301083, 43.073971141725046], [-70.88584350323468, 43.0739634582971], [-70.88583951256011, 43.07393814143558], [-70.8858440249525, 43.073922366206105], [-70.88588720245495, 43.073917919011244], [-70.88596239691996, 43.07393897986875], [-70.8860094849217, 43.0739661713459], [-70.88601437527446, 43.07398207023205], [-70.88601776734211, 43.073993098081445], [-70.88606082451953, 43.073998133611994], [-70.88608874014896, 43.07399090669832], [-70.8861638304883, 43.07398387446101], [-70.88621597050438, 43.07400374583334], [-70.8863223080873, 43.074048716508905], [-70.88642864567028, 43.074097775390065], [-70.88664132083616, 43.074183628337586], [-70.88679802885314, 43.07422451065129], [-70.88683522051846, 43.074230903001926], [-70.8868386538678, 43.07423149311124], [-70.88696703437638, 43.074285658921454], [-70.88712315141657, 43.07438630045777], [-70.88727517752295, 43.07446952729643], [-70.8873180348576, 43.07449036701128], [-70.88743768310039, 43.07457653432045], [-70.88753138087945, 43.07466884722467], [-70.88754030193354, 43.0746815097546], [-70.8875398426559, 43.07469049627075], [-70.88758851497889, 43.07473089028751], [-70.88764136830048, 43.07495226089571], [-70.88773274516066, 43.07506168823607], [-70.88778650353805, 43.07521166144684], [-70.8878124355243, 43.07536144523848], [-70.88783131857619, 43.075701590311354], [-70.88785475352012, 43.07604856667166], [-70.8878572384592, 43.07621859184207], [-70.88786328481012, 43.07647364537063], [-70.88787251909004, 43.07653538571847], [-70.88787721154645, 43.07654336222591], [-70.88798739355163, 43.07668167458047], [-70.88809579261566, 43.07683083489557], [-70.88825950130251, 43.07690193657709], [-70.88851673938241, 43.07699660116287], [-70.88858515173102, 43.07705378073255], [-70.88870769748232, 43.07712580856393], [-70.88875380390687, 43.077204081018195], [-70.88875977323045, 43.077235882967834], [-70.88877711769517, 43.07726552221132], [-70.8887949634516, 43.077273955232045]]]}, "properties": {"id": 54, "Hectares": 161.94463491656, "Acres": 65.53676976045, "Year": "2019", "LABEL": "Great Bay", "Type": 1, "Name": "Eelgrass"}}, {"type": "Feature", "geometry": {"type": "Polygon", "coordinates": [[[-70.88979498868999, 43.0750934918034], [-70.89011530858302, 43.07518016575078], [-70.8901534012842, 43.07517590223794], [-70.8902113255174, 43.075181018701095], [-70.89025281053239, 43.0751953341557], [-70.89070190688939, 43.075218346333564], [-70.89108026717157, 43.075167973779], [-70.89121768113478, 43.075131393711615], [-70.89128001413447, 43.0751233181064], [-70.89138819642399, 43.07510279572172], [-70.89143679907205, 43.07508068876914], [-70.89145534831573, 43.07506812540001], [-70.89158745334636, 43.075032958042804], [-70.89176693499635, 43.07489572140846], [-70.89185189771251, 43.074831519908656], [-70.89189438223902, 43.074815733928105], [-70.89192225139689, 43.07475452090651], [-70.89193082811461, 43.07473568260697], [-70.89200616746552, 43.07463700090766], [-70.89212598011007, 43.07458821605683], [-70.89221620615271, 43.07458646501243], [-70.89251781896768, 43.0746829741846], [-70.8925589230328, 43.07474465666286], [-70.89256686289185, 43.074881689443366], [-70.89250068270827, 43.07502058250928], [-70.8924542761291, 43.075124183697696], [-70.89234603970206, 43.07527696236804], [-70.89215670412773, 43.07547406450598], [-70.89188701202067, 43.075656452038366], [-70.89169332180344, 43.07574338245286], [-70.89164687603902, 43.07579416666256], [-70.89153606989592, 43.07589496957448], [-70.8912762764349, 43.0760585290404], [-70.89100064276846, 43.07620072517296], [-70.89078066527689, 43.076272446795144], [-70.8906532643049, 43.07627083563169], [-70.89054727974977, 43.07626949520064], [-70.89037802215032, 43.07626735432527], [-70.8903299870767, 43.076247722172866], [-70.8901818691581, 43.07618718550258], [-70.88995871063365, 43.0760073681063], [-70.88950222587856, 43.07564592207404], [-70.88930972833329, 43.07549394604984], [-70.88893757292725, 43.0752461317531], [-70.88891708233348, 43.07524189994418], [-70.88887859066351, 43.075228648932296], [-70.888848286735, 43.075204825876426], [-70.88882779615057, 43.075169260978925], [-70.88880706663083, 43.075152588115905], [-70.88879595628495, 43.0751395231991], [-70.8887609996793, 43.07510149824544], [-70.88870987677561, 43.07506808679257], [-70.888636443717, 43.075015629968114], [-70.88863155965277, 43.07501004151813], [-70.8885861792611, 43.074989004893744], [-70.88840988274201, 43.07487862396119], [-70.88832033530373, 43.07480708065799], [-70.8882084010059, 43.074704875794225], [-70.88809646670806, 43.074633332288165], [-70.88804609627402, 43.074569965113064], [-70.88804286802957, 43.07456255387733], [-70.88802307651729, 43.07454893925952], [-70.88796206683656, 43.07449031998424], [-70.8879173718315, 43.074455495211275], [-70.88790058168685, 43.0744166571603], [-70.88794255704855, 43.0744043925075], [-70.88798733076767, 43.074410524834214], [-70.88806008806127, 43.07444936288906], [-70.8882084010059, 43.07451068608347], [-70.88832873037607, 43.07455974459481], [-70.88840371010191, 43.0746031473466], [-70.88850280548458, 43.07464229907742], [-70.88872485901297, 43.07475301705116], [-70.88886321664825, 43.07479072789122], [-70.88902831973755, 43.074858183025945], [-70.8891766326822, 43.07491337353548], [-70.88921093913872, 43.074925903317286], [-70.88926052971313, 43.07495964790857], [-70.8893390340129, 43.07499324511893], [-70.88947701339617, 43.07503669305964], [-70.88968104496306, 43.075079408488286], [-70.88979498868999, 43.0750934918034]]]}, "properties": {"id": 55, "Hectares": 17.82662986535, "Acres": 7.21419229289, "Year": "2019", "LABEL": "Great Bay", "Type": 1, "Name": "Eelgrass"}}, {"type": "Feature", "geometry": {"type": "Polygon", "coordinates": [[[-70.73614382871413, 43.060259409884814], [-70.73613432270602, 43.06025532359359], [-70.73612297898106, 43.06024254179759], [-70.73611025430434, 43.06023194040294], [-70.7361058630398, 43.06021382287526], [-70.73608705610089, 43.06018968841889], [-70.7360424514214, 43.060156247724514], [-70.73602036171029, 43.06012547096859], [-70.73601734153361, 43.06010146488808], [-70.73603230076584, 43.06008173977223], [-70.73608201614526, 43.06007552848416], [-70.7361123243582, 43.06008487138886], [-70.7361234255, 43.06009653894622], [-70.73612644571791, 43.06012054502435], [-70.73612832581055, 43.06014536878002], [-70.7361336763081, 43.06016443211355], [-70.73615606620267, 43.060175364514805], [-70.7361840567082, 43.060188823298446], [-70.736191512423, 43.060217827133954], [-70.73617860838519, 43.06025080016388], [-70.73614382871413, 43.060259409884814]]]}, "properties": {"id": 56, "Hectares": 0.08613931951, "Acres": 0.03485939965, "Year": "2019", "LABEL": "Sagamore Creek", "Type": 1, "Name": "Eelgrass"}}, {"type": "Feature", "geometry": {"type": "Polygon", "coordinates": [[[-70.89483447094175, 43.06287385592568], [-70.89484029346684, 43.06287874875637], [-70.89485715371075, 43.06289766723201], [-70.89490189546169, 43.06290685835185], [-70.89493653200915, 43.0629155842416], [-70.89495916149511, 43.06295819835949], [-70.89498572236384, 43.062995177448734], [-70.89500070221972, 43.06303207843851], [-70.89496939339115, 43.06306583651932], [-70.89493126960802, 43.06308410310961], [-70.89492278514193, 43.06308816834475], [-70.89487596381107, 43.06312748331793], [-70.89483335787689, 43.0631385190303], [-70.89482588573973, 43.06311865326143], [-70.89479510944741, 43.063109953376056], [-70.8947639425193, 43.06313238928793], [-70.89471747620729, 43.06314339891758], [-70.89470175065927, 43.06316593897462], [-70.89471311863488, 43.0631830002646], [-70.89475576013452, 43.063169134069746], [-70.89477506191737, 43.06316926426621], [-70.89480955654896, 43.06318931230602], [-70.89487936256285, 43.06316430621522], [-70.89492579335692, 43.06315612704765], [-70.89496668288048, 43.06315079048259], [-70.89498766556066, 43.06314805198931], [-70.89505711645984, 43.0631513510683], [-70.89510198448633, 43.06315824598914], [-70.89511491530503, 43.06316023307927], [-70.89518833306353, 43.0631550665222], [-70.89528873781214, 43.0631529126006], [-70.8953274123472, 43.06314751175417], [-70.89536994723106, 43.06314213691354], [-70.89543946911164, 43.06313977470421], [-70.89548968921126, 43.06313728238001], [-70.89549684225011, 43.063182622861234], [-70.89546553361403, 43.0632163810784], [-70.89543061295966, 43.06323029957265], [-70.89539944619924, 43.06325273565847], [-70.8953485872462, 43.063306177447664], [-70.89531359553838, 43.063325756961476], [-70.89531309870415, 43.06336538435379], [-70.89536292864736, 43.06339402789503], [-70.89542841302715, 43.06340579231569], [-70.89548256467725, 43.06339766495719], [-70.89550229228938, 43.063363828694065], [-70.89550275352232, 43.06332703182813], [-70.89547218991272, 43.063301348954695], [-70.89550360502703, 43.06325909915194], [-70.89553870306996, 43.063231027994355], [-70.89558605619212, 43.0631492548237], [-70.89559809843281, 43.06311253598978], [-70.8955982758066, 43.06309838334811], [-70.89554826860473, 43.06308389255045], [-70.89549025688724, 43.06309199392794], [-70.89544421651351, 43.06306903751498], [-70.89541379498785, 43.063032032512965], [-70.89534466357789, 43.0630032588974], [-70.89530616657548, 43.0629945071096], [-70.89530248367048, 43.062980328447594], [-70.89527209776325, 43.062940492880145], [-70.89526031562981, 43.06293636419157], [-70.895214441069, 43.06292028883699], [-70.89517955602177, 43.062931376728045], [-70.89512157989901, 43.06293664739147], [-70.89509108763728, 43.06290530336103], [-70.8951187489575, 43.06285453604888], [-70.89518090478255, 43.062823816657726], [-70.89524302505508, 43.06279592776043], [-70.89528926069804, 43.06276699114267], [-70.89533252246052, 43.062739915688624], [-70.89537934320379, 43.06270060052146], [-70.89541472484183, 43.062649885169805], [-70.89542053961533, 43.06261785339351], [-70.89546331769714, 43.062382201182174], [-70.89530916294832, 43.0621939170586], [-70.89520759479728, 43.06216153580149], [-70.89510999903634, 43.06216564605786], [-70.89489373409091, 43.062143016719155], [-70.89475004593355, 43.062052033528], [-70.8947378786307, 43.06200518873926], [-70.89469388890855, 43.06189682246536], [-70.89463845868428, 43.06179669203218], [-70.89467382361609, 43.06168886107729], [-70.89483326222296, 43.061631745263526], [-70.89494725102263, 43.061582635777604], [-70.89510088705306, 43.06162134152523], [-70.8951859237411, 43.061716760290615], [-70.89528688509324, 43.061798453227766], [-70.89530667833884, 43.06185107640255], [-70.89538446986332, 43.061976296349705], [-70.8955201939759, 43.062002150156154], [-70.8956439567996, 43.06207780145687], [-70.89575711257565, 43.06209518988242], [-70.89577372881514, 43.062091252631475], [-70.89579560853375, 43.062124089651384], [-70.89588179253643, 43.06214958831318], [-70.89597786827622, 43.0621253172604], [-70.8959786343531, 43.062064159726695], [-70.89597100705883, 43.06204769731637], [-70.8959575778155, 43.06201871221661], [-70.89596752620878, 43.061964412378146], [-70.89605081951338, 43.06197403445012], [-70.89611251722421, 43.06198124576423], [-70.89617627798116, 43.0620268808409], [-70.89625079113847, 43.06204107415955], [-70.89631002373756, 43.06199843250199], [-70.89631863162069, 43.06199273185528], [-70.89633164773265, 43.061998578068156], [-70.89644855308846, 43.06203787481328], [-70.89653810991986, 43.062040742832664], [-70.8967149281548, 43.06198303523741], [-70.89677141136593, 43.06191319142134], [-70.89676780814628, 43.06188645949774], [-70.89676750640712, 43.06188422092421], [-70.89676212480576, 43.06184429532168], [-70.89688536928323, 43.06169422539369], [-70.89686904503812, 43.0615174233416], [-70.89699481992069, 43.06134157709983], [-70.89702843105798, 43.061124335767644], [-70.89688247811159, 43.06093760066745], [-70.89684795290717, 43.06093200228247], [-70.89684469343736, 43.06066662227289], [-70.89655231097653, 43.06024932911237], [-70.89650889586265, 43.059882986964205], [-70.89673302540614, 43.05961699706949], [-70.89701263492384, 43.0595203260322], [-70.89744486241946, 43.05950211394062], [-70.89790324896772, 43.05969525864903], [-70.89813918528205, 43.060020656842774], [-70.8983478196659, 43.06019597158869], [-70.89832589240488, 43.06022924565873], [-70.89835284760726, 43.0602937001935], [-70.89841165895785, 43.06038501066844], [-70.89851457882145, 43.060531823303805], [-70.89858564253677, 43.06068758754481], [-70.89862668301532, 43.060725569108655], [-70.89874737375096, 43.06075383198714], [-70.89888214976278, 43.06075920315499], [-70.89894341158634, 43.06078963976399], [-70.8990732866523, 43.0608630456412], [-70.89927177496061, 43.0609561456517], [-70.89931110142172, 43.06096964148002], [-70.89932074020213, 43.06098000212088], [-70.89959050440756, 43.061119885757684], [-70.89993017088537, 43.06127308132407], [-70.90058511485664, 43.06142838691394], [-70.9009600560317, 43.061562549271066], [-70.90110228056612, 43.06174653054497], [-70.90112699563966, 43.06187192673978], [-70.90123757063004, 43.06213597229274], [-70.90133958845246, 43.062383905262735], [-70.90134467646246, 43.06241007106358], [-70.90140730219663, 43.062518522044435], [-70.90143226494814, 43.06266079737375], [-70.9013943529444, 43.06275364935003], [-70.90132983246279, 43.06283652278067], [-70.90127263443324, 43.06286799211102], [-70.90119253505208, 43.062860105909586], [-70.90114798885705, 43.062838321559695], [-70.90113466555997, 43.062839306044225], [-70.90103909821852, 43.06277685403802], [-70.90088227611089, 43.062709978251874], [-70.90081761586197, 43.06270004517178], [-70.900575022116, 43.062537454800456], [-70.90044228681928, 43.06246306177906], [-70.90036264579578, 43.062418425893036], [-70.90034894509387, 43.06244528574047], [-70.90045807780851, 43.06253667185417], [-70.90048763053886, 43.06257852218367], [-70.90050008746036, 43.062583578106214], [-70.90052004506963, 43.06260961674953], [-70.90058514908881, 43.06265661278583], [-70.90072988302425, 43.062782367429456], [-70.90075893064132, 43.0627959510332], [-70.90081167009515, 43.06283032650868], [-70.90081382419778, 43.062833655308715], [-70.90084277628148, 43.062903420755184], [-70.90087411754659, 43.0629990430947], [-70.90092744168184, 43.063070959373576], [-70.90101575823005, 43.063162987380096], [-70.90107181815065, 43.06323293413177], [-70.90112452441706, 43.063354540243225], [-70.90114265880541, 43.06342224547773], [-70.90118228144762, 43.06350599654946], [-70.90120591165245, 43.06356777524792], [-70.90121273327641, 43.063673172280986], [-70.90118384798366, 43.06371585833674], [-70.90113150233933, 43.063736849373555], [-70.90102916395945, 43.063774191814545], [-70.90100564158763, 43.06379372925573], [-70.90083610087287, 43.06386885712384], [-70.90067908522823, 43.063921792001054], [-70.90065154304006, 43.06391899860807], [-70.90057138625293, 43.0639377282987], [-70.90054001828035, 43.063907013358374], [-70.90048405086489, 43.063829573537184], [-70.90044891888265, 43.06383736592735], [-70.90048750018597, 43.06390425346071], [-70.90050229690094, 43.063946898892965], [-70.90044474994953, 43.06399628480977], [-70.90021152222805, 43.06408623777249], [-70.90010267141966, 43.06412323846161], [-70.89997497955011, 43.06417857633293], [-70.89982969865557, 43.06423164778401], [-70.8998246604222, 43.06423273393912], [-70.89974573497649, 43.06425862312374], [-70.89969254639382, 43.064263381987494], [-70.89959687210101, 43.06429725945926], [-70.89941225193199, 43.06435221508985], [-70.89927603118035, 43.06438903147899], [-70.89914193970303, 43.064430678555844], [-70.89898821245473, 43.06446657442121], [-70.89884446812395, 43.06449210116279], [-70.89878400575355, 43.06451176450113], [-70.89869849407145, 43.06452082380599], [-70.89857993906088, 43.0645457164949], [-70.89850731008934, 43.064570065630114], [-70.89846442983828, 43.06456832518887], [-70.8983754095121, 43.064576129614686], [-70.89833365618432, 43.06458193997066], [-70.89830584740655, 43.064575986925114], [-70.89825882272339, 43.064571657366145], [-70.8982051292037, 43.064575310619816], [-70.8981703388035, 43.06457821861988], [-70.89816176072931, 43.064576129614686], [-70.89809054446836, 43.064565723713386], [-70.89808759115719, 43.06456086901621], [-70.89809441151246, 43.06453199836297], [-70.89808547429534, 43.064419736328325], [-70.89804260690488, 43.06422962800459], [-70.89797048967515, 43.064237373194885], [-70.8979739278411, 43.06431272969449], [-70.89798104946719, 43.064437600908846], [-70.89797938178619, 43.06448877308355], [-70.89800369511958, 43.064564265661225], [-70.89799228560344, 43.06458927251066], [-70.89797478460598, 43.06461600677992], [-70.8979739278411, 43.064637914617286], [-70.89794356488238, 43.06465851284055], [-70.89787904004112, 43.06466988092458], [-70.8975737593554, 43.06469923973407], [-70.8974628840541, 43.06472764355979], [-70.89735563460226, 43.06475265034259], [-70.897313546817, 43.064756493919646], [-70.89730074579015, 43.06475306624232], [-70.89727666093854, 43.06475290431314], [-70.89726817962959, 43.06475336515299], [-70.897250366477, 43.06475433304523], [-70.89718875838427, 43.06477800164272], [-70.89710977454915, 43.06479031469901], [-70.8970264417421, 43.06480019016719], [-70.89695736096492, 43.06480855591433], [-70.89686855427506, 43.06481839444902], [-70.89679040322447, 43.06481440535211], [-70.89659557846394, 43.06485245113326], [-70.89654592230845, 43.064857952182365], [-70.89629785416619, 43.064874101961635], [-70.89620476107854, 43.06490068028207], [-70.89614800346091, 43.06489662291742], [-70.89609706235031, 43.06488717354813], [-70.89608917830962, 43.064887686793405], [-70.89594074078026, 43.06490760542373], [-70.89591811422993, 43.06491394763584], [-70.89587086821322, 43.064927276355654], [-70.89584017445898, 43.06493028065404], [-70.89581843694553, 43.064926483254524], [-70.89580193801709, 43.06492360099805], [-70.8957945260908, 43.06490348203407], [-70.8958049925445, 43.06485458409357], [-70.89580558596619, 43.0648072251678], [-70.89579619573979, 43.064770234887455], [-70.89580005334565, 43.06472450347244], [-70.89578474833141, 43.06463529385362], [-70.89578087218946, 43.064595129670245], [-70.89578013199488, 43.064593306402166], [-70.89578201395955, 43.06455919249079], [-70.89579014660947, 43.06431655434146], [-70.89582831558015, 43.06411518962529], [-70.89587594290373, 43.06397176153283], [-70.89586695204817, 43.06387649066004], [-70.89586111182197, 43.06393619112667], [-70.89583198416913, 43.06402560463246], [-70.89580031051486, 43.06411500097883], [-70.8957609990107, 43.0642043458619], [-70.89572350814525, 43.06435157592711], [-70.89571301643562, 43.0645792632275], [-70.89568887552858, 43.06494287040318], [-70.89558715959902, 43.06498771360221], [-70.89551605181035, 43.06503558901256], [-70.89535688408017, 43.06508103037975], [-70.89502727814684, 43.06514531259704], [-70.89457918994749, 43.06519150760597], [-70.8945077402908, 43.06519102551527], [-70.89442665655272, 43.06519609769608], [-70.89437565757076, 43.06521190893378], [-70.8943354276015, 43.06522438142766], [-70.89424533365532, 43.0652494617021], [-70.89417282658404, 43.06526904129801], [-70.89409831136544, 43.06527415758667], [-70.89403819958426, 43.065265724132786], [-70.89398331156744, 43.0652669009669], [-70.89395439291012, 43.06527998007594], [-70.89392415096644, 43.06529325165405], [-70.89390235486185, 43.065299229828035], [-70.89388555548196, 43.0653064668127], [-70.89385040911174, 43.06531112974957], [-70.893820768019, 43.06530702199014], [-70.89377761033765, 43.06531946801641], [-70.89364069614383, 43.065332804839755], [-70.89342412485993, 43.0653628324003], [-70.89340730201593, 43.065373046587766], [-70.89336668431362, 43.06538160249252], [-70.89333379057695, 43.065385394012715], [-70.89330521539657, 43.065394031276576], [-70.89325912378418, 43.06540255014971], [-70.89320435468322, 43.065404588263185], [-70.89316490235805, 43.06540753264392], [-70.8931386176276, 43.06540815773504], [-70.89311448207663, 43.06541200839328], [-70.89303670246514, 43.065415496401], [-70.89299574554364, 43.06541151268349], [-70.8929835080136, 43.065414492819365], [-70.8929421388714, 43.065436281681556], [-70.89288056605507, 43.06545086895487], [-70.89280792434198, 43.06545037774197], [-70.892802046663, 43.06544361194921], [-70.89278479276726, 43.065422623474944], [-70.89275857871343, 43.065417629627696], [-70.89273005393096, 43.06542225328217], [-70.89272708513731, 43.06542241447379], [-70.89270375909257, 43.065423680966305], [-70.89269172664734, 43.06542279682463], [-70.8926807485833, 43.0654251308582], [-70.89266307056806, 43.06543785547108], [-70.89262796700741, 43.06544323736417], [-70.892584165825, 43.065443743844874], [-70.8925481593907, 43.06543386714169], [-70.89251537669142, 43.0654288288035], [-70.8925018542414, 43.06542304126999], [-70.8924870736657, 43.06542195516971], [-70.89248592883523, 43.065419799210645], [-70.8924696183051, 43.0654108584903], [-70.89242914188364, 43.06540817635986], [-70.8924054190958, 43.06541595502652], [-70.89238215561167, 43.06541424556771], [-70.89225183227332, 43.06540920718576], [-70.89215983304852, 43.06540858456155], [-70.8921565425761, 43.065406331693694], [-70.89212923380609, 43.0654013302931], [-70.89207457585218, 43.06539453824392], [-70.89204726709433, 43.065389536823844], [-70.89203944171825, 43.06539105782794], [-70.89200336487063, 43.06539807001112], [-70.8919749815576, 43.06539145577704], [-70.89192241626108, 43.06536631048329], [-70.89187369165346, 43.06535569606903], [-70.89186939184985, 43.06533946954416], [-70.89189275826968, 43.065321135119504], [-70.8919110134955, 43.065299462775975], [-70.89190133849576, 43.06526278277887], [-70.89188591255999, 43.0652477825413], [-70.89184940210829, 43.06525445096112], [-70.89184255639861, 43.065286125945406], [-70.89183307796942, 43.065299345855614], [-70.89178831372391, 43.065323491496535], [-70.89172490120637, 43.06531996029641], [-70.89171086137881, 43.06531728552948], [-70.89170337330023, 43.06531094613456], [-70.89168060549996, 43.06529313119803], [-70.891646798963, 43.065282466348236], [-70.89159860868362, 43.065283745487406], [-70.8915927818223, 43.065283094837646], [-70.89158002902529, 43.065287199081666], [-70.89155503019984, 43.06528212947083], [-70.89155416094663, 43.065278782274184], [-70.89155268885958, 43.06527861789471], [-70.89153213089008, 43.0652592123741], [-70.8915346643084, 43.065231935650345], [-70.8915633509036, 43.06521446920894], [-70.891609288138, 43.06521208759477], [-70.89163351907077, 43.06518596430103], [-70.89169755657537, 43.06513987108502], [-70.89170866536035, 43.06511616801597], [-70.89172455275839, 43.06510718819074], [-70.89173789223177, 43.06509122329733], [-70.89174693350527, 43.0650688072056], [-70.891726335098, 43.06505261249066], [-70.89168806600246, 43.06505468999465], [-70.89168596028942, 43.06505294232802], [-70.89159716753633, 43.06504923917312], [-70.89148730252494, 43.06503918962058], [-70.89140720448799, 43.06501693445327], [-70.89131988288977, 43.06502108258476], [-70.89130109208511, 43.06501456861268], [-70.89127436093939, 43.065014387489676], [-70.89125672238116, 43.06502218223999], [-70.89125251836387, 43.06502404005923], [-70.8912107509428, 43.065023757034005], [-70.89117066966078, 43.06502226034839], [-70.89115195023061, 43.06501523842737], [-70.89114738800053, 43.0650135270701], [-70.89113581666322, 43.0650036480775], [-70.89112746318196, 43.065003591465185], [-70.89111067900555, 43.0650096030739], [-70.89109881425738, 43.065022998451234], [-70.89109626973683, 43.06502449632768], [-70.89108029760234, 43.06503389860054], [-70.89102841332746, 43.06504089737101], [-70.89101262862455, 43.06503861640464], [-70.89100172850696, 43.06503704128323], [-70.89098348984687, 43.06502589201076], [-70.89097682250518, 43.065024621745046], [-70.89096170900551, 43.065030644656446], [-70.89093166735388, 43.0650279908694], [-70.89090315737927, 43.06503637310307], [-70.89089176245751, 43.06504520542791], [-70.8908225456548, 43.06504606249864], [-70.89081401953626, 43.065051558679514], [-70.89079949691894, 43.06504179569085], [-70.89078780203887, 43.06504171639901], [-70.89076936257185, 43.06504649166284], [-70.89073779477712, 43.065080073670444], [-70.89059890669321, 43.065097287999585], [-70.89049164696209, 43.0651226966974], [-70.89039725824505, 43.0651369913959], [-70.89033368006451, 43.06513095948977], [-70.8903175656395, 43.06512537314475], [-70.890300724012, 43.065119534698866], [-70.89026512778393, 43.065115559459116], [-70.89025605517874, 43.06512856145541], [-70.89024697628157, 43.06514157246243], [-70.89020343589374, 43.06516181259171], [-70.89009692629205, 43.06516271662461], [-70.8899247533967, 43.065181453055004], [-70.88974325699463, 43.06518853401368], [-70.8894312804292, 43.06520304157866], [-70.88909657725917, 43.06522155038817], [-70.88871374895538, 43.06525536121332], [-70.88863420045726, 43.065246115436224], [-70.88857030716682, 43.06525111675129], [-70.88852918592355, 43.065267389619045], [-70.88839294911531, 43.06527495840123], [-70.88835120938478, 43.06527624333205], [-70.8883042582006, 43.06528762372718], [-70.8882200716258, 43.065298977643266], [-70.8881287304094, 43.06529046793627], [-70.8880922428358, 43.065297843805475], [-70.88805172354161, 43.065319697698676], [-70.88801919358907, 43.06531947635974], [-70.88800998826737, 43.0653144713057], [-70.88797284967994, 43.065321978731], [-70.88785396918706, 43.065308700169844], [-70.88771771490114, 43.06532439884716], [-70.8876934886644, 43.06534357712119], [-70.88769062956462, 43.065360970988365], [-70.88767418840062, 43.06537477339837], [-70.88763564038354, 43.06537451098334], [-70.88747291689954, 43.06540586261131], [-70.88727446676477, 43.06540866769468], [-70.88714981244013, 43.0654036621124], [-70.88706473228731, 43.065407239040766], [-70.88704598488572, 43.06541656752686], [-70.88704361480877, 43.065424218011636], [-70.88701666616855, 43.065441185413356], [-70.88699819651467, 43.0654403464302], [-70.88699056772757, 43.06544414241691], [-70.88697308813762, 43.06548143197861], [-70.88688774446045, 43.065505789566544], [-70.88681410654375, 43.065501131242634], [-70.88672881547039, 43.065521332553], [-70.88665689847079, 43.06550636787189], [-70.88663525322777, 43.06550785037703], [-70.88658733325994, 43.065492846493434], [-70.8865856253759, 43.065491349211904], [-70.88655310471148, 43.065462838715206], [-70.88653028567919, 43.06546450581437], [-70.88651747377943, 43.06548194078517], [-70.88651706118848, 43.0654945338275], [-70.88651651115556, 43.06550618327906], [-70.88651326662848, 43.0655285588167], [-70.886501060697, 43.06553574833196], [-70.88648016691234, 43.06553548776899], [-70.88643072987152, 43.06552913483307], [-70.88642763116265, 43.06552998142208], [-70.88641287846846, 43.06554124924658], [-70.88640232423319, 43.065557955631284], [-70.88638473384107, 43.06556952158728], [-70.8863442759392, 43.0655618109502], [-70.88633813649673, 43.06555412184773], [-70.88633196266471, 43.065546389673116], [-70.88630909515494, 43.06553867903313], [-70.88629150476281, 43.06554895988624], [-70.88628270956676, 43.06555410031213], [-70.88625104686095, 43.06557466201144], [-70.88624591583344, 43.06557907999299], [-70.88608674465672, 43.06563749366655], [-70.88597883182285, 43.0656533835901], [-70.88593883570384, 43.0656780498272], [-70.88588792516087, 43.06567770247934], [-70.88583042118991, 43.065660380888005], [-70.88580493776593, 43.06566207386872], [-70.88575998552754, 43.06568588934692], [-70.88572894209382, 43.06568908718967], [-70.88567760880133, 43.065713675966094], [-70.88564539035777, 43.065722017851876], [-70.8856283469798, 43.06571859371352], [-70.88557205772501, 43.06571088309521], [-70.88555798541131, 43.06572758943367], [-70.88555422870672, 43.06574314181963], [-70.88554114200694, 43.06574599666698], [-70.88542761310005, 43.0657576912177], [-70.88540298140035, 43.06576493173341], [-70.88537115036988, 43.06573565461797], [-70.88533805268482, 43.065735428640394], [-70.88533020137622, 43.065752176845315], [-70.88534040319638, 43.0657833266349], [-70.88534245708482, 43.06578959788379], [-70.88532692041584, 43.06581002735064], [-70.88524451603699, 43.0658189088913], [-70.8852145899134, 43.06581029674113], [-70.88512014963712, 43.06581851932634], [-70.8850307421139, 43.06581393314771], [-70.884973738513, 43.06581950705779], [-70.88492469064828, 43.06583904961543], [-70.8848674596805, 43.06586251176856], [-70.88479145479884, 43.06586994353317], [-70.88474538352436, 43.06586863487286], [-70.88473827313841, 43.06587152077668], [-70.8847224417855, 43.06588051647439], [-70.8846925381189, 43.06589208236954], [-70.8846380079033, 43.06589465256814], [-70.88459755000144, 43.06589336746885], [-70.8845725491894, 43.065907417328795], [-70.88450147639828, 43.06592178197016], [-70.8844503538163, 43.06592974556696], [-70.88439970687645, 43.06590030374029], [-70.88438300022429, 43.06589711979625], [-70.88435103065895, 43.06592339525407], [-70.88432100195509, 43.065961003286816], [-70.88431310414104, 43.065964465223885], [-70.88429352371692, 43.06601164687836], [-70.88424972024609, 43.06604513932742], [-70.88418397553167, 43.06605591387732], [-70.88417828052596, 43.066066041160994], [-70.88412904143908, 43.066095114788], [-70.88402855507458, 43.06610974832341], [-70.88397118203874, 43.06616339064124], [-70.88389690896412, 43.0662086042956], [-70.8837831144496, 43.066241077978795], [-70.88368653713712, 43.0662570432866], [-70.88366734351568, 43.06625394321175], [-70.88356893084583, 43.06628802977053], [-70.88342886157145, 43.066324292673514], [-70.88335575811486, 43.066351274056565], [-70.88334687312155, 43.06637399272666], [-70.88333644399692, 43.06639769670577], [-70.88329231137335, 43.066416411762134], [-70.8832478896368, 43.06646164952022], [-70.88324087782573, 43.0664687901296], [-70.88318505600391, 43.066533545599], [-70.88296026375598, 43.066578533210546], [-70.88273132004848, 43.0666172883552], [-70.88265312785322, 43.066609577465286], [-70.88259688277627, 43.06661027714857], [-70.88249951902878, 43.06659172015278], [-70.88244836700909, 43.066563540969206], [-70.88241520127755, 43.06652631665166], [-70.88241097263713, 43.06652514137393], [-70.88235571142576, 43.06653486913406], [-70.88233366653533, 43.0665757514044], [-70.88229320863343, 43.06661815919492], [-70.88222812418257, 43.06667598795283], [-70.8821876662807, 43.06670297468786], [-70.88216132911302, 43.06671226338221], [-70.88211401002786, 43.06678005855701], [-70.8820733287319, 43.066798070707065], [-70.88206517539723, 43.06680306647105], [-70.88194620368445, 43.06681042190702], [-70.88190658282596, 43.066785750026156], [-70.8818991838499, 43.06677493925651], [-70.88187455730092, 43.06673638681953], [-70.88186576210485, 43.06671197026356], [-70.88184465363432, 43.06667598795283], [-70.88180947285007, 43.066652856456194], [-70.88178660534032, 43.066647716122446], [-70.8817531835953, 43.066647716122446], [-70.88168282202682, 43.0666592818728], [-70.8816406050857, 43.066670847621005], [-70.88163005085043, 43.06670297468786], [-70.88163532796806, 43.06673124649278], [-70.88165496033993, 43.066752208757315], [-70.88164495713214, 43.06678066831591], [-70.88162910929847, 43.06682536441889], [-70.88162423840654, 43.066879412481555], [-70.8815825567917, 43.06692914876201], [-70.88155617120351, 43.06696384584728], [-70.88154284556907, 43.0669886261602], [-70.88153205147569, 43.06699707649679], [-70.88145179562443, 43.06705820608789], [-70.88144153483886, 43.06709484575431], [-70.88135185189206, 43.06714687178684], [-70.88131333704773, 43.06720107896413], [-70.88128003756879, 43.06721572039799], [-70.88123778510612, 43.06721572039604], [-70.8812096404787, 43.067213150252805], [-70.88119908624344, 43.06722857111056], [-70.88120612240029, 43.06724013675135], [-70.88121962456518, 43.06725000079602], [-70.88122547183163, 43.06725427253156], [-70.88122898991004, 43.06727997394177], [-70.88121139951792, 43.0672941097128], [-70.88117973681209, 43.06730439027149], [-70.88115793037458, 43.06730757642034], [-70.88114455602785, 43.0673095305502], [-70.88111641140046, 43.06732495138372], [-70.88109366558899, 43.06734038144795], [-70.8810917848515, 43.067341657282306], [-70.8810653992633, 43.06736221838202], [-70.88103197751828, 43.06736735865588], [-70.88102340810894, 43.06736809517354], [-70.88100207385166, 43.06736992879265], [-70.88096689306741, 43.06736221838203], [-70.88092467612633, 43.06735707810775], [-70.8808930134205, 43.067369928792644], [-70.8808843337152, 43.06737521293477], [-70.88083587976561, 43.067380671824864], [-70.88073932736216, 43.067389765111905], [-70.88070667650703, 43.06740396058071], [-70.88070831430322, 43.0674123360337], [-70.88070831430322, 43.067429041908504], [-70.88068720583267, 43.067449602978904], [-70.88065554312686, 43.067452173112216], [-70.88065378408764, 43.067452173112216], [-70.88064147081316, 43.06744574777872], [-70.88062563946025, 43.067434182176726], [-70.88062215858248, 43.06742958063734], [-70.88060285423201, 43.06743251890449], [-70.88059983110918, 43.067469835483976], [-70.88061974625165, 43.06750544276117], [-70.88058954744821, 43.06755806021765], [-70.88050654362591, 43.06759698871077], [-70.88046622804302, 43.067619192934835], [-70.88037761493133, 43.067634652302196], [-70.8803441931863, 43.06764493280378], [-70.88030901240205, 43.067679629483905], [-70.88030725336286, 43.06770661577706], [-70.88027383161781, 43.06772974687605], [-70.88023689179435, 43.06774773772477], [-70.88012255424556, 43.067818416007945], [-70.88010861187345, 43.06786425093592], [-70.88009427839727, 43.06787459244988], [-70.88007485426098, 43.06789533498722], [-70.87997127687332, 43.067953347049496], [-70.8799255418538, 43.06799960905251], [-70.87991839434103, 43.068007594986476], [-70.87987216157711, 43.068023027964664], [-70.87968181814661, 43.068172935322984], [-70.87950263751262, 43.06824637760029], [-70.87933344962461, 43.06833482328446], [-70.87915662300217, 43.0684232161486], [-70.87898428150949, 43.0684956566223], [-70.87886187064976, 43.0685016762779], [-70.87875920525278, 43.06853538243323], [-70.87865023842492, 43.06851105887015], [-70.87862033475832, 43.06851362895895], [-70.87860098532698, 43.0685354747095], [-70.87859342087616, 43.06854125201259], [-70.87859197374068, 43.06856058802175], [-70.87857524957218, 43.06859625252353], [-70.87855320530915, 43.068623929343346], [-70.87847970353229, 43.068647276225455], [-70.87836421647393, 43.06865051122485], [-70.87824187136114, 43.068670811244004], [-70.87807068484668, 43.06871630334492], [-70.87798337566021, 43.06877357450844], [-70.87789143729692, 43.068812945924755], [-70.87787815792868, 43.068831968546434], [-70.87779614035829, 43.068885072685], [-70.87775258623708, 43.06889868674588], [-70.87774004290064, 43.06890089415111], [-70.87772185415004, 43.06891365365995], [-70.87767794810632, 43.068960791289264], [-70.87765843092613, 43.06896149804921], [-70.87762921638569, 43.068930278704336], [-70.87761408707547, 43.06889002667462], [-70.87764290201468, 43.06885282829333], [-70.87762838246228, 43.0688130590982], [-70.87762246647964, 43.0687968551492], [-70.87761033249082, 43.06875334640732], [-70.87764026305719, 43.06872873845577], [-70.87767446370617, 43.068701058146466], [-70.87768328239257, 43.06867320282893], [-70.87763940470028, 43.06864340048723], [-70.87760858226616, 43.0686506312502], [-70.87754204372123, 43.068644703345385], [-70.87745936887828, 43.068635708053314], [-70.87741187481954, 43.06865883880168], [-70.87737493499607, 43.06868068450045], [-70.87735910364317, 43.06869610498901], [-70.87727291072177, 43.068741081391856], [-70.87718671780037, 43.06876421210046], [-70.87715681413377, 43.06877577745149], [-70.87713324095836, 43.0688011989543], [-70.87710706316281, 43.068803002019514], [-70.87705847164379, 43.06881946854187], [-70.87691517113139, 43.06887448565924], [-70.87682812432173, 43.06891122221538], [-70.87671046260117, 43.0689719598732], [-70.87665162223743, 43.068994592022506], [-70.87657623413057, 43.069026750947806], [-70.8765453547668, 43.06904073440529], [-70.87646917871531, 43.06905261453071], [-70.87645448367255, 43.06905122890728], [-70.8763830660965, 43.069110888753585], [-70.8763521637338, 43.069146023797785], [-70.87635306074246, 43.06915141401829], [-70.87633899503125, 43.06919107206744], [-70.87628973745721, 43.069226511535064], [-70.87621633628696, 43.069241906615694], [-70.87617042818391, 43.06922767517849], [-70.87614370140905, 43.06919767415515], [-70.87613240544881, 43.069158674775565], [-70.8760485096237, 43.06913649391605], [-70.87598932456247, 43.06913298320159], [-70.87592135983321, 43.069154226114705], [-70.87590685839392, 43.069170885617226], [-70.87587799262647, 43.069170283118694], [-70.87586271256482, 43.06917586439022], [-70.87585375298887, 43.06918573198305], [-70.87571470010731, 43.069246391495156], [-70.8756436469154, 43.069282670839705], [-70.87561059557643, 43.069337756901795], [-70.87549993395778, 43.06939022968704], [-70.87541355078686, 43.06941297129802], [-70.8753269105967, 43.06941797278821], [-70.87528084022964, 43.06943632285387], [-70.87527970378828, 43.069449339117476], [-70.87521513055798, 43.06945952289112], [-70.87512549447334, 43.069520938719656], [-70.87503613762722, 43.069560643875406], [-70.87496406148193, 43.06957255240386], [-70.8748875952305, 43.06959683767312], [-70.87479416745353, 43.06962410730991], [-70.87468361837675, 43.06966676732855], [-70.87459897069485, 43.069669283248096], [-70.87451444283657, 43.06966249456324], [-70.87442129443394, 43.069668053296084], [-70.87436993053244, 43.06971422453744], [-70.87435556268748, 43.06974319561705], [-70.87434744188552, 43.069745364372956], [-70.87429349210524, 43.069782328146744], [-70.87423459427893, 43.06980805643245], [-70.87421276914074, 43.06980996762242], [-70.87420866441408, 43.069815365090925], [-70.8741945921004, 43.069834640344205], [-70.8741840378651, 43.06983464034421], [-70.87416468843378, 43.06983464034421], [-70.87415589323771, 43.06982693024362], [-70.87414885708087, 43.06981665010802], [-70.87414716376124, 43.06981244428314], [-70.8741325128956, 43.06980802962432], [-70.8741242305319, 43.06981408007384], [-70.87411543533584, 43.0698320703108], [-70.87411367629662, 43.069850060542464], [-70.87411543533584, 43.06987062080077], [-70.87411367629662, 43.06990017615998], [-70.87408904974765, 43.06993872660715], [-70.87403971264041, 43.06994751728894], [-70.87401845749736, 43.069982044947224], [-70.87400764745874, 43.070030508591316], [-70.87394807565086, 43.07010850431417], [-70.87384790961055, 43.070175017568666], [-70.87377911536798, 43.070178274658154], [-70.87372816825223, 43.07017978850911], [-70.87368221717477, 43.07018880442321], [-70.87363854749447, 43.07021837165713], [-70.87359708696376, 43.070274090310924], [-70.87357931200764, 43.07027023338926], [-70.87353891049646, 43.07024381724995], [-70.87349809979908, 43.07024913498508], [-70.87348743373433, 43.07028639837832], [-70.8735380920948, 43.07030728502721], [-70.8735581965862, 43.0703279598961], [-70.87353496823829, 43.07035206816341], [-70.87349413339658, 43.07035925259575], [-70.87347449733997, 43.07037900943516], [-70.87347338602338, 43.07038591002203], [-70.87345931370967, 43.070398760071946], [-70.87343292812149, 43.07039876007194], [-70.87341006061173, 43.07039233504731], [-70.87340654253332, 43.07037819999078], [-70.87340654253335, 43.07036078530248], [-70.873402495717, 43.07035675052253], [-70.87337453611151, 43.070352822967386], [-70.87332603869478, 43.0703618210858], [-70.87333314748155, 43.070402941424014], [-70.87335481857181, 43.070499578971976], [-70.87337549799722, 43.070545317329774], [-70.8733608075138, 43.070556815465395], [-70.87333618096483, 43.070572235481954], [-70.87332562672955, 43.07058894049554], [-70.87331331345507, 43.070599220501606], [-70.873304518259, 43.07059922050161], [-70.8732886869061, 43.07058637049373], [-70.87327813267082, 43.07058380049184], [-70.87326581939634, 43.07058123048982], [-70.87326294699524, 43.07057860758192], [-70.87326730225229, 43.07057236973169], [-70.87325726205454, 43.07056109892308], [-70.87323437062187, 43.070559073339346], [-70.87322147121843, 43.07057205196178], [-70.87315947212551, 43.070640696104945], [-70.87310537634151, 43.070688859494965], [-70.87304366603293, 43.07073510318442], [-70.87305244213027, 43.07077178176734], [-70.87304597180616, 43.07079186998902], [-70.87300105010299, 43.070820719929166], [-70.8729421561813, 43.07080482026124], [-70.8729016982794, 43.07081381523496], [-70.87288234884807, 43.070825380199274], [-70.87283485478935, 43.07082795019104], [-70.87282781863249, 43.070834375169994], [-70.87282254151485, 43.070848510121294], [-70.8728299177652, 43.07087221918035], [-70.87281234189855, 43.0709015165931], [-70.8727535387653, 43.07091977730291], [-70.87273023759028, 43.07094948549636], [-70.87266096047468, 43.070990075880225], [-70.87256917729545, 43.07099877332478], [-70.87247220530469, 43.071014902147624], [-70.87242315282026, 43.07106683394458], [-70.87238702405617, 43.0711039204975], [-70.87239403586828, 43.07115250767855], [-70.87238082277777, 43.07118975328317], [-70.87231940072328, 43.071213596187874], [-70.87228884638913, 43.07121338408771], [-70.87224798672447, 43.071222434767016], [-70.87215574498968, 43.0712665991461], [-70.87210734313942, 43.071268129945935], [-70.87206660399328, 43.07126784706813], [-70.8720587001232, 43.07128832770859], [-70.87210143083279, 43.07133156233076], [-70.8720931652346, 43.071380043448244], [-70.8720795007425, 43.07139314031908], [-70.87204714499654, 43.07138807546565], [-70.87199417692611, 43.07135508681691], [-70.87198449861803, 43.071315815424725], [-70.87196429786466, 43.07130260707766], [-70.8719158959825, 43.071304137796254], [-70.87188514863293, 43.071318859173964], [-70.87184688328539, 43.071324193996716], [-70.87177311589606, 43.07131808100688], [-70.8717421754975, 43.071347735931205], [-70.87170907490129, 43.07134750598814], [-70.87170619092149, 43.071373622073885], [-70.87169819040793, 43.071401569480535], [-70.87165461543043, 43.07142366914418], [-70.87159569080782, 43.071451262741014], [-70.87155946479251, 43.07149581581657], [-70.87155919934341, 43.071516349494935], [-70.87149249116345, 43.0715550901498], [-70.87145398428669, 43.07157909181922], [-70.87138797594626, 43.071563698171374], [-70.87134493178593, 43.071544730360294], [-70.87134543868919, 43.07150552970377], [-70.87133059594925, 43.0714718229613], [-70.87127731877514, 43.071456517733544], [-70.87121183405698, 43.071439910041576], [-70.87113725341752, 43.07145741095912], [-70.87109418526401, 43.07144030975243], [-70.87106127779754, 43.0714251460389], [-70.87099015317084, 43.0714115834555], [-70.87096997675202, 43.07139650823679], [-70.8709471333914, 43.071390748798315], [-70.87089856235902, 43.071405345970234], [-70.870842811612, 43.07138442274167], [-70.87082813825326, 43.07133764905144], [-70.8708212242765, 43.07128159499462], [-70.87077868774973, 43.071223426319335], [-70.87075884962516, 43.07118221729495], [-70.87071847290387, 43.071153933471116], [-70.87069366325119, 43.07110335552593], [-70.87067156893367, 43.07103972840209], [-70.87064125629013, 43.07102084888495], [-70.87062115256384, 43.07100017351208], [-70.87058101763458, 43.07095322266255], [-70.87056702651724, 43.07093321017577], [-70.87050412783316, 43.070906334888214], [-70.8704988507155, 43.07087421002445], [-70.87050998410675, 43.07085161822161], [-70.87050101375526, 43.07083878724615], [-70.87047647020925, 43.07076767557791], [-70.87041392428677, 43.070676393689176], [-70.87038397475249, 43.07060744325959], [-70.87036432462712, 43.0703823208578], [-70.87033104686883, 43.070199136410054], [-70.87031304616305, 43.07001605826295], [-70.87031410956607, 43.06993392355229], [-70.8703046983959, 43.06987411834073], [-70.87029504555638, 43.069832980108025], [-70.87027733507765, 43.06962750156854], [-70.8702753848004, 43.06938479537564], [-70.8702733378492, 43.069149555965474], [-70.8702801701995, 43.06901518913068], [-70.87027531968094, 43.068996486709224], [-70.87026595701606, 43.068932948089596], [-70.8702770598131, 43.068862084432006], [-70.87029566001887, 43.06880965669374], [-70.870312392559, 43.068800193185396], [-70.8703405371864, 43.06877963256803], [-70.87035285046089, 43.068755216825934], [-70.87034933238246, 43.06873594123321], [-70.87033174199034, 43.06871795067453], [-70.87030887448057, 43.0686871097045], [-70.87030359736295, 43.06865241359466], [-70.87030711544138, 43.068617717465216], [-70.87030007928452, 43.068595871743995], [-70.87028776601002, 43.06857402601498], [-70.87027160317496, 43.068557677101595], [-70.87027622125441, 43.06853351008015], [-70.87027689796217, 43.06848124252403], [-70.87025196887534, 43.06843999796336], [-70.8702331682697, 43.06834044644659], [-70.87020413510663, 43.06834393878982], [-70.87020166412997, 43.06830458794477], [-70.87021958517967, 43.06823405193308], [-70.87018611091067, 43.0681922538076], [-70.87016370506228, 43.068171315284715], [-70.87018119559262, 43.06813402839557], [-70.87019750234843, 43.06809644565686], [-70.8702402719513, 43.06808313758063], [-70.87026138042185, 43.068056151453206], [-70.87028776601002, 43.06803045036846], [-70.87031942871586, 43.06799575388691], [-70.87032118775507, 43.067970052776836], [-70.87030535640216, 43.067943066599625], [-70.87027545273554, 43.06792636086496], [-70.87025082618659, 43.06790451489733], [-70.87023499483367, 43.06789808961125], [-70.87021205569572, 43.06789720760849], [-70.87012779126204, 43.067880109296624], [-70.87010036268595, 43.06780925762408], [-70.8700902093477, 43.06771774362588], [-70.87009085519435, 43.067667869945986], [-70.870102946038, 43.06760976290454], [-70.87008107863716, 43.06754726296446], [-70.87005883452365, 43.06751385600059], [-70.8700597495021, 43.067443201618616], [-70.87006012625697, 43.06741410863754], [-70.87003296707778, 43.06732247624435], [-70.86998313340183, 43.06723068598664], [-70.86997832599364, 43.06716414827781], [-70.86998501733777, 43.067085221077065], [-70.86996881886036, 43.067022760576776], [-70.86994128317706, 43.066960221140846], [-70.86991930850078, 43.06690603344677], [-70.8699197929761, 43.06686862818312], [-70.86992011595913, 43.06684369134055], [-70.86988777312071, 43.06671461417522], [-70.86987552196192, 43.066655686474064], [-70.86987263275593, 43.06658603208361], [-70.86989022314805, 43.066555190040916], [-70.86986031948145, 43.06651920763816], [-70.86983745197169, 43.066484510301215], [-70.86983041581483, 43.06644210241828], [-70.8698110663835, 43.06641254539159], [-70.86977975601005, 43.06639585341928], [-70.86977303980227, 43.06638129401944], [-70.86974064366028, 43.06625637294728], [-70.86963552586784, 43.06605612809808], [-70.86961864622825, 43.06602069763301], [-70.8696210901486, 43.06598974984134], [-70.86961229495253, 43.06593192043606], [-70.86958415032512, 43.065895937667435], [-70.8695507285801, 43.065849674076745], [-70.86951906587429, 43.06578927433637], [-70.86950147548217, 43.065759716994926], [-70.86949354189221, 43.06575627866656], [-70.86949121428691, 43.06575134699933], [-70.86943899682845, 43.06563133227048], [-70.86935133449084, 43.065506689167286], [-70.86925916923926, 43.06538356713056], [-70.8692341015219, 43.06532792116456], [-70.86920067977687, 43.0652842273694], [-70.8691760532279, 43.065255954897125], [-70.86916022187499, 43.06522254195853], [-70.8691619809142, 43.0652006950273], [-70.86915670379656, 43.065190414115804], [-70.86913519214232, 43.065179533858974], [-70.86913574058774, 43.06517305328335], [-70.86911387699836, 43.06512358814959], [-70.86907754703202, 43.06512358814892], [-70.86905467952225, 43.06511330722449], [-70.86904412528698, 43.06507732397538], [-70.86904591649619, 43.065051805903316], [-70.86901952141254, 43.06503348953667], [-70.86896434597594, 43.06491672246931], [-70.86889168042549, 43.064837242092395], [-70.86877987519668, 43.06471592360957], [-70.86876498822105, 43.06470014389295], [-70.86876091997381, 43.06467636634189], [-70.86866944993477, 43.0645915480449], [-70.86865833548741, 43.06458709512473], [-70.86857856219119, 43.06450253743658], [-70.86847172555395, 43.064435288018075], [-70.8683461924759, 43.064335609343814], [-70.86831940113154, 43.06429468308128], [-70.86827074085647, 43.064267032605684], [-70.86823635040427, 43.064225820159024], [-70.86816288543085, 43.06417230913124], [-70.86815932856324, 43.06416488452862], [-70.8681259068182, 43.06413532640397], [-70.86810655738688, 43.06411476422188], [-70.86806609948498, 43.0640942020329], [-70.86804777666885, 43.06408846497371], [-70.86779270525443, 43.06390267209239], [-70.86749509096494, 43.063684455147765], [-70.86714957459809, 43.063479307012855], [-70.8671338087025, 43.06345677075362], [-70.86705289289874, 43.063420786532156], [-70.86698253133025, 43.06339379835221], [-70.86693855534996, 43.063369380464856], [-70.866889302252, 43.063339821956625], [-70.86682773587958, 43.06331154858762], [-70.8667591333503, 43.06327170881823], [-70.86670636217393, 43.063251146346474], [-70.86669002338901, 43.063250041063014], [-70.86646480235746, 43.06312788238877], [-70.86610404950822, 43.062980593726806], [-70.8658385760381, 43.06287007873781], [-70.8657302442624, 43.06282843260575], [-70.86561575786236, 43.06277435209877], [-70.86538180564713, 43.062680535004255], [-70.86522525115726, 43.06262784314849], [-70.8651984265548, 43.06262451514934], [-70.8647500628844, 43.06245321423452], [-70.86439810087127, 43.06231015005274], [-70.86398357235541, 43.06218977320427], [-70.86276856287851, 43.06185157696379], [-70.86198291149306, 43.06169894611644], [-70.8619553361114, 43.061685502018015], [-70.86187927972203, 43.06166069787034], [-70.86177521968693, 43.061635696708834], [-70.86174221768367, 43.06163611848929], [-70.86152175042535, 43.06155416617495], [-70.86135955391822, 43.061519232924994], [-70.861224490046, 43.06148250265741], [-70.86112717453089, 43.0614662714915], [-70.860934239348, 43.06138733232304], [-70.86051867230977, 43.06120236651417], [-70.86013654169989, 43.06102089008389], [-70.85967320833541, 43.06081847343182], [-70.85940571690851, 43.06063350590677], [-70.85928379385582, 43.06052282967097], [-70.85928437443059, 43.06047858541073], [-70.85937033769949, 43.06039993040558], [-70.85963312491182, 43.060379137828214], [-70.85998071442114, 43.060381588608934], [-70.86022252108711, 43.060448537823724], [-70.86085825548132, 43.06053797391504], [-70.86109026038562, 43.06054226613885], [-70.86165510299134, 43.06044999491854], [-70.86188153329944, 43.06043466043238], [-70.86219618603764, 43.060354325654465], [-70.86237664408863, 43.0602363283848], [-70.86258043175542, 43.060199993008084], [-70.86275654202042, 43.06020719360641], [-70.86288910117204, 43.060228002381066], [-70.86296307419465, 43.060212539694206], [-70.8630087045595, 43.06020300148586], [-70.8630172013528, 43.0601994466148], [-70.8631522362857, 43.06021140940395], [-70.86327093976564, 43.0602858427728], [-70.86332739643427, 43.06028854041863], [-70.86332746400282, 43.06028872564087], [-70.86345150256064, 43.06033929038211], [-70.86356534750568, 43.060340089395964], [-70.86358744732826, 43.0603084402937], [-70.86357704597557, 43.060274575341346], [-70.86355288414246, 43.060256515914865], [-70.86353411755897, 43.060240482110615], [-70.86346128490189, 43.06018737190424], [-70.86345436194519, 43.06013426891196], [-70.86344826746732, 43.060009672372956], [-70.86336400979002, 43.059958127128134], [-70.86325559363726, 43.05998284293465], [-70.86310879790277, 43.059990304542026], [-70.86293939596472, 43.05995514568047], [-70.8627325024711, 43.05983480016652], [-70.86230654558301, 43.059639314750456], [-70.86203536525335, 43.059416608454235], [-70.86189238385896, 43.05913252625625], [-70.8618988723423, 43.05893158737599], [-70.86193413113685, 43.05889220457806], [-70.86202721668914, 43.058858889920074], [-70.86206596529458, 43.058847839297556], [-70.86211298914048, 43.05879438532411], [-70.8621753050714, 43.05875236190778], [-70.86225636610612, 43.05875293174344], [-70.86234511024317, 43.058756386291165], [-70.86242654123826, 43.05872865092737], [-70.86252682850615, 43.05873501722509], [-70.86257686118363, 43.05874669186514], [-70.86261115778677, 43.05878090206205], [-70.86262986626997, 43.058826325797554], [-70.86270291144184, 43.05884948513959], [-70.86275338800986, 43.05882719360622], [-70.86284279785764, 43.05877969862225], [-70.86304474044866, 43.058687701593165], [-70.86318410867011, 43.05865754176896], [-70.86333420695915, 43.05869256476368], [-70.86344563103641, 43.05873297765113], [-70.86349874807942, 43.058804119664366], [-70.86355017191309, 43.05885219089404], [-70.86356708153988, 43.05885723076997], [-70.86360608597741, 43.058885444403444], [-70.86360870563608, 43.05888733931694], [-70.86365311811993, 43.05891150412713], [-70.86372081655783, 43.05891694856411], [-70.86375184338074, 43.058903396528706], [-70.86381795075552, 43.058896944117], [-70.86401069529673, 43.05891811157018], [-70.86418425040475, 43.058930651830494], [-70.86431163246361, 43.05893154502765], [-70.8644157065368, 43.05894359775671], [-70.86451547779565, 43.058989589445034], [-70.86466554078329, 43.05902744121338], [-70.86482744236817, 43.05904556036204], [-70.86503922997724, 43.05908667488925], [-70.86529285202242, 43.05917620504495], [-70.86541501078833, 43.05928179884596], [-70.86556360099111, 43.05943286983436], [-70.86569278085932, 43.059592297071816], [-70.86577575053632, 43.05974290845898], [-70.86580571042853, 43.05981388732229], [-70.86578159181494, 43.0598873184853], [-70.86577695799767, 43.05994673217286], [-70.86580750744736, 43.05997242287981], [-70.86591136257269, 43.060001457321036], [-70.86611231036076, 43.05998587865837], [-70.86634112574227, 43.05990538688983], [-70.86647354794697, 43.05981572836887], [-70.86659067652771, 43.05971463969805], [-70.86672640608873, 43.05966746551932], [-70.86687695041871, 43.05966851777102], [-70.86700040040563, 43.059675042030406], [-70.86716642199005, 43.0596733712862], [-70.86742868900072, 43.05969218790964], [-70.86754895887051, 43.05974015676793], [-70.8676811921572, 43.059757663179674], [-70.86783837947881, 43.059760748310104], [-70.86784474732136, 43.05975947917215], [-70.86787348142309, 43.05974885716233], [-70.86798638412999, 43.05968119168411], [-70.86810352331862, 43.059591651280364], [-70.86827501097225, 43.05953719048501], [-70.86834804141556, 43.05954962655404], [-70.86848346640325, 43.059558522266826], [-70.86855698674916, 43.05953319412931], [-70.86861899454726, 43.059559467488164], [-70.86868616576142, 43.05960565444522], [-70.86878596697545, 43.05964411782305], [-70.86883994636695, 43.059662384034645], [-70.86897813378485, 43.05966732289604], [-70.8690455115087, 43.05969760898031], [-70.86917234152826, 43.05974222369732], [-70.86925572528412, 43.05979249882727], [-70.86932274269633, 43.05985061091322], [-70.86937858311133, 43.059934486001524], [-70.86945634011543, 43.06000062388182], [-70.8695235381921, 43.06004482276955], [-70.8695447593853, 43.060080750316594], [-70.86963780192856, 43.060222529519066], [-70.86964247647312, 43.060280207187375], [-70.86973835885576, 43.060412067270796], [-70.86992136713789, 43.06051471747412], [-70.86999662072701, 43.06056493545347], [-70.87008013493255, 43.06060527207387], [-70.8701633919502, 43.06066548446625], [-70.87019814107022, 43.06070349380859], [-70.87024412446657, 43.06077995197449], [-70.87024856220549, 43.06078733074384], [-70.87029157193467, 43.06081545873552], [-70.87033760101582, 43.06081975457475], [-70.87038249212736, 43.060818604470356], [-70.87044121565731, 43.060835008606844], [-70.87062198465159, 43.06083962303992], [-70.87089826232253, 43.06085744666862], [-70.87115595127415, 43.06084532397604], [-70.87143294843533, 43.06080749397102], [-70.87163895554592, 43.0608089253679], [-70.87183902791492, 43.060850070419825], [-70.87209811826138, 43.06093933121628], [-70.87227581347814, 43.06103398971036], [-70.87240203284468, 43.06112630289716], [-70.87245834042254, 43.06117439999217], [-70.87246593355862, 43.06121619569654], [-70.87244399188468, 43.06123592103757], [-70.87242038277049, 43.06124761974346], [-70.87241938269497, 43.061255340109106], [-70.87240755789807, 43.06127332130456], [-70.87238856299251, 43.061313823487275], [-70.8723953639328, 43.06132768943859], [-70.87241106093698, 43.06135969291404], [-70.87244987351473, 43.06139382397634], [-70.87244699652798, 43.061437824198535], [-70.87243592677655, 43.06148091780614], [-70.87243484060185, 43.06148514618912], [-70.87243891187869, 43.06152750155005], [-70.8724778556913, 43.06155147500782], [-70.87253790659086, 43.06155019866524], [-70.87260800406492, 43.06153959350959], [-70.87266814596892, 43.061511787705825], [-70.87279388741449, 43.06143116183446], [-70.87294374228644, 43.06137256846046], [-70.87312906594786, 43.061296330988846], [-70.873214377454, 43.06119753442783], [-70.87331843246709, 43.06111675760662], [-70.87361246196214, 43.06101940753687], [-70.8737447532909, 43.061007186920705], [-70.87401760061665, 43.06092481413414], [-70.87421892936703, 43.06086856337226], [-70.87439818888093, 43.06084197590203], [-70.874581513364, 43.060920767694085], [-70.87460797997055, 43.06097064494349], [-70.87469252304592, 43.06103764961107], [-70.87469653530228, 43.06104082952222], [-70.87472654879348, 43.061048796031315], [-70.87479649614905, 43.06106736218499], [-70.87490249220276, 43.06104623022127], [-70.87500570083219, 43.06103104216301], [-70.87508152181455, 43.06103752995207], [-70.87510300230842, 43.061053580636], [-70.87520773637003, 43.061094273574895], [-70.87525405635586, 43.06111227050291], [-70.87536304415556, 43.06106929341706], [-70.8753882067021, 43.061009834538496], [-70.8753912751907, 43.060982027082595], [-70.87533483765752, 43.060943869340484], [-70.87530259132204, 43.06092178096326], [-70.87524584710924, 43.060907474205074], [-70.87519961305192, 43.060919081021545], [-70.87517491058966, 43.06094276331867], [-70.87514980843301, 43.060968235869304], [-70.87506196258931, 43.06097222650696], [-70.87499776233712, 43.06091968083977], [-70.87503899856226, 43.06083615057517], [-70.87505872779411, 43.06074341038313], [-70.87507216228131, 43.06065968778199], [-70.87519656962247, 43.060594855030466], [-70.87537343234315, 43.06053491543986], [-70.87558412866507, 43.06048653589228], [-70.8757215980561, 43.060461699720975], [-70.87576174665294, 43.060423806703966], [-70.87590140383445, 43.06037098725106], [-70.87605202296189, 43.06036636641402], [-70.87619874554252, 43.060364549231025], [-70.87623348701446, 43.06036478920353], [-70.8762760578946, 43.06035659093896], [-70.87634222602473, 43.060314586416325], [-70.87639714078122, 43.06024702723144], [-70.87652503482316, 43.06020827961978], [-70.87659469932308, 43.06019460676996], [-70.87669885078124, 43.06020098732704], [-70.87675620801927, 43.06024384477699], [-70.87679797935606, 43.06029791769197], [-70.87684382893336, 43.06033503413197], [-70.87695912520165, 43.060375460585924], [-70.87707496647499, 43.06037342916681], [-70.87721753836156, 43.06039422818068], [-70.87734037377268, 43.06044886009896], [-70.87742082011125, 43.06049753800619], [-70.877450975369, 43.060554361333985], [-70.87743855977895, 43.06061938336612], [-70.87751897011381, 43.06067089172262], [-70.87757698177616, 43.06066279945304], [-70.87768106154932, 43.060674840157574], [-70.87775018194108, 43.060703624369864], [-70.87787182096609, 43.06085166280055], [-70.87794458413921, 43.06089745660985], [-70.87803286078714, 43.060937695749736], [-70.87822958597033, 43.0609503743846], [-70.87838042397172, 43.060928767386564], [-70.8784970761562, 43.06090263702684], [-70.87860801902639, 43.060853154403866], [-70.87871081920375, 43.06086976438953], [-70.8787509950139, 43.0609078085044], [-70.87875324749677, 43.06094360373852], [-70.87873082201067, 43.06096599567541], [-70.87870381979214, 43.06099295746997], [-70.8786953060764, 43.061022715284494], [-70.87880071539136, 43.06104729420489], [-70.87888473799609, 43.06103977536088], [-70.87916962783339, 43.06110121636291], [-70.8792388218606, 43.06112433864661], [-70.87942782748901, 43.06113696210343], [-70.87953544276448, 43.061174502351214], [-70.87967794497072, 43.06120095935501], [-70.87972479114978, 43.06121435853253], [-70.87981248506235, 43.06121128880021], [-70.87987470277017, 43.06122165540208], [-70.87993114340412, 43.061259810927545], [-70.8799142441482, 43.06130938880595], [-70.87991827084986, 43.061321688116], [-70.87992728908549, 43.061349233738405], [-70.87999219218946, 43.06136160650068], [-70.88002326566742, 43.06135595386822], [-70.88007642561585, 43.06134628342402], [-70.88010591243652, 43.061372327013835], [-70.88010570916227, 43.06138822771588], [-70.88006631164423, 43.06150125936986], [-70.88006015341678, 43.061558862147784], [-70.88008203254796, 43.06157725471334], [-70.88010306658177, 43.061594936838375], [-70.88015669540472, 43.06164102397309], [-70.88023520298839, 43.06164951457486], [-70.88029503192938, 43.06162206238672], [-70.88033337109444, 43.06160447063727], [-70.88043120887131, 43.06158526525597], [-70.88053700079702, 43.06158002876971], [-70.88073421884822, 43.061633065236705], [-70.8807384014728, 43.061634784643346], [-70.8808178178078, 43.061667431316145], [-70.88091560477321, 43.06165220069654], [-70.88092065656642, 43.061650224993265], [-70.88094656165116, 43.06165344686491], [-70.88094813273169, 43.061652424039515], [-70.88110849327742, 43.06161973300953], [-70.88130842262683, 43.06167278709915], [-70.8813862708483, 43.06173295420684], [-70.88136397665679, 43.06178050751274], [-70.88130649444655, 43.06182384380239], [-70.88125694119367, 43.06188313658038], [-70.8812075336738, 43.06191545681211], [-70.88118211296133, 43.061932085905106], [-70.88115371523764, 43.061950662408194], [-70.8811253973158, 43.062015265302726], [-70.88100021226903, 43.062141261826596], [-70.88079441963296, 43.062289357517336], [-70.88064521464665, 43.06236082186684], [-70.88041638607028, 43.06237737215689], [-70.88019292494772, 43.06245738683575], [-70.88004354510225, 43.06254244090068], [-70.87976984514866, 43.06268553735386], [-70.87924756072385, 43.062940187126614], [-70.87897582916985, 43.06292925590369], [-70.87877002905046, 43.0630773478741], [-70.87849736842456, 43.06313889820204], [-70.87818775310856, 43.06319113212476], [-70.87794499602938, 43.06332990682007], [-70.87781478513135, 43.06336525383161], [-70.87776547415687, 43.063355852763074], [-70.87760593986579, 43.063268672057816], [-70.87756385326679, 43.06317777049938], [-70.87757748829102, 43.06307819203206], [-70.87767721357297, 43.0630109211304], [-70.87793133936326, 43.06294924500728], [-70.87808020049222, 43.06290496524647], [-70.87824794476259, 43.06283363198375], [-70.87834137449198, 43.06277537826087], [-70.87832365215108, 43.06271182822069], [-70.87821255833383, 43.06270200170581], [-70.87808835305628, 43.06275098211641], [-70.87798355368653, 43.06273213761838], [-70.87783608691387, 43.06266769323462], [-70.87770628401293, 43.062671328964335], [-70.8776194388753, 43.06269791359518], [-70.877520469431, 43.06270629227917], [-70.87731623589268, 43.062732067107085], [-70.87714889778015, 43.06277168783114], [-70.87696232666703, 43.06286554240088], [-70.87662240148167, 43.06287225724323], [-70.87641315246391, 43.0628073844752], [-70.87635911863038, 43.06268468598858], [-70.87644077512063, 43.062581046829294], [-70.87647294672499, 43.062481596487], [-70.87642468403304, 43.062390651852375], [-70.87637735459931, 43.06236313157189], [-70.87626325731172, 43.06236313155288], [-70.87613278245234, 43.06242668242749], [-70.87604579921276, 43.06244654206229], [-70.87600774404545, 43.062446542062304], [-70.87595092840542, 43.062474215476065], [-70.87592896494195, 43.06250049174904], [-70.87591590963969, 43.06255476835336], [-70.87589650132006, 43.06262259275899], [-70.87581612496932, 43.06262656788146], [-70.87576110247514, 43.0625808819333], [-70.87573100060672, 43.06256400069291], [-70.87571202541258, 43.062553359324255], [-70.87566254069235, 43.06255754785212], [-70.8756433068272, 43.062611781716605], [-70.87563660430504, 43.06265251049696], [-70.87566079339187, 43.0626934528119], [-70.87573452561001, 43.062725676420015], [-70.87576512606556, 43.06274854075398], [-70.87577078027464, 43.06278935494244], [-70.87582597765524, 43.062821450389784], [-70.87597414130035, 43.0628315353627], [-70.87600732238585, 43.06284926214391], [-70.87601709857871, 43.062854485008195], [-70.87601663283712, 43.06289072633234], [-70.87594791415673, 43.062949148903485], [-70.87592897153702, 43.06298073198663], [-70.87592221093497, 43.06302599094758], [-70.87594039666547, 43.06305330001504], [-70.87597711750105, 43.06308073714947], [-70.87602631153607, 43.06309919931589], [-70.87605644656246, 43.063158304895474], [-70.87603126734085, 43.06319437547419], [-70.87601815375402, 43.063253182248395], [-70.87611030555726, 43.063294594009285], [-70.87623422246952, 43.06326826659876], [-70.87628446431076, 43.06320518567664], [-70.87646421907449, 43.06316112139479], [-70.87668658230048, 43.06316718722082], [-70.87689052676356, 43.06316406436345], [-70.87706917631203, 43.06320607228716], [-70.87713603387822, 43.06329261436598], [-70.87711056453941, 43.0633513360177], [-70.87701101252463, 43.06340501591373], [-70.8768500252587, 43.0634310883156], [-70.87663943612554, 43.06347040976573], [-70.87644050528816, 43.06356417814149], [-70.87627176754779, 43.063712521520905], [-70.87611019705118, 43.06378389452164], [-70.87608071125875, 43.06384164834922], [-70.87608662521762, 43.06385605067463], [-70.8761258327847, 43.06387753425614], [-70.87616456630352, 43.06388696707605], [-70.87625238440677, 43.063939968168164], [-70.87629043957409, 43.063951883655726], [-70.87636926813495, 43.06396777096882], [-70.87646168782702, 43.064009475146136], [-70.87649430654184, 43.06404919338389], [-70.87651061589928, 43.06411870023801], [-70.87651877057799, 43.064168347942676], [-70.87654609344774, 43.064199716482044], [-70.8765568257453, 43.064212037889554], [-70.87664380898488, 43.06421998151291], [-70.87666827302101, 43.064198136546196], [-70.87672807399824, 43.064140545233016], [-70.87678515674921, 43.06409685523518], [-70.87680418433287, 43.06405117929508], [-70.87680418433298, 43.064029014207236], [-70.87680418433287, 43.063989616017615], [-70.87673079222446, 43.06389032027852], [-70.876725355772, 43.063834714594385], [-70.8767634109393, 43.06377513701968], [-70.8768069025591, 43.06371555938711], [-70.87688844934621, 43.06368775647207], [-70.87692378628729, 43.06371953123107], [-70.87691563160857, 43.06379499621769], [-70.87695368677589, 43.06384464418452], [-70.87695368677589, 43.06389826394356], [-70.87702707888428, 43.063941954082914], [-70.87718473600603, 43.063955855484366], [-70.87720376358968, 43.06393798225337], [-70.87719017245851, 43.06387641886221], [-70.87715755374366, 43.063753291894464], [-70.87720104536345, 43.06369570016337], [-70.87732880199658, 43.063667897239334], [-70.87736685716389, 43.06366789723933], [-70.87742937636735, 43.06361030542801], [-70.87749733202327, 43.06360831950253], [-70.87754897832177, 43.06367981277975], [-70.87760062462027, 43.06373144676145], [-70.87767129850243, 43.0637354186044], [-70.87773109947963, 43.06369967200863], [-70.8778235191717, 43.06366193946827], [-70.87789419305385, 43.06359838987411], [-70.87800292210333, 43.063516966860306], [-70.87807087775924, 43.0634673186281], [-70.87818776148744, 43.06342958594472], [-70.87828561763196, 43.06343554373837], [-70.87829882044386, 43.063449476778], [-70.87833577083033, 43.06348147189734], [-70.87835629151411, 43.063518952788776], [-70.87838347377648, 43.063572572832676], [-70.87842696539627, 43.06359044617022], [-70.87846773878982, 43.06359441802229], [-70.87853569444574, 43.06356860097917], [-70.87861452300662, 43.06349909350135], [-70.87862811413781, 43.06345937490722], [-70.87865529640017, 43.06339582510307], [-70.87871237915115, 43.063326317429365], [-70.87875713090436, 43.063297004131336], [-70.87879120771201, 43.06327468310645], [-70.87885100868922, 43.06326475342399], [-70.87894614660753, 43.06325482373991], [-70.87906846678818, 43.06324886592869], [-70.87916360470648, 43.06326078155056], [-70.87926961552971, 43.06328858465922], [-70.87939737216284, 43.063320359625095], [-70.87946532781876, 43.063354120508315], [-70.87951425589104, 43.06345341711586], [-70.87950881943856, 43.06350505128826], [-70.8794979465336, 43.06357455875931], [-70.8794463002351, 43.063632150604214], [-70.87936747167424, 43.06366193946826], [-70.87928660443502, 43.06369321776856], [-70.87927505198218, 43.063697686086044], [-70.87921720151137, 43.063717575631216], [-70.87918263229014, 43.063729460839895], [-70.87917331265315, 43.063732297874644], [-70.87911739486044, 43.06374932005268], [-70.87907390324065, 43.0637949962177], [-70.87906899190035, 43.06383207423207], [-70.87905373532415, 43.063838266655935], [-70.87904679653184, 43.06387037306314], [-70.87899778707299, 43.063891856639664], [-70.87892062794398, 43.06386648928824], [-70.87888090917785, 43.063866489277196], [-70.8788047988432, 43.06389230619487], [-70.87874227963975, 43.06392606676313], [-70.87874176198109, 43.06392730941241], [-70.8787232520561, 43.06397174279644], [-70.8787232520561, 43.063997559669815], [-70.87871237915115, 43.06406110885017], [-70.87868247866254, 43.0641385593247], [-70.87869335156749, 43.06422395332421], [-70.87875242236952, 43.06424861418162], [-70.87878704639998, 43.064292882019195], [-70.87882625396705, 43.064307204305656], [-70.87893407477651, 43.0642749791564], [-70.87895673260574, 43.064241872064436], [-70.87897061064365, 43.064237854661705], [-70.87906303033571, 43.0641762915717], [-70.87914729534906, 43.064140545233016], [-70.87924515149358, 43.06416040431263], [-70.8793131071495, 43.064140545233016], [-70.87932126182821, 43.06406508067176], [-70.87940552684155, 43.063922094932536], [-70.87950338298609, 43.063824785002616], [-70.87964201252416, 43.06375527781527], [-70.87975035969218, 43.06374781011206], [-70.87983500658699, 43.06378903845898], [-70.87986779326205, 43.06382013634413], [-70.87992611655127, 43.06383244826186], [-70.88001840385796, 43.06386139036338], [-70.8800216127826, 43.06391236621472], [-70.87996249279843, 43.06394068147106], [-70.87994101741022, 43.063965785054904], [-70.87987849820678, 43.06398961601759], [-70.8798594706231, 43.06401741879575], [-70.87986090908566, 43.06405104849231], [-70.8798513159444, 43.06405515111729], [-70.87977770243042, 43.06407361340996], [-70.87974258689493, 43.06406905249307], [-70.87965288542911, 43.06408891159586], [-70.87957133864201, 43.06412465796467], [-70.87953118690517, 43.064168116421264], [-70.87942880143804, 43.064231410202986], [-70.87938496179788, 43.06430004316284], [-70.8792771409884, 43.06435017114496], [-70.87915783373116, 43.06438441428912], [-70.87912011308669, 43.06441062816472], [-70.87909021259807, 43.06449800768198], [-70.87909021259807, 43.06454765507951], [-70.8790847761456, 43.064633048509165], [-70.87907390324065, 43.064662836886875], [-70.87906031210947, 43.064706526481345], [-70.87903041162086, 43.06476213137471], [-70.87900051113226, 43.06481972210397], [-70.8789814835486, 43.06488922808446], [-70.87895701951247, 43.0649527763405], [-70.87890537321397, 43.065058027994695], [-70.87887275449913, 43.0651414348376], [-70.87888090917785, 43.06521094045333], [-70.8788781909516, 43.06526058727347], [-70.87886459982042, 43.065280445990254], [-70.878848290463, 43.06534200797143], [-70.87885644514171, 43.06538172534583], [-70.87884013578427, 43.0654432872253], [-70.87878577125954, 43.06552272181714], [-70.87877489835459, 43.065536622860115], [-70.87878577125954, 43.06559421286178], [-70.87880208061696, 43.065622014912186], [-70.87883198110556, 43.06565180280934], [-70.87900051113226, 43.06572130784641], [-70.87913370421786, 43.06575903911923], [-70.87924786971982, 43.065822586473615], [-70.87931310714949, 43.065852374273305], [-70.87945173668759, 43.065913935680115], [-70.87965560365535, 43.06596159608164], [-70.8797480233474, 43.06595365268396], [-70.87987577998054, 43.06593975173553], [-70.87996004499388, 43.06589804887137], [-70.88006061936464, 43.06589010546545], [-70.88010411098443, 43.06587819035466], [-70.88014488437797, 43.06581067134968], [-70.8801747848666, 43.06577294010862], [-70.88020196712895, 43.065741166413936], [-70.88024640776538, 43.0656773519132], [-70.88034064624536, 43.065592615889315], [-70.88035537669177, 43.06554822406132], [-70.88033731534433, 43.065491272564444], [-70.88030791485963, 43.0653750091509], [-70.88034660272402, 43.06506672154301], [-70.88038290250398, 43.06494524803959], [-70.88063261170376, 43.06474031762271], [-70.88071427615179, 43.06469874134764], [-70.88071303296162, 43.06469137917994], [-70.88068055245093, 43.064587027159334], [-70.8805659762001, 43.0645564890188], [-70.88039515560548, 43.06459316520045], [-70.8803334067729, 43.06457350815981], [-70.88030983890181, 43.0644902684453], [-70.88047593165251, 43.06419389840095], [-70.88058173437153, 43.063852487273266], [-70.88063906151277, 43.06359999645865], [-70.88080937894587, 43.063501995770594], [-70.88129055845043, 43.06342100428484], [-70.88163497826113, 43.06345807719898], [-70.88169457120323, 43.06355765643049], [-70.88161936642128, 43.06362160131697], [-70.88157064021095, 43.06373035451032], [-70.88164420028083, 43.06379531993553], [-70.88182740826264, 43.06374699137862], [-70.88218112117924, 43.06358578551787], [-70.88235954290347, 43.063468095665755], [-70.88240618924135, 43.06338581555853], [-70.88260176785336, 43.06335535156656], [-70.88284553182228, 43.06337292357867], [-70.88290927292245, 43.063476723768154], [-70.88292432202616, 43.063572239402085], [-70.88291575389891, 43.063582307067655], [-70.88294440984258, 43.063655476325124], [-70.8830170239669, 43.06379481221654], [-70.88307776889654, 43.06382048830427], [-70.88326639640164, 43.063773271730874], [-70.88338585208162, 43.063791074038704], [-70.88355145232029, 43.063823345845584], [-70.8836404934109, 43.06380413978273], [-70.88378365187694, 43.06377964236317], [-70.88391941358023, 43.063729617271306], [-70.8839853641596, 43.06370459146259], [-70.88410922036802, 43.06367996161491], [-70.8842524143637, 43.06365263308423], [-70.88436028897482, 43.063670355192535], [-70.88443270044898, 43.063744450123025], [-70.8844356251152, 43.063818070044235], [-70.88441560337368, 43.063874548511556], [-70.88442280729774, 43.063888673517454], [-70.8845108221504, 43.06390364816737], [-70.88451564968035, 43.063900709259755], [-70.88460083020125, 43.06388147606298], [-70.88470506078599, 43.06388218834333], [-70.88482455308663, 43.063897158633196], [-70.88490853112623, 43.063931257270475], [-70.88491673495056, 43.06393458836496], [-70.88500927655718, 43.063943712815046], [-70.88507537077265, 43.06390736429396], [-70.88509533063633, 43.06388004688212], [-70.88523612211971, 43.063793010298184], [-70.8853991158666, 43.06369997724081], [-70.88541471165567, 43.063635097134586], [-70.88544270474662, 43.063558857541466], [-70.885575718296, 43.06342105795114], [-70.88564206314744, 43.063364895441886], [-70.88575083587729, 43.0633118532], [-70.88579716016497, 43.063312169311914], [-70.88587797621483, 43.063332536114615], [-70.88590995462265, 43.06335801782967], [-70.88593742448882, 43.06335610644204], [-70.88603514936908, 43.06336753009149], [-70.88608268297111, 43.063325440341835], [-70.88611828806437, 43.06325774480162], [-70.8861616855963, 43.06318444086429], [-70.88622030896707, 43.06312822535204], [-70.88630191477479, 43.063086320369656], [-70.88640210422197, 43.06310115737983], [-70.8864672275542, 43.06314123213518], [-70.88648907750267, 43.06316850548012], [-70.88649276899974, 43.06316491380346], [-70.88662855981515, 43.06320079782152], [-70.88673411691705, 43.06318151783268], [-70.88673730834319, 43.06315439624917], [-70.8867879951932, 43.06311511095553], [-70.88684243468931, 43.06308434351265], [-70.88692386065239, 43.063056590695254], [-70.88696632441842, 43.063056880028604], [-70.8870050713227, 43.06304582095486], [-70.88706326338793, 43.06302357127409], [-70.88710165159888, 43.063040817393926], [-70.88712322072121, 43.06304944180837], [-70.88714431693799, 43.0630423281152], [-70.88736058279427, 43.06297805519928], [-70.88737677559271, 43.062960599042135], [-70.88746224073488, 43.06291871951149], [-70.88750138178197, 43.062876524515005], [-70.88755592824663, 43.0628372651578], [-70.88763324235336, 43.06282929920878], [-70.88763640985428, 43.06282793486113], [-70.88766502022769, 43.06282895266652], [-70.88768274807177, 43.06280480190538], [-70.88768308770247, 43.06277797788927], [-70.88766411918303, 43.062762519434855], [-70.88763908061948, 43.06276018653865], [-70.88762663277036, 43.06274150043139], [-70.88765812462887, 43.06269359177182], [-70.88766709963703, 43.06259457601544], [-70.88768834158192, 43.06256678888034], [-70.88770609120967, 43.06243192130817], [-70.88774758522325, 43.06232884701179], [-70.88776095932036, 43.0623152247571], [-70.88775957782848, 43.06230363647446], [-70.88778774655697, 43.06221324364491], [-70.88782688692658, 43.06217104852665], [-70.88786963672361, 43.06214869333121], [-70.88793619306715, 43.062075546310204], [-70.88800282089731, 43.06199673820075], [-70.88806873216228, 43.06197454052741], [-70.88809805236072, 43.06195978663908], [-70.88814643909937, 43.06193543845866], [-70.88817790405024, 43.061876524616466], [-70.88817807339183, 43.061876207547044], [-70.88820970762265, 43.0618169766256], [-70.88824870420407, 43.061786103452164], [-70.88835406062248, 43.061779639389584], [-70.88840443811291, 43.06176374557197], [-70.88851153164094, 43.06172584592316], [-70.8885240000999, 43.06169172964805], [-70.8885632112244, 43.06164387321891], [-70.88864831580354, 43.06163029801617], [-70.88872913062532, 43.06165066280133], [-70.8887494066199, 43.06169471846345], [-70.88877915939378, 43.061698418534206], [-70.88883700308546, 43.06166838067822], [-70.88884132853181, 43.06163161009777], [-70.88882646006397, 43.06158621675053], [-70.88884222312426, 43.061560846983774], [-70.88888890394247, 43.061532856588], [-70.88897811898838, 43.06149949370193], [-70.88902808754365, 43.06151681787739], [-70.88904309924216, 43.061550889101156], [-70.88900417475865, 43.06157610150149], [-70.88896510713114, 43.061612635986776], [-70.88898798243694, 43.061635437586745], [-70.8890295809629, 43.061645589992025], [-70.889039776342, 43.0616424015642], [-70.88925777480038, 43.06162107567623], [-70.88927764463652, 43.06162608262864], [-70.88930834786329, 43.06164044503801], [-70.88935881726721, 43.06161814172206], [-70.8893938456229, 43.06159573350562], [-70.8894556811817, 43.061590491954576], [-70.88950607898572, 43.06157384962275], [-70.8895115344961, 43.06156411153624], [-70.88952187751622, 43.061545649235065], [-70.88952216353485, 43.06152300503468], [-70.88954950703388, 43.06149771381331], [-70.88958810950358, 43.061497975951035], [-70.88971878601245, 43.06154415552494], [-70.88975302787858, 43.06158401875095], [-70.88977940631632, 43.061635151654265], [-70.88983702424979, 43.061658188942296], [-70.88989106785213, 43.061658555796804], [-70.88991383631713, 43.061689848789996], [-70.88987480488844, 43.06172355306359], [-70.88985139315814, 43.06174320951607], [-70.88985117873342, 43.06176019266702], [-70.8898313056007, 43.06180535004564], [-70.8897650734654, 43.061853023466746], [-70.88970284447768, 43.0618894009579], [-70.88965659271133, 43.06188342538529], [-70.889649193891, 43.06185789823834], [-70.88964395083774, 43.06183770546207], [-70.88964183082386, 43.06182954056587], [-70.88961109167565, 43.06181800877007], [-70.8895955791087, 43.06182356496893], [-70.8895952931141, 43.0618462091685], [-70.88959490546088, 43.061876902351294], [-70.88959447087775, 43.0619113112418], [-70.88957456175639, 43.06195929909766], [-70.88950468350025, 43.061989963001096], [-70.88946977493161, 43.06197804095949], [-70.88945491473072, 43.06198605646585], [-70.88929610046809, 43.061993290776655], [-70.88905793153877, 43.06199998566597], [-70.8887471620438, 43.06205804948729], [-70.8886964971876, 43.06209643532807], [-70.88858803349343, 43.06212288132029], [-70.88850422556267, 43.062154025440876], [-70.88844204156813, 43.06218531655667], [-70.8883767110569, 43.0622211168078], [-70.88829278826165, 43.06226132112987], [-70.88814283390344, 43.06234066786018], [-70.8880776386778, 43.06241728522924], [-70.8880792206438, 43.062442363953465], [-70.88806779919656, 43.06246090755568], [-70.88805326802031, 43.06250337401934], [-70.88805811174574, 43.062577690259964], [-70.88806093217572, 43.062582841834924], [-70.88811044430135, 43.06259948911272], [-70.88813981669448, 43.06261885060652], [-70.88820209412485, 43.062653765270085], [-70.88822428826542, 43.06268968468559], [-70.88822252458466, 43.062693752903414], [-70.88822393326971, 43.062696020926396], [-70.88822522027256, 43.0626980930374], [-70.88824071072933, 43.0627230330993], [-70.88831362714706, 43.06275749828361], [-70.88835987943096, 43.062763474402246], [-70.88841778431055, 43.0627638682151], [-70.88847508055655, 43.06281238090193], [-70.88853551080796, 43.06283912125428], [-70.88859334340411, 43.06282894926349], [-70.88865631183451, 43.06280948557466], [-70.88873623330386, 43.0628289492635], [-70.88878952854108, 43.06283850005948], [-70.88884549318541, 43.062829053046954], [-70.88894947163054, 43.06284957511569], [-70.8890108791556, 43.0628783001046], [-70.88906824752874, 43.062921151449885], [-70.8890696351771, 43.06292297095821], [-70.88912857506249, 43.062928037038084], [-70.88917459045393, 43.062903265109455], [-70.88918886553866, 43.06289484133437], [-70.88923755888432, 43.062866107197735], [-70.88934896456887, 43.06282894926349], [-70.88943615162634, 43.0628289492635], [-70.8895184949584, 43.06283425754118], [-70.88956935407525, 43.06286610719773], [-70.88959599456504, 43.062896187413735], [-70.88965622128579, 43.06289902625108], [-70.8896747135318, 43.062894132397815], [-70.88972518384031, 43.06287182893212], [-70.88974448550695, 43.06287195997632], [-70.88977904979633, 43.062886348470435], [-70.88980185439056, 43.0629148109578], [-70.88980196446798, 43.062916217765746], [-70.8898308259699, 43.06294164540478], [-70.8900888126261, 43.062962985576675], [-70.89008979781379, 43.06296285704077], [-70.89012153877258, 43.06293688415303], [-70.89023778818255, 43.06287318489694], [-70.89024733529924, 43.06287085984451], [-70.89032736018353, 43.06287874650253], [-70.89040481686429, 43.062859456578764], [-70.8904595054269, 43.06283854432785], [-70.89046300754778, 43.062837205157415], [-70.89049389020248, 43.06283741462733], [-70.89052059115339, 43.062863072632254], [-70.89053419009475, 43.06288868513472], [-70.8905453647464, 43.062896187413706], [-70.89058169268702, 43.06290857338071], [-70.89069552023427, 43.062933345307215], [-70.890717920211, 43.06297753218627], [-70.89071973886135, 43.062981119708596], [-70.89077786356634, 43.06302889407278], [-70.89083841013402, 43.06302712465254], [-70.89091106601525, 43.06302535523226], [-70.89101762797438, 43.063028894072765], [-70.89103146371134, 43.063025435930456], [-70.89110965875727, 43.06300589160579], [-70.8911798927758, 43.06297758086533], [-70.89126223610785, 43.06296165606809], [-70.89132762640095, 43.06298288913016], [-70.89134597949935, 43.0630380143378], [-70.89134942316531, 43.06304835769194], [-70.8914051260076, 43.06305897420889], [-70.89143049398494, 43.06303858690831], [-70.89145356326175, 43.0630200469711], [-70.89154801590735, 43.06295103953428], [-70.89180957707977, 43.062867876622605], [-70.89193793580327, 43.062813024427626], [-70.89198152933201, 43.06281302442763], [-70.8920520173851, 43.062852405982746], [-70.89206387266407, 43.06285902949771], [-70.89209082338753, 43.06285474899361], [-70.8921816039822, 43.06278940321157], [-70.89231378147983, 43.06271669774523], [-70.8924298406008, 43.062697667654916], [-70.8925378584688, 43.06270405995661], [-70.89260369767274, 43.06268752072011], [-70.89265749294788, 43.06270769996105], [-70.89266857539823, 43.06274740566288], [-70.89267983590565, 43.062772958730754], [-70.89272406084858, 43.062785775325544], [-70.89280096924332, 43.062765219584776], [-70.89289187054472, 43.06274920818705], [-70.89291506650994, 43.062744009193416], [-70.8929405869642, 43.06271747532563], [-70.89299001318916, 43.06267488271643], [-70.89309399308014, 43.062646394538916], [-70.89320699186203, 43.06266616185752], [-70.89333050686012, 43.06263077323381], [-70.8934176939176, 43.06263962039165], [-70.89348038944063, 43.06267855535014], [-70.89350052753632, 43.062679090625515], [-70.89353878705298, 43.062710397608456], [-70.89360659920878, 43.062733400186296], [-70.89371800489333, 43.06268739502197], [-70.89372644623462, 43.06268509535499], [-70.89386089479308, 43.06264846754822], [-70.89390933204724, 43.062662622996086], [-70.89395534743868, 43.06267500901027], [-70.8940594875351, 43.06267147014931], [-70.89411761224008, 43.062664392426825], [-70.89420237743485, 43.06266262299608], [-70.89430893939398, 43.06266085356526], [-70.89445182929373, 43.06263254266549], [-70.89455596939015, 43.06259361515695], [-70.89462121611855, 43.062606962715265], [-70.89463803961833, 43.0626334936045], [-70.89464820342992, 43.062656556171994], [-70.89468811126628, 43.06265067639452], [-70.89471452969235, 43.062646784056284], [-70.894725270493, 43.06262386251174], [-70.89474994770418, 43.06260103497409], [-70.89479543336682, 43.06258601245296], [-70.89481937340442, 43.06262194236961], [-70.89478737543881, 43.0626728243193], [-70.89480079907194, 43.06271379308197], [-70.89482451481682, 43.06276760570485], [-70.89484094188191, 43.062846918049694], [-70.89483447094175, 43.06287385592568]]]}, "properties": {"id": 57, "Hectares": 979.78032292224, "Acres": 396.50364133556, "Year": "2019", "LABEL": "Great Bay", "Type": 1, "Name": "Eelgrass"}}, {"type": "Feature", "geometry": {"type": "Polygon", "coordinates": [[[-70.88350472104129, 43.06036763598211], [-70.88356538907885, 43.06044659556327], [-70.8837360701681, 43.0605409190755], [-70.88393607945582, 43.0605989026573], [-70.88418341930583, 43.06057794802849], [-70.88436843738873, 43.060527435950995], [-70.88441783822839, 43.0604911976322], [-70.88447166512428, 43.06043388415226], [-70.88452315890711, 43.06040539540634], [-70.88460984676489, 43.060393009548], [-70.88465332812696, 43.060376002268455], [-70.88473205858278, 43.060370772115725], [-70.88479316445928, 43.060359653350346], [-70.8848227524974, 43.06035264532773], [-70.88489582179156, 43.06032862992477], [-70.88498039649554, 43.06032776563202], [-70.88501588377966, 43.060320797855695], [-70.88503762438302, 43.06031229414011], [-70.8850829804184, 43.060302509678166], [-70.88512021432183, 43.06031285822282], [-70.885131683217, 43.06033889318597], [-70.88512825460134, 43.06035315713511], [-70.88512337794303, 43.060373445313246], [-70.88508157008216, 43.06041353676664], [-70.88508306029446, 43.06045103986289], [-70.88509229346505, 43.060464901825], [-70.88510235829696, 43.06048001237064], [-70.88508405597344, 43.06052747453438], [-70.88500644915146, 43.06059904622707], [-70.88492935510375, 43.06063024438165], [-70.88487782467456, 43.06066161712943], [-70.88483621799887, 43.06068584747754], [-70.88480260530906, 43.06070003818157], [-70.88473949600692, 43.06071402733231], [-70.88468439904227, 43.06071653491786], [-70.88460759792513, 43.0607246622927], [-70.8845723764977, 43.06072388338054], [-70.88445111330776, 43.060777931902024], [-70.88442785067066, 43.06078202772543], [-70.88440785089502, 43.06081270322155], [-70.88438774648421, 43.06084717463506], [-70.88432643837714, 43.06087415418699], [-70.88427549416808, 43.060859385543374], [-70.88427768063502, 43.060842096069784], [-70.88427201966358, 43.06082331090838], [-70.88421424535497, 43.06079895870996], [-70.88418014320797, 43.060798725531974], [-70.8841266679297, 43.060809338732334], [-70.88407131409845, 43.060832032758746], [-70.88402788727784, 43.060844714082734], [-70.88398471722878, 43.06083720865376], [-70.8839573887917, 43.060821159350766], [-70.88395477708393, 43.060820994056805], [-70.88393184337818, 43.06081954258898], [-70.8838982854425, 43.06082940729569], [-70.88388955681746, 43.060840678918865], [-70.88387829080945, 43.06085522715911], [-70.88385250689663, 43.06087235520555], [-70.88382688808177, 43.06087650605894], [-70.88379364199047, 43.060861858270094], [-70.8837606033353, 43.06085305295053], [-70.88376032252569, 43.060852978110304], [-70.88375653868651, 43.06085401562643], [-70.88373466701708, 43.06086001276238], [-70.88372122437151, 43.06086237950046], [-70.88367947814149, 43.06086972941085], [-70.88365362076834, 43.06089262505042], [-70.8836525099451, 43.060894156352816], [-70.88362759822141, 43.06092849787027], [-70.88363460153916, 43.060996321443206], [-70.8836341060782, 43.06103525300173], [-70.88357101452675, 43.06104779959288], [-70.88352744062932, 43.061072016000715], [-70.8834717926752, 43.06111778028458], [-70.88347521166158, 43.06115818066693], [-70.883443436373, 43.061182477790695], [-70.88338435096735, 43.06118928355694], [-70.88335093960099, 43.061187612824725], [-70.88329189089797, 43.061191534724266], [-70.88325855297057, 43.06118409632747], [-70.88321371009405, 43.061153506594486], [-70.88316065258368, 43.06115025926784], [-70.8831251829805, 43.061155784553044], [-70.88308605591466, 43.061139654257], [-70.88306675866424, 43.061110681418384], [-70.88299826343307, 43.06108425574368], [-70.88296465010825, 43.06109844590182], [-70.8829191278546, 43.06112120669926], [-70.88287974371157, 43.06112526306331], [-70.88283256723194, 43.06112349789957], [-70.88273532951884, 43.06113469771095], [-70.88264319988998, 43.06116834578159], [-70.8825894257759, 43.06122133264819], [-70.88251190707413, 43.061285693065074], [-70.88244490050904, 43.06129677017202], [-70.88242306730979, 43.061312482933396], [-70.88240909993264, 43.06132824959743], [-70.88236743670225, 43.06135680476105], [-70.88232408269327, 43.06136371779545], [-70.8822966625535, 43.06135487764405], [-70.88231673153761, 43.06132329042957], [-70.88235040027473, 43.06130477473728], [-70.88234670630958, 43.06128600296408], [-70.88229556004767, 43.06128709444073], [-70.88226609995885, 43.06128400843973], [-70.88226235087245, 43.061269562391075], [-70.88226249793416, 43.06125802711877], [-70.88227069464342, 43.06123212667232], [-70.88228525026211, 43.06117021893496], [-70.88228361468768, 43.06114425109288], [-70.88225623141673, 43.06113252711411], [-70.88220124429775, 43.06112638204578], [-70.88214829718287, 43.06111448279605], [-70.88213280458548, 43.061095630128754], [-70.88213730743844, 43.06105095791104], [-70.88217108638679, 43.06102379081551], [-70.88220900042224, 43.06098078966977], [-70.88224088638607, 43.06094784143629], [-70.8822784143011, 43.06093512035787], [-70.88229346717031, 43.060933219926284], [-70.88232174963113, 43.06092964924707], [-70.88234762589174, 43.06090531200347], [-70.88232428588898, 43.06088496354145], [-70.88228703374246, 43.0608760559982], [-70.88225169290224, 43.06087148764957], [-70.88223459786978, 43.060873456576516], [-70.88217353167295, 43.060844885245885], [-70.88210641509556, 43.06085174527377], [-70.88206480721352, 43.060875974603775], [-70.88199772746435, 43.06089281908875], [-70.88196260731128, 43.06087094774249], [-70.88193373592433, 43.060821720568235], [-70.88185540930449, 43.060795226790574], [-70.88179852966164, 43.060783300408936], [-70.88174346932493, 43.060782922759024], [-70.88173734682067, 43.06078511519844], [-70.88172699301019, 43.060824760546126], [-70.88170251552701, 43.060839855870256], [-70.88169945341264, 43.06084174428285], [-70.88166955205672, 43.06087326394454], [-70.88166545360177, 43.060886214146315], [-70.88159460642997, 43.060890054235045], [-70.8815280233323, 43.06086796690343], [-70.8814575994045, 43.06083864300331], [-70.8814341861164, 43.0608240619975], [-70.88142078906719, 43.06079512936634], [-70.88143093410349, 43.06077068438266], [-70.88144311917718, 43.060740485255494], [-70.88142378602292, 43.06071439596267], [-70.8814180891318, 43.06069849448441], [-70.88142808693755, 43.060685584771626], [-70.8814459136838, 43.060675612848215], [-70.88145574586886, 43.06067568031308], [-70.88147541023908, 43.06067581524025], [-70.88150864280796, 43.06067673973665], [-70.88151072822549, 43.060672872335346], [-70.88152626722056, 43.060665279260384], [-70.881526891357, 43.06061636787313], [-70.88141241366375, 43.060586103577535], [-70.88140969232371, 43.06058595812199], [-70.88131330024416, 43.06058818071006], [-70.88124846313602, 43.060583409619774], [-70.88117338889798, 43.060610292999016], [-70.88113578732408, 43.06062878135075], [-70.8810297286947, 43.06061795902795], [-70.8809711407224, 43.06058583201425], [-70.88088884513057, 43.06056219439459], [-70.88085938546419, 43.06055910803433], [-70.88083735850716, 43.06055394252748], [-70.88080677059898, 43.0605212538115], [-70.88081301980206, 43.06049389805748], [-70.88076624905811, 43.060460410053935], [-70.88074064863497, 43.060463118307666], [-70.88070712723389, 43.060470098259245], [-70.88068549650298, 43.06046994969451], [-70.88068351915439, 43.06046928895616], [-70.88066408680807, 43.06045249822142], [-70.88065647896755, 43.06043225747372], [-70.88064124488115, 43.06039321788544], [-70.88064174529458, 43.06035404603231], [-70.88065177697494, 43.06033849288811], [-70.88064413231199, 43.06032113595677], [-70.88059127830579, 43.06030202644924], [-70.88056174509205, 43.06030470764813], [-70.8805420255775, 43.06030889829094], [-70.88052236132894, 43.060308763204304], [-70.88050458093275, 43.06030409096941], [-70.88046778046157, 43.06027089531843], [-70.88043295600987, 43.06022595296868], [-70.88045523150728, 43.060175634776556], [-70.88048331410623, 43.06013256665146], [-70.88049362521143, 43.06009514457165], [-70.88052786962382, 43.06004607861429], [-70.88056229795002, 43.05996999218708], [-70.88083373706071, 43.05987561036624], [-70.8814678832464, 43.05979504025141], [-70.88201493927582, 43.05988371560258], [-70.8824005923992, 43.059914666940344], [-70.88287052007053, 43.05999714805339], [-70.88300549940857, 43.06004886002343], [-70.88303438529492, 43.060050203432404], [-70.88314804710087, 43.060066362430746], [-70.88327604687541, 43.060133156131776], [-70.88344263475837, 43.06022877800071], [-70.88347150672014, 43.06031466820115], [-70.88347285156017, 43.0603261576905], [-70.88347691197488, 43.06036084736206], [-70.88350472104129, 43.06036763598211]]]}, "properties": {"id": 58, "Hectares": 18.75338260128, "Acres": 7.589236398, "Year": "2019", "LABEL": "Great Bay", "Type": 2, "Name": "Eelgrass and Widgeon Gras"}}, {"type": "Feature", "geometry": {"type": "Polygon", "coordinates": [[[-70.89316426736814, 43.06122285694879], [-70.89315916867335, 43.061227260137755], [-70.89313971747555, 43.06125012266299], [-70.89310647468567, 43.061261394955764], [-70.89307865064609, 43.06125737453413], [-70.8930702136012, 43.061235600940265], [-70.893065673342, 43.061224012814904], [-70.89305842147012, 43.06121859639752], [-70.89301177835617, 43.06124375798479], [-70.8929765023528, 43.06128598101431], [-70.89295877362981, 43.06129596274172], [-70.8928870761577, 43.061336330202586], [-70.89281323319145, 43.061375461628266], [-70.89274743105504, 43.06138917047317], [-70.89273924369911, 43.0613914161313], [-70.89269706986528, 43.06140298371384], [-70.89268506537438, 43.061426512041514], [-70.89268123721453, 43.061434015079406], [-70.89269996874721, 43.06147943405702], [-70.89271122904323, 43.06150498712573], [-70.89268058476475, 43.06155610936048], [-70.89267573903892, 43.06156419322081], [-70.89267014246398, 43.06157055988111], [-70.89262873941176, 43.061617659918284], [-70.89258999439399, 43.06162872091383], [-70.89256782352516, 43.061618508812494], [-70.89254009595, 43.061605737231524], [-70.8924763739815, 43.06159297937696], [-70.892466929163, 43.06159108841464], [-70.89244408819201, 43.06156545697306], [-70.89246399495052, 43.061517468596286], [-70.8925010573364, 43.06147151138692], [-70.89247051875644, 43.06132067192859], [-70.89244510682322, 43.06108773483951], [-70.89245422475247, 43.061057199513655], [-70.89243577080474, 43.06099924708013], [-70.89247165247994, 43.06090890525233], [-70.89251135864113, 43.06082142005269], [-70.89252722682828, 43.060787558179335], [-70.89257008080773, 43.060756709619355], [-70.8926702680604, 43.06077154112972], [-70.89267942756209, 43.06077838246659], [-70.89277645054177, 43.06082461361742], [-70.89283661067121, 43.060868568354145], [-70.89293974232166, 43.06090624381768], [-70.89305146827631, 43.060943919258065], [-70.8932405429688, 43.06095647773308], [-70.89338994527655, 43.060907963288315], [-70.8934452443721, 43.060850380099026], [-70.89347690858095, 43.06078831713938], [-70.89352751806528, 43.06075468985199], [-70.89355893318174, 43.060712440564664], [-70.89358230777701, 43.06069561386607], [-70.89363638614381, 43.06069314841721], [-70.89365529597217, 43.06072441460697], [-70.89363128126374, 43.06079219082771], [-70.89365730844989, 43.060795907177365], [-70.89373532905071, 43.060807047484296], [-70.893801343678, 43.06077635489369], [-70.89385960228056, 43.06074844065557], [-70.89388694366274, 43.060723148377846], [-70.89389953489324, 43.06072093035322], [-70.89400686309622, 43.060768551595054], [-70.89400603897388, 43.06077252028547], [-70.89410024324708, 43.06078651163685], [-70.89417250920239, 43.060858536394264], [-70.89417922062233, 43.06087902081522], [-70.89426945202608, 43.060907733661814], [-70.89436729285809, 43.06088540000175], [-70.89445436097733, 43.06088854245931], [-70.89450626842593, 43.06091699650308], [-70.89451906222632, 43.06097666403558], [-70.89453242200106, 43.06103897102922], [-70.89453589331217, 43.06105516042547], [-70.89451021815802, 43.0611066050999], [-70.89450673422758, 43.061113585758356], [-70.89438270774953, 43.061243293069666], [-70.89438852232524, 43.061251528865625], [-70.89449343812946, 43.06126129799023], [-70.89470389506677, 43.0612310038947], [-70.89488192650452, 43.0613228161317], [-70.89487472541863, 43.0614043178316], [-70.89483028443875, 43.06149916007419], [-70.89468143846683, 43.061543461755704], [-70.89453945273937, 43.061533442689125], [-70.8943730384429, 43.06150060573668], [-70.89416177834305, 43.06152076875399], [-70.89408285714711, 43.06157680330445], [-70.89391098547563, 43.061721121048045], [-70.8938862882742, 43.06176397514526], [-70.89386848212298, 43.06181731404705], [-70.89384370686807, 43.06183786140654], [-70.89380753398258, 43.06186786135711], [-70.8937201744891, 43.06189121164291], [-70.89368163228919, 43.06188808279345], [-70.89366999381465, 43.06188713798139], [-70.89364058813935, 43.06187281512954], [-70.89361608340994, 43.06184954048815], [-70.89361130616184, 43.061826271559205], [-70.89360873199111, 43.061813733330304], [-70.89359402915345, 43.061781506870354], [-70.8935793263158, 43.061758232194315], [-70.89354501969461, 43.061715263538396], [-70.89351071307341, 43.06169735992289], [-70.89347395597927, 43.06168482738891], [-70.89347885692517, 43.061649020134865], [-70.89349110928988, 43.0615953092146], [-70.89344209983103, 43.061580986294565], [-70.89342494652044, 43.06160605140242], [-70.89343964935809, 43.06165797195033], [-70.89344945124986, 43.06171705389967], [-70.893358783751, 43.06182984655393], [-70.89332831307084, 43.06185125271871], [-70.8933244575462, 43.06186014811674], [-70.89332789088733, 43.06189414053306], [-70.89336620903272, 43.06191704561774], [-70.89340484737453, 43.06191447594264], [-70.8934514552705, 43.061892144728276], [-70.89348230190208, 43.061895183915624], [-70.8934973873049, 43.06192359351766], [-70.89350471659374, 43.06195478148298], [-70.89348116364039, 43.061985760795544], [-70.89343862940257, 43.061991134940115], [-70.89340788944766, 43.06197960415839], [-70.89338479891391, 43.06197378659416], [-70.89334608938015, 43.06198201731695], [-70.89330380418626, 43.061967577719706], [-70.89329257914076, 43.06193919418143], [-70.89325447449608, 43.06189930590811], [-70.89323262426464, 43.061895947726384], [-70.8932195185204, 43.061916054260045], [-70.89317677080129, 43.06193841147142], [-70.89314585299208, 43.061941033256225], [-70.89309205822019, 43.06192085424613], [-70.89308859226723, 43.061917399831934], [-70.89308061974643, 43.06190945385117], [-70.89305381135648, 43.06189228801599], [-70.89302285797399, 43.061897740294945], [-70.89299558689665, 43.06191737129988], [-70.8929869127735, 43.06192182635391], [-70.89294118707201, 43.06194531118109], [-70.8928714172765, 43.061967485572396], [-70.89277692446221, 43.061979589289365], [-70.89271139468754, 43.0619998141252], [-70.89261371382614, 43.06201523680497], [-70.8926121375717, 43.062016685889965], [-70.89258079235445, 43.06205327384387], [-70.89252649906763, 43.06207272194448], [-70.89242999192578, 43.062072069046636], [-70.89239928774423, 43.06205770746858], [-70.89234928215838, 43.06204321528273], [-70.89230324375413, 43.06202025761705], [-70.89228022456494, 43.06200877877733], [-70.8922419067725, 43.06198587333206], [-70.89219572593207, 43.06197423773009], [-70.8921610546819, 43.061968341543064], [-70.89215246308747, 43.061969331826894], [-70.89213785737631, 43.061971015307925], [-70.89210268725549, 43.06200474647516], [-70.89207962413376, 43.06205595951269], [-70.89204021001694, 43.06206093893149], [-70.89202126497428, 43.06203250301175], [-70.89201786798711, 43.06199568003611], [-70.89202180593101, 43.06196218898534], [-70.89200675981475, 43.06196542126526], [-70.89196936559274, 43.061960542544576], [-70.89191300471506, 43.061949800418866], [-70.891873797148, 43.061967703960676], [-70.89184342796432, 43.06200401192742], [-70.89176585423252, 43.06202383955324], [-70.89165815552909, 43.062019624202335], [-70.89158420460684, 43.0620445609703], [-70.89158090750787, 43.062052167405945], [-70.89156114252064, 43.06208883351339], [-70.89153011759127, 43.06209994643883], [-70.89147224895711, 43.06209672367949], [-70.89143747071586, 43.06209931885154], [-70.89140641009297, 43.06211326226924], [-70.8913559766782, 43.062132735963004], [-70.8913212697528, 43.06212967004758], [-70.89128691954967, 43.062098298862225], [-70.89124860207657, 43.062075393087156], [-70.8912294790252, 43.062061109668925], [-70.89122618953456, 43.06201579509579], [-70.89124581200213, 43.06199045115102], [-70.89125771151332, 43.06196837653154], [-70.89126557714403, 43.06195378509862], [-70.89127365442093, 43.06192553215169], [-70.89123136976316, 43.06191109179256], [-70.89118490376532, 43.06192209999235], [-70.89116439516587, 43.06193501466572], [-70.89115337549416, 43.061931074975526], [-70.89093168748613, 43.06197945065508], [-70.89091731240188, 43.06198088135276], [-70.89076656626474, 43.062032495037165], [-70.89054252711615, 43.062042298849484], [-70.89031473476958, 43.06204358445782], [-70.89007193002494, 43.06201079852327], [-70.88984438796538, 43.06199226952042], [-70.88974416370358, 43.06198026605384], [-70.88966331235768, 43.06196273250563], [-70.88966370556736, 43.06193159673132], [-70.88970638305067, 43.06191490189219], [-70.88975274207235, 43.06191238586981], [-70.88982648038967, 43.061881748018166], [-70.88990046878116, 43.06183129644223], [-70.88995876586323, 43.06180055369159], [-70.89002049439523, 43.061803803412445], [-70.89010913762525, 43.06181572804901], [-70.89013265647559, 43.061787579967636], [-70.89011760839057, 43.06175633940838], [-70.89016836338467, 43.06171139153132], [-70.89021858249752, 43.06170890151238], [-70.8902726261493, 43.06170926818704], [-70.89041159554425, 43.06171021094757], [-70.89053519531282, 43.06170538776398], [-70.89066283382489, 43.061686437995114], [-70.89066697968342, 43.06166381996604], [-70.89064435364587, 43.06162120501663], [-70.89061386432468, 43.06158985980883], [-70.89057565453105, 43.061558462233556], [-70.89055530563354, 43.06154021674605], [-70.89056176725296, 43.06150332761671], [-70.89057075987223, 43.061486855468125], [-70.89058772601119, 43.06145577787089], [-70.89060485724166, 43.06143791939962], [-70.89063100453554, 43.061442435426976], [-70.89064786354572, 43.06145808830332], [-70.89065857651687, 43.06146803483751], [-70.89069067168032, 43.06147011192248], [-70.89069415488478, 43.06146010029496], [-70.89069666405807, 43.06145288828195], [-70.89070207389135, 43.061437339015875], [-70.89070262127888, 43.06143488152638], [-70.8907074500822, 43.06141320266469], [-70.89073051347778, 43.061394144767696], [-70.89076775030014, 43.06139067835433], [-70.8908054699795, 43.06139471072467], [-70.89082099195092, 43.06139027974832], [-70.89094480517082, 43.06136847296054], [-70.89102243817116, 43.06133502996672], [-70.89113451431525, 43.06130105851324], [-70.89116110675594, 43.06130037238867], [-70.89116506650312, 43.06131280830884], [-70.89116842474802, 43.061323355156304], [-70.8911494314034, 43.06135483703525], [-70.8911440632029, 43.06137835364623], [-70.89112521825703, 43.06139806003121], [-70.89109446201103, 43.06142388384182], [-70.89106289176335, 43.061447222864864], [-70.89104568823682, 43.06144986992802], [-70.89103630909526, 43.06145967777413], [-70.89102762516244, 43.0615360496494], [-70.89102705423267, 43.061581338066134], [-70.89102951465385, 43.06160801360273], [-70.89104700304641, 43.061613212950896], [-70.89116958373374, 43.06154462842253], [-70.89125045682908, 43.06142463735177], [-70.89133164384916, 43.061279709223896], [-70.89135004993234, 43.061266887637146], [-70.8913516641315, 43.06124950717451], [-70.89136385117348, 43.06120146668507], [-70.89140681301674, 43.06116212699027], [-70.89144959648918, 43.06113693991137], [-70.89151252192814, 43.061122525143276], [-70.89156962007544, 43.061109445237484], [-70.89159303101779, 43.061089788425164], [-70.89158952736113, 43.06106145701319], [-70.89154738585265, 43.06103569466606], [-70.89151712937249, 43.0610252054357], [-70.8914977948345, 43.06098132695179], [-70.89146688345282, 43.06096256060693], [-70.89142877832556, 43.060812220854736], [-70.89146163210297, 43.06079449848931], [-70.89146981611543, 43.06075775394072], [-70.89143146373752, 43.06073767875426], [-70.89138142378836, 43.060726016678984], [-70.8913797196939, 43.06072492545551], [-70.8913497960438, 43.06067391142368], [-70.89134979604393, 43.06065382057541], [-70.89133992461345, 43.06064930477571], [-70.89130557521631, 43.06061793359425], [-70.89131776216196, 43.060569893103725], [-70.89131545889455, 43.06056778953535], [-70.89132026886205, 43.06055685904355], [-70.89131437616349, 43.06053416626456], [-70.89126333522846, 43.060539483642366], [-70.89121056419549, 43.06055951362848], [-70.89115933766197, 43.06057955405689], [-70.8911169070845, 43.06061206657154], [-70.89111098603163, 43.06061660358607], [-70.89107228701255, 43.060623137164214], [-70.89104943307811, 43.06059806412981], [-70.89106370506846, 43.060568712151486], [-70.89109020482312, 43.06054963682824], [-70.89112439867267, 43.06053287892797], [-70.89113241571786, 43.06052138847716], [-70.89114012949427, 43.06051033268246], [-70.89114341840528, 43.06049449797363], [-70.8911265284853, 43.060486455011905], [-70.89108940263284, 43.060490733972145], [-70.89108630538038, 43.06049195587262], [-70.89106398865448, 43.060488911890054], [-70.891056482367, 43.06047187640448], [-70.89107688243958, 43.06044103716347], [-70.89107780301035, 43.060430625293726], [-70.89109041621228, 43.060410323210355], [-70.89111683023836, 43.06039804315556], [-70.89112261594607, 43.06039843620587], [-70.89113892032977, 43.06039954383769], [-70.89115387038564, 43.06040055946172], [-70.89118773583415, 43.06040985009867], [-70.89119065360609, 43.06042346158344], [-70.89118845765383, 43.06043885971846], [-70.89119198122488, 43.060441656239405], [-70.89125374414064, 43.06044207475892], [-70.89133916749503, 43.06040302279339], [-70.89138212878903, 43.06036368309821], [-70.89142172914075, 43.060284689858484], [-70.89139106174916, 43.060267497487274], [-70.89133312351056, 43.060269935723824], [-70.89125938787281, 43.060300574575805], [-70.89119263390833, 43.0603140718248], [-70.89118012978113, 43.06031287437576], [-70.89114823311107, 43.06030981980694], [-70.89114671454263, 43.06029617357126], [-70.89117568604121, 43.0602777754344], [-70.89120040401072, 43.06027137361061], [-70.89123165738364, 43.0602632791422], [-70.89124840369374, 43.06025155952747], [-70.89126388566876, 43.060250663481725], [-70.89126675629934, 43.06023871576666], [-70.89126714598831, 43.06023709386033], [-70.89125497533222, 43.06022228703769], [-70.8912535878066, 43.06020981856572], [-70.89129072775059, 43.06020440700454], [-70.89134765861436, 43.060210112496776], [-70.89135854970205, 43.06021689354312], [-70.89144090242638, 43.060201022431244], [-70.89146351277593, 43.06018474657362], [-70.8915160287646, 43.060165935115165], [-70.8915759435291, 43.0601526500874], [-70.89163938523971, 43.06015581794004], [-70.89168408851533, 43.06016433520055], [-70.89171790046893, 43.06014813515133], [-70.89171821081977, 43.06012349371503], [-70.89164007497774, 43.06010105919366], [-70.89158773152784, 43.06010618102353], [-70.89153161968646, 43.06011401547509], [-70.89147201539967, 43.060102659044986], [-70.8914650995321, 43.06005880146199], [-70.89146924735296, 43.06002597150867], [-70.89149576398107, 43.05999603125076], [-70.89152580751512, 43.05998254390203], [-70.8915035766777, 43.059968702462925], [-70.89148255406212, 43.05995886877211], [-70.89147387808663, 43.05995481043298], [-70.89148169078747, 43.05992748164648], [-70.89147830184564, 43.0599000769801], [-70.89145620902767, 43.05987528378262], [-70.89138533436144, 43.05986932730102], [-70.89131414919987, 43.059888012210706], [-70.89126152987885, 43.059915037390326], [-70.8911981574514, 43.05990639345586], [-70.89115010014699, 43.05986773339492], [-70.89110529363212, 43.05986742973894], [-70.89103801483441, 43.05987245009621], [-70.89102332092673, 43.05985318330551], [-70.89104997574573, 43.059812291402785], [-70.89107631992508, 43.05979604092737], [-70.89114356412776, 43.059793758484], [-70.89121077382046, 43.0597942139383], [-70.89126723043871, 43.059759000269175], [-70.89128652082648, 43.05970984389693], [-70.89133557859415, 43.05966910371897], [-70.89134736667614, 43.05962263467663], [-70.89134791866434, 43.05957882767849], [-70.89134826365634, 43.059551448304475], [-70.89138221334836, 43.059524296601055], [-70.89141972438473, 43.05951085986962], [-70.89151331219996, 43.05949232664303], [-70.89148779609525, 43.059442866721014], [-70.89147313664, 43.05942086204878], [-70.89151469186652, 43.05938280914024], [-70.8915597739493, 43.05936120913216], [-70.89165332701037, 43.05934541372615], [-70.89175450025941, 43.059362996657114], [-70.89177046938804, 43.059365771927965], [-70.89180358101427, 43.059371526381256], [-70.89186863165774, 43.059375502885025], [-70.89191119361404, 43.05937163452358], [-70.89194108700502, 43.05938802258897], [-70.89198120637326, 43.05938829418741], [-70.89207420550122, 43.059360616024776], [-70.89210512205365, 43.05935799451859], [-70.89211252160962, 43.05938352152342], [-70.89204647202483, 43.05941704368007], [-70.89200751448446, 43.05944508765919], [-70.89199026433005, 43.05946828637897], [-70.89200891764688, 43.05948867871029], [-70.89205381659733, 43.059524313074924], [-70.89204471294376, 43.05957205145515], [-70.8920556826282, 43.05960122136242], [-70.89215078256731, 43.05970162157415], [-70.892170437399, 43.059716302424995], [-70.89229161903062, 43.05977115729427], [-70.89241329771065, 43.059786528440554], [-70.89250847355143, 43.05974633773524], [-70.89249254236331, 43.05968813770674], [-70.89234238687544, 43.05961381796356], [-70.89219437724243, 43.059533339974024], [-70.8921398258208, 43.05946087138374], [-70.89214379413342, 43.059433326783605], [-70.89215621332986, 43.0594203638907], [-70.89217030437402, 43.05942176782893], [-70.89219725957638, 43.059427139113474], [-70.89222666525168, 43.059403863543665], [-70.89221686335992, 43.0593698453873], [-70.89221686335993, 43.0593570585811], [-70.89224551236713, 43.05932715525311], [-70.89237171458225, 43.059294369777476], [-70.89241142459194, 43.05925249809273], [-70.89247007411409, 43.059193448738576], [-70.89252429364191, 43.05917966169188], [-70.89257047245653, 43.05919129715109], [-70.89255074461035, 43.05922513293119], [-70.89255414178767, 43.059261955910024], [-70.89256035106861, 43.05926428521743], [-70.89261561868166, 43.05928501791124], [-70.8926405223864, 43.059262320572145], [-70.8926741968319, 43.059231629508105], [-70.89269758853982, 43.059221751543284], [-70.89271279089898, 43.05918033027064], [-70.89276220824622, 43.05912956667473], [-70.8927973043458, 43.05910936489391], [-70.89285953274225, 43.05914810904638], [-70.89288708274708, 43.05917384423554], [-70.89289714897157, 43.05920457098177], [-70.89287573148802, 43.05924530440658], [-70.89291696020494, 43.05929157120075], [-70.8929655422912, 43.059307229014394], [-70.89304183514669, 43.05933584859486], [-70.89303058039438, 43.05939964476155], [-70.89303674524582, 43.0594635586905], [-70.89306771515483, 43.05949442673484], [-70.89308484573165, 43.05951753654829], [-70.89310104492263, 43.05961473187388], [-70.89305872380777, 43.05965532402377], [-70.89306016430938, 43.05967662965599], [-70.89306166172214, 43.05969877701421], [-70.89307142581673, 43.05970899857064], [-70.89307885658906, 43.059716777482485], [-70.89314524414283, 43.05970189690296], [-70.89323263163118, 43.05967949354802], [-70.89331279431497, 43.05967748042152], [-70.89336818415417, 43.059705958519736], [-70.89338509016306, 43.05974695099982], [-70.89334222331524, 43.05983097269495], [-70.89332726006843, 43.05991262805391], [-70.8933403610741, 43.0599791437242], [-70.89333265467847, 43.06003785411279], [-70.89331440005546, 43.060104157885846], [-70.89321121814696, 43.06016490591268], [-70.89319856223592, 43.06017235702605], [-70.89312117629508, 43.06023059641602], [-70.89313715089907, 43.06034567443455], [-70.89309336909247, 43.06043148785962], [-70.89299697986047, 43.060476302104206], [-70.8928946935767, 43.06049639313616], [-70.89279230267992, 43.060524796411784], [-70.89270130008879, 43.0605491200974], [-70.89266130997895, 43.06057378875278], [-70.89254758272037, 43.060602115132944], [-70.8924683867144, 43.06058910980836], [-70.89241191528731, 43.06057210166076], [-70.89229299062532, 43.06056298393156], [-70.89223090352525, 43.06054178117264], [-70.89218534980346, 43.06055809896757], [-70.89221909659713, 43.060579109961004], [-70.8922697952947, 43.060604392181816], [-70.89228870959089, 43.06061710798385], [-70.89225804562274, 43.0607036446146], [-70.89228060120547, 43.06075192031239], [-70.89229143370994, 43.06081143975045], [-70.89225197662543, 43.060879111181166], [-70.89224325866624, 43.06095831369593], [-70.89227339226461, 43.06101796374861], [-70.89228284843158, 43.06103036210076], [-70.89228481057935, 43.061079596582495], [-70.89227386689397, 43.06111141243873], [-70.89229772450918, 43.06115372955555], [-70.89231440653752, 43.06119029425818], [-70.89231467841398, 43.061190890173435], [-70.89230272284544, 43.06124359477735], [-70.89228012445463, 43.061254422130055], [-70.89226337231484, 43.061253137776205], [-70.89225471892894, 43.06125623747278], [-70.89224937190073, 43.061258152811014], [-70.89223516247648, 43.06127977320973], [-70.89224093754846, 43.061295129378784], [-70.89224190544849, 43.061297703066536], [-70.89225053537511, 43.06130591159275], [-70.8923042156205, 43.06132955682434], [-70.8923386371683, 43.06135526665517], [-70.89231897973109, 43.06138344132221], [-70.89222230553827, 43.061411039816214], [-70.89219703601442, 43.06143104745751], [-70.89212912297839, 43.061422274779126], [-70.89205013531367, 43.061392644493424], [-70.89200458091173, 43.0614089622087], [-70.89199987323289, 43.06141846225145], [-70.8919976886806, 43.06145203600381], [-70.89198914849663, 43.061517085854604], [-70.89199622750432, 43.06156808759928], [-70.89199331482295, 43.061599452482916], [-70.89196931467681, 43.06161499909481], [-70.89193003292817, 43.06161293176382], [-70.89191480575691, 43.06159584406634], [-70.89189781473573, 43.06158389945065], [-70.89187742204058, 43.0616034578142], [-70.89184257567156, 43.06166972620825], [-70.89184205227143, 43.06171128786871], [-70.89188125200835, 43.06171810009454], [-70.89188235538487, 43.06172017815369], [-70.89192835776478, 43.06174596651351], [-70.89200166715636, 43.0617492935684], [-70.89202918793275, 43.0617098491152], [-70.8920290905139, 43.06170897381626], [-70.8920257196812, 43.06167868719113], [-70.89203804883456, 43.06161932452329], [-70.89208462135892, 43.06159982439334], [-70.8921503526005, 43.06159177698655], [-70.89219639062848, 43.06161473471253], [-70.89220350544737, 43.06166290591816], [-70.89220057534901, 43.061694459447914], [-70.89220502412306, 43.0616971188336], [-70.89222662666327, 43.0617461424295], [-70.89220190213109, 43.06179027962185], [-70.89215129107065, 43.06182390630466], [-70.89212780875658, 43.06184922428119], [-70.8921739182288, 43.06186652096333], [-70.89223989913877, 43.061838659820744], [-70.89225591025281, 43.06179347588723], [-70.89225963959201, 43.06176395612148], [-70.89226019804094, 43.0617595356893], [-70.89225701468382, 43.06170572955725], [-70.8922845352775, 43.06166628504091], [-70.89231254925329, 43.061665105920326], [-70.89231573053414, 43.06166099690191], [-70.89234358685434, 43.06166246283825], [-70.89236429825084, 43.06167793231347], [-70.89236752510105, 43.06169839325969], [-70.89232626498871, 43.06173669524522], [-70.89230634310883, 43.06177400179131], [-70.89230598686315, 43.06180230705919], [-70.89231326621297, 43.06180720076106], [-70.89234426894356, 43.06182804300982], [-70.89238634008598, 43.061859466120346], [-70.89238183863228, 43.06191038948359], [-70.89238137555574, 43.06194718633159], [-70.89240807691921, 43.06197284390318], [-70.89241947965937, 43.06198707489113], [-70.89245400847386, 43.06200429310724], [-70.89248535374062, 43.061967705188145], [-70.8924547920694, 43.06194202151776], [-70.89242837565227, 43.0618937197424], [-70.89244828253291, 43.061845731372], [-70.8924680825306, 43.06180623457817], [-70.89249184961704, 43.06175827231505], [-70.89259643291206, 43.06173067211073], [-70.8926699559743, 43.0617170155754], [-70.89272810916361, 43.06169759351012], [-70.89271702685406, 43.06165788780796], [-70.89271724048699, 43.06164090464519], [-70.89277535798666, 43.06162431308212], [-70.89279501529457, 43.061596138336846], [-70.89284544782069, 43.061576664000086], [-70.89287622306588, 43.06158536440403], [-70.89289113012654, 43.06162792672105], [-70.89294693132298, 43.061651810504685], [-70.8929760039436, 43.061649049846295], [-70.89297790881497, 43.06164886896452], [-70.89299045069467, 43.06160604658978], [-70.8929924714308, 43.06159914708222], [-70.89298966199017, 43.06154547541617], [-70.89301111234442, 43.061502187319945], [-70.89304983831457, 43.06147051300994], [-70.89311782525897, 43.06146714026641], [-70.89314868379212, 43.061506949638506], [-70.89313193525302, 43.061535380986534], [-70.89312020120765, 43.06155530000361], [-70.89316530108098, 43.06157093418954], [-70.89323338447295, 43.06155989736196], [-70.89325635189195, 43.06153450369726], [-70.89325837064777, 43.06152996242717], [-70.89331346372892, 43.06150622782767], [-70.8933716520948, 43.06148397490387], [-70.89337597481891, 43.06144720412968], [-70.89337636614283, 43.06141606832521], [-70.89337212178539, 43.06140199137684], [-70.89336524788675, 43.061379193208744], [-70.89337725551306, 43.06134530513256], [-70.89339287434673, 43.061331256833796], [-70.89342768765185, 43.06132583053533], [-70.89349085603227, 43.06133469370801], [-70.89353753893461, 43.06127982314716], [-70.89354550418112, 43.061221538253264], [-70.8934805472246, 43.061210492351876], [-70.89337246341736, 43.06117794091871], [-70.89330000767134, 43.0611880583173], [-70.89316426736814, 43.06122285694879]]]}, "properties": {"id": 59, "Hectares": 32.69308547209, "Acres": 13.23044271548, "Year": "2019", "LABEL": "Great Bay", "Type": 1, "Name": "Eelgrass"}}, {"type": "Feature", "geometry": {"type": "Polygon", "coordinates": [[[-70.81738401186448, 43.122502436568006], [-70.81737030191992, 43.122523949235436], [-70.81729727441234, 43.122566819258275], [-70.81724875448836, 43.12259959724907], [-70.81728470518593, 43.12265785594894], [-70.81734361696688, 43.12269143144276], [-70.81735980637106, 43.12274747229349], [-70.81731682604834, 43.12278857597615], [-70.81726596587946, 43.12278612728492], [-70.81724086530139, 43.12276108731032], [-70.81718495259155, 43.12271510721257], [-70.8171569163353, 43.122713030154856], [-70.81716222074493, 43.12272322298678], [-70.81715579274156, 43.12277909594024], [-70.81709879110048, 43.12281181089249], [-70.81701423431498, 43.12279254279468], [-70.8169654003186, 43.12278578015202], [-70.81695900038468, 43.12280446514931], [-70.8169457571595, 43.12282057531579], [-70.81693087632752, 43.12283439887967], [-70.81689499146295, 43.12284312954175], [-70.81687733382937, 43.122868905789815], [-70.81687071221677, 43.12289790405593], [-70.81688036961863, 43.12290549510794], [-70.81687390379683, 43.122915057118426], [-70.81689057705455, 43.12293817940266], [-70.81687248649887, 43.12296458758102], [-70.81687071221677, 43.12296717763593], [-70.81686850501258, 43.12299295383172], [-70.81688836985035, 43.12300423091396], [-70.81690380679969, 43.12300371876883], [-70.81690555640172, 43.123005904697756], [-70.8169509013709, 43.12301456730445], [-70.81696188235182, 43.12304240168292], [-70.81694642168499, 43.12306448913071], [-70.81685550121726, 43.12306381388169], [-70.81680261793562, 43.12305231996239], [-70.81678394508022, 43.123032754284075], [-70.81674238847245, 43.123024119752], [-70.81669333201529, 43.1230098789255], [-70.81668598583258, 43.12299317265514], [-70.81669750455234, 43.12298215709146], [-70.81670885987599, 43.12297400623048], [-70.81673607276069, 43.12297684371062], [-70.81676035200687, 43.12296395561068], [-70.81678463125304, 43.12294784548196], [-70.81678904566144, 43.12292045825337], [-70.81679125286564, 43.122899515070294], [-70.81681111770342, 43.122864072744136], [-70.81681753052729, 43.122837861085266], [-70.81682656813281, 43.12283346344592], [-70.816839811358, 43.1228028541324], [-70.81682656813281, 43.12276902276809], [-70.81679125286564, 43.12274969055149], [-70.81676905762679, 43.12273673047266], [-70.81670413588864, 43.12272603441789], [-70.81667355329125, 43.12268852677791], [-70.81664294205838, 43.12265309005309], [-70.81661664316954, 43.12258814507258], [-70.81661843463205, 43.122586723908626], [-70.8165961134987, 43.12256368329172], [-70.8165883489203, 43.12251184719739], [-70.81658854964051, 43.122497350734484], [-70.81651870269452, 43.122436768829836], [-70.81641749925853, 43.122394594102595], [-70.81638408986319, 43.122357065377436], [-70.81640462550571, 43.12230336843701], [-70.8165237092401, 43.1222793996659], [-70.81662231481107, 43.122304985908755], [-70.81668396701157, 43.12234479551184], [-70.8167539573622, 43.12239502270009], [-70.81678445386277, 43.12243874308985], [-70.81682086268901, 43.12246386715822], [-70.8168660396222, 43.12246834497365], [-70.81692535227177, 43.12247292775224], [-70.81693058137309, 43.12246917424666], [-70.81693337923707, 43.122448752793694], [-70.81696401792567, 43.122418935438915], [-70.81696080061138, 43.1224008047015], [-70.81690954914592, 43.12240651153681], [-70.81687247583001, 43.12240227924971], [-70.81687051430042, 43.1224004668681], [-70.81682749162245, 43.12239349775876], [-70.81679702378013, 43.1223477064566], [-70.81681179012591, 43.12230225113539], [-70.81690237306846, 43.12229463936575], [-70.816967187417, 43.122325921772195], [-70.81700535167285, 43.122334046417215], [-70.81706053177781, 43.122350156707554], [-70.81708424325741, 43.12236169464566], [-70.81710218255002, 43.12236239949777], [-70.81717243115739, 43.12239398812051], [-70.81721823972693, 43.12244817775903], [-70.8173413146006, 43.12244909140396], [-70.81738401186448, 43.122502436568006]]]}, "properties": {"id": 60, "Hectares": 1.86880286833, "Acres": 0.75627885649, "Year": "2019", "LABEL": "Lower Piscataqua River North", "Type": 1, "Name": "Eelgrass"}}, {"type": "Feature", "geometry": {"type": "Polygon", "coordinates": [[[-70.8096577201038, 43.12059161680401], [-70.80961886066112, 43.120580210267285], [-70.80958348666576, 43.12055111394828], [-70.80959580892886, 43.120515475093235], [-70.8096111257817, 43.12047117512594], [-70.80967442745467, 43.120444332829194], [-70.80973032229255, 43.12044632706256], [-70.80973150256135, 43.12043994144517], [-70.80976766683186, 43.1204194630333], [-70.80980252802934, 43.12041678067078], [-70.8098168164437, 43.12041568125883], [-70.80984161321766, 43.12039788426275], [-70.80985039838093, 43.12038043028453], [-70.8099096979261, 43.12036905894792], [-70.80990963032025, 43.12037390388902], [-70.80995545434408, 43.120408165135764], [-70.80994796161049, 43.12047109984842], [-70.80994067167184, 43.12051949973674], [-70.80999310973144, 43.120553810490804], [-70.81005958681307, 43.12053008095947], [-70.81011931475852, 43.12051599175965], [-70.81014931252056, 43.120519885370925], [-70.81015234856763, 43.120530535546344], [-70.81011168699696, 43.12058861636556], [-70.81003852835775, 43.12061714135103], [-70.81001180229329, 43.120636323044906], [-70.80997500177148, 43.12064581505048], [-70.80993073117293, 43.12064914116996], [-70.80991259349854, 43.12063558022668], [-70.80990803980174, 43.12063217557582], [-70.80985429016371, 43.12063177309147], [-70.80969694693924, 43.120625352676484], [-70.8096577201038, 43.12059161680401]]]}, "properties": {"id": 61, "Hectares": 0.47522988798, "Acres": 0.19231900932, "Year": "2019", "LABEL": "Lower Piscataqua River North", "Type": 1, "Name": "Eelgrass"}}, {"type": "Feature", "geometry": {"type": "Polygon", "coordinates": [[[-70.80859800342778, 43.11968978662375], [-70.80862939028594, 43.119694748808335], [-70.80881093195678, 43.11976163585369], [-70.8088926308093, 43.119804184869714], [-70.80889887069517, 43.11986975744525], [-70.80880493769136, 43.11993457901461], [-70.80869005154516, 43.11996254894484], [-70.80863653396382, 43.11995166350179], [-70.8085511109864, 43.119919570501295], [-70.80847612785752, 43.11990852399505], [-70.80836157133363, 43.119912906781465], [-70.80828481752303, 43.11994030354606], [-70.80828497967198, 43.119948700603295], [-70.80827342781993, 43.11995351887538], [-70.80824938844493, 43.11997858590378], [-70.80825969103421, 43.12000866632428], [-70.80828373040922, 43.12002621322942], [-70.80833430490016, 43.12002427031133], [-70.80834898014133, 43.120023706529], [-70.80836950613714, 43.12003307053596], [-70.80836998031876, 43.12003328685865], [-70.80840392728419, 43.12004877352861], [-70.8084314008556, 43.120063813723455], [-70.80839019049847, 43.12008386731084], [-70.8083005402606, 43.12007856156218], [-70.80826312523064, 43.12007634721634], [-70.80820817808781, 43.1200688271209], [-70.80818070451639, 43.12006381372344], [-70.80810171799855, 43.12003373333006], [-70.80798838951642, 43.12002370652898], [-70.8078991004093, 43.12003122662995], [-70.80773082478434, 43.12004626682911], [-70.80764665673703, 43.12003999785917], [-70.80763553464668, 43.12002860547745], [-70.80763605478802, 43.119991428012746], [-70.80762365256538, 43.1199841378346], [-70.80761933489543, 43.11997176921711], [-70.80761201460498, 43.11995511485131], [-70.80760137511935, 43.11994438187465], [-70.80760137511935, 43.11994422161951], [-70.807655653526, 43.11987686905656], [-70.80773707113599, 43.119837249867246], [-70.80772621545465, 43.119789706806195], [-70.807671937048, 43.11976593526182], [-70.80756880807533, 43.119785744882776], [-70.8074982461467, 43.11978574488279], [-70.80742768421804, 43.11981347834135], [-70.80735712228937, 43.11980951641945], [-70.80730827172337, 43.119758011411655], [-70.80727816807013, 43.11971006932541], [-70.80720259562348, 43.119693304746875], [-70.80708539253732, 43.11965155241508], [-70.80696844392548, 43.11959163658724], [-70.80686491027349, 43.11945916029403], [-70.80673556491341, 43.11939915107101], [-70.8065565669282, 43.11934330978707], [-70.80649585258949, 43.119252026927576], [-70.8063980102055, 43.11915592356916], [-70.80631857314192, 43.11907358248845], [-70.80648024647662, 43.11903846745708], [-70.80672723769948, 43.119108443864604], [-70.8073754255602, 43.119304049134634], [-70.80768440845489, 43.119434244605785], [-70.80775956265826, 43.1194516855516], [-70.80798341513372, 43.11952604743483], [-70.80829992916071, 43.11959625861042], [-70.8083060060317, 43.119597494669854], [-70.8083380357437, 43.11962027565212], [-70.80840571796011, 43.11964153261572], [-70.80847925789901, 43.119649000635555], [-70.808514956987, 43.11965301015473], [-70.80851885038734, 43.119653447438694], [-70.80855836556101, 43.11966342678386], [-70.80859774544277, 43.11968308808804], [-70.80859800342778, 43.11968978662375]]]}, "properties": {"id": 62, "Hectares": 5.20460897169, "Acres": 2.1062337758, "Year": "2019", "LABEL": "Lower Piscataqua River North", "Type": 1, "Name": "Eelgrass"}}, {"type": "Feature", "geometry": {"type": "Polygon", "coordinates": [[[-70.68038608861752, 43.067178222145316], [-70.68038894584393, 43.06717814937616], [-70.68041618166635, 43.06718698669818], [-70.68043145604838, 43.06721005855251], [-70.6804193107156, 43.06723576160911], [-70.6804014834473, 43.06724994558815], [-70.6803874747668, 43.0672698975291], [-70.68039488210624, 43.06729576910707], [-70.68040429069342, 43.06731879040712], [-70.68043322902055, 43.06734341379147], [-70.68043504638486, 43.067352032032574], [-70.68045611768002, 43.0673794551334], [-70.68048898958719, 43.067402678641876], [-70.68047684423883, 43.0674283817036], [-70.68040847858644, 43.067423491198895], [-70.68032088202638, 43.067398362209694], [-70.68027793497455, 43.06739369072384], [-70.68018589751229, 43.067411117633334], [-70.68008568008807, 43.06738566142763], [-70.68004812262087, 43.06733155348418], [-70.68004545137184, 43.06728030747348], [-70.68000423698149, 43.06723641258044], [-70.67996952181221, 43.06721757085425], [-70.67996421613032, 43.067201729314206], [-70.67994114385749, 43.067177156393946], [-70.67987542372286, 43.0671292754929], [-70.67986622234093, 43.067093352068596], [-70.6799020150017, 43.06705638288688], [-70.67996442243171, 43.067066957369875], [-70.67998549342013, 43.06709438055568], [-70.67999872037451, 43.06712316986584], [-70.68002370192805, 43.06715062676306], [-70.68006448658616, 43.06716818356748], [-70.68008615546067, 43.06715833405112], [-70.68011559940629, 43.0671514190893], [-70.68015463574443, 43.06715605692144], [-70.68020644522367, 43.06717056114707], [-70.68022321552482, 43.06716459296626], [-70.6802641224777, 43.06715003506742], [-70.68031002324751, 43.067141111648304], [-70.68035571483779, 43.06714523312177], [-70.68038608861752, 43.067178222145316]]]}, "properties": {"id": 63, "Hectares": 0.61002210173, "Acres": 0.24686756712, "Year": "2019", "LABEL": "Gerrish Island Beds", "Type": 1, "Name": "Eelgrass"}}, {"type": "Feature", "geometry": {"type": "Polygon", "coordinates": [[[-70.68173448920324, 43.067312864243114], [-70.6817347304268, 43.06729779908194], [-70.6817288981638, 43.06728770405677], [-70.68172047733866, 43.067278842353595], [-70.68169412754239, 43.067266687317016], [-70.6816763593958, 43.067253350540724], [-70.68166986197384, 43.067231321557166], [-70.68167171500278, 43.06722254828581], [-70.68168471812363, 43.06721261538884], [-70.68170614205192, 43.06721154419518], [-70.68172682038784, 43.06720356076262], [-70.68174064949598, 43.06719551837354], [-70.68175949490845, 43.06719505277749], [-70.68178929945057, 43.06720535412885], [-70.68181218442685, 43.06721999052959], [-70.68181693944149, 43.067243887913726], [-70.68181326357352, 43.067259551316205], [-70.68180972840645, 43.06726642670759], [-70.68180876170031, 43.067273324204706], [-70.68182143315745, 43.067284105889414], [-70.68183074030219, 43.067291091808556], [-70.68182545262647, 43.067300463323704], [-70.68181409146683, 43.06731480497918], [-70.68179242629454, 43.067330941354086], [-70.6817766938919, 43.067350895597286], [-70.68177810468516, 43.06736974178655], [-70.68179233771092, 43.06738995393791], [-70.68182379436327, 43.067404036308744], [-70.68184924788874, 43.067418694807905], [-70.6818524815659, 43.067430650867294], [-70.68184636787453, 43.06743813186963], [-70.68181809461949, 43.067439144140394], [-70.68179336659367, 43.067432653298695], [-70.68177039108782, 43.067423666329404], [-70.6817491982566, 43.06741030008844], [-70.68173657704162, 43.067396379820636], [-70.68173518636264, 43.06737627820099], [-70.68174218636914, 43.067366921428594], [-70.68174074543411, 43.06734995838413], [-70.68173157900532, 43.06733418444713], [-70.68173448920324, 43.067312864243114]]]}, "properties": {"id": 64, "Hectares": 0.11198245174, "Acres": 0.04531776036, "Year": "2019", "LABEL": "Gerrish Island Beds", "Type": 1, "Name": "Eelgrass"}}, {"type": "Feature", "geometry": {"type": "Polygon", "coordinates": [[[-70.69700754682866, 43.06243714796541], [-70.69685572936642, 43.062338316469756], [-70.69684573642228, 43.06231787378513], [-70.69681641174776, 43.06228656039712], [-70.69678708707325, 43.06226678351227], [-70.6967712968639, 43.062217341272195], [-70.69678934281744, 43.062177787451404], [-70.69681866749195, 43.06215636245454], [-70.69687957258517, 43.06212504898404], [-70.69689310705033, 43.0620920874189], [-70.69689310705033, 43.062064070074584], [-70.69690664151548, 43.062036052717474], [-70.69693145470161, 43.0620212199938], [-70.69699010405064, 43.06200803534753], [-70.69708484530676, 43.06201462767103], [-70.6971750750745, 43.062045941197916], [-70.69728560653995, 43.06209373549756], [-70.69734651163317, 43.0621398816826], [-70.69734200014479, 43.062192620137225], [-70.69729011802833, 43.06225030277001], [-70.69724951463286, 43.062293152690685], [-70.69717733081868, 43.062332706437026], [-70.69709612402772, 43.06237555630009], [-70.69702619595773, 43.06240686964262], [-70.69700754682866, 43.06243714796541]]]}, "properties": {"id": 65, "Hectares": 0.84770853851, "Acres": 0.34305600393, "Year": "2019", "LABEL": "Portsmouth Harbor", "Type": 1, "Name": "Eelgrass"}}, {"type": "Feature", "geometry": {"type": "Polygon", "coordinates": [[[-70.73933321111087, 43.06846085115359], [-70.73936634497979, 43.06848914238831], [-70.73935705470386, 43.068584617162124], [-70.73927620396476, 43.06863576619382], [-70.73923608969523, 43.06863870528986], [-70.73921961465247, 43.06863991238067], [-70.73909332056812, 43.06868493693336], [-70.73908050020708, 43.068702101093436], [-70.73908049382868, 43.06870223075502], [-70.73907597152858, 43.06879416082182], [-70.73906024450453, 43.0688999442377], [-70.73901405472898, 43.06894331560843], [-70.73892709682305, 43.0689829028261], [-70.7388755123488, 43.068967518926065], [-70.73886523417879, 43.06892023616849], [-70.73889517836528, 43.06880881202241], [-70.73893932186942, 43.06869289816363], [-70.73895586571415, 43.06866140923549], [-70.73897003722031, 43.068634435698634], [-70.73898003008925, 43.06859652692931], [-70.73895185642378, 43.06855507538894], [-70.73895588235426, 43.06853186365318], [-70.73899013687098, 43.06844695214635], [-70.73900787549266, 43.068416013400174], [-70.73906767402737, 43.06840728851012], [-70.73911684711844, 43.06837430214534], [-70.7391128661673, 43.068325919243144], [-70.73917282080834, 43.06830683471314], [-70.73923097980499, 43.06830270127078], [-70.7393239735495, 43.06827927960857], [-70.7393325349798, 43.06823214956083], [-70.73934892897061, 43.068186234190904], [-70.73936342324912, 43.0681621763302], [-70.73948472850144, 43.06813553034144], [-70.73955588092053, 43.068102721872286], [-70.73955662693345, 43.06805322607467], [-70.7395993287228, 43.06803285033169], [-70.73963980129625, 43.06805620232743], [-70.7396754772172, 43.06808527147991], [-70.73971163886675, 43.06808211079844], [-70.73973403492833, 43.068054663281885], [-70.73973912648063, 43.06802937800128], [-70.73976925099959, 43.06801005151972], [-70.73980706930367, 43.06800114819876], [-70.73983974406005, 43.068020983346585], [-70.73985050846379, 43.06803603620505], [-70.7398656744818, 43.06804688732301], [-70.73995402469457, 43.06803839473011], [-70.7399994162632, 43.0680562503921], [-70.74001985842854, 43.06805122217158], [-70.74010798550744, 43.06803812131136], [-70.74015313355264, 43.06806381339466], [-70.74017478389739, 43.06808586159611], [-70.74016644852443, 43.068118027866014], [-70.74011586225915, 43.0681406423912], [-70.74007164259557, 43.068157552419], [-70.74004773532286, 43.06816339170608], [-70.73998496393503, 43.068178723419585], [-70.73992033439083, 43.06819546810411], [-70.73976590337413, 43.06823220708803], [-70.7397213366273, 43.06827213828038], [-70.73971465388492, 43.0682833218184], [-70.73969164153004, 43.068295329996815], [-70.73963210144572, 43.068307757551786], [-70.73959807954736, 43.06832409522903], [-70.73955061553663, 43.06834788600371], [-70.73952987602425, 43.068369590876586], [-70.73951060238687, 43.06839821485596], [-70.73949136343252, 43.068424536701855], [-70.73943667399928, 43.06840682548471], [-70.73935349917502, 43.06840384908016], [-70.73931856023493, 43.06843004366784], [-70.73933321111087, 43.06846085115359]]]}, "properties": {"id": 66, "Hectares": 1.82784387181, "Acres": 0.73970331309, "Year": "2019", "LABEL": "Little Harbor/Back Channel", "Type": 1, "Name": "Eelgrass"}}, {"type": "Feature", "geometry": {"type": "Polygon", "coordinates": [[[-70.71762471796883, 43.052602364125626], [-70.7175834433428, 43.052630639989815], [-70.71736595746407, 43.05264097908952], [-70.71733097614705, 43.0526392885538], [-70.71720669233895, 43.05259660871491], [-70.71717588917335, 43.05259120521687], [-70.71712508448597, 43.05258987933887], [-70.71704704396282, 43.05258987933888], [-70.71698701279118, 43.05258987933887], [-70.71693898785385, 43.05257671941068], [-70.71692097850237, 43.05257013944555], [-70.71690597070945, 43.052550399545844], [-70.71690597070945, 43.052521886346156], [-70.71693598629528, 43.05249995310665], [-70.7169509940882, 43.052486793159154], [-70.71696300032252, 43.05246266658142], [-70.71695999876394, 43.05245169995206], [-70.71690597070945, 43.052453893278084], [-70.71686995200646, 43.05248459983428], [-70.71682492862772, 43.05252188634616], [-70.71673788342883, 43.05253065963979], [-70.71669886316727, 43.052506533079324], [-70.7167007043943, 43.05249980589607], [-70.71671587356975, 43.05248499081361], [-70.71672207396433, 43.052463521816115], [-70.7167077354345, 43.052441882319556], [-70.71669599890888, 43.05244178489013], [-70.71668369073743, 43.05245060913051], [-70.716678194835, 43.05245454937044], [-70.71666912672231, 43.05247169046505], [-70.71664242058735, 43.052490837177864], [-70.71662119692141, 43.052490660979004], [-70.71659686669115, 43.05250316753027], [-70.71653492835694, 43.052508533570965], [-70.71647228559445, 43.052485332328004], [-70.71645110798728, 43.052447354625585], [-70.71645066294195, 43.05240198870446], [-70.71649042089318, 43.05234939623384], [-70.71653679136665, 43.05231365947636], [-70.71657826931025, 43.05229804306957], [-70.71661612974818, 43.052294157192044], [-70.71664567472783, 43.05230952321684], [-70.71666466548625, 43.05234076239982], [-70.71668860057105, 43.05234852147053], [-70.71671450621157, 43.05235265754804], [-70.71672676836171, 43.052349502301155], [-70.716738704142, 43.05233668910008], [-70.71672419957251, 43.05232580846134], [-70.71671697928697, 43.05231491169247], [-70.7167184690044, 43.05231137380042], [-70.7167031352833, 43.05229739961421], [-70.71667366808491, 43.05227699400248], [-70.71670948418817, 43.052257130339065], [-70.71679725451258, 43.052210816604706], [-70.71687448351369, 43.052179536053984], [-70.7169306948935, 43.052174122298666], [-70.7170644121415, 43.05219371289871], [-70.71711108515119, 43.052212581099475], [-70.71713253198563, 43.05222866937423], [-70.71716410474754, 43.05224114028777], [-70.71717611098188, 43.052263073619876], [-70.7172211343606, 43.05227404028297], [-70.71727976909567, 43.0523040326363], [-70.71732879554115, 43.0523200654948], [-70.71738439749544, 43.05234378534087], [-70.71739146366738, 43.05234679977324], [-70.71744320241835, 43.0523590906056], [-70.71750441609284, 43.05239263396559], [-70.71752289311078, 43.05239744637095], [-70.717595831155, 43.052421572465775], [-70.71763985120074, 43.05246393960243], [-70.71766102955092, 43.0525019170918], [-70.71766390860876, 43.05253806274038], [-70.71763554004096, 43.05259495027956], [-70.71762471796883, 43.052602364125626]]]}, "properties": {"id": 67, "Hectares": 1.82871204167, "Acres": 0.74005464951, "Year": "2019", "LABEL": "Odiorne Point Beds", "Type": 1, "Name": "Eelgrass"}}, {"type": "Feature", "geometry": {"type": "Polygon", "coordinates": [[[-70.72097049433701, 43.05398006574092], [-70.7209424579246, 43.05398535344501], [-70.72090670301743, 43.05395685743599], [-70.72089118439312, 43.053923127535775], [-70.72083708981822, 43.053892267075646], [-70.72083264244101, 43.053879918016186], [-70.72082423429066, 43.053875529491556], [-70.72079629149869, 43.05383665903552], [-70.72075958861107, 43.05383971582163], [-70.72072707981415, 43.053868008497844], [-70.72072656339706, 43.05390160587216], [-70.7207352356263, 43.053933599119375], [-70.72073499845916, 43.05394902898529], [-70.72073487413671, 43.0539571172812], [-70.72071871007891, 43.05396538407597], [-70.72068885341255, 43.05397017751412], [-70.72067051224339, 43.053960420677065], [-70.720631779416, 43.05394701422207], [-70.72060021522636, 43.0539155628847], [-70.72061456258528, 43.053867337469406], [-70.72063464888778, 43.053844273126955], [-70.72069490779528, 43.05380862821699], [-70.72071600775438, 43.05378293152959], [-70.72071923386999, 43.05378225945026], [-70.72079034887594, 43.0537761269573], [-70.72084568713959, 43.05375306320139], [-70.72088524863227, 43.053713068204964], [-70.72092686843347, 43.05368821094541], [-70.72097062401379, 43.053673451814234], [-70.72102312935834, 43.05368564628717], [-70.72102293146177, 43.0536985252822], [-70.72099504728075, 43.05372405611455], [-70.72095574399648, 43.05374725246082], [-70.7209208413757, 43.05378224573834], [-70.72089517897305, 43.053812275126994], [-70.72088542238562, 43.05385083638081], [-70.72088490605529, 43.05388443375678], [-70.72089828885785, 43.05390806551313], [-70.72097094608674, 43.05395066803672], [-70.72097049433701, 43.05398006574092]]]}, "properties": {"id": 68, "Hectares": 0.25480035627, "Acres": 0.103114205, "Year": "2019", "LABEL": "Little Harbor/Back Channel", "Type": 1, "Name": "Eelgrass"}}, {"type": "Feature", "geometry": {"type": "Polygon", "coordinates": [[[-70.72469967732748, 43.05488997528325], [-70.7246789010928, 43.05483158607746], [-70.7245790349797, 43.054773294573124], [-70.72451168781828, 43.054720679215585], [-70.7244355996147, 43.05468256889735], [-70.72422654124081, 43.05461212697003], [-70.72387503855667, 43.05457174772748], [-70.72343461950084, 43.054527042019075], [-70.72293802083506, 43.054550758632054], [-70.7223688686275, 43.05454802256738], [-70.72198693754086, 43.05454802256738], [-70.7215519704342, 43.054534779754334], [-70.72146735393271, 43.05454772125686], [-70.72130522456877, 43.05456512391224], [-70.72113764040535, 43.0545679042162], [-70.72090765507645, 43.05456600369527], [-70.72077091943109, 43.054594027639844], [-70.72063463178266, 43.054592901023746], [-70.7205012474938, 43.05458763337944], [-70.72041635587061, 43.054568189523586], [-70.72040822208986, 43.054543133036205], [-70.72040567091175, 43.05452437001845], [-70.72035188387311, 43.05451351305903], [-70.72032916929696, 43.05451332521806], [-70.72024950817512, 43.054523078593874], [-70.72013258355393, 43.05455543049077], [-70.72001307572229, 43.054571101412385], [-70.71986036086682, 43.054530271699875], [-70.71977307873705, 43.054481653487585], [-70.71967928505401, 43.05448712465296], [-70.71961359617413, 43.054511570261276], [-70.71948311558552, 43.05450216058968], [-70.71939867311686, 43.05445356559612], [-70.71931403846438, 43.05441746356361], [-70.71921743758443, 43.054420828675035], [-70.71913719935894, 43.05446806034187], [-70.71895707173367, 43.054547783711456], [-70.71882917394804, 43.054555054169775], [-70.71874137945326, 43.05453974989907], [-70.71875069922214, 43.05448776620716], [-70.71880886462718, 43.05439870326978], [-70.71887565216373, 43.054327611970734], [-70.71887154872753, 43.05430291718829], [-70.71887906767616, 43.05426097741386], [-70.71892727622595, 43.05425465635782], [-70.71898795495424, 43.05423629436751], [-70.71900176003663, 43.05422745869053], [-70.71913709896582, 43.05410571568008], [-70.71921749699304, 43.05404807315341], [-70.71926110927866, 43.05401273101289], [-70.71930691045927, 43.05400074729517], [-70.7193230650794, 43.05397912587491], [-70.71932562401228, 43.053975700985326], [-70.71934655068048, 43.053955713239425], [-70.71937419430536, 43.05394586158574], [-70.71940402692144, 43.05395313560333], [-70.71941907656509, 43.05397402495428], [-70.71940559190983, 43.05398980362694], [-70.7194055148933, 43.05398985884544], [-70.71938530412818, 43.05403072045452], [-70.71940439219777, 43.05406607130717], [-70.71944447471901, 43.05406920936977], [-70.71951187432252, 43.05408836196946], [-70.71955680739156, 43.05408562588415], [-70.71963572304142, 43.054078104470115], [-70.71965869723192, 43.054067502191856], [-70.7197617792221, 43.05406835520801], [-70.71979361655706, 43.05408373938574], [-70.7198664541259, 43.05411458352656], [-70.7199898683637, 43.0541340854623], [-70.72004968531206, 43.0541177794725], [-70.72006951471414, 43.05410959499138], [-70.72010200061271, 43.054096186595864], [-70.7201484261336, 43.054091098054634], [-70.72032066956483, 43.05410204239414], [-70.7203632963845, 43.05411242500652], [-70.72038178705549, 43.05412388635247], [-70.7204158119727, 43.05414600877511], [-70.72051624182672, 43.05417036033025], [-70.72061023862624, 43.0541660972185], [-70.72065165226125, 43.054154679013706], [-70.72074544246468, 43.054163854739556], [-70.72075615455684, 43.054158896423715], [-70.72078466863726, 43.05414569807649], [-70.7208578940498, 43.05415134356109], [-70.72086949797048, 43.05417183404734], [-70.72087127689818, 43.05417497531996], [-70.72089853313818, 43.05419032132762], [-70.72090666041802, 43.0541877524571], [-70.72091925284789, 43.05418377224044], [-70.72095804013138, 43.05419417328609], [-70.72096918393922, 43.05421442636531], [-70.7209697531753, 43.05421504409679], [-70.72098946481206, 43.05423643503403], [-70.72100371714888, 43.05423655281367], [-70.72102153486442, 43.054236700054695], [-70.7210582121655, 43.054235323055686], [-70.72108307451492, 43.054257369566], [-70.7210988684679, 43.0542596766257], [-70.721221543756, 43.05420608224355], [-70.72122855114354, 43.05418296787194], [-70.72125418773592, 43.054154618279256], [-70.72128641258303, 43.05414480401189], [-70.72129568133286, 43.05414861150488], [-70.72131145561512, 43.05415509139097], [-70.72134555830117, 43.05417217393359], [-70.72139376654623, 43.05416585183525], [-70.72142924885031, 43.054157780537444], [-70.72151557201694, 43.05418161080244], [-70.72156380827133, 43.05418409162812], [-70.72160378240777, 43.05416984471289], [-70.7216891854316, 43.05415597293657], [-70.72176016809851, 43.05415655907721], [-70.72205284042863, 43.05414439830729], [-70.72220420538738, 43.05412939218896], [-70.72242034245389, 43.0541524861004], [-70.72250062060007, 43.054146428153786], [-70.7225714781621, 43.05415709325173], [-70.72269265421163, 43.05417321364343], [-70.72287102097626, 43.0541948458479], [-70.72294110355502, 43.05419089297264], [-70.72297840135435, 43.05421421232068], [-70.72311798065147, 43.05422544377762], [-70.7231899500216, 43.054216333802884], [-70.72323492342197, 43.054219960222454], [-70.72325901660172, 43.05422582859444], [-70.72326224444942, 43.05422999335523], [-70.72328484262603, 43.0542503406399], [-70.72332816030578, 43.054264138394714], [-70.72336710255607, 43.05426445940872], [-70.72338988101986, 43.05427304758378], [-70.72344671134596, 43.054302077416374], [-70.72348112366946, 43.05429900088948], [-70.72350192038577, 43.0542874117227], [-70.72355221328438, 43.05429454655361], [-70.72360474543183, 43.05430505998054], [-70.72364355900298, 43.054313780250695], [-70.72366857676552, 43.054325746988006], [-70.72371192032644, 43.05433786472866], [-70.72372511551013, 43.05433743614227], [-70.72375317908995, 43.0543365246176], [-70.72378237014544, 43.05435987901367], [-70.72378712813979, 43.0543636856597], [-70.72378694797544, 43.05437544475009], [-70.72383724098107, 43.05438257945661], [-70.72384236293802, 43.05438075385561], [-70.7238740984698, 43.05436944246466], [-70.723952343382, 43.054346565927226], [-70.72398433632203, 43.05435186972863], [-70.72401833694637, 43.054375670962806], [-70.72408481943717, 43.05437285842707], [-70.72415598628349, 43.054363364105896], [-70.72421775867656, 43.05436891310983], [-70.72434565344622, 43.054395167577425], [-70.72440059529501, 43.05441879489901], [-70.7244101534992, 43.054419653491735], [-70.72445825633679, 43.05443857988038], [-70.72452940036273, 43.054435843810694], [-70.72460054438868, 43.05443037167098], [-70.72467168841462, 43.05444131594994], [-70.72473534359573, 43.05445773236472], [-70.72481023204409, 43.0544933012483], [-70.72483236090157, 43.054504081030636], [-70.72489282449529, 43.05449474859091], [-70.72493847673304, 43.05448054724029], [-70.72496106387938, 43.054489062861435], [-70.72496913578944, 43.05451828339044], [-70.72501424640419, 43.05453947896402], [-70.72506816176023, 43.05454200504454], [-70.72516763377965, 43.05453657617924], [-70.72518334563351, 43.05453915565201], [-70.72522560438249, 43.05453177657533], [-70.7252437034653, 43.05454906479696], [-70.72525044266078, 43.054555502065014], [-70.72531432621469, 43.05457282841977], [-70.72535234382939, 43.05457401280407], [-70.72538760398984, 43.0545751112725], [-70.72542636660751, 43.05458719068308], [-70.7254465978235, 43.054612558318205], [-70.72547578646439, 43.05465144027932], [-70.72550700896862, 43.05470713978108], [-70.72558414909741, 43.054756496572], [-70.72560661979779, 43.054785242759415], [-70.72560915757907, 43.05479896504835], [-70.72564898266573, 43.05484625289818], [-70.72572761553651, 43.05490644600007], [-70.7258923701229, 43.054977583226105], [-70.72601219164028, 43.05505419245416], [-70.7260346581748, 43.055125329508805], [-70.72602767767775, 43.05515423307457], [-70.72605209246423, 43.05519356958255], [-70.72614266551899, 43.055213055953324], [-70.72619913449144, 43.05523434441123], [-70.72622367048866, 43.055301184000136], [-70.72628537284504, 43.05535166952451], [-70.72634509497071, 43.05534591297897], [-70.72640702017051, 43.05538182321864], [-70.72652187552244, 43.055484806233], [-70.72652704530438, 43.055518167676766], [-70.72651208498137, 43.05556802322426], [-70.72646011728207, 43.055623822023854], [-70.72642272815816, 43.055654751357324], [-70.7264279297126, 43.05568603062999], [-70.72647010686997, 43.05571344883119], [-70.72661096272988, 43.05578749127216], [-70.72670131420828, 43.055821552428846], [-70.72670177259029, 43.05582204013116], [-70.72674313486854, 43.05582447359707], [-70.72677062423965, 43.055824699382846], [-70.7267563920515, 43.05585650404085], [-70.7267402026258, 43.05586645155745], [-70.72670384505726, 43.05586512690253], [-70.72668066794239, 43.05586428245939], [-70.72660612579133, 43.05586223102186], [-70.7264937844319, 43.055836507064804], [-70.72629560000354, 43.05579739479632], [-70.7260775719693, 43.055756036646166], [-70.72598999666569, 43.05572616268916], [-70.72568914948522, 43.055715359507126], [-70.7254876345692, 43.05573166999833], [-70.72536796265959, 43.055741355995515], [-70.72536217469862, 43.05574182445786], [-70.72536141785157, 43.055741626684814], [-70.72531198464813, 43.05574367120003], [-70.72510604141512, 43.05574640721135], [-70.72493754240631, 43.05576555928722], [-70.72484018742344, 43.05577923933775], [-70.7246005443887, 43.05579565539435], [-70.72441706769021, 43.05580112741223], [-70.72415870254335, 43.055795655394334], [-70.72397522584487, 43.05578744736659], [-70.72381047125847, 43.05577103130779], [-70.72367941647384, 43.05576829529757], [-70.72352589515471, 43.05576555928723], [-70.72340249236257, 43.05575456306692], [-70.72303547611293, 43.05580387693067], [-70.7227419656318, 43.05587017660823], [-70.72236120029729, 43.05588577708982], [-70.72210562352197, 43.05588575022354], [-70.7217811661443, 43.055933050068916], [-70.72149416403732, 43.05594525696332], [-70.7214055092509, 43.055936928997845], [-70.72136536341947, 43.0559433997061], [-70.72114818691922, 43.055921511682364], [-70.72084488870337, 43.05582027947102], [-70.72052286837541, 43.055762823276744], [-70.71968786217619, 43.05574914322253], [-70.71966539564168, 43.055749143222535], [-70.71944821914144, 43.05574640721134], [-70.71932096939459, 43.055733842417446], [-70.71888181407603, 43.05574664326725], [-70.71837417515758, 43.05570287140496], [-70.7182485214385, 43.055692234552176], [-70.71808899380368, 43.05568895094784], [-70.71790177268277, 43.055661590803425], [-70.7177632290533, 43.05565338275775], [-70.71766212964802, 43.05565064674225], [-70.7175760079324, 43.055593190389025], [-70.71756851908756, 43.05552478989832], [-70.71757975235481, 43.055423557032064], [-70.71765464080319, 43.055305907815374], [-70.71779318443265, 43.055242979071934], [-70.718074016114, 43.05524024303813], [-70.71828744819183, 43.05528128353215], [-70.71853458007143, 43.055371572522304], [-70.71889404462355, 43.05535242032337], [-70.71945945240867, 43.05527033940311], [-70.71968037333136, 43.05519099440908], [-70.71982640580565, 43.05514721781672], [-70.72000988250414, 43.05510617723297], [-70.72019710362504, 43.055097969112914], [-70.72046670203915, 43.05505145641193], [-70.72063145662554, 43.05495843090411], [-70.72082616659128, 43.05489823785327], [-70.72106206520361, 43.05484898894956], [-70.72133166361772, 43.0547970039527], [-70.7217660166182, 43.05476143524526], [-70.72241754611895, 43.054725866517195], [-70.72318140829225, 43.05470945017419], [-70.72383293779299, 43.054742282855806], [-70.72419614676753, 43.05482436448286], [-70.72430099059522, 43.05485446105192], [-70.72450980919977, 43.054938382127176], [-70.72459842575533, 43.05494411549218], [-70.72469530567052, 43.05490123087504], [-70.72469967732748, 43.05488997528325]]]}, "properties": {"id": 69, "Hectares": 52.82870876306, "Acres": 21.37905293825, "Year": "2019", "LABEL": "Little Harbor/Back Channel", "Type": 1, "Name": "Eelgrass"}}, {"type": "Feature", "geometry": {"type": "Polygon", "coordinates": [[[-70.76296508059059, 43.09186575108207], [-70.7629599594567, 43.09187388755504], [-70.76291478131014, 43.09189594389679], [-70.76287913309386, 43.09189566233532], [-70.76281731723903, 43.09189691600171], [-70.76275919095714, 43.091898758463714], [-70.7626577042604, 43.09192178412608], [-70.76256266793989, 43.091919291324494], [-70.76247264096747, 43.09189941867942], [-70.76247821403274, 43.09184372080154], [-70.76252717637786, 43.09180707606553], [-70.76253348951788, 43.09180235113697], [-70.76261695037643, 43.0917838492891], [-70.76272619451709, 43.09178993815541], [-70.76275495979493, 43.091788519584334], [-70.76286615446047, 43.09180846307781], [-70.762903804423, 43.091807308841176], [-70.762939699282, 43.0918177536299], [-70.76296508059059, 43.09186575108207]]]}, "properties": {"id": 70, "Hectares": 0.28029503711, "Acres": 0.11343155222, "Year": "2019", "LABEL": "Lower Piscataqua River South", "Type": 1, "Name": "Eelgrass"}}, {"type": "Feature", "geometry": {"type": "Polygon", "coordinates": [[[-70.77386660213395, 43.09571338418006], [-70.77393291056313, 43.095716273438796], [-70.77394873977144, 43.09571913356804], [-70.77397321330211, 43.095723555607535], [-70.7740109116416, 43.0957464948515], [-70.77401788995041, 43.095757000895475], [-70.7740128329342, 43.09577786465378], [-70.77395771327734, 43.095808789452555], [-70.77390304903369, 43.09580836296435], [-70.77380134203779, 43.09579711777648], [-70.77378674227413, 43.09579700385231], [-70.77374406280492, 43.095789703070956], [-70.77374106376328, 43.09578927924573], [-70.7737135299218, 43.09579215148458], [-70.77369397161789, 43.095787390926745], [-70.77368745217326, 43.09577786978789], [-70.77368354049447, 43.09576263595822], [-70.77370084068241, 43.09574930129112], [-70.77370424092959, 43.095749327826475], [-70.77373278668401, 43.09574780865805], [-70.77377329187802, 43.09574115700427], [-70.77386660213395, 43.09571338418006]]]}, "properties": {"id": 71, "Hectares": 0.12300159161, "Acres": 0.04977705494, "Year": "2019", "LABEL": "Lower Piscataqua River South", "Type": 1, "Name": "Eelgrass"}}, {"type": "Feature", "geometry": {"type": "Polygon", "coordinates": [[[-70.80870211348584, 43.120526429131004], [-70.80866074863886, 43.12052322999143], [-70.80856112419748, 43.12048316741121], [-70.80849026747221, 43.1204328363875], [-70.80846990061787, 43.1203540526804], [-70.80851211699803, 43.120345202274734], [-70.80854039155456, 43.12032456411294], [-70.80857838643922, 43.120316640335105], [-70.80866523188988, 43.12030871655624], [-70.80876293302187, 43.12032456411294], [-70.80889862903852, 43.12037606864382], [-70.80893530590654, 43.120414313152956], [-70.80894309612334, 43.12041475055365], [-70.80898774067688, 43.12043981739309], [-70.8090014774626, 43.12046488422222], [-70.80900834585546, 43.12048744435969], [-70.8089970623536, 43.120496709894674], [-70.80900044120149, 43.120538881930585], [-70.8089322463916, 43.12055409692302], [-70.80891174552839, 43.12055294127213], [-70.80887861840944, 43.120551073860774], [-70.80884262232055, 43.120566530185535], [-70.80880275563375, 43.12060292573117], [-70.80879854174304, 43.120608449677015], [-70.80877482049837, 43.12061277830518], [-70.8087645179091, 43.12060776495229], [-70.8087645179091, 43.12058269818167], [-70.80876108371267, 43.12055763140078], [-70.80871987335553, 43.120535071289204], [-70.80870211348584, 43.120526429131004]]]}, "properties": {"id": 72, "Hectares": 0.52635231038, "Acres": 0.2130075516, "Year": "2019", "LABEL": "Lower Piscataqua River North", "Type": 1, "Name": "Eelgrass"}}, {"type": "Feature", "geometry": {"type": "Polygon", "coordinates": [[[-70.8181257927844, 43.118167620894205], [-70.81809006869767, 43.118185005314615], [-70.81800246942302, 43.118182545980495], [-70.81796203898858, 43.11815795263397], [-70.81795378831242, 43.11812984741629], [-70.81791639203375, 43.11813330097475], [-70.817847691689, 43.11813888480836], [-70.81777913873715, 43.1181338061333], [-70.81774015895627, 43.11809543278734], [-70.81767809661065, 43.11807212181767], [-70.8176101124215, 43.11802591638324], [-70.81757880661714, 43.1179931117412], [-70.81758394284421, 43.11797833667078], [-70.8176359482663, 43.117962126729104], [-70.81770933956797, 43.1179682782199], [-70.81772956399048, 43.11796366484895], [-70.81782390167086, 43.11797104287738], [-70.81788454732254, 43.11800547366493], [-70.81791150094551, 43.118044823112655], [-70.81794856217708, 43.11806941650467], [-70.81801257703164, 43.11808171319695], [-70.81803093004055, 43.118083387789405], [-70.81803764266085, 43.118086975988376], [-70.818064357474, 43.11811002461144], [-70.81810172128732, 43.1181148718139], [-70.81811608677349, 43.11812868864351], [-70.81813017862757, 43.1181623071981], [-70.8181257927844, 43.118167620894205]]]}, "properties": {"id": 73, "Hectares": 0.31143966936, "Acres": 0.12603535718, "Year": "2019", "LABEL": "Lower Piscataqua River North", "Type": 1, "Name": "Eelgrass"}}, {"type": "Feature", "geometry": {"type": "Polygon", "coordinates": [[[-70.84153596660143, 43.12346483968391], [-70.84153683780495, 43.12346891569028], [-70.84157302352148, 43.123551122938224], [-70.84155693406676, 43.123638416300324], [-70.84150457102443, 43.12368852222663], [-70.84150215795003, 43.12370676632371], [-70.84147226582273, 43.12375250569208], [-70.84140494086094, 43.12378265675345], [-70.84132142290973, 43.12377286334941], [-70.8412917910421, 43.12373873980642], [-70.84126787966431, 43.12371120384692], [-70.84121851859175, 43.123649574490166], [-70.84108969844795, 43.12358737181155], [-70.84105296836434, 43.123582614834305], [-70.84093939145117, 43.12356790521091], [-70.84081397086197, 43.123563936356646], [-70.84074266978953, 43.12357874001421], [-70.84057124653302, 43.123574438818196], [-70.84048871839785, 43.123491124035084], [-70.84047654326122, 43.12346346315287], [-70.84050672454704, 43.123396280487775], [-70.84054920456802, 43.12334756859273], [-70.84062866341657, 43.12334814226624], [-70.84068700597105, 43.12336388176679], [-70.84076257127231, 43.12334298159674], [-70.84075474292685, 43.12330309746596], [-70.84072161629392, 43.12327834903601], [-70.84060944314196, 43.12322239330746], [-70.84061415309115, 43.123212373382856], [-70.84060804558362, 43.12321091196639], [-70.84041511010443, 43.123138498758685], [-70.84026684556916, 43.123071870959826], [-70.84012596514361, 43.12301075939703], [-70.84000745696383, 43.12294980929834], [-70.83985114748849, 43.12292682753323], [-70.83963554754104, 43.1228761015777], [-70.83924990233659, 43.1227148839232], [-70.8390952605343, 43.12253229344878], [-70.83900471749298, 43.122503090344786], [-70.83892144949708, 43.1224749150146], [-70.83886360389994, 43.12242241424332], [-70.83880592362904, 43.12235765998355], [-70.83879739071, 43.12234978089941], [-70.83873569756665, 43.12229281491422], [-70.83866091786051, 43.122255509822814], [-70.83854829395786, 43.122233249107495], [-70.83845252197118, 43.12220191927221], [-70.83837435902777, 43.12223431619198], [-70.83837261003862, 43.12223504111071], [-70.8383553448931, 43.122274743754424], [-70.83833729598929, 43.12234477556508], [-70.83831898095156, 43.122359680894235], [-70.83829961533627, 43.12237544120384], [-70.83828297009826, 43.122369193367774], [-70.83826879132627, 43.12235727372536], [-70.83825078046168, 43.12234213255546], [-70.83823361310029, 43.12230756274266], [-70.8382470270421, 43.122243322923865], [-70.83823096803579, 43.12221039369501], [-70.8382230192369, 43.12220906755907], [-70.83816762826196, 43.12220906755907], [-70.83799414046493, 43.122146864365476], [-70.83797682656906, 43.12213207730463], [-70.83791540643287, 43.12212613852935], [-70.8376927962693, 43.12204257960766], [-70.83757473499685, 43.121948851694064], [-70.83753139346011, 43.1218447389595], [-70.8375846264496, 43.12176864146595], [-70.83767440755756, 43.12174743963175], [-70.8377788079506, 43.121748195986555], [-70.83796479484677, 43.121782321707556], [-70.83804623398694, 43.121826616219565], [-70.83808133986511, 43.12183845069059], [-70.83821877962392, 43.121857096752365], [-70.8385308963516, 43.121972711759575], [-70.83880111208121, 43.1220941500807], [-70.83896710653634, 43.122190485003486], [-70.83904695998895, 43.1222242287048], [-70.83939315358226, 43.12232530291361], [-70.83974627104743, 43.12242132325731], [-70.84014785561567, 43.12251228975968], [-70.84069484149308, 43.12263357821913], [-70.84108257831757, 43.12273970542388], [-70.8414426196546, 43.12287615441665], [-70.84158802096378, 43.12299744215472], [-70.84162193963546, 43.12305820893246], [-70.84173469347702, 43.123175335654686], [-70.8417850600643, 43.123312275949196], [-70.84170967895692, 43.12337182643553], [-70.84161214578793, 43.12341482787868], [-70.84155349696202, 43.12344157586682], [-70.84153596660143, 43.12346483968391]]]}, "properties": {"id": 74, "Hectares": 11.6588726592, "Acres": 4.71818565355, "Year": "2019", "LABEL": "Little Bay", "Type": 1, "Name": "Eelgrass"}}, {"type": "Feature", "geometry": {"type": "Polygon", "coordinates": [[[-70.87438210874309, 43.07512505909336], [-70.87440130536758, 43.07508098885235], [-70.87441957808612, 43.075060967633746], [-70.87441795899984, 43.07505708159572], [-70.87444890057348, 43.07500880076189], [-70.87446000297771, 43.075002815742806], [-70.87448790212346, 43.07497674073262], [-70.8744911006475, 43.074942412215485], [-70.87449597630196, 43.074908298471534], [-70.87450459971984, 43.07490106253844], [-70.87455227366678, 43.07488242533752], [-70.87458949381707, 43.074838426135166], [-70.87458129890491, 43.07475398913218], [-70.87458454942318, 43.07474907889419], [-70.87464068562578, 43.07467066298958], [-70.87468512092961, 43.07464470238125], [-70.87471601004543, 43.07460046236258], [-70.8747358488565, 43.074558166488906], [-70.87475555755455, 43.074525972846985], [-70.87476151195979, 43.0744916633911], [-70.87477836050134, 43.0744675324605], [-70.87480638934368, 43.07443135513124], [-70.87485072034873, 43.07441347624448], [-70.87484565047838, 43.074379090500166], [-70.87486260300919, 43.07434687776716], [-70.87487939944513, 43.074326787714995], [-70.87490768828162, 43.07427040588608], [-70.87496052137315, 43.07423440013631], [-70.87497781192621, 43.074175921568845], [-70.87498907018264, 43.07415781381166], [-70.87500901269281, 43.0741074360951], [-70.87503420717148, 43.07407730098102], [-70.87507583382862, 43.074055362042365], [-70.87509273413653, 43.07402719016676], [-70.87511249448413, 43.07399095556255], [-70.87514803419359, 43.073974367936145], [-70.87514846680564, 43.07396899574328], [-70.87516245859287, 43.07393424563349], [-70.87520443395456, 43.07386065710067], [-70.8752639508773, 43.073809728590376], [-70.87527208446933, 43.07379807913958], [-70.87532522891209, 43.07373782784133], [-70.87540887145184, 43.07366364301252], [-70.87547311769472, 43.07359740652573], [-70.8755593859302, 43.07353334287678], [-70.87559565593445, 43.07349924294855], [-70.87572079388596, 43.07341322097275], [-70.87580141968238, 43.07335922127677], [-70.87585412156658, 43.07333331733883], [-70.87589304337976, 43.07330731815142], [-70.87595130914298, 43.073277411361566], [-70.87599865473908, 43.07323934657897], [-70.87605692038683, 43.07320943973407], [-70.87607677496214, 43.07320353527466], [-70.87609990833727, 43.07316973823295], [-70.8761334886266, 43.073141120123665], [-70.87618945577553, 43.0731145461531], [-70.87622852755501, 43.07310068326462], [-70.87628739828614, 43.0730797955588], [-70.87630012711955, 43.07305562023633], [-70.87630979367869, 43.07304953633003], [-70.87633718870107, 43.07302785824681], [-70.87636039445108, 43.07302324600181], [-70.87642190072964, 43.073000053684936], [-70.8764478932008, 43.07295315177594], [-70.87644993329461, 43.072949470541474], [-70.87646307599195, 43.07292948677805], [-70.87649711094822, 43.072913189840804], [-70.87654228354957, 43.07290759748339], [-70.87658751586928, 43.0728994884093], [-70.87662333649929, 43.07288445661418], [-70.87664820351172, 43.072851615824874], [-70.87671346690227, 43.07280622891273], [-70.87680897256845, 43.07275630890473], [-70.87692627979361, 43.07268757205421], [-70.877008809625, 43.07264072353051], [-70.87716719859314, 43.072562786301454], [-70.87718394529293, 43.0725594031419], [-70.87718846938374, 43.07255444593866], [-70.87726402503478, 43.07251765085488], [-70.87734797575816, 43.07246859070879], [-70.87739390028779, 43.0724413901005], [-70.87739529587617, 43.07244073697125], [-70.87771147188056, 43.072287328923224], [-70.87824109801409, 43.07203840068553], [-70.87850449267141, 43.071916956814654], [-70.8788871421829, 43.07173773515123], [-70.87924745750642, 43.071580585431676], [-70.87954698554385, 43.071435140236396], [-70.87973547410266, 43.07135157019337], [-70.87976720094073, 43.071338746023216], [-70.87984834429722, 43.07128673947408], [-70.88002624939963, 43.071199448833916], [-70.88013899602508, 43.07114964454449], [-70.88017788616757, 43.07113891400662], [-70.88018593675962, 43.07113189496325], [-70.88023956812823, 43.071094476205104], [-70.88036254370594, 43.0710504488003], [-70.880425278259, 43.07103309498206], [-70.88045640402838, 43.07101301875348], [-70.88061702119657, 43.07095350329988], [-70.88070276401312, 43.070929844698334], [-70.88075541013588, 43.07090797936204], [-70.8808219131656, 43.07088014727562], [-70.88090237631168, 43.07083826660878], [-70.88099373388957, 43.070806563827766], [-70.88100234602524, 43.07080522266301], [-70.8810600210834, 43.070778207251095], [-70.88120068995714, 43.070736496612305], [-70.88121785812854, 43.070736233114154], [-70.8812261838626, 43.07073339628073], [-70.88136176437936, 43.07069189358796], [-70.88140060481786, 43.07067195383895], [-70.88142799808483, 43.07066697111987], [-70.88143377862461, 43.07066221826492], [-70.88149537109334, 43.070631938670296], [-70.88161011131636, 43.07060202366922], [-70.8816763744378, 43.07059053570193], [-70.88171328397468, 43.07057508827673], [-70.88181109370385, 43.07055756991174], [-70.88188674521018, 43.07053098345537], [-70.88202948806672, 43.07049560842921], [-70.88204723385535, 43.07049418810221], [-70.8821308660977, 43.07046479670169], [-70.88232151150288, 43.0704277116291], [-70.88244586102171, 43.07040229569943], [-70.88284657072622, 43.070318154053226], [-70.88313655543448, 43.07027164486574], [-70.8832351112447, 43.070264545406324], [-70.8833196705478, 43.0702444895084], [-70.88354633750093, 43.07020973728674], [-70.88380378638595, 43.070183162045126], [-70.88395769604547, 43.070166808044554], [-70.88398742949704, 43.07017146251241], [-70.88412069217918, 43.070160614897055], [-70.88433878302091, 43.07013365523854], [-70.88438417399448, 43.070124481928964], [-70.88445752916353, 43.07012024156298], [-70.88457625516016, 43.07010840822937], [-70.88475959276045, 43.07010175808179], [-70.88493207132436, 43.07010135587091], [-70.88514347353717, 43.07009173561804], [-70.8852836763501, 43.07008637063612], [-70.8856179751705, 43.07007600800991], [-70.88585746188919, 43.07006183631194], [-70.88603656801565, 43.07004883283323], [-70.88628675298361, 43.0700410556283], [-70.88648767686867, 43.070007652388085], [-70.88670572611294, 43.069983849138154], [-70.88680724570516, 43.06996873500487], [-70.8871594504831, 43.069906329999036], [-70.8874901373703, 43.06984061618826], [-70.88772577169267, 43.06979006047477], [-70.88789014681674, 43.069748502962156], [-70.88805889317779, 43.069702233145435], [-70.88854996078453, 43.069569641450265], [-70.8887188261053, 43.069513887847314], [-70.88876643166776, 43.069499986042736], [-70.88886591418019, 43.06947537261303], [-70.8889201666671, 43.0694472904937], [-70.88901318190655, 43.069422632980654], [-70.88917358340063, 43.06935417636024], [-70.88926452259376, 43.06932318212377], [-70.8894833671815, 43.06923615484423], [-70.88962849807851, 43.06918181930082], [-70.89004235224104, 43.06901708478508], [-70.89024195301702, 43.06891728061725], [-70.8904152062016, 43.06885523185847], [-70.89062987572058, 43.068757109829974], [-70.89072520442902, 43.06871982178129], [-70.890748769949, 43.06871359359367], [-70.89076330135403, 43.06870310732145], [-70.89093400115823, 43.06862133530042], [-70.89115227303901, 43.06852729734136], [-70.8913761416347, 43.06843121492988], [-70.89167276752396, 43.06834126530176], [-70.8916793645091, 43.068340747529014], [-70.89175227584134, 43.06830792148627], [-70.89185600688027, 43.0682880760293], [-70.89189610210512, 43.06827877667226], [-70.8919619532386, 43.06826350366465], [-70.89198264655808, 43.06825766695293], [-70.89214801748278, 43.068211022622236], [-70.89228305698936, 43.06819396392255], [-70.89235181886885, 43.068176338707936], [-70.89272213652556, 43.068095998024305], [-70.89307836942035, 43.06803980848691], [-70.89323045595893, 43.06801624243596], [-70.89325424036392, 43.0680058839278], [-70.8933514534795, 43.06797618530461], [-70.89348578433008, 43.06796198161016], [-70.89361658015831, 43.06794132168509], [-70.893689436356, 43.0679490354241], [-70.89377374649581, 43.067938937095526], [-70.89382514647899, 43.06794519542157], [-70.8938923119043, 43.0679335742114], [-70.89390891558655, 43.067920511425015], [-70.89391528954978, 43.067915496768975], [-70.893954174796, 43.06790000181407], [-70.89399281523193, 43.06789513482022], [-70.89399745912333, 43.067890017780584], [-70.89401703871302, 43.067875924547714], [-70.8940471186647, 43.067884030660274], [-70.89405588064146, 43.06789584899248], [-70.8940683179346, 43.06791262465719], [-70.89408083503355, 43.067945901845306], [-70.89408494785238, 43.067961735650364], [-70.89410838222616, 43.067984022314235], [-70.8941256870653, 43.067979397328656], [-70.89410482518964, 43.06792393535574], [-70.89410725874264, 43.06790182333163], [-70.89411285751478, 43.06789182903343], [-70.89419932250428, 43.06787966847975], [-70.89447566901009, 43.06786481561616], [-70.89448442815363, 43.06785997316245], [-70.89453745348939, 43.06783543945982], [-70.89465410922807, 43.0678160707403], [-70.89487681563827, 43.06778508077633], [-70.89500407644411, 43.06776312954234], [-70.89512956973874, 43.06775925579436], [-70.89518253886665, 43.0677571322654], [-70.89530173626252, 43.06771862810328], [-70.89538207009898, 43.06767333206728], [-70.89548123005709, 43.06767400036109], [-70.89556316461962, 43.06767297189468], [-70.89570322253273, 43.067678657387475], [-70.89577621928711, 43.06768932968975], [-70.89587183282742, 43.06767597799237], [-70.89595932350531, 43.06767303315482], [-70.8961432127422, 43.06765065437887], [-70.89632865317049, 43.067633009171686], [-70.89645431401023, 43.06763031244865], [-70.89663796645945, 43.067626824972784], [-70.89679268958488, 43.067618419156865], [-70.89691821740394, 43.06762634872969], [-70.89696689924317, 43.06762296146425], [-70.89699559372838, 43.06762096490207], [-70.89706315950924, 43.067627323599694], [-70.89708384446527, 43.06764753725532], [-70.89707034027643, 43.06769704237194], [-70.8970671552877, 43.06771742844509], [-70.8970973362234, 43.067763812091066], [-70.89712077323607, 43.067873083736984], [-70.89712532428682, 43.067949898290735], [-70.89713045670194, 43.06798024225811], [-70.8971220124244, 43.067994329883945], [-70.89711503140276, 43.0680007874379], [-70.89710566320431, 43.06810379611189], [-70.89705454048942, 43.06822673940177], [-70.89700335824067, 43.06835442407689], [-70.8969639627806, 43.06840157721584], [-70.89691438219744, 43.06840124371757], [-70.89689935178934, 43.068396400801696], [-70.89687759722905, 43.068412060499924], [-70.89680960416776, 43.068504858715634], [-70.8967337794636, 43.06853438004867], [-70.89668332828887, 43.06860358715548], [-70.89663960126552, 43.06865229163845], [-70.89660036362258, 43.06868680088194], [-70.89648751590262, 43.06874610437292], [-70.89641794012047, 43.06879305419216], [-70.89635684845591, 43.06885112530497], [-70.89629619214337, 43.06887442603598], [-70.8962074523672, 43.068902279468844], [-70.89615535933761, 43.068930379590164], [-70.89610326626057, 43.06895847968724], [-70.89604524065648, 43.06894386351313], [-70.89597879031976, 43.068913384535236], [-70.89590802866148, 43.06888287648022], [-70.89587595071545, 43.068862112570905], [-70.89584126156899, 43.06887768494634], [-70.89585395806695, 43.06889673771225], [-70.8959462964713, 43.06892581052006], [-70.89600410421743, 43.06895781191654], [-70.89599947599785, 43.068983070404556], [-70.89592746662801, 43.06905213198343], [-70.89586232030824, 43.069089627673776], [-70.89581040522287, 43.069103503403625], [-70.89571767043927, 43.06910603988707], [-70.89565288239207, 43.06909411143797], [-70.89565033535753, 43.069095139712786], [-70.89559091991686, 43.06907041261141], [-70.89555872310405, 43.069059131434116], [-70.89554313786864, 43.06909854150083], [-70.89552134308778, 43.06911736187472], [-70.89551685335653, 43.069131557050945], [-70.89553346666591, 43.06913557848863], [-70.89557058741455, 43.06914456397117], [-70.89565232582875, 43.06915934015656], [-70.89567748110748, 43.06921641136739], [-70.89563586893527, 43.06926829091599], [-70.89555966628194, 43.06932784038492], [-70.89531270643909, 43.06942259279977], [-70.89529294826441, 43.069450910477435], [-70.89527736275635, 43.06949032050317], [-70.89522958023765, 43.06951844925598], [-70.89515867950053, 43.06949900402667], [-70.89512873738212, 43.069479834913075], [-70.89510334082036, 43.0694665444163], [-70.8950859006511, 43.06945741764226], [-70.89497619719921, 43.06943771066198], [-70.89485984820148, 43.06943218418607], [-70.89471919134434, 43.06947391172065], [-70.89461316460826, 43.06950480850356], [-70.89457202747488, 43.069518756385364], [-70.89457184892639, 43.06953298061115], [-70.89464518294442, 43.06953031417252], [-70.89480737729276, 43.06949031260609], [-70.89490017217366, 43.06948303545631], [-70.89497336732227, 43.06949143209452], [-70.89506792138259, 43.06951577873993], [-70.89510034251222, 43.06954229788492], [-70.89511448078672, 43.06954135752422], [-70.8952301122392, 43.06956811590759], [-70.89528764665876, 43.06960392940727], [-70.89527724315269, 43.06966290203606], [-70.89525088248963, 43.06970995854322], [-70.89523530935564, 43.06975523332713], [-70.89524573096188, 43.06977777708508], [-70.89527074735983, 43.06984591166613], [-70.89520522316604, 43.069913435891436], [-70.89514875788835, 43.069946247882214], [-70.89510346011758, 43.07003027910905], [-70.89514309935618, 43.07008474382942], [-70.89518745374717, 43.07014408561572], [-70.89520958654624, 43.070177298768066], [-70.89522444791595, 43.0702765907781], [-70.895201544973, 43.070304776898254], [-70.89516203307429, 43.07037300010826], [-70.89513555352343, 43.070429502621096], [-70.89512504597236, 43.070486841508306], [-70.89520749783942, 43.070591530000804], [-70.89538365524685, 43.070641716136656], [-70.8955449406052, 43.070674415151146], [-70.89573001871207, 43.070700951819916], [-70.89587700634591, 43.070670329917824], [-70.89609948488008, 43.07063705498297], [-70.89624888529102, 43.07058590100872], [-70.89629880414368, 43.07055936682078], [-70.89643497282324, 43.07053183257296], [-70.89655280700629, 43.070591107950555], [-70.89661844816962, 43.070686385871625], [-70.89661146643198, 43.07072743457075], [-70.89635601627143, 43.07098335358826], [-70.89620653578629, 43.07104082957095], [-70.89595723599273, 43.07114979301541], [-70.89596407671696, 43.07129209335395], [-70.89607943928466, 43.07137664221282], [-70.89608914639899, 43.07163434584993], [-70.89613961817419, 43.07173584429063], [-70.89614680171006, 43.07179645286573], [-70.89611701080443, 43.071819464012364], [-70.89604555591151, 43.07182837066222], [-70.8960327961071, 43.071829961130696], [-70.89597373960305, 43.07185647108331], [-70.89589403283364, 43.07189225067581], [-70.89584784989879, 43.07196464732498], [-70.89580627559408, 43.07201336595888], [-70.89564905665098, 43.07217194764407], [-70.89559138331154, 43.072220054694476], [-70.89545678278706, 43.072282260036125], [-70.89536286623193, 43.07235380567372], [-70.8951853421148, 43.072389579380946], [-70.8951125848212, 43.072463169680205], [-70.89507236928499, 43.07249593641673], [-70.89505759023926, 43.07253562186599], [-70.89495702216755, 43.07259162472021], [-70.89485517491916, 43.07258686276714], [-70.8948444797526, 43.072586362700385], [-70.89477994541035, 43.07258334529004], [-70.89473011545644, 43.07255098401373], [-70.89467443857015, 43.072531778075685], [-70.89461599429451, 43.07254274652006], [-70.89438764467263, 43.0726494493521], [-70.89437619907032, 43.07266800441324], [-70.89431369145686, 43.07277149773806], [-70.89426108452085, 43.07285616418369], [-70.89418920948953, 43.07293597711843], [-70.8940725635715, 43.07298950894655], [-70.89402528011004, 43.07298646875762], [-70.89393192848796, 43.07298046646186], [-70.89392090894759, 43.07295375329351], [-70.89393260157084, 43.07288112453877], [-70.89393268150651, 43.072874762409015], [-70.89393341572594, 43.0728163253355], [-70.89392731942914, 43.07276377937377], [-70.89394566976625, 43.07271869086653], [-70.89397365334071, 43.07265941004621], [-70.89398204841304, 43.07262874753044], [-70.89399044348538, 43.07257559913343], [-70.89399044348538, 43.072561289941746], [-70.89397645169814, 43.072524494862066], [-70.89395406483858, 43.07248565558736], [-70.89395406483858, 43.072457037158635], [-70.89397365334071, 43.07240593278841], [-70.89397645169814, 43.072389579380946], [-70.89396805662581, 43.072371181792334], [-70.89390929111944, 43.07238140267556], [-70.89390684493337, 43.07238255891747], [-70.89389365560737, 43.072357724600224], [-70.8938745659001, 43.072338702011415], [-70.89385213633277, 43.07232910370053], [-70.89384235409983, 43.072338484473114], [-70.89384826233896, 43.072381035138896], [-70.89386157437258, 43.07240695334522], [-70.89385892068542, 43.07246316968019], [-70.89385332397052, 43.07253267154836], [-70.89384958783124, 43.07257360972627], [-70.89382809105149, 43.07270445305318], [-70.89383113291869, 43.07271913860751], [-70.89382254203862, 43.07277797162949], [-70.89380057607777, 43.0729103497112], [-70.8937673480837, 43.072992231279734], [-70.89374693257325, 43.07307270411079], [-70.89367695249659, 43.073151261538165], [-70.89353590882588, 43.07322301641393], [-70.89329124504256, 43.07330513507736], [-70.8930683975552, 43.073366852872574], [-70.89291447722712, 43.073433778120865], [-70.89289985049881, 43.073440970578744], [-70.89242046011391, 43.073580234457836], [-70.89236851142476, 43.07360377591429], [-70.89225341028106, 43.073678639930854], [-70.89214943811507, 43.07374878751597], [-70.89209429017326, 43.073779116453714], [-70.89204597136172, 43.07377878938249], [-70.89203709859474, 43.073768061808714], [-70.89202633793171, 43.073764437667215], [-70.89198174168827, 43.07371039529455], [-70.8919659418615, 43.07370016797052], [-70.89196018739628, 43.07368374031802], [-70.89194443812545, 43.073655293192196], [-70.89189919191251, 43.07366679540361], [-70.89189260066712, 43.07367855931994], [-70.89189874566834, 43.07370221801022], [-70.89191152147045, 43.0737157500168], [-70.8919082234018, 43.07372728419107], [-70.89191858460373, 43.07376054698604], [-70.89198074627723, 43.07378941866426], [-70.89199554759114, 43.07381163082853], [-70.89200190676131, 43.073821173957754], [-70.89197747554515, 43.07387791024218], [-70.89190369822249, 43.07391534520911], [-70.89174628790384, 43.07399220805865], [-70.8914019628479, 43.07424975149809], [-70.89117809425221, 43.0743928393223], [-70.89107929244226, 43.07442469448834], [-70.89096877279664, 43.07448219442541], [-70.89086187986082, 43.07458498530353], [-70.89067399466208, 43.07467266867789], [-70.89059611319675, 43.074679399128925], [-70.89049217148627, 43.07471504800034], [-70.89045036715416, 43.07473180370859], [-70.89041849200703, 43.074744579656645], [-70.89034072012441, 43.0747566968815], [-70.89013159813122, 43.074755277974596], [-70.89000048762823, 43.07472277614904], [-70.88991029933445, 43.074693713160705], [-70.88987690008203, 43.07467720808578], [-70.88984163496397, 43.07466590868033], [-70.88968508012027, 43.0746297195495], [-70.88966325008998, 43.07462248946283], [-70.88956012676105, 43.07459333836772], [-70.8895486610222, 43.07459347060902], [-70.88949564543103, 43.074578141526416], [-70.88931934891194, 43.074510686083464], [-70.88922700311622, 43.074451406996516], [-70.8891822293971, 43.07440643661647], [-70.88910667374604, 43.074373730864785], [-70.88900313452055, 43.07433284865067], [-70.88891918379716, 43.07429605463461], [-70.88882963635889, 43.07423881945463], [-70.8888170981412, 43.07422835227719], [-70.88838079614557, 43.0740253886379], [-70.88818359509116, 43.07395433819671], [-70.88812635947995, 43.07391025628462], [-70.88802559405369, 43.07386531382642], [-70.88796764586183, 43.073844371684075], [-70.88795322156396, 43.073839446169195], [-70.88792041698672, 43.07382824426707], [-70.88789273099277, 43.073801185617654], [-70.88789288963679, 43.07378865738521], [-70.88789289109928, 43.073788541890835], [-70.88789099541111, 43.07376798116294], [-70.88785670177744, 43.07375194175018], [-70.8878136446152, 43.07374690689536], [-70.88776639583935, 43.07373235988125], [-70.88771685110244, 43.073728861433324], [-70.8877015478675, 43.073731340911735], [-70.88735466928917, 43.073652671427205], [-70.88718435890917, 43.07360705763256], [-70.88682684411047, 43.07354400294458], [-70.88665875232651, 43.073540836673494], [-70.88641408149263, 43.07349067358793], [-70.88633826942514, 43.07347944844201], [-70.88622836609083, 43.073453178381975], [-70.88609454297445, 43.07346491043671], [-70.88596730773405, 43.073467203667356], [-70.88584218820415, 43.073472672397145], [-70.88582060891036, 43.07347840420158], [-70.88560872693861, 43.07347840413348], [-70.88533168955146, 43.07349475725043], [-70.88532941537355, 43.07349523813612], [-70.88530723635989, 43.073492729959945], [-70.885197207681, 43.07349830102552], [-70.88516691555357, 43.07351008993634], [-70.88507427067535, 43.0735118397249], [-70.88473453520072, 43.07356811698002], [-70.88433210718803, 43.07364490847923], [-70.88428652151678, 43.07368348998497], [-70.8841894936309, 43.073713528766184], [-70.88407790414409, 43.0737141066766], [-70.88384439561243, 43.07377419699357], [-70.88378990127163, 43.07379109831271], [-70.88376740773919, 43.07380342151404], [-70.88366972908177, 43.07384222688943], [-70.88362358095188, 43.073882062408806], [-70.88353579520572, 43.07394522778965], [-70.88333141273165, 43.07397549832364], [-70.88317695431809, 43.07404054002489], [-70.88301754979705, 43.074098760295826], [-70.88295221610888, 43.074139885680474], [-70.88286358483913, 43.074173629304525], [-70.88281062761321, 43.0742197409963], [-70.88269979319843, 43.07426545616535], [-70.88264982364339, 43.07429340260224], [-70.88244149644248, 43.074419274620034], [-70.8820937670276, 43.07466946946585], [-70.88206110702282, 43.074693380779436], [-70.88202962776523, 43.07473553727126], [-70.88197645897377, 43.0747805074098], [-70.8819378184537, 43.074783643574904], [-70.88193517569388, 43.07478557840429], [-70.8818588718759, 43.07485287322918], [-70.88184213781636, 43.074894976704506], [-70.88178057395255, 43.0749440349082], [-70.88168822815682, 43.075019666228606], [-70.88168346343978, 43.0750215556105], [-70.88165122378577, 43.07507568508476], [-70.88163894269165, 43.07508141797826], [-70.8815673338005, 43.075117280538954], [-70.88148915621326, 43.075161000991024], [-70.88142782217065, 43.07523644900178], [-70.8813702347042, 43.07535617953067], [-70.88136142408314, 43.07537179898801], [-70.88135427502792, 43.075379698991995], [-70.8812276875439, 43.07552206949156], [-70.88114398809566, 43.07557022101814], [-70.88105565437091, 43.07567589144262], [-70.88100682551301, 43.07577046681338], [-70.88090962673644, 43.07587978276506], [-70.88072748331366, 43.07611292463261], [-70.88059005666399, 43.076297878343205], [-70.8804613109362, 43.07645056149749], [-70.88037406191214, 43.07659140588568], [-70.88023621969018, 43.07680868632376], [-70.88012684273336, 43.07695544031694], [-70.88007978026626, 43.07703389965861], [-70.88006519797844, 43.077045962528004], [-70.88004217983597, 43.07708241075284], [-70.88001249225417, 43.0771365259242], [-70.87998676202156, 43.07718713285769], [-70.87997779121802, 43.07720477686094], [-70.87996428618364, 43.07725309900204], [-70.87995389681451, 43.07730970853435], [-70.87992088186321, 43.07737206677701], [-70.8798546007602, 43.07739050471029], [-70.87979990176567, 43.07741135305656], [-70.87973979445717, 43.07747612154689], [-70.87970384692456, 43.07755110878442], [-70.87965523716046, 43.07761231500845], [-70.87962619785465, 43.07767423469013], [-70.87962045988994, 43.0776864695723], [-70.87960444646063, 43.07771186050627], [-70.8795826424421, 43.07774643297519], [-70.87957394654984, 43.077759688760246], [-70.87945928782652, 43.07786275479243], [-70.8794319697605, 43.07790957372327], [-70.8793984717258, 43.07795089842747], [-70.8793589947746, 43.07797752253268], [-70.87933600482708, 43.07799580151871], [-70.87929894474955, 43.078025267435535], [-70.87929715195595, 43.078026692858046], [-70.87927423882122, 43.07805487567202], [-70.87926734229617, 43.078090253811155], [-70.87925498083123, 43.078135805497304], [-70.87925268265022, 43.07813945724142], [-70.8791768733759, 43.07821728033206], [-70.87911166340882, 43.07828142083801], [-70.87909974751933, 43.07828807654303], [-70.87909625733647, 43.078296574221305], [-70.879091352447, 43.07830851633419], [-70.87907456230234, 43.078335088052484], [-70.87907176394488, 43.07834326396348], [-70.87906896558744, 43.07834939589603], [-70.87905217544275, 43.07836983566671], [-70.87899786785704, 43.07837644689551], [-70.87898230708605, 43.078388299690076], [-70.87896843857632, 43.078414008809624], [-70.87897382143427, 43.078445462758985], [-70.87897382143427, 43.07846385852407], [-70.87898221650661, 43.078490430175], [-70.87891771937447, 43.078528974650915], [-70.87890300437478, 43.0785648666955], [-70.8788606548337, 43.07858960965497], [-70.87885069370667, 43.0786478158712], [-70.87880591998751, 43.07870300296766], [-70.87875834791093, 43.07872753055012], [-70.87875396357131, 43.0787291317465], [-70.87873169120942, 43.078764172733955], [-70.87873596105136, 43.078803157200895], [-70.8787135741918, 43.078825640781766], [-70.87866734531428, 43.078842523921466], [-70.87861233584191, 43.0789028278246], [-70.87854786417574, 43.078929804473006], [-70.87851479992682, 43.07900792150179], [-70.87848379127762, 43.07902253473199], [-70.87843294231284, 43.079140543755415], [-70.87834115083157, 43.07921433894769], [-70.87825455184758, 43.07929992155361], [-70.87816800285029, 43.0793815871994], [-70.87798996267706, 43.07951354632885], [-70.87780350078765, 43.07965103543411], [-70.87772295565593, 43.079733152977525], [-70.8775746427113, 43.07983739338261], [-70.87753402885103, 43.07986450060684], [-70.87751511992784, 43.07989285295725], [-70.8774779190294, 43.07993527260474], [-70.8774645971712, 43.079965212129736], [-70.87744918008411, 43.079990395402156], [-70.8774190639184, 43.080042252926866], [-70.87739657590222, 43.080056911725045], [-70.87734257889704, 43.08006394833803], [-70.87728426338613, 43.08007144907256], [-70.87720652287835, 43.08008039636548], [-70.877177204175, 43.080081170640305], [-70.8771185104476, 43.080113323010636], [-70.87708087136679, 43.08012530652474], [-70.87702256109803, 43.080166276327574], [-70.87694126472658, 43.080203590662585], [-70.87690514330856, 43.080209506545806], [-70.87688536475491, 43.080229248208354], [-70.87686582631726, 43.08024875018676], [-70.87680714512636, 43.08028469895372], [-70.87675721003143, 43.08031122446465], [-70.87673754130994, 43.08033163649041], [-70.87670479392077, 43.08036302242578], [-70.8766633612283, 43.08039909019037], [-70.87659617726997, 43.08042549654669], [-70.87652049075811, 43.080442360553626], [-70.87645133341059, 43.080454527798786], [-70.87639739054629, 43.080457316476306], [-70.87630981871659, 43.08044884163729], [-70.87616986727343, 43.08049553459071], [-70.87603396677179, 43.08055169546811], [-70.87571235775717, 43.08065471664666], [-70.87557518461348, 43.08068462025199], [-70.8755346401332, 43.08068970533572], [-70.87538352883112, 43.080710144325714], [-70.87530237646519, 43.08073671500252], [-70.87527636787964, 43.08074910400428], [-70.8750721826347, 43.08078615336535], [-70.87505661305661, 43.080797013204624], [-70.87501836444967, 43.08080287789011], [-70.8749881844864, 43.080832190408366], [-70.87495399268325, 43.080860294309254], [-70.8748942104034, 43.080874050906075], [-70.87483499780402, 43.080906114626885], [-70.87477286767604, 43.08091454107746], [-70.87475481978183, 43.08091681761519], [-70.87463201611827, 43.08091138794664], [-70.8746067875914, 43.08090926459085], [-70.87439926333118, 43.08095117731151], [-70.87395388220828, 43.08109303055189], [-70.87339033452851, 43.081281069767684], [-70.8728371165694, 43.08149659850864], [-70.87219229454026, 43.08177024713678], [-70.87201545553884, 43.081871947596035], [-70.87197586589315, 43.081880847193545], [-70.8718783278305, 43.08194453256557], [-70.87175647559076, 43.08199833735887], [-70.87158771771877, 43.08206415570857], [-70.87135669246642, 43.08219604063203], [-70.87120837952178, 43.08227575069463], [-70.87118296987903, 43.08227959039736], [-70.87116857118552, 43.08229289776163], [-70.87113328757967, 43.08229667809111], [-70.87108426645958, 43.08232271351154], [-70.87103589919694, 43.08233676679013], [-70.87096772078142, 43.08239020598782], [-70.8707102718964, 43.08245356507602], [-70.87053677373474, 43.08242903898513], [-70.87048920165816, 43.08239838135771], [-70.87043416064675, 43.08237158107777], [-70.87041364600712, 43.08236159218458], [-70.87037726736034, 43.08236159218457], [-70.87034574730468, 43.08236159218601], [-70.87033529199864, 43.082361592184576], [-70.87030451006673, 43.082357504497296], [-70.87026813141995, 43.08233706605688], [-70.87025598382654, 43.082308970522604], [-70.87018185093196, 43.082265511789345], [-70.87010650222388, 43.08219138928825], [-70.8700834398285, 43.08214085668176], [-70.8700582546115, 43.08207749727018], [-70.87007224639872, 43.08198552381416], [-70.8701198184753, 43.08190581337393], [-70.87019537412634, 43.08179340103837], [-70.87026533306249, 43.081654418229306], [-70.87031010678163, 43.08157061961852], [-70.87037167064544, 43.081452075046535], [-70.87040581192653, 43.08139111981452], [-70.87043211239546, 43.08136748513357], [-70.8705159276964, 43.08122265315194], [-70.8705863148305, 43.081115662077934], [-70.8705912547762, 43.08108832355583], [-70.87059274088365, 43.08108622052468], [-70.87061792610068, 43.08105556222531], [-70.87071586861128, 43.08091862163419], [-70.87083339962402, 43.08072445161466], [-70.8709117536325, 43.08059772979637], [-70.87096492242398, 43.080509841929775], [-70.87097827596368, 43.080486677730754], [-70.87100072392184, 43.080418338658966], [-70.87104932349962, 43.08032858238487], [-70.87107924773832, 43.08030546595785], [-70.87111043701117, 43.08024413365934], [-70.87111043701127, 43.08022267190396], [-70.87114384765047, 43.0801960686977], [-70.87125844172601, 43.08001275518066], [-70.8712823840047, 43.07992230438333], [-70.87132311217707, 43.07989871118511], [-70.87133990232174, 43.07985170087535], [-70.87137628096853, 43.0797903830258], [-70.87138226722819, 43.07974957410634], [-70.87139276273697, 43.079734259213865], [-70.87143005577514, 43.07967277828131], [-70.87146303004936, 43.07964321993652], [-70.87148455170906, 43.07959213145117], [-70.8715699730944, 43.079489058452175], [-70.87161973806633, 43.07939385945057], [-70.87169249535994, 43.07928348645246], [-70.87173726907905, 43.07918742090339], [-70.8717708493684, 43.07913427819451], [-70.87180163130031, 43.07911383867882], [-70.87183800994711, 43.07909748706137], [-70.87185276711816, 43.07909431682611], [-70.87193759288311, 43.07898785526724], [-70.87198632289174, 43.07886243207817], [-70.87207027361512, 43.0787438822663], [-70.87213463583639, 43.07866621157556], [-70.87216261941084, 43.07860898047724], [-70.87219899805764, 43.07856810108858], [-70.87222772425685, 43.07854902643188], [-70.87225374354482, 43.07850947234191], [-70.87229334881138, 43.078430942882555], [-70.87233274517422, 43.078368576964415], [-70.87241322388742, 43.078326702445516], [-70.8724555589584, 43.07825021250027], [-70.8724865819938, 43.078195870914726], [-70.87252563879035, 43.07815977070677], [-70.87253676804576, 43.07815176543883], [-70.87255655734697, 43.07811351087971], [-70.87254592386682, 43.07808312769859], [-70.87257954640043, 43.07804092788129], [-70.87264634780685, 43.07799087577818], [-70.87268285687323, 43.07793859282923], [-70.87274185901144, 43.077852115286234], [-70.87279534857619, 43.077765599467774], [-70.87286514044597, 43.07769738234628], [-70.87288765951038, 43.07766116728874], [-70.87289843982235, 43.07766293906719], [-70.87292377263613, 43.07760742760397], [-70.87295735292548, 43.07755019551675], [-70.87299932828716, 43.07748274334531], [-70.8730186035575, 43.07745087978889], [-70.87301718272639, 43.07744989994553], [-70.87300652305072, 43.07742153724806], [-70.87303200672542, 43.077369177712654], [-70.87307657504, 43.07733311553548], [-70.87310177180441, 43.07730298088182], [-70.87315799048282, 43.077218504436814], [-70.8732111660583, 43.077156233750785], [-70.87323620626726, 43.07713822173833], [-70.87328899067968, 43.07710625769668], [-70.87329455516226, 43.07710225502384], [-70.87331778491884, 43.077084562703114], [-70.8733295344658, 43.07706167659674], [-70.87334072789558, 43.07700239997749], [-70.87334186597332, 43.076999739839046], [-70.87335471968281, 43.07696969561128], [-70.87336311475515, 43.076941079276544], [-70.87338829997215, 43.07691246292842], [-70.8734218802615, 43.07686136227354], [-70.87343587204873, 43.07681026157605], [-70.87344706547852, 43.07675302874427], [-70.87346036089416, 43.07672583655715], [-70.87353445877238, 43.07666746277798], [-70.87359067626555, 43.07658298610171], [-70.87361901945991, 43.076522563739395], [-70.8736388336068, 43.076482288526854], [-70.87367900004382, 43.07640695467306], [-70.87371786420219, 43.0763877011208], [-70.87374182414835, 43.07636889993606], [-70.87374789530402, 43.076346342707566], [-70.87375798548467, 43.076339914969644], [-70.87376050908732, 43.07630396962027], [-70.87375148723218, 43.07628835624295], [-70.87375618630489, 43.07625835738437], [-70.87377152242709, 43.07623949643705], [-70.87377306428256, 43.07623859567645], [-70.87378566672949, 43.076205226078585], [-70.87382204537627, 43.07613572837541], [-70.87383171553996, 43.07612709516341], [-70.87383413935515, 43.07608557842874], [-70.87385109289728, 43.076053365863096], [-70.87388715697207, 43.076035430080125], [-70.87392302108198, 43.076005949994695], [-70.87393677803156, 43.07592723479302], [-70.87397614425112, 43.075892426072066], [-70.87398879957367, 43.075848215931856], [-70.87401165584107, 43.075785734828635], [-70.87403435581001, 43.07573537639797], [-70.87404168632763, 43.075724360680326], [-70.87405430904428, 43.07568194731731], [-70.87407949426131, 43.07563493377233], [-70.8741301944017, 43.0755961361791], [-70.8741326685048, 43.07559259283578], [-70.87419996065987, 43.07550415128961], [-70.87422234027098, 43.07547473787792], [-70.87423248299291, 43.07541546746187], [-70.8742746592197, 43.07538470012918], [-70.87430767877585, 43.07532234353106], [-70.87433699013664, 43.07529774856224], [-70.87435037743086, 43.07525887308677], [-70.8743667882651, 43.075235369640716], [-70.87439290866841, 43.075208390856396], [-70.8744030441708, 43.075171854567394], [-70.87438210874309, 43.07512505909336]]]}, "properties": {"id": 75, "Hectares": 700.23031102188, "Acres": 283.37359058776, "Year": "2019", "LABEL": "Great Bay", "Type": 1, "Name": "Eelgrass"}}, {"type": "Feature", "geometry": {"type": "Polygon", "coordinates": [[[-70.89969679528924, 43.068186853322814], [-70.89956112691105, 43.06818458109611], [-70.89952524104453, 43.06822327544132], [-70.89951313179706, 43.068272364949266], [-70.89950192913416, 43.06830833347722], [-70.89950719590291, 43.06837550292925], [-70.89948836010421, 43.06840808945975], [-70.89947600871524, 43.06842945773451], [-70.89942660814188, 43.06843876219707], [-70.89935367236288, 43.06845249940682], [-70.89921814816093, 43.068445625121015], [-70.8990939191134, 43.06843749952625], [-70.89908264880309, 43.06843676234909], [-70.89895471463984, 43.06847368549209], [-70.89879923862432, 43.06854422805328], [-70.89864861522092, 43.0686605382904], [-70.89856618816168, 43.06874549021823], [-70.89845999860785, 43.068778581772456], [-70.89829984239543, 43.06878943746796], [-70.89810201643304, 43.06877617804129], [-70.89787901232063, 43.068824392379305], [-70.89763719794492, 43.06885856042844], [-70.89747967879396, 43.06887539817344], [-70.89735470344749, 43.06889245449042], [-70.89720838031823, 43.068881528240645], [-70.89708716168826, 43.0688150928591], [-70.89706588870133, 43.068781145428794], [-70.89709611855918, 43.068749532855854], [-70.89713973417791, 43.068731929734646], [-70.89719979577643, 43.0687005177378], [-70.89721661485443, 43.06865688400329], [-70.89723094577363, 43.06859533710662], [-70.89725570176098, 43.06856766466909], [-70.89724781454161, 43.06854772671645], [-70.89722086889041, 43.06853362609378], [-70.89725142186572, 43.06847616525239], [-70.89727401296389, 43.0684047314256], [-70.89725657115092, 43.06828132763603], [-70.89726542827526, 43.06822372091171], [-70.89730014857018, 43.06810224490689], [-70.89729963802809, 43.068090721932656], [-70.89728724710591, 43.067997179484784], [-70.89730938475235, 43.067947888414096], [-70.89731736831517, 43.067799642309524], [-70.89729681309916, 43.06768028692566], [-70.89731660886741, 43.067640007409295], [-70.89738598308902, 43.06760208182005], [-70.89754058375519, 43.067580894080265], [-70.8976095283512, 43.06757731618367], [-70.89767028142595, 43.0675676213078], [-70.89779719802686, 43.06755635033299], [-70.89785251528585, 43.0675405569464], [-70.89797389503028, 43.06753126920693], [-70.89805671933556, 43.06751970175295], [-70.89816164017552, 43.06750424137378], [-70.89834109264736, 43.06747917818498], [-70.89845969121346, 43.0674718918871], [-70.89846611524092, 43.06747909892551], [-70.89848880307974, 43.0674762049319], [-70.8986511078116, 43.0674721162516], [-70.89881621090092, 43.06748847097114], [-70.89895892713066, 43.0674762049319], [-70.89911003843275, 43.067427140750326], [-70.89936189060289, 43.06737194349908], [-70.89956337233899, 43.06735150006011], [-70.8995998402572, 43.06735081695137], [-70.89972302183816, 43.06732551167978], [-70.90006218569562, 43.067313864818985], [-70.90024075146168, 43.06734886528128], [-70.90037299177112, 43.06740145169619], [-70.90051595620342, 43.067464052220984], [-70.90057595820171, 43.06753940126381], [-70.90057369952812, 43.06758138405532], [-70.90057344812197, 43.06760157084693], [-70.90058054938699, 43.06761676311335], [-70.90053139846992, 43.06774851004912], [-70.90048452771745, 43.06780983950923], [-70.9004503253806, 43.06783138009913], [-70.90043058177072, 43.06786018041879], [-70.90034693954274, 43.067943258292736], [-70.90024935066847, 43.06804066303586], [-70.90013860561022, 43.068088950420844], [-70.9001211859395, 43.06809519101975], [-70.90005352679438, 43.068119429878344], [-70.89989450946986, 43.06814591979206], [-70.8997151235042, 43.068176533543806], [-70.89969679528924, 43.068186853322814]]]}, "properties": {"id": 76, "Hectares": 18.98620099587, "Acres": 7.68345480499, "Year": "2019", "LABEL": "Great Bay", "Type": 1, "Name": "Eelgrass"}}, {"type": "Feature", "geometry": {"type": "Polygon", "coordinates": [[[-70.86836329070879, 43.089748493748175], [-70.86835779615258, 43.089743475124315], [-70.86831618526428, 43.089721929507974], [-70.86825195856655, 43.089704949480414], [-70.8682246476599, 43.08969885466422], [-70.86817953868311, 43.089698539899395], [-70.86811031123881, 43.0896729842692], [-70.86807672074279, 43.08963781464702], [-70.86803706666562, 43.08958936674431], [-70.86798239100214, 43.08955479915401], [-70.86791029784854, 43.08950692358594], [-70.86791307363629, 43.089498297282034], [-70.86790531002282, 43.08947580692753], [-70.86789191665059, 43.08946245565432], [-70.86788145147595, 43.089452023369475], [-70.8678608763817, 43.08942353932533], [-70.86785481589229, 43.08939397575277], [-70.86787790731998, 43.089352807178244], [-70.86792330756582, 43.08933068793321], [-70.86793358365088, 43.08932587769878], [-70.86796059128534, 43.08931323541964], [-70.867977054408, 43.08928619076635], [-70.8679758269448, 43.08925666093309], [-70.86794863900857, 43.089241120103985], [-70.86794804323341, 43.0892410129635], [-70.86794791248343, 43.08924029327091], [-70.86790490066647, 43.08921884080626], [-70.86784107017213, 43.089133786300295], [-70.8677841793865, 43.08906993243838], [-70.86759055850291, 43.08897868352562], [-70.86755461601307, 43.08896156505109], [-70.86751308943163, 43.088959483544734], [-70.86746511796856, 43.088898546084835], [-70.86746352325444, 43.08885813333145], [-70.86748720653033, 43.08883032839121], [-70.86750481061567, 43.08881226523721], [-70.86752830979367, 43.08877201455697], [-70.86760072862916, 43.08875136805728], [-70.86775868917293, 43.08881063964265], [-70.86800226099349, 43.08894454138493], [-70.86802278004869, 43.08897361417909], [-70.8680217009657, 43.0889770196738], [-70.86802353830558, 43.08899878721317], [-70.8680424363763, 43.089012904283685], [-70.8680512022259, 43.08901388460335], [-70.868086895265, 43.089017876289994], [-70.86812065336262, 43.08903054314456], [-70.86832267754798, 43.08914694201811], [-70.8685073592956, 43.08929274382361], [-70.86857646673188, 43.08938919917184], [-70.86862380486522, 43.08941951496257], [-70.86878623825773, 43.08952615863505], [-70.86881566913374, 43.08955128878014], [-70.86888672330102, 43.08961322741947], [-70.86889114187683, 43.08961707913135], [-70.8689456366259, 43.08966563019939], [-70.86898111196854, 43.08970938693288], [-70.8690035850696, 43.08977480773211], [-70.86898791833272, 43.08983840875137], [-70.86892385443811, 43.08987370202884], [-70.86877785655106, 43.08985092938843], [-70.86869975935822, 43.089823968365074], [-70.86859618187384, 43.08979993739676], [-70.86843972553446, 43.08976621402614], [-70.86836329070879, 43.089748493748175]]]}, "properties": {"id": 77, "Hectares": 3.38489049918, "Acres": 1.36981870022, "Year": "2019", "LABEL": "Great Bay", "Type": 1, "Name": "Eelgrass"}}, {"type": "Feature", "geometry": {"type": "Polygon", "coordinates": [[[-70.86757122370629, 43.087163945038085], [-70.86761344482788, 43.08714003797251], [-70.86776342191898, 43.087059993492375], [-70.86787097079346, 43.08697029591094], [-70.86797860039262, 43.086874360969176], [-70.86811613567812, 43.08676927789581], [-70.8682409057368, 43.0866641055862], [-70.86842552760592, 43.0865375182978], [-70.86857578559386, 43.08643564232623], [-70.86864557523646, 43.08640127742942], [-70.86867037035354, 43.08637797483912], [-70.868791660867, 43.08628876821343], [-70.86893161982852, 43.08623371140469], [-70.8690186389668, 43.08621176019237], [-70.86908603091973, 43.08617583545628], [-70.86909913847632, 43.08615883487068], [-70.8692008764624, 43.086103511324936], [-70.86929485277278, 43.086062404363396], [-70.86930537024699, 43.086046205726184], [-70.86932739213536, 43.086032351023135], [-70.86936569035733, 43.086026614383805], [-70.86939293871282, 43.08603080656707], [-70.86940660976711, 43.08603593632735], [-70.86942636294107, 43.08603204934888], [-70.86952238764417, 43.08595880934958], [-70.86980855551955, 43.085876591917376], [-70.87018480201905, 43.085738860392546], [-70.87058151337096, 43.08566364822717], [-70.87108483711295, 43.085570462501], [-70.87151124953229, 43.085501691426494], [-70.8718822674955, 43.08543877184712], [-70.87255140509367, 43.08535608796002], [-70.87319890453792, 43.08530132032109], [-70.87388032084037, 43.08525614073809], [-70.87431046037662, 43.08522793089608], [-70.87456972347364, 43.08525155823036], [-70.87464594875972, 43.08528015605322], [-70.87472947853473, 43.085402371727355], [-70.8747405873059, 43.085425868254994], [-70.87476615849756, 43.08543774824182], [-70.8748338173816, 43.085438216450974], [-70.87483403261123, 43.08543770808842], [-70.87477323209778, 43.08530910717747], [-70.8747780091701, 43.08526859438465], [-70.87481204780191, 43.08526882993824], [-70.874892568222, 43.08529433840755], [-70.87510543023964, 43.08528645433735], [-70.87520361254923, 43.08526218217481], [-70.87538291749449, 43.085216638541056], [-70.87555772655894, 43.08518977701411], [-70.87577957925164, 43.08514452690429], [-70.8759630981455, 43.085102130396386], [-70.87597586260148, 43.08510221859771], [-70.87600978082222, 43.08511180969838], [-70.876018089915, 43.085127461669465], [-70.87606489294039, 43.08512778504502], [-70.87606521379487, 43.085102835967106], [-70.87612506198487, 43.08508141706436], [-70.87630416526665, 43.08505146515047], [-70.87648748310617, 43.08502466097102], [-70.87679852529644, 43.084992500383855], [-70.8768861080989, 43.08498367664245], [-70.87717569592304, 43.084984418975694], [-70.87734756377534, 43.08498094015698], [-70.87739025845106, 43.08499405800829], [-70.87749522119715, 43.085003339887884], [-70.87774838319787, 43.08504719237307], [-70.87798112492675, 43.085140883984096], [-70.87812407976705, 43.085191834328135], [-70.87817855807317, 43.08524193483515], [-70.87826029562517, 43.08531553177532], [-70.87833189237678, 43.08535331887551], [-70.87843273779087, 43.08543455008474], [-70.8784331499442, 43.08544776896133], [-70.87840867331853, 43.0854828223024], [-70.8783425592476, 43.085513445039076], [-70.87827648496412, 43.08554096019254], [-70.87820187139612, 43.08557307819712], [-70.87816226082982, 43.085591358812955], [-70.87806635562144, 43.08568979659106], [-70.87784428439824, 43.08578121379608], [-70.87751173652612, 43.08595436591019], [-70.87741523254793, 43.08601335164344], [-70.87729944555129, 43.0860827309773], [-70.87722154817624, 43.08618395170281], [-70.87710409325996, 43.086383148640394], [-70.87701156390612, 43.086505321656205], [-70.87688642699608, 43.0865570915416], [-70.8768283523971, 43.086605815302086], [-70.87682772126855, 43.086654935547045], [-70.87676842925735, 43.08679839117346], [-70.87676287584412, 43.08685800413782], [-70.8766404958576, 43.08706769327511], [-70.87652859102477, 43.08720727661105], [-70.87649980590648, 43.08724664726203], [-70.87639721324959, 43.08728034160009], [-70.87636305915325, 43.08727901679104], [-70.87632918041633, 43.08727567498431], [-70.87626118321043, 43.08728763659214], [-70.87622107448922, 43.08731166849853], [-70.87618726982008, 43.0873172040475], [-70.87607658187054, 43.087362055051486], [-70.87595568787526, 43.087455960017664], [-70.87587760598208, 43.087571214123074], [-70.87576149831088, 43.087665151956976], [-70.87546930818374, 43.08767716762949], [-70.8752016856157, 43.08764022789267], [-70.87498170779364, 43.08762116167119], [-70.87471842078703, 43.087619339793875], [-70.87462692460582, 43.08766081331461], [-70.87465514957334, 43.08769960656825], [-70.87476516115149, 43.08770738575296], [-70.87488971466253, 43.087701229856854], [-70.87499024256387, 43.087701925404794], [-70.87507627379243, 43.087713047278804], [-70.87520064658804, 43.08772092539143], [-70.87536290928786, 43.08776064548763], [-70.87546736630452, 43.08782803687413], [-70.87553366255027, 43.087884637638574], [-70.87552300466403, 43.08796877753355], [-70.87551688278847, 43.08798000073889], [-70.87548868234803, 43.08803170041401], [-70.8753923538223, 43.08807665003122], [-70.87528198012666, 43.088096940137945], [-70.87524740267234, 43.08811515965607], [-70.8752257367171, 43.08822277434725], [-70.8752173034249, 43.088367245223985], [-70.87512367454354, 43.088491856239486], [-70.87499749248566, 43.08859215376235], [-70.8748247374685, 43.08861803810097], [-70.87477001397336, 43.08864024342462], [-70.87462432324071, 43.08869355422648], [-70.8744783583469, 43.08876811825959], [-70.8743132740088, 43.08882601780333], [-70.8741696542492, 43.088845663198164], [-70.87412560469227, 43.08888612238627], [-70.87406383797807, 43.088928205197426], [-70.87404089249407, 43.08893334162101], [-70.87400243661544, 43.08894195008619], [-70.87398893940657, 43.08898909062039], [-70.87403043001363, 43.089020080151066], [-70.87407435099371, 43.08911249074169], [-70.87411821120641, 43.08920962429628], [-70.87407489339847, 43.08932032423266], [-70.87398325294703, 43.08939635786501], [-70.87391522464297, 43.0894325655618], [-70.87379776652492, 43.08946416052219], [-70.87378209935564, 43.089477035898035], [-70.87371567802563, 43.089530962428384], [-70.87360767554908, 43.089608635761444], [-70.87354733826508, 43.08970253248051], [-70.87353062243947, 43.08988487931483], [-70.87350514701767, 43.090004005262614], [-70.87350775889541, 43.09004417060755], [-70.87351198704381, 43.0901091907943], [-70.87351313682731, 43.09012687206786], [-70.87346891980918, 43.09021428801473], [-70.87337490253694, 43.09025309782412], [-70.87333825388454, 43.090281480665816], [-70.87329061455625, 43.090304283230616], [-70.87315051619471, 43.09040156091917], [-70.8731342439148, 43.09048497347996], [-70.87314484036169, 43.09055569245639], [-70.87310375737094, 43.090617563870246], [-70.8730380163281, 43.09061866184204], [-70.87294469480722, 43.090621122377065], [-70.87288801731388, 43.090616705286564], [-70.87281337325406, 43.09061088795011], [-70.87274341222296, 43.09061040256807], [-70.87263462823577, 43.090660926713895], [-70.87261434913962, 43.0906810473363], [-70.87253375892153, 43.090706065247566], [-70.87238745682102, 43.090714503745495], [-70.87237742157389, 43.09071197449906], [-70.87227616196196, 43.0906724238729], [-70.87220402058618, 43.09067658474816], [-70.87215909819477, 43.09070735100553], [-70.8721433139538, 43.09078027508125], [-70.87207787588122, 43.09082533051146], [-70.87202458418341, 43.09083586852401], [-70.87188557148409, 43.0908489386572], [-70.871694397773, 43.0908230483817], [-70.87159423129367, 43.09081485353159], [-70.87133467434151, 43.09074432676761], [-70.87097454107239, 43.09063583505718], [-70.87044538976166, 43.09044881788653], [-70.87033969340932, 43.09042185153161], [-70.87016663821032, 43.090333929589356], [-70.87010422322678, 43.09031322715401], [-70.8700783758679, 43.09028196637057], [-70.8699687696473, 43.090242605423455], [-70.86990827293819, 43.09021492791656], [-70.86988572608854, 43.09019948884686], [-70.86979439440626, 43.090145858832386], [-70.86969354729479, 43.09006566546111], [-70.86961892893552, 43.08999047233773], [-70.86944321442876, 43.08985435438946], [-70.86927476083547, 43.08966529274274], [-70.86908336638814, 43.08947125330485], [-70.86895992330881, 43.089359587127625], [-70.86887560401314, 43.08927228178693], [-70.86865454134814, 43.08908526122956], [-70.86841000665864, 43.08893420879438], [-70.86816847787662, 43.08880485618601], [-70.86802807429412, 43.08873402057314], [-70.86778958297351, 43.08862395891896], [-70.86764276420851, 43.08854103394595], [-70.86758091960793, 43.088494834509866], [-70.86756780576732, 43.088492334111706], [-70.86752527190595, 43.08847758415456], [-70.86747616549235, 43.088462788277745], [-70.8674206118031, 43.08843831206894], [-70.86738633218923, 43.088424039066425], [-70.86727163322665, 43.08833135399239], [-70.86725561678918, 43.088303225805944], [-70.86723130589812, 43.08828304432526], [-70.8671959964533, 43.08826878948863], [-70.86719282567083, 43.08826824139216], [-70.86718318784828, 43.088246356730274], [-70.86714406583843, 43.088221995189585], [-70.86714766539512, 43.08819793214194], [-70.86716422206578, 43.08818841254407], [-70.86715461387561, 43.088169074853425], [-70.86711499065308, 43.08818325091774], [-70.86703950041473, 43.0881754969564], [-70.86698407249919, 43.08814138613448], [-70.8669581583768, 43.08811229919277], [-70.86693967721315, 43.08809242613739], [-70.866995521407, 43.08804284005654], [-70.86702336998647, 43.088013749302526], [-70.86706563020199, 43.088005726112264], [-70.86709859977162, 43.087989947179594], [-70.86711807493374, 43.08796206696423], [-70.86710195454963, 43.08794194268449], [-70.8670721836337, 43.08792172301708], [-70.8670624397875, 43.08790110821207], [-70.86709390963658, 43.08784001146354], [-70.86715199305863, 43.08779129272521], [-70.86718664316176, 43.08770381234966], [-70.86720027666192, 43.08766672875151], [-70.86726254513457, 43.087610297518026], [-70.86736721387024, 43.08749058189296], [-70.86744303818807, 43.08735885619972], [-70.86751505693056, 43.08727197621469], [-70.8675548867919, 43.087182509694394], [-70.86757122370629, 43.087163945038085]], [[-70.87075484383288, 43.087653519197346], [-70.87081138424628, 43.087655393102345], [-70.87105575007655, 43.08763954791936], [-70.87136717964007, 43.08762065943977], [-70.87156358412639, 43.087611497620124], [-70.8716871637143, 43.08762085604099], [-70.87175385466526, 43.08765647487042], [-70.87178722015955, 43.087756358241435], [-70.87187354609227, 43.08788396480212], [-70.87192601669939, 43.08791480647972], [-70.87194637463364, 43.0879444575147], [-70.87195135790911, 43.08798262580078], [-70.87199348892878, 43.088056605274744], [-70.87206506816342, 43.08807464684431], [-70.87211754451198, 43.08808904682839], [-70.87217462656234, 43.08811751436219], [-70.87223179935644, 43.08813896469957], [-70.87232740481532, 43.0881501551098], [-70.87237147194598, 43.08813972790374], [-70.87241361749845, 43.088147244649214], [-70.87254902699853, 43.08815480559181], [-70.87255230668698, 43.0881587339094], [-70.87257560750542, 43.08820802019546], [-70.87257036716464, 43.08824307281815], [-70.87247421753449, 43.08827398562044], [-70.87241189476437, 43.08828057084908], [-70.8723827642216, 43.088311948737996], [-70.87236758687757, 43.08837500356467], [-70.87239581073219, 43.08841379736207], [-70.87246287540162, 43.088410753953056], [-70.8725446639734, 43.08837974149784], [-70.87263602664456, 43.08834879541996], [-70.8726841694704, 43.088328076084835], [-70.8727561117548, 43.08831804855022], [-70.8728470664358, 43.08831867956229], [-70.87293346055878, 43.08830173437355], [-70.8730348500891, 43.08823576853842], [-70.87308816351857, 43.08812830712381], [-70.87310837754929, 43.08810294031285], [-70.8731766194238, 43.088008673274246], [-70.87318249346814, 43.087924500429104], [-70.87312125818357, 43.087846880007135], [-70.87309174783097, 43.08780257880483], [-70.87310120662195, 43.08778110993987], [-70.87311768003184, 43.0877440990787], [-70.8731076478139, 43.08769518068522], [-70.8730174430584, 43.08766133788416], [-70.87291126948726, 43.087625430289506], [-70.87279689711511, 43.087605097338724], [-70.87273329907899, 43.08757534680506], [-70.87267472964405, 43.08756907856273], [-70.8726294886603, 43.08756290277926], [-70.87250747282262, 43.08751516115952], [-70.87249415415614, 43.087506781496906], [-70.87242769801135, 43.08742801805842], [-70.87217498367406, 43.08734906792639], [-70.87210659500788, 43.08734248925166], [-70.87205209628125, 43.0873080356615], [-70.8720194904699, 43.08729580224945], [-70.87197597727236, 43.08728249249622], [-70.87187219530009, 43.08728477344516], [-70.87182848809339, 43.08728647102142], [-70.87178470326035, 43.08729417153499], [-70.87174908279277, 43.087303929913006], [-70.87170246434366, 43.08731961536794], [-70.87170161506745, 43.08732017056311], [-70.87161038856043, 43.087324093088185], [-70.87137035718915, 43.08737505857664], [-70.87115913833989, 43.08741920607025], [-70.87099913571261, 43.08744842558236], [-70.87093811806267, 43.08748082951149], [-70.87083266732826, 43.08749062286378], [-70.8708140511327, 43.08749049338943], [-70.8707894932798, 43.08749734038506], [-70.87073150385461, 43.08753904383118], [-70.87069163851116, 43.087573845367864], [-70.87065877827128, 43.087584518212545], [-70.87060929967377, 43.087610189145835], [-70.87057079325655, 43.087631934064596], [-70.87056775218282, 43.08765592687837], [-70.87059760187583, 43.0876701426935], [-70.87064666593322, 43.08767648750978], [-70.87075484383288, 43.087653519197346]], [[-70.87231660996636, 43.08708568087762], [-70.87244234923368, 43.08703512300909], [-70.87250539598276, 43.08697240039185], [-70.87251199606283, 43.08683209021057], [-70.87245177028775, 43.08676165797462], [-70.87243807468859, 43.08672629469284], [-70.87241158095746, 43.08660692727674], [-70.87238439706255, 43.08654098216041], [-70.87236068029782, 43.08642368889299], [-70.87226743793231, 43.08626276031413], [-70.87211468891346, 43.08615073580413], [-70.87203213985089, 43.086116825343275], [-70.87202349407093, 43.08610586550298], [-70.87195693083541, 43.08607031423917], [-70.87177570868924, 43.08601642200527], [-70.87162279989651, 43.08599430630822], [-70.87144067053391, 43.086010585243706], [-70.87134940155256, 43.086034513233336], [-70.8711954032496, 43.08609660299554], [-70.87119358586422, 43.086098560599545], [-70.87108592228691, 43.08613947803354], [-70.87103613660938, 43.08619583167069], [-70.87103580033106, 43.086221813780824], [-70.87104603154357, 43.086245042950694], [-70.87107765661878, 43.08631684510158], [-70.87112527435399, 43.08634823427159], [-70.87112475469247, 43.08638838951782], [-70.87110753581857, 43.08641909313229], [-70.87109125883867, 43.086593645478594], [-70.8711565714479, 43.086746161286584], [-70.87135673796742, 43.08687701063206], [-70.87157145367934, 43.08696686295512], [-70.87160680275817, 43.08698199560222], [-70.8716111364815, 43.086985328026074], [-70.87169277320326, 43.08701336987979], [-70.87175244663703, 43.08704380190245], [-70.87178729072, 43.08709407306435], [-70.87178916525599, 43.08711445879728], [-70.87179207813733, 43.08714613659628], [-70.8717832669142, 43.08719410333601], [-70.8717798640899, 43.087246109973414], [-70.87179603758487, 43.087262231637936], [-70.87186824247104, 43.08727373958539], [-70.8719651992177, 43.08727141123937], [-70.87198443913857, 43.087261539035865], [-70.87204530280432, 43.087199925606754], [-70.8720837567046, 43.087182182153555], [-70.87215798608639, 43.08714267428228], [-70.87228673930962, 43.087109548380795], [-70.87231660996636, 43.08708568087762]]]}, "properties": {"id": 78, "Hectares": 190.17156844011, "Acres": 76.95982211615, "Year": "2019", "LABEL": "Great Bay", "Type": 1, "Name": "Eelgrass"}}, {"type": "Feature", "geometry": {"type": "Polygon", "coordinates": [[[-70.86409639479315, 43.082869048752016], [-70.86405678207797, 43.08291514079471], [-70.86399301222329, 43.08296016337921], [-70.86396403189093, 43.08298016892855], [-70.86394694162036, 43.082984626637796], [-70.86394012055375, 43.0829899016157], [-70.86384332017761, 43.08302638283561], [-70.86380972380721, 43.08300843453969], [-70.86380847295231, 43.082955893751546], [-70.8638253094214, 43.0828828355523], [-70.86382739437458, 43.08287775373753], [-70.86380187348526, 43.08281820263809], [-70.86378858437753, 43.08278021782706], [-70.86379823542227, 43.082744920075335], [-70.86383525628621, 43.08272497097926], [-70.86391813539566, 43.08271207986488], [-70.86393651283231, 43.08268865960721], [-70.86393676954086, 43.08268737189956], [-70.86393761616897, 43.08262252873083], [-70.86391746509948, 43.082587453992765], [-70.86392153767427, 43.082539486570894], [-70.8639370857634, 43.082492441685176], [-70.86394785234765, 43.08245967784937], [-70.86396646160539, 43.08244212565661], [-70.86398854977986, 43.082422071759105], [-70.86400366909683, 43.08240786321949], [-70.8640058038416, 43.082405663303675], [-70.86403045077, 43.082380263921245], [-70.86405601782224, 43.0823577083071], [-70.86406548179372, 43.08233672381256], [-70.86407850161318, 43.0823073439074], [-70.86408689385748, 43.08228045764911], [-70.86408774867247, 43.082272484477556], [-70.86412436544042, 43.08222135707536], [-70.86417983403658, 43.08214358045446], [-70.8642214082606, 43.082087326652676], [-70.86422227857702, 43.0820823721816], [-70.86422058693314, 43.08207088650682], [-70.86421268928548, 43.08205988466859], [-70.8642186962382, 43.082039717952384], [-70.86423155108784, 43.082022967396725], [-70.86422035037282, 43.08200099594089], [-70.86420687436006, 43.08197732445791], [-70.86420482982643, 43.08195794331446], [-70.86422233417176, 43.081937015189766], [-70.86424434515952, 43.08192285494488], [-70.86426004635824, 43.0819108116326], [-70.86427915600554, 43.08189615392389], [-70.86430593732966, 43.08186855455594], [-70.86431243563189, 43.08185438630647], [-70.86438690798313, 43.08177417640705], [-70.86447410110769, 43.08169675100846], [-70.86451523574837, 43.08165244697678], [-70.86461208203039, 43.0816122494662], [-70.86468319493028, 43.08160159978534], [-70.8647489479212, 43.081613208694804], [-70.8648192854549, 43.081662010018846], [-70.86485748437222, 43.08172813160298], [-70.86485799180728, 43.0818140514868], [-70.86484534722574, 43.08191374880409], [-70.86484182875208, 43.08193726652563], [-70.86473656070501, 43.08217424279737], [-70.86449438364326, 43.082473543964014], [-70.86421155359675, 43.0827799915863], [-70.86409639479315, 43.082869048752016]]]}, "properties": {"id": 79, "Hectares": 3.57033649981, "Acres": 1.44486614994, "Year": "2019", "LABEL": "Great Bay", "Type": 1, "Name": "Eelgrass"}}, {"type": "Feature", "geometry": {"type": "Polygon", "coordinates": [[[-70.86253551422594, 43.08084792999025], [-70.86255407717596, 43.08084991852836], [-70.86260396536721, 43.08085193218578], [-70.86267230706454, 43.08083079209438], [-70.86272246357203, 43.080810514571255], [-70.86279726036798, 43.080830295958606], [-70.86287187806712, 43.080830820121896], [-70.86291485514776, 43.08084746388677], [-70.86303740483807, 43.08084499840622], [-70.86314919812372, 43.080797553594444], [-70.86314953984815, 43.08079725247774], [-70.86322373953702, 43.08078126670628], [-70.8633054196315, 43.08076087236649], [-70.86331292711624, 43.0807513046562], [-70.86334653810525, 43.08073197872282], [-70.86336223174469, 43.08072230794713], [-70.86338679885982, 43.08071432961762], [-70.86344478525749, 43.080701695394815], [-70.86350942141925, 43.0806907379736], [-70.86353778104734, 43.08068963841896], [-70.8635881395582, 43.08070008650928], [-70.8635958686905, 43.080712536744116], [-70.8636088915121, 43.08073708050435], [-70.8636171042851, 43.08075446034664], [-70.86361971193733, 43.08075997864928], [-70.86364592793849, 43.0807960260957], [-70.86365498505725, 43.08080505696156], [-70.86366568575588, 43.08081572663888], [-70.86366835293516, 43.08082157754561], [-70.86365153572406, 43.08086666309887], [-70.8636185952722, 43.08095254992203], [-70.86362485957363, 43.08103512362068], [-70.86363611236655, 43.08111055582669], [-70.86362818446838, 43.08115535330819], [-70.8636275986998, 43.08120020231406], [-70.86361899663348, 43.08122941006184], [-70.86361836981648, 43.08122996078627], [-70.86358177003335, 43.08131517268587], [-70.8635676050494, 43.08136145953343], [-70.86351304266952, 43.08142875924858], [-70.86349219030171, 43.08146187486395], [-70.86345120241046, 43.081473228857156], [-70.86340118332646, 43.08148119324224], [-70.86337611946313, 43.08148933279201], [-70.86334169850333, 43.08151902693077], [-70.86334115531318, 43.08156060058469], [-70.86329521715871, 43.081603518644414], [-70.86318087132884, 43.08167256595034], [-70.862993862697, 43.08174609212915], [-70.86293041534692, 43.081767844576746], [-70.86279388511527, 43.08177660711457], [-70.86270700539897, 43.08177144440774], [-70.86261038770922, 43.08178086997274], [-70.86254724968154, 43.08180345829011], [-70.86240119688281, 43.0817835056054], [-70.86227007103976, 43.081747658847874], [-70.8621389671118, 43.08171014899548], [-70.86209208653923, 43.08169704551267], [-70.8618748828915, 43.08160517986796], [-70.86168043122716, 43.08155391915533], [-70.86160159430361, 43.08151012396546], [-70.86156169482652, 43.08143833000589], [-70.86151483704737, 43.08137812876268], [-70.8615031695857, 43.08136469072464], [-70.8615021579573, 43.08131249608325], [-70.86146367349096, 43.08124083148476], [-70.86139794877705, 43.08111295701131], [-70.86136921134585, 43.08109301672381], [-70.86134811443515, 43.081079585088105], [-70.86134460857895, 43.08106886952988], [-70.86133345318098, 43.08104352996747], [-70.86129596768818, 43.081011268812], [-70.86127319374808, 43.08099595189206], [-70.86126876276842, 43.080993433870155], [-70.86124468773642, 43.08097975258709], [-70.861225315569, 43.080967827741595], [-70.8612060316476, 43.08094916723285], [-70.8611959146499, 43.08093225531721], [-70.86118754346792, 43.08090960542058], [-70.86118297322386, 43.08090513627878], [-70.86116355766704, 43.080828497063564], [-70.86116416767338, 43.08078193459007], [-70.86114473247218, 43.08072253050447], [-70.86112654085935, 43.080703575448275], [-70.8611232273778, 43.08069344770062], [-70.86108835934773, 43.08063678588115], [-70.86108227294227, 43.08057527446458], [-70.86110126852071, 43.080528254220226], [-70.861108635101, 43.08051805571885], [-70.86110877820113, 43.080507133360626], [-70.86112974044767, 43.08046570345403], [-70.86114343930404, 43.08045914749118], [-70.86116649584268, 43.08043103711164], [-70.86116213289365, 43.08041770160822], [-70.86114199856341, 43.08039593958923], [-70.86114686258668, 43.08037102734474], [-70.86118776301339, 43.08036632595478], [-70.8612539231611, 43.080338518956864], [-70.86126794871731, 43.080307018793675], [-70.86128210495298, 43.08026554095438], [-70.86130511779132, 43.080240756436254], [-70.86133015962952, 43.08023428028218], [-70.86136555641716, 43.08023911641397], [-70.86135339373558, 43.080263155116164], [-70.86136209630328, 43.08027788778161], [-70.8613798003276, 43.08028453300394], [-70.8613975683993, 43.08028628820068], [-70.86140979077355, 43.080284697209], [-70.86142022553295, 43.080300369389725], [-70.86145083998163, 43.08030449450679], [-70.86145743692265, 43.080299750754726], [-70.86148206814596, 43.08028688281126], [-70.86150430492182, 43.08028703927735], [-70.86153755336528, 43.08029542400679], [-70.86155955536539, 43.08031351054666], [-70.86156372525755, 43.08033473193706], [-70.86156751863815, 43.08034377041666], [-70.86158672393216, 43.0803609974518], [-70.86161137198502, 43.08039580933962], [-70.86161628256298, 43.080397047702874], [-70.86164940303392, 43.080415212446354], [-70.86167352208938, 43.08044146464657], [-70.86169323647717, 43.080464425540896], [-70.86171517456454, 43.08048740207424], [-70.86174602875023, 43.08050881116311], [-70.86178787336405, 43.080540078495304], [-70.86182518529745, 43.08057783456282], [-70.86182476597796, 43.08060986822639], [-70.86186689165308, 43.08064538676884], [-70.86201384472088, 43.080650136244074], [-70.8620748675073, 43.08063570119648], [-70.86218107391417, 43.08065502808083], [-70.86233212390572, 43.08073412661295], [-70.86244837143175, 43.080760955894334], [-70.86245672991512, 43.080762393161265], [-70.86248893930797, 43.08079956781321], [-70.86249727977834, 43.08082411563419], [-70.86253551422594, 43.08084792999025]]]}, "properties": {"id": 80, "Hectares": 12.67934475662, "Acres": 5.1311566972, "Year": "2019", "LABEL": "Great Bay", "Type": 1, "Name": "Eelgrass"}}, {"type": "Feature", "geometry": {"type": "Polygon", "coordinates": [[[-70.86239040482849, 43.07955017221876], [-70.86240516322248, 43.0795547707626], [-70.86242108939152, 43.07956667119173], [-70.86242077002483, 43.07959108797243], [-70.86240210614017, 43.07961284971564], [-70.86236414736503, 43.079616793096186], [-70.86235606312987, 43.079620104415284], [-70.86229418206125, 43.079608722988496], [-70.86222885522538, 43.0795973173048], [-70.86215438370628, 43.07958247915039], [-70.86210189285639, 43.079580570266415], [-70.86204482940151, 43.07959802414034], [-70.86202481964118, 43.07960314615496], [-70.86196033382957, 43.07958345252861], [-70.86191522327654, 43.07956317809948], [-70.86186555381755, 43.07954453468859], [-70.86185200760673, 43.07953945011828], [-70.86175681412257, 43.079532128165255], [-70.8617228071255, 43.07953022585404], [-70.86168882190147, 43.079526660586694], [-70.86167076031266, 43.07951988113153], [-70.86167115219493, 43.0794899481023], [-70.8617122479282, 43.07947028000432], [-70.86177602945004, 43.07945077146286], [-70.86185794216541, 43.07943272088625], [-70.86187859446136, 43.07941490466345], [-70.86192656111014, 43.07939029551315], [-70.86203316257969, 43.07939270824447], [-70.8621280512614, 43.079423311214256], [-70.86219567354242, 43.07945704861842], [-70.86226578203258, 43.07947417246712], [-70.86233370899228, 43.07948462854188], [-70.86236518637321, 43.07950647008249], [-70.86236601594217, 43.079538513067845], [-70.86237471895353, 43.07954002744538], [-70.86239015658512, 43.07954991689857], [-70.86239040482849, 43.07955017221876]]]}, "properties": {"id": 81, "Hectares": 0.53802521014, "Acres": 0.21773141383, "Year": "2019", "LABEL": "Great Bay", "Type": 1, "Name": "Eelgrass"}}, {"type": "Feature", "geometry": {"type": "Polygon", "coordinates": [[[-70.86080639800396, 43.07945328306957], [-70.86080943954977, 43.0794572732954], [-70.86080682225538, 43.07948386445088], [-70.86079076782005, 43.07949705618239], [-70.8607134398371, 43.079511479467264], [-70.86058873316918, 43.07950561177157], [-70.86049358350975, 43.07949496287802], [-70.86040545768472, 43.07946773240254], [-70.86035360741668, 43.079442420573024], [-70.86034032304197, 43.07941738047825], [-70.86032252332852, 43.07939064546501], [-70.8603021850264, 43.07936951351564], [-70.86028969411858, 43.07929894366876], [-70.86030858418809, 43.07924253140843], [-70.86031800740197, 43.07921598822239], [-70.8602939690561, 43.07914596866107], [-70.86027154506772, 43.07912585344934], [-70.86028088104482, 43.07910596204826], [-70.86029902958832, 43.079106089938584], [-70.86035125026478, 43.07910313171593], [-70.86034954867002, 43.079059879143884], [-70.86030904159334, 43.07903464722022], [-70.86027743433905, 43.07902278279389], [-70.86026938728682, 43.07901676947743], [-70.86026902845549, 43.079012858716816], [-70.86026819856632, 43.07900381408138], [-70.86027324614795, 43.07899614369051], [-70.86029614986705, 43.07897967409759], [-70.86035288575611, 43.07897841079109], [-70.86043036577827, 43.078952347123746], [-70.86048483307802, 43.07895106776813], [-70.86050974365932, 43.0789545694631], [-70.86053949658857, 43.078934821874604], [-70.86056283004268, 43.078941165761286], [-70.86060665354853, 43.07897124185563], [-70.86061740216523, 43.07898916110033], [-70.86064077531869, 43.07899706998202], [-70.86068808820393, 43.07902234972463], [-70.86071945577619, 43.07905250644213], [-70.86076190466976, 43.07910269838609], [-70.86076816549016, 43.07914431996196], [-70.86081078884011, 43.079181208321415], [-70.86083761940866, 43.079211333054744], [-70.86084846102423, 43.079249660685186], [-70.86085925906694, 43.07929131420606], [-70.86080612288333, 43.07936411638154], [-70.86076493975399, 43.07939043593562], [-70.86074663855145, 43.07940194873857], [-70.86075981411001, 43.079435303516135], [-70.86078347699056, 43.07944645900534], [-70.86078590603061, 43.079447011875786], [-70.86080639800396, 43.07945328306957]]]}, "properties": {"id": 82, "Hectares": 1.36621620293, "Acres": 0.55288893504, "Year": "2019", "LABEL": "Great Bay", "Type": 1, "Name": "Eelgrass"}}, {"type": "Feature", "geometry": {"type": "Polygon", "coordinates": [[[-70.8616868198655, 43.08519016809179], [-70.86167113880752, 43.08517019263715], [-70.86162300363019, 43.08516143365614], [-70.86161171508935, 43.08514619761557], [-70.86162123546438, 43.08512100355871], [-70.86163996747784, 43.08509419023755], [-70.86164228352004, 43.08509072656035], [-70.86163579164982, 43.08506216354706], [-70.86160857570668, 43.085035026968725], [-70.86156532212449, 43.085004409408945], [-70.86156570260492, 43.08497535668434], [-70.86155422626848, 43.08495406698105], [-70.86155421595261, 43.084953969155656], [-70.86158607269316, 43.08486296548519], [-70.8615785621257, 43.084766439370895], [-70.86162562161499, 43.084700115341384], [-70.86162671043338, 43.084616968114034], [-70.8616046542436, 43.084568583105465], [-70.8616031041115, 43.08451368997274], [-70.86161521013148, 43.08445556672069], [-70.86162467716818, 43.08442569756375], [-70.86163942210035, 43.08433932021044], [-70.86162637570857, 43.08429598788233], [-70.86160226863905, 43.08423095746356], [-70.86155975024332, 43.08418575467589], [-70.8615580041555, 43.08414582804135], [-70.8615720522318, 43.084112664922806], [-70.86155082382193, 43.084001088002715], [-70.86155143360257, 43.0839545255507], [-70.86155878428633, 43.08391299982038], [-70.8615565590957, 43.08390965796832], [-70.86155228293747, 43.083889670706185], [-70.8615517750079, 43.08387987395757], [-70.86156626562409, 43.083861496420674], [-70.8615824952639, 43.08383500104007], [-70.86158502532923, 43.08381506166483], [-70.86157817210697, 43.083798428032374], [-70.86158559152643, 43.08377182510049], [-70.86161294707259, 43.083762038972225], [-70.86166504100521, 43.08376905785268], [-70.8616927419122, 43.083767079302085], [-70.86176841674425, 43.083721601413], [-70.86181638891755, 43.083647053218854], [-70.86184014300093, 43.083565728488196], [-70.86188156795423, 43.08352111619031], [-70.86195237750536, 43.083485026015566], [-70.86202763737361, 43.08345561948273], [-70.86205566730969, 43.08345005316686], [-70.8621004325786, 43.08344116345387], [-70.86214144379105, 43.08342814701588], [-70.86216430516252, 43.083415002961225], [-70.86219116525871, 43.08339656742934], [-70.86220671515275, 43.08338589469087], [-70.86221031075098, 43.08336709655082], [-70.86225214871153, 43.083290888155375], [-70.86226021260747, 43.08327651268126], [-70.86233943780891, 43.08325563592742], [-70.86245640730628, 43.083195628169776], [-70.86260973282447, 43.083105460818736], [-70.86280968282686, 43.08304603574271], [-70.86292024471696, 43.08305289536392], [-70.86302514205, 43.083069853409576], [-70.86312187382646, 43.08307661570596], [-70.86322666527546, 43.083101683474105], [-70.86336164482016, 43.083145212037124], [-70.86340361101895, 43.08315688071761], [-70.86348305714058, 43.0832030748535], [-70.86356851656906, 43.083343274262], [-70.86353043519571, 43.083433181134076], [-70.8634338588721, 43.08349543479803], [-70.86336475395689, 43.0835747784081], [-70.86320398658356, 43.083723328526006], [-70.86302960595941, 43.08387178280845], [-70.86286914138743, 43.08399705120161], [-70.862777217179, 43.084086212742214], [-70.8626258700602, 43.08420821864426], [-70.86247343467912, 43.08441337158753], [-70.86231266294732, 43.084561920396446], [-70.86227104176183, 43.08462149934262], [-70.86214652591586, 43.084773628967156], [-70.86203125870944, 43.084912518704456], [-70.86190700290261, 43.08504469271626], [-70.86190336877222, 43.08504618110828], [-70.86183935618097, 43.08513264231492], [-70.86177176148767, 43.085206265912504], [-70.8617323749085, 43.085231249896054], [-70.86169327494196, 43.08523434298451], [-70.86168222891892, 43.08520058389746], [-70.8616868198655, 43.08519016809179]]]}, "properties": {"id": 83, "Hectares": 11.44586582629, "Acres": 4.6319847135, "Year": "2019", "LABEL": "Great Bay", "Type": 1, "Name": "Eelgrass"}}, {"type": "Feature", "geometry": {"type": "Polygon", "coordinates": [[[-70.86199787244294, 43.079858530323094], [-70.86198538672805, 43.07987261255429], [-70.8619469539435, 43.079916740643505], [-70.86189866938992, 43.079942300118816], [-70.86185785831427, 43.0799753118622], [-70.8618044783383, 43.08000453532335], [-70.86176386685389, 43.080043864847674], [-70.8617017896762, 43.080059386508765], [-70.86160701300683, 43.08005661368696], [-70.86150492584031, 43.08005589542066], [-70.86148319974471, 43.080062394944385], [-70.86145362850351, 43.080062186864], [-70.86143904922328, 43.08006208427293], [-70.8613369402712, 43.0800630288025], [-70.86122793837137, 43.080070577120075], [-70.86117573869376, 43.080071872790334], [-70.86113213127541, 43.08008351092524], [-70.8611254705549, 43.08008382999301], [-70.8610840986893, 43.080085222815626], [-70.86105582284105, 43.080095338637584], [-70.86105178328849, 43.08009678380628], [-70.86101960026005, 43.08009824129663], [-70.86100375145475, 43.0800804469715], [-70.8609996314212, 43.080044210447376], [-70.86102535303777, 43.08000986809597], [-70.86104032239572, 43.080004426476215], [-70.86104055936741, 43.079999407905255], [-70.8610999133821, 43.07997155307676], [-70.86117968473731, 43.07994384193884], [-70.8612370750036, 43.079892689828405], [-70.86126944527528, 43.0798463508901], [-70.86127342295386, 43.079844534505675], [-70.86131965931716, 43.07982342091363], [-70.86135178990882, 43.07979537435504], [-70.86135916196764, 43.07975218565875], [-70.86138474807937, 43.079704135843464], [-70.86139524077687, 43.07968323539136], [-70.86142388034969, 43.07966117064414], [-70.8614627947955, 43.07963483489015], [-70.8614946203574, 43.07963006953262], [-70.86151930880901, 43.07962834000358], [-70.86155409976159, 43.07963298953069], [-70.86157758301921, 43.07963069875589], [-70.86158630458412, 43.07962984797227], [-70.8615906354225, 43.079631895891865], [-70.86160799564746, 43.079640105002625], [-70.86163779304238, 43.07964536684593], [-70.86164473675029, 43.07964338731295], [-70.86165508814553, 43.07964043630526], [-70.86168619948339, 43.07963307684944], [-70.86172295460027, 43.07963333540361], [-70.86174202475345, 43.07964075484501], [-70.86175768949526, 43.079638572671726], [-70.8617938127658, 43.07965213155221], [-70.86182760216157, 43.07967066330369], [-70.86186236436698, 43.079679154000026], [-70.86187160804423, 43.079696068899054], [-70.86188917530899, 43.07970359217559], [-70.86192685750585, 43.07971680670561], [-70.86197161512739, 43.079745478959495], [-70.86198219870205, 43.07974883349293], [-70.86202680678056, 43.07976346177247], [-70.8620609673021, 43.07978643692738], [-70.8620698035439, 43.07981344418833], [-70.86204766060983, 43.079837707516255], [-70.86199787244294, 43.079858530323094]]]}, "properties": {"id": 84, "Hectares": 1.59263005768, "Acres": 0.64451551271, "Year": "2019", "LABEL": "Great Bay", "Type": 1, "Name": "Eelgrass"}}, {"type": "Feature", "geometry": {"type": "Polygon", "coordinates": [[[-70.85699806865361, 43.07107868603185], [-70.85663265365375, 43.0711875023521], [-70.85622570532489, 43.07146619712804], [-70.85584354455187, 43.071685231146], [-70.85539044110061, 43.071822807805944], [-70.85492284119749, 43.07196731923739], [-70.85401760064227, 43.072168556576095], [-70.85343944288982, 43.07232283584575], [-70.85308811875674, 43.07238721289966], [-70.85255889397942, 43.07247144157498], [-70.8521450210364, 43.072545929822816], [-70.85189604473882, 43.072494881536386], [-70.85163439283288, 43.07231351348483], [-70.85158279956642, 43.07222163377297], [-70.85166613415944, 43.072091998374745], [-70.8518499994089, 43.07198419699547], [-70.85198977373408, 43.07194295575828], [-70.85204163254978, 43.07188341962352], [-70.85210238059598, 43.07188088464466], [-70.8521749281937, 43.07181895612553], [-70.8522032160139, 43.071713987085225], [-70.8522446902189, 43.071628831331815], [-70.85226349061674, 43.07156323364418], [-70.85234060721248, 43.07149476438394], [-70.85247490872612, 43.0715088663226], [-70.85260477128003, 43.07151964995081], [-70.85272131679002, 43.07152047898606], [-70.85288294839172, 43.07150190909299], [-70.8530213847839, 43.07154233239189], [-70.85315586043632, 43.071543288471325], [-70.85328667930715, 43.071481773483356], [-70.85335504692476, 43.07139680847622], [-70.8533829414424, 43.07132141551135], [-70.8535901793583, 43.071244010392356], [-70.85382439858844, 43.071160223404945], [-70.85416145395756, 43.071096885599154], [-70.85443579723795, 43.07102981511702], [-70.85467410654005, 43.070975634590674], [-70.85475108958858, 43.07091702247266], [-70.85501590273363, 43.07089260845353], [-70.85513236040504, 43.07090000755878], [-70.85525747958775, 43.07093047398742], [-70.85541423634056, 43.07094144512321], [-70.85553948576698, 43.07096205244176], [-70.85561586130207, 43.070949447485376], [-70.85568797097851, 43.07092037937081], [-70.8557737446482, 43.07087497516185], [-70.85586330752884, 43.070882182937986], [-70.85592209954099, 43.07084316058791], [-70.85600304395358, 43.07082401459232], [-70.85602993878933, 43.07082420511758], [-70.85611545223071, 43.07079851825878], [-70.85619661304158, 43.070762940782906], [-70.8563179860626, 43.07073750774245], [-70.85643466006881, 43.070728474178146], [-70.8565246989618, 43.07069953247955], [-70.85661969631629, 43.070634473482095], [-70.85671490984527, 43.0705529830583], [-70.85683270843512, 43.0704585060878], [-70.85690033452411, 43.070429405475295], [-70.85702640533913, 43.070387572046876], [-70.85705847453555, 43.07033521373275], [-70.85709502611121, 43.07028288712044], [-70.85716782632241, 43.070201237745074], [-70.85728558029786, 43.07011004656117], [-70.85747923235425, 43.070042398006166], [-70.85774886890846, 43.06999171915494], [-70.85801712248033, 43.07004620031723], [-70.85815029909914, 43.070145738613604], [-70.8581799050333, 43.070280697387744], [-70.85811994858824, 43.070408450215034], [-70.85781233330967, 43.070619903687955], [-70.85755467159943, 43.070782410910134], [-70.85721628059093, 43.070947633102975], [-70.85699806865361, 43.07107868603185]]]}, "properties": {"id": 85, "Hectares": 29.61700285783, "Acres": 11.98559432542, "Year": "2019", "LABEL": "Great Bay", "Type": 1, "Name": "Eelgrass"}}, {"type": "Feature", "geometry": {"type": "Polygon", "coordinates": [[[-70.84163821863784, 43.06725007256356], [-70.84160551307176, 43.06727358462959], [-70.8415285220906, 43.06728710831498], [-70.84134202510249, 43.067232967843765], [-70.84114103360707, 43.067185761912775], [-70.84099293825577, 43.06713189789661], [-70.84087336040324, 43.067099357707285], [-70.84071523997859, 43.06707709831971], [-70.8406244158157, 43.06704828510736], [-70.84055801767431, 43.06698797082639], [-70.8404670046444, 43.06697323494045], [-70.8403039427583, 43.0669614984187], [-70.84020399158446, 43.06689742192499], [-70.84020971044013, 43.066853583168914], [-70.84020040326918, 43.066848359448116], [-70.84020241796617, 43.066698402603535], [-70.84036129619719, 43.06658418733395], [-70.84037432432737, 43.06658047520074], [-70.84038589723482, 43.06657844248892], [-70.84044844006418, 43.066568334958205], [-70.84042971245103, 43.06653300270173], [-70.840378126888, 43.06651998015571], [-70.840314888861, 43.06650401595781], [-70.84024317145338, 43.066482379822155], [-70.84016242137791, 43.066418441954006], [-70.84010065640565, 43.06636454327699], [-70.84009296012982, 43.06635782717852], [-70.84007701327842, 43.066343911269705], [-70.83993871019663, 43.066276037800094], [-70.83990567740744, 43.06623356269909], [-70.84003674335476, 43.06622384279249], [-70.84013057309338, 43.06619028818115], [-70.84030363330788, 43.06619153803844], [-70.84064712063557, 43.06639013441876], [-70.8409920036329, 43.06648491347757], [-70.84149437095095, 43.06656929095259], [-70.84154279351863, 43.06657556754848], [-70.84171696674838, 43.066579188802464], [-70.84194621714035, 43.06653154258596], [-70.84229995423587, 43.066560384032336], [-70.84258672358644, 43.066569022683346], [-70.84287322897792, 43.066597378176155], [-70.84312444936184, 43.06658275352357], [-70.8432855868045, 43.06660034595053], [-70.84336055185696, 43.06669290947043], [-70.84342136696893, 43.06683795637177], [-70.84342470567236, 43.066923431383486], [-70.84344184275466, 43.066982713046535], [-70.84339600940172, 43.06705797457671], [-70.84321593020783, 43.06711583726402], [-70.8430580615686, 43.06708569055047], [-70.84293422467059, 43.06714494140409], [-70.84279185519532, 43.06720159779286], [-70.8426621286871, 43.06720779265237], [-70.84245998427512, 43.06727622245371], [-70.84209517399515, 43.06727359432252], [-70.84187450936201, 43.067261444956], [-70.84176885922773, 43.067264203124175], [-70.84168683625721, 43.06724013293221], [-70.84163821863784, 43.06725007256356]]]}, "properties": {"id": 86, "Hectares": 11.66080057456, "Acres": 4.71896585442, "Year": "2019", "LABEL": "Great Bay", "Type": 3, "Name": "Widgeon Grass"}}, {"type": "Feature", "geometry": {"type": "Polygon", "coordinates": [[[-70.8933693758661, 43.06227940528954], [-70.89341580618255, 43.062271226729756], [-70.89342359792809, 43.06226561784367], [-70.89342777838876, 43.06224016918196], [-70.89341637536785, 43.06222593829294], [-70.89337019411889, 43.0622143031623], [-70.89335893342269, 43.062188750158455], [-70.89336304275155, 43.06216896255356], [-70.89340571941652, 43.062152266328916], [-70.89347145108752, 43.06214421816729], [-70.89355255276914, 43.062141935342495], [-70.89360277211814, 43.06213944384024], [-70.89364137502746, 43.06213970461387], [-70.89370699997448, 43.06214014789916], [-70.89377641409939, 43.06214627827424], [-70.89377223378969, 43.06217172695027], [-70.89376419318171, 43.06219714955347], [-70.8937100779358, 43.062202445579395], [-70.89366768581648, 43.062196497697855], [-70.89364448848579, 43.06219917176787], [-70.89358998200221, 43.06223560353884], [-70.8935241435406, 43.062252143349916], [-70.89348543384911, 43.062260374118225], [-70.89346191633892, 43.0622885228969], [-70.8934693523657, 43.062311219280794], [-70.89350009249716, 43.062322750046704], [-70.8935272568897, 43.062311610505105], [-70.89358898615038, 43.062314858306145], [-70.8936545757202, 43.06231813215033], [-70.89372020085773, 43.06231857542952], [-70.89377438732049, 43.06230761834468], [-70.89383654324979, 43.06227689968177], [-70.89389087186483, 43.06225462043086], [-70.89394102019445, 43.062257789836075], [-70.89393694659499, 43.062274746935195], [-70.89390206169087, 43.062285834439095], [-70.89386303204458, 43.06231954008357], [-70.89383933690932, 43.06236184157837], [-70.89385828289588, 43.06239027720277], [-70.89384627532154, 43.062424165323755], [-70.89380377636648, 43.06242670907404], [-70.8936994768998, 43.06243166615432], [-70.893630169155, 43.06241704414836], [-70.8935839521549, 43.06240823963031], [-70.89352997898494, 43.06240221346005], [-70.89349498722467, 43.06242179242032], [-70.89342160578964, 43.06242412737009], [-70.89334082393216, 43.062400935354525], [-70.8933181957712, 43.06235832092277], [-70.8933693758661, 43.06227940528954]]]}, "properties": {"id": 87, "Hectares": 0.53987051764, "Acres": 0.21847818443, "Year": "2019", "LABEL": "Great Bay", "Type": 1, "Name": "Eelgrass"}}, {"type": "Feature", "geometry": {"type": "Polygon", "coordinates": [[[-70.88463058264087, 43.061273042050644], [-70.88452599086278, 43.06135217689047], [-70.88449393381158, 43.061354929962924], [-70.88448750048752, 43.06135401084029], [-70.88446607106872, 43.061338001980104], [-70.88446836748746, 43.0613120610453], [-70.88445489557793, 43.06128889639894], [-70.88440953871684, 43.06129868060378], [-70.8843974283109, 43.061323112415415], [-70.88432245098367, 43.06136965682026], [-70.8842816638576, 43.061373159558805], [-70.88404042579613, 43.06139416283054], [-70.8839324224631, 43.06138436300436], [-70.88388010945037, 43.06136814818036], [-70.88377236558699, 43.06133796241514], [-70.88375038127946, 43.06130244137942], [-70.8837428176859, 43.06130133127464], [-70.88370019782464, 43.06125056845048], [-70.88369337790095, 43.061168325788216], [-70.88369381827945, 43.06113371995874], [-70.88369414856282, 43.0611077655865], [-70.88371818634931, 43.06107332120842], [-70.88374183880262, 43.06106915692652], [-70.88377923805959, 43.06106652872156], [-70.88382463153752, 43.06105386094635], [-70.8838742697582, 43.06101670759174], [-70.88392763903602, 43.06099544212247], [-70.88399857115432, 43.06100569734589], [-70.88399934567084, 43.06100545468463], [-70.88407359638336, 43.06096183153275], [-70.88415056290671, 43.060940727331584], [-70.8842273093405, 43.060936925995776], [-70.88427448572554, 43.060938690583754], [-70.88432157044231, 43.06094766470146], [-70.8843448744676, 43.06097089658091], [-70.88435157877834, 43.060980962051694], [-70.88435452337163, 43.0609853828954], [-70.88439159256677, 43.061008708866694], [-70.88445639373009, 43.06101636200088], [-70.88451735132053, 43.06101677865243], [-70.88456102802077, 43.06102621533691], [-70.88459988192639, 43.06105997445733], [-70.88461659791636, 43.06109965294755], [-70.88464247882797, 43.06122961297538], [-70.88463058264087, 43.061273042050644]]]}, "properties": {"id": 88, "Hectares": 1.81367011983, "Acres": 0.73396739031, "Year": "2019", "LABEL": "Great Bay", "Type": 1, "Name": "Eelgrass"}}, {"type": "Feature", "geometry": {"type": "Polygon", "coordinates": [[[-70.8827257340322, 43.061409823007835], [-70.8827240065288, 43.06142139680464], [-70.88270818581897, 43.06145073712442], [-70.8826552958204, 43.06147982348173], [-70.8826427084878, 43.06149785952105], [-70.88264247757938, 43.0615159802163], [-70.8826639858837, 43.0615251887113], [-70.88268214532648, 43.06155476182143], [-70.88266941367287, 43.06158412329786], [-70.88265053264469, 43.06161117735791], [-70.88251683475282, 43.06167821983169], [-70.88236272544721, 43.061649980304566], [-70.88234733762424, 43.06164534427115], [-70.88221820129675, 43.06159688814535], [-70.8820730130526, 43.06159589279629], [-70.88192744924615, 43.06162434338727], [-70.88173901337038, 43.06162305103625], [-70.88165904324192, 43.06159531906781], [-70.88166288374508, 43.06153644801337], [-70.88174398076917, 43.06147584160863], [-70.88195461770921, 43.06143198049824], [-70.88215881622064, 43.061408462423394], [-70.88231032660858, 43.06139817457273], [-70.88241544268536, 43.06139209914999], [-70.88251815822312, 43.06135834319953], [-70.88255458110012, 43.06133213059662], [-70.8826077857284, 43.061323842932026], [-70.88266481301883, 43.06132423364216], [-70.88268853912804, 43.0613143019428], [-70.88271206313534, 43.061320231239456], [-70.8827156102369, 43.061350538275036], [-70.88271915734173, 43.06138084531037], [-70.88272216245869, 43.06139570041328], [-70.8827247076549, 43.06140828199843], [-70.8827257340322, 43.061409823007835]]]}, "properties": {"id": 89, "Hectares": 1.22634350885, "Acres": 0.49628437662, "Year": "2019", "LABEL": "Great Bay", "Type": 2, "Name": "Eelgrass and Widgeon Gras"}}, {"type": "Feature", "geometry": {"type": "Polygon", "coordinates": [[[-70.73025962939732, 43.05867989677731], [-70.73027266941371, 43.05869956654506], [-70.73027212233059, 43.0587355158037], [-70.7302863483864, 43.058748321766764], [-70.73029770670892, 43.05876004679955], [-70.73029860155482, 43.05879600785679], [-70.73026388294583, 43.058803126000285], [-70.73023536645923, 43.058781743391386], [-70.73022147832972, 43.05874673346871], [-70.73020159727504, 43.05872647898037], [-70.73018741951843, 43.0587105010136], [-70.73016920789507, 43.05869684529085], [-70.73016888384491, 43.05869660230643], [-70.73014440375532, 43.05868455295738], [-70.73014313861562, 43.0586826445933], [-70.73008443863145, 43.05865467014321], [-70.73002718061244, 43.05862670746547], [-70.73002594900159, 43.05862636050128], [-70.72997729843227, 43.05860242386376], [-70.72997149332278, 43.058590297913696], [-70.72993317340148, 43.058549800651434], [-70.7299064531871, 43.05850516848158], [-70.72990796379435, 43.05848219679412], [-70.72990832970959, 43.05847663234631], [-70.7299271388983, 43.05847255646675], [-70.72995741896263, 43.05847280433251], [-70.72996827183272, 43.05849084437224], [-70.72998228327236, 43.05849526059971], [-70.72998465000684, 43.05849681369842], [-70.72999146141275, 43.05851009418614], [-70.73000581611944, 43.058514441534804], [-70.73001865130367, 43.05851912601841], [-70.7300502738778, 43.05853066736521], [-70.73007593855286, 43.058549911754355], [-70.73008438247872, 43.05855730085696], [-70.73010310952817, 43.0585649386145], [-70.73013159368303, 43.058588435918026], [-70.73017944111257, 43.058622321240726], [-70.7301829714248, 43.05862375266134], [-70.73023898069569, 43.058639015488666], [-70.73025382947749, 43.05867003188113], [-70.7302584017923, 43.058671836073664], [-70.73026075893178, 43.058678285444856], [-70.73025962939732, 43.05867989677731]]]}, "properties": {"id": 90, "Hectares": 0.20498102874, "Acres": 0.08295300732, "Year": "2019", "LABEL": "Little Harbor/Back Channel", "Type": 1, "Name": "Eelgrass"}}, {"type": "Feature", "geometry": {"type": "Polygon", "coordinates": [[[-70.73235632269416, 43.05921386104664], [-70.73234253608638, 43.05923887193827], [-70.73232622089463, 43.059247217744186], [-70.73230184101516, 43.05925968891858], [-70.73225569934401, 43.059259312154914], [-70.73224475662194, 43.059256922614324], [-70.73223557659217, 43.05925491798844], [-70.73219815071948, 43.05925038252121], [-70.73216354447229, 43.05925009991889], [-70.73214301534553, 43.059258657897985], [-70.73206025800059, 43.05925901050215], [-70.73187871319193, 43.059231703091335], [-70.73171157931041, 43.05922172949545], [-70.73167366011965, 43.05920635536203], [-70.73166837974898, 43.05916757540744], [-70.73170118200868, 43.059133410699594], [-70.73175716567162, 43.0591188037802], [-70.73178693531418, 43.059091070406296], [-70.73183418092123, 43.05907208797161], [-70.73195455917211, 43.059068767218065], [-70.73211279125483, 43.05908512389506], [-70.73217392473809, 43.059117903820635], [-70.73223245060369, 43.059129141969656], [-70.73230271434693, 43.059140475930924], [-70.732317059915, 43.05916211351444], [-70.73231392939816, 43.05917500022396], [-70.73233851589377, 43.0591801334861], [-70.73235632269416, 43.05921386104664]]]}, "properties": {"id": 91, "Hectares": 0.52312160831, "Acres": 0.21170013084, "Year": "2019", "LABEL": "Little Harbor/Back Channel", "Type": 1, "Name": "Eelgrass"}}, {"type": "Feature", "geometry": {"type": "Polygon", "coordinates": [[[-70.73360924626054, 43.059085918880385], [-70.73380074205691, 43.05922189200528], [-70.73377177201188, 43.05922563111762], [-70.73373362391202, 43.05922532011586], [-70.73370414871317, 43.05923368799143], [-70.73364862219293, 43.059218170959696], [-70.73362834194671, 43.059200789244315], [-70.73358093291597, 43.05919565435378], [-70.73357770759618, 43.05919078975766], [-70.73356934465659, 43.05917168723562], [-70.73355285175792, 43.0591549384614], [-70.73355005764462, 43.05913774161287], [-70.73355644868342, 43.059103361004816], [-70.73357428388098, 43.05908844211919], [-70.73360069404396, 43.059088657465686], [-70.73360924626054, 43.059085918880385]]]}, "properties": {"id": 92, "Hectares": 0.10081535345, "Acres": 0.04079858904, "Year": "2019", "LABEL": "Little Harbor/Back Channel", "Type": 1, "Name": "Eelgrass"}}, {"type": "Feature", "geometry": {"type": "Polygon", "coordinates": [[[-70.7113184667175, 43.07191281971823], [-70.71129083438058, 43.07189644872186], [-70.71126173453146, 43.071880065466075], [-70.71124325836624, 43.071841174490736], [-70.71115190742289, 43.071769394419476], [-70.71111328720895, 43.07170451073835], [-70.71107611788038, 43.07164071517957], [-70.71106681478413, 43.07157822834214], [-70.71107176898064, 43.071542761061224], [-70.71108377658805, 43.071525645018745], [-70.71111919761502, 43.07151302857123], [-70.71114299549006, 43.07149278291746], [-70.71114926671788, 43.0714670108086], [-70.71116874558803, 43.071441348985225], [-70.71119085861923, 43.07143507751028], [-70.71120986947578, 43.07143954032693], [-70.7112303311382, 43.071445091273866], [-70.71125989873714, 43.07143134988897], [-70.7112791602865, 43.071419674489846], [-70.7113085106057, 43.07141991953597], [-70.71131284630566, 43.07142425981344], [-70.7113332411261, 43.071434114263226], [-70.71133322441447, 43.07143519014354], [-70.7113606393126, 43.07146554757314], [-70.71136455724155, 43.071496784856315], [-70.71138655329834, 43.071498044505745], [-70.71143321309182, 43.07151780237823], [-70.71145482483776, 43.07154380726203], [-70.71148392458167, 43.07156019046862], [-70.71150291879013, 43.071565729117395], [-70.71152793345553, 43.07156163383749], [-70.71153825621604, 43.071558491941346], [-70.71155890173395, 43.07155220814623], [-70.71158981988135, 43.07154601008756], [-70.71162804220441, 43.07154202502171], [-70.71167647033256, 43.07154242919703], [-70.71170138474602, 43.07154478916137], [-70.71173770522236, 43.07156876470219], [-70.71177570796735, 43.0716734557545], [-70.71182560372331, 43.071673872113884], [-70.71182580416124, 43.071660961548886], [-70.71183169095207, 43.07165993465048], [-70.71183906196752, 43.071657844116714], [-70.71185813975195, 43.071658003304904], [-70.7118903918296, 43.071660424453945], [-70.71190201509252, 43.071668053574115], [-70.71191782380512, 43.07168970587201], [-70.71191015215781, 43.07171116225867], [-70.71189664381421, 43.0717304179054], [-70.711836258207, 43.07174390230438], [-70.71181424534822, 43.0717437186209], [-70.71177598950239, 43.07174985550851], [-70.71174505456536, 43.071757129496824], [-70.71171538668375, 43.071777326288036], [-70.7116901213581, 43.0717975598133], [-70.71166200449512, 43.07181238943576], [-70.7116456779445, 43.07182408939386], [-70.71161767800704, 43.07183138784287], [-70.71160151851481, 43.07183232899134], [-70.7115851251176, 43.071848332461826], [-70.71157176701145, 43.07185790514578], [-70.71154088212147, 43.07186195143712], [-70.71152180427553, 43.07186179219544], [-70.71150852970086, 43.071865985470446], [-70.71149076899833, 43.071875521395704], [-70.71146120123458, 43.07188926283766], [-70.7114610174282, 43.071901097520495], [-70.71145498022032, 43.07191180732182], [-70.71142569650635, 43.07190725879004], [-70.71140813630645, 43.071903884139275], [-70.71139491184763, 43.071904849760195], [-70.71137274853307, 43.07191434891334], [-70.7113184667175, 43.07191281971823]]]}, "properties": {"id": 93, "Hectares": 1.3069967623, "Acres": 0.52892364068, "Year": "2019", "LABEL": "Portsmouth Harbor", "Type": 1, "Name": "Eelgrass"}}, {"type": "Feature", "geometry": {"type": "Polygon", "coordinates": [[[-70.72481462857274, 43.08200303743392], [-70.72480559807389, 43.08198162129108], [-70.7248131895625, 43.08194958710665], [-70.72483078383355, 43.08194973192439], [-70.72487469293382, 43.0819635686945], [-70.72490541610047, 43.08197759010786], [-70.72490931127798, 43.081977842012556], [-70.7249457665687, 43.08199111417663], [-70.72497122780341, 43.08200762514928], [-70.72497692744724, 43.08201022634061], [-70.7250243478297, 43.08203487224387], [-70.72509754360664, 43.08205703515098], [-70.72515554147662, 43.08205326535069], [-70.72519378188609, 43.08205708914078], [-70.72522546529436, 43.082051790331654], [-70.72523084488282, 43.0820485785914], [-70.72524842885569, 43.08203808054381], [-70.72527869227336, 43.0820429624296], [-70.7252873180173, 43.08204781626809], [-70.72533299172528, 43.08204819201171], [-70.72541040025685, 43.082035353418554], [-70.7254319556562, 43.082032152676014], [-70.72547346533985, 43.08203622542571], [-70.72548384681308, 43.08202467520361], [-70.72548503927996, 43.082023348488164], [-70.72549786296325, 43.082011408409734], [-70.72552816893531, 43.08201351083619], [-70.725575928856, 43.082031508682824], [-70.7255957688627, 43.08205668954296], [-70.72559663572196, 43.0820826409435], [-70.72558243465906, 43.08210198235374], [-70.72555049598013, 43.08212395762218], [-70.72548962863736, 43.08213642913225], [-70.7254328509278, 43.082129476046546], [-70.72538362846026, 43.08212443824497], [-70.72536376384505, 43.08212281693756], [-70.72535837817084, 43.082122377369735], [-70.72532797285514, 43.08212676014876], [-70.72532292524097, 43.08212842455888], [-70.72530230226769, 43.082131486820764], [-70.72522154740338, 43.08212273722046], [-70.7251480626312, 43.082119437529585], [-70.72507461913831, 43.08211344305766], [-70.72495743153145, 43.08208283288093], [-70.72489175348599, 43.08204995146396], [-70.724840698131, 43.08202258051364], [-70.72481462857274, 43.08200303743392]]]}, "properties": {"id": 94, "Hectares": 0.34521268941, "Acres": 0.13970283459, "Year": "2019", "LABEL": "Lower Piscataqua River South", "Type": 1, "Name": "Eelgrass"}}, {"type": "Feature", "geometry": {"type": "Polygon", "coordinates": [[[-70.73085523591837, 43.08477285315521], [-70.73087250726797, 43.084769444652146], [-70.73091181785878, 43.08476142690522], [-70.73095357180702, 43.08475898860986], [-70.73099392075153, 43.084765804618364], [-70.73100393395877, 43.08477237256208], [-70.73100632092783, 43.08478165788812], [-70.73100620811995, 43.08478906961199], [-70.73099469120041, 43.08479824124591], [-70.73097685432674, 43.08480736119923], [-70.73094143439924, 43.08480892471902], [-70.73089712423098, 43.084813195266925], [-70.73086421817587, 43.084815705901775], [-70.73079464229541, 43.084818843198434], [-70.7307491950643, 43.0848147651622], [-70.73074773671176, 43.08481466763281], [-70.73071762352005, 43.08481265376623], [-70.7306897028907, 43.08481983803283], [-70.73068320582439, 43.084826234685245], [-70.73067943580321, 43.08482994643895], [-70.73064887432923, 43.08484452174008], [-70.73060453590278, 43.084850645104964], [-70.73053234734144, 43.08485932035364], [-70.73045537278348, 43.08485707787863], [-70.73037512848286, 43.08486009523773], [-70.73034959840155, 43.08484641097297], [-70.73036083302647, 43.08483302753923], [-70.73047868524176, 43.08482051645305], [-70.73065920149108, 43.084797737563385], [-70.73083236467836, 43.084774898252036], [-70.73085523591837, 43.08477285315521]]]}, "properties": {"id": 95, "Hectares": 0.13927607287, "Acres": 0.05636311401, "Year": "2019", "LABEL": "Lower Piscataqua River South", "Type": 1, "Name": "Eelgrass"}}, {"type": "Feature", "geometry": {"type": "Polygon", "coordinates": [[[-70.72917393347481, 43.0848861900605], [-70.72917937157882, 43.084909596333816], [-70.72916408952271, 43.084927080435385], [-70.72914682987323, 43.084929366948316], [-70.72908725426582, 43.08492231694857], [-70.72906172445063, 43.08490863239906], [-70.72902863619687, 43.08490836127062], [-70.72902025913274, 43.0849113460012], [-70.72901831897943, 43.08491456431286], [-70.72901184357912, 43.08492470363911], [-70.72899664741442, 43.08492643227624], [-70.72898760897596, 43.08492525186378], [-70.72898150777517, 43.08492445505164], [-70.7289651748042, 43.084917835142306], [-70.72894747892074, 43.08491769012674], [-70.72893700925279, 43.08491904035858], [-70.72892721265694, 43.08492030378604], [-70.72889059929621, 43.08491722398672], [-70.7288641544052, 43.08491052119077], [-70.72885530283898, 43.084906321357764], [-70.72884030817117, 43.084899206783405], [-70.72882536641863, 43.084884259029785], [-70.72883198098647, 43.084873738889996], [-70.72885282326148, 43.08486379932237], [-70.72889706422, 43.08485607668559], [-70.72898170522308, 43.08485138017564], [-70.72902602704188, 43.08484731958315], [-70.72909175622492, 43.08485346818407], [-70.72914334274094, 43.08487035755597], [-70.72915785257457, 43.084883277286956], [-70.72917393347481, 43.0848861900605]]]}, "properties": {"id": 96, "Hectares": 0.11393529619, "Acres": 0.04610804969, "Year": "2019", "LABEL": "Lower Piscataqua River South", "Type": 1, "Name": "Eelgrass"}}, {"type": "Feature", "geometry": {"type": "Polygon", "coordinates": [[[-70.71180628137198, 43.079674948364584], [-70.71172118604173, 43.07970927420017], [-70.71169169318776, 43.07971441821367], [-70.7116511718972, 43.07971947017628], [-70.71160714188528, 43.0797137125437], [-70.71157785831302, 43.07970538290506], [-70.7115488259077, 43.079680884911944], [-70.71154218524589, 43.07963501322586], [-70.71155384155456, 43.07959468441122], [-70.71160606089258, 43.079546608936944], [-70.71167273354692, 43.07951482450846], [-70.71172073251958, 43.07950174972056], [-70.7117726168509, 43.07947523196568], [-70.71181681410009, 43.07947021063405], [-70.71188277520208, 43.079484236403445], [-70.711874753418, 43.079527290653495], [-70.71185206892767, 43.079567527479846], [-70.7118478487876, 43.07960252822739], [-70.71184734662825, 43.079634864924714], [-70.71180628137198, 43.079674948364584]]]}, "properties": {"id": 97, "Hectares": 0.31738166576, "Acres": 0.12844000152, "Year": "2019", "LABEL": "Portsmouth Harbor", "Type": 1, "Name": "Eelgrass"}}, {"type": "Feature", "geometry": {"type": "Polygon", "coordinates": [[[-70.70435026087335, 43.082013797313785], [-70.70429908831522, 43.08199450143904], [-70.70429938358146, 43.081975638415095], [-70.70429959448572, 43.081962164826514], [-70.70433673679968, 43.08193822154773], [-70.70436280810488, 43.081916880224945], [-70.7044033735758, 43.08190913614728], [-70.70452059241276, 43.08193707255636], [-70.70459758322059, 43.081951195263215], [-70.70463392425658, 43.081978451528244], [-70.7046297419883, 43.0820107572358], [-70.70464026481645, 43.08204318657509], [-70.70462868782545, 43.08207812518431], [-70.7045880801012, 43.082088564058694], [-70.70457679825408, 43.08210463963693], [-70.70453944507763, 43.08214205658202], [-70.70448806148848, 43.08213623437966], [-70.70445159390279, 43.08211706222209], [-70.70443709965997, 43.082103464976775], [-70.70443392948303, 43.08207109744918], [-70.7044232380574, 43.08204944696319], [-70.7043867705433, 43.082030274785346], [-70.70435026087335, 43.082013797313785]]]}, "properties": {"id": 98, "Hectares": 0.26576644222, "Acres": 0.10755202939, "Year": "2019", "LABEL": "Portsmouth Harbor", "Type": 1, "Name": "Eelgrass"}}, {"type": "Feature", "geometry": {"type": "Polygon", "coordinates": [[[-70.7030384233581, 43.07680396043276], [-70.70295687651823, 43.076846394871986], [-70.7028977232362, 43.07686745726672], [-70.70284621750379, 43.07686971852282], [-70.70281330278117, 43.07685866098005], [-70.7027879934331, 43.076831497043166], [-70.70276310651285, 43.07677738591133], [-70.70277873962279, 43.07671822595319], [-70.70282707612672, 43.07668359713479], [-70.70292653802412, 43.076670959496354], [-70.70296710019387, 43.076663215889184], [-70.70301509871517, 43.07665014474317], [-70.70306284385322, 43.07665324189232], [-70.70310273038747, 43.0766886137449], [-70.70310222368087, 43.07672095037596], [-70.7031091533389, 43.0767479594765], [-70.7031090266629, 43.07675604363421], [-70.7030384233581, 43.07680396043276]]]}, "properties": {"id": 99, "Hectares": 0.29622654101, "Acres": 0.11987881306, "Year": "2019", "LABEL": "Portsmouth Harbor", "Type": 1, "Name": "Eelgrass"}}, {"type": "Feature", "geometry": {"type": "Polygon", "coordinates": [[[-70.69917851169923, 43.06256724265924], [-70.69934248649363, 43.06280169373659], [-70.69936532338261, 43.06290433285822], [-70.69933460515901, 43.063080792667364], [-70.69929766678845, 43.0632085379964], [-70.69919485365419, 43.06330499256361], [-70.69909637849973, 43.06334769953106], [-70.69898405396246, 43.063382605842435], [-70.69893138416887, 43.06340008849226], [-70.6988826097109, 43.06339199254548], [-70.69887598722751, 43.06336888617176], [-70.69884519911524, 43.063327647353546], [-70.69872790396343, 43.063234453789136], [-70.69863019420146, 43.06322850494744], [-70.69859904366238, 43.06321031336185], [-70.698582064664, 43.063179435900686], [-70.69853393520296, 43.063130366834024], [-70.698475247706, 43.06308633072039], [-70.69840238876918, 43.06305498042412], [-70.69839239491212, 43.06302416203896], [-70.69843470793931, 43.06299890854984], [-70.69847726273461, 43.06295829017957], [-70.69850913849501, 43.06293038720183], [-70.69855839610035, 43.062907753573334], [-70.69857670479027, 43.06285412427731], [-70.69865860349714, 43.0627549321873], [-70.69872211287284, 43.062714490982735], [-70.69878879234939, 43.06269456577143], [-70.6988239991693, 43.06267693548677], [-70.69889124253184, 43.062621158857006], [-70.69898646585003, 43.06256305764861], [-70.69910565300592, 43.062535892810445], [-70.69917851169923, 43.06256724265924]]]}, "properties": {"id": 100, "Hectares": 2.86703137686, "Acres": 1.16024822519, "Year": "2019", "LABEL": "Portsmouth Harbor", "Type": 1, "Name": "Eelgrass"}}, {"type": "Feature", "geometry": {"type": "Polygon", "coordinates": [[[-70.68358634136143, 43.06568681185015], [-70.68356638183124, 43.06571349350753], [-70.68355316710068, 43.06574506486221], [-70.68351223206122, 43.065761487518294], [-70.68349919599808, 43.06578187750047], [-70.68351493060115, 43.06581377360705], [-70.68350714286899, 43.06582416959664], [-70.68349756630877, 43.06584704888937], [-70.68346859218236, 43.065857750198184], [-70.68344942385792, 43.06586482982432], [-70.68339275582647, 43.065848549526294], [-70.68336797816605, 43.06583138503826], [-70.68334696856473, 43.065819900351755], [-70.683347194367, 43.06580577442928], [-70.68332822173451, 43.0657872451708], [-70.68331693300021, 43.06577019472681], [-70.68332141849584, 43.065730675256205], [-70.68334331125645, 43.06568706701176], [-70.68334380802078, 43.06565598998157], [-70.68332508382117, 43.06562192220739], [-70.68332555801302, 43.0655922577693], [-70.68332576706433, 43.06557917994826], [-70.68334605320739, 43.06556201389856], [-70.68338969305204, 43.06554542762361], [-70.6834036446225, 43.06555739847315], [-70.68342075128494, 43.065600413252646], [-70.68344060815458, 43.06563040494189], [-70.6834708700556, 43.06564557549399], [-70.6835189833201, 43.06565717177873], [-70.68355196563294, 43.065661182780914], [-70.6835734521993, 43.06566389309015], [-70.68357599892532, 43.06566538084026], [-70.68358497112354, 43.06568031541035], [-70.68358634136143, 43.06568681185015]]]}, "properties": {"id": 101, "Hectares": 0.27328477, "Acres": 0.11059459339, "Year": "2019", "LABEL": "Gerrish Island Beds", "Type": 1, "Name": "Eelgrass"}}, {"type": "Feature", "geometry": {"type": "Polygon", "coordinates": [[[-70.71430866264915, 43.055846020920136], [-70.71361624791844, 43.05604648003888], [-70.71361238959685, 43.05604023294094], [-70.71359657870605, 43.0559609687308], [-70.71362429371322, 43.05582167640906], [-70.7136921789552, 43.05565564695584], [-70.71373809793005, 43.05561179555457], [-70.71375606374252, 43.05556455180979], [-70.71379946023893, 43.05551285229406], [-70.71388238204264, 43.05547605890543], [-70.71398437340387, 43.05549148509504], [-70.71401505841672, 43.055527141947344], [-70.71403170780337, 43.05555226977285], [-70.71406252180127, 43.05557959794536], [-70.71416119058576, 43.055626232845384], [-70.71416191846413, 43.055626619551965], [-70.71420401836538, 43.05568299229203], [-70.71428705439719, 43.05577725836424], [-70.71430866264915, 43.055846020920136]]]}, "properties": {"id": 102, "Hectares": 1.32134020945, "Acres": 0.53472823676, "Year": "2019", "LABEL": "Odiorne Point Beds", "Type": 1, "Name": "Eelgrass"}}, {"type": "Feature", "geometry": {"type": "Polygon", "coordinates": [[[-70.72682078460359, 43.05493085943542], [-70.72684882072741, 43.05490232735988], [-70.72688601839211, 43.05488389092555], [-70.72690886033398, 43.05487574876722], [-70.72694006132386, 43.05487808742829], [-70.72695576200132, 43.05496567866849], [-70.72700856506206, 43.05504107995684], [-70.7270479344838, 43.05506639245662], [-70.72720071917475, 43.0551030482806], [-70.72721689707208, 43.055159406862515], [-70.7271671021664, 43.05525895497784], [-70.72711765678692, 43.055335599145955], [-70.72707092348544, 43.0554205953029], [-70.72704122629271, 43.055505731325404], [-70.72701692162737, 43.05560965353961], [-70.72693838243585, 43.05573187230744], [-70.72690348309344, 43.055785729035286], [-70.7268807680049, 43.05578554249026], [-70.72686947405842, 43.05578128486717], [-70.72686682546619, 43.05576876850176], [-70.72686985564437, 43.055756298773744], [-70.72688740072388, 43.0557231238929], [-70.72689154382557, 43.05563777805667], [-70.72683915380507, 43.05553530844994], [-70.72681736101869, 43.055474738832004], [-70.72667377308717, 43.05531991898078], [-70.72667770751424, 43.05530815104274], [-70.7266373975934, 43.05524733696946], [-70.72659484831806, 43.05518314432128], [-70.72656617197069, 43.05511066521666], [-70.72657649493273, 43.0550852511189], [-70.72658045540177, 43.05507550083513], [-70.72661550954791, 43.05503042658831], [-70.72667110341015, 43.05499056129772], [-70.72670373839938, 43.05495386756165], [-70.72672703075484, 43.05492885765217], [-70.72678882962722, 43.054932725403845], [-70.72682078460359, 43.05493085943542]]]}, "properties": {"id": 103, "Hectares": 1.56815669432, "Acres": 0.63461147865, "Year": "2019", "LABEL": "Little Harbor/Back Channel", "Type": 1, "Name": "Eelgrass"}}, {"type": "Feature", "geometry": {"type": "Polygon", "coordinates": [[[-70.73493015714493, 43.06002382358735], [-70.73562352401086, 43.06051612703456], [-70.73561451717983, 43.06051491927934], [-70.73552509115775, 43.06050054913531], [-70.73551011394225, 43.06048848778572], [-70.73546600657427, 43.06048052794993], [-70.73544632829666, 43.06048124184049], [-70.73544318906988, 43.06048135572537], [-70.73544128612083, 43.06047945158317], [-70.73542889331875, 43.06046705100702], [-70.73542006402103, 43.0604568445962], [-70.73536372621365, 43.06043510353524], [-70.73532705089323, 43.06043835214566], [-70.73524818778675, 43.06044379100707], [-70.73522103269164, 43.06045725163124], [-70.7351938469028, 43.06047273891086], [-70.73518693980914, 43.060477212409616], [-70.73514872899536, 43.060485116307724], [-70.73505994060945, 43.06049182558347], [-70.73502253431342, 43.06049722285888], [-70.73501142960919, 43.06050632286949], [-70.73498810211778, 43.06052305234748], [-70.73496506281289, 43.06052074984067], [-70.73493423249263, 43.06052613553982], [-70.73493035975405, 43.06052681206165], [-70.73492884682886, 43.06052825750219], [-70.73492157991153, 43.06053520027455], [-70.73488098090701, 43.06054967417443], [-70.73486380550727, 43.06054107461937], [-70.73485658176585, 43.06052739375866], [-70.73485415658956, 43.060527310467435], [-70.73481378784612, 43.06051583363046], [-70.73477316587528, 43.06052107688507], [-70.73475762662764, 43.060543246562716], [-70.73470428036096, 43.060552102206245], [-70.73465636711882, 43.06053684783241], [-70.73463108742311, 43.06053292589905], [-70.73457532012632, 43.060534329688934], [-70.73454764756393, 43.060521098153195], [-70.73454055338374, 43.06048759603098], [-70.73451786360333, 43.06047997913172], [-70.73448236511811, 43.06048154798066], [-70.73439340777657, 43.06049940347469], [-70.73433516321299, 43.06049707092816], [-70.73427984639167, 43.06046874994572], [-70.73422979388992, 43.060427465701345], [-70.73417709523993, 43.06039359194669], [-70.73413165953163, 43.06038207357926], [-70.73407561077431, 43.060402055018905], [-70.73405503228146, 43.06042232551426], [-70.73401939301648, 43.06043318316558], [-70.73395354775349, 43.06043078847757], [-70.73386504098606, 43.06041891893479], [-70.73381736143423, 43.06041091055283], [-70.73380150010644, 43.06040975389396], [-70.73371789879417, 43.06040695741377], [-70.73367473635246, 43.06040026073502], [-70.73367547387701, 43.060351623469685], [-70.73371921345009, 43.060320256200356], [-70.73374244501248, 43.060309870974315], [-70.73382056593587, 43.060304005783486], [-70.7338847758334, 43.06028716047545], [-70.733993832732, 43.06028061730946], [-70.73405458250247, 43.060284828465406], [-70.73411778139632, 43.06029463360395], [-70.73416591956308, 43.06029502588679], [-70.73421923752475, 43.060288028281775], [-70.73424260288967, 43.06025105829581], [-70.73435427772927, 43.06023896206138], [-70.73447042861127, 43.06026592057437], [-70.73450057833809, 43.06028288834562], [-70.73453092509784, 43.06028685158273], [-70.73458463702333, 43.060253844754136], [-70.73461033874254, 43.06022989985398], [-70.73462114850118, 43.0601853954488], [-70.7345934479412, 43.060174021714246], [-70.7345628479358, 43.0601867785998], [-70.73453224791783, 43.06019953547702], [-70.73449424415689, 43.06019922590392], [-70.73446668434977, 43.0601785631915], [-70.73445973098588, 43.06013577211569], [-70.7344908094722, 43.06009143283596], [-70.73451383685263, 43.06007675626544], [-70.73461326557045, 43.06003668973958], [-70.73466652697884, 43.060033407502495], [-70.73475745438391, 43.06005272821382], [-70.73481567041051, 43.06005691833148], [-70.73487154980957, 43.060048083261336], [-70.73491735114848, 43.06003545006787], [-70.73493015714493, 43.06002382358735]]]}, "properties": {"id": 104, "Hectares": 2.61548667769, "Acres": 1.05845153991, "Year": "2019", "LABEL": "Little Harbor/Back Channel", "Type": 1, "Name": "Eelgrass"}}, {"type": "Feature", "geometry": {"type": "Polygon", "coordinates": [[[-70.73579669323748, 43.06063907854922], [-70.73605770185839, 43.06082439530878], [-70.73609915645591, 43.060864136081406], [-70.73610086690191, 43.06086532686514], [-70.73610810072627, 43.06088496380156], [-70.73612769551114, 43.06092298468284], [-70.73615756325151, 43.06095031620977], [-70.73618196346507, 43.06098193174786], [-70.73618132061563, 43.061024438791726], [-70.73618131981611, 43.06102449165836], [-70.73618770858005, 43.061059001104546], [-70.73620406226449, 43.06107433591607], [-70.73621484901517, 43.06108203775909], [-70.73622397776552, 43.0610977201634], [-70.73625373887911, 43.061207863298286], [-70.73624060876789, 43.06123751308774], [-70.73621132154268, 43.06126688390533], [-70.73619917810525, 43.06130696873967], [-70.73623233777873, 43.06134074476889], [-70.73623025128508, 43.06135324919759], [-70.73624230590603, 43.061378683605284], [-70.73626408049118, 43.06139358942795], [-70.73627376942004, 43.061400221994084], [-70.73629023047921, 43.061408463475324], [-70.7363108681017, 43.061414711998935], [-70.73633417773432, 43.061427062976655], [-70.73635595218151, 43.06144953602632], [-70.7363651663173, 43.061480014606914], [-70.73638279487572, 43.06150245394644], [-70.73639632349195, 43.061521819585906], [-70.73640576748163, 43.061537098195586], [-70.73640813306903, 43.06156346727506], [-70.73639665701641, 43.061584642090175], [-70.73638811797674, 43.06163788000841], [-70.73638860173673, 43.061647796740196], [-70.7363642617294, 43.06169047660097], [-70.73635204738171, 43.06178194788234], [-70.73636731531633, 43.06185110900448], [-70.73642380890207, 43.06188430862836], [-70.73644319781228, 43.0619081628827], [-70.7364437579976, 43.061918055539955], [-70.7364280899508, 43.06196543551002], [-70.73641468692286, 43.0619707967754], [-70.73638218232507, 43.06196455678565], [-70.73637999990946, 43.06196152665315], [-70.7363349302769, 43.06191365998161], [-70.73625693549425, 43.06176687477022], [-70.7362402113652, 43.06169985013104], [-70.73623850612316, 43.06168960662702], [-70.73624562084584, 43.06166899851345], [-70.73623155277127, 43.061645619955975], [-70.73623109331668, 43.06164507736021], [-70.73622627377337, 43.0616161259805], [-70.73618916820375, 43.06155636768438], [-70.73615710188548, 43.06149850837096], [-70.73614905919037, 43.06148883565564], [-70.73615378585905, 43.061474242130856], [-70.73616368954687, 43.06145912082665], [-70.73616163703271, 43.0614553929022], [-70.73614211222326, 43.06145666438222], [-70.73611333658489, 43.06145220053573], [-70.73609619274421, 43.061441486498246], [-70.73608494476673, 43.061422360704825], [-70.73609093657561, 43.06140760495674], [-70.7361156783809, 43.061401780372], [-70.73613435586437, 43.0613973834135], [-70.73613182371948, 43.06137409864902], [-70.73610606001229, 43.06136119959325], [-70.73608599114016, 43.06135681807188], [-70.73608699280294, 43.061352855693315], [-70.73605820105581, 43.06133605651186], [-70.73601987728202, 43.06130588747759], [-70.73602126417713, 43.06128329198769], [-70.73603899982471, 43.061265295657066], [-70.73604554847796, 43.061262368072235], [-70.73604126435303, 43.06125915626371], [-70.73602706850188, 43.06124423634026], [-70.73601634639913, 43.06118815452645], [-70.7360073553177, 43.06117956945208], [-70.73598221577842, 43.061166358864625], [-70.73596036865128, 43.06110300854966], [-70.73594024018998, 43.061093554746016], [-70.73593075208714, 43.06105074314885], [-70.73591833692271, 43.061033920002785], [-70.73594417897526, 43.06100068585459], [-70.73593366420252, 43.06097311755046], [-70.73589621887602, 43.06095141013421], [-70.7358897532599, 43.060931510773166], [-70.73591055105412, 43.06089860198538], [-70.73591290639261, 43.06089200555249], [-70.73591925715452, 43.06085783550104], [-70.73592272800141, 43.06083916071417], [-70.73591390705263, 43.060825857787336], [-70.73589593994639, 43.060820749955404], [-70.73587545844848, 43.06082272569065], [-70.73586347347457, 43.06081591502092], [-70.73581156249692, 43.060815915020925], [-70.73578713380157, 43.060815915020925], [-70.7357631003909, 43.06080838951583], [-70.73576305419652, 43.06080809173146], [-70.73577460576304, 43.06078999282842], [-70.73578858772866, 43.060760336411406], [-70.7357866076795, 43.06074212743031], [-70.73575996983054, 43.06071379447558], [-70.7357533228042, 43.06071259043706], [-70.73574692840437, 43.06069630706161], [-70.73573266876089, 43.060685616431755], [-70.73571824914033, 43.06068549912428], [-70.73570072161662, 43.060700161006594], [-70.73566601852488, 43.060706223450225], [-70.73563439134772, 43.06069962135849], [-70.73562295164807, 43.06069318350844], [-70.73562941536744, 43.06065974392682], [-70.73563267755027, 43.06065441843568], [-70.7356816823855, 43.06062233351704], [-70.73570749314831, 43.06061884815276], [-70.73572030370023, 43.060618400106684], [-70.73575333258007, 43.060627789905], [-70.73577381657088, 43.06064417183481], [-70.73579669323748, 43.06063907854922]]]}, "properties": {"id": 105, "Hectares": 1.34669520265, "Acres": 0.54498905431, "Year": "2019", "LABEL": "Little Harbor/Back Channel", "Type": 1, "Name": "Eelgrass"}}, {"type": "Feature", "geometry": {"type": "Polygon", "coordinates": [[[-70.72956479746054, 43.072807586597335], [-70.72959744403752, 43.072569860549045], [-70.72960599043063, 43.07256880806861], [-70.7296165689569, 43.07256580599226], [-70.72974222824035, 43.0724757181895], [-70.72970274978124, 43.07243987485534], [-70.72967157889451, 43.07241182129137], [-70.72967818006809, 43.07239334312503], [-70.72968459303476, 43.07238721822998], [-70.72970170211457, 43.07237037045503], [-70.72969259143149, 43.072359611108915], [-70.72972039967127, 43.0723476866658], [-70.72974593459669, 43.07233438910361], [-70.72974864871861, 43.072307398049034], [-70.72977441506566, 43.072278907406734], [-70.72980260732369, 43.07222468223104], [-70.72980293225797, 43.07222448589128], [-70.72989224285271, 43.07216962040443], [-70.72994333452365, 43.07213451856464], [-70.72994693489325, 43.07212723882665], [-70.72994710362582, 43.07212548239657], [-70.72994262235139, 43.072106659499646], [-70.72995774665256, 43.072093974500646], [-70.72998911557353, 43.07208619982253], [-70.73002440560961, 43.07208169869265], [-70.73005745500849, 43.07208456304807], [-70.73009498568177, 43.07210052159723], [-70.7301190725318, 43.07211279740145], [-70.73013634990791, 43.07213200331975], [-70.73028005792722, 43.07219356475517], [-70.73030417909006, 43.07227311364136], [-70.73031366194579, 43.07240656929452], [-70.7302918071526, 43.0724806769706], [-70.73023979350918, 43.07252881129354], [-70.73020399720289, 43.07259156846602], [-70.73019350867575, 43.07261215943893], [-70.73012432091274, 43.072685443648034], [-70.7298570198103, 43.07279433867901], [-70.72977823880044, 43.072808725827414], [-70.72967453540382, 43.07279809367663], [-70.72956479746054, 43.072807586597335]]]}, "properties": {"id": 106, "Hectares": 1.95509539432, "Acres": 0.7912002567, "Year": "2019", "LABEL": "Lower Piscataqua River South", "Type": 1, "Name": "Eelgrass"}}, {"type": "Feature", "geometry": {"type": "Polygon", "coordinates": [[[-70.72359315992412, 43.07286215260895], [-70.72360036359237, 43.07287144436184], [-70.72364869376177, 43.07287353099276], [-70.72369385188573, 43.072876916229255], [-70.72369947572001, 43.07289050202456], [-70.72369396133351, 43.07290407203767], [-70.7236991178885, 43.072913839856], [-70.72372816479387, 43.072922832009034], [-70.72374414138925, 43.07291907353071], [-70.7237497158242, 43.07291911946511], [-70.72375156330884, 43.072923340253475], [-70.72379738380846, 43.07293891277706], [-70.72381559814202, 43.07295256949269], [-70.7238108116349, 43.072964348359775], [-70.72381293314574, 43.07297618414625], [-70.72382426535228, 43.0729880958247], [-70.72384033230936, 43.07299160486638], [-70.72388408311345, 43.0729919653373], [-70.72393233575812, 43.07299911619804], [-70.72398885192231, 43.07302693210245], [-70.72399125313216, 43.07303241787568], [-70.7240055730552, 43.073054863409084], [-70.72402105886455, 43.07307483770431], [-70.7240671125927, 43.07309997702731], [-70.72409067691848, 43.07314125090863], [-70.72406892746982, 43.07318585793778], [-70.72402658821461, 43.073199408326325], [-70.72393414716672, 43.073183203270496], [-70.72390925015932, 43.073158288532824], [-70.72388856579248, 43.07313340849749], [-70.72384899567537, 43.0731037398008], [-70.72377768892886, 43.073083075694726], [-70.72375279202527, 43.07305816092358], [-70.7237303092284, 43.07301318947371], [-70.72369892772356, 43.07299903171392], [-70.72367102573655, 43.072983327943085], [-70.72366605754904, 43.072960314891255], [-70.7235924233012, 43.07295088934553], [-70.72354344877719, 43.07292915235915], [-70.72345791039164, 43.07291828341558], [-70.72340132442432, 43.072899284764226], [-70.7233426558761, 43.0728787245654], [-70.72332599494987, 43.07286623240587], [-70.72333262176005, 43.07284621046954], [-70.72333523846785, 43.07283818825367], [-70.72333775876163, 43.072836834700446], [-70.72335029194576, 43.07282866855133], [-70.7233528647057, 43.07280801608755], [-70.72334740300717, 43.072796393806435], [-70.72334013567533, 43.07279320510873], [-70.72337738220136, 43.07278670394452], [-70.7233952087365, 43.07278857975867], [-70.72344757754935, 43.072794090300235], [-70.72349646086867, 43.0728071361482], [-70.72351595391916, 43.07282244828792], [-70.72352398742159, 43.072828758744556], [-70.72352993881069, 43.07284612946552], [-70.72353397450367, 43.07284557225703], [-70.7235562420523, 43.07283120894644], [-70.72357408902926, 43.072834117416576], [-70.72358478852338, 43.07283586108069], [-70.72359156709581, 43.07284435859413], [-70.72359315992412, 43.07286215260895]]]}, "properties": {"id": 107, "Hectares": 0.48270104788, "Acres": 0.19534248513, "Year": "2019", "LABEL": "Portsmouth Harbor", "Type": 1, "Name": "Eelgrass"}}, {"type": "Feature", "geometry": {"type": "Polygon", "coordinates": [[[-70.73242658327189, 43.0725256189625], [-70.7324258800276, 43.07252884134333], [-70.73243117752216, 43.0725312913424], [-70.73249994396289, 43.07254546820838], [-70.7325043566168, 43.07254634157773], [-70.73258194498617, 43.07256169813267], [-70.73266129323518, 43.07257790634554], [-70.7327061253426, 43.07259577785761], [-70.7327587387414, 43.07262538325146], [-70.73278680746071, 43.07263570624851], [-70.73279484475974, 43.07265915436448], [-70.73279554543454, 43.07265964988617], [-70.73281885987528, 43.072679115936545], [-70.73283366159671, 43.07269379191265], [-70.73285040636821, 43.0727218587752], [-70.73283771988645, 43.07274457147576], [-70.73282639312481, 43.072748412873466], [-70.73281193679617, 43.07274632798051], [-70.73279913782629, 43.072741109545234], [-70.73278586803295, 43.07273156004989], [-70.7327726221349, 43.07272043721485], [-70.73276148053263, 43.07271208523529], [-70.7327534357923, 43.072707058177755], [-70.73274180748044, 43.072690600389464], [-70.73272043846357, 43.07267499057989], [-70.73267556352819, 43.07265781978479], [-70.73264831542953, 43.07264537952455], [-70.73264137310125, 43.07264220996688], [-70.73261127817301, 43.072627220879184], [-70.73245911774004, 43.07261321220011], [-70.73236122931274, 43.07259490740464], [-70.73231395131623, 43.072563400327944], [-70.73232042408841, 43.072567713925984], [-70.73227168910977, 43.072561038849656], [-70.73214774881204, 43.07254542900711], [-70.73208364176149, 43.072536063099655], [-70.73203852869605, 43.0725275193208], [-70.73196684603953, 43.0725333346653], [-70.73186642332023, 43.072507228483744], [-70.73183226190628, 43.07248555368664], [-70.7317633478739, 43.07248110054097], [-70.73172090285595, 43.072480753752444], [-70.73169186973719, 43.072470791206776], [-70.73167085419959, 43.07245700403409], [-70.73163398093577, 43.072439197150345], [-70.73157338024411, 43.07241147103456], [-70.73154166480158, 43.07240343159683], [-70.73149933812846, 43.072395305431364], [-70.73144150864589, 43.072359821631146], [-70.73141389684909, 43.072344283995406], [-70.73138902795623, 43.07234060017703], [-70.73134644651007, 43.072322059298266], [-70.73128490552926, 43.0722893053235], [-70.73125083527194, 43.072230313572945], [-70.73124925868655, 43.07218564554034], [-70.7312836472527, 43.072149540974316], [-70.73129641877561, 43.07214546196109], [-70.73133918810076, 43.072131802131494], [-70.73139748268444, 43.072124710258734], [-70.73142200307035, 43.07213366626299], [-70.73145561262852, 43.072138576582304], [-70.73148025963785, 43.07213121110318], [-70.73148146234004, 43.07213008151674], [-70.73152982875291, 43.07213491582865], [-70.73164112802456, 43.07214360559103], [-70.73169913481648, 43.07216742034691], [-70.73174375939122, 43.07219890599989], [-70.73181789002395, 43.07220923697172], [-70.73188066880638, 43.07220423359327], [-70.7319400751591, 43.072237662247574], [-70.73194183090344, 43.0722457851229], [-70.73195639504533, 43.07226460797709], [-70.73197880141744, 43.07227033667069], [-70.73200705628857, 43.072272056670684], [-70.73201913288725, 43.072272791824936], [-70.73203817830354, 43.07228834113283], [-70.7320401266544, 43.07229189927314], [-70.7320471408524, 43.07230470882107], [-70.73206394563148, 43.07230470882107], [-70.73206747683278, 43.07230126946696], [-70.73207370971427, 43.07230319848456], [-70.73212339865248, 43.0723576123729], [-70.73220239191407, 43.07239715879116], [-70.73226069464653, 43.07240152502347], [-70.73229400472673, 43.07240073565396], [-70.732321738837, 43.07240007841423], [-70.73233410083395, 43.07241601996402], [-70.73233995396433, 43.072423567929654], [-70.73232102972896, 43.07244675419635], [-70.73235256802809, 43.072466462364716], [-70.7323735837239, 43.07248024941363], [-70.73239176935036, 43.07250568374514], [-70.73242330770239, 43.0725253918943], [-70.73242658327189, 43.0725256189625]]]}, "properties": {"id": 108, "Hectares": 1.61374307652, "Acres": 0.65305966149, "Year": "2019", "LABEL": "Lower Piscataqua River South", "Type": 1, "Name": "Eelgrass"}}, {"type": "Feature", "geometry": {"type": "Polygon", "coordinates": [[[-70.6891123011863, 43.064392108688274], [-70.68938212128162, 43.06412157332703], [-70.68950607429439, 43.06399729093436], [-70.68988418045717, 43.06361817623498], [-70.69018285246713, 43.06331870296442], [-70.69018263955084, 43.06333211718706], [-70.69017209928288, 43.0633934092306], [-70.69019245407473, 43.063467241310875], [-70.69023035677736, 43.06349036376342], [-70.69024543398095, 43.06348536058978], [-70.69026642458711, 43.063478395125806], [-70.69030260370121, 43.0634594123422], [-70.69031699861145, 43.063460091091], [-70.6903480149788, 43.06346155356854], [-70.69040991654607, 43.063479619402834], [-70.69043586167108, 43.06350263977189], [-70.69045443743475, 43.06353787366449], [-70.69046091641168, 43.06358177321257], [-70.69048852970148, 43.06365040584696], [-70.69054560651284, 43.06372535104464], [-70.69059675265139, 43.06375607446812], [-70.69066815639275, 43.06382090834934], [-70.69066829491555, 43.063812176897514], [-70.69068265653989, 43.06379723545531], [-70.69068889827456, 43.063790741721974], [-70.69072590703668, 43.06378025191105], [-70.69074486829352, 43.063779950313], [-70.690767069748, 43.06379485988136], [-70.69080474409643, 43.06382718069327], [-70.69082100203275, 43.06383398590583], [-70.69084491334583, 43.06381685674087], [-70.69086334894583, 43.06380101419051], [-70.69089789445601, 43.0638013087701], [-70.69094334907547, 43.063801696358944], [-70.69095738293787, 43.06378981842941], [-70.6909928708429, 43.06378928184551], [-70.69099357638812, 43.06379023907582], [-70.69099523012126, 43.06379248273555], [-70.69100454796171, 43.06378748176187], [-70.69105211192498, 43.06379405518394], [-70.69106026202589, 43.06381057238107], [-70.69107095496912, 43.06384355896821], [-70.69108481015203, 43.063853956911025], [-70.69112109443351, 43.06386454606667], [-70.69112940755066, 43.063870784828964], [-70.69114880483052, 43.06388534193868], [-70.69116539848116, 43.063899875144735], [-70.69116049584885, 43.06390136651033], [-70.69116789141937, 43.06390423123081], [-70.6911944591799, 43.06392157218367], [-70.69119413203227, 43.06392649927459], [-70.6911964120926, 43.06394651600915], [-70.69122329704935, 43.063962047620436], [-70.69123319459185, 43.06397446777282], [-70.69122290591292, 43.063986715852685], [-70.69123936923143, 43.06400947179225], [-70.69126249060008, 43.063994751626254], [-70.69126486276936, 43.06399324138949], [-70.69127086117228, 43.063968620952934], [-70.69129919091793, 43.06395035875398], [-70.69133061760631, 43.0639136192693], [-70.69135604590002, 43.06390150021758], [-70.69140941279976, 43.063895787166814], [-70.69142223368692, 43.06389589643429], [-70.69145146737634, 43.063896145576365], [-70.69148175343798, 43.06393135506562], [-70.69145358668939, 43.0639393388796], [-70.69142809322308, 43.06395556932526], [-70.69143340721645, 43.0639741182886], [-70.69145019648143, 43.06397631733711], [-70.69152837261692, 43.06399754319082], [-70.69156752587168, 43.06400404472539], [-70.69157460945786, 43.06400488562595], [-70.69159435923031, 43.06402232877942], [-70.6916286521487, 43.064039516969544], [-70.69162937061745, 43.0640532510779], [-70.69163080417052, 43.06408065458346], [-70.69165248399553, 43.06412812647784], [-70.69170094226457, 43.0641444148037], [-70.69171478018875, 43.06415066400111], [-70.69171989917919, 43.06417637056081], [-70.69172250671915, 43.06418872552337], [-70.69174269890027, 43.064220411625556], [-70.69176190450288, 43.06426100166318], [-70.69181567756581, 43.06431292770944], [-70.69186303154764, 43.06441065484701], [-70.69186900225311, 43.06447473448029], [-70.69186895444216, 43.06447775177133], [-70.69186843416577, 43.06451058575224], [-70.69186314325559, 43.06452178831492], [-70.69185036259908, 43.06454884906693], [-70.69182546816342, 43.06457680965129], [-70.69181779314145, 43.06462028383005], [-70.69178185276336, 43.064684006412506], [-70.6917431908, 43.064699043932364], [-70.69165226173959, 43.064705952653846], [-70.69150922797458, 43.06469448923346], [-70.6914188266548, 43.06466810730759], [-70.69134253658825, 43.0646339613847], [-70.69129049420407, 43.064610668193495], [-70.69122104859247, 43.06458446472998], [-70.69112029164837, 43.064550310840666], [-70.69098797977819, 43.06452357127031], [-70.69088340554119, 43.06450987383061], [-70.69079255792167, 43.06451166026224], [-70.69072590926639, 43.06454113107477], [-70.69069545936259, 43.064535272770655], [-70.69064809055573, 43.064516365083115], [-70.69059498398276, 43.06450563228869], [-70.69054709334408, 43.064519615526635], [-70.6905298368841, 43.06452367015536], [-70.69046787020228, 43.06450120738859], [-70.69036345868895, 43.064477266259026], [-70.69025900661383, 43.06445588583882], [-70.69016585119034, 43.064463617540895], [-70.69014708167819, 43.064465175361065], [-70.69014109774398, 43.06446460734096], [-70.69008778923168, 43.06445954705944], [-70.69002874072171, 43.064438553904644], [-70.68998394712729, 43.06439975433274], [-70.68992814732951, 43.0643941557586], [-70.68984798088319, 43.06438322685667], [-70.68976066666956, 43.06438248148065], [-70.6896664893301, 43.0643739939892], [-70.68960378579582, 43.06436321401171], [-70.6895269086433, 43.064365118724034], [-70.68946770464214, 43.0643923154901], [-70.68946111766064, 43.06439243806328], [-70.68943864480056, 43.06438603916266], [-70.68940219735966, 43.064377143122684], [-70.68934366329279, 43.064376643213684], [-70.6893099039278, 43.06438279346127], [-70.68924970193837, 43.06439515642308], [-70.68920445736154, 43.06438725827562], [-70.68916918347958, 43.06439661483586], [-70.68912824372124, 43.06439411891635], [-70.6891123011863, 43.064392108688274]]]}, "properties": {"id": 109, "Hectares": 9.91832839013, "Acres": 4.0138112908, "Year": "2019", "LABEL": "Portsmouth Harbor", "Type": 1, "Name": "Eelgrass"}}, {"type": "Feature", "geometry": {"type": "Polygon", "coordinates": [[[-70.73643275328286, 43.06109067975542], [-70.73660842007503, 43.06121540100126], [-70.73660709426233, 43.06122568783729], [-70.73661516969823, 43.0612430766941], [-70.73662385454286, 43.06126177778082], [-70.73660626313287, 43.06128066913115], [-70.73658037149339, 43.06127622884193], [-70.73657655392255, 43.06127105596489], [-70.7365662394423, 43.06125707965392], [-70.73656487550078, 43.06125554284451], [-70.73654355145392, 43.06123151614578], [-70.73650362372945, 43.061201582651634], [-70.73646702758836, 43.061142067275426], [-70.73643879559826, 43.061101654204904], [-70.73643275328286, 43.06109067975542]]]}, "properties": {"id": 110, "Hectares": 0.05289072414, "Acres": 0.02140414971, "Year": "2019", "LABEL": "Little Harbor/Back Channel", "Type": 1, "Name": "Eelgrass"}}, {"type": "Feature", "geometry": {"type": "Polygon", "coordinates": [[[-70.85148759192779, 43.054661678758514], [-70.85158178970559, 43.05454390015501], [-70.85213932860978, 43.054121984747646], [-70.85313041346353, 43.05394248994789], [-70.85367210836543, 43.053992095856835], [-70.85470398076639, 43.054358432600864], [-70.8550131865191, 43.054568289108566], [-70.85528805773764, 43.05483421673427], [-70.85574078003792, 43.05508028585296], [-70.85601630572056, 43.05529694038472], [-70.85604762868937, 43.055469628141324], [-70.85611896819242, 43.05551940942037], [-70.85623354730868, 43.055565977171696], [-70.8563569836284, 43.055668922910364], [-70.85661290011005, 43.0559171145397], [-70.85673218697357, 43.05597075453682], [-70.85681270932096, 43.0560522777746], [-70.85690218209908, 43.056183140247555], [-70.85693904691422, 43.05620284654634], [-70.85693619076011, 43.05620805051292], [-70.85699263697535, 43.05626436471886], [-70.85709191418822, 43.056347159390526], [-70.85714888172093, 43.05641833161093], [-70.85722923218775, 43.056472684585486], [-70.85730677795493, 43.05651908314752], [-70.85729804030981, 43.05652412510007], [-70.85731314488174, 43.05654970884723], [-70.85734751178046, 43.056578259590154], [-70.85740143882613, 43.05658713326778], [-70.85743591745269, 43.05660719246799], [-70.85745855582097, 43.05664698331384], [-70.85750079154664, 43.05666426657782], [-70.85753579129293, 43.05664469867077], [-70.85754399493919, 43.05660795668171], [-70.85756734048059, 43.05659396790051], [-70.85760608843174, 43.05658291877878], [-70.85764207025619, 43.05658537395194], [-70.85765237012572, 43.05658607674808], [-70.85770622280538, 43.05660061129385], [-70.85778668562358, 43.056646472364086], [-70.85788180699292, 43.05675188312097], [-70.8580037993867, 43.05686880675875], [-70.85813752080699, 43.05697449006033], [-70.85821742663771, 43.05706280841843], [-70.85832769171468, 43.057190971930126], [-70.85847670550642, 43.057308085923715], [-70.85861766542185, 43.05745061976759], [-70.85870918962877, 43.05753618904648], [-70.85881247981455, 43.05760768747148], [-70.85883666612267, 43.05763845789209], [-70.8588617615474, 43.057651372148634], [-70.85906515305504, 43.05768905227406], [-70.85934855905066, 43.057749949400836], [-70.859834170166, 43.057939127625154], [-70.86018381239043, 43.058131876201095], [-70.86053327876748, 43.058338214176096], [-70.86077172356218, 43.05853017757233], [-70.8609006100304, 43.05870928971767], [-70.8608923151091, 43.05875755524864], [-70.86084069677321, 43.058924822858046], [-70.86068518061182, 43.05900527790244], [-70.8601602940504, 43.0589834575956], [-70.85975308550712, 43.05893981186963], [-70.85926609961702, 43.05885482672772], [-70.85891051621583, 43.05864391115496], [-70.85880147138494, 43.05859791433613], [-70.85880005076135, 43.058570482079], [-70.85873875353857, 43.05851867430162], [-70.85867395069141, 43.058455939875905], [-70.85867454536907, 43.05841065178848], [-70.858640176838, 43.05838210143988], [-70.85858684277615, 43.05832794024743], [-70.85853725730324, 43.058282297805675], [-70.85848715144365, 43.05827628241855], [-70.85840601675302, 43.05828137092888], [-70.85835852301425, 43.05827327890221], [-70.85833668519498, 43.058269558147245], [-70.85822110786674, 43.05825175708845], [-70.85811343659716, 43.058219857934056], [-70.85803653393036, 43.05819666840433], [-70.85791319960971, 43.05818164298954], [-70.85782868866995, 43.058149907245884], [-70.85781788998153, 43.05809038479175], [-70.85784146412232, 43.05804834761722], [-70.85784160808082, 43.058048090911655], [-70.85777290943922, 43.05798815920485], [-70.85769222162074, 43.057959281151554], [-70.85766904521105, 43.05795673456083], [-70.8576330344539, 43.05796094189267], [-70.85750444659222, 43.05796969510451], [-70.8574329229936, 43.057924918133175], [-70.85733971458966, 43.05783485278485], [-70.85724261172757, 43.05774187574282], [-70.85724809964715, 43.057623667663044], [-70.85717807056803, 43.05756549090449], [-70.85709242484856, 43.057498551412095], [-70.85701365806514, 43.057506646364054], [-70.8569387480157, 43.05752053669276], [-70.85682462529418, 43.05752549726638], [-70.856805759073, 43.05746479826708], [-70.8567868169796, 43.05740986686863], [-70.85674462069615, 43.05732881425015], [-70.8566821919813, 43.05729087947309], [-70.85667913240802, 43.05722452418814], [-70.85660464021935, 43.057206692477436], [-70.85652560798701, 43.05723497371098], [-70.856422600179, 43.057291925845604], [-70.85628450226702, 43.05732555683443], [-70.8562293694055, 43.05733093453787], [-70.8562214661526, 43.05733376263747], [-70.85616273718381, 43.057324994964524], [-70.85612704489834, 43.057335977970624], [-70.85605824581513, 43.05737554517173], [-70.85600335003888, 43.05737347817875], [-70.85589883020582, 43.05729178437201], [-70.85571833244101, 43.05714795714298], [-70.85545620017649, 43.057007070678935], [-70.85528132553479, 43.05698295278135], [-70.85518953459473, 43.057028058159155], [-70.85510890644248, 43.057136597418705], [-70.85514006527266, 43.05732160319012], [-70.85514447288938, 43.057408516993604], [-70.85510705914442, 43.057458637828795], [-70.85495492682915, 43.057529712895445], [-70.85482590047492, 43.05748656109516], [-70.85469498544042, 43.057404678933906], [-70.85448905338158, 43.057369780325345], [-70.85434276529826, 43.05736170257245], [-70.85423964840457, 43.057355690985396], [-70.85421171301508, 43.057346476988634], [-70.85417690369717, 43.05728917889868], [-70.85411870043184, 43.05723223163014], [-70.85409071189335, 43.05715767188535], [-70.85405954585546, 43.057104335572795], [-70.85399640032692, 43.05705927055414], [-70.85391547990835, 43.05704382366526], [-70.8537999074447, 43.05701963218139], [-70.8536734041345, 43.056996415864745], [-70.8536731106852, 43.057018627323814], [-70.85369995320889, 43.057070731293386], [-70.85376570293097, 43.057154836419755], [-70.85380781897072, 43.057241657706385], [-70.85379048848846, 43.057362665571645], [-70.85363715379992, 43.05735869221231], [-70.8534696129797, 43.05723925487172], [-70.85330982369908, 43.05712852459073], [-70.85330902011192, 43.057127966676404], [-70.85323946133116, 43.057115506041995], [-70.85309047281726, 43.05698909549654], [-70.85277756299625, 43.0567701612202], [-70.85258801813919, 43.05664346156428], [-70.85242409733911, 43.05655093752442], [-70.85226912106597, 43.05643935549935], [-70.8522152027431, 43.05635398775082], [-70.85205291434892, 43.056138247960526], [-70.85190795267891, 43.055926880497914], [-70.85188670190544, 43.055858797294576], [-70.85190513472004, 43.05583800459695], [-70.85193304427203, 43.055809362590274], [-70.85191196894985, 43.05576739350773], [-70.85185731442512, 43.05573672162093], [-70.8518151631803, 43.055715678391465], [-70.85169841556358, 43.05555995712788], [-70.8515825384727, 43.055340297955595], [-70.85154127908643, 43.05517428520424], [-70.85148199109797, 43.05505700983142], [-70.85150922210511, 43.05494794688198], [-70.85150958626397, 43.05492045452614], [-70.8514725255299, 43.05480412898802], [-70.85148759192779, 43.054661678758514]]]}, "properties": {"id": 111, "Hectares": 94.39415610495, "Acres": 38.20001865804, "Year": "2019", "LABEL": "Great Bay", "Type": 1, "Name": "Eelgrass"}}, {"type": "Feature", "geometry": {"type": "Polygon", "coordinates": [[[-70.68284877719944, 43.065430003883954], [-70.68283880716393, 43.06538943198428], [-70.68283658649246, 43.06535734075707], [-70.68280391235575, 43.06534904179857], [-70.68277015455651, 43.065348751546885], [-70.68276499218702, 43.06534161442666], [-70.68269993957229, 43.06531279934152], [-70.68264277419219, 43.065272749753326], [-70.68262124745047, 43.06524948358955], [-70.68259223604053, 43.065251005222834], [-70.68255129729557, 43.06524664413506], [-70.68255718115931, 43.06522063612694], [-70.68256026737063, 43.06519861307543], [-70.68252244695002, 43.06517022469337], [-70.68249813384091, 43.065151975012704], [-70.68249475640184, 43.065141278462484], [-70.6824721133165, 43.06506956636978], [-70.6824515598857, 43.06498720474241], [-70.68238012807868, 43.06483825670271], [-70.68238072963472, 43.06462979298073], [-70.68239528528677, 43.06457950592817], [-70.68244529203577, 43.064519371557196], [-70.68253185016015, 43.064489575973695], [-70.68257558675838, 43.06448375855595], [-70.68260809095598, 43.06446325461849], [-70.68264229549926, 43.06446857709392], [-70.6827202533419, 43.06443653994423], [-70.68284916185499, 43.06441299524313], [-70.68289105712175, 43.06441770418407], [-70.682909640713, 43.064448993880724], [-70.68286205270631, 43.0644742114472], [-70.68284364777848, 43.064486817431124], [-70.68282448863293, 43.064538193077055], [-70.68282495539258, 43.06454108046217], [-70.68283574389245, 43.06454783107365], [-70.68287733346848, 43.06456782067416], [-70.68288286678681, 43.064585793148346], [-70.68287444591515, 43.064602792088124], [-70.68286232834983, 43.06463256274736], [-70.6828700258636, 43.064660796629944], [-70.68288954069433, 43.06467803573951], [-70.68292300975074, 43.064696248375874], [-70.68296952835225, 43.0646992089808], [-70.68302164451016, 43.064643321574586], [-70.68302525928925, 43.06463567054597], [-70.68303728125414, 43.064611874015256], [-70.68307723888702, 43.064588317607935], [-70.68313438338728, 43.06458198024541], [-70.6831398504665, 43.064580034374295], [-70.68314256450263, 43.064577364531694], [-70.68322620311987, 43.06452496154155], [-70.68323448192128, 43.0645102873702], [-70.68322782545161, 43.064489744559594], [-70.68321915719909, 43.064485936544564], [-70.6832000808303, 43.064477556178026], [-70.68316388815656, 43.064484073651286], [-70.68312912280157, 43.06449392482924], [-70.68311126323917, 43.06449898554388], [-70.68306438999413, 43.06451821468565], [-70.68303163465438, 43.06452817593023], [-70.6829911135121, 43.064514170537905], [-70.68300692764123, 43.06447162813815], [-70.68304715811067, 43.064431002749416], [-70.68304960889022, 43.06442334171423], [-70.6830884569927, 43.06439636149749], [-70.68314373397442, 43.06438258892169], [-70.68315191786385, 43.06437709413037], [-70.68326116972366, 43.064316565472154], [-70.68329426819967, 43.0642841603542], [-70.68327455994817, 43.06427408132252], [-70.68325522367121, 43.0642623089419], [-70.68324877824556, 43.06425759998903], [-70.68324555553272, 43.064234055219195], [-70.68322777764999, 43.06420374913367], [-70.68316878633875, 43.06418942625751], [-70.68311932794401, 43.064149443139726], [-70.68314684187375, 43.064115772741985], [-70.68319339558954, 43.064096393843116], [-70.68322870603484, 43.06405713928528], [-70.68325250222442, 43.06401496019022], [-70.68328364333978, 43.063995448797726], [-70.68335712361595, 43.06397912680061], [-70.6834580723769, 43.06393195946524], [-70.68353880728209, 43.06394395541873], [-70.68358849152243, 43.063969812429626], [-70.68363840152576, 43.06398154349102], [-70.68366215226276, 43.063942189492835], [-70.68370521369714, 43.06390017579662], [-70.68376677329799, 43.06390635572464], [-70.68382788155792, 43.06394078747805], [-70.68386514901293, 43.064020223617284], [-70.68390629009485, 43.06406572160062], [-70.68396765257032, 43.06408809542214], [-70.6840139662863, 43.064103857346126], [-70.68406006191977, 43.06413327444898], [-70.68408579151695, 43.0641756350924], [-70.68409862847837, 43.064196769559906], [-70.68414688861591, 43.06423644801568], [-70.68421585514236, 43.06429166843232], [-70.68432420640173, 43.0643591768524], [-70.68443992334616, 43.06440284852167], [-70.68457418245889, 43.06445180061318], [-70.68464618601527, 43.06446266135791], [-70.68470422177828, 43.06447340219652], [-70.68474374277794, 43.064477155598226], [-70.68480859902677, 43.06449819771213], [-70.68492266960537, 43.064499176423816], [-70.68491384804078, 43.06446837233308], [-70.68484439033176, 43.06444387653055], [-70.68466332645515, 43.064409887307086], [-70.68456225805976, 43.06437688650707], [-70.68455837326947, 43.064369516527776], [-70.68452436921733, 43.06435415743498], [-70.68449721409235, 43.064338857117235], [-70.68448271252645, 43.064333150258825], [-70.68445333460323, 43.06429199994479], [-70.68440293703884, 43.06424035333452], [-70.68435700469051, 43.064200694969074], [-70.68434875752195, 43.06419691648329], [-70.68432871772723, 43.064166648650286], [-70.68430188349143, 43.06413126137874], [-70.68426545759648, 43.06405310122374], [-70.68425264196567, 43.063997744628274], [-70.68424321069293, 43.063944928294475], [-70.68424094907013, 43.06387208385077], [-70.68422613054652, 43.063810728620695], [-70.68423548200373, 43.063754974178174], [-70.6842986656033, 43.06365944711176], [-70.68438880006856, 43.06354092803254], [-70.68446874349165, 43.06347270794656], [-70.68454205385235, 43.06340163754171], [-70.68467177919418, 43.0632969085498], [-70.68497319831296, 43.06322950229897], [-70.68520642631978, 43.063204188758704], [-70.68535097531682, 43.0631917713732], [-70.68549793384787, 43.06317425306276], [-70.68556144102236, 43.06313382635741], [-70.68557762114254, 43.063119240315366], [-70.68562793485054, 43.06309728373785], [-70.68570842547814, 43.063087729166476], [-70.68578233939087, 43.06305250665302], [-70.68579659514464, 43.06303470079232], [-70.68585267908061, 43.063022375758344], [-70.68588739983015, 43.06303547910798], [-70.68596776787618, 43.06303360675666], [-70.68621646912923, 43.062989637189254], [-70.68629445328966, 43.06335654993966], [-70.68625952822369, 43.06335625071846], [-70.68609131648302, 43.063390665525496], [-70.68587331125147, 43.06348099863386], [-70.68565506037491, 43.063586696123934], [-70.6855856519762, 43.063631225325956], [-70.68552377242092, 43.063681260166256], [-70.68550021781465, 43.06371591367634], [-70.6854749408206, 43.06372319166927], [-70.6853974102244, 43.06373333230433], [-70.68539188463295, 43.06373328492106], [-70.68538083345013, 43.06373319015371], [-70.68535314086724, 43.06373700472035], [-70.68527177570006, 43.06375656715533], [-70.68521972950717, 43.06378583576707], [-70.68517115153655, 43.06382864091524], [-70.685157698265, 43.0638636432358], [-70.68515533928252, 43.06389603935203], [-70.68516028313616, 43.06393255015053], [-70.68518889942382, 43.06397158947023], [-70.68518517995368, 43.06397899901706], [-70.68517580408817, 43.06399884581178], [-70.68517308926037, 43.06402705274401], [-70.68520442138835, 43.06405056989561], [-70.6852519758725, 43.064050977756196], [-70.68525434632328, 43.064044355682164], [-70.68526040945117, 43.064019479899], [-70.6852898279018, 43.06401065005069], [-70.68534001084038, 43.06398271611088], [-70.68538936844566, 43.06397511691102], [-70.68539502305168, 43.06401260558031], [-70.68536862276424, 43.06406753839063], [-70.68533185395351, 43.06409874261861], [-70.6853233392224, 43.06412723418419], [-70.68531738518126, 43.06416362759515], [-70.68531947096719, 43.06419689930487], [-70.68532000866762, 43.06419730288777], [-70.68540257004477, 43.0642182711139], [-70.68542092420556, 43.064222480546185], [-70.68544844468136, 43.06422946993738], [-70.68547581438567, 43.06424591279739], [-70.6854825388211, 43.064275520001985], [-70.6855098882451, 43.06428078315345], [-70.6855602823764, 43.06426284521447], [-70.68561012081419, 43.06425651910264], [-70.68569056053772, 43.06429502778645], [-70.6857057769573, 43.064323894283405], [-70.68578321945881, 43.06432771517588], [-70.685918491882, 43.064322679319375], [-70.68593902069206, 43.06430931361264], [-70.68596864149646, 43.064300112705475], [-70.68602569675586, 43.0643033030305], [-70.68606439089945, 43.064302500151314], [-70.68620859651443, 43.064235291157395], [-70.68627898615418, 43.06421255551547], [-70.68628885804566, 43.064204256860705], [-70.68633000347738, 43.064165439608864], [-70.68637266793418, 43.06414689557333], [-70.68645707149412, 43.06416787882043], [-70.68647604427241, 43.06417843728232], [-70.68650649199049, 43.06417787148764], [-70.68654875656054, 43.064194327097624], [-70.68662414448333, 43.06420307686978], [-70.68662827897629, 43.064204126861505], [-70.68664065684808, 43.06420727033243], [-70.68664904861144, 43.064218158028694], [-70.68666344723813, 43.064227885181516], [-70.68682356923692, 43.064336628173045], [-70.68699103818501, 43.06446803842629], [-70.68706684166732, 43.064547803433136], [-70.68709989399676, 43.06459772075481], [-70.68710173908454, 43.06461120067427], [-70.68710173908454, 43.064637454204956], [-70.68709318313397, 43.06465745688744], [-70.6870846271834, 43.064672458895046], [-70.68705520301442, 43.06468418443139], [-70.68704644696926, 43.06468152905865], [-70.68703474551761, 43.06467798045568], [-70.68701816848069, 43.06467783853976], [-70.68700891217841, 43.06468635732895], [-70.6870050816717, 43.064689882632], [-70.68698280689611, 43.06470049738033], [-70.68695177185117, 43.064693707523105], [-70.6869102854796, 43.06469904406584], [-70.68689384337998, 43.06470157572446], [-70.68688099555983, 43.06469621206623], [-70.68684677175754, 43.06469621206622], [-70.68681939271575, 43.06470246289922], [-70.68679201367391, 43.06470496323225], [-70.6867719013961, 43.06470916142938], [-70.68676805701232, 43.064709963897975], [-70.68672185487924, 43.064713714397], [-70.6866927646473, 43.06470871373157], [-70.68669178579361, 43.06470847535377], [-70.68666196322526, 43.06470121273268], [-70.68662773942297, 43.0646987123995], [-70.68659522681081, 43.064701212732665], [-70.68657044597173, 43.06470743614482], [-70.6864477249409, 43.06470638497567], [-70.68625745469552, 43.06475786633134], [-70.68625466754858, 43.064757158506346], [-70.68619899024196, 43.06474387571202], [-70.68617084548396, 43.06475644030979], [-70.68612868955103, 43.06477144599227], [-70.68609741954342, 43.06476093343866], [-70.6860695196739, 43.06475813320765], [-70.68602382927413, 43.06477342259144], [-70.68601342217207, 43.064772472185176], [-70.68598090955992, 43.06478247350522], [-70.68596037527854, 43.06479372498829], [-70.68594050896996, 43.06480201868516], [-70.68574464599365, 43.06481338313195], [-70.68568772340699, 43.06482989011084], [-70.68568755824192, 43.06482987176725], [-70.6856525406667, 43.064830922247744], [-70.68561544428574, 43.06484681238672], [-70.68561416603652, 43.06484760565015], [-70.68558584470318, 43.06485466270209], [-70.68557800012238, 43.06485756867], [-70.68553973265016, 43.064858319390055], [-70.68551203956864, 43.06486213398952], [-70.68544740082473, 43.064872385191705], [-70.68541793045783, 43.0648721324854], [-70.68537158141584, 43.064890644564635], [-70.68534571564255, 43.06490432212825], [-70.68531146775723, 43.06491138965397], [-70.68523207322974, 43.064915183230326], [-70.68522189209386, 43.06492042647474], [-70.68519214160226, 43.0649377301608], [-70.68517736331069, 43.06494030476796], [-70.68514806529296, 43.06492924802231], [-70.68511861644953, 43.06492764474247], [-70.68509272211473, 43.06493417603137], [-70.68507231037572, 43.0649434557067], [-70.68504791478762, 43.064953905310304], [-70.68503804380713, 43.06494749505028], [-70.68501408714555, 43.06494374456555], [-70.68499184167406, 43.06494249440391], [-70.68497130739269, 43.064942494403915], [-70.6849593290619, 43.064942494403915], [-70.68494503932972, 43.06495397817839], [-70.68492467821115, 43.06495974806381], [-70.68490612989206, 43.06496769301536], [-70.6848637877347, 43.064965979050584], [-70.68480675348708, 43.06496143764506], [-70.6847758479064, 43.064953140462976], [-70.6847755705166, 43.06495306599244], [-70.6847443228859, 43.06494874581946], [-70.68471474470395, 43.064955245411774], [-70.68470569849711, 43.064958465317595], [-70.6846962179171, 43.06496183983304], [-70.68463342084108, 43.06497210637887], [-70.68455235566093, 43.06497276133647], [-70.6845365763911, 43.06497034778079], [-70.68452468677296, 43.06497999924164], [-70.68451270844216, 43.0649849998849], [-70.68450714972059, 43.06499109151849], [-70.68448337200587, 43.06499552266602], [-70.68449007100284, 43.06501350821619], [-70.68451065863358, 43.065036735273154], [-70.68451064631866, 43.0650375066149], [-70.68450586368171, 43.06503750661489], [-70.68449559654101, 43.0650425072535], [-70.68448875178056, 43.065053758688855], [-70.68447335106953, 43.065060009485386], [-70.68443399369691, 43.065051258370076], [-70.68441688179577, 43.06503875677458], [-70.68441345941555, 43.06501625389628], [-70.68439976989463, 43.0650075027747], [-70.68435706602655, 43.065001047899564], [-70.68432101480545, 43.065021691478194], [-70.68431555726008, 43.06503556142582], [-70.68431544943124, 43.06504231390495], [-70.68430390199813, 43.06507328043509], [-70.68426294878627, 43.0650999424716], [-70.68423789959014, 43.065095634824324], [-70.68418400641862, 43.06514918290991], [-70.68412796111727, 43.06515894630016], [-70.68406653094522, 43.06515277967731], [-70.68405924306195, 43.06515502151423], [-70.68403528640037, 43.065158771986034], [-70.68400790735855, 43.06516252245761], [-70.68399421783764, 43.06516627292892], [-70.68398052831671, 43.06517002340005], [-70.68395657165513, 43.06517752434159], [-70.68394459332434, 43.06518877575217], [-70.68393774856388, 43.06520002716069], [-70.68392577023307, 43.06521752934763], [-70.68390181357148, 43.06523503152955], [-70.68388299048023, 43.06524128230759], [-70.68387100633187, 43.06524128230939], [-70.68385334204962, 43.06525580554788], [-70.6837851051243, 43.065260622181825], [-70.68374164660187, 43.06524958446335], [-70.6837410719455, 43.065249438510364], [-70.68373758233642, 43.06523725240747], [-70.68369727615735, 43.06522339937129], [-70.68368592259623, 43.06524221137501], [-70.6836593734255, 43.06527783939722], [-70.68363295703034, 43.065286911515685], [-70.68361355786519, 43.0652938161855], [-70.68360403696343, 43.065294184486], [-70.68355601781977, 43.065301876032535], [-70.68348219034087, 43.06531069649781], [-70.6834537313975, 43.06532506197234], [-70.68340455062066, 43.06535507724706], [-70.68340478459609, 43.06535622119151], [-70.68337365342715, 43.065365042524064], [-70.68334563061931, 43.065369924022384], [-70.68325839704981, 43.065364052075346], [-70.68325773574031, 43.065364193458144], [-70.68325027043198, 43.065359913807754], [-70.68311169045383, 43.06535024604721], [-70.68308559859287, 43.06536686721336], [-70.68304552407531, 43.065375801275444], [-70.68300342795503, 43.065372546909856], [-70.68297449726444, 43.065387682609796], [-70.68297279582309, 43.065413725010494], [-70.68293299719946, 43.06543912832672], [-70.68290983274305, 43.06544175475716], [-70.68284877719944, 43.065430003883954]]]}, "properties": {"id": 112, "Hectares": 26.8426653121, "Acres": 10.86285802072, "Year": "2019", "LABEL": "Gerrish Island Beds", "Type": 1, "Name": "Eelgrass"}}, {"type": "Feature", "geometry": {"type": "Polygon", "coordinates": [[[-70.71667074285125, 43.08027177658828], [-70.7166303126327, 43.08027051434109], [-70.71661266109649, 43.08026758804359], [-70.71661273267462, 43.08026295573169], [-70.71661688223806, 43.080239825653116], [-70.71661600486715, 43.08021480067501], [-70.71662272515216, 43.08018891219604], [-70.71664975355262, 43.080157632836084], [-70.71668509951103, 43.08016070602919], [-70.71671029141488, 43.08016647465839], [-70.71673159145804, 43.08017869704204], [-70.71672882034323, 43.080194425918506], [-70.71671200329101, 43.08021930400143], [-70.71670799690659, 43.08023316945979], [-70.71670393326335, 43.08025074076759], [-70.71667074285125, 43.08027177658828]]]}, "properties": {"id": 113, "Hectares": 0.05492872216, "Acres": 0.02222889952, "Year": "2019", "LABEL": "Portsmouth Harbor", "Type": 1, "Name": "Eelgrass"}}, {"type": "Feature", "geometry": {"type": "Polygon", "coordinates": [[[-70.71768605018474, 43.07943515917769], [-70.71763779414381, 43.079449584268524], [-70.71760511929357, 43.07943726771015], [-70.71757626468177, 43.079423129665706], [-70.7175701169182, 43.079411959697794], [-70.71758176349873, 43.07939445125097], [-70.71762644238632, 43.07936609779445], [-70.7176658941498, 43.07934881994631], [-70.7177216761479, 43.079338163581696], [-70.71775818548298, 43.07934773216087], [-70.71776545416996, 43.079368177228226], [-70.71773956187683, 43.07940780551121], [-70.71768605018474, 43.07943515917769]]]}, "properties": {"id": 114, "Hectares": 0.0737235358, "Acres": 0.02983490249, "Year": "2019", "LABEL": "Portsmouth Harbor", "Type": 1, "Name": "Eelgrass"}}, {"type": "Feature", "geometry": {"type": "Polygon", "coordinates": [[[-70.71908464408482, 43.07941872048143], [-70.71905586790272, 43.079481489716514], [-70.71901970830122, 43.07953122565753], [-70.71892029760235, 43.07958414405238], [-70.718886694151, 43.07963204795882], [-70.71885056288613, 43.07967993091677], [-70.71876177703975, 43.07969958024929], [-70.71863780245573, 43.07970596584137], [-70.7184863367859, 43.079691738713095], [-70.7184670290921, 43.079632277514634], [-70.71840446381803, 43.07959098947214], [-70.71842011615192, 43.079559615415164], [-70.71841551786055, 43.07952992670528], [-70.71834019964871, 43.079495945595056], [-70.71831032388536, 43.07946604738907], [-70.7183540386879, 43.079418227448755], [-70.71846054706744, 43.07939687212801], [-70.71853390892691, 43.079393773693084], [-70.71864728622144, 43.0794188041837], [-70.71868503106059, 43.07943023586602], [-70.7187660333328, 43.07942349425382], [-70.71884734978191, 43.079396370395465], [-70.71895667130566, 43.07935650628564], [-70.7190534681867, 43.07930912569937], [-70.71912708690894, 43.07928935054516], [-70.71916236112266, 43.079297055286], [-70.7191488943346, 43.079350685498255], [-70.71908464408482, 43.07941872048143]]]}, "properties": {"id": 115, "Hectares": 1.01770180513, "Acres": 0.41184994441, "Year": "2019", "LABEL": "Portsmouth Harbor", "Type": 1, "Name": "Eelgrass"}}, {"type": "Feature", "geometry": {"type": "Polygon", "coordinates": [[[-70.72251178820626, 43.080316941014836], [-70.7225052505736, 43.080316128959836], [-70.72247886528415, 43.08030571885231], [-70.7224478370304, 43.08026839956757], [-70.7224485768704, 43.08022022344233], [-70.72246779135459, 43.080203703527985], [-70.72249362405535, 43.08016778001072], [-70.72252036495281, 43.08015502851509], [-70.72255443311755, 43.08015901593342], [-70.72257292203997, 43.080189745664285], [-70.72256603354334, 43.080226752084236], [-70.72256310743074, 43.08025267221973], [-70.72256402990129, 43.08027491778308], [-70.72253950376896, 43.080308072351905], [-70.72251178820626, 43.080316941014836]]]}, "properties": {"id": 116, "Hectares": 0.08254747906, "Acres": 0.03340583115, "Year": "2019", "LABEL": "Portsmouth Harbor", "Type": 1, "Name": "Eelgrass"}}, {"type": "Feature", "geometry": {"type": "Polygon", "coordinates": [[[-70.72610574605638, 43.0825992261707], [-70.72610063358916, 43.08260289047156], [-70.72607316702394, 43.082580426753665], [-70.72604578552655, 43.08255240424211], [-70.72601239619958, 43.08250394755307], [-70.72599668790917, 43.08245656278691], [-70.72599937171728, 43.082446392457946], [-70.72601953805423, 43.08245026456138], [-70.7260256167806, 43.08246606640949], [-70.72603165298561, 43.08248464765088], [-70.72604283000598, 43.082497711664686], [-70.72607286692887, 43.08251741677542], [-70.72607015478108, 43.08252944003514], [-70.72606874909681, 43.08253869429087], [-70.72608498190274, 43.08255179985927], [-70.72609263642434, 43.08254722987339], [-70.7261016541031, 43.082536185024495], [-70.7261118790256, 43.082528856422265], [-70.72612697545706, 43.08253361341461], [-70.72612562647492, 43.082539161812896], [-70.72611667966778, 43.082545574340955], [-70.72610646891677, 43.082551976479024], [-70.72610506323737, 43.082561230735195], [-70.72611128373282, 43.082567767933305], [-70.72612508788444, 43.08257436746583], [-70.72614262717411, 43.082584704021606], [-70.7261651230314, 43.08260156738129], [-70.72618374203529, 43.08262395835869], [-70.7261695693734, 43.08264144691148], [-70.72613933393357, 43.082634712329295], [-70.72610574605638, 43.0825992261707]]]}, "properties": {"id": 117, "Hectares": 0.04842655726, "Acres": 0.01959756268, "Year": "2019", "LABEL": "Lower Piscataqua River South", "Type": 1, "Name": "Eelgrass"}}, {"type": "Feature", "geometry": {"type": "Polygon", "coordinates": [[[-70.73969082426052, 43.06738139657304], [-70.73966645853383, 43.067346524688546], [-70.73966659602941, 43.067337400933475], [-70.73967433747599, 43.067319213908384], [-70.7396797275935, 43.06729188296604], [-70.73970732456826, 43.06727750673061], [-70.73974203052062, 43.06728691273288], [-70.73977153888069, 43.06731087641448], [-70.73977087897663, 43.06735467044013], [-70.73976026378386, 43.0673983838268], [-70.73969082426052, 43.06738139657304]]]}, "properties": {"id": 118, "Hectares": 0.0522285351, "Acres": 0.0211361709, "Year": "2019", "LABEL": "Little Harbor/Back Channel", "Type": 1, "Name": "Eelgrass"}}, {"type": "Feature", "geometry": {"type": "Polygon", "coordinates": [[[-70.73926417577917, 43.0676133612225], [-70.73921954191275, 43.067602049638104], [-70.73920980669742, 43.0675873709457], [-70.73921254314182, 43.06757096836118], [-70.73922050485305, 43.067538183363325], [-70.73924569575354, 43.06751831281811], [-70.73928828090582, 43.0675004082097], [-70.73933794738213, 43.06750811060343], [-70.73936223045878, 43.06754845680814], [-70.73935910893698, 43.06759040590758], [-70.73926417577917, 43.0676133612225]]]}, "properties": {"id": 119, "Hectares": 0.0716040422, "Acres": 0.02897717254, "Year": "2019", "LABEL": "Little Harbor/Back Channel", "Type": 1, "Name": "Eelgrass"}}, {"type": "Feature", "geometry": {"type": "Polygon", "coordinates": [[[-70.82350723688633, 43.12318257939026], [-70.82256167912789, 43.123955563205236], [-70.82256162568491, 43.12395560691847], [-70.82252991905422, 43.12398152614181], [-70.82238463182138, 43.12405175033901], [-70.82218803640616, 43.12410515462678], [-70.82194459694762, 43.124090234944255], [-70.82157595160216, 43.12396827724784], [-70.82126858999467, 43.1238288858587], [-70.82099949357443, 43.12357054096917], [-70.82085982817756, 43.1233697891557], [-70.82087536135225, 43.12312845208262], [-70.82104477751012, 43.12294190836637], [-70.82169696717374, 43.122863261712155], [-70.82211946935867, 43.12284959465879], [-70.82213674737672, 43.12284266148972], [-70.8224215774328, 43.12284476347711], [-70.82274660588082, 43.122882931908904], [-70.82321701338711, 43.123002655158565], [-70.82333161976636, 43.12304842821915], [-70.82337714489665, 43.12306661061664], [-70.82350723688633, 43.12318257939026]]]}, "properties": {"id": 120, "Hectares": 12.78739508167, "Acres": 5.17488317989, "Year": "2019", "LABEL": "Lower Piscataqua River North", "Type": 1, "Name": "Eelgrass"}}, {"type": "Feature", "geometry": {"type": "Polygon", "coordinates": [[[-70.84099001089857, 43.11466874899626], [-70.84096677164345, 43.11472618950452], [-70.84085819743403, 43.11479399238619], [-70.84070267629095, 43.11491923259266], [-70.84071362882186, 43.11514471547186], [-70.840841986679, 43.11530615679053], [-70.84094269872159, 43.11544349199378], [-70.84106566190721, 43.11565953746787], [-70.84128697324685, 43.11584214019397], [-70.84159136451328, 43.11608681535557], [-70.84184585901846, 43.116228673760965], [-70.84196494517866, 43.116386631749585], [-70.84213549075763, 43.11653129961125], [-70.84222752671945, 43.116620758219376], [-70.84238043635065, 43.116690164051164], [-70.84267697963352, 43.11682549309211], [-70.84278281784543, 43.11692871147846], [-70.84314014509359, 43.11705081613982], [-70.8435022725572, 43.117162708593014], [-70.84366884898209, 43.11725611747752], [-70.84386353196717, 43.117339482612806], [-70.84424600060332, 43.117325156279236], [-70.84439201494618, 43.11721350382027], [-70.84448666141537, 43.11710831249209], [-70.8445613359844, 43.11710201863172], [-70.84459743892668, 43.117191073440154], [-70.84456768721219, 43.11732405280412], [-70.84459944883596, 43.11738916995939], [-70.84457915713122, 43.11751197166343], [-70.84414362720126, 43.11765911079945], [-70.8438778309333, 43.117664030204836], [-70.84355692073348, 43.11760707878765], [-70.84311134203007, 43.11746043381302], [-70.84260548729804, 43.11728944655036], [-70.84200631481734, 43.11712461493722], [-70.84154196000614, 43.11698807414429], [-70.84108697603983, 43.11684818387106], [-70.84090600716553, 43.11678540423335], [-70.84072983786852, 43.11671241332944], [-70.84060951398575, 43.11664665575854], [-70.84039998046154, 43.1166280668035], [-70.84009804639452, 43.116547336254584], [-70.83965677727831, 43.11642803061496], [-70.83942951931488, 43.11634100760304], [-70.8389384508621, 43.11611205246763], [-70.83865627180555, 43.115949496010266], [-70.83851679970057, 43.115921164961186], [-70.83766478193762, 43.115494924415245], [-70.83754995495813, 43.11536772968338], [-70.83766782445802, 43.11526954266664], [-70.83778431082233, 43.115273801778976], [-70.83787260574464, 43.11521832195608], [-70.83790402651904, 43.115211487586336], [-70.83796972241173, 43.11517951892272], [-70.83813653436746, 43.115081685875076], [-70.83837991142961, 43.11501002092662], [-70.8386890061812, 43.114904678933165], [-70.83885441228242, 43.11491099854423], [-70.83898949713469, 43.11491880619294], [-70.83910840561899, 43.114916251058716], [-70.83926321683184, 43.11484394363483], [-70.83938935030041, 43.114727716984326], [-70.83964916580524, 43.11457010189387], [-70.83983681110364, 43.11448266255915], [-70.8400957072904, 43.1142966965662], [-70.8404554487618, 43.11423782096984], [-70.84055409977529, 43.114237328793216], [-70.84058351756407, 43.11424728367927], [-70.84068071432907, 43.11429921351259], [-70.8408425256217, 43.11439942256652], [-70.84096608330198, 43.114571074749385], [-70.84099001089857, 43.11466874899626]]]}, "properties": {"id": 121, "Hectares": 38.5993544709, "Acres": 15.62062866834, "Year": "2019", "LABEL": "Little Bay", "Type": 1, "Name": "Eelgrass"}}, {"type": "Feature", "geometry": {"type": "Polygon", "coordinates": [[[-70.9093362358098, 43.06400391175311], [-70.90933245616428, 43.063985788238135], [-70.90918247583255, 43.063911033292854], [-70.90904513672902, 43.06388416748869], [-70.90877789877946, 43.06386509350237], [-70.9085029014173, 43.06383731527405], [-70.90837814406511, 43.06374708248455], [-70.90837127312955, 43.06366628299225], [-70.90839661330259, 43.06352513146588], [-70.90846915022074, 43.06338429264428], [-70.9085764447491, 43.063295597299636], [-70.90881321027373, 43.06323371598561], [-70.9091599234501, 43.063186982384444], [-70.90961304158468, 43.06312364728539], [-70.90990990085318, 43.06297275504951], [-70.91033215501045, 43.06286018379177], [-70.91061643252445, 43.062772656111406], [-70.91079023010649, 43.062713238735554], [-70.91102188935552, 43.062746493446255], [-70.9111433530259, 43.062784788352985], [-70.91122899458227, 43.062857455507555], [-70.91125560524645, 43.0629326170092], [-70.91128951556117, 43.06305397181738], [-70.91138263434628, 43.063158412986006], [-70.91136683453338, 43.06348420866382], [-70.91134561130067, 43.06361096767787], [-70.91133987252654, 43.06375801738227], [-70.91134235399394, 43.063876280638674], [-70.91127301255393, 43.06407770784069], [-70.9112011186196, 43.064166639413386], [-70.91105527423376, 43.06419163313225], [-70.91087509442484, 43.06412987780116], [-70.91074394393013, 43.06410034375923], [-70.91074175805483, 43.064097272329306], [-70.91069909615165, 43.06404796131935], [-70.91064063098518, 43.06400431402889], [-70.91048362545278, 43.063977320021465], [-70.9103650294184, 43.06402556547431], [-70.91019877148597, 43.0640530031861], [-70.91014438490883, 43.0640558317953], [-70.91003496698957, 43.06399742699001], [-70.90995840694828, 43.0639603817241], [-70.90985288577632, 43.063951385549885], [-70.90958985100268, 43.06404928040512], [-70.90949038734183, 43.06414091257285], [-70.90932469812863, 43.06419911075406], [-70.9092690962742, 43.06418696439125], [-70.90923080133521, 43.064139194693375], [-70.90924306225664, 43.06410178293735], [-70.90927892186122, 43.064064527369574], [-70.9093362358098, 43.06400391175311]]]}, "properties": {"id": 122, "Hectares": 16.17751325441, "Acres": 6.54681744781, "Year": "2019", "LABEL": "Great Bay", "Type": 3, "Name": "Widgeon Grass"}}, {"type": "Feature", "geometry": {"type": "Polygon", "coordinates": [[[-70.89261456768315, 43.05866649775941], [-70.89246780302267, 43.05843647746648], [-70.89203766882838, 43.05828538301429], [-70.89144483369152, 43.05832735656362], [-70.89093554606453, 43.05837500319573], [-70.89055109681492, 43.05846948231761], [-70.89036283906873, 43.05847842494759], [-70.89002941958549, 43.05839440614693], [-70.88977335547922, 43.05825470396552], [-70.88967774302299, 43.05810076139595], [-70.88940006799427, 43.05801711923312], [-70.8891143930685, 43.05801517853809], [-70.8885772356338, 43.058062625308615], [-70.88804046531455, 43.05807941350454], [-70.88734516417396, 43.058509011920144], [-70.88692934155041, 43.05887919333927], [-70.88639807663968, 43.059560282706066], [-70.88614610737179, 43.05990318210661], [-70.88613693783063, 43.059882367510106], [-70.88611684914733, 43.05988889851811], [-70.8860714873364, 43.05992154779838], [-70.88604751733897, 43.05992138429078], [-70.88600923509001, 43.05986838923184], [-70.88603190913163, 43.05973451187814], [-70.88610868250984, 43.05958782005751], [-70.88611071708375, 43.05942743494149], [-70.88617606237223, 43.05923672018534], [-70.88625347567218, 43.05903949594526], [-70.88655838869082, 43.058624098050295], [-70.88678580375921, 43.058412515156725], [-70.88692463015686, 43.05833436028067], [-70.8870761645937, 43.058199163385964], [-70.88719334906216, 43.05817359467294], [-70.88723600230338, 43.05816113731623], [-70.88725951515802, 43.05815427011476], [-70.88728997769644, 43.05811492713895], [-70.88726996854966, 43.05808030445801], [-70.88727291904395, 43.0580423018053], [-70.88729472697108, 43.05797653291776], [-70.88731314015634, 43.057944382721985], [-70.88731508090382, 43.057925657515646], [-70.88737073429861, 43.057798651891616], [-70.88740608377945, 43.05775076952804], [-70.8874496191759, 43.05766614288749], [-70.88749684934884, 43.057610103276545], [-70.8875764374069, 43.0574994512734], [-70.88764307549822, 43.05744277649927], [-70.8877451942184, 43.0574236963975], [-70.88777591305427, 43.05741801959417], [-70.88787133751573, 43.05740038521085], [-70.88790847609003, 43.0573790096987], [-70.88806755025473, 43.05733914875125], [-70.88816033312833, 43.057328456906276], [-70.88829925675712, 43.0573322326815], [-70.88830622290827, 43.057334694705226], [-70.88831253102718, 43.057333754057346], [-70.88834847458762, 43.05732839425359], [-70.88838882398392, 43.05727056492173], [-70.88840891144751, 43.05720842459622], [-70.88838267919463, 43.05714596925552], [-70.8884446535399, 43.05712940610655], [-70.88855680747471, 43.05711318412982], [-70.88864608782809, 43.05707416037503], [-70.88863114898172, 43.05703442802957], [-70.88862378692963, 43.057006070275975], [-70.88865488136379, 43.056989297059275], [-70.88870899241877, 43.056984003386766], [-70.88871973457258, 43.056969557637025], [-70.88871589200068, 43.05696008845033], [-70.8887221897418, 43.056935961539665], [-70.88874929356852, 43.05692515955123], [-70.88877234312281, 43.05693210292012], [-70.88884116139118, 43.05691130179286], [-70.88901634685374, 43.05683483691607], [-70.88903539511072, 43.056810649929595], [-70.88916159219839, 43.05678294318653], [-70.8893231575083, 43.05680664963335], [-70.88941000542702, 43.05680193600007], [-70.88970124839037, 43.05674532605971], [-70.88971037769595, 43.05674711996315], [-70.88981238370036, 43.05673682623775], [-70.88984028042562, 43.056716744640866], [-70.88987286032328, 43.05669329181353], [-70.89000219154548, 43.056654619178], [-70.8901546873537, 43.05667982376537], [-70.89020735841972, 43.05670717921746], [-70.89038364193512, 43.05673494478581], [-70.89047610219892, 43.05674972580421], [-70.89055078066524, 43.05677160742769], [-70.8906637823436, 43.056755571944755], [-70.89078792912878, 43.05674009930236], [-70.8908964503832, 43.05670354491555], [-70.8909764578825, 43.05665980525857], [-70.89109445405462, 43.05662797617024], [-70.89116113270383, 43.056633089314786], [-70.8912310480678, 43.05663356308945], [-70.89127824780954, 43.05667117301676], [-70.89127468810094, 43.05670144710902], [-70.8912485008059, 43.05676186609138], [-70.8911458950724, 43.05683342037481], [-70.89109700694416, 43.056851295562296], [-70.89109630561896, 43.056853007732954], [-70.89106070978858, 43.05692070496896], [-70.89097444215108, 43.05699025198032], [-70.89098380615539, 43.056999117019686], [-70.89114080582745, 43.05699767859312], [-70.89140063601633, 43.056903192953385], [-70.89159763660898, 43.05689320430698], [-70.89183773821759, 43.056832553293525], [-70.89189543561184, 43.05682540040027], [-70.8919314954314, 43.05682501502241], [-70.89194978385952, 43.05682481956631], [-70.89204060174653, 43.05677856370439], [-70.89205582461072, 43.05675801109955], [-70.89213224274728, 43.05674687518166], [-70.89215069465853, 43.05679594333198], [-70.89211952700552, 43.056838412935875], [-70.89210718699862, 43.05689382353462], [-70.89216855449398, 43.056925377353075], [-70.89221233993646, 43.05696276293786], [-70.89222202401126, 43.05697103154066], [-70.89226048118309, 43.056982614871636], [-70.89229529211718, 43.05697718889524], [-70.89234359314267, 43.05695988588574], [-70.89240470320271, 43.056958546310206], [-70.89242856836526, 43.05693999219153], [-70.89254983028225, 43.05690119180357], [-70.89263251654401, 43.05689708984789], [-70.89268027426503, 43.05689042096918], [-70.89275675107612, 43.05687462376803], [-70.89281360312727, 43.05690297581091], [-70.89280680755748, 43.05693788933182], [-70.89277474930707, 43.05695053803816], [-70.89274292539926, 43.056963094269605], [-70.89273654724155, 43.05698196416337], [-70.89273613810418, 43.0569831746032], [-70.89272641995132, 43.05701192590772], [-70.89275814125253, 43.05701680169875], [-70.8928058990538, 43.05701013276837], [-70.89286677907107, 43.056970923706075], [-70.8929677990617, 43.056915979270045], [-70.89312975648178, 43.056926217102145], [-70.89323715375299, 43.05693931565687], [-70.89328041567812, 43.056934099151285], [-70.89353144747673, 43.056938126028484], [-70.89368043238926, 43.05696943068474], [-70.89361625778965, 43.05701794045132], [-70.89346470955766, 43.05702997777644], [-70.89332858929609, 43.05707759176361], [-70.89320853878247, 43.057107918898595], [-70.89308168878219, 43.05713931538799], [-70.89306755238334, 43.05714281426015], [-70.89304847190441, 43.057147536828396], [-70.89299476199572, 43.05715590892587], [-70.89295595207743, 43.05720925106286], [-70.8929747856869, 43.05722802344814], [-70.89298319081377, 43.05723078795129], [-70.89298377529657, 43.05723098019162], [-70.89319914667999, 43.05724090161532], [-70.89342873508973, 43.05718814185881], [-70.89343841064218, 43.05717886112348], [-70.89351081443498, 43.05713979986194], [-70.89361892314454, 43.05712075498391], [-70.89374162603279, 43.05713257004337], [-70.8938881599758, 43.05715553214039], [-70.89404942637336, 43.057198368745375], [-70.8940781436037, 43.05721513508647], [-70.8940790841759, 43.05722273869953], [-70.89411476183517, 43.05724495203791], [-70.89412938292561, 43.05724505074256], [-70.89416569596202, 43.05724529587798], [-70.89424667407627, 43.05723925074585], [-70.89429145049066, 43.05725273645259], [-70.89428202407558, 43.05727022651285], [-70.89428178017084, 43.057270679061055], [-70.89427611136001, 43.05728119714146], [-70.89426576129614, 43.057285498403566], [-70.89421888157707, 43.05730498057884], [-70.89422674017294, 43.05732159749068], [-70.89419735708059, 43.057348780238705], [-70.89372577801197, 43.057440077666755], [-70.89349326098204, 43.05747416586757], [-70.89332236183836, 43.05755605467012], [-70.89313615886765, 43.057645275980434], [-70.89307754706091, 43.057701495178954], [-70.89308830978736, 43.057730957830074], [-70.89310756030895, 43.05773108795971], [-70.8931857067585, 43.057771993193604], [-70.89322849524063, 43.05780977533467], [-70.89317278491971, 43.05786131209567], [-70.89314709655189, 43.057887176640506], [-70.89316021822574, 43.05791333217175], [-70.8932268278683, 43.0579424313909], [-70.89328567354586, 43.057954365383615], [-70.89337594470237, 43.057969395776276], [-70.89350597784853, 43.05795008587891], [-70.89362847155166, 43.057904768253046], [-70.89371127577517, 43.05788802314538], [-70.89385674973224, 43.057891889720366], [-70.8939546690816, 43.05792427573979], [-70.89401289930959, 43.05798523443183], [-70.89408314504992, 43.058028969779876], [-70.89411409990106, 43.05806955576931], [-70.89413035570206, 43.058085017883826], [-70.89415685295856, 43.058110221395125], [-70.89415641851045, 43.058144827328896], [-70.89412423260603, 43.058202291495434], [-70.89405695934329, 43.05828680447602], [-70.89379414561246, 43.05843808972331], [-70.89349292617017, 43.05856349530767], [-70.89336669968955, 43.058593403866105], [-70.89325207124408, 43.05865415212955], [-70.89319115316262, 43.05873284129449], [-70.89315440991902, 43.05877736698141], [-70.89307349990577, 43.058781381047815], [-70.89297906550196, 43.05878256463439], [-70.8928876771175, 43.05876341153155], [-70.89282021912204, 43.05872928031747], [-70.89275229169779, 43.05865859303202], [-70.89262976805068, 43.05863710762168], [-70.89262026335129, 43.0586401270411], [-70.89261456768315, 43.05866649775941]]]}, "properties": {"id": 123, "Hectares": 52.82055076377, "Acres": 21.37575150797, "Year": "2019", "LABEL": "Great Bay", "Type": 3, "Name": "Widgeon Grass"}}, {"type": "Feature", "geometry": {"type": "Polygon", "coordinates": [[[-70.84768240229596, 43.053015072330204], [-70.84641046171438, 43.05322518287991], [-70.84635677422168, 43.0531096911401], [-70.8462967779561, 43.05289007155356], [-70.84623068580764, 43.052537740884254], [-70.84609119853005, 43.052381000846054], [-70.84613359736377, 43.05215057903814], [-70.84626435115894, 43.051782355153414], [-70.84635995561476, 43.05169075016509], [-70.84652472651955, 43.051720771883545], [-70.84663290890325, 43.05186575079857], [-70.84660639501439, 43.05208475034646], [-70.8466518150945, 43.052217743170516], [-70.84680780099036, 43.05231691927709], [-70.84706541307912, 43.052462968227566], [-70.84760208575003, 43.052916725961396], [-70.84768240229596, 43.053015072330204]]]}, "properties": {"id": 124, "Hectares": 6.35768382511, "Acres": 2.57286733377, "Year": "2019", "LABEL": "Winnicut River", "Type": 3, "Name": "Widgeon Grass"}}, {"type": "Feature", "geometry": {"type": "Polygon", "coordinates": [[[-70.84159979386621, 43.06566438603898], [-70.84157509398791, 43.06542552059901], [-70.84140465495548, 43.06524830633005], [-70.84126688866225, 43.06478271165931], [-70.84100205971784, 43.0644851459318], [-70.8405358268837, 43.064172046943916], [-70.84019581368266, 43.063754266533316], [-70.84014209247292, 43.06346526266004], [-70.84001242592885, 43.06311235544761], [-70.83985377297705, 43.062773317464135], [-70.8399910041678, 43.06256312652693], [-70.83998499856932, 43.06229558545025], [-70.83987472333207, 43.061928739269625], [-70.84011688398716, 43.0617685821142], [-70.84025430107624, 43.061544313336185], [-70.84026522403387, 43.06144584042037], [-70.84024068045265, 43.06112888952769], [-70.8400522877855, 43.0608600310789], [-70.83995847036161, 43.060697446811446], [-70.83998991605104, 43.060500570354655], [-70.84016402550057, 43.06040327617175], [-70.84034754452276, 43.060320128498354], [-70.84051650460425, 43.060281647652744], [-70.84079217378093, 43.060337878958464], [-70.84105153865758, 43.06038247603653], [-70.84128414597825, 43.060417019795764], [-70.84155172578065, 43.06051754685393], [-70.84176548184836, 43.06062097189141], [-70.84188477007848, 43.060750008337266], [-70.84194979347929, 43.060914805969325], [-70.84220287446074, 43.0610941049244], [-70.84234971548656, 43.06117404068527], [-70.84257762472559, 43.06122498087103], [-70.84275614695132, 43.061282138195175], [-70.84283998037901, 43.0613813391428], [-70.84288760785897, 43.06150657203559], [-70.84288189407387, 43.061598555133216], [-70.84287991405208, 43.06174643695956], [-70.84294098730207, 43.061871766614665], [-70.84299744699823, 43.062006922765846], [-70.84307676986879, 43.06205593880639], [-70.84306469851145, 43.062089010999976], [-70.84291047097591, 43.06213541694115], [-70.84282405218347, 43.06213655467717], [-70.84276565417129, 43.06219596925634], [-70.84269061797234, 43.06242245007236], [-70.84267534271926, 43.06266695968973], [-70.84273222922259, 43.06289966991414], [-70.84281048327915, 43.062970627448074], [-70.84290532812288, 43.06287803801417], [-70.84291688324866, 43.062732053377], [-70.8429140625642, 43.062584205398785], [-70.84286804406142, 43.06243604644966], [-70.8428771286187, 43.06229532358021], [-70.84294983161158, 43.062243051328934], [-70.84313709227632, 43.06223911954536], [-70.8432543091833, 43.062268120692266], [-70.84330167405844, 43.06231435302716], [-70.84330247035064, 43.06232462944706], [-70.843301106999, 43.06242650359231], [-70.84334359468407, 43.0626009979794], [-70.84340075950163, 43.06268357372545], [-70.84348099338044, 43.062717016707055], [-70.84358416427428, 43.062711185663645], [-70.84376849226429, 43.06266978578727], [-70.84382794319552, 43.06258147564848], [-70.8438513193884, 43.0625093389915], [-70.84387091685744, 43.0623845898923], [-70.84386770952945, 43.062289256033374], [-70.84390461894886, 43.06221064350786], [-70.84401732384863, 43.062162155088316], [-70.8440889452263, 43.062169243097514], [-70.84423579128448, 43.06224917646462], [-70.8442526204199, 43.06233146189497], [-70.84440825509115, 43.062424604517396], [-70.84473942891428, 43.062463136027255], [-70.84491004650594, 43.06244135530798], [-70.84511172973988, 43.06244280342127], [-70.84519714815528, 43.062423697154486], [-70.84527347120262, 43.062414385276895], [-70.84536271334075, 43.062444605021476], [-70.84556479133305, 43.06241647595584], [-70.84563707101563, 43.062374269030144], [-70.84581164376694, 43.0623919542943], [-70.84659526623405, 43.06245015791243], [-70.84755543278068, 43.062378156810155], [-70.8486405645012, 43.06234647997208], [-70.84928743492584, 43.062239358535074], [-70.85044322663543, 43.062287047193514], [-70.85136526739163, 43.06238564430951], [-70.8522597240356, 43.06253662296364], [-70.85319622306145, 43.06289823458507], [-70.85320336189976, 43.06303632166733], [-70.85296847751952, 43.063172688071326], [-70.85262689563675, 43.06324256345234], [-70.85211517403175, 43.06329808055688], [-70.85175540164703, 43.06338754332489], [-70.85159161418908, 43.06357042526915], [-70.85150736877918, 43.06383932465809], [-70.85159230577953, 43.0641948801678], [-70.85183206959509, 43.06436748975586], [-70.85200865143833, 43.06457251484651], [-70.85185164926486, 43.06491977434149], [-70.85153590364898, 43.06506870826993], [-70.85128316667844, 43.06519837083022], [-70.85117307064478, 43.06538820782611], [-70.85138690351248, 43.06548832880683], [-70.85165426088783, 43.06560855007476], [-70.851539723708, 43.066133586697646], [-70.851350690439, 43.06619139842698], [-70.85081187606315, 43.066259862923474], [-70.85049751627312, 43.06630363334733], [-70.85034425143688, 43.066368271668985], [-70.85041291332229, 43.06659882186269], [-70.85053614660518, 43.066770602830594], [-70.85073153140512, 43.06691003236942], [-70.85106103427762, 43.06707671017088], [-70.85136460393227, 43.0671708975654], [-70.8516688711604, 43.0672125038915], [-70.85202796979814, 43.06717562191359], [-70.85227026977927, 43.067157627100784], [-70.85248611138267, 43.06710657775929], [-70.85268524143557, 43.066963384980646], [-70.852813436249, 43.06677485350919], [-70.85287105600568, 43.06673448204962], [-70.85293586776348, 43.0666989071795], [-70.85312380974601, 43.066595746261875], [-70.85356787998518, 43.06648392090428], [-70.85395524931661, 43.06644323520318], [-70.85425168009878, 43.0664274540639], [-70.85456154337312, 43.066450094659864], [-70.85482179010508, 43.06655902836199], [-70.8550086352171, 43.06663723711864], [-70.85527034890758, 43.06677368525924], [-70.85550690897583, 43.066902007674294], [-70.85586271126094, 43.067115909038876], [-70.85602976086257, 43.06724598265701], [-70.85616807508099, 43.0674222529544], [-70.8561453512728, 43.0675458265267], [-70.85600944834455, 43.067720154424364], [-70.85591951735051, 43.06774981661821], [-70.85582582083251, 43.067780720699254], [-70.85567221519806, 43.06782686319904], [-70.85564431028311, 43.06783524569081], [-70.85517985358702, 43.067923689203504], [-70.85439112458789, 43.06800752338521], [-70.85417699231564, 43.06800889690533], [-70.85402940887661, 43.06802792951645], [-70.85372857585708, 43.06806523170243], [-70.85305593131454, 43.06808345726992], [-70.85266444068974, 43.0681226820074], [-70.85267650550746, 43.06813170089099], [-70.85275244324636, 43.06815196048732], [-70.85288643324265, 43.06818906576291], [-70.85309662216348, 43.068226712647835], [-70.85342726817915, 43.06830794075265], [-70.85358323598902, 43.06837806716291], [-70.8536489501193, 43.068493564235546], [-70.85356774743651, 43.06853242619849], [-70.85355338826862, 43.06860134227089], [-70.8534351972658, 43.06872539229063], [-70.85326761328838, 43.06885566425889], [-70.85311404065236, 43.06894331010319], [-70.85285236970721, 43.06906962593836], [-70.85269457452785, 43.06913752173027], [-70.85259600640988, 43.06913353398801], [-70.85255557830929, 43.0691398195291], [-70.85255479539606, 43.06919897232491], [-70.85250910193865, 43.069264378754916], [-70.85239612948344, 43.06933259302414], [-70.85228302624795, 43.06941066597719], [-70.8521163518691, 43.06947192462387], [-70.85202544228014, 43.06956658817344], [-70.85186742725884, 43.06965091412927], [-70.85158064188852, 43.06964229861303], [-70.85140613391368, 43.06961804945983], [-70.85127636272892, 43.06960069197203], [-70.85114197852887, 43.0695931611884], [-70.85107474286717, 43.06959268200248], [-70.8510072893145, 43.06960863410166], [-70.85090872057353, 43.06960464490103], [-70.85080601818314, 43.069574333540004], [-70.85080223323813, 43.069521721345836], [-70.85077137972684, 43.06948206246041], [-70.85068634550376, 43.069471596416165], [-70.85058747180194, 43.06949061079347], [-70.8505509588055, 43.069539649028236], [-70.85043441711146, 43.069538817813154], [-70.85034511856827, 43.06951188822082], [-70.85022039735914, 43.06945184007773], [-70.85013562502684, 43.06942165603929], [-70.8500683023126, 43.06942774879214], [-70.84994762755944, 43.06940059498295], [-70.84987212562571, 43.06934747088334], [-70.84977408111959, 43.0693040455399], [-70.84969374791837, 43.06927717943857], [-70.84960440643344, 43.06925353553673], [-70.84955044359819, 43.0692662965266], [-70.84951392991589, 43.06931533442668], [-70.8494861625957, 43.06938086765183], [-70.84944098969918, 43.0694068376617], [-70.84938737601448, 43.06939330846313], [-70.84932484130192, 43.06937642894536], [-70.84927993036455, 43.069382681309285], [-70.84926591555816, 43.06942530668373], [-70.84929685540403, 43.06945839344009], [-70.84944855725367, 43.069512062122406], [-70.84953319839336, 43.06955210545888], [-70.84958637570507, 43.06959849722782], [-70.84958474383883, 43.06960715951117], [-70.84966818068659, 43.06963667728771], [-70.84973993989026, 43.06967088086894], [-70.84973254470457, 43.069733397586], [-70.84969213645647, 43.06981011773281], [-70.84964561132205, 43.06985310291722], [-70.84963796030942, 43.069934869956], [-70.84973642437252, 43.06993557292907], [-70.84989415860062, 43.069922259760794], [-70.85009204032826, 43.0699378406001], [-70.85013791514399, 43.06992451842425], [-70.85030846445106, 43.069909302366185], [-70.85056383043258, 43.06992098357711], [-70.85087456018458, 43.06995070060616], [-70.85089810910024, 43.06995829936652], [-70.85104194880914, 43.07000264203385], [-70.85113990254071, 43.07004184447507], [-70.85118837441551, 43.07010051709447], [-70.85117457374386, 43.07013229796222], [-70.85111215920735, 43.07015166648898], [-70.85084634532014, 43.07025165557253], [-70.85051342491236, 43.070341305715], [-70.85050809629843, 43.07034126771027], [-70.85049907998636, 43.07034531022911], [-70.85033395012185, 43.070421140975256], [-70.85022809048262, 43.070482955254334], [-70.85014173197533, 43.070559347701014], [-70.84994441841134, 43.07058681784647], [-70.84980025857843, 43.07056653671104], [-70.84961684068666, 43.07053634902054], [-70.84954969487443, 43.070547205333014], [-70.84954233849095, 43.070551289587215], [-70.8494608685454, 43.070609866156985], [-70.8493089893088, 43.07056934253082], [-70.84922887304636, 43.07052604478236], [-70.84917495269325, 43.07053551931961], [-70.84916994611173, 43.07057492245189], [-70.84923626564733, 43.07064441428628], [-70.84926595412536, 43.07068000648117], [-70.84926038393878, 43.07068300755398], [-70.84925311604584, 43.070735899061], [-70.84928542617583, 43.070774634161126], [-70.8493436740441, 43.070837619704356], [-70.84936502916194, 43.07087789368136], [-70.84937287072997, 43.07089268221265], [-70.84914413683337, 43.07112016949464], [-70.84861721150257, 43.07103193100395], [-70.84825500083245, 43.070832237771924], [-70.84799905722143, 43.07058402786072], [-70.84777322991872, 43.07023748122695], [-70.84754166742248, 43.0699612871244], [-70.84738517781204, 43.0698158590439], [-70.8473039470938, 43.069787119823644], [-70.8471458642022, 43.069761349889795], [-70.84693366449972, 43.06983374375593], [-70.84683130935164, 43.06994916067258], [-70.84677262616985, 43.07002969338411], [-70.84669431913015, 43.070141762770334], [-70.84652579018807, 43.07017927176819], [-70.8464218717012, 43.07005181765504], [-70.84629997182857, 43.069960682173495], [-70.84632857861381, 43.069844688488814], [-70.84634366030481, 43.06976993185373], [-70.8464024792279, 43.06972257420074], [-70.84639516768137, 43.0696993744306], [-70.84637667205128, 43.0696715781205], [-70.84633209815111, 43.06961869750644], [-70.846351884904, 43.0695496800263], [-70.84640274004596, 43.06941449229448], [-70.84644985896679, 43.06927651138364], [-70.84642533002578, 43.06913525053568], [-70.8463284896918, 43.06904049966614], [-70.84625062462752, 43.068937585636654], [-70.84615814809024, 43.06879860393315], [-70.84607687978426, 43.068668001646074], [-70.8460101864922, 43.06857623305232], [-70.84587883855541, 43.068522729919884], [-70.845755885563, 43.068405660269924], [-70.84556176644745, 43.06824935063196], [-70.84540415764705, 43.06818459302286], [-70.84521303719653, 43.068086398155856], [-70.84506060594194, 43.06791655504018], [-70.84493695363506, 43.06785204058071], [-70.84476824991481, 43.067770604178875], [-70.84475250864547, 43.067711931038495], [-70.84444269011057, 43.06756177299644], [-70.84365245867912, 43.067322745387614], [-70.84337818861768, 43.067217245326994], [-70.84336318267279, 43.06716619543075], [-70.84352959544513, 43.06712466709087], [-70.84364652807596, 43.06709592895737], [-70.84368779104003, 43.06702720761107], [-70.84370265328454, 43.06699998101523], [-70.84382823326544, 43.06691647394872], [-70.84394208964848, 43.06678254293716], [-70.84389476377319, 43.06663430672103], [-70.84359753736712, 43.06640210890885], [-70.843457055453, 43.066180897741184], [-70.84334578108876, 43.06612236313889], [-70.84332555757135, 43.06612103036669], [-70.84315990053815, 43.06615444714572], [-70.84312766291637, 43.066211896461816], [-70.84309534801801, 43.066275113343416], [-70.84294588661488, 43.06627403758095], [-70.84280490955202, 43.06622687765548], [-70.84262429178526, 43.06620250463373], [-70.84243603962138, 43.06616077194464], [-70.84221647683987, 43.06610727710611], [-70.84209146537863, 43.066042926931736], [-70.84196722738608, 43.06592090087875], [-70.84194913465642, 43.06587976075057], [-70.84189285199808, 43.06583111708042], [-70.84179592041514, 43.065705528477594], [-70.8417467905353, 43.06567443551556], [-70.84159979386621, 43.06566438603898]], [[-70.8446711464811, 43.06652131181786], [-70.84517614182226, 43.06645102438087], [-70.84543209623507, 43.06633671128372], [-70.84555764956802, 43.06628129697916], [-70.84577529607633, 43.06615966881862], [-70.84577750334617, 43.06599425853521], [-70.84563556888898, 43.06583837327385], [-70.84557994146965, 43.065690146546885], [-70.8454752807236, 43.06561900143835], [-70.84538534912537, 43.06552332400977], [-70.84517494797367, 43.06546197880135], [-70.84491193537829, 43.0653861765926], [-70.84460003003515, 43.065376896949836], [-70.84433405472579, 43.065522813540234], [-70.84407880761326, 43.06558433371074], [-70.8439731604281, 43.0655870939395], [-70.844069913376, 43.065890484086616], [-70.84413645499444, 43.06594023826084], [-70.84438483363307, 43.06603353561556], [-70.84443951766416, 43.06625215022279], [-70.84440417670268, 43.066382125348305], [-70.84445057803877, 43.06650212870276], [-70.84451735580248, 43.06653428582667], [-70.8446711464811, 43.06652131181786]], [[-70.84476301735381, 43.063238086674616], [-70.84442246510014, 43.06321804168248], [-70.8442357895872, 43.0631779834431], [-70.84403513839936, 43.06310614707663], [-70.84390667304015, 43.063020750556745], [-70.8437010817257, 43.06295943720403], [-70.84353624050148, 43.06308144133601], [-70.84349586429583, 43.06322897856389], [-70.84356080169604, 43.06339839156117], [-70.84358795276131, 43.06352177656334], [-70.84356207011248, 43.063662378636735], [-70.84361326769505, 43.06378241688132], [-70.84377081588924, 43.06384690462398], [-70.84392935278649, 43.06383748543505], [-70.84402017382033, 43.06386629601389], [-70.84412097112205, 43.06386702058304], [-70.84412247685393, 43.06375440081759], [-70.84414346430887, 43.063620802845094], [-70.84435103398708, 43.063534301961965], [-70.84445855900722, 43.06339076662679], [-70.84465539926617, 43.06338866104456], [-70.84477346747725, 43.0635338170501], [-70.84494466372679, 43.0636547164993], [-70.84511557866615, 43.06379673190679], [-70.84519496775103, 43.0639627280109], [-70.84509502224422, 43.0642576657879], [-70.84493060331442, 43.06434799758213], [-70.84482382992233, 43.06443522344611], [-70.84483724237343, 43.064509233587174], [-70.84517163913462, 43.06463130461865], [-70.84554514138715, 43.06470085969864], [-70.84558099561362, 43.06453217110147], [-70.84548292187165, 43.064327324437016], [-70.84556075381678, 43.06425044941065], [-70.84572362178947, 43.064276255871185], [-70.84575543659113, 43.06441023291961], [-70.84587877881454, 43.064520228542214], [-70.84601266029024, 43.06455990550144], [-70.84635059258964, 43.064777030491534], [-70.84652682994363, 43.06488036516455], [-70.84676664001343, 43.0648961624362], [-70.84693892255905, 43.064936113441284], [-70.84703323370745, 43.065063498376595], [-70.84713747338769, 43.065166316399605], [-70.84749662811625, 43.06523224265127], [-70.84785168629062, 43.065245342884864], [-70.84836500370345, 43.065270132932945], [-70.84854484976182, 43.06510247299123], [-70.84828272396908, 43.06495981046037], [-70.84803453092786, 43.06485244405414], [-70.84752374765314, 43.06463760656615], [-70.84730166618884, 43.06437203871973], [-70.84714118825909, 43.06416674662521], [-70.84703845064541, 43.06395130875777], [-70.84680452277587, 43.06385460096208], [-70.84667623960948, 43.06375513003803], [-70.84661934488582, 43.06370192674745], [-70.84647534903785, 43.06370089476822], [-70.84628293221277, 43.06373119284082], [-70.84613032230205, 43.063656184844625], [-70.84598721857417, 43.063588284231734], [-70.84578134148852, 43.0635480908062], [-70.84563701726164, 43.06357169335965], [-70.84542638760185, 43.063527945491145], [-70.84538473936658, 43.06341149629024], [-70.8453615388816, 43.0633514947748], [-70.84523805893477, 43.06325205670632], [-70.84504686494711, 43.06319084911742], [-70.84484037867249, 43.06319640580639], [-70.84476301735381, 43.063238086674616]]]}, "properties": {"id": 125, "Hectares": 411.1456922871, "Acres": 166.38501539309, "Year": "2019", "LABEL": "Great Bay", "Type": 1, "Name": "Eelgrass"}}, {"type": "Feature", "geometry": {"type": "Polygon", "coordinates": [[[-70.84693155859317, 43.073386183079045], [-70.84762657229865, 43.072834871077916], [-70.84931280096819, 43.07250053058135], [-70.84964641967156, 43.07210367560413], [-70.84932247506218, 43.0717725784688], [-70.84879834494552, 43.07144004981446], [-70.84796153673469, 43.07113463782013], [-70.84722922515971, 43.07080061233473], [-70.84707071849195, 43.07067618323747], [-70.8465515536305, 43.07017353769265], [-70.84669431913015, 43.070141762770334], [-70.84677262616985, 43.07002969338411], [-70.84683130935164, 43.06994916067258], [-70.84693366449972, 43.06983374375593], [-70.8471458642022, 43.069761349889795], [-70.8473039470938, 43.069787119823644], [-70.84738517781204, 43.0698158590439], [-70.84754166742248, 43.0699612871244], [-70.84777322991872, 43.07023748122695], [-70.84799905722143, 43.07058402786072], [-70.84825500083245, 43.070832237771924], [-70.84861721150257, 43.07103193100395], [-70.84914413683337, 43.07112016949464], [-70.84937287072997, 43.07089268221265], [-70.84938210101332, 43.07091008973344], [-70.84938192752051, 43.07092314623398], [-70.84938126967712, 43.070972653293225], [-70.84941338817059, 43.07102582610175], [-70.8494429638641, 43.07103207728499], [-70.84953122744854, 43.07105073281626], [-70.84972089160591, 43.071105030426644], [-70.84996969962316, 43.07115493680566], [-70.85012978205431, 43.071259662626375], [-70.85025428494312, 43.07128927731147], [-70.8504459857877, 43.0713695226202], [-70.85100068348743, 43.07145892874865], [-70.85119317013778, 43.07148002006538], [-70.85132725351406, 43.07151055466882], [-70.85148805792142, 43.071554425767985], [-70.85155438113605, 43.0716239162771], [-70.85167036071256, 43.071667467819346], [-70.8517603160891, 43.07164510243258], [-70.85185040201083, 43.071612878181156], [-70.85192660494494, 43.07161342075935], [-70.85197525977851, 43.071663065780385], [-70.8519382241815, 43.07175153961141], [-70.85190127554452, 43.0718334408995], [-70.85196781717933, 43.07188649985011], [-70.85204163254978, 43.07188341962352], [-70.85198977373408, 43.07194295575828], [-70.8518499994089, 43.07198419699547], [-70.85166613415944, 43.072091998374745], [-70.85158279956642, 43.07222163377297], [-70.85163439283288, 43.07231351348483], [-70.85189604473882, 43.072494881536386], [-70.8521450210364, 43.072545929822816], [-70.85255889397942, 43.07247144157498], [-70.85308811875674, 43.07238721289966], [-70.85343944288982, 43.07232283584575], [-70.85401760064227, 43.072168556576095], [-70.85492284119749, 43.07196731923739], [-70.85539044110061, 43.071822807805944], [-70.85584354455187, 43.071685231146], [-70.85622570532489, 43.07146619712804], [-70.85663265365375, 43.0711875023521], [-70.85699806865361, 43.07107868603185], [-70.85685930877138, 43.07116202142372], [-70.85670107976033, 43.07126278539494], [-70.85659642396934, 43.07138036127797], [-70.85648232655369, 43.071534022538366], [-70.85628654702538, 43.07176269647493], [-70.85607326891723, 43.0719583803694], [-70.85579314084902, 43.07212401100587], [-70.85555374454299, 43.072260350501736], [-70.85538197611743, 43.07236758980271], [-70.85527270325295, 43.072494991436876], [-70.85519045562872, 43.072612724889325], [-70.85508174567973, 43.07269740486456], [-70.85497251497287, 43.07282151992858], [-70.8548312547515, 43.072994706264865], [-70.8546345965894, 43.07328910254611], [-70.85425079300438, 43.073496719064536], [-70.85375147967031, 43.073624636009406], [-70.85333489522253, 43.0735986698529], [-70.85296857706885, 43.07350075500734], [-70.85283910164588, 43.07346039538338], [-70.85265566051248, 43.073432798034425], [-70.85250768926508, 43.07343503191897], [-70.85230505580125, 43.07350260808664], [-70.85220565383324, 43.07356105896398], [-70.85204419073699, 43.073566482793915], [-70.85195945538177, 43.07353301381106], [-70.8518835983702, 43.07350618112846], [-70.85170420474181, 43.07351147680754], [-70.85132248127296, 43.07356134278004], [-70.85128871761047, 43.073567373612846], [-70.85102209902409, 43.0735624886897], [-70.850959145902, 43.07358384368272], [-70.8507564009613, 43.07365261859581], [-70.85042759569271, 43.07376859034315], [-70.85025211676087, 43.073816637118334], [-70.85006832671071, 43.07381532571847], [-70.84986155585418, 43.073856575440516], [-70.84962836883442, 43.073861483877366], [-70.84952517970989, 43.073867320210326], [-70.84921983283196, 43.07390457823802], [-70.84900835997657, 43.073962225692455], [-70.84885063539974, 43.07402354346685], [-70.84869312905575, 43.074068429718366], [-70.84858097410536, 43.074074201109745], [-70.84855917262522, 43.07402803322578], [-70.8486276807522, 43.07393321237617], [-70.84879907188876, 43.07385555972174], [-70.84891632086193, 43.07380381249639], [-70.8489928323027, 43.073781353224405], [-70.84902003422222, 43.07375854158145], [-70.84902025267733, 43.07374211027694], [-70.84889003654334, 43.0737576126379], [-70.84871433794042, 43.07382208834871], [-70.8485790705894, 43.07388027969829], [-70.84849781387446, 43.07392242420281], [-70.8483808704066, 43.07395116717176], [-70.84832769029927, 43.07390477485421], [-70.8484007250468, 43.073806699936966], [-70.84850487596998, 43.073728566887716], [-70.84856437478616, 43.073636968229046], [-70.84858296117632, 43.0735878025094], [-70.8485833546032, 43.07355822616361], [-70.84852033500887, 43.0735774950523], [-70.8484300695994, 43.07362286167509], [-70.84833993523904, 43.073658369444054], [-70.84822338580521, 43.07365753591386], [-70.84803994626945, 43.07362993117846], [-70.84794220253855, 43.07356350043118], [-70.84793363095102, 43.07353385994552], [-70.84779998248274, 43.073470458753356], [-70.84774179546889, 43.07346346920957], [-70.84759830672205, 43.07346572882325], [-70.84752288944537, 43.07340603066692], [-70.8474744995154, 43.07333666622679], [-70.84736691600845, 43.07333589600951], [-70.84725928872129, 43.07333841195079], [-70.8471782507822, 43.0733641242225], [-70.84708824747676, 43.07338977222562], [-70.84700747218825, 43.073395766818145], [-70.84693155859317, 43.073386183079045]]]}, "properties": {"id": 126, "Hectares": 77.15106281792, "Acres": 31.22197560467, "Year": "2019", "LABEL": "Great Bay", "Type": 2, "Name": "Eelgrass and Widgeon Gras"}}, {"type": "Feature", "geometry": {"type": "Polygon", "coordinates": [[[-70.84094752783035, 43.06570012669998], [-70.84036830939581, 43.06520739062729], [-70.83882269630915, 43.06270074850294], [-70.8385186222155, 43.06211075738992], [-70.83853409564253, 43.06167442573621], [-70.83860683316288, 43.06126314637954], [-70.83844045855223, 43.060072281241176], [-70.8389674643064, 43.060146488400065], [-70.83971321821056, 43.06037362153619], [-70.84000513577708, 43.06049206543547], [-70.83998991605104, 43.060500570354655], [-70.83995847036161, 43.060697446811446], [-70.8400522877855, 43.0608600310789], [-70.84024068045265, 43.06112888952769], [-70.84026522403387, 43.06144584042037], [-70.84025430107624, 43.061544313336185], [-70.84011688398716, 43.0617685821142], [-70.83987472333207, 43.061928739269625], [-70.83998499856932, 43.06229558545025], [-70.8399910041678, 43.06256312652693], [-70.83985377297705, 43.062773317464135], [-70.84001242592885, 43.06311235544761], [-70.84014209247292, 43.06346526266004], [-70.84019581368266, 43.063754266533316], [-70.8405358268837, 43.064172046943916], [-70.84100205971784, 43.0644851459318], [-70.84126688866225, 43.06478271165931], [-70.84140465495548, 43.06524830633005], [-70.84157509398791, 43.06542552059901], [-70.84159979386621, 43.06566438603898], [-70.84150659458494, 43.06565801433944], [-70.84111266002384, 43.06570131812568], [-70.84094752783035, 43.06570012669998]]]}, "properties": {"id": 127, "Hectares": 35.54495260409, "Acres": 14.38455417903, "Year": "2019", "LABEL": "Great Bay", "Type": 2, "Name": "Eelgrass and Widgeon Gras"}}, {"type": "Feature", "geometry": {"type": "Polygon", "coordinates": [[[-70.84260692087803, 43.0564858591143], [-70.84250428231624, 43.05626513806969], [-70.84278269427088, 43.05590461265882], [-70.843378134054, 43.055525249510616], [-70.8436954016889, 43.05512980424531], [-70.84389094530341, 43.05486371228148], [-70.84426791425355, 43.054669318156144], [-70.84495433439288, 43.05466368992444], [-70.84586834450907, 43.05486735317079], [-70.846389296429, 43.055032995247196], [-70.84685781162234, 43.05517186147709], [-70.84643463800742, 43.05523218393272], [-70.84618489188429, 43.05524447243029], [-70.84599254836448, 43.05527125090112], [-70.84547479799811, 43.05522530017925], [-70.84515748709968, 43.05526525926067], [-70.84479077369807, 43.05541045399733], [-70.844713328203, 43.05545917371557], [-70.84455665024728, 43.05569034916869], [-70.84424460773918, 43.056054156943354], [-70.84380175796643, 43.05614952533917], [-70.84346467923974, 43.056231574094454], [-70.84267552473779, 43.056380761805684], [-70.84260692087803, 43.0564858591143]]]}, "properties": {"id": 128, "Hectares": 15.06905535452, "Acres": 6.09823975821, "Year": "2019", "LABEL": "Great Bay", "Type": 2, "Name": "Eelgrass and Widgeon Gras"}}, {"type": "Feature", "geometry": {"type": "Polygon", "coordinates": [[[-70.85221860679196, 43.05226561422693], [-70.85087482832327, 43.05248764998259], [-70.85085432233949, 43.05244389657309], [-70.85082822961637, 43.05233555782181], [-70.85082506184219, 43.05227785377842], [-70.85077524162908, 43.05217944010833], [-70.85075575484322, 43.0520177930806], [-70.85079011590733, 43.05194737826937], [-70.85089075234423, 43.05192069701326], [-70.85109490636626, 43.051946666781376], [-70.85120690013305, 43.05195323302961], [-70.85128163270093, 43.05195232349919], [-70.85135856061945, 43.05193412512153], [-70.8513774293519, 43.05193998083637], [-70.85140896768574, 43.05194976842085], [-70.85142514210345, 43.051954787973756], [-70.85142966140046, 43.05196663236995], [-70.85144224533808, 43.05199961294878], [-70.85148897448374, 43.05203455470453], [-70.8515444658042, 43.052001783133846], [-70.85154095363502, 43.05197003331201], [-70.8515320799093, 43.05196253123245], [-70.85150686933815, 43.05191981899303], [-70.85148045189977, 43.051874338481895], [-70.85149266803703, 43.05182630239932], [-70.8515396955433, 43.05177285273685], [-70.851632325977, 43.05177351249717], [-70.85164772690108, 43.05177645295377], [-70.85167043474158, 43.05181058392524], [-70.85167365717346, 43.05185872997753], [-70.85171956019096, 43.05189019535566], [-70.85177719199237, 43.051910421151675], [-70.85183081432601, 43.05194194145268], [-70.85190733210918, 43.051993440134275], [-70.85196391497621, 43.05209291994665], [-70.85204002095075, 43.05217555408357], [-70.8521742089055, 43.05224444772155], [-70.85221860679196, 43.05226561422693]]]}, "properties": {"id": 129, "Hectares": 3.19923619966, "Acres": 1.2946869548, "Year": "2019", "LABEL": "Winnicut River", "Type": 2, "Name": "Eelgrass and Widgeon Gras"}}, {"type": "Feature", "geometry": {"type": "Polygon", "coordinates": [[[-70.83766769971147, 43.065148833650234], [-70.83767085886818, 43.065126892289776], [-70.83761109717473, 43.06510650401911], [-70.83748237981696, 43.0650625907156], [-70.83741766955596, 43.06499363261555], [-70.83739817328359, 43.064941661673515], [-70.83742886473203, 43.06491226713279], [-70.8374855788648, 43.06490437703114], [-70.83749209833074, 43.064903470037486], [-70.83758822334471, 43.064889358033945], [-70.83760166824733, 43.06482837048459], [-70.8375871706798, 43.06478013790702], [-70.83757994352686, 43.06473027676758], [-70.83757562153151, 43.064700458679845], [-70.83761423500864, 43.06464520665264], [-70.83766519576896, 43.06461040571424], [-70.83767078620767, 43.064609197395654], [-70.83776889141804, 43.06449344961987], [-70.8379720047859, 43.06438229011972], [-70.8382413681405, 43.064342003985516], [-70.83855383549374, 43.06430906856155], [-70.83876018381224, 43.06431408134122], [-70.83878791318138, 43.06428904500056], [-70.83893474766538, 43.064258639176145], [-70.83912517099272, 43.06427139118102], [-70.83912559166596, 43.064270968240834], [-70.83913030972055, 43.06426472945609], [-70.83915616501065, 43.06423054042527], [-70.83910472134568, 43.064083273923806], [-70.83893170664103, 43.063983827683764], [-70.83882363466743, 43.06388577243015], [-70.83870556485883, 43.06384234385188], [-70.83864288056341, 43.06381042228247], [-70.83858037072471, 43.063765544523164], [-70.83854830213761, 43.0637097806676], [-70.83847789564904, 43.06368890948266], [-70.83836430253812, 43.06365768829444], [-70.83802743407558, 43.063464056010666], [-70.83758880235033, 43.06332244374698], [-70.83747250223196, 43.063213664246504], [-70.83751779730407, 43.06316489780278], [-70.83755096204719, 43.06315834735686], [-70.8375916997619, 43.06313272767041], [-70.83754418739674, 43.06309906435619], [-70.83749894991271, 43.06308392810429], [-70.83743124341082, 43.06305011841853], [-70.83738601752712, 43.063036472328626], [-70.83736028246008, 43.0630056061081], [-70.83741452146792, 43.06297965696733], [-70.83755803101477, 43.06300846272324], [-70.8375534314406, 43.06297511031951], [-70.83744281237398, 43.062940989716644], [-70.83734800231144, 43.06290712269951], [-70.83731585636043, 43.062846464683034], [-70.83730264307289, 43.062758376268256], [-70.837331868701, 43.062726910722496], [-70.8373042561109, 43.0626387179498], [-70.83715636488257, 43.06257077159559], [-70.8370429265021, 43.062439720117624], [-70.8369486875677, 43.06230880773383], [-70.83695937866018, 43.06222793200329], [-70.83698960085331, 43.06212255993212], [-70.83687136392577, 43.06199147348454], [-70.83685382639727, 43.06186815658349], [-70.83675935136517, 43.06175484085367], [-70.83658009666243, 43.061521240069574], [-70.83648020780574, 43.061254941868256], [-70.83652453399951, 43.06120914384167], [-70.83654277777235, 43.061166701795365], [-70.83649809136904, 43.06111084581181], [-70.83649350324126, 43.06109417486395], [-70.83648124612056, 43.06104963861044], [-70.83649130040295, 43.06103413380524], [-70.83653022970091, 43.06097410047844], [-70.83660692930304, 43.06090246548868], [-70.83652957842895, 43.06083526621329], [-70.83650006235325, 43.060777669215135], [-70.83649833730684, 43.06071842276186], [-70.83649138909162, 43.06067209584058], [-70.8364793176096, 43.060631284932896], [-70.83645950248706, 43.060616008679624], [-70.83645814757023, 43.06059819215343], [-70.83656311677393, 43.06021611363846], [-70.83650201412978, 43.05991136494304], [-70.83656014875996, 43.05948452277973], [-70.83648127647865, 43.059239752746855], [-70.83648597731168, 43.05889133572874], [-70.83653705823599, 43.05866292523782], [-70.83664606434331, 43.058410296910274], [-70.83678220478299, 43.05828105505666], [-70.83688299275177, 43.05828178592528], [-70.83701057750764, 43.05807504816198], [-70.83705110800236, 43.05791695509661], [-70.83712147838133, 43.05768164472481], [-70.83725775850448, 43.057541844171155], [-70.83742169591818, 43.057486716893735], [-70.8375759868996, 43.05743503920157], [-70.83764902043332, 43.05735813470263], [-70.83779323814638, 43.05734158083489], [-70.83788898824746, 43.057359872872816], [-70.83800792951222, 43.05743816782578], [-70.83819387271565, 43.057531026581], [-70.83852484171766, 43.05763788791429], [-70.83911124171213, 43.05774990744491], [-70.8394389477927, 43.05794839356022], [-70.83963724465752, 43.058411277952516], [-70.83967885584443, 43.05882688465049], [-70.83963734110269, 43.05914718564574], [-70.83963320996324, 43.05919563862284], [-70.83967409507784, 43.05948843977689], [-70.83984543416588, 43.0597460311525], [-70.8398838702147, 43.05988763181421], [-70.83997933183949, 43.060121668679045], [-70.84047481210551, 43.06027314310381], [-70.84051650460425, 43.060281647652744], [-70.84034754452276, 43.060320128498354], [-70.84016402550057, 43.06040327617175], [-70.84000513577708, 43.06049206543547], [-70.83971321821056, 43.06037362153619], [-70.8389674643064, 43.060146488400065], [-70.83844045855223, 43.060072281241176], [-70.83860683316288, 43.06126314637954], [-70.83853409564253, 43.06167442573621], [-70.8385186222155, 43.06211075738992], [-70.83882269630915, 43.06270074850294], [-70.84036830939581, 43.06520739062729], [-70.84094752783035, 43.06570012669998], [-70.84090813590495, 43.065699842452766], [-70.8408126561683, 43.06577990727002], [-70.84110965383765, 43.06590815271375], [-70.84118589158125, 43.06598938613971], [-70.84139153761302, 43.066047184678375], [-70.84155892530461, 43.06609414788399], [-70.84168843205471, 43.06610212101045], [-70.84172325490943, 43.06610237205127], [-70.84175563265815, 43.066102605455605], [-70.84176726169038, 43.066113480864075], [-70.84177459687004, 43.06612034068213], [-70.84176452485312, 43.06615546512115], [-70.84187369909114, 43.06624776437121], [-70.84200791190791, 43.06626281046424], [-70.84205185906457, 43.066265814762396], [-70.84212301890858, 43.066270679327125], [-70.84217530066819, 43.06630977277519], [-70.84205021605494, 43.066329989699895], [-70.8419789063591, 43.066332088966156], [-70.84189810654851, 43.06633446755536], [-70.84185811923584, 43.06633564468285], [-70.84169477555949, 43.06634502633774], [-70.84135896010537, 43.06632852607322], [-70.84091482213184, 43.06615637623319], [-70.84060965131263, 43.06600282642958], [-70.84048404375642, 43.06595300656531], [-70.84027573187562, 43.06592600250953], [-70.83988194982656, 43.065957766892346], [-70.83978687067072, 43.06594507671712], [-70.83954423325467, 43.06598105176033], [-70.8391421669007, 43.0658936720262], [-70.83893134470186, 43.06586398963984], [-70.8389012675968, 43.065859563294126], [-70.83878446173796, 43.065858718308846], [-70.83871617853981, 43.06586747958131], [-70.83869058583223, 43.065893209236314], [-70.83867251646883, 43.0659226954396], [-70.83853080142094, 43.06594758478595], [-70.83845284411721, 43.06592480788766], [-70.83839300621203, 43.0658688430241], [-70.83827988201939, 43.06583285405013], [-70.83812671669791, 43.06577066023253], [-70.83801391695813, 43.065710609576726], [-70.83794707998096, 43.065612019436706], [-70.8379467195022, 43.06561080093713], [-70.8378694385944, 43.065581766658404], [-70.8377261974295, 43.06552441385866], [-70.83764592551243, 43.06542528062675], [-70.83763847288932, 43.06537386476517], [-70.83764512156384, 43.06535068400061], [-70.83764199772011, 43.065327341635985], [-70.83766657964625, 43.06515661285981], [-70.83766769971147, 43.065148833650234]]]}, "properties": {"id": 130, "Hectares": 104.96867799348, "Acres": 42.47938244612, "Year": "2019", "LABEL": "Great Bay", "Type": 3, "Name": "Widgeon Grass"}}, {"type": "Feature", "geometry": {"type": "Polygon", "coordinates": [[[-70.84059084097088, 43.05481340586151], [-70.84061969497837, 43.05466331430084], [-70.84065086055405, 43.05439243655199], [-70.8407345640191, 43.05430940262966], [-70.84081737719521, 43.054292695864774], [-70.84100547596606, 43.05434308236972], [-70.84114715950747, 43.05433545231598], [-70.84120033116226, 43.05418298008017], [-70.84125218750518, 43.054128556763814], [-70.84137860492335, 43.05408620744976], [-70.84145787189833, 43.05404063392923], [-70.84145953462024, 43.05391663083634], [-70.84163958552575, 43.053687203305145], [-70.84167983718777, 43.05361827576599], [-70.84179002126263, 43.05361330189791], [-70.84209593587214, 43.05367607207513], [-70.84222231315803, 43.05363660560672], [-70.84226784854918, 43.053466773406434], [-70.84230532581587, 43.05331130349565], [-70.84239380764294, 43.053164853174714], [-70.8425642118813, 43.05306802199159], [-70.84265461732939, 43.05307155707102], [-70.84276788339193, 43.05313005404005], [-70.84285755552081, 43.05318838105085], [-70.84287768051699, 43.05315391705904], [-70.84288616282826, 43.05310783296478], [-70.84301577611093, 43.053120302208576], [-70.84315255958407, 43.05318473620348], [-70.8432897677379, 43.05321744829633], [-70.8433599329835, 43.053264098270354], [-70.84341876413798, 43.053276057799685], [-70.84343511078596, 43.053230030240265], [-70.84347451154652, 43.05322454552876], [-70.84387753999175, 43.053377415721876], [-70.84423345895175, 43.053524177793236], [-70.84463167294818, 43.053743344381445], [-70.84485377854465, 43.05389779543238], [-70.8451590049124, 43.05401246577318], [-70.84553902537793, 43.05412190385607], [-70.84582104422539, 43.05420756518568], [-70.84608702652633, 43.05431618340334], [-70.84619181815383, 43.05442076135687], [-70.84623392165277, 43.05450758536884], [-70.84641396856773, 43.05457232561776], [-70.84677032318538, 43.05468735811665], [-70.84705146301178, 43.05483934375797], [-70.84722760859933, 43.054947153383374], [-70.84709936503414, 43.055053921495976], [-70.84685781162234, 43.05517186147709], [-70.846389296429, 43.055032995247196], [-70.84586834450907, 43.05486735317079], [-70.84495433439288, 43.05466368992444], [-70.84426791425355, 43.054669318156144], [-70.84389094530341, 43.05486371228148], [-70.8436954016889, 43.05512980424531], [-70.843378134054, 43.055525249510616], [-70.84278269427088, 43.05590461265882], [-70.84250428231624, 43.05626513806969], [-70.84260692087803, 43.0564858591143], [-70.84255675988207, 43.056647404559534], [-70.84269875988414, 43.05679625490711], [-70.8427344213541, 43.0570006548524], [-70.84245360877927, 43.057181657585126], [-70.84226821599997, 43.05740558358365], [-70.84231234358367, 43.05769451765588], [-70.84229916152792, 43.0579619206105], [-70.84222502591838, 43.058117377774096], [-70.84214446401687, 43.05797945538555], [-70.8419586335527, 43.05775892700022], [-70.84167641071461, 43.05768767506987], [-70.84126710624926, 43.057707796137635], [-70.8409790027513, 43.058074878673395], [-70.84020525614625, 43.058288482525896], [-70.84001772715847, 43.058194837800414], [-70.83976665923822, 43.05781737381651], [-70.83975735329129, 43.05774159974204], [-70.8396607424576, 43.057614002523785], [-70.83951659159281, 43.0575120182372], [-70.83930041320403, 43.057501803269595], [-70.83924124331868, 43.057498209081665], [-70.83892315225383, 43.057478886575254], [-70.83848767844079, 43.05739786596488], [-70.83846246879352, 43.05738433662494], [-70.83804643750832, 43.057161062163125], [-70.83785691409743, 43.05696237329951], [-70.83785646591323, 43.05688425775101], [-70.83773264306654, 43.056733389242346], [-70.83779392352021, 43.056563672979415], [-70.837897918036, 43.0564346430146], [-70.8379131040113, 43.056421544972466], [-70.83803904543595, 43.05624964246359], [-70.83824478028863, 43.05615884174462], [-70.83845405895998, 43.05609690700649], [-70.83874580407914, 43.05604422075311], [-70.83876331888774, 43.055911680221605], [-70.83883530699426, 43.05582279481713], [-70.83899381026745, 43.05573453512948], [-70.83918793835231, 43.05562922840153], [-70.83970611996574, 43.0554080166312], [-70.839788300304, 43.055372914124014], [-70.84007138696558, 43.05538361340926], [-70.84011241676323, 43.05533578214508], [-70.84013110372872, 43.05526002355628], [-70.84011655659316, 43.05521549298715], [-70.84010233748698, 43.05515739297273], [-70.84009023493984, 43.055107941244145], [-70.84005821909074, 43.05504847598814], [-70.84011139609122, 43.05503590265168], [-70.84023609454881, 43.055066798149895], [-70.84024221901052, 43.05506831555246], [-70.84041374838819, 43.05507695840677], [-70.8405023600697, 43.05505723647834], [-70.84058906886968, 43.05499122418123], [-70.84060748185011, 43.05493582521993], [-70.84062604385943, 43.05486932095527], [-70.84059084097088, 43.05481340586151]]]}, "properties": {"id": 131, "Hectares": 103.72139908462, "Acres": 41.97462580062, "Year": "2019", "LABEL": "Great Bay", "Type": 3, "Name": "Widgeon Grass"}}, {"type": "Feature", "geometry": {"type": "Polygon", "coordinates": [[[-70.89703852418113, 43.05828053563903], [-70.89743819682204, 43.05827837899254], [-70.8978465109322, 43.058224915302524], [-70.89812905453692, 43.058198709368696], [-70.89839043960082, 43.05819279981672], [-70.89853276754208, 43.05823463350775], [-70.89865556180659, 43.0582781664504], [-70.89848911147571, 43.058382524133414], [-70.89834068369161, 43.05855015047562], [-70.8981022483732, 43.058671184126226], [-70.89786470583985, 43.058720686337956], [-70.8977032338599, 43.05881668727224], [-70.89768777460625, 43.058871820272934], [-70.89768614956856, 43.05891037223244], [-70.89773539304971, 43.059189078023564], [-70.89781132932767, 43.05929479726791], [-70.89788050322424, 43.05939110149968], [-70.8981049394657, 43.05957432598383], [-70.89833334588678, 43.05986196725409], [-70.89838413291359, 43.0601408670539], [-70.8983478196659, 43.06019597158869], [-70.89813918528205, 43.060020656842774], [-70.89790324896772, 43.05969525864903], [-70.89744486241946, 43.05950211394062], [-70.89701263492384, 43.0595203260322], [-70.89673302540614, 43.05961699706949], [-70.89650889586265, 43.059882986964205], [-70.89655231097653, 43.06024932911237], [-70.89684469343736, 43.06066662227289], [-70.89684795290717, 43.06093200228247], [-70.89656183655453, 43.06088560705665], [-70.89623371270521, 43.060937765302306], [-70.89583279512861, 43.06107523764831], [-70.89575360004126, 43.061056115060865], [-70.89555136336926, 43.06103353840994], [-70.89534142926227, 43.061048034153494], [-70.89523964611092, 43.061089776218196], [-70.89516692477727, 43.06112110708551], [-70.89515226080756, 43.06113691878068], [-70.89501538028851, 43.06109356771209], [-70.89495772193912, 43.06107726834478], [-70.8949408250329, 43.06107249177219], [-70.89484240533304, 43.061044669523575], [-70.89479324332491, 43.060927660513286], [-70.89480877217093, 43.0608429089467], [-70.89478416291182, 43.06078388123451], [-70.894840286275, 43.060701847117535], [-70.89482254742136, 43.0606382994821], [-70.89479817582172, 43.0606109516732], [-70.89473650806441, 43.06060147456679], [-70.89470335260161, 43.06064686672158], [-70.89466735486532, 43.06069615006008], [-70.89451805591995, 43.06077669304748], [-70.89435135935864, 43.06076650701061], [-70.89421011484308, 43.06069759511798], [-70.89407476437042, 43.06065137569734], [-70.89401927483449, 43.060641939915406], [-70.89390030597902, 43.06056417927262], [-70.89383568832181, 43.060576469014826], [-70.89368019556791, 43.06060385991134], [-70.89361424575475, 43.06060602730551], [-70.89357321089625, 43.06058111610774], [-70.89355285265296, 43.060537545448575], [-70.89359342335419, 43.06035897725511], [-70.8937090685395, 43.06030610575451], [-70.89380048617498, 43.06024029606462], [-70.89378009578974, 43.060199280115974], [-70.89366493228476, 43.06021383159686], [-70.89357454169176, 43.06019789164488], [-70.89357956636367, 43.060075290879404], [-70.8935500082665, 43.059932017360154], [-70.8935140923189, 43.05974015796594], [-70.89344227787893, 43.05963236737159], [-70.8934203144699, 43.05961432036249], [-70.89342528316391, 43.05960171463432], [-70.893424013606, 43.05957636037232], [-70.8933673604063, 43.059526955399164], [-70.89318602540857, 43.05943206279057], [-70.8931848392816, 43.05942443637293], [-70.8931610386167, 43.05942151560298], [-70.89310666819155, 43.05936635072642], [-70.8931035692531, 43.059299996132395], [-70.89304486735935, 43.059276526733214], [-70.89306121490648, 43.05922760802891], [-70.89314449235023, 43.05917337360495], [-70.89338248922398, 43.05901347406174], [-70.89344565405581, 43.05897654439491], [-70.89350928027461, 43.058939344894824], [-70.89354929645428, 43.05888481788194], [-70.89369243395673, 43.058761769721634], [-70.89385876901346, 43.05867060282958], [-70.8938903035078, 43.058665047638954], [-70.89402871043538, 43.05860541669063], [-70.89414528367553, 43.0585700768997], [-70.89418288429876, 43.05854300793508], [-70.89434080961811, 43.05849504464945], [-70.89446301428943, 43.05847279676073], [-70.89461220533664, 43.058493991891034], [-70.89491582257827, 43.05843259027917], [-70.89505379405628, 43.05840756401581], [-70.89529408897607, 43.05837745921022], [-70.8954466706774, 43.05844193718983], [-70.89560011998408, 43.05843720308086], [-70.89575851363448, 43.05835174805366], [-70.89584099277566, 43.05836095586577], [-70.895891937775, 43.05837571937239], [-70.8959186722798, 43.05843934902399], [-70.89598888378674, 43.05848596704208], [-70.89606385879863, 43.05846628343513], [-70.89611087119226, 43.05848102036236], [-70.89605104932005, 43.05854695119597], [-70.89603495714842, 43.05857568355097], [-70.89601439044286, 43.05864764685146], [-70.89610141670954, 43.058607855872644], [-70.89616845410625, 43.05859388689315], [-70.89616354636603, 43.05867172379482], [-70.89621748564952, 43.05876149318891], [-70.8963607370173, 43.058701204599316], [-70.89637202506104, 43.05869391227844], [-70.89642487928187, 43.05861503241504], [-70.89645471479217, 43.05857050567114], [-70.89651274608025, 43.05852626948959], [-70.89662431082002, 43.05852702026215], [-70.89676258036667, 43.05855522249301], [-70.89690485103895, 43.05853386619821], [-70.89703156660717, 43.058460918777214], [-70.89704491936943, 43.05844736097532], [-70.89705394955924, 43.058357551989324], [-70.89703852418113, 43.05828053563903]]]}, "properties": {"id": 132, "Hectares": 51.45470524671, "Acres": 20.82301258441, "Year": "2019", "LABEL": "Great Bay", "Type": 2, "Name": "Eelgrass and Widgeon Gras"}}, {"type": "Feature", "geometry": {"type": "Polygon", "coordinates": [[[-70.89865556180659, 43.0582781664504], [-70.89853276754208, 43.05823463350775], [-70.89839043960082, 43.05819279981672], [-70.89812905453692, 43.058198709368696], [-70.8978465109322, 43.058224915302524], [-70.89743819682204, 43.05827837899254], [-70.89703852418113, 43.05828053563903], [-70.897021155892, 43.05819381843072], [-70.89701597755126, 43.058050709717115], [-70.89703125494394, 43.05794350704793], [-70.89710355163268, 43.05773449219256], [-70.8970424402485, 43.05760633666346], [-70.89688275960384, 43.057559274608984], [-70.89680087381292, 43.0574207596377], [-70.89685098947798, 43.05731379134791], [-70.89702799157529, 43.057090151473986], [-70.89715443045729, 43.05700924523961], [-70.89751712781724, 43.05698102486731], [-70.89785809229907, 43.057019084516924], [-70.89800364567222, 43.05708137967118], [-70.89807856613683, 43.05721984701131], [-70.89822993935884, 43.05737415704803], [-70.89863962622164, 43.057489322550744], [-70.89901434890506, 43.057614471612894], [-70.89920005400315, 43.05780988891234], [-70.89893823407465, 43.05813004898851], [-70.89870683304278, 43.05824602131999], [-70.89865556180659, 43.0582781664504]]]}, "properties": {"id": 133, "Hectares": 11.52427627461, "Acres": 4.66371634512, "Year": "2019", "LABEL": "Great Bay", "Type": 3, "Name": "Widgeon Grass"}}, {"type": "Feature", "geometry": {"type": "Polygon", "coordinates": [[[-70.89503462926173, 43.05796072015962], [-70.89490972359083, 43.05791899961485], [-70.89490339672172, 43.05786785912962], [-70.89486590760927, 43.05780117913357], [-70.89480393563952, 43.05774199866576], [-70.8949108535271, 43.057551102943705], [-70.89502032553524, 43.05743431617816], [-70.89497638152571, 43.05732671443057], [-70.89491108631469, 43.05725473715081], [-70.8949609808526, 43.057165652435856], [-70.89515323028594, 43.05711585088615], [-70.89540793151585, 43.05708690905963], [-70.89557876542496, 43.05707784071942], [-70.89572076877921, 43.05714522463683], [-70.89577174558237, 43.05724776369682], [-70.89569394967853, 43.05733921568528], [-70.89558176358135, 43.05739466742512], [-70.89547302908011, 43.05745269720577], [-70.89538107305421, 43.05756193778817], [-70.89537650053674, 43.057648773263665], [-70.89526690071122, 43.057775779068024], [-70.89517171622747, 43.05786455858577], [-70.89509765874666, 43.05793559623398], [-70.89503462926173, 43.05796072015962]]]}, "properties": {"id": 134, "Hectares": 2.50634966815, "Acres": 1.01428529093, "Year": "2019", "LABEL": "Great Bay", "Type": 3, "Name": "Widgeon Grass"}}, {"type": "Feature", "geometry": {"type": "Polygon", "coordinates": [[[-70.88614610737179, 43.05990318210661], [-70.88639807663968, 43.059560282706066], [-70.88692934155041, 43.05887919333927], [-70.88734516417396, 43.058509011920144], [-70.88804046531455, 43.05807941350454], [-70.8885772356338, 43.058062625308615], [-70.8891143930685, 43.05801517853809], [-70.88940006799427, 43.05801711923312], [-70.88967774302299, 43.05810076139595], [-70.88977335547922, 43.05825470396552], [-70.89002941958549, 43.05839440614693], [-70.89036283906873, 43.05847842494759], [-70.89055109681492, 43.05846948231761], [-70.89093554606453, 43.05837500319573], [-70.89144483369152, 43.05832735656362], [-70.89203766882838, 43.05828538301429], [-70.89246780302267, 43.05843647746648], [-70.89261456768315, 43.05866649775941], [-70.89260754896877, 43.05869899409686], [-70.89260120694644, 43.0587428281237], [-70.89251966458433, 43.05878049191554], [-70.89247868859177, 43.05881559932749], [-70.89243367439354, 43.05886483325004], [-70.89238926561461, 43.05886594817311], [-70.89237389651251, 43.058860182646036], [-70.89231370900426, 43.05888808308563], [-70.89215665660895, 43.05892988903717], [-70.8921234623925, 43.05894494963453], [-70.89186106383244, 43.05907618204808], [-70.8916218593978, 43.059166005723384], [-70.89130403634138, 43.059197104932885], [-70.89124538573597, 43.059177512769715], [-70.8912407735961, 43.05917380246269], [-70.89109092121072, 43.0591100182371], [-70.8910718210338, 43.05910188827965], [-70.8910469979902, 43.05908048926982], [-70.89101236416248, 43.059071762218046], [-70.89095446272165, 43.0590713697448], [-70.89091630782556, 43.05903572648951], [-70.89092063182252, 43.058998955802515], [-70.89095572947778, 43.0589708860272], [-70.89101992048178, 43.05893169036196], [-70.89102034389366, 43.058931220117046], [-70.89106298797164, 43.05888385918796], [-70.89107781833147, 43.05877922123955], [-70.8910822670815, 43.05873254369773], [-70.8911835030035, 43.05866387592429], [-70.89122665935231, 43.05860896836495], [-70.89118634267905, 43.058591710549265], [-70.89110149257722, 43.05858547399089], [-70.89107911486246, 43.05859855659026], [-70.89103553455018, 43.058583103067576], [-70.89102832534311, 43.058580546689676], [-70.89094796158385, 43.058596280633054], [-70.89092382250928, 43.058592762044896], [-70.89085614645013, 43.058602210954284], [-70.89083661414439, 43.05862047853589], [-70.89081901186138, 43.05863875919914], [-70.89079149171555, 43.058678203387], [-70.8908161360629, 43.05871375508839], [-70.89082606804635, 43.05873387062718], [-70.89085189672566, 43.05878618214759], [-70.89084172905159, 43.05882715936989], [-70.89082966701088, 43.05886529297867], [-70.8907659988098, 43.058845891700635], [-70.89074890865622, 43.0588406838994], [-70.8907028375428, 43.058820556127586], [-70.89068920232926, 43.05883037136211], [-70.8907032850963, 43.05886562040109], [-70.89070791377468, 43.0588772059323], [-70.89068637990349, 43.0589011214536], [-70.89064189968144, 43.058907896752316], [-70.89062444005098, 43.058914855275276], [-70.89056244661947, 43.058932834853735], [-70.89052556157596, 43.05894956930927], [-70.89048475669138, 43.05892289541969], [-70.89047961542347, 43.05891953460339], [-70.89046031499323, 43.05891940369275], [-70.89044669757256, 43.058927803634255], [-70.89044377318449, 43.05893327986807], [-70.89043088230001, 43.05895741943446], [-70.89042875586506, 43.05897297424085], [-70.8904515236311, 43.05900426713605], [-70.89054604231757, 43.059009154365846], [-70.89068711414745, 43.05899595719928], [-70.89080248859776, 43.05903070871183], [-70.89087116731727, 43.059094866629664], [-70.89088239074236, 43.05912325040677], [-70.89083739289177, 43.05917106842349], [-70.89076803597585, 43.05916069050028], [-70.89067303513472, 43.059194015566405], [-70.8904399649409, 43.059308496406096], [-70.890269387926, 43.05936537000975], [-70.89021143264223, 43.05936922294835], [-70.8902039267237, 43.05935218740645], [-70.89022569310332, 43.0593098735575], [-70.89021652501503, 43.059271595971225], [-70.89022676461646, 43.05922495775811], [-70.89019842104055, 43.05917664237265], [-70.8900794723577, 43.059119219844206], [-70.88998695504966, 43.05910868427425], [-70.88988841536846, 43.05911650774937], [-70.88975792609413, 43.05914307697988], [-70.8897548310009, 43.05914815476203], [-70.88974092751967, 43.05917919882905], [-70.88960341134728, 43.05921648050861], [-70.8895357880325, 43.059221682839826], [-70.88945932430548, 43.05918481004154], [-70.88944945410556, 43.059180050367466], [-70.88940186430335, 43.0591273579151], [-70.8893715377402, 43.059083275009534], [-70.88932771877545, 43.05903768506115], [-70.88930829315677, 43.05904746079746], [-70.8892926382261, 43.05906433906767], [-70.88930396819332, 43.05908423141567], [-70.88932682482013, 43.059108448214616], [-70.88935518555635, 43.059155348547904], [-70.88935870596583, 43.05918226476575], [-70.8893714699531, 43.05921123516662], [-70.88937371729725, 43.059216335956954], [-70.8893964667343, 43.05924904432032], [-70.88939237421818, 43.05926741652134], [-70.88934798298934, 43.059267114998335], [-70.88930353812185, 43.05927105924715], [-70.88924735199758, 43.05928766217557], [-70.88920462257867, 43.059308602653296], [-70.8891834930591, 43.05930256091935], [-70.8891488477113, 43.05929265448468], [-70.88910858483905, 43.05927115015121], [-70.88905645551147, 43.05927221132135], [-70.88900243190236, 43.05927042882602], [-70.8889505708926, 43.05925026100436], [-70.88890836017735, 43.05923015874715], [-70.88882565419208, 43.05920695045979], [-70.88876455456011, 43.05915416591388], [-70.88870667846606, 43.059107085552576], [-70.88866477777029, 43.05902124436406], [-70.88865040206277, 43.058948227021816], [-70.88866490283013, 43.058918207811956], [-70.88868940755954, 43.05889851293618], [-70.88869717889455, 43.05888857618621], [-70.88873124746812, 43.058887847208496], [-70.88879740560597, 43.058845835394315], [-70.88881933378032, 43.05879078444862], [-70.8887772128795, 43.058763605829384], [-70.88874220382165, 43.05878459861599], [-70.88871452124776, 43.0588367796588], [-70.88865883396731, 43.05884900523232], [-70.88863322695062, 43.058854626980455], [-70.88858488426801, 43.05884838050995], [-70.88857541522806, 43.05884715699074], [-70.8885620839145, 43.05883291250025], [-70.88851436985838, 43.058790126523775], [-70.88849689212762, 43.058798499983496], [-70.88850227059058, 43.05883109040197], [-70.8884865439031, 43.05885362961263], [-70.8884478536064, 43.058860443430305], [-70.88843995566592, 43.05887176259773], [-70.88843016105125, 43.05888580003334], [-70.88840474831414, 43.05891110413011], [-70.8883965806365, 43.0589464331961], [-70.8884213847967, 43.05896924803653], [-70.88851047106878, 43.058945792312834], [-70.88857782571394, 43.05896181952829], [-70.88859290814324, 43.058990229768064], [-70.88857510823122, 43.05902407797011], [-70.88853979470338, 43.05906913015999], [-70.88853151969626, 43.059112950811844], [-70.88855812874422, 43.05914568558622], [-70.88858089561612, 43.05917697884575], [-70.88853403748821, 43.05921912176789], [-70.88844175300721, 43.05919018653392], [-70.88836714338173, 43.05913730990031], [-70.88831923230401, 43.059110091734], [-70.88827709350697, 43.059084328194935], [-70.88829292774827, 43.059053297438666], [-70.88829707428525, 43.05903067949053], [-70.88828747776667, 43.05902636806326], [-70.88823522330843, 43.05903733569988], [-70.88819244001004, 43.059062521587315], [-70.8881457070508, 43.059094757511176], [-70.88810837358436, 43.0591468727475], [-70.88805411730958, 43.05916348821969], [-70.88799475142841, 43.05912628428853], [-70.88799718294905, 43.059086670068176], [-70.88802683210778, 43.059031671813834], [-70.88801748633709, 43.059007546687035], [-70.88796728726598, 43.059008620495085], [-70.88792323119957, 43.05901071225632], [-70.88786510269547, 43.05905852321114], [-70.88787465103812, 43.05908466746282], [-70.88786442895073, 43.059123825095845], [-70.88786292588098, 43.059124573100156], [-70.88784096707475, 43.059150380298526], [-70.8878288219595, 43.059177696319374], [-70.88783619475709, 43.05921668146107], [-70.88784997438158, 43.059221341633204], [-70.88787535837614, 43.05922992631554], [-70.88788285895717, 43.059258818073815], [-70.88783127642046, 43.05929451791422], [-70.88775786267742, 43.05934593153141], [-70.88771968249833, 43.059341273245984], [-70.8876995195877, 43.059347680662206], [-70.88758526024624, 43.059325906403465], [-70.88745175838392, 43.05931624892894], [-70.88739670451477, 43.059329871670045], [-70.88735815278025, 43.059359354093544], [-70.88731694915097, 43.0594098148813], [-70.88722042546837, 43.05949489293399], [-70.88710530156804, 43.059541350728885], [-70.88696609278622, 43.05958042136149], [-70.88681952518141, 43.05970698007722], [-70.88674876024656, 43.05973232497907], [-70.88672410009548, 43.05975996495254], [-70.88664298374147, 43.059798347031524], [-70.88656998886914, 43.059816595919045], [-70.8865322796891, 43.05984373752836], [-70.88650050628182, 43.05986803552134], [-70.88643142582971, 43.05988775304207], [-70.88638017106427, 43.05989749781919], [-70.88632891628293, 43.0599072425732], [-70.88627751518352, 43.059928522590205], [-70.88623993382724, 43.059945570725894], [-70.88618298092582, 43.05993941416428], [-70.88614798784113, 43.05990745071646], [-70.88614610737179, 43.05990318210661]]]}, "properties": {"id": 135, "Hectares": 28.47949424103, "Acres": 11.52526020964, "Year": "2019", "LABEL": "Great Bay", "Type": 2, "Name": "Eelgrass and Widgeon Gras"}}, {"type": "Feature", "geometry": {"type": "Polygon", "coordinates": [[[-70.77761154064423, 43.10487659951003], [-70.77761403671637, 43.104917310482065], [-70.77759125929066, 43.10492286822096], [-70.77755815344368, 43.104930946106045], [-70.77742264805947, 43.104921746705436], [-70.77731280614604, 43.10487745431816], [-70.77724641785062, 43.10480980577389], [-70.77720192791514, 43.104718633589265], [-70.77712301131557, 43.104585729547026], [-70.7769622341313, 43.10452327045561], [-70.77687369101, 43.10449691362749], [-70.77686620834815, 43.104455391234175], [-70.77693944287044, 43.10442239445357], [-70.77698315345827, 43.1043812701246], [-70.77701014878004, 43.104362785989636], [-70.77701866648077, 43.104347979985874], [-70.77707048869186, 43.10430494420535], [-70.77709659321157, 43.104299610392616], [-70.77716536371331, 43.104266192066255], [-70.77718786204173, 43.1042012089226], [-70.77717510479266, 43.104151747600085], [-70.7772085806379, 43.10407302838414], [-70.77720665803693, 43.10401970231387], [-70.77719169237761, 43.10393665756025], [-70.77722213071895, 43.103881608559014], [-70.77727068639474, 43.10387803701542], [-70.7773083502968, 43.103882278739334], [-70.7773775463542, 43.10394205113462], [-70.77744361953309, 43.104031416510466], [-70.77746672582242, 43.104110575520686], [-70.7775088070959, 43.104181984033765], [-70.77752921914423, 43.104261122092964], [-70.7775983301242, 43.10432681714855], [-70.77771622585283, 43.10437314632147], [-70.77780482629925, 43.10439555397155], [-70.77789870133418, 43.104425900467106], [-70.77796574682797, 43.10444814056409], [-70.77804345569326, 43.104478361379634], [-70.77808304338842, 43.10453592891066], [-70.7781500319617, 43.10456211742935], [-70.77820099699481, 43.10457830906077], [-70.7782435362586, 43.10461812908018], [-70.77830505055093, 43.10465019846105], [-70.77836917366352, 43.10468821151967], [-70.77836865981136, 43.104723748277245], [-70.77833581314542, 43.104759034019935], [-70.7783141151913, 43.10476873799308], [-70.77831119239573, 43.10478451118829], [-70.77831876171948, 43.104820110701056], [-70.77831819073756, 43.10485959598578], [-70.7782723572947, 43.10486121462256], [-70.77825412458213, 43.10481763436998], [-70.77821419392005, 43.104783758068365], [-70.77814683386968, 43.10478323502004], [-70.77809283160552, 43.104790713609376], [-70.77794157378798, 43.10481520719849], [-70.7778122138709, 43.10481617686597], [-70.7776693247967, 43.104820990245834], [-70.77762309136982, 43.10485024831692], [-70.77761154064423, 43.10487659951003]]]}, "properties": {"id": 136, "Hectares": 3.68077377804, "Acres": 1.4895585998, "Year": "2019", "LABEL": "Spinney Creek", "Type": 3, "Name": "Widgeon Grass"}}, {"type": "Feature", "geometry": {"type": "Polygon", "coordinates": [[[-70.8465515536305, 43.07017353769265], [-70.84707071849195, 43.07067618323747], [-70.84722922515971, 43.07080061233473], [-70.84796153673469, 43.07113463782013], [-70.84879834494552, 43.07144004981446], [-70.84932247506218, 43.0717725784688], [-70.84964641967156, 43.07210367560413], [-70.84931280096819, 43.07250053058135], [-70.84762657229865, 43.072834871077916], [-70.84693155859317, 43.073386183079045], [-70.84684187698464, 43.07337486112351], [-70.84657792659968, 43.07333353091859], [-70.84634583723542, 43.07325627620436], [-70.84623899915978, 43.0731996385256], [-70.84574379545683, 43.07301861209697], [-70.84555815786538, 43.072820085799044], [-70.8454754455643, 43.072635444151445], [-70.84543874431533, 43.07236239516069], [-70.84538240172895, 43.07221738155806], [-70.84526317201342, 43.072081776253796], [-70.84518432959479, 43.071943174187204], [-70.84503578645803, 43.07165288922451], [-70.8450839040178, 43.07140674164306], [-70.84521134529997, 43.0712630472888], [-70.84534718046578, 43.07116213850101], [-70.8454559009303, 43.071077467839345], [-70.84556510368054, 43.0709566482144], [-70.84561559531038, 43.070868272991085], [-70.84565215688914, 43.07081595012155], [-70.84563945524913, 43.07075998722317], [-70.84565386767632, 43.070687785986955], [-70.84570906071284, 43.07058301157537], [-70.84577743771126, 43.07049805116035], [-70.84604422531679, 43.07032577620369], [-70.846157732625, 43.07021813316347], [-70.8461946440422, 43.0701395200226], [-70.84629540482285, 43.069979200248746], [-70.84629997182857, 43.069960682173495], [-70.8464218717012, 43.07005181765504], [-70.84652579018807, 43.07017927176819], [-70.8465515536305, 43.07017353769265]]]}, "properties": {"id": 126, "Hectares": 46.31142610236, "Acres": 18.74159814749, "Year": "2019", "LABEL": "Great Bay", "Type": 3, "Name": "Widgeon Grass"}}, {"type": "Feature", "geometry": {"type": "Polygon", "coordinates": [[[-70.68777709902105, 43.060295692036135], [-70.68637576565105, 43.06126812697905], [-70.68633889932626, 43.06114076598969], [-70.68635184364065, 43.061022016872535], [-70.68636050184391, 43.06094105012851], [-70.68645140315166, 43.06078514971098], [-70.68652640806803, 43.0607020498899], [-70.68671260737271, 43.06057668047766], [-70.68676473615943, 43.060542009145436], [-70.68690236041897, 43.060459445278426], [-70.68705827294032, 43.060385141897456], [-70.68726532448478, 43.06033828964639], [-70.68742029052933, 43.060323407682915], [-70.68766781737912, 43.06027960242558], [-70.68777709902105, 43.060295692036135]]]}, "properties": {"id": 109, "Hectares": 2.58748977957, "Acres": 1.04712157972, "Year": "2019", "LABEL": "Atlantic Coast", "Type": 1, "Name": "Eelgrass"}}, {"type": "Feature", "geometry": {"type": "Polygon", "coordinates": [[[-70.69109172467383, 43.06240736971072], [-70.69112232030487, 43.062376690635794], [-70.69135741138209, 43.0621409569289], [-70.69145145203642, 43.06204665920286], [-70.69279323103578, 43.060701162972265], [-70.69278054983168, 43.060722182555466], [-70.69277837792579, 43.0607244239276], [-70.69270039762326, 43.06079968235774], [-70.69273196925587, 43.06096318713846], [-70.69285142166261, 43.061111879028886], [-70.69292416200923, 43.06122519054961], [-70.69299764768233, 43.06134261102602], [-70.69308788105643, 43.061372165238666], [-70.69315798069196, 43.061381591909935], [-70.69332508931373, 43.061416308416526], [-70.69352286019591, 43.06149994733165], [-70.69359120980668, 43.061595291197385], [-70.69374727507737, 43.06166576930886], [-70.69399531776833, 43.06166275564255], [-70.69407669592039, 43.0615968573735], [-70.69414438760444, 43.061512914663396], [-70.6941877941716, 43.061418520922174], [-70.69430270594118, 43.061329336341366], [-70.69442693685163, 43.06131554574313], [-70.69457446729561, 43.06126301490368], [-70.69466258634341, 43.06121254038966], [-70.69475423809084, 43.06115953465936], [-70.69486329352958, 43.06112190112275], [-70.69502574044789, 43.06099792655295], [-70.69519454737586, 43.060925086345925], [-70.6953676548184, 43.060801059339546], [-70.69548118926376, 43.06068933224935], [-70.69545551403077, 43.060545689789876], [-70.6953378654562, 43.060475540093975], [-70.69521006356794, 43.06038481485952], [-70.69509980464105, 43.060289116122895], [-70.6950833943181, 43.06022238681899], [-70.69515421151333, 43.06016152040103], [-70.69526255474574, 43.06015731786362], [-70.6953542852493, 43.06009919000321], [-70.69544488374822, 43.06011276474255], [-70.69544764847464, 43.06015888895976], [-70.69540493197168, 43.060209749461364], [-70.69539316136077, 43.06029160644658], [-70.69543442269327, 43.06033293510138], [-70.69553245085746, 43.0603184001488], [-70.69556830390417, 43.06025979789717], [-70.69559010669956, 43.060206198708975], [-70.69562206313701, 43.06017317490123], [-70.6956742865195, 43.0601838626569], [-70.69570543466314, 43.06020205502487], [-70.69571875743063, 43.060243146514395], [-70.69576367293259, 43.06027426144496], [-70.69581963121216, 43.06026961390595], [-70.69587274362306, 43.06022396375049], [-70.69591818443074, 43.06022178808966], [-70.6959246842742, 43.06025257706342], [-70.69589959142839, 43.060293342640435], [-70.6958249592047, 43.06037466637499], [-70.69577501570177, 43.060440832615654], [-70.69571045607735, 43.0605478532604], [-70.69566026982193, 43.060629384305074], [-70.69562730276738, 43.060726428361335], [-70.69560899218176, 43.060780057186285], [-70.69561512817522, 43.06083389346041], [-70.6956427034216, 43.060857177829895], [-70.69574731301402, 43.06086831006872], [-70.69578235799547, 43.06086092395161], [-70.69578596832824, 43.060862147652394], [-70.69580066965794, 43.06085362565325], [-70.69590697260887, 43.06083762265635], [-70.6960818962767, 43.060856011298924], [-70.6962977793596, 43.060908556704995], [-70.69638468157177, 43.060953246192746], [-70.69646151042132, 43.061051945714986], [-70.69646945162229, 43.06113315630312], [-70.69639837800409, 43.06125426857784], [-70.69624474505001, 43.06134763295086], [-70.69604575510277, 43.06139327883711], [-70.69584215454985, 43.06143888526079], [-70.69578629462067, 43.06147222265042], [-70.69575836865631, 43.06148888893387], [-70.69570605463868, 43.061589874122575], [-70.69576198994528, 43.06162628889201], [-70.69599060688294, 43.0617751214061], [-70.696230033141, 43.06193098966887], [-70.69621863953655, 43.06198331412818], [-70.69618727243234, 43.06203067651493], [-70.69610893396212, 43.06203861451046], [-70.69600768829612, 43.06210014138339], [-70.6958686478162, 43.06224601375549], [-70.69578267692049, 43.06231815034884], [-70.69576086804884, 43.06233644973322], [-70.69577410043944, 43.06234375884955], [-70.6957354253609, 43.062459238421255], [-70.69590499467924, 43.06278081519121], [-70.69601230241808, 43.062910007510865], [-70.69605758642098, 43.06293045577482], [-70.69607262596298, 43.062926921141965], [-70.69610656012472, 43.062920593380056], [-70.69612698844637, 43.06291249716449], [-70.69618580937176, 43.06290141876423], [-70.69622858219213, 43.062906743195484], [-70.69630277300526, 43.06292225741014], [-70.69635428023712, 43.062945848713575], [-70.69640159877028, 43.06296487151374], [-70.69642605324883, 43.06296308883956], [-70.69660947872615, 43.0630215573635], [-70.69664334629029, 43.06304697102978], [-70.69669539441732, 43.06305624387945], [-70.69672691683454, 43.06305981886472], [-70.69676953339223, 43.063075065143344], [-70.69680087333599, 43.063090215831366], [-70.69684773990423, 43.06312203705855], [-70.69689033046818, 43.063138936967476], [-70.69692161834152, 43.063157394972386], [-70.69694134285632, 43.06319394783003], [-70.69694069120544, 43.063235289698845], [-70.69694271194379, 43.06325019188393], [-70.69693747142489, 43.06329645655169], [-70.69692818942151, 43.06331291684865], [-70.69689669156885, 43.063345111343075], [-70.69689609338073, 43.06334572276098], [-70.69688017568646, 43.06335385734016], [-70.69687765967099, 43.0633703749733], [-70.69691358866773, 43.06338060283463], [-70.69694306161, 43.063381990832404], [-70.69695641402, 43.063382619647825], [-70.69699908298757, 43.06339455849341], [-70.69701460971375, 43.063411229018726], [-70.69701434907127, 43.06342776576602], [-70.69697583586972, 43.06344557843469], [-70.69697572158064, 43.06344563129427], [-70.69693945367376, 43.06345690122301], [-70.69691537832523, 43.0634731913496], [-70.69687867474465, 43.063486260776386], [-70.69679085858415, 43.06351753032186], [-70.69673220228043, 43.063545489876546], [-70.69667828441678, 43.06358060374656], [-70.69659803790378, 43.06359060043505], [-70.69657744521652, 43.06360041624505], [-70.69647620219979, 43.06359699676187], [-70.69643766320195, 43.06360435346152], [-70.6963813384283, 43.06363204855163], [-70.6963143744356, 43.06366989800156], [-70.6962517707913, 43.06369110861823], [-70.69620547136122, 43.06372243559559], [-70.69620981707983, 43.0637544862574], [-70.69615945892882, 43.063871443130765], [-70.69616426949763, 43.063883714436535], [-70.69616429456298, 43.063883761969734], [-70.69622647368398, 43.06392782887272], [-70.69631618939161, 43.06399774076191], [-70.69641999669592, 43.064060088608265], [-70.69647482759059, 43.064127143431364], [-70.69650838014206, 43.06421450703887], [-70.6965767373521, 43.06430984915096], [-70.6966829074608, 43.064443929017834], [-70.69673125068265, 43.064534851424604], [-70.6967550826967, 43.06455589723364], [-70.69682638573681, 43.06464898589181], [-70.69685007870542, 43.06468475758672], [-70.69686435056815, 43.0647026639874], [-70.69680563708542, 43.0647341801772], [-70.69684382622899, 43.06477363182371], [-70.69685190304713, 43.0647953040746], [-70.69689347282568, 43.06482476404891], [-70.69690956330668, 43.06491197954148], [-70.69690382360368, 43.064954655034505], [-70.69690164961249, 43.06497081894582], [-70.69688719474175, 43.06500143025467], [-70.69688687178558, 43.065021916724426], [-70.69697057338105, 43.0650303095019], [-70.6970161791679, 43.06501789020586], [-70.69704500804924, 43.06496178917013], [-70.6970594224699, 43.06493373864917], [-70.69710222168797, 43.06487775597219], [-70.69711640883821, 43.06483573098854], [-70.69711687822061, 43.064834340589336], [-70.69713843921318, 43.06479610600518], [-70.69716690465849, 43.064763052215845], [-70.69720556536969, 43.06474801285105], [-70.69727549801574, 43.06474348299882], [-70.69728934734566, 43.06475128377432], [-70.6973135130665, 43.06476941654347], [-70.69730600329716, 43.06480264788989], [-70.69729033864296, 43.064827706112226], [-70.69730201259867, 43.064836465665856], [-70.69736815024208, 43.0648324840279], [-70.69740989470368, 43.06480407236246], [-70.69744544543687, 43.064775608221325], [-70.6974770101046, 43.06473802654243], [-70.69751253692057, 43.06471107613848], [-70.69763299681664, 43.06466667746027], [-70.69767656716549, 43.06465342076892], [-70.69775739492356, 43.064634423688716], [-70.69776373227073, 43.06463185408396], [-70.69781264819152, 43.06457131273685], [-70.69788667809492, 43.06452839993434], [-70.69797134693846, 43.06447533254155], [-70.69800370759114, 43.064416700004024], [-70.69801466918891, 43.064386058979856], [-70.69805365201985, 43.06435053284417], [-70.69809215098493, 43.06434573641381], [-70.69812065946404, 43.06435197051984], [-70.69813289030762, 43.06435464510315], [-70.69814088577031, 43.06435639351248], [-70.69814342196013, 43.064360755724024], [-70.69817234116091, 43.064377535061716], [-70.69820271365307, 43.06441564114523], [-70.69821272661717, 43.06443540738195], [-70.6982369204178, 43.06447274249722], [-70.69824069975805, 43.06450060884004], [-70.69826842212386, 43.0645759947386], [-70.69829327417294, 43.064666771988044], [-70.69829169707269, 43.06476696035652], [-70.69825822285654, 43.06489000225994], [-70.69820913355056, 43.06500327721759], [-70.69822066639439, 43.06505123813106], [-70.69819721830825, 43.06510065347852], [-70.69817781558544, 43.06518975472628], [-70.69817781558544, 43.06520797996556], [-70.6981639564977, 43.06526468067532], [-70.69812237923453, 43.06533353146666], [-70.69810297651172, 43.06536998185429], [-70.698078611617, 43.065410922730415], [-70.6980635433023, 43.06541305641484], [-70.69800697570118, 43.065424154847676], [-70.69798125475025, 43.06548182344281], [-70.6979818348672, 43.06548301388902], [-70.69800310583727, 43.06552666358177], [-70.69799341536809, 43.06557713017336], [-70.69799457803975, 43.06558677869881], [-70.69799928803697, 43.06562586496465], [-70.69795975801017, 43.06568847425219], [-70.6979483927624, 43.06570647497396], [-70.69790255509919, 43.06575239598286], [-70.69785210233762, 43.06580489347958], [-70.69781384733147, 43.06586052368924], [-70.69768436869141, 43.06592613508138], [-70.69758567113658, 43.06603201193369], [-70.69740756635682, 43.06625104294861], [-70.69735535891166, 43.066485368542686], [-70.69731240447295, 43.066748229190296], [-70.69732008860686, 43.06687634944702], [-70.69740594788236, 43.06696956101754], [-70.69752147330789, 43.067027452900504], [-70.6976268488688, 43.06711371541582], [-70.69764751832992, 43.067160992012916], [-70.69765845650633, 43.06717056998054], [-70.69770247526448, 43.06722439776615], [-70.69773257225282, 43.06727193976418], [-70.69775689978682, 43.06732971271754], [-70.69775541029453, 43.067424274401354], [-70.69775701602741, 43.06750035862558], [-70.69775745606556, 43.06765044764183], [-70.6977537455919, 43.06770798318389], [-70.69775564275041, 43.06776556620675], [-70.69776543329199, 43.067856111468686], [-70.69776433235307, 43.06792600488103], [-70.69779922789421, 43.068024986554924], [-70.69779819174653, 43.0680907685888], [-70.69778316878613, 43.0681543762332], [-70.69779634609985, 43.06820794283473], [-70.69781226251962, 43.06826564455103], [-70.69780571582447, 43.068325212037664], [-70.69778146241943, 43.06838620095677], [-70.69778142681038, 43.068388461606666], [-70.69777015609962, 43.06848796461031], [-70.6977948925836, 43.068765626827016], [-70.6977535069648, 43.06892890239679], [-70.69777678687592, 43.069299036510685], [-70.69782148836467, 43.069541296865594], [-70.69783051833811, 43.069584058354614], [-70.69781010542674, 43.069647913075634], [-70.69796780256775, 43.070008589748824], [-70.69803866555867, 43.07009325578331], [-70.6980957028079, 43.07021092841411], [-70.69815048663173, 43.07029363058872], [-70.69821567715111, 43.07042781985936], [-70.69822843450969, 43.07050811034166], [-70.69824937717515, 43.07060286182701], [-70.69825807809451, 43.07068123510937], [-70.69836294130923, 43.07089757255941], [-70.69836036557702, 43.07106117669328], [-70.6983935642456, 43.07120789011006], [-70.69846076044111, 43.071330549887996], [-70.69857629683732, 43.071536419254], [-70.69874326168939, 43.07180419107911], [-70.69895062258863, 43.07229709080853], [-70.69910492839071, 43.072461852121926], [-70.69911483378782, 43.0725237475421], [-70.69913963627353, 43.07255635986779], [-70.69916458263144, 43.072637351155265], [-70.69920893171215, 43.07272239189197], [-70.69927545533324, 43.07280945728584], [-70.69928931442097, 43.07283577935733], [-70.69933643531922, 43.07288639869377], [-70.69938078439993, 43.07296131523498], [-70.69942158222973, 43.073037683299006], [-70.69940933735991, 43.073091868318066], [-70.69944161373911, 43.073143347592335], [-70.69944469614882, 43.073181104714315], [-70.69944855280747, 43.0731891681966], [-70.6994589329286, 43.07321087089002], [-70.69948047882984, 43.07324339391918], [-70.69948436816459, 43.07325228834411], [-70.69951394586994, 43.0732893906887], [-70.69951887512748, 43.073332607530574], [-70.69948741604571, 43.07337140489279], [-70.69945940760574, 43.073369112194285], [-70.69941222327424, 43.073337873945675], [-70.69940685332378, 43.07333152723797], [-70.69939295040152, 43.07331509546211], [-70.69937912402608, 43.07330264282035], [-70.69937657861472, 43.07328617361591], [-70.69937122913235, 43.07326968070788], [-70.69937075214344, 43.07326871447385], [-70.6993809370678, 43.07326141805234], [-70.69939247289787, 43.073229174651594], [-70.69940417824517, 43.07318615237746], [-70.69940354607945, 43.07318149244238], [-70.69939645676861, 43.07317282459698], [-70.69935808388495, 43.07317415411615], [-70.69935290086113, 43.073197909458905], [-70.69934835881048, 43.07321872701473], [-70.69930088506175, 43.07322494125926], [-70.69927425886915, 43.07319659998237], [-70.69927681325892, 43.073150878274674], [-70.6992692272359, 43.07312130185764], [-70.69925021324987, 43.073096241519636], [-70.699236218522, 43.073060552360786], [-70.69924659268447, 43.07301795505702], [-70.69923750531588, 43.07297875030198], [-70.69920912429917, 43.072932268257595], [-70.69919759615512, 43.07292145056793], [-70.69917475278775, 43.07292364620562], [-70.6991606031476, 43.072931750414256], [-70.69913246555902, 43.07293768038809], [-70.69909914029242, 43.072916838996235], [-70.69908537874937, 43.072900274944374], [-70.69909131027865, 43.072879765488985], [-70.6991090649926, 43.07286342284222], [-70.69911122972947, 43.072861430270336], [-70.69910874908857, 43.072840849684304], [-70.69908835736967, 43.072833158184494], [-70.69907668803542, 43.07281610317473], [-70.69905673694775, 43.072751905781026], [-70.69906087533934, 43.07269869671687], [-70.69902880060299, 43.07267463346376], [-70.69899021350264, 43.07266007881771], [-70.69898076724849, 43.07265220333574], [-70.69892581422302, 43.07263554698222], [-70.69893352562711, 43.072589511540976], [-70.69894044071695, 43.07256560130904], [-70.69892665627745, 43.072542670455995], [-70.69887519161283, 43.07252242835225], [-70.69883737265543, 43.07248369127408], [-70.69883425614628, 43.072478300432756], [-70.69881356618784, 43.07244251155561], [-70.69879274413184, 43.072425325806954], [-70.69877598805596, 43.07239859983342], [-70.69872842618338, 43.07233772708569], [-70.69864656916901, 43.072297906708535], [-70.69863297936699, 43.072273196324545], [-70.69863491687713, 43.072250128003105], [-70.69862371664361, 43.072245071572766], [-70.6985980080151, 43.07223431427358], [-70.6985769573119, 43.0722020217265], [-70.6985575545891, 43.07218177377082], [-70.69852152096101, 43.07215950101187], [-70.69849103096801, 43.072135203447395], [-70.6984466818873, 43.07209065788755], [-70.69843226426063, 43.072083223534065], [-70.69842287076935, 43.07205172693628], [-70.69840392229928, 43.07200839141349], [-70.69838207274982, 43.071971199222844], [-70.69835148753948, 43.071954492719485], [-70.698349173505, 43.071952508130835], [-70.69835244009077, 43.07194487219254], [-70.69834689645567, 43.07192664895628], [-70.69832472191533, 43.071912475324325], [-70.69829423192233, 43.07189830168912], [-70.69828516095247, 43.071892338002954], [-70.69828529176785, 43.071884029855134], [-70.69829699330995, 43.071853289460435], [-70.69828078425694, 43.07181408902144], [-70.6982361791308, 43.07179726383889], [-70.69822219147942, 43.071795089497016], [-70.69819134743436, 43.07179482845131], [-70.69818573942621, 43.07179478098755], [-70.69818197930014, 43.071794536896945], [-70.69814931974572, 43.071792416779054], [-70.69812704957867, 43.07178194847712], [-70.698121668183, 43.07176751119832], [-70.6981222087299, 43.07173318642575], [-70.6980946610591, 43.07171809375549], [-70.69806694288364, 43.07169987045179], [-70.69806694288364, 43.07166342382815], [-70.69805308379593, 43.07163507643923], [-70.6980142783503, 43.07162697718285], [-70.69799764744504, 43.07162090273986], [-70.69797824472221, 43.07160875385207], [-70.69793943927658, 43.071574331990256], [-70.6978840029257, 43.071521686752426], [-70.6978840029257, 43.07151561229902], [-70.69786737202043, 43.07148726484171], [-70.69781470748707, 43.07144271881093], [-70.69777590204144, 43.07140424721281], [-70.69773432477827, 43.071357676298575], [-70.69771215023792, 43.07132932876824], [-70.69772878114318, 43.071278708145734], [-70.69771476884584, 43.07126079506201], [-70.69770339457648, 43.071260259535585], [-70.69767822353741, 43.07125593446639], [-70.69761969625866, 43.071232823263955], [-70.69759194798998, 43.071214084619236], [-70.69758379518157, 43.071197567881875], [-70.69757857591507, 43.0711728521413], [-70.69755389079053, 43.07113769173562], [-70.69755396255819, 43.07113313705645], [-70.69755418231192, 43.07111919054989], [-70.69754589995978, 43.071110896559006], [-70.69752545444851, 43.071113217149026], [-70.69750149210451, 43.07109647355857], [-70.6974515993887, 43.071062051409044], [-70.69743801963025, 43.07104816325494], [-70.69740670562645, 43.071045982802964], [-70.69735375418917, 43.07102497465507], [-70.6973457958577, 43.070996123777725], [-70.69736851916932, 43.070977812607744], [-70.6973820094718, 43.07097792687951], [-70.69738534296627, 43.070977955116156], [-70.69740529469014, 43.070957564500134], [-70.69739185800054, 43.07092044337488], [-70.69736311189564, 43.07090693053925], [-70.69734731856343, 43.07089950647736], [-70.6973280148111, 43.0708787833385], [-70.69734427849076, 43.07085560962104], [-70.69734349850445, 43.07085349326615], [-70.69728806215355, 43.070821095821046], [-70.69726643790725, 43.07082109582372], [-70.69726412118438, 43.07078513867261], [-70.69725388453935, 43.07076968506104], [-70.69718442941499, 43.07074348515231], [-70.6971779279261, 43.07071269628905], [-70.69718877001779, 43.07068973781146], [-70.6971685389964, 43.07064346573567], [-70.69717251631484, 43.070612765652406], [-70.6972009441263, 43.070582272720294], [-70.69721552129445, 43.07054397899314], [-70.69723342991652, 43.07051595808145], [-70.69724804741026, 43.070475103542826], [-70.69725190359065, 43.070452085875054], [-70.69723151114535, 43.070416057035054], [-70.69722803799974, 43.07041248672942], [-70.69723593685879, 43.070407424575876], [-70.69724335525679, 43.07036614008248], [-70.69721206365742, 43.07034768215194], [-70.69720225403292, 43.070342523009344], [-70.69720109785165, 43.070332927948826], [-70.69722173765538, 43.07030641676913], [-70.69720672823158, 43.0702966224384], [-70.69722431035001, 43.07027236149313], [-70.69721876671491, 43.07023793888076], [-70.69722153853246, 43.07020756597144], [-70.69722985398509, 43.07017719304706], [-70.69722113803248, 43.07017355467106], [-70.69722880376585, 43.070144552350804], [-70.69722694262961, 43.07014029556273], [-70.69722243980665, 43.07012999671001], [-70.69721531650937, 43.070113704303466], [-70.69719837673006, 43.07008026585539], [-70.69719291241465, 43.07006990487463], [-70.69721389595637, 43.07005585339819], [-70.69721389595637, 43.070036372321546], [-70.69719889552547, 43.070016891238744], [-70.69718556180912, 43.06999741014974], [-70.69718235626392, 43.069990970434176], [-70.6971934633652, 43.069958442101466], [-70.69722431035002, 43.06995243293888], [-70.69724371307284, 43.06991396040532], [-70.6972353976202, 43.06985523912332], [-70.69721322307983, 43.069810691906355], [-70.69715835629474, 43.06971128996716], [-70.69715307088846, 43.06969067926027], [-70.69708314933447, 43.069633649688484], [-70.69698668112996, 43.0695483143426], [-70.69691518811283, 43.069429895637384], [-70.69681306723975, 43.06925999432238], [-70.69677297011732, 43.069144402765154], [-70.69674343242278, 43.069023778397366], [-70.69672705853564, 43.06895448858307], [-70.69669309937827, 43.06889273315145], [-70.6966139354534, 43.06881778875911], [-70.69657355626524, 43.06872012277746], [-70.6965539321578, 43.068635438485515], [-70.69655108555843, 43.068594435964535], [-70.69653784130352, 43.0685482229945], [-70.69654852168257, 43.06853550779512], [-70.69660818217817, 43.0685180855266], [-70.69661253911556, 43.068517747115564], [-70.69661395854378, 43.0685067911872], [-70.696614297579, 43.068485293437405], [-70.69658736168428, 43.068476795620796], [-70.69654701104197, 43.06847075092525], [-70.69651047587767, 43.06842195605316], [-70.69652026869362, 43.06838516386821], [-70.69652007120169, 43.06838465890378], [-70.69646760242819, 43.06835041899471], [-70.6964304338101, 43.06827070822216], [-70.69641739167939, 43.068211691202514], [-70.69642209627297, 43.0681348966094], [-70.6963950830365, 43.068075761124916], [-70.6963854125755, 43.0680244561372], [-70.69641472820817, 43.067937625624396], [-70.69643055737694, 43.067819946958664], [-70.69639984952957, 43.06777358589425], [-70.69640053622165, 43.06773005217321], [-70.69640767099298, 43.067710111001546], [-70.69641149923558, 43.06769941133371], [-70.6964158402503, 43.06764566399838], [-70.69636738594524, 43.06761708049853], [-70.69636159189199, 43.067611277806556], [-70.69634675255693, 43.067596416340336], [-70.69634735849118, 43.06755800423298], [-70.69634861075156, 43.067478619210256], [-70.69634919636415, 43.067441495134084], [-70.6963345569181, 43.06742129373765], [-70.69629639181571, 43.06740795909127], [-70.69626928744515, 43.06741391781176], [-70.69623448117227, 43.06740593919098], [-70.69621043595501, 43.06738012377378], [-70.69622401188906, 43.06737234799059], [-70.69621154913251, 43.06736184258851], [-70.69622168978353, 43.06734739303715], [-70.69623767004734, 43.0673386463271], [-70.69626037213546, 43.06732622045504], [-70.6962743224305, 43.0672998764459], [-70.69621771964847, 43.06728646898228], [-70.69621978306826, 43.06725535612854], [-70.69622776608584, 43.06724821089995], [-70.6962357341496, 43.06723825642093], [-70.69622194207354, 43.06722007528561], [-70.69620276956404, 43.06719112920706], [-70.69617541272856, 43.06714772197286], [-70.69616178297504, 43.06712293482148], [-70.69615943325216, 43.0670941314113], [-70.69616889974196, 43.067077345471425], [-70.69617674247169, 43.06706343876834], [-70.69619111815967, 43.06704094509554], [-70.69620281977936, 43.06701020489049], [-70.69619235058018, 43.06696282895299], [-70.69616457222249, 43.06694614565926], [-70.69615616087836, 43.066946074320946], [-70.69610272685769, 43.06695590093693], [-70.69608194291159, 43.066975243746114], [-70.69605245926942, 43.066986927972984], [-70.69602407299602, 43.067014859842175], [-70.69598637320725, 43.067019555783155], [-70.69596036154955, 43.06699605209695], [-70.6959326433741, 43.066955552739216], [-70.6959326433741, 43.06692112826411], [-70.69594650246184, 43.06687657891468], [-70.69595352622987, 43.06687456306343], [-70.69595287976749, 43.06685594365391], [-70.69598994520506, 43.06681719477628], [-70.69600454796867, 43.06678031131062], [-70.6960049372259, 43.06675564305543], [-70.69601950596508, 43.066752724396146], [-70.69602462850881, 43.06675169815997], [-70.69605830621423, 43.06674992785917], [-70.69607277917723, 43.06672126713577], [-70.69606472466047, 43.06669858322313], [-70.69603991240938, 43.06667164524152], [-70.69602308979681, 43.06667150254668], [-70.69597968624669, 43.066684093253826], [-70.69597711626527, 43.06668256995173], [-70.69596653814789, 43.0666762999951], [-70.69594261455721, 43.06664280210041], [-70.69593322755804, 43.06657357141657], [-70.69593070473498, 43.06651208241199], [-70.6959202119125, 43.066483090159984], [-70.69590215338111, 43.06647563331288], [-70.6958753675496, 43.066446280252904], [-70.6958657984241, 43.06641933037467], [-70.6958315181667, 43.06637806114092], [-70.69578651739471, 43.06635206784062], [-70.69572758634044, 43.06632339517511], [-70.69566500096944, 43.06630493607133], [-70.69564300200962, 43.066309343239666], [-70.69561594170048, 43.06631476436826], [-70.69557687535944, 43.0663554112498], [-70.6955450369081, 43.06638075255682], [-70.69552026466593, 43.06640103152413], [-70.6955023565003, 43.066429052191694], [-70.69549817651075, 43.06647255626869], [-70.69553899727974, 43.06654205375975], [-70.69548515134171, 43.066633798179716], [-70.69547820636771, 43.06663117808677], [-70.6954749562491, 43.06661578360205], [-70.69546468030046, 43.06660289063735], [-70.6954405144212, 43.06658475748176], [-70.69541534606398, 43.066577804356854], [-70.69540225646227, 43.0665741881611], [-70.69535689181426, 43.066571241955], [-70.69532180308154, 43.06658118870913], [-70.69529000484607, 43.066603969135244], [-70.69522717668175, 43.06660087463201], [-70.69520694843152, 43.066554602204185], [-70.69519017246368, 43.06651092023137], [-70.69516628980466, 43.06647486137139], [-70.69513526001391, 43.06644898642674], [-70.6951081273946, 43.06639753306076], [-70.69509114930716, 43.06636665510713], [-70.69503213767247, 43.06634310370001], [-70.69503013383303, 43.06634259498892], [-70.69502978370808, 43.06634108386724], [-70.69501745973456, 43.06633241399948], [-70.69498360413496, 43.06631964123742], [-70.69493507063468, 43.06629617875451], [-70.69490287541016, 43.06629590535137], [-70.69488506293258, 43.06628765839889], [-70.69484020292806, 43.06628727742385], [-70.69483025463535, 43.06631173059374], [-70.6948285332509, 43.06631596180071], [-70.69482260097682, 43.066336471050704], [-70.69481093128175, 43.066365155425366], [-70.69480175315111, 43.066364207758966], [-70.69472414483792, 43.06635619446368], [-70.69469907346466, 43.06634570169519], [-70.6946654284313, 43.06634541591056], [-70.69463739090388, 43.066345177749156], [-70.6946046824024, 43.066335261308936], [-70.69459226170656, 43.06632656209399], [-70.69459274730892, 43.06629583241726], [-70.69464213043632, 43.066265518108864], [-70.69469476341888, 43.066250598284384], [-70.69476473839191, 43.06624350917976], [-70.6948138786483, 43.066228559635235], [-70.69484583868577, 43.06619553611325], [-70.69486803124394, 43.0662031608344], [-70.6948840558568, 43.066208666424075], [-70.69497117054046, 43.066222211949835], [-70.69497161550088, 43.066194043075825], [-70.69496154198399, 43.06616834603301], [-70.69493039107496, 43.066150153453975], [-70.6948957475113, 43.06613193120602], [-70.69486455618505, 43.06611629941604], [-70.69484424744941, 43.06607514853784], [-70.69483108590167, 43.06602381375449], [-70.69478226948237, 43.06601827685524], [-70.69472967718087, 43.066030635916086], [-70.6946619429393, 43.066025799000656], [-70.69466085566135, 43.06602359586921], [-70.69463962203812, 43.0660265223998], [-70.69459463228975, 43.06603436407974], [-70.69457490866502, 43.066040364418264], [-70.6945268877529, 43.06606257206457], [-70.69447876934136, 43.06609094675203], [-70.69443110574473, 43.066090541797706], [-70.69439550188102, 43.06603678424603], [-70.69436696311074, 43.065967405619865], [-70.69435579949743, 43.065954814208894], [-70.69434495159163, 43.06594667405577], [-70.69432659217233, 43.06589659286201], [-70.69428524696934, 43.06586038543106], [-70.69428118098125, 43.06585847380093], [-70.69422976926992, 43.06583430248852], [-70.69421624394806, 43.06580601489493], [-70.69420613032634, 43.06578287859392], [-70.69420407685949, 43.065768663028884], [-70.6942034965759, 43.0657685514083], [-70.69413872887738, 43.065699010042714], [-70.69410950318331, 43.0656807281763], [-70.69406764236318, 43.06566803660883], [-70.69404009268683, 43.0656369629969], [-70.69403353993205, 43.065623258070836], [-70.69402360383656, 43.06561612613116], [-70.6939679717528, 43.06560157388475], [-70.69391647299008, 43.065544790806456], [-70.69387926882702, 43.06546764002161], [-70.69388714498601, 43.06541136166646], [-70.69391593640401, 43.065357822258875], [-70.6939410326832, 43.06531705718557], [-70.69394771771663, 43.065304741375684], [-70.69393693474181, 43.065274805796534], [-70.6939301652997, 43.065233592505194], [-70.69395528898171, 43.06520442182698], [-70.69400909734765, 43.065176422500286], [-70.69408878474226, 43.065161768927005], [-70.69410890894427, 43.065163846968396], [-70.6941176606253, 43.06516475067292], [-70.6941374815069, 43.065152583347874], [-70.6941571398907, 43.06515069445625], [-70.69417660328924, 43.06516113968562], [-70.69418175572515, 43.06518996696352], [-70.69417601577032, 43.06520792029622], [-70.69417585584891, 43.06520842049556], [-70.69417830207837, 43.06523105688396], [-70.69420343790298, 43.06523743838851], [-70.6942398535324, 43.065239803816276], [-70.69424922994082, 43.06523714588782], [-70.694279616086, 43.06524986335465], [-70.69431830985937, 43.065257306329876], [-70.69438627694355, 43.06525432675577], [-70.69443500954713, 43.065240512456086], [-70.694488986351, 43.06520184306876], [-70.69448921117795, 43.06518761662423], [-70.69455294564064, 43.06514547301604], [-70.69462632534697, 43.065106968393316], [-70.69470037929294, 43.065025784384986], [-70.69472056903001, 43.064976156630294], [-70.69470612915298, 43.06496891980308], [-70.69469637145014, 43.06497239401076], [-70.69463291825605, 43.064996754645776], [-70.69458129283146, 43.065013055342455], [-70.6945598759004, 43.0650139196069], [-70.69449681605231, 43.06501338388637], [-70.69444362634766, 43.065002260723624], [-70.69441006452864, 43.06497707595037], [-70.69439161711331, 43.06491644870152], [-70.69437488191394, 43.0649090048482], [-70.69437488191389, 43.06489207505114], [-70.69436656646126, 43.06486979964316], [-70.69435270737354, 43.064857649417235], [-70.69430558647528, 43.06480499841034], [-70.69427509648229, 43.06477867288992], [-70.69424737830683, 43.0647320969415], [-70.69424308105498, 43.06473052719317], [-70.69423714322839, 43.06470489774164], [-70.69420647903794, 43.064655975288076], [-70.69415071906937, 43.06464781796052], [-70.69414457446734, 43.06464776573908], [-70.69414024130508, 43.06464772891242], [-70.69412358804496, 43.06459636436085], [-70.69411700771688, 43.06457069692587], [-70.69406128832458, 43.06455997874868], [-70.6940227079592, 43.06456989543176], [-70.69398437051993, 43.064564447261425], [-70.69396032734467, 43.06453863137876], [-70.69396089421357, 43.064502780084716], [-70.69400666214793, 43.064480118762134], [-70.69404893747155, 43.06445742773532], [-70.69405433040137, 43.064454671982354], [-70.69405335107868, 43.06444859040524], [-70.69406402354873, 43.064426758359566], [-70.69405307783565, 43.06441648451162], [-70.69401100946924, 43.06441137241721], [-70.69400775533985, 43.06441097697886], [-70.69400077019084, 43.0644109176051], [-70.69394866501075, 43.06439254664096], [-70.69392413601311, 43.06439746043187], [-70.69393059476803, 43.064430810297964], [-70.69392885915595, 43.06445229002153], [-70.69392307565408, 43.064460740712256], [-70.69390367293127, 43.064487066369196], [-70.69387872657336, 43.06452149221121], [-70.69385655203301, 43.06454984289012], [-70.69382606204, 43.06456806831966], [-70.69381774658737, 43.06459439393049], [-70.69380428873411, 43.06461995738444], [-70.69379683900857, 43.06462457186288], [-70.69379471809677, 43.06462942494763], [-70.69377287160698, 43.064685584528654], [-70.69378607250155, 43.06473435862769], [-70.69379054850373, 43.064740088786124], [-70.69379058663485, 43.06474005843673], [-70.69379522816577, 43.0647318284228], [-70.69380889123512, 43.06472367510756], [-70.69383375277133, 43.06472057868027], [-70.69385845740356, 43.06472740428438], [-70.69387862512089, 43.06473584520958], [-70.69391232515831, 43.064744401167694], [-70.69395945293155, 43.064759686838194], [-70.69398602077726, 43.06479133667935], [-70.69400141629266, 43.06481627596921], [-70.69400786870197, 43.0648361775558], [-70.69400350575125, 43.06485821644108], [-70.69400296572626, 43.06486094430679], [-70.69400469818702, 43.064894036934255], [-70.69402163984374, 43.06489711209522], [-70.69403254919945, 43.064920511450836], [-70.69406577344706, 43.064967035998286], [-70.69408695783994, 43.06497840487567], [-70.69408674627044, 43.06499178698441], [-70.69411171949112, 43.065008446945356], [-70.69411229179727, 43.065009756195884], [-70.69412525046424, 43.06503940139961], [-70.69409675853784, 43.06506794273503], [-70.69405424810819, 43.06509636491273], [-70.69402337495738, 43.06509815846347], [-70.69397887824992, 43.06510352665759], [-70.69387389446665, 43.06513614522476], [-70.69373322224936, 43.06513494926227], [-70.69366102330576, 43.06509876449005], [-70.69364826676285, 43.06508727227339], [-70.69357815521589, 43.06507066263889], [-70.6934840977744, 43.06505449585669], [-70.69342472339672, 43.06505399088842], [-70.69337167369703, 43.06504738604875], [-70.69333438155553, 43.06504706885284], [-70.69328981521801, 43.06502818609658], [-70.69329297670366, 43.065005597389465], [-70.69329672366477, 43.0649460063174], [-70.69329515598584, 43.06486786636453], [-70.69331608280635, 43.064785805824194], [-70.69334258439807, 43.06470584866046], [-70.69337525880742, 43.06466450708344], [-70.69337877619823, 43.06464637712871], [-70.69340407510201, 43.064592808137526], [-70.6934502079125, 43.06454709978386], [-70.69352482474858, 43.06451729036178], [-70.69353454134126, 43.064507212197796], [-70.69361790360946, 43.06445100766468], [-70.69370622893389, 43.06438773109091], [-70.69375050402355, 43.06434897955578], [-70.69376651855248, 43.064256631395935], [-70.69372872545742, 43.06419228246462], [-70.6937208886384, 43.064187054305876], [-70.69370746224627, 43.06415178545926], [-70.69365477810457, 43.06411433014508], [-70.69360180138895, 43.064095375993936], [-70.69355990923309, 43.06408473993623], [-70.69354034872626, 43.06408046166655], [-70.6934954761887, 43.064087801529475], [-70.69349255662448, 43.06408827908595], [-70.69348411315845, 43.064090263242385], [-70.69347067905326, 43.06407383283337], [-70.69346210672671, 43.06406334855466], [-70.69347928632688, 43.06404087905798], [-70.69347989310957, 43.064040014465796], [-70.69350829419902, 43.06401966777306], [-70.69359111857833, 43.064020372108686], [-70.69363334286167, 43.06401081546331], [-70.693701619142, 43.06399552377581], [-70.69371046249613, 43.063993543145784], [-70.69373905088588, 43.06395280779861], [-70.69375358805691, 43.06391707528111], [-70.69377186074038, 43.06386600761394], [-70.69380032753999, 43.06383295467026], [-70.69381831668991, 43.06379981264283], [-70.69382578771176, 43.0637691423437], [-70.69379187474745, 43.06370482524509], [-70.69371942251937, 43.06364786391701], [-70.69365074646839, 43.06357300659277], [-70.69356517505136, 43.063462149433924], [-70.69351420501805, 43.063372075684946], [-70.69345312219245, 43.06325886554248], [-70.69344036747259, 43.06318192252218], [-70.69340292221355, 43.063120136412365], [-70.69333769911046, 43.06304786941427], [-70.69331671952405, 43.06301349744789], [-70.6933124968021, 43.06300657913405], [-70.69329684257357, 43.06298093194978], [-70.69328392603475, 43.06291423213854], [-70.69328465533138, 43.0628681376137], [-70.69327454252446, 43.06284500122674], [-70.69323986078571, 43.06282933929696], [-70.69320842843054, 43.06282907190858], [-70.69317691503409, 43.06283392612533], [-70.69315255645746, 43.06286435693945], [-70.69314840785229, 43.06286953972771], [-70.69310280291317, 43.06288195749473], [-70.69305784637022, 43.062853402335044], [-70.69298157910526, 43.06281689728705], [-70.69296480569469, 43.062773214985135], [-70.69292667212827, 43.06275496243693], [-70.69286080142774, 43.06272366807922], [-70.69284369828128, 43.062691229749326], [-70.69283724585128, 43.062667122283635], [-70.6928240461248, 43.06261834806939], [-70.69277959289353, 43.06260091527866], [-70.6927372613434, 43.062584314501805], [-70.69270964590717, 43.06256359024893], [-70.69270612594649, 43.06255866080232], [-70.69268572566114, 43.06253009168245], [-70.69268990731923, 43.06248658769533], [-70.69271500320009, 43.06244582286718], [-70.69270545823336, 43.062386835136984], [-70.69268125427082, 43.0623712622163], [-70.6926463702399, 43.06236840414294], [-70.69262172032336, 43.06238100008324], [-70.69258614702794, 43.062421675704336], [-70.69257863502017, 43.062454906731816], [-70.69257096082156, 43.06249838098482], [-70.69256056310503, 43.06251861254739], [-70.69255654495534, 43.06252643093776], [-70.6925389204373, 43.06253652551241], [-70.6924937616654, 43.06252077416701], [-70.69247325291836, 43.06249242690206], [-70.6924596885646, 43.06246669990608], [-70.69243231658301, 43.06243061074827], [-70.69240709626982, 43.06240693678668], [-70.69240478242374, 43.062404764809955], [-70.69237796266802, 43.06238829016801], [-70.69228957152517, 43.06238901036233], [-70.69224532382849, 43.06240275804734], [-70.69219816483186, 43.06242656982358], [-70.69212390621618, 43.06242391965179], [-70.69201733273302, 43.062376603038956], [-70.69196035030954, 43.062325673185235], [-70.69189536921604, 43.06225853292654], [-70.69187166064346, 43.062191744221785], [-70.6918475685195, 43.06214916560562], [-70.691792826436, 43.06213053923412], [-70.69176256005493, 43.06213028138218], [-70.69172647098826, 43.06215015171516], [-70.6916291456712, 43.062213891438624], [-70.6915788513841, 43.06226188960624], [-70.6914933311937, 43.06227528530375], [-70.69144057307632, 43.062305102392834], [-70.6914438606704, 43.06235251752718], [-70.69150058484202, 43.06238954242311], [-70.6915054099782, 43.06243892668829], [-70.69148719579151, 43.0624414367029], [-70.69144920819511, 43.062446671591594], [-70.69139871130511, 43.062448297195495], [-70.69133683717712, 43.06246010562834], [-70.69126355318242, 43.06248415255782], [-70.69123802768425, 43.0625024386572], [-70.69122225074548, 43.062502304171254], [-70.69120718836189, 43.06250217577431], [-70.691204963684, 43.062499572277765], [-70.69115763668255, 43.062444186361766], [-70.69112715594785, 43.062421310905805], [-70.69109172467383, 43.06240736971072]]]}, "properties": {"id": 109, "Hectares": 138.55929526315, "Acres": 56.07304395425, "Year": "2019", "LABEL": "Portsmouth Harbor", "Type": 1, "Name": "Eelgrass"}}, {"type": "Feature", "geometry": {"type": "Polygon", "coordinates": [[[-70.68637576565105, 43.06126812697905], [-70.68777709902105, 43.060295692036135], [-70.68783890529869, 43.060304791766654], [-70.68795937508074, 43.06028317200827], [-70.68813696774335, 43.06026208617305], [-70.68814209437122, 43.06026146003445], [-70.68824737622155, 43.060206219693974], [-70.68834726072593, 43.06018006004286], [-70.68846491859948, 43.06019457270423], [-70.68854214368686, 43.060203336917276], [-70.68867847680882, 43.06023653043171], [-70.68879966959426, 43.06023289119017], [-70.68887621602504, 43.06025147335275], [-70.68888485378882, 43.06025903941664], [-70.68889688515623, 43.06026957803073], [-70.68897676123001, 43.06029843318625], [-70.68901282835348, 43.060274212094924], [-70.68903324894988, 43.060260498508285], [-70.68905501672741, 43.06020946142608], [-70.6890974943151, 43.06017396817627], [-70.68921680304761, 43.06013913120965], [-70.68922774687114, 43.06013872343962], [-70.68923343413117, 43.06013017824545], [-70.68923413918775, 43.060085796159356], [-70.68921854498778, 43.0600632428865], [-70.68920861009146, 43.05999292254777], [-70.68923983737213, 43.0598824333355], [-70.6893703472904, 43.05978359752884], [-70.68939652763446, 43.05977495483259], [-70.68948768699568, 43.05973488541418], [-70.6897707328472, 43.05962234913976], [-70.6899886451181, 43.0595464469302], [-70.6901831143964, 43.05948693991423], [-70.69019256542724, 43.05948056781714], [-70.69035987224888, 43.05939747111937], [-70.69057735399008, 43.05934861186839], [-70.69088108794735, 43.05938501196941], [-70.69108779455175, 43.05943410798778], [-70.69120144072762, 43.05953650590081], [-70.69109706907086, 43.05972156947533], [-70.69103027518585, 43.05986300073588], [-70.69095528693701, 43.05992610836793], [-70.69091292959975, 43.05999385800559], [-70.69078180649758, 43.0601212166871], [-70.69063749570469, 43.060207891102536], [-70.69056364060926, 43.06034669600546], [-70.69062556790696, 43.06042674698716], [-70.69074684676008, 43.060510693679625], [-70.69085894636834, 43.06049040015905], [-70.69097977750378, 43.0604305730285], [-70.69115116013654, 43.06038131963256], [-70.69125306754071, 43.06035175961081], [-70.6914337237737, 43.06029920386862], [-70.69172909956713, 43.060281434979046], [-70.69218476218276, 43.0603326497991], [-70.69270818775004, 43.06047234477308], [-70.6927523466201, 43.060540572292616], [-70.69277621765026, 43.060543924126065], [-70.69284896496896, 43.06060878164504], [-70.69283418395777, 43.06063328182011], [-70.69279323103578, 43.060701162972265], [-70.69145145203642, 43.06204665920286], [-70.69135741138209, 43.0621409569289], [-70.69112232030487, 43.062376690635794], [-70.69109172467383, 43.06240736971072], [-70.69106306499526, 43.06239609293259], [-70.69100255735324, 43.06239081691544], [-70.69091222177099, 43.06230463392907], [-70.69089174060592, 43.06229200272807], [-70.69089043378956, 43.062290323680934], [-70.69084970535046, 43.0622556741144], [-70.69080321796304, 43.06223711766185], [-70.6907480600886, 43.0622447183859], [-70.69070643563926, 43.06226655896806], [-70.6906640110155, 43.06233883721071], [-70.69062920065167, 43.062451535982014], [-70.69056793138512, 43.062497422310905], [-70.69053129754505, 43.062551589876925], [-70.69051933119182, 43.06261202119722], [-70.69045611049567, 43.06260744632049], [-70.69039560930379, 43.062604912390256], [-70.69035398448564, 43.06262675283924], [-70.6903121034962, 43.062664733326365], [-70.69029645811173, 43.06268135619688], [-70.69028741816591, 43.062683480294844], [-70.69027349661891, 43.062694875979496], [-70.69026753208904, 43.06269975833028], [-70.6902616639201, 43.0627161559734], [-70.69026697746054, 43.06273470499038], [-70.6902807343851, 43.06275127008642], [-70.69029983749574, 43.062784328510375], [-70.69028803590562, 43.06282123517078], [-70.69025977164162, 43.062835385753445], [-70.69022042351337, 43.062841217893634], [-70.69020614454743, 43.06285754376347], [-70.69021419641915, 43.06288022807749], [-70.6902275292135, 43.06292351709495], [-70.69020685998241, 43.06298913157669], [-70.69020655985955, 43.06300804069827], [-70.69022063832037, 43.063024304322774], [-70.69022027753704, 43.063032228129956], [-70.69021981211446, 43.06304245010324], [-70.69022862214213, 43.06306383512379], [-70.69024745550729, 43.06307466499123], [-70.69026275559193, 43.06308346308924], [-70.69028296030372, 43.06309902593088], [-70.69028479345496, 43.06311916753629], [-70.6902661400799, 43.06314150209956], [-70.69024181775171, 43.06314800321774], [-70.69023906116499, 43.06314956828112], [-70.6902235201544, 43.06316761154375], [-70.69020875355245, 43.063193792106254], [-70.69020074402178, 43.06324633689346], [-70.69018322404006, 43.06329529298153], [-70.69018285246713, 43.06331870296442], [-70.68988418045717, 43.06361817623498], [-70.68950607429439, 43.06399729093436], [-70.68938212128162, 43.06412157332703], [-70.6891123011863, 43.064392108688274], [-70.68909172812222, 43.06438951458348], [-70.68908663653853, 43.064390777589544], [-70.68906212393534, 43.06438196068205], [-70.68904179881308, 43.06438583908246], [-70.68903252500111, 43.06438981189616], [-70.68901622896142, 43.06439722131959], [-70.68901211402573, 43.06439909228276], [-70.6889991349757, 43.06440438411873], [-70.68896595956676, 43.064405451352854], [-70.68891622864795, 43.06440502643923], [-70.68885553227787, 43.06439910507978], [-70.68882231393732, 43.06440287326786], [-70.68877810867987, 43.064402495512454], [-70.68871165051374, 43.0644113823316], [-70.68868393634719, 43.064416548200676], [-70.68862865829489, 43.06441742643453], [-70.68860276453402, 43.0644239585241], [-70.68854016187476, 43.06442207274757], [-70.68849617040013, 43.06441729067338], [-70.68843695471986, 43.06443693920734], [-70.68841204504805, 43.064436726260276], [-70.68839632545604, 43.0644282888691], [-70.68838320769552, 43.064421713525306], [-70.68836936250604, 43.06441477355093], [-70.68831741069467, 43.064406026384795], [-70.68828365423032, 43.064392452963645], [-70.68826335282637, 43.06438729758169], [-70.68822056473992, 43.06437198631853], [-70.68817514243173, 43.064379900928934], [-70.68813624954882, 43.064404477366864], [-70.68807463224753, 43.06443384126144], [-70.68800867075264, 43.06445154376226], [-70.68797446528112, 43.06446619662724], [-70.68791266292598, 43.06450718305839], [-70.68787355851731, 43.06454504240492], [-70.6878698133707, 43.064549059068646], [-70.68785051705099, 43.06456975433013], [-70.68779095261084, 43.064612420438166], [-70.6877068218224, 43.06463328853875], [-70.68761637305293, 43.064624211704746], [-70.68757134687274, 43.06460722044962], [-70.68757158470541, 43.064592277075924], [-70.68757851039597, 43.064584033328686], [-70.68758970702636, 43.064565478813364], [-70.68757821806399, 43.0645597198068], [-70.68755427349727, 43.064559514930515], [-70.68753019996176, 43.064567413032634], [-70.68752996351834, 43.06458226850221], [-70.6875388505503, 43.064602604761845], [-70.68753692695697, 43.06460682306938], [-70.68748172404827, 43.06463047039447], [-70.68742261259968, 43.064629964561675], [-70.6873764658073, 43.06464877867097], [-70.6873229342839, 43.06466476824686], [-70.68726725361569, 43.064639620134166], [-70.68721731124573, 43.06460629725654], [-70.68719270011175, 43.06456702329302], [-70.68718191094503, 43.064540203416804], [-70.68717121997959, 43.064507216489524], [-70.6871722361147, 43.06450240321878], [-70.68713958462448, 43.06446443978906], [-70.68713960888343, 43.06446291622838], [-70.68715338584623, 43.06444136447249], [-70.68716422551071, 43.06443554734388], [-70.68720455278881, 43.064433922558194], [-70.6872319184882, 43.06440263724649], [-70.68722742377581, 43.0643474395741], [-70.68717473088907, 43.064281979492186], [-70.68711107303088, 43.064230215323704], [-70.68704779166319, 43.064154814684144], [-70.686984886856, 43.0640557775739], [-70.68697229665428, 43.064036762986724], [-70.68692665894837, 43.06402301518035], [-70.68691551157636, 43.06402563403352], [-70.68687499633633, 43.0640390769378], [-70.68682661017978, 43.064040632602044], [-70.68679471876213, 43.06401868983275], [-70.68678478897, 43.063967385542334], [-70.68678869890405, 43.06389059013088], [-70.68679478593914, 43.06382941371451], [-70.68678325856708, 43.06381274192508], [-70.68675978754285, 43.06378282594896], [-70.68676741313905, 43.063766683073226], [-70.68677490966627, 43.063758643179625], [-70.68679356493413, 43.06374394543187], [-70.68682142951546, 43.063729326538606], [-70.68685790829603, 43.063715711799794], [-70.68688723587174, 43.063693149383205], [-70.68689571453129, 43.063656555579], [-70.68688997880794, 43.063590082420376], [-70.68687215382235, 43.06357166318501], [-70.68684513869682, 43.063561468262236], [-70.68680706562574, 43.06353457263329], [-70.68680740941703, 43.06351298776103], [-70.6868223796576, 43.063507297225094], [-70.68677486930659, 43.06345798856997], [-70.68671269751883, 43.06341391659857], [-70.68657718315859, 43.0633692164451], [-70.68629461519794, 43.063356553434275], [-70.6862166484597, 43.06298957431272], [-70.68624802392931, 43.062982224094256], [-70.68631799605659, 43.062975140124166], [-70.68649302830569, 43.0629510280067], [-70.68659837395002, 43.06291607419248], [-70.68673178168429, 43.06287367714134], [-70.68690254615595, 43.06289818972276], [-70.68691961967514, 43.06290093264248], [-70.68702081554056, 43.06288945467291], [-70.68710442594951, 43.062867277806454], [-70.68717053143597, 43.06285512554342], [-70.68720550066627, 43.062837619488754], [-70.68726450699373, 43.06283558090689], [-70.68734391994279, 43.06285915319079], [-70.68745793780889, 43.06288810879573], [-70.6875215913764, 43.06292529210779], [-70.68761444190558, 43.06294013890815], [-70.68770823606822, 43.06294955169838], [-70.68773573502169, 43.06293470193239], [-70.68779698660566, 43.062914564134005], [-70.68783639414086, 43.06292685818129], [-70.68790149165915, 43.06295284516721], [-70.68805924254094, 43.06296832222225], [-70.6881100513686, 43.062923547537125], [-70.68808388883113, 43.062872463469], [-70.68801493826207, 43.06284644363408], [-70.68782242030834, 43.06283632027425], [-70.68762260094948, 43.06280070395339], [-70.68752422411096, 43.062755930848695], [-70.68739426129929, 43.062747664506134], [-70.68731472701621, 43.062731722093844], [-70.68721087228201, 43.062718115086824], [-70.68711713985167, 43.062722400010436], [-70.68702663299602, 43.062741974221915], [-70.68692213028123, 43.06276905940706], [-70.68681807304591, 43.06276816843521], [-70.68675951236877, 43.06274223072724], [-70.68671072503535, 43.06271904873501], [-70.68669409562133, 43.062711147024785], [-70.68666680934969, 43.062682950542026], [-70.6866121869028, 43.06262650591176], [-70.68659504664845, 43.0626136409858], [-70.68658887931329, 43.062565259286316], [-70.68661360491205, 43.062537491176116], [-70.68661392902754, 43.062517144950625], [-70.68659025683789, 43.062478787828525], [-70.68653500301816, 43.06246305282802], [-70.68637250766388, 43.06242859377208], [-70.68634371659495, 43.062390627079985], [-70.68627298984994, 43.062370964065074], [-70.68626242124155, 43.062308710880636], [-70.68632134200895, 43.0622385763155], [-70.68643540755691, 43.06214412345414], [-70.68650949462491, 43.062136722913266], [-70.68666669511356, 43.0621355081489], [-70.68675794715294, 43.06210811693596], [-70.68677955434777, 43.06206732353726], [-70.68675978256222, 43.061992880831035], [-70.6867186483866, 43.06194386669935], [-70.68669481323914, 43.06190524530663], [-70.68666411564803, 43.06185888168319], [-70.68663434116218, 43.06183653365599], [-70.6865346885462, 43.061666812233874], [-70.68646704529837, 43.061558860992214], [-70.68638507075455, 43.061382973143516], [-70.68637749994784, 43.061273652259025], [-70.68637730990928, 43.061273461870314], [-70.68637576565105, 43.06126812697905], [-70.68637576565105, 43.06126812697905]]]}, "properties": {"id": 109, "Hectares": 104.68455371405, "Acres": 42.36440125212, "Year": "2019", "LABEL": "Gerrish Island Beds", "Type": 1, "Name": "Eelgrass"}}, {"type": "Feature", "geometry": {"type": "Polygon", "coordinates": [[[-70.71361624791844, 43.05604648003888], [-70.71430866264915, 43.055846020920136], [-70.7143159504622, 43.05586921242599], [-70.71436153311952, 43.05599464166854], [-70.71450090102151, 43.05603779171889], [-70.71453978877268, 43.05604252754244], [-70.71458045966216, 43.05605870355029], [-70.71463133206409, 43.05605367580183], [-70.71469706786245, 43.05604717906066], [-70.71477137508195, 43.05601656067149], [-70.71487410828753, 43.055984096233416], [-70.7150187559459, 43.055995711413615], [-70.71522522630846, 43.056049489144385], [-70.71535529098313, 43.056085971870324], [-70.71558993061731, 43.05615456016186], [-70.71566627246881, 43.0561760189768], [-70.7157446400495, 43.05621881787798], [-70.71589402012324, 43.05624553041963], [-70.71589790207676, 43.05624622459796], [-70.71601906374818, 43.05628692476157], [-70.7161489905133, 43.056344236584856], [-70.71632437696402, 43.05637877122605], [-70.7164336511992, 43.0563779368746], [-70.71654113558245, 43.05642168496288], [-70.71679551898562, 43.056553175585485], [-70.7171771196381, 43.05661765711631], [-70.71740996538932, 43.05663445302702], [-70.71774175812301, 43.05664277891604], [-70.71802322612258, 43.0566283904349], [-70.71824835736562, 43.056652552763886], [-70.71844305903758, 43.056678320526345], [-70.71860289394975, 43.056664780692024], [-70.71880893141365, 43.056612604936134], [-70.71893850805033, 43.05658952390108], [-70.7191041818766, 43.05652586520073], [-70.71919299465753, 43.056517310480686], [-70.71933483765645, 43.05652034282814], [-70.71944781214455, 43.05658816672286], [-70.71957690242269, 43.056596667267534], [-70.71970434557626, 43.056547555436126], [-70.71981371155235, 43.056520590120805], [-70.72015513324249, 43.05639706930465], [-70.72026199391601, 43.056368224818016], [-70.72038900753715, 43.05634697896034], [-70.72063751072544, 43.05633416946548], [-70.7208427173376, 43.056335865737], [-70.72103753336884, 43.05635419795302], [-70.72128600793503, 43.056343244832455], [-70.72140009725744, 43.05633861325379], [-70.7216208182656, 43.056319998069135], [-70.72170200166084, 43.05631323641259], [-70.7218337677572, 43.0563124664095], [-70.7220869951867, 43.05632198900619], [-70.72254864689637, 43.056288638337804], [-70.72294425844628, 43.05626588931593], [-70.72332435597473, 43.05626344925127], [-70.72370209088979, 43.056249840337586], [-70.72396300404698, 43.05625384805558], [-70.72422380343919, 43.056265286320176], [-70.7243577956407, 43.05626928102937], [-70.72444127886679, 43.05629308945379], [-70.72454174592225, 43.05629391663672], [-70.72469789937155, 43.056337382797146], [-70.7248139764665, 43.05637295059052], [-70.7248453565206, 43.05638605280776], [-70.72494503125114, 43.056427670232296], [-70.7249562645184, 43.05647418188947], [-70.72494128682872, 43.05653710936945], [-70.7249188202942, 43.056569941072524], [-70.72492256471664, 43.056589092891194], [-70.72492256471672, 43.056621905097366], [-70.72493890381453, 43.05664884075618], [-70.7249127793726, 43.05670910869676], [-70.72489831462956, 43.05675603193683], [-70.72487499512243, 43.056782721322456], [-70.72484511167883, 43.056789195702706], [-70.72481785329829, 43.05677385062181], [-70.7248112893969, 43.05675363561958], [-70.72480951282246, 43.056720019367766], [-70.72480562147372, 43.05671768352201], [-70.72478681039348, 43.056706391858945], [-70.7247852116393, 43.05670574350069], [-70.72477293073564, 43.056687796721036], [-70.72475273105545, 43.05668763045724], [-70.72471134215691, 43.056697370262555], [-70.72467260407753, 43.056683610733124], [-70.72464300354316, 43.05667160649322], [-70.72460400832034, 43.056674645638616], [-70.72452836011438, 43.056677383010395], [-70.72444143790014, 43.056668266934146], [-70.72436143959231, 43.05665584764416], [-70.72432501815412, 43.05664042699197], [-70.7243412853441, 43.056625440215036], [-70.72433243080631, 43.05660520632233], [-70.7242911448037, 43.0566082264971], [-70.7242818014859, 43.056619910123736], [-70.7242610041179, 43.05663149942149], [-70.72419034923306, 43.05660739638787], [-70.72414811185467, 43.05657681183908], [-70.72414808743605, 43.056576810008245], [-70.72405524212294, 43.05654672142361], [-70.72404923510716, 43.056547331664426], [-70.72396134071552, 43.05653827788217], [-70.72388480402259, 43.05652931760544], [-70.72380584267849, 43.05649326564219], [-70.72379867499976, 43.0564883783631], [-70.72377492814384, 43.05647218656946], [-70.72373256025644, 43.05645726041884], [-70.7236753528495, 43.0564591184543], [-70.72363448340482, 43.056446822095424], [-70.72363280601976, 43.05644613574117], [-70.72359427167012, 43.05643036820294], [-70.72354547802892, 43.056434894353956], [-70.72347171711353, 43.05643012154837], [-70.72342441447769, 43.056398021241826], [-70.72337986268037, 43.056392102470696], [-70.72336010658856, 43.056399663888676], [-70.72333309658737, 43.05639565995007], [-70.72327069338198, 43.056390980641666], [-70.72321958398379, 43.056390559281965], [-70.72323030317446, 43.05643229636023], [-70.72322979241085, 43.056465611112664], [-70.72325490023427, 43.0564949722018], [-70.72325767580641, 43.056499159954484], [-70.72326950822362, 43.05650216102495], [-70.7232916211161, 43.05650776954088], [-70.72330151505157, 43.05650624262586], [-70.72330298366887, 43.05650431994815], [-70.72332172213864, 43.056477593118224], [-70.72335623869195, 43.056467797164736], [-70.72337672716142, 43.056476366463045], [-70.72341335425922, 43.05647834846032], [-70.72342225997525, 43.056495222683054], [-70.72342579019671, 43.056507045556984], [-70.72342879764338, 43.05651711763053], [-70.7234727986508, 43.05653472696347], [-70.7234952931771, 43.056559426849404], [-70.72351457893635, 43.05656375966245], [-70.7235313431683, 43.05655324454457], [-70.72356346594313, 43.05655014912567], [-70.7235770563054, 43.05656034161863], [-70.72357897157266, 43.056576182528296], [-70.72357908965746, 43.056577159191065], [-70.72360408257494, 43.05659080581569], [-70.72362998154406, 43.05658471143149], [-70.72363857340481, 43.056582689646724], [-70.7236775943539, 43.056577970960845], [-70.72371182774926, 43.056586653463235], [-70.72374359016011, 43.056607076165065], [-70.72376106798836, 43.056620184108645], [-70.72377077097438, 43.05662746110723], [-70.72382554447734, 43.05664135306208], [-70.7238565863545, 43.05664089762607], [-70.72388627648542, 43.05666409287772], [-70.72389849006441, 43.05666547519285], [-70.72391444852784, 43.05667064691097], [-70.72391890146775, 43.056679084003434], [-70.72391719641503, 43.05668824887624], [-70.72391640476638, 43.05669250408631], [-70.72388407603545, 43.056709038559], [-70.72387606292335, 43.0567118945349], [-70.72383937345344, 43.05671428003891], [-70.72375990142004, 43.05671154279953], [-70.72367487817445, 43.05670043001966], [-70.72358171961851, 43.056664260909365], [-70.72347946844563, 43.05666550061278], [-70.72341109885562, 43.056679514120624], [-70.72338554403555, 43.056679303473864], [-70.72333724190123, 43.056680987741956], [-70.72330578478923, 43.05669530546775], [-70.72324615686264, 43.05669481389473], [-70.72320943587958, 43.056682016540506], [-70.72314948871035, 43.05670234663629], [-70.72312926154261, 43.05672508664548], [-70.72306414630953, 43.05671205512236], [-70.72303881498487, 43.05669726919526], [-70.72292801354668, 43.05670052033437], [-70.72287368125063, 43.05672506146164], [-70.72278750838949, 43.056788906204076], [-70.72270771691161, 43.05680698994958], [-70.72264824860112, 43.056796087206195], [-70.72260294551128, 43.05678738372935], [-70.72253432002167, 43.05681805408183], [-70.72241751998104, 43.05684207958501], [-70.72233265658308, 43.056820554951784], [-70.72228193030446, 43.056795147113895], [-70.72219936316246, 43.05680904272782], [-70.72214199929495, 43.056846053095995], [-70.72197995993417, 43.05685721013133], [-70.72190919792288, 43.056842048900094], [-70.72189257692781, 43.056814840021445], [-70.72188160283496, 43.05678976019737], [-70.72183042918512, 43.05679350255633], [-70.72174179940927, 43.05683233700295], [-70.72165610488355, 43.05686494831538], [-70.72155302189005, 43.05692032273681], [-70.72145871288728, 43.056959110057576], [-70.72134733515468, 43.05699983873389], [-70.72131737140664, 43.05701277820574], [-70.72123188236299, 43.0570231734778], [-70.72107507391124, 43.057089081088385], [-70.72098928075172, 43.05715557537541], [-70.72086011657575, 43.05721163065095], [-70.72073126205146, 43.05724752736518], [-70.72063679567322, 43.0572820281476], [-70.72058726600893, 43.05732197217763], [-70.72058111837299, 43.057326930036766], [-70.72052611255758, 43.05732815534015], [-70.72052807659207, 43.05730096414883], [-70.72051360932521, 43.05729281901479], [-70.72049976424968, 43.05726979775782], [-70.72049140598324, 43.057259316474976], [-70.72046891451204, 43.057244553461636], [-70.72044907039292, 43.05724230694299], [-70.72042061187564, 43.057246236493434], [-70.72030358607344, 43.05728483501149], [-70.7202575784399, 43.05732193834533], [-70.7201608769522, 43.05733155071835], [-70.7201013765815, 43.057322728821646], [-70.7200359090405, 43.057332599444614], [-70.71993652822829, 43.05733177728984], [-70.71987914908584, 43.05730935413458], [-70.71986031156115, 43.057301992621596], [-70.71983510893266, 43.05727887731304], [-70.71982371909701, 43.0572808655067], [-70.71978724479804, 43.05729716539069], [-70.71977796750443, 43.057301311287794], [-70.71974660538648, 43.057309381513825], [-70.71971865947611, 43.057279996175076], [-70.71971824995791, 43.05727873464221], [-70.7197051030885, 43.057238235298186], [-70.7196854192193, 43.057225577799294], [-70.71966161463952, 43.057231178378466], [-70.71964591777548, 43.057215958852105], [-70.71961110709822, 43.05717293632188], [-70.71957367724164, 43.05713546616104], [-70.71950319825652, 43.057105154522034], [-70.71946556832917, 43.05708068880391], [-70.71940220361307, 43.057082022315655], [-70.71936878263607, 43.05711333198231], [-70.71936590599175, 43.05713560439902], [-70.71935260955085, 43.05717637074935], [-70.71936740984411, 43.05720250553791], [-70.71938323974976, 43.05722517825438], [-70.71937333069306, 43.057281290322315], [-70.71935747449236, 43.05729453109299], [-70.71933782071186, 43.05729975084105], [-70.71928935772458, 43.05731184424138], [-70.7192155640783, 43.057309150855424], [-70.71918720163814, 43.05730683359014], [-70.71918426600647, 43.057313056588], [-70.71916706899928, 43.05732332637291], [-70.7191301240781, 43.05732510290027], [-70.71912989964108, 43.057339678084944], [-70.71913035129583, 43.0573407103895], [-70.71911926221476, 43.05735652466424], [-70.7191366245143, 43.057380822676976], [-70.71913634938932, 43.05739868967832], [-70.71912930526143, 43.05740562615165], [-70.7191202270262, 43.057414565642325], [-70.71910583737181, 43.05742694109831], [-70.71908025020889, 43.05742881165646], [-70.71907460336232, 43.05742668246183], [-70.71906096200112, 43.05741204305662], [-70.71902714227578, 43.05741521845233], [-70.71894728765557, 43.057383217388264], [-70.71894753338464, 43.0573798165944], [-70.7189336568103, 43.057358877322805], [-70.71891710114235, 43.05732750368733], [-70.71889728912826, 43.057323174730776], [-70.71887157371833, 43.057333373919], [-70.71885065611207, 43.0573318046118], [-70.71884037183068, 43.057331033049955], [-70.71882049204152, 43.05731313233434], [-70.71881236220108, 43.05730581183214], [-70.7187872882647, 43.05727436762031], [-70.7187563430106, 43.05725536937625], [-70.7187288932682, 43.057255141992464], [-70.71871943019697, 43.05725506360226], [-70.71868551721798, 43.05724437049378], [-70.71869997106636, 43.05722783075262], [-70.71870490044587, 43.05722827377916], [-70.71872549400365, 43.057230124616844], [-70.71875388846415, 43.05723035982704], [-70.71875675998518, 43.05722830117861], [-70.71875972773053, 43.057219996022944], [-70.71878263573974, 43.0572076911704], [-70.71879721784757, 43.05718282274016], [-70.7187834696638, 43.05715355477415], [-70.718757914681, 43.057153343092196], [-70.71872355268714, 43.05717180036223], [-70.71865927291918, 43.05718584717443], [-70.71865440158881, 43.05718279630301], [-70.71858325756286, 43.05717185251332], [-70.71856827987318, 43.05714449303055], [-70.71854206891626, 43.05712807733503], [-70.7185084320317, 43.05712996791989], [-70.71850517222714, 43.057153331654604], [-70.71848784681765, 43.05717193001275], [-70.71843692935566, 43.05715901349767], [-70.71836913570402, 43.05713554493602], [-70.71833831900597, 43.05710821790494], [-70.7183448380707, 43.05709261782136], [-70.71835484779535, 43.05704873474473], [-70.71836982548503, 43.05702411116133], [-70.71837025098725, 43.05702355153491], [-70.71836795327383, 43.05701795526395], [-70.71835297558414, 43.05700290751217], [-70.71834829505612, 43.056980335877576], [-70.71834923116172, 43.05696255215962], [-70.71833238126085, 43.05694408444707], [-70.718320211888, 43.05692903667715], [-70.71830804251515, 43.05690920097483], [-70.71830424582744, 43.056893110912675], [-70.71825292254151, 43.05684954064025], [-70.71815457678332, 43.056818997209426], [-70.71810174698133, 43.05679440505313], [-70.71804612603673, 43.05678651190773], [-70.71795483657532, 43.05679132916505], [-70.71790416794167, 43.05679090908468], [-70.71785597545049, 43.05679422555098], [-70.71780012536532, 43.0568011945399], [-70.71774899835204, 43.05683049889735], [-70.71767253694698, 43.05685959313681], [-70.71760344655394, 43.05690361261077], [-70.71752635457553, 43.056973577943744], [-70.71748281721283, 43.057012262635695], [-70.71748206085304, 43.057019903787975], [-70.71748958351321, 43.057084521663015], [-70.71747729433534, 43.05714481033595], [-70.71744113288307, 43.05718202383813], [-70.71743112452512, 43.05719232336042], [-70.71742401057858, 43.057196327570516], [-70.71739101898797, 43.05721489745557], [-70.71734529877645, 43.057233260088786], [-70.71731387213853, 43.057245493981824], [-70.71726828038301, 43.057255527911096], [-70.71726573006578, 43.057236764840205], [-70.71725999381172, 43.05722274933471], [-70.71725204685382, 43.05720333236098], [-70.71723201676132, 43.05716925032221], [-70.71723807380914, 43.057148596953745], [-70.7172717736109, 43.057118501510594], [-70.71727490215493, 43.057081926397494], [-70.71721906868929, 43.057101090158966], [-70.7171957316389, 43.05710089653017], [-70.71719699287631, 43.057090424108864], [-70.71719437833153, 43.057075825372436], [-70.7171716628304, 43.057075636895846], [-70.71714620427967, 43.05706917834987], [-70.71710948437794, 43.05705637904888], [-70.71705993454765, 43.057025837325256], [-70.71705323753875, 43.05701052922825], [-70.71696352465484, 43.05691316772456], [-70.71690363975868, 43.05685321410011], [-70.71683822930324, 43.05682294288718], [-70.7167723600672, 43.05682239613533], [-70.71665064060244, 43.05682881777193], [-70.71661563147195, 43.05679879881699], [-70.7165347337903, 43.056786979042855], [-70.71638745055326, 43.056808052295835], [-70.71632112227822, 43.056837229778736], [-70.71629999405472, 43.056892794885414], [-70.71628421959328, 43.056929824260216], [-70.71625859829679, 43.05694819166054], [-70.71621316860181, 43.05693666622754], [-70.71619324545597, 43.05691420451987], [-70.71612726134485, 43.056921088518855], [-70.71606640149008, 43.05692429900897], [-70.71602045523824, 43.05694621355238], [-70.7159638585602, 43.05700148393845], [-70.71595292112657, 43.05705341760472], [-70.71596173457192, 43.057138959703174], [-70.71595894758272, 43.05716363464769], [-70.71594909647763, 43.05716960801553], [-70.7159260270728, 43.05719232313241], [-70.71591731572096, 43.05720474536376], [-70.71589724659314, 43.05721707322881], [-70.71585746221699, 43.05721882510769], [-70.71582909995963, 43.057216507011624], [-70.71579767303628, 43.057228740485485], [-70.71577463572939, 43.05724937340363], [-70.7157500045487, 43.057261818868376], [-70.71569800290777, 43.057246654156714], [-70.7156496679949, 43.057250417340484], [-70.71559258946851, 43.057268684876696], [-70.71550169503764, 43.0572700118359], [-70.71535717304593, 43.05725006857128], [-70.71526832312601, 43.057226239118734], [-70.71523452595795, 43.0571952375624], [-70.71514567735836, 43.057162577274454], [-70.71504292804974, 43.05713988180657], [-70.71504106597247, 43.05713967766218], [-70.71502108248694, 43.05713065774182], [-70.7149560652356, 43.057111375117536], [-70.7148993086926, 43.05710882063982], [-70.71485132812171, 43.057089679652705], [-70.71481157601295, 43.05708934900176], [-70.71478461948254, 43.05709194446838], [-70.71476620945195, 43.057084806764664], [-70.71471232459051, 43.05708019364732], [-70.71468402687029, 43.057073710935086], [-70.71463304588922, 43.05706495706882], [-70.71459868272986, 43.0570834130891], [-70.71455302623731, 43.05709761026688], [-70.71445719424452, 43.057050999318434], [-70.71441240773136, 43.05700897794427], [-70.71440204888485, 43.05694433626858], [-70.71438004234999, 43.056898339574715], [-70.71434638813372, 43.05687098785644], [-70.71430999119767, 43.056837365998184], [-70.7143189928402, 43.0568062043923], [-70.71430211742914, 43.05679565177534], [-70.71425081446598, 43.05680771940613], [-70.71420825535185, 43.05680528274861], [-70.71416986315155, 43.056787704990676], [-70.71416338653648, 43.05677098137957], [-70.7141335030339, 43.056737288292], [-70.71413402066726, 43.05670384825684], [-70.71413738048577, 43.05666536430251], [-70.71412536108197, 43.05665673990199], [-70.71407770343352, 43.05661677693007], [-70.71401949406078, 43.05652466522671], [-70.71399493866713, 43.05645990532363], [-70.7139587678189, 43.0564117081902], [-70.7139317277402, 43.05632402080285], [-70.71395399194347, 43.0562530679557], [-70.71395370906437, 43.056249901559845], [-70.71392331559073, 43.05617356919886], [-70.71379708205363, 43.05616921034498], [-70.71370206118938, 43.05618826585982], [-70.71366182819928, 43.056164776230766], [-70.71363599651433, 43.056085173987015], [-70.71363368052074, 43.05607470555217], [-70.71361624791844, 43.05604648003888]]]}, "properties": {"id": 102, "Hectares": 37.49309138073, "Acres": 15.17293918809, "Year": "2019", "LABEL": "Little Harbor/Back Channel", "Type": 1, "Name": "Eelgrass"}}, {"type": "Feature", "geometry": {"type": "Polygon", "coordinates": [[[-70.73562352401086, 43.06051612703456], [-70.73493015714493, 43.06002382358735], [-70.7349558893224, 43.0600004614937], [-70.73494871057784, 43.05997253276164], [-70.73488629962854, 43.05991070996976], [-70.73490493490745, 43.05985140510369], [-70.73510336907282, 43.05979913811875], [-70.73528133752444, 43.05975971034994], [-70.73531013693719, 43.059736477369626], [-70.73538145404014, 43.05968874380118], [-70.73539385372231, 43.05963174172425], [-70.73535677945424, 43.05960394597094], [-70.73532021736116, 43.05954231556573], [-70.73532726544354, 43.05945777590682], [-70.7353570003145, 43.05939879999108], [-70.73542814087374, 43.05939670497749], [-70.73546533156761, 43.0594063562474], [-70.73548084643261, 43.059410382469224], [-70.73548198433508, 43.059430483521716], [-70.73548190095191, 43.05943073102671], [-70.73547594457646, 43.059448411241114], [-70.7354873680298, 43.059455906437506], [-70.73549480184234, 43.0594601966464], [-70.7355066092656, 43.05948716476272], [-70.73557426584773, 43.05949800446606], [-70.73558578390475, 43.05952205836619], [-70.73558258556396, 43.059548680475395], [-70.73560242066856, 43.05957210604275], [-70.73562223407767, 43.05956265142831], [-70.73565471433017, 43.059547152402544], [-70.73568086127618, 43.05954062380244], [-70.73568662888543, 43.059534722497375], [-70.73569973428417, 43.05952636941456], [-70.73572706705743, 43.05953082162739], [-70.73573414875409, 43.059539338940596], [-70.73573344598937, 43.05954130715398], [-70.73572963098002, 43.059551991740875], [-70.73571923347792, 43.059571998947085], [-70.7357087767388, 43.05958911275439], [-70.73566227804125, 43.059619121407394], [-70.73565525579109, 43.05963760481341], [-70.7356502625814, 43.05965074753392], [-70.73567903734387, 43.05965521149007], [-70.73569244807157, 43.059651512334284], [-70.73577932195924, 43.05967086147976], [-70.73578715566849, 43.0596783920477], [-70.73578804875434, 43.05969416697625], [-70.73581365174137, 43.059717639426395], [-70.73583375159701, 43.05972318480317], [-70.7358452464447, 43.05972635613043], [-70.73585956986953, 43.05973281741561], [-70.73587930916904, 43.05976258693153], [-70.73587738842394, 43.05976828833302], [-70.73587777125884, 43.059768919198696], [-70.73588043121136, 43.05978374531275], [-70.7358758014834, 43.05980379944675], [-70.73586252010081, 43.05982378320778], [-70.73584630683811, 43.05984691550691], [-70.73582168184481, 43.059854117438746], [-70.73579148103259, 43.05984858445534], [-70.73577481772644, 43.05984572659224], [-70.73576559005598, 43.059844143986844], [-70.73574960071254, 43.059852473615706], [-70.73574709874177, 43.059855382083704], [-70.73569956933808, 43.059871050062696], [-70.73563470202832, 43.05987825248182], [-70.73561780796364, 43.05988947005781], [-70.73559392087476, 43.059943206303004], [-70.73557873341925, 43.05999384093984], [-70.73554508864234, 43.06002529106335], [-70.73554154164518, 43.06002666277656], [-70.73551947008878, 43.06003519839987], [-70.73551027390799, 43.060038754791215], [-70.73551014336202, 43.06003873055796], [-70.73550056014611, 43.060042359850755], [-70.73545193608237, 43.060039801580125], [-70.73536838424357, 43.06003540559658], [-70.73531444795447, 43.060083275119645], [-70.73530361059375, 43.06012963738589], [-70.73529803723672, 43.06016303636298], [-70.7353077701517, 43.06017672116862], [-70.73532484200355, 43.060189520378955], [-70.7353793480467, 43.06020899830519], [-70.73538157617921, 43.06020991314691], [-70.73544240981592, 43.06023489060582], [-70.73547099280835, 43.060252042605235], [-70.7355227750628, 43.060260923671876], [-70.73556888552687, 43.060263413790175], [-70.73566088248167, 43.060283196625704], [-70.73570087319595, 43.06030890107937], [-70.73572916833477, 43.06034508499965], [-70.7357485558167, 43.06039811585065], [-70.73577662706495, 43.0604491024139], [-70.73576717546361, 43.06050189865658], [-70.73572276519174, 43.06052896185649], [-70.73570302444608, 43.06052678747319], [-70.73562352401086, 43.06051612703456]]]}, "properties": {"id": 104, "Hectares": 2.43002471292, "Acres": 0.98339762972, "Year": "2019", "LABEL": "Sagamore Creek", "Type": 1, "Name": "Eelgrass"}}, {"type": "Feature", "geometry": {"type": "Polygon", "coordinates": [[[-70.73605770185839, 43.06082439530878], [-70.73579669323748, 43.06063907854922], [-70.73580016567107, 43.060638305442396], [-70.73580722874668, 43.06062822833887], [-70.73580870268518, 43.060622159593464], [-70.73583079196736, 43.06060272549149], [-70.73586369301417, 43.060604200185146], [-70.73595777479368, 43.06067687286833], [-70.73603122150338, 43.06077898661024], [-70.73604798132749, 43.060815076636615], [-70.73605770185839, 43.06082439530878]]]}, "properties": {"id": 105, "Hectares": 0.08256999399, "Acres": 0.03341494263, "Year": "2019", "LABEL": "Little Harbor/Back Channel", "Type": 1, "Name": "Eelgrass"}}, {"type": "Feature", "geometry": {"type": "Polygon", "coordinates": [[[-70.73380074205691, 43.05922189200528], [-70.73360924626054, 43.059085918880385], [-70.73365967694943, 43.05906976997956], [-70.73367164319035, 43.05905480322715], [-70.73369231492543, 43.05904636358522], [-70.73371566010596, 43.05905516209691], [-70.73373616870806, 43.05905748134285], [-70.73378902163375, 43.059055760175575], [-70.73382994097945, 43.059066853975224], [-70.73385892676389, 43.05909076275473], [-70.73389710740156, 43.05908892193469], [-70.7339178117371, 43.05907833047262], [-70.73394744992342, 43.05905920364432], [-70.7339769902403, 43.05904653214606], [-70.73400930192601, 43.05904464345337], [-70.73403874437886, 43.059038427277045], [-70.73405944867332, 43.059027835788854], [-70.73405677512689, 43.05901059763849], [-70.73404813482165, 43.05899976699527], [-70.73404833050843, 43.05898685631893], [-70.73406029663903, 43.05897188952463], [-70.73408957598706, 43.05897643223184], [-70.73410415043776, 43.0589830071415], [-70.73414213533555, 43.0589940769156], [-70.73415951381263, 43.05900928284917], [-70.73415625324625, 43.0590307767309], [-70.73413528807531, 43.05905858247211], [-70.73411168450244, 43.05907351545786], [-70.73410122333217, 43.05909354088426], [-70.73407185600546, 43.059128197826205], [-70.7340340294069, 43.05915009626378], [-70.73400804344536, 43.05915658429388], [-70.73399570494814, 43.0591671992075], [-70.73394568854272, 43.05917539972541], [-70.73391054017803, 43.05917080914263], [-70.73388409735706, 43.059172745646535], [-70.73387216376484, 43.05918556064192], [-70.73385429598865, 43.05920263135333], [-70.73381882138848, 43.059219558534075], [-70.73380074205691, 43.05922189200528]]]}, "properties": {"id": 92, "Hectares": 0.31779559492, "Acres": 0.12860751297, "Year": "2019", "LABEL": "Sagamore Creek", "Type": 1, "Name": "Eelgrass"}}, {"type": "Feature", "geometry": {"type": "Polygon", "coordinates": [[[-70.73660842007503, 43.06121540100126], [-70.73643275328286, 43.06109067975542], [-70.73642475954843, 43.06107616100431], [-70.73643969081621, 43.061042443581684], [-70.73643142265954, 43.061016997268894], [-70.7363885792152, 43.06098915495655], [-70.7364009782492, 43.06093215277705], [-70.73639578589787, 43.06089404191509], [-70.73637921769148, 43.06084526394708], [-70.7363722212579, 43.060792323547965], [-70.73635070418827, 43.0607605911114], [-70.7362782408861, 43.06069311330439], [-70.73623375975004, 43.060618430897634], [-70.73623482435823, 43.06061205057727], [-70.73625023431448, 43.06060099890611], [-70.73629945282288, 43.06058870952435], [-70.73629704854895, 43.06055696609911], [-70.73631194777964, 43.06052536335484], [-70.73631213963458, 43.060512675363384], [-70.73630092373057, 43.060491434923826], [-70.73628403593545, 43.06046380359292], [-70.73626397644594, 43.060455180798925], [-70.73622658150349, 43.06044853197541], [-70.73619194256291, 43.0604503652502], [-70.73617143536285, 43.06047134775277], [-70.73616172122897, 43.06047559294236], [-70.73615378222196, 43.06047552838644], [-70.73613122965251, 43.06047534499755], [-70.73608153896556, 43.060479902609266], [-70.73604761005953, 43.06048624228008], [-70.73602736277033, 43.06048276982282], [-70.73602312740145, 43.0604645425032], [-70.73603708415834, 43.06043653974664], [-70.73604828123487, 43.06042056437167], [-70.73604209492255, 43.06040350254213], [-70.73603600450537, 43.06035879777262], [-70.73603773187901, 43.060353382310524], [-70.73606638788577, 43.060363179607265], [-70.73607312863236, 43.06036488832247], [-70.73608065934943, 43.060388931081], [-70.73609627104736, 43.0604006353209], [-70.73614353134577, 43.06040763522388], [-70.73616189850402, 43.0603862839063], [-70.736166834169, 43.06035820777856], [-70.73616600504563, 43.06035463959587], [-70.7361680847019, 43.060353761163974], [-70.73618485784677, 43.06034667630559], [-70.7361967132771, 43.060325623451675], [-70.73619700109309, 43.06030659146443], [-70.73621459234394, 43.0602877001724], [-70.73624618739733, 43.060296416768125], [-70.73625461527338, 43.06031128976944], [-70.73626301117615, 43.06032827743541], [-70.73628085585158, 43.060338575629835], [-70.73630018221768, 43.06034972890363], [-70.73632299768641, 43.060366833798724], [-70.73631405817714, 43.06038579544718], [-70.73631953821943, 43.06040487432774], [-70.73636770810475, 43.06040722968127], [-70.73637952966408, 43.06042415204457], [-70.736379529664, 43.06043886804225], [-70.7363642617294, 43.06047456489699], [-70.73637342249016, 43.06049241331656], [-70.73641311912013, 43.060519185936194], [-70.73642860404429, 43.060524277147636], [-70.73645669765412, 43.06054533897171], [-70.73649222790485, 43.060574783929404], [-70.73649943253483, 43.06059237157923], [-70.73655234270541, 43.06064998320784], [-70.73658333062674, 43.06069887835354], [-70.7365858309527, 43.060724277777425], [-70.73655961987278, 43.060740984138505], [-70.73652526849423, 43.06072378552496], [-70.73651405247907, 43.06070254510601], [-70.73649988860788, 43.06068551057463], [-70.73649126880352, 43.06068332558306], [-70.73648779702518, 43.0606832973624], [-70.73648778100754, 43.060683421640874], [-70.73647482253762, 43.06071777380553], [-70.73647453145757, 43.060737027100906], [-70.73648649414467, 43.060768541473415], [-70.73651226109574, 43.060801181507685], [-70.73654094517944, 43.0608237106884], [-70.73657534093782, 43.06083412481539], [-70.73658081171398, 43.06083578122063], [-70.73659597839848, 43.06084037328667], [-70.73660414760353, 43.06084854732971], [-70.73660947630457, 43.060861765565114], [-70.7366033461959, 43.0608739242404], [-70.73660370383907, 43.060874529605144], [-70.73660160112664, 43.06088627608273], [-70.7365714821333, 43.060910274563014], [-70.73655401868162, 43.06092070724628], [-70.73654511112807, 43.06093755424563], [-70.7365449832549, 43.06094601290656], [-70.73658817837651, 43.06095059384323], [-70.73660529020263, 43.060963422472696], [-70.73660607866506, 43.06096850470113], [-70.73659929856176, 43.0609781782504], [-70.73658459116632, 43.06099709303858], [-70.73659587119114, 43.06101410411979], [-70.73658981560918, 43.061033089227244], [-70.73658385592461, 43.06104573033866], [-70.73660034300254, 43.06109270101228], [-70.7365963343353, 43.06110148752079], [-70.73659938792221, 43.061117104728524], [-70.73660549509607, 43.061161725300096], [-70.73660244150915, 43.061192959680895], [-70.73660962200994, 43.06120607531627], [-70.73660842007503, 43.06121540100126]]]}, "properties": {"id": 110, "Hectares": 0.89640389528, "Acres": 0.36276234608, "Year": "2019", "LABEL": "Sagamore Creek", "Type": 1, "Name": "Eelgrass"}}, {"type": "Feature", "geometry": {"type": "Polygon", "coordinates": [[[-70.72959744403752, 43.072569860549045], [-70.72956479746054, 43.072807586597335], [-70.7294791999828, 43.07281499116306], [-70.72932498780831, 43.072854418613275], [-70.7292116779983, 43.07287670317938], [-70.72898783228736, 43.072906590349284], [-70.7288041598489, 43.07293288344564], [-70.72869853837656, 43.07295209429316], [-70.72852084466956, 43.072972311491384], [-70.72848586014422, 43.072962253616694], [-70.72844914609605, 43.07295351095281], [-70.7284213594675, 43.072963413101874], [-70.7283490189125, 43.07298372252235], [-70.7283336054297, 43.072984622470685], [-70.72821785275241, 43.07297749582283], [-70.72815283999184, 43.07295843041056], [-70.72815525263358, 43.07293837362995], [-70.72818914203896, 43.072926296763], [-70.72826728740542, 43.072913038472066], [-70.72838947667665, 43.072912496090446], [-70.72850984230598, 43.07289340640995], [-70.72861972344656, 43.07287114195263], [-70.72875701000297, 43.07284755766713], [-70.72883328432145, 43.07281884013867], [-70.72892247891642, 43.07277169622319], [-70.72901553283721, 43.07274774913388], [-70.72913152058456, 43.072739433385564], [-70.72922438608038, 43.07272783939429], [-70.72933003054509, 43.072707083896724], [-70.72938954817548, 43.0726720513284], [-70.72944482961343, 43.07263852838436], [-70.72949379210468, 43.07260495366165], [-70.72952368024511, 43.07257894446401], [-70.72959744403752, 43.072569860549045]]]}, "properties": {"id": 106, "Hectares": 0.94750449436, "Acres": 0.38344205676, "Year": "2019", "LABEL": "Portsmouth Harbor", "Type": 1, "Name": "Eelgrass"}}, {"type": "Feature", "geometry": {"type": "Polygon", "coordinates": [[[-70.82252991905422, 43.12398152614181], [-70.82256162568491, 43.12395560691847], [-70.82256167912789, 43.123955563205236], [-70.82350723688633, 43.12318257939026], [-70.82368040704299, 43.12333694871786], [-70.8239127696181, 43.123603959427044], [-70.82422968487911, 43.12393717175055], [-70.8244412568267, 43.12423681804555], [-70.82448239635896, 43.12427527192872], [-70.82447934776721, 43.12429737060003], [-70.82447706733879, 43.124313900988], [-70.82444109282474, 43.124355621034226], [-70.82438854976007, 43.12437622667972], [-70.82435794948921, 43.12437686326356], [-70.82430086216856, 43.124378050841145], [-70.82425921153164, 43.12438073260703], [-70.82409370652286, 43.12435647560524], [-70.82387927162245, 43.124265469697974], [-70.82357991858714, 43.124135086170085], [-70.82322721836354, 43.12403709838026], [-70.82315027241407, 43.12402829868373], [-70.82307337147623, 43.12397932733095], [-70.82285417391051, 43.12393895947006], [-70.82269169778327, 43.12391689491648], [-70.82256079078226, 43.12396660432942], [-70.82252991905422, 43.12398152614181]]]}, "properties": {"id": 120, "Hectares": 5.39303801266, "Acres": 2.18248842098, "Year": "2019", "LABEL": "Upper Piscataqua River", "Type": 1, "Name": "Eelgrass"}}, {"type": "Feature", "geometry": {"type": "Polygon", "coordinates": [[[-70.84641046171438, 43.05322518287991], [-70.84768240229596, 43.053015072330204], [-70.84783426644277, 43.053201026623405], [-70.84794886143011, 43.05345564489514], [-70.84787554638477, 43.053645469119864], [-70.84769243056036, 43.053811434970854], [-70.8476053036227, 43.053856956561575], [-70.84728323032353, 43.05382581020478], [-70.84697002081172, 43.053719740557995], [-70.84687587378477, 43.05370176172338], [-70.84672003798558, 43.053591050516175], [-70.84650205327738, 43.05342221224917], [-70.84641046171438, 43.05322518287991]]]}, "properties": {"id": 124, "Hectares": 4.75502981626, "Acres": 1.92429526568, "Year": "2019", "LABEL": "Great Bay", "Type": 3, "Name": "Widgeon Grass"}}, {"type": "Feature", "geometry": {"type": "Polygon", "coordinates": [[[-70.85087482832327, 43.05248764998259], [-70.85221860679196, 43.05226561422693], [-70.85233165234274, 43.052319508074085], [-70.85236793991106, 43.05233066185903], [-70.85268388282893, 43.052527584499416], [-70.85286719594998, 43.05264280912553], [-70.85310287206585, 43.052813203115036], [-70.85331546985333, 43.052944497608124], [-70.85351029138128, 43.053057859803545], [-70.8535105998678, 43.05305789031114], [-70.85359154104665, 43.053066957737094], [-70.85365314643344, 43.05307871850742], [-70.85366795896154, 43.053083959532856], [-70.85368150684386, 43.05307111372553], [-70.85377193211346, 43.05307319812607], [-70.85387955791666, 43.05311289756867], [-70.85399462971935, 43.053184374587666], [-70.85403521515762, 43.053238018141904], [-70.85407923111474, 43.05327642344979], [-70.85410207632246, 43.0532828917151], [-70.85412508503396, 43.05329437816764], [-70.85419028888569, 43.05332597959005], [-70.85419535043697, 43.05332721246634], [-70.85421083949086, 43.05334020768005], [-70.85425963259105, 43.05336795277058], [-70.85436416421936, 43.05334418019205], [-70.85438173001891, 43.05333943607803], [-70.85442139305194, 43.05332872400242], [-70.85447638926739, 43.05333344044733], [-70.8545191126642, 43.05337412067584], [-70.85452988233158, 43.05345206706751], [-70.85450696714231, 43.053496480725094], [-70.85451934712044, 43.05354628465233], [-70.85454970193396, 43.05358613085398], [-70.85455443887308, 43.05358967255404], [-70.85457645851295, 43.05360613612267], [-70.85463049458245, 43.05360651957119], [-70.85467298884005, 43.0536039903292], [-70.85471147400202, 43.0536127557063], [-70.85473090498252, 43.05363458477338], [-70.85475548174297, 43.05373490840259], [-70.8547581648189, 43.0537363260248], [-70.85478139783662, 43.05376388954476], [-70.8547948569179, 43.05378705761056], [-70.8548431370881, 43.0538537337897], [-70.85490707095418, 43.05392628913334], [-70.85496699647821, 43.05400458415417], [-70.85500924524706, 43.05408131173341], [-70.85503167983013, 43.0541694350564], [-70.85506021863141, 43.05424406035428], [-70.85507370060778, 43.05426346542632], [-70.85518637243489, 43.05436809104588], [-70.85520500800475, 43.054446093139205], [-70.8552512468558, 43.05451852280902], [-70.85543924445106, 43.05457753709601], [-70.85556088463917, 43.0545985878275], [-70.85570260523932, 43.0545880559396], [-70.85578919536246, 43.05458290138942], [-70.85583758496207, 43.054594077115], [-70.85584608305302, 43.054593398723135], [-70.85586935592103, 43.05460141470154], [-70.85598599117792, 43.05464158780422], [-70.85601999494861, 43.05467682686623], [-70.85614042014777, 43.054790158680525], [-70.8563278118849, 43.05489531236737], [-70.85636649118938, 43.05494461547677], [-70.85638554609065, 43.054990895549814], [-70.85643999342771, 43.05503742620791], [-70.85654499381525, 43.05512757580519], [-70.85659947935349, 43.05517122258512], [-70.85664201563237, 43.05522632104558], [-70.85667294425421, 43.05526691697117], [-70.8566726405997, 43.05528998739636], [-70.85664851415133, 43.055330193629494], [-70.85663641295659, 43.05535318054702], [-70.85663988996511, 43.05538781401987], [-70.85665951456932, 43.05539083700054], [-70.85667917713215, 43.055390976174756], [-70.85673404253833, 43.055405784860255], [-70.85682308620295, 43.05551312569209], [-70.85682228924998, 43.05557368555766], [-70.8568488302473, 43.0556488592429], [-70.85685245918538, 43.05567195749632], [-70.85686773392968, 43.055706674446995], [-70.85693424548414, 43.0557331017347], [-70.85694547391842, 43.05577644225839], [-70.8569016847519, 43.055816509411834], [-70.8568740051797, 43.05582784983105], [-70.85685430452732, 43.05583059449217], [-70.85685411478204, 43.055845013507145], [-70.85688916613123, 43.05587121818733], [-70.85693200670964, 43.055903246115356], [-70.85699023603789, 43.05596133955228], [-70.8570326593815, 43.05602508927632], [-70.85706752121222, 43.056065712917615], [-70.85713010068216, 43.05609211227211], [-70.85718076872509, 43.05612707954963], [-70.85717263806322, 43.056147210535556], [-70.857074020517, 43.05616958546879], [-70.85700342410149, 43.056154665648094], [-70.85696406054049, 43.05615727120668], [-70.85693904691422, 43.05620284654634], [-70.85690218209908, 43.056183140247555], [-70.85681270932096, 43.0560522777746], [-70.85673218697357, 43.05597075453682], [-70.85661290011005, 43.0559171145397], [-70.8563569836284, 43.055668922910364], [-70.85623354730868, 43.055565977171696], [-70.85611896819242, 43.05551940942037], [-70.85604762868937, 43.055469628141324], [-70.85601630572056, 43.05529694038472], [-70.85574078003792, 43.05508028585296], [-70.85528805773764, 43.05483421673427], [-70.8550131865191, 43.054568289108566], [-70.85470398076639, 43.054358432600864], [-70.85367210836543, 43.053992095856835], [-70.85313041346353, 43.05394248994789], [-70.85213932860978, 43.054121984747646], [-70.85158178970559, 43.05454390015501], [-70.85148759192779, 43.054661678758514], [-70.85149017678152, 43.05463723933458], [-70.85147226514064, 43.05453237327341], [-70.85145416608707, 43.05444165971996], [-70.85149021624348, 43.05434283959188], [-70.85149924798796, 43.054243826993606], [-70.85149250327206, 43.05417017893926], [-70.85145491808886, 43.054093480420356], [-70.8514248275118, 43.05403381989771], [-70.85134334421481, 43.05394995604983], [-70.85135895194395, 43.053761596689604], [-70.85136423657227, 43.053654065086214], [-70.85128475751112, 43.05353460647731], [-70.8512271650003, 43.05321998063818], [-70.85120874189082, 43.05304491536871], [-70.85109413078617, 43.05289552125463], [-70.8509499357073, 43.052647905289966], [-70.85087482832327, 43.05248764998259]]]}, "properties": {"id": 129, "Hectares": 33.20187797439, "Acres": 13.4363440539, "Year": "2019", "LABEL": "Great Bay", "Type": 2, "Name": "Eelgrass and Widgeon Gras"}}]}