{"type": "FeatureCollection", "features": [{"type": "Feature", "geometry": {"type": "Polygon", "coordinates": [[[-70.86847478426722, 43.08969308734761], [-70.86834420938017, 43.08970435829695], [-70.86821958713251, 43.089706393597524], [-70.86811864094837, 43.08966692024267], [-70.86802461886901, 43.08965017912497], [-70.86789930353012, 43.08962938031405], [-70.86771790799543, 43.08960949595208], [-70.86752391273346, 43.08958524935564], [-70.86732451823777, 43.08958850416984], [-70.86722357160464, 43.08954903002212], [-70.86721553629003, 43.089489763242746], [-70.86721276209784, 43.089398426357114], [-70.86726689800125, 43.089333575461765], [-70.86728890817287, 43.089237265509645], [-70.86728654891489, 43.08915962923668], [-70.86728418964971, 43.08908199386273], [-70.86724970371215, 43.0889728985384], [-70.8672401429837, 43.08886339673628], [-70.86732557245406, 43.08880260360516], [-70.86742401892363, 43.088759874801305], [-70.86755639684921, 43.088807973964535], [-70.8676637115213, 43.08885191296813], [-70.86780868955287, 43.0889043746738], [-70.86795547311718, 43.08901620527107], [-70.86813369115548, 43.08913665982984], [-70.86823644204159, 43.08923550223745], [-70.86837727332097, 43.089356567792485], [-70.86845482277688, 43.08944668267628], [-70.86853915939909, 43.08955496324175], [-70.86854761254733, 43.08962793055859], [-70.86847478426722, 43.08969308734761]]]}, "properties": {"AREA": 75451.7320465, "PERIMETER": 1144.45166191, "DENSITY": "h", "HECTARES": 0.700972331926, "ACRES": 1.73213342623, "YEAR_": 2006}}, {"type": "Feature", "geometry": {"type": "Polygon", "coordinates": [[[-70.86906547395961, 43.08928438436405], [-70.86920501788644, 43.08916978645634], [-70.86935409062713, 43.08903257076822], [-70.86947230063332, 43.08888837067817], [-70.86964293335528, 43.08878824012617], [-70.86978338637203, 43.088703579016574], [-70.86987004987198, 43.08852994325241], [-70.86990542957629, 43.088349657329765], [-70.87005404304414, 43.088197471465605], [-70.87021263917106, 43.08803763512257], [-70.870444990509, 43.0879514704096], [-70.87060836960912, 43.08794879855193], [-70.87073363768442, 43.088036604608064], [-70.87086592662682, 43.08801946480655], [-70.87102862256258, 43.08799434123251], [-70.87126074400304, 43.08790069024027], [-70.87145384398625, 43.08786758055022], [-70.87155344869069, 43.08778358483813], [-70.8717703898099, 43.08786240132041], [-70.87187637665696, 43.0879879598804], [-70.87202457649644, 43.088157753655956], [-70.87224151954648, 43.08823656925521], [-70.87245732300559, 43.08827796412484], [-70.87262070292883, 43.088275289400265], [-70.87252246783368, 43.08840419006952], [-70.8724158455284, 43.088593130648164], [-70.87247100612537, 43.08872700797745], [-70.87256769774508, 43.08888266929271], [-70.87269388204622, 43.089000408934695], [-70.87284978903021, 43.08908770962414], [-70.87285165257958, 43.0890876793444], [-70.87302338193405, 43.08908486753464], [-70.87310438825489, 43.08906107824546], [-70.87310502808347, 43.08906165338341], [-70.87317792137307, 43.0891272637676], [-70.87334381257753, 43.08920691325444], [-70.87334572953854, 43.08920693194553], [-70.87362995786222, 43.089209714965726], [-70.87382306076287, 43.08917660040743], [-70.87413824306502, 43.089126510662226], [-70.87444252822704, 43.089054134983215], [-70.87475588317021, 43.08894417121442], [-70.87501795148923, 43.08882755876872], [-70.8752575414291, 43.088643923747185], [-70.87548737501034, 43.08847542444564], [-70.87574059932585, 43.088403882256245], [-70.87606621486573, 43.08836110378132], [-70.87637118053631, 43.08831117492534], [-70.87660398055084, 43.08823996594415], [-70.87686307126953, 43.08802605750057], [-70.87687995878245, 43.087989810331976], [-70.87696853606207, 43.08779969234179], [-70.87702357566098, 43.08763528093278], [-70.87703407010052, 43.087603934196004], [-70.87686795025151, 43.087516806336126], [-70.87675402766669, 43.08746626097477], [-70.8766991596539, 43.08734003454543], [-70.87669908808812, 43.08733986932222], [-70.87650507787744, 43.08734305219381], [-70.87626092692174, 43.08737700780869], [-70.87599681174639, 43.08742626628751], [-70.87574404763824, 43.0875127773875], [-70.87553052981036, 43.087546229345214], [-70.8753898581457, 43.08762341390288], [-70.87515591731754, 43.087657200117114], [-70.87481952637631, 43.08767768371675], [-70.87481940715126, 43.08767769099316], [-70.87455323451542, 43.08765959009273], [-70.87429567463766, 43.087588932111736], [-70.87409892458562, 43.087502301955915], [-70.87393029821376, 43.087332844619404], [-70.8736820390005, 43.08723208175296], [-70.87338158486696, 43.08709473410807], [-70.87291152913258, 43.08703528381285], [-70.87290982479041, 43.087035068554385], [-70.87266590197132, 43.087076501104576], [-70.87251364837756, 43.08710894486716], [-70.87261981263131, 43.08690503582074], [-70.87265677864177, 43.08677713846131], [-70.87266174414367, 43.086604837427934], [-70.87254486373946, 43.08645699523722], [-70.87227641586786, 43.086364047511445], [-70.87209781476278, 43.08620223886859], [-70.87180780825501, 43.08607220410302], [-70.87148106009869, 43.08607754929207], [-70.87134175488326, 43.08619963383154], [-70.87116046579428, 43.08628496448338], [-70.8710038850003, 43.08617520860162], [-70.87085865426023, 43.08610270621917], [-70.87072978669569, 43.08623210618274], [-70.8705854341811, 43.0863427379684], [-70.87058004073299, 43.086346871784166], [-70.87047565284158, 43.08627370068728], [-70.87037783291504, 43.08608061727093], [-70.87033991181883, 43.085841627524744], [-70.87032423464635, 43.08566217607419], [-70.87032442913493, 43.085661478003836], [-70.87037027727145, 43.085496691629366], [-70.87049960106594, 43.08538226037824], [-70.87075441319092, 43.08536311780373], [-70.8710709461333, 43.08535794130432], [-70.87141605937431, 43.0852849051028], [-70.87176185660162, 43.08523432078667], [-70.87221226756765, 43.08526438963977], [-70.87257009831531, 43.0852735084877], [-70.87299917550553, 43.08527397207485], [-70.8734690960161, 43.08527376480804], [-70.87375522423305, 43.08527656607098], [-70.87414368720235, 43.08528517842619], [-70.87470801543301, 43.08536578539207], [-70.87520948133874, 43.085395004873845], [-70.8755870501371, 43.08538132734331], [-70.87606763778888, 43.08539590975824], [-70.87642684060225, 43.08544992148006], [-70.87671365526911, 43.08547516736338], [-70.87699162968309, 43.085545484618606], [-70.87718609165111, 43.08555726918362], [-70.8774286342144, 43.08547092380165], [-70.87762987522099, 43.08537027943638], [-70.87790350590885, 43.08529839693025], [-70.87817104248428, 43.08536139489008], [-70.87840726047004, 43.085402443935195], [-70.87857969897937, 43.08536217301969], [-70.8787630336036, 43.08534418650616], [-70.87893913225824, 43.08542365966968], [-70.87908620026145, 43.08555602506543], [-70.87897937357243, 43.08573748654608], [-70.8787838534264, 43.086025234806854], [-70.8787067428839, 43.086176257391465], [-70.87867367814557, 43.08643138602081], [-70.87854688561833, 43.08662815090842], [-70.87842260807832, 43.08690723993908], [-70.878324157833, 43.08702866112844], [-70.87828765992018, 43.08717152869799], [-70.87818151515711, 43.08737544224708], [-70.8778736644748, 43.0876650333429], [-70.87765565194152, 43.08788575799849], [-70.87743558084026, 43.08803912622752], [-70.87730809413017, 43.08821343762556], [-70.87717992111816, 43.088365296874194], [-70.87707125654116, 43.0884868850192], [-70.87680805070643, 43.088566081919424], [-70.87662135008995, 43.08880875413199], [-70.87646482688065, 43.08903595545833], [-70.87654247689123, 43.089236852630535], [-70.87661989813114, 43.08943026514332], [-70.87655436074412, 43.0896260229639], [-70.87634883492542, 43.08992141932074], [-70.87603913401726, 43.0901511319954], [-70.87574169946471, 43.09044803363804], [-70.87535144303965, 43.090716505628414], [-70.87503060934537, 43.09091644771337], [-70.87482888895372, 43.09100211983387], [-70.87463989123856, 43.09116994801821], [-70.87427004911693, 43.09143808139175], [-70.87410078657182, 43.09158312279532], [-70.87398052881726, 43.09165997076359], [-70.87367959465226, 43.09150765642268], [-70.87339817377803, 43.09132507100988], [-70.87299398540631, 43.091137006634376], [-70.87253714474748, 43.09089738791403], [-70.87194596110989, 43.090607551622824], [-70.87174897736803, 43.09051343372275], [-70.87157492430073, 43.09050130553896], [-70.87126766513259, 43.09047638084786], [-70.87082514922588, 43.09037130164565], [-70.8703926185954, 43.09025857045621], [-70.87011257805567, 43.09012088015768], [-70.86985182463158, 43.089945435798704], [-70.86962216120476, 43.08978445781497], [-70.86940089011051, 43.089563439641125], [-70.86921275923297, 43.08942424598532], [-70.86906547395961, 43.08928438436405]]]}, "properties": {"AREA": 2975227.74194, "PERIMETER": 12433.1347048, "DENSITY": "h", "HECTARES": 27.6408807553, "ACRES": 68.3018306231, "YEAR_": 2006}}, {"type": "Feature", "geometry": {"type": "Polygon", "coordinates": [[[-70.87429279663118, 43.09253248773258], [-70.8742326835465, 43.09248103337307], [-70.87423122952124, 43.092433385121836], [-70.87426024945836, 43.09231849543614], [-70.87426384387241, 43.09222309183383], [-70.87423245991415, 43.09204721848185], [-70.87414314345371, 43.09189136308597], [-70.87423732405203, 43.09178017425038], [-70.87438841736056, 43.091615612035326], [-70.87454169122398, 43.09152252289529], [-70.87471519535043, 43.091452938978236], [-70.87484852746923, 43.091345874168184], [-70.87497521298448, 43.09123415170222], [-70.87505541133888, 43.09130434551042], [-70.87511697744054, 43.091403448590306], [-70.87511959565074, 43.09148921580509], [-70.87506961947933, 43.09155677624661], [-70.87503972914809, 43.09164307649955], [-70.87502342350184, 43.09174822282879], [-70.87501997527913, 43.09184839111407], [-70.87490701952842, 43.0919837252578], [-70.87484345792961, 43.09203243949065], [-70.87479983730874, 43.092095128021384], [-70.87476330011513, 43.09217676978352], [-70.874720697628, 43.09227281259719], [-70.87460715821354, 43.09238908694091], [-70.87444752589693, 43.0924870478961], [-70.87429279663118, 43.09253248773258]]]}, "properties": {"AREA": 64254.2099607, "PERIMETER": 1145.80232262, "DENSITY": "d", "HECTARES": 0.596943531586, "ACRES": 1.47507369056, "YEAR_": 2006}}, {"type": "Feature", "geometry": {"type": "Polygon", "coordinates": [[[-70.86924879747062, 43.08435080398906], [-70.86910891439852, 43.08433914331401], [-70.86894212101703, 43.084276786917506], [-70.8689887360623, 43.08414121478492], [-70.86898984676824, 43.08396919572632], [-70.86901082258721, 43.08382474390278], [-70.86905194564899, 43.0837171527199], [-70.86916265643208, 43.08360377601265], [-70.8693001347442, 43.08353644795592], [-70.86947479995311, 43.08344062050505], [-70.86966284807455, 43.08336781756718], [-70.8699456972156, 43.08328416677173], [-70.87016178609234, 43.08329922930044], [-70.87018926312216, 43.083368509614886], [-70.87012335183267, 43.08349510116907], [-70.87000729438097, 43.083641107481455], [-70.86989559553012, 43.08372196075917], [-70.86975319097701, 43.083835856487326], [-70.86968009177093, 43.0839346727994], [-70.86958825741128, 43.084043092887526], [-70.86949008444155, 43.084151617267935], [-70.86939205105296, 43.08426478735769], [-70.86924879747062, 43.08435080398906]]]}, "properties": {"AREA": 65387.8198743, "PERIMETER": 1113.3546815, "DENSITY": "h", "HECTARES": 0.607475154427, "ACRES": 1.50109779326, "YEAR_": 2006}}, {"type": "Feature", "geometry": {"type": "Polygon", "coordinates": [[[-70.86318922113755, 43.08175139682012], [-70.86306287753094, 43.08180649056252], [-70.86295779859076, 43.081828600437014], [-70.86282947821364, 43.08181845085306], [-70.86274467355584, 43.08177495527489], [-70.86264923713905, 43.0817479505744], [-70.86259249458713, 43.08171215668487], [-70.86250546596156, 43.081595261567685], [-70.86251956002855, 43.081509357536945], [-70.862555905832, 43.08142309137827], [-70.86264244271237, 43.08134008719405], [-70.86272885582852, 43.08125300614921], [-70.86281600985349, 43.081190390288775], [-70.86297646988945, 43.081159219639616], [-70.86320912661854, 43.08112279198413], [-70.8633359616872, 43.08108400882053], [-70.86340420062412, 43.08113185427401], [-70.86351941567696, 43.081260528910896], [-70.86354488271385, 43.0813661874951], [-70.86345908840477, 43.08147365852067], [-70.863428677484, 43.08157206747626], [-70.86336995738846, 43.081654618514094], [-70.86327711673071, 43.081713247665796], [-70.86318922113755, 43.08175139682012]]]}, "properties": {"AREA": 51586.8296219, "PERIMETER": 842.064391443, "DENSITY": "d", "HECTARES": 0.479259246619, "ACRES": 1.18427065248, "YEAR_": 2006}}, {"type": "Feature", "geometry": {"type": "Polygon", "coordinates": [[[-70.86409088912801, 43.07874700024905], [-70.86394514155461, 43.07879026492436], [-70.86379128270649, 43.07873329545894], [-70.86368259035368, 43.078660719801285], [-70.86366524407181, 43.07859037386713], [-70.86366141454893, 43.07846404819171], [-70.86364823605511, 43.07836389658323], [-70.86370128555708, 43.07827381712709], [-70.86376357145345, 43.078153848713576], [-70.86384072547396, 43.078022486826846], [-70.86396405719225, 43.077908958739975], [-70.86406475075475, 43.077885014139355], [-70.8641956302885, 43.07785314278834], [-70.8643682956786, 43.0778614809809], [-70.86443035723842, 43.07790136022256], [-70.86437054954834, 43.077935789728656], [-70.8643062372588, 43.07798888035058], [-70.86422221364327, 43.0780608783072], [-70.86415519818459, 43.078192075711954], [-70.8641487797511, 43.07831485038801], [-70.86415632702017, 43.07839650826007], [-70.86412490347489, 43.07853084295628], [-70.86410282740171, 43.078639003525105], [-70.86409088912801, 43.07874700024905]]]}, "properties": {"AREA": 37784.7295405, "PERIMETER": 892.573628104, "DENSITY": "p", "HECTARES": 0.35103302812, "ACRES": 0.867418033529, "YEAR_": 2006}}, {"type": "Feature", "geometry": {"type": "Polygon", "coordinates": [[[-70.8818030117289, 43.07836167993679], [-70.8819091040026, 43.07821116165704], [-70.88193977816537, 43.07800778536431], [-70.88189834431766, 43.077859693924644], [-70.88182147780674, 43.077759522553606], [-70.88173621892041, 43.07768653872946], [-70.88161635483047, 43.07768850966969], [-70.8815427990062, 43.07769648273428], [-70.88147867057906, 43.077711061907785], [-70.88163003718817, 43.07753274969684], [-70.88179963603821, 43.07734737544871], [-70.88209438682074, 43.0770314554008], [-70.8822883318468, 43.07673748088579], [-70.88258286985955, 43.07641480147397], [-70.88285119364205, 43.07613988970601], [-70.88300089609557, 43.075907503253084], [-70.88321410244389, 43.07564026057139], [-70.88334826091264, 43.07550280353284], [-70.88351805632965, 43.075324185517275], [-70.88375321930404, 43.075171540360536], [-70.88396569175153, 43.075181566078406], [-70.8841136253617, 43.07519265513519], [-70.88429004727239, 43.07523032340498], [-70.88444782218868, 43.07526153670656], [-70.88455866793898, 43.075266472905554], [-70.88458840018178, 43.07533360759793], [-70.88452676133055, 43.07542929652347], [-70.88440037431478, 43.07551928946799], [-70.88426559693, 43.07563647098156], [-70.88416831993392, 43.07577332074602], [-70.88413599707773, 43.07592262637454], [-70.88414811666028, 43.07601710014345], [-70.88429770973485, 43.07608226038383], [-70.88444357304677, 43.07602575796794], [-70.88461668214502, 43.07595528293789], [-70.88478181368043, 43.07592551243085], [-70.88493627591015, 43.07584858137176], [-70.88506204014126, 43.0757383101575], [-70.88522530506798, 43.07564770867168], [-70.88540680293589, 43.075550043647084], [-70.8855155780313, 43.075487389683296], [-70.88557131259897, 43.075499995221556], [-70.88570391594283, 43.07561277050484], [-70.88598549218217, 43.075770426910026], [-70.8863039496847, 43.07592747358137], [-70.88668819388049, 43.076124009578265], [-70.88702675484838, 43.076334821953814], [-70.88721364626188, 43.07641288785922], [-70.88749398427753, 43.07652998614994], [-70.8878118272107, 43.07666675190057], [-70.8881114393172, 43.07681057961688], [-70.88833687491373, 43.076942107234636], [-70.88855288341153, 43.07706702703393], [-70.88876008860342, 43.077205616734126], [-70.8889121817702, 43.07735187802988], [-70.88904479525294, 43.07746464858422], [-70.88915897005427, 43.07757772397947], [-70.88919036893638, 43.07769892884201], [-70.88901726125826, 43.07776941168095], [-70.88869704291837, 43.0778558478393], [-70.88839443367023, 43.07791494255722], [-70.88817480614068, 43.07797266749385], [-70.88788569298012, 43.07801736549066], [-70.88788100156516, 43.07801809059763], [-70.88762374445972, 43.07800468421122], [-70.88758532837498, 43.07800268265914], [-70.88731017036324, 43.07805455937636], [-70.88695306584636, 43.07814159907288], [-70.88664123328475, 43.078200841439994], [-70.88617431288881, 43.07831673907237], [-70.88595571902333, 43.07840825432516], [-70.88577297006069, 43.078465366588226], [-70.88557996227983, 43.07848883524014], [-70.8853117409012, 43.0784662058819], [-70.88508040226473, 43.078442969063545], [-70.88475685809252, 43.07842125045678], [-70.88456343627938, 43.078431199551915], [-70.88439560409543, 43.078373102778365], [-70.88421098899003, 43.07836938043021], [-70.8839452543738, 43.07842785675019], [-70.8836428441083, 43.07849369775505], [-70.88337793675554, 43.07857920844035], [-70.88313064119423, 43.07863737880283], [-70.88290137247503, 43.078681726812555], [-70.88267272289599, 43.0787463520218], [-70.88243485369014, 43.07881112782649], [-70.88223324502276, 43.078855019539574], [-70.8820869584783, 43.07889800118826], [-70.88204085646571, 43.07889875987898], [-70.88203837326576, 43.078817651884364], [-70.88198875201304, 43.07870350702538], [-70.88191312645257, 43.07864388927412], [-70.88180061837852, 43.07858487906021], [-70.88170696562815, 43.07853908281331], [-70.88175099897808, 43.07847073410688], [-70.8818030117289, 43.07836167993679]]]}, "properties": {"AREA": 1537258.81782, "PERIMETER": 5958.28970057, "DENSITY": "p", "HECTARES": 14.2816588708, "ACRES": 35.2906064697, "YEAR_": 2006}}, {"type": "Feature", "geometry": {"type": "Polygon", "coordinates": [[[-70.88933485608952, 43.07958898686873], [-70.88925009727195, 43.07951711654919], [-70.88919702559362, 43.07945176978558], [-70.88916228157686, 43.079375176696914], [-70.88915577328191, 43.07929514960302], [-70.88915584919846, 43.07929487556985], [-70.88918127461656, 43.079202721544895], [-70.88923169457533, 43.079130658781956], [-70.88932779816213, 43.07910141642499], [-70.88944114941015, 43.079100487768905], [-70.88961099781439, 43.07908877797101], [-70.88972771623973, 43.07906607450518], [-70.88984248670731, 43.07901744116981], [-70.88999439677323, 43.07895825877201], [-70.89015012980302, 43.07888153007651], [-70.8902831127477, 43.07879537696173], [-70.89043930707253, 43.07873486559498], [-70.89058440020504, 43.078693420643866], [-70.89071172752166, 43.07867585332603], [-70.8908020335269, 43.07871591249745], [-70.8909485172017, 43.07873660740809], [-70.89106913009658, 43.07875991458376], [-70.89114396855858, 43.078775555305555], [-70.89126693349705, 43.07875599095413], [-70.89135360312945, 43.07875131406497], [-70.89146277423542, 43.07874654110215], [-70.89161503495568, 43.07874402314314], [-70.89175475501018, 43.0787565526612], [-70.89183599748681, 43.07879626968949], [-70.8918996778725, 43.078861002044015], [-70.8919063676748, 43.0789550700272], [-70.8919064845113, 43.0789567127114], [-70.89188574311461, 43.079066021021326], [-70.8918160053287, 43.0791680843311], [-70.89166867904757, 43.079232161958714], [-70.89157639412097, 43.079275924734574], [-70.89142425104109, 43.07932695939733], [-70.89130395022929, 43.07936946815835], [-70.89115514825377, 43.0794143535992], [-70.8909792397917, 43.0794720507231], [-70.89086095782511, 43.07951266166067], [-70.89069828837667, 43.079537036844776], [-70.89052796127979, 43.079551467993895], [-70.89029297274607, 43.07954644701024], [-70.89008235580705, 43.079543991672416], [-70.88989241864267, 43.07955142686578], [-70.88971254974292, 43.07957431655016], [-70.88956120833514, 43.079606045728966], [-70.88943913408957, 43.07961063471936], [-70.88933485608952, 43.07958898686873]]]}, "properties": {"AREA": 162550.074646, "PERIMETER": 1779.09351071, "DENSITY": "p", "HECTARES": 1.51014564926, "ACRES": 3.73163624073, "YEAR_": 2006}}, {"type": "Feature", "geometry": {"type": "Polygon", "coordinates": [[[-70.8707172332726, 43.0809642149889], [-70.87079380111007, 43.08073316245468], [-70.87090502882234, 43.08049643594068], [-70.87096319212344, 43.08034739040327], [-70.8710221325503, 43.08022386617745], [-70.87113923399589, 43.07995129626463], [-70.87122353821825, 43.07974564929797], [-70.87131045578582, 43.079396973244144], [-70.87141440604063, 43.07915015160379], [-70.87150906091716, 43.07882688215173], [-70.87159180946315, 43.078570193962925], [-70.87166436127185, 43.0784362329597], [-70.87176305485816, 43.078245670478886], [-70.87188664551452, 43.07795767371865], [-70.87210367428673, 43.07753537355898], [-70.8722541821935, 43.07721629618021], [-70.87241118343319, 43.07688179169081], [-70.87253924412774, 43.076512014062104], [-70.87270398265721, 43.07620291585271], [-70.87279045557334, 43.076068726605804], [-70.8729019784401, 43.075842206016304], [-70.87297977631258, 43.075651984433065], [-70.8731060009682, 43.07545075750186], [-70.87314945195031, 43.07527641857941], [-70.87324210674035, 43.07511659384084], [-70.87336152214849, 43.074920584436576], [-70.87346051629923, 43.07474022847546], [-70.87358751469876, 43.07456452140892], [-70.87374823662265, 43.074352514834914], [-70.87384754036229, 43.07418236759232], [-70.8739052234514, 43.07401800801489], [-70.8739974086442, 43.0738428703303], [-70.87405369140166, 43.073632574738596], [-70.87422631065276, 43.07335398481268], [-70.87438162122112, 43.073193132902965], [-70.87460099110328, 43.07307719126642], [-70.87485361583845, 43.07290963722123], [-70.87503941898738, 43.072835098534235], [-70.87513912236582, 43.07281507911047], [-70.87513915930263, 43.07281507126451], [-70.87515019313439, 43.07281285577379], [-70.87539247123134, 43.072762924171926], [-70.87552624850927, 43.07274263412767], [-70.8757322209869, 43.07271139379472], [-70.87618414604303, 43.072683556363906], [-70.87636521388568, 43.072669856228], [-70.87661502624043, 43.072650954925734], [-70.87688052729864, 43.072677239645536], [-70.87688606519663, 43.072677506507674], [-70.877117710873, 43.072688668341094], [-70.87730739461654, 43.0726823183689], [-70.8774169322715, 43.0726786514173], [-70.87762548830413, 43.072665014649175], [-70.8776930019862, 43.072655067985025], [-70.8779375425407, 43.072619039681435], [-70.87829152502268, 43.07257748087184], [-70.87865262606208, 43.072540910973515], [-70.8789430129958, 43.07246975506036], [-70.8791374867939, 43.072451240537895], [-70.87934510520422, 43.07240697698571], [-70.87943115456228, 43.07238969538368], [-70.879649726442, 43.07234579828368], [-70.87978446693461, 43.072306568681356], [-70.8798913750733, 43.072275440752314], [-70.88005761671907, 43.072217605928635], [-70.8801532853847, 43.07218432292055], [-70.88049193408584, 43.072097049715886], [-70.88055880018854, 43.072084079567865], [-70.88086586228519, 43.07202451487686], [-70.88092662386111, 43.07200747077007], [-70.88115593141724, 43.07194314512073], [-70.8815029458614, 43.07190169146241], [-70.88172632128517, 43.07187869089529], [-70.8818570778307, 43.07186522655236], [-70.88222513359051, 43.07182853103618], [-70.8824401788581, 43.07179945979072], [-70.88260262455765, 43.07177172996012], [-70.88273814393817, 43.07174859620046], [-70.88305777714014, 43.07172290831002], [-70.88318654253301, 43.07172333991116], [-70.88331553138859, 43.07172377199695], [-70.88369734637732, 43.071717801134746], [-70.88349667010803, 43.07181206107918], [-70.883382568186, 43.07186565528553], [-70.8833007243697, 43.071876415475224], [-70.88316056099639, 43.07189484356426], [-70.88283474711069, 43.07194616651658], [-70.88279513298342, 43.07196265617489], [-70.88247709099186, 43.072095040493906], [-70.88245716724758, 43.07210713265402], [-70.88228009050651, 43.072214600923736], [-70.88218303034986, 43.07227350647384], [-70.88207501683867, 43.072370199438915], [-70.8819796320549, 43.072455586453295], [-70.88192623492796, 43.072554721447545], [-70.8818741732664, 43.072651375726934], [-70.88188712290433, 43.0727132948334], [-70.88189865381281, 43.07276842689198], [-70.88200730583354, 43.07290452025421], [-70.88202322053, 43.072916233361724], [-70.88214983159443, 43.07300941570504], [-70.88217898007962, 43.07302191444173], [-70.88233332968386, 43.07308809375917], [-70.88228953182485, 43.073081439315324], [-70.88213271671826, 43.07305761363777], [-70.88194387055023, 43.073166385124324], [-70.88173614281067, 43.07318154231383], [-70.88145125467985, 43.073291892861185], [-70.881277336138, 43.07336519669195], [-70.8811361478158, 43.07346144231488], [-70.88091564329069, 43.073582473705486], [-70.88074279968646, 43.07369097950971], [-70.88056995546181, 43.07379948594609], [-70.8804298412293, 43.07393093527533], [-70.88012750538729, 43.07399460718257], [-70.87993865281963, 43.07410337529144], [-70.87971491504514, 43.074118792301086], [-70.87955412838676, 43.074097953120194], [-70.87931223054734, 43.07404322448127], [-70.87908813355187, 43.07404690599159], [-70.87891349280117, 43.074096736739655], [-70.87877158188341, 43.0741695099487], [-70.87872607102213, 43.07425244169988], [-70.87879332633807, 43.07435700122556], [-70.87890860262443, 43.07446077329938], [-70.87899114890614, 43.0745416007992], [-70.87894599610469, 43.07463626689829], [-70.87872153894277, 43.0746282125075], [-70.87867674488675, 43.074734612769475], [-70.87855334948414, 43.07488926673402], [-70.87847797469321, 43.07504313062837], [-70.87848371180351, 43.07523088524501], [-70.87840654422769, 43.07532607683664], [-70.87832722516968, 43.0753508600555], [-70.87829951287947, 43.07549220146427], [-70.87836856092592, 43.07565543436388], [-70.878501281272, 43.07580588242215], [-70.87867915531561, 43.07586166437642], [-70.87876759072499, 43.075849360506766], [-70.87887052667071, 43.07583504011881], [-70.8790306002649, 43.07583241085306], [-70.87918995643639, 43.07580631192869], [-70.87933330561644, 43.07578047621599], [-70.87947557777744, 43.07571943661753], [-70.87961390361215, 43.07552931540616], [-70.87980132587589, 43.075373609030805], [-70.87992471913799, 43.07521895461646], [-70.88013101864118, 43.075156861010356], [-70.88015872655438, 43.075015520015434], [-70.88021952489702, 43.07490885560155], [-70.88031592662517, 43.0749190120929], [-70.88052294264814, 43.07488038720119], [-70.88064776902283, 43.0747726708415], [-70.8808672006817, 43.07461643632502], [-70.88107134284778, 43.07448393358906], [-70.88125696335872, 43.07426955161365], [-70.88131704082289, 43.074139418047395], [-70.88145823043733, 43.07404317222266], [-70.88169438337509, 43.07391014177117], [-70.88185157821583, 43.07381363167919], [-70.8819749631552, 43.07365897584689], [-70.88222675987082, 43.07351394618645], [-70.88239852306202, 43.073370234416444], [-70.88255499673815, 43.073250253894784], [-70.88247316733178, 43.07319289746717], [-70.8824228273519, 43.07315321092379], [-70.88234622100958, 43.073092815248295], [-70.88258696249993, 43.07318095705454], [-70.88271349497245, 43.07320653160459], [-70.88286733012818, 43.0732376237826], [-70.88318884664918, 43.07327318462589], [-70.88320860125368, 43.07327409941666], [-70.88343299615062, 43.073284484996066], [-70.88365240856619, 43.0732907124027], [-70.88377461737025, 43.073294180633965], [-70.88410927768342, 43.07330398967842], [-70.88430895744773, 43.07332206383067], [-70.88439567058755, 43.073329911944114], [-70.88460842303972, 43.07332167500279], [-70.88462526912865, 43.07332102319402], [-70.88464112424596, 43.07332163293809], [-70.88490423043623, 43.07333174728116], [-70.88510076665767, 43.07332850885648], [-70.88517576111124, 43.073327272925006], [-70.88529928571684, 43.073321610074245], [-70.8853496614715, 43.073319300362435], [-70.885349569609, 43.073319862336156], [-70.8853379282818, 43.07339098742675], [-70.88518632241954, 43.073444553278804], [-70.88499912295083, 43.07347317086946], [-70.88484039695503, 43.07352174663904], [-70.88464068000347, 43.07359653111602], [-70.88444870783465, 43.07369672033052], [-70.88424914592892, 43.07377660819573], [-70.88398246340016, 43.0739393078759], [-70.88372876424181, 43.07407115271362], [-70.88357840724461, 43.074165548188034], [-70.88330906178955, 43.074241476813285], [-70.88287590138843, 43.07442734118965], [-70.88261508074342, 43.07455419377908], [-70.8824876389692, 43.07471459881187], [-70.88220193384944, 43.074938887101965], [-70.88194220335144, 43.07510146761255], [-70.88164397595163, 43.07537192159746], [-70.8813992593477, 43.07557000089212], [-70.88128636317417, 43.07575059146343], [-70.88115179704647, 43.07590600508841], [-70.88101089216156, 43.0760819491106], [-70.88085731016206, 43.07629895495838], [-70.88072289753136, 43.07645947212846], [-70.88060952788737, 43.076624750612005], [-70.88043489933003, 43.076836995268934], [-70.8802792848429, 43.07698764718891], [-70.8801375937644, 43.07713806963601], [-70.88003783646747, 43.07729291011139], [-70.87993807744733, 43.07744774958313], [-70.87979810227233, 43.077654317417995], [-70.87960367074984, 43.077902633554], [-70.87948505013637, 43.078124169908946], [-70.87934585274219, 43.07835625756717], [-70.87925476917297, 43.07856712808749], [-70.87914420099305, 43.0788242785134], [-70.87905327290468, 43.07904025293499], [-70.87895413356658, 43.07921550870178], [-70.87879835250952, 43.07936105437973], [-70.87861378264796, 43.07947643254242], [-70.87843570824377, 43.07957638408962], [-70.87821523052821, 43.07965660423342], [-70.87791769013769, 43.07972276968876], [-70.8775576388791, 43.0797950663833], [-70.87719062255445, 43.079867475919], [-70.8768523939915, 43.07997005291473], [-70.87654866735598, 43.08006184917844], [-70.87625159077986, 43.08014332252165], [-70.87591969817181, 43.08022536555285], [-70.87559648053126, 43.08036343955661], [-70.87534040174296, 43.08041870492561], [-70.87507117545405, 43.080499717870694], [-70.8747539833191, 43.08060705018821], [-70.8744782594074, 43.080703488720665], [-70.87427803840266, 43.0807629433666], [-70.87412718356846, 43.08084201470948], [-70.8740642037291, 43.080832833440624], [-70.87395944395992, 43.080824335790865], [-70.87376509742381, 43.08084794624682], [-70.87353811163179, 43.08094358420669], [-70.8732777097206, 43.08108572904664], [-70.8729828023047, 43.08123865192522], [-70.87270971503051, 43.081421856493996], [-70.87243522765833, 43.0815591236205], [-70.87219586535741, 43.08170602892743], [-70.87189429919277, 43.08186927079007], [-70.871571841648, 43.082032853680396], [-70.8713727011808, 43.08212803267617], [-70.87120791272447, 43.08220732826169], [-70.87098076298662, 43.0822978569703], [-70.87075330140816, 43.08237817704404], [-70.87060057366382, 43.082395994603175], [-70.87043298584891, 43.08238341547846], [-70.87036040159443, 43.082287574461084], [-70.87035636331105, 43.08215486728943], [-70.87035804511018, 43.08198121203756], [-70.87039022121637, 43.081893872884436], [-70.87047036392826, 43.08178021464241], [-70.87050098656972, 43.08164183367561], [-70.87058762705404, 43.08151275040496], [-70.87060541010236, 43.08141032518747], [-70.87063680828719, 43.08129746460708], [-70.87064685196376, 43.081169633432026], [-70.8707172332726, 43.0809642149889]], [[-70.87259388010759, 43.08082116442999], [-70.87284175622204, 43.08072518627768], [-70.87301163612918, 43.08058452369843], [-70.87314778849252, 43.0804801608866], [-70.87326165211358, 43.080330202384246], [-70.87334178745435, 43.080216542941834], [-70.87344977465649, 43.08010242749387], [-70.87356857604918, 43.0798860017593], [-70.87364731088987, 43.0797264044056], [-70.87369091752771, 43.07955716949514], [-70.87368720376676, 43.07943531245328], [-70.873686561718, 43.079414254152645], [-70.87373156865453, 43.07929095600558], [-70.87378077230285, 43.07916368660398], [-70.87378322789466, 43.079157335883714], [-70.8737425002131, 43.078963949457524], [-70.8737096694223, 43.07880107286284], [-70.87370642251945, 43.07869452807056], [-70.87370578047971, 43.078673468867265], [-70.87372713423754, 43.07855935406303], [-70.87372974299109, 43.078545409750184], [-70.87366256506755, 43.07839841609605], [-70.87350443959623, 43.0784673922783], [-70.87336829233953, 43.07857175559127], [-70.87324591396747, 43.078670787141284], [-70.87315757380969, 43.07874372760406], [-70.87300038026963, 43.078843328504945], [-70.87280296384297, 43.07899465421795], [-70.87261869546202, 43.079120230816876], [-70.87249044009651, 43.07925510476012], [-70.87228142774654, 43.07948322007568], [-70.87204440431705, 43.079706686496166], [-70.87186911598337, 43.07989850221165], [-70.87170094463832, 43.08009530807376], [-70.87155907040714, 43.0802406164075], [-70.87150942575005, 43.08044058950023], [-70.87151006705845, 43.08046164780345], [-70.87151750718192, 43.08070600477605], [-70.87169006328354, 43.08088191577996], [-70.87192883298218, 43.08094439544428], [-70.87211668505242, 43.080936214966925], [-70.87235203450844, 43.08088640292762], [-70.87259388010759, 43.08082116442999]], [[-70.87472308735718, 43.07926674248656], [-70.87490061057369, 43.079310795169626], [-70.8751364393465, 43.07916604347507], [-70.87526696065753, 43.07898192544734], [-70.87529486168835, 43.07887143647268], [-70.87533841002437, 43.0786989824271], [-70.87536326679219, 43.07846376413472], [-70.87549874626686, 43.078179770378824], [-70.87557090963725, 43.07792029569644], [-70.87569288649863, 43.07771870716086], [-70.87573589706928, 43.07755363502929], [-70.87573052690897, 43.07737761468951], [-70.87587030036751, 43.07723443706108], [-70.87586457114193, 43.07704668244058], [-70.87598547036913, 43.0768098889243], [-70.87604305536034, 43.0765976157003], [-70.87611557322418, 43.076349874845825], [-70.87637803090783, 43.07602857676886], [-70.87651744095338, 43.07587366310391], [-70.87664012700574, 43.07569554287428], [-70.87677989449325, 43.07555236314579], [-70.87682106622161, 43.075396837557726], [-70.87685169157265, 43.0752811532019], [-70.87698966556337, 43.07507930092785], [-70.87714328880499, 43.0748654501853], [-70.8772179500453, 43.07468811774465], [-70.87732462391463, 43.074510258940336], [-70.87744838059058, 43.07436734148634], [-70.87753940577164, 43.07420148081216], [-70.87751873972812, 43.074049193039045], [-70.8774518459191, 43.07395636615639], [-70.87735472949431, 43.07392273871818], [-70.87722882355271, 43.0739952477431], [-70.87714347296007, 43.0740847020323], [-70.87705388005601, 43.074297502183185], [-70.87682237237176, 43.0745830730118], [-70.8766716157573, 43.07489080022568], [-70.87636508238829, 43.07534196784676], [-70.8761983135178, 43.07564995737259], [-70.87598423598679, 43.07598220225666], [-70.87589571107804, 43.076230205095726], [-70.87576023663027, 43.07651419945797], [-70.87556144722282, 43.07682271200203], [-70.8754889265459, 43.07707045246283], [-70.87528762756274, 43.07729682188245], [-70.87518344789197, 43.077556821205015], [-70.87501523529599, 43.07781786991547], [-70.87488118598043, 43.078148801984035], [-70.87476385728077, 43.07850294050746], [-70.87469240673275, 43.07878588406797], [-70.87463696200665, 43.07906856478776], [-70.87472308735718, 43.07926674248656]]]}, "properties": {"AREA": 5753781.53297, "PERIMETER": 23401.5218275, "DENSITY": "sb", "HECTARES": 53.454593409, "ACRES": 132.088648599, "YEAR_": 2006}}, {"type": "Feature", "geometry": {"type": "Polygon", "coordinates": [[[-70.8735050815659, 43.078488451482926], [-70.87366320587475, 43.078419474391865], [-70.87372713423754, 43.07855935406303], [-70.87370578047971, 43.078673468867265], [-70.87370642251945, 43.07869452807056], [-70.8737096694223, 43.07880107286284], [-70.87371031147568, 43.07882213116559], [-70.87374314227858, 43.0789850077596], [-70.87378077230285, 43.07916368660398], [-70.87373156865453, 43.07929095600558], [-70.873686561718, 43.079414254152645], [-70.87368720376676, 43.07943531245328], [-70.87369091752771, 43.07955716949514], [-70.87364731088987, 43.0797264044056], [-70.87356857604918, 43.0798860017593], [-70.87344977465649, 43.08010242749387], [-70.87334178745435, 43.080216542941834], [-70.87326165211358, 43.080330202384246], [-70.87314778849252, 43.0804801608866], [-70.87301163612918, 43.08058452369843], [-70.87284175622204, 43.08072518627768], [-70.87259388010759, 43.08082116442999], [-70.87235203450844, 43.08088640292762], [-70.87211668505242, 43.080936214966925], [-70.87192883298218, 43.08094439544428], [-70.87169006328354, 43.08088191577996], [-70.87151750718192, 43.08070600477605], [-70.87151006705845, 43.08046164780345], [-70.87155971173149, 43.08026167471131], [-70.87170158601049, 43.08011636637768], [-70.8718697574121, 43.079919560515776], [-70.87204504580482, 43.079727744800486], [-70.8722820680864, 43.079504278371566], [-70.87249108173464, 43.079276163064776], [-70.87261933713174, 43.07914129002174], [-70.87280360558675, 43.07901571252263], [-70.87300102208026, 43.0788643868096], [-70.87315821567363, 43.078764785908625], [-70.87324655586126, 43.07869184544583], [-70.8733689342631, 43.07859281479591], [-70.8735050815659, 43.078488451482926]]]}, "properties": {"AREA": 297486.816911, "PERIMETER": 2364.92814053, "DENSITY": "h", "HECTARES": 2.7637540201, "ACRES": 6.82935759666, "YEAR_": 2006}}, {"type": "Feature", "geometry": {"type": "Polygon", "coordinates": [[[-70.86150738795286, 43.070897308203875], [-70.86140661877144, 43.07086049455927], [-70.86130503676947, 43.07079677827856], [-70.86125529602727, 43.07071299132553], [-70.86116373316132, 43.07063373123292], [-70.8610936053167, 43.07056950253537], [-70.86099819621033, 43.070536447530976], [-70.86090301925209, 43.07051107876098], [-70.86076555615489, 43.0704748622227], [-70.86063310265065, 43.070430872803946], [-70.86057870230209, 43.07036638820275], [-70.86051975785544, 43.07032504892424], [-70.86047083233727, 43.07026816599715], [-70.86042016277531, 43.0701536325121], [-70.86048295402954, 43.070148765742736], [-70.86062519362875, 43.070169523584696], [-70.86076789981256, 43.0702056556957], [-70.86084676642469, 43.07021206304104], [-70.8609159629922, 43.07024554481657], [-70.86102733156552, 43.07028603146501], [-70.86111726436944, 43.07031148473799], [-70.86123923391591, 43.07035564375092], [-70.86136667838133, 43.07040740432034], [-70.86145661273412, 43.07043285733731], [-70.86158359206989, 43.07046924413266], [-70.8616893687961, 43.07049828484735], [-70.8617683538006, 43.07050853518029], [-70.86185886947813, 43.07055320501878], [-70.8618817010961, 43.07061435783992], [-70.86189427958945, 43.0706833671722], [-70.86184313647318, 43.07072649789177], [-70.8617558791978, 43.070789441871064], [-70.86166803832816, 43.07083316952982], [-70.86158544125415, 43.07087681159111], [-70.86150738795286, 43.070897308203875]]]}, "properties": {"AREA": 42130.2786744, "PERIMETER": 1014.26577046, "DENSITY": "sb", "HECTARES": 0.391404662107, "ACRES": 0.967178114656, "YEAR_": 2006}}, {"type": "Feature", "geometry": {"type": "Polygon", "coordinates": [[[-70.85995038690542, 43.068446982527966], [-70.85977681443453, 43.06843057753858], [-70.85962374576614, 43.068398458739324], [-70.85949688841941, 43.06836591341321], [-70.85939192848758, 43.06836377416537], [-70.85926460645136, 43.06831585503925], [-70.85917747773951, 43.06820960355656], [-70.85910700638162, 43.06813384372222], [-70.85908814285699, 43.068030327903216], [-70.85908931822809, 43.067895725080746], [-70.85914920282498, 43.06779477504187], [-70.8593266210524, 43.067764974896185], [-70.85953618923706, 43.06775772345888], [-70.85977802294234, 43.06777686325984], [-70.85990406570721, 43.06778250479338], [-70.86004047677176, 43.0677841325379], [-70.86017839855315, 43.06783572345583], [-70.86026890914117, 43.06788039543168], [-70.86035976966639, 43.06793659637541], [-70.86050177212766, 43.067949668019715], [-70.86067091487007, 43.06799306087112], [-70.86084052314634, 43.06805182611587], [-70.8609620227225, 43.06808061186176], [-70.86114735766164, 43.06813912101292], [-70.86133222878101, 43.068182256334325], [-70.86146328166949, 43.068180124305314], [-70.86164232851928, 43.06820412750894], [-70.86183220927622, 43.06823949016009], [-70.86201195420387, 43.068286552642704], [-70.8621961273421, 43.06830662671276], [-70.86230166845871, 43.06832797962966], [-70.86241734563788, 43.06833763226928], [-70.8625336040621, 43.068366501932786], [-70.86274480232238, 43.068413051553236], [-70.86287620594456, 43.068422447844114], [-70.86275610205013, 43.06843978473068], [-70.86264124057503, 43.06845703590315], [-70.86254746324819, 43.06847778912307], [-70.86248117864062, 43.06854039226831], [-70.86244075373419, 43.06859103843351], [-70.86237901226515, 43.068630496978585], [-70.86232868581733, 43.068700530509474], [-70.86229979369931, 43.068785597060234], [-70.86230270308954, 43.06888168098389], [-70.86231667991613, 43.06899681090956], [-70.8623242494928, 43.0690735930098], [-70.86239449367393, 43.06914166457757], [-70.86249001689634, 43.06917856201677], [-70.86254907833899, 43.069223743001345], [-70.8625867051567, 43.06925389276921], [-70.86251459474848, 43.0692973643575], [-70.86243083551818, 43.06930257367049], [-70.86228894620761, 43.06929334800573], [-70.86218887820218, 43.06927959581482], [-70.86204093320008, 43.06924355105764], [-70.86188658133905, 43.06916915826679], [-70.86180119229273, 43.06912055928717], [-70.86168877884286, 43.06904548361883], [-70.86152918661796, 43.06897117500277], [-70.86137425397797, 43.0688775652783], [-70.86129911868834, 43.06882110855426], [-70.86119229640778, 43.06875747679601], [-70.86108011765799, 43.06869008686029], [-70.86096921722586, 43.0686649747152], [-70.86083175820978, 43.06862875737779], [-70.86073588698606, 43.068580328628734], [-70.86063011278037, 43.06855128704463], [-70.86046586243057, 43.06849627960841], [-70.86031849963655, 43.06847944977922], [-70.86018744609021, 43.06848158049152], [-70.86007130516268, 43.06845655206483], [-70.85995038690542, 43.068446982527966]]]}, "properties": {"AREA": 222324.743506, "PERIMETER": 2667.03566667, "DENSITY": "d", "HECTARES": 2.06547271577, "ACRES": 5.10387381786, "YEAR_": 2006}}, {"type": "Feature", "geometry": {"type": "Polygon", "coordinates": [[[-70.85218086178939, 43.07078441186256], [-70.85225822384905, 43.07074086176148], [-70.85240955770114, 43.070715339824126], [-70.8525498279673, 43.07067077077483], [-70.85264862233628, 43.07064225435286], [-70.85277817591162, 43.07059016715423], [-70.85282851598863, 43.070520137056725], [-70.85288386511458, 43.07044233545746], [-70.85292954050823, 43.07039160760917], [-70.85288039097757, 43.07032703427257], [-70.85275796435631, 43.07026749284669], [-70.85270322411084, 43.070191473722154], [-70.85271663573211, 43.07011435146423], [-70.8527517108761, 43.07005994943906], [-70.85280228033139, 43.06999760655694], [-70.85285716694636, 43.069904431415274], [-70.85289143137368, 43.06982312585197], [-70.85282678678078, 43.069766494239474], [-70.85272089827104, 43.06973360174858], [-70.8525941568325, 43.06970489239177], [-70.8524678787192, 43.0696915555499], [-70.85235674916773, 43.06965874785337], [-70.85225155641666, 43.06964891571756], [-70.85224492442245, 43.06960287926246], [-70.85236923353251, 43.06955087851264], [-70.85250449079751, 43.0695140809365], [-70.8526611802204, 43.06949231712904], [-70.8528432695135, 43.06944322480929], [-70.85299471606852, 43.069421545680136], [-70.85312530961339, 43.0694040496791], [-70.85325590309803, 43.06938655262825], [-70.85339663314565, 43.06935735605502], [-70.85360073360754, 43.06934251348054], [-70.85379272713399, 43.069274033023866], [-70.85401547834012, 43.069181982102386], [-70.85422878727964, 43.06912469096428], [-70.85443172819313, 43.069071413470965], [-70.85464060506358, 43.069041110258794], [-70.85486590562849, 43.069033612653776], [-70.85505404578599, 43.06901133594443], [-70.85526292216258, 43.06898103159177], [-70.8554247355407, 43.06895533601501], [-70.85557594744208, 43.0689259662207], [-70.85575279149735, 43.0688769545057], [-70.85599404912168, 43.06887688606963], [-70.85616121956332, 43.068854947769395], [-70.85630753739528, 43.06883719223694], [-70.85642182073515, 43.06880073028018], [-70.8565368008592, 43.068787328985415], [-70.85668207479317, 43.068734983167786], [-70.85683957179806, 43.06874011708231], [-70.85696095441013, 43.0687650634546], [-70.85706684358712, 43.06879795203227], [-70.85718298388855, 43.068822983502194], [-70.85730448321218, 43.06885177312627], [-70.8574472995339, 43.06889175205129], [-70.857475948321, 43.068972037530784], [-70.85744087919623, 43.069026441061986], [-70.85743236827197, 43.06909194865755], [-70.85742478618928, 43.06918820334341], [-70.85746368735511, 43.069260631799224], [-70.85750293664549, 43.06934459017342], [-70.85743641316336, 43.06939950401095], [-70.85735859200383, 43.06942768412116], [-70.85726585666049, 43.06948302368625], [-70.85718861608814, 43.06953042083761], [-70.85704788737283, 43.06955962208495], [-70.85691949969248, 43.069650146683905], [-70.85675931061317, 43.06972965222647], [-70.85667181688119, 43.06978490598199], [-70.85659573543069, 43.06987073613321], [-70.8564873884852, 43.069930173701664], [-70.85638813282038, 43.069943319919275], [-70.85625183224182, 43.0699455313883], [-70.85612659731777, 43.069966790179876], [-70.85596408605576, 43.06996942685965], [-70.85576534294658, 43.069988031978376], [-70.85564022408836, 43.07001313294923], [-70.85551568415174, 43.07005745093518], [-70.85534396408087, 43.07010253338725], [-70.85524074065212, 43.07015804178506], [-70.85516978310878, 43.07023994300136], [-70.85504174005203, 43.070341996290665], [-70.85505978599528, 43.07041860830467], [-70.85516474799407, 43.07042075154404], [-70.85530104964548, 43.07041854137897], [-70.85545261286386, 43.07040070171818], [-70.85560440859516, 43.07039054908348], [-70.8557344231849, 43.07035383295773], [-70.85585919620048, 43.070317201967015], [-70.8559793056035, 43.07029987237068], [-70.85611456119946, 43.070263070519246], [-70.85624399474474, 43.07020713664923], [-70.85637855555882, 43.0701472746263], [-70.85645660956082, 43.070126781515484], [-70.85662320265561, 43.07008562541192], [-70.85673748937168, 43.07004916317383], [-70.85694509193843, 43.069976578754826], [-70.85705332335732, 43.06991329804593], [-70.85717285211324, 43.069876750036634], [-70.85735913640916, 43.06979297537436], [-70.85748181549357, 43.069687161178756], [-70.85751479675658, 43.06956357715636], [-70.85764248605116, 43.06944999110812], [-70.85777063939067, 43.06935177845609], [-70.85785254086657, 43.069285079279524], [-70.85798162266603, 43.069217613473306], [-70.8581532231535, 43.069168683415676], [-70.85828532396776, 43.06920114484722], [-70.8584230156723, 43.06924505156431], [-70.85854229387674, 43.06937385285685], [-70.85858702026913, 43.069465411796735], [-70.85864327667808, 43.06959139150114], [-70.8586310350443, 43.06970694883153], [-70.85857126418765, 43.069811741256316], [-70.8585265232561, 43.069893219386614], [-70.85843553052149, 43.07000620955091], [-70.85833941127837, 43.070123129539894], [-70.85824259534074, 43.07021698778483], [-70.85808205708334, 43.07028496523596], [-70.85793188855693, 43.07034892811391], [-70.85784334945684, 43.07036959206504], [-70.85777018893185, 43.07037847082129], [-70.85764029189636, 43.07041903288213], [-70.85751470843515, 43.07042876235792], [-70.85738877569278, 43.07042696175702], [-70.8571266589508, 43.07043121714161], [-70.8569119551573, 43.07044239302314], [-70.85679731990284, 43.07046732549728], [-70.85658308015762, 43.070493874303466], [-70.85635800831912, 43.070509062481136], [-70.85614446381636, 43.070558670324864], [-70.85604539451029, 43.07057650560362], [-70.85595666702069, 43.07059247961755], [-70.85577935537289, 43.070626118057525], [-70.85567042600746, 43.070666337668825], [-70.85556079993741, 43.07068349640207], [-70.85539408823168, 43.070720808222035], [-70.85529063246969, 43.07076862943231], [-70.85515479513872, 43.07078621313353], [-70.85498318780155, 43.07083513862469], [-70.85487437380849, 43.07087920108323], [-70.8547385348936, 43.07089678427832], [-70.8546042045633, 43.07096433157506], [-70.85448478842778, 43.07100472047863], [-70.85435955077189, 43.071025976409764], [-70.8542079844871, 43.07104381459693], [-70.85407237744892, 43.071069083324105], [-70.85392967454527, 43.0710329437929], [-70.85382983684487, 43.07102687150793], [-70.85370262871928, 43.07098278891114], [-70.85355479847918, 43.07095057769694], [-70.85343900298226, 43.07093707246788], [-70.85331249104924, 43.07091605021864], [-70.85313378576092, 43.070903563881316], [-70.85300762118963, 43.070894072131544], [-70.85277707216241, 43.070901651160455], [-70.85257728258414, 43.07088566089108], [-70.8523723665262, 43.070873598104114], [-70.85220368383766, 43.07084556653439], [-70.85218086178939, 43.07078441186256]]]}, "properties": {"AREA": 834285.307978, "PERIMETER": 6318.42867937, "DENSITY": "d", "HECTARES": 7.75079513699, "ACRES": 19.1525552796, "YEAR_": 2006}}, {"type": "Feature", "geometry": {"type": "Polygon", "coordinates": [[[-70.84689037464678, 43.071479903516966], [-70.84699865180507, 43.07152297412231], [-70.84715073856523, 43.071498109957005], [-70.8473861702241, 43.07144948936765], [-70.84750618973861, 43.07137472064104], [-70.84764165376964, 43.07130530486827], [-70.84785450767355, 43.071268252616264], [-70.84815154497034, 43.071235443300516], [-70.84836422972528, 43.07119279078636], [-70.8485399994208, 43.07118864030632], [-70.84882250946451, 43.071181968687114], [-70.84905826985013, 43.07114796111981], [-70.84921092117908, 43.07114487674884], [-70.84939585407565, 43.07119292505332], [-70.84970132200584, 43.071184772431586], [-70.84990692126921, 43.071162252579846], [-70.85009796932647, 43.07115758764292], [-70.85018817036139, 43.0711583338838], [-70.85028320134018, 43.071223395030486], [-70.85042950169115, 43.071260245289054], [-70.85051361744564, 43.07125685123341], [-70.85068205829401, 43.071272967233405], [-70.85083532242476, 43.07128729418483], [-70.85094360206551, 43.07133036107855], [-70.85103643795811, 43.07136807525416], [-70.8511356076165, 43.071399825917084], [-70.85124204575594, 43.071460593677934], [-70.85139819023182, 43.07151425224369], [-70.85146972624739, 43.07154594076278], [-70.85160529292408, 43.071532957537755], [-70.85177976630189, 43.07149205276571], [-70.8521085510823, 43.071461254172185], [-70.85233089444263, 43.07145440033984], [-70.85248362115505, 43.07145522064009], [-70.85267449894688, 43.07145920794193], [-70.85284346751087, 43.07141919495593], [-70.85306281921764, 43.07138332062803], [-70.85319074834993, 43.07135500008221], [-70.85331918798332, 43.07134349713508], [-70.8534859518163, 43.071328561325835], [-70.85364796207669, 43.07130735158193], [-70.85378349011751, 43.071300283160674], [-70.85392365884762, 43.07127587532499], [-70.85405915464774, 43.0712522811859], [-70.85423384820754, 43.07123737539164], [-70.85438811768735, 43.07123243946893], [-70.854562640854, 43.07124149425861], [-70.85467028336382, 43.07124707848911], [-70.85480420576465, 43.07122089514056], [-70.85493988550763, 43.07119235307567], [-70.85517242237256, 43.071141378904635], [-70.85536256294704, 43.071100479847104], [-70.85552911493616, 43.07106800351175], [-70.85572630362745, 43.07104957502855], [-70.85583680658274, 43.0710385929583], [-70.85597038760294, 43.071033486704266], [-70.85603623602034, 43.07099611760276], [-70.85609241997568, 43.07099686755436], [-70.85615257278657, 43.070997670794], [-70.85625278578883, 43.0710365897006], [-70.85631188133426, 43.0711339510852], [-70.85632806355994, 43.07116073836131], [-70.8564101534829, 43.07116895390952], [-70.8565829325804, 43.07115382213444], [-70.85681950832189, 43.071118824066026], [-70.85694054492448, 43.07108954768281], [-70.8570876490735, 43.071047794824395], [-70.85724851790562, 43.07101054002846], [-70.85734402242996, 43.07095114594864], [-70.85738256034523, 43.07097949723711], [-70.85724710785712, 43.07104892464068], [-70.85707380521227, 43.07113017057237], [-70.85693936716343, 43.07123319520917], [-70.85674450113429, 43.0713596093789], [-70.85657221064567, 43.071474452130126], [-70.85642046623552, 43.0715105292544], [-70.85627703653346, 43.07156887924224], [-70.85602140253633, 43.07170748296846], [-70.85591937281691, 43.07187160667834], [-70.85582278307045, 43.07196281076783], [-70.85570209649458, 43.072015189281004], [-70.85561976824077, 43.07207254828351], [-70.85555423723278, 43.07218005545], [-70.85550533412831, 43.07233211150355], [-70.85540941881627, 43.072445714226454], [-70.85526801316816, 43.07257125901519], [-70.85521860132367, 43.07270651612088], [-70.8551240362647, 43.072864914787594], [-70.85492270683629, 43.073030647617145], [-70.85468183409293, 43.07315220134762], [-70.8544467397644, 43.073212036432], [-70.85422658467192, 43.073260423531224], [-70.85396722445888, 43.07327583162657], [-70.85371246423006, 43.073190322352865], [-70.85351150948863, 43.07311514614709], [-70.85332684263739, 43.0730733193039], [-70.85302878722582, 43.073072545289705], [-70.85279930488892, 43.07306505693917], [-70.85248563487309, 43.07305332981469], [-70.85222509486147, 43.07302953705631], [-70.85197286732975, 43.073028017960006], [-70.85173642202996, 43.07304305034355], [-70.85148588097367, 43.07309752679947], [-70.85128998709187, 43.07319033389034], [-70.85112413829302, 43.07326584844431], [-70.85096272609613, 43.07323484592561], [-70.85077873478869, 43.07321541309283], [-70.85061187485644, 43.07325732928634], [-70.85039036877797, 43.07326091185598], [-70.85005614164072, 43.073327943141244], [-70.84988843839926, 43.073341859954375], [-70.84962823449779, 43.07332925988466], [-70.84941369228319, 43.07331031964849], [-70.84926940835963, 43.07334066331627], [-70.84901886398396, 43.073395134339904], [-70.84882313290781, 43.073493537361806], [-70.84862807452056, 43.0736143390585], [-70.84845492079343, 43.0737011719452], [-70.84821117031136, 43.07372751923728], [-70.84801358618881, 43.073764324906854], [-70.8477409646144, 43.073847161278756], [-70.84747974910978, 43.07380095958024], [-70.84726436465304, 43.07375401608237], [-70.8471241841142, 43.07366664268106], [-70.8470590401959, 43.07353323855168], [-70.84695621188878, 43.07341724900498], [-70.8469365619047, 43.07327190598617], [-70.84693252446746, 43.0731375154406], [-70.84692118627882, 43.07301444702641], [-70.84683430718404, 43.072920609355165], [-70.84667424212388, 43.0729343979491], [-70.84653877340197, 43.07300381251848], [-70.8463500049324, 43.07307968967781], [-70.84620026805834, 43.073182948429675], [-70.84610399750454, 43.07328534456698], [-70.8459004560299, 43.07337826581059], [-70.84577211933914, 43.0734307580859], [-70.84561238946654, 43.07345574379709], [-70.84538341061572, 43.07346504028682], [-70.84519312809073, 43.0734905190574], [-70.8448608186787, 43.0733670244731], [-70.84475732166842, 43.073228635746474], [-70.84459834291934, 43.073023912472706], [-70.84462385554474, 43.0728554307927], [-70.84464139378457, 43.07267587294732], [-70.84484409456238, 43.07255495558727], [-70.84506257603583, 43.072450589909614], [-70.84524252939426, 43.0723356413094], [-70.84539260123385, 43.072243582402876], [-70.8454815691424, 43.07215250977612], [-70.84561737386618, 43.072094295962316], [-70.84585775737732, 43.07195596169177], [-70.84606926858007, 43.07187411562034], [-70.846272299531, 43.07176439517993], [-70.84668936352689, 43.07165682126487], [-70.84682348379013, 43.07154260931647], [-70.84689037464678, 43.071479903516966]]]}, "properties": {"AREA": 2003844.15564, "PERIMETER": 8125.28241178, "DENSITY": "h", "HECTARES": 18.61639584, "ACRES": 46.0019319477, "YEAR_": 2006}}, {"type": "Feature", "geometry": {"type": "Polygon", "coordinates": [[[-70.87520897490812, 43.0726702771005], [-70.8756744218056, 43.07235377329878], [-70.87618546323601, 43.072062806877256], [-70.87663618912207, 43.071851688268985], [-70.87727285633204, 43.07156522714725], [-70.87783048620715, 43.0713326351268], [-70.8782019695966, 43.071168813929724], [-70.8787159999111, 43.07097636322202], [-70.87924079272636, 43.07084288004046], [-70.87949780532784, 43.07074665216687], [-70.8798802479039, 43.07064836335235], [-70.88033476634612, 43.070562032112875], [-70.88093142708415, 43.070433931861565], [-70.88141322327495, 43.070360291375984], [-70.88180662958598, 43.07032753381996], [-70.8820638371496, 43.070237869086235], [-70.88234852469019, 43.070167467453416], [-70.88272320607985, 43.07010872755079], [-70.88314248290197, 43.07004268000347], [-70.88367047693002, 43.07001427249435], [-70.88417974670745, 43.06995988276174], [-70.8845914704214, 43.06993995746464], [-70.88520029762093, 43.06991678244945], [-70.88548699324721, 43.06991205803382], [-70.88595941606384, 43.06982540897379], [-70.88626523891347, 43.06985979731757], [-70.8866887418815, 43.06993167491698], [-70.88707661014857, 43.070010711121924], [-70.88730422069402, 43.07012524805656], [-70.88746710076772, 43.07017513523547], [-70.887655245284, 43.07017203060488], [-70.88789855767953, 43.07021401846852], [-70.88810643639627, 43.07026973345752], [-70.88827133479319, 43.070385303642716], [-70.88825971808295, 43.07048167248075], [-70.8882581789319, 43.07049443711], [-70.88825704709221, 43.07050383160288], [-70.88811599045513, 43.070539067519704], [-70.88791901269461, 43.070588272200396], [-70.88776213105395, 43.07062597174852], [-70.88776204484057, 43.07062599276557], [-70.88733172777484, 43.0707293981789], [-70.88732050759792, 43.07073204295409], [-70.88698891648525, 43.07081020644309], [-70.8867621575331, 43.07086365751401], [-70.88663965462402, 43.07090398154869], [-70.88636281419392, 43.0709951069752], [-70.88633424883433, 43.07100846322535], [-70.88605225684745, 43.071140309397265], [-70.88583167961545, 43.0712434402128], [-70.88582374370391, 43.071247150538554], [-70.88555106202686, 43.071341919220494], [-70.88555088195592, 43.07134198280299], [-70.88540687969198, 43.07139202903109], [-70.88507882038758, 43.07153344744747], [-70.88502645485421, 43.07155602139538], [-70.8848053844725, 43.071602843535274], [-70.8847236445836, 43.07162015593112], [-70.88440284792252, 43.07166008918397], [-70.88418887995236, 43.07168672394704], [-70.88410988878874, 43.07168696512859], [-70.88380242478922, 43.07168790374983], [-70.88351592080252, 43.071699192826024], [-70.88318654253301, 43.07172333991116], [-70.88305777714014, 43.07172290831002], [-70.88273814393817, 43.07174859620046], [-70.88260262455765, 43.07177172996012], [-70.88218718155844, 43.07182040165372], [-70.88172632128517, 43.07187869089529], [-70.8815029458614, 43.07190169146241], [-70.88115593141724, 43.07194314512073], [-70.88092662386111, 43.07200747077007], [-70.88055880018854, 43.072084079567865], [-70.88049193408584, 43.072097049715886], [-70.8801532853847, 43.07218432292055], [-70.88005761671907, 43.072217605928635], [-70.87978446693461, 43.072306568681356], [-70.87943115456228, 43.07238969538368], [-70.87934510520422, 43.07240697698571], [-70.8791374867939, 43.072451240537895], [-70.8789430129958, 43.07246975506036], [-70.87865262606208, 43.072540910973515], [-70.87829152502268, 43.07257748087184], [-70.8779375425407, 43.072619039681435], [-70.8776930019862, 43.072655067985025], [-70.87730739461654, 43.0726823183689], [-70.87688606519663, 43.072677506507674], [-70.87688052729864, 43.072677239645536], [-70.87661502624043, 43.072650954925734], [-70.87636521388568, 43.072669856228], [-70.87618414604303, 43.072683556363906], [-70.8757322209869, 43.07271139379472], [-70.87552624850927, 43.07274263412767], [-70.87539247123134, 43.072762924171926], [-70.87515019313439, 43.07281285577379], [-70.87513915930263, 43.07281507126451], [-70.87513912236582, 43.07281507911047], [-70.87492727238683, 43.072839189838064], [-70.87520897490812, 43.0726702771005]]]}, "properties": {"AREA": 1616613.20065, "PERIMETER": 7634.60668653, "DENSITY": "h", "HECTARES": 15.01888816, "ACRES": 37.1123324301, "YEAR_": 2006}}, {"type": "Feature", "geometry": {"type": "Polygon", "coordinates": [[[-70.88968693284295, 43.07312299223534], [-70.88949714987972, 43.0731018153109], [-70.88933334665893, 43.07314754083231], [-70.88922247919945, 43.0731632426172], [-70.88907040466839, 43.07315988962008], [-70.88900824310721, 43.073131009492435], [-70.88894608283248, 43.07310212933965], [-70.88896665895757, 43.07307352161889], [-70.888966896432, 43.07307319107314], [-70.8889872338356, 43.07304491388574], [-70.88918781851197, 43.07300874283609], [-70.88931858278261, 43.07297607767609], [-70.88939909633798, 43.072955964971754], [-70.8895869203923, 43.072933118054145], [-70.88963353174259, 43.072927448494134], [-70.88985530185394, 43.07285486816267], [-70.89000954480488, 43.07278329457494], [-70.89016139130503, 43.07271283331925], [-70.8903196656098, 43.07260557815232], [-70.89038424830729, 43.07256181294248], [-70.89044775284482, 43.07249936922822], [-70.890643805682, 43.07230659344831], [-70.89065615640445, 43.07229444760619], [-70.89084341876934, 43.0720036697612], [-70.89084865744172, 43.07199553630952], [-70.8909848574543, 43.071715629835914], [-70.89098566419352, 43.07171397090515], [-70.89095712838288, 43.07155496011624], [-70.89095711924216, 43.071554906044554], [-70.89091805222192, 43.071337211611684], [-70.89091726447194, 43.07132899319429], [-70.89088504892084, 43.07099273805035], [-70.89071100125874, 43.07079846154624], [-70.89067651942528, 43.070781601732854], [-70.89048348277656, 43.07068721580845], [-70.8903190671939, 43.070557611360925], [-70.8902078885114, 43.0704699716015], [-70.8903751177462, 43.070442564734016], [-70.89054260054019, 43.070423367019], [-70.89087781585717, 43.07039318292403], [-70.89130111043944, 43.07031225303527], [-70.89162310522472, 43.07021656689881], [-70.89179632378038, 43.07011975461138], [-70.89198661179786, 43.070013402477045], [-70.89247330484828, 43.0698081988507], [-70.89273753275162, 43.06965596211457], [-70.89307939234783, 43.069477796523245], [-70.89335658452698, 43.06938284679519], [-70.89358872752202, 43.06928042857274], [-70.8938776236095, 43.069201713657456], [-70.8939448173071, 43.06920060112505], [-70.89394504765582, 43.06920806682607], [-70.8939481039756, 43.069307337555166], [-70.8939622730894, 43.06932030465196], [-70.8940979888177, 43.069444506302524], [-70.89423100548875, 43.06950835799825], [-70.89427995484264, 43.069531855874885], [-70.89432032544933, 43.069533757648735], [-70.89453803597851, 43.06954401151718], [-70.89456215321844, 43.069551571776294], [-70.89478694284264, 43.06962203617749], [-70.89489648255326, 43.06967062941813], [-70.89491190260323, 43.06967746932779], [-70.89507884236417, 43.069669374707146], [-70.89516922524928, 43.06966499269361], [-70.89522788365642, 43.06969227959247], [-70.89533974050815, 43.06974431494684], [-70.89539715563103, 43.0697770591634], [-70.89564768142046, 43.06991993604512], [-70.89579731839144, 43.0700488923083], [-70.89592303947927, 43.07012895611701], [-70.89590053565905, 43.0701514382222], [-70.89584474791766, 43.07020717045773], [-70.89581433989453, 43.07023754863465], [-70.8955636566156, 43.070399151805546], [-70.89553967885735, 43.07041460894314], [-70.89541744450214, 43.07053460764067], [-70.89534391643826, 43.07060679114501], [-70.89523496187807, 43.07070717370516], [-70.89512859932114, 43.070784226132446], [-70.89503767919028, 43.070850091857196], [-70.89502067818368, 43.07086941801684], [-70.89481033900364, 43.07110851375334], [-70.89473539287, 43.07127214915054], [-70.8946738571232, 43.071406504480194], [-70.89466959030732, 43.071424217887056], [-70.89462418642943, 43.07161269533057], [-70.89460459175086, 43.07166343037926], [-70.89458267712618, 43.07172017365478], [-70.89426227581879, 43.07181698514669], [-70.89394987875562, 43.071911376143476], [-70.89384421200899, 43.071943017990414], [-70.89384405547528, 43.071943065542015], [-70.89357238784456, 43.07202441626988], [-70.8934825945251, 43.072058189483506], [-70.89320685186236, 43.072161902432], [-70.89315691024052, 43.07218895498573], [-70.89285674407442, 43.072351548105274], [-70.89272191177909, 43.0724245827611], [-70.8926353959333, 43.07248517348791], [-70.89246963162881, 43.072601265787576], [-70.89236681171595, 43.07266625041158], [-70.89228277752315, 43.07271936291407], [-70.89214524048015, 43.07281731846053], [-70.89214521447056, 43.07281733628772], [-70.89212926886226, 43.0728286937205], [-70.89202682301492, 43.07294395639716], [-70.89198847485399, 43.072987101692284], [-70.89199692260861, 43.07301312584428], [-70.89202561110467, 43.07310149358582], [-70.89198685002769, 43.07311385505674], [-70.89194682652455, 43.073126619341636], [-70.89162500750325, 43.07311773844128], [-70.89132860748951, 43.07313684205899], [-70.89111055589126, 43.07319376062832], [-70.89078364417526, 43.073262879655836], [-70.89051192820648, 43.07330329961497], [-70.89014161167337, 43.07330761141856], [-70.88996031076636, 43.07326635440519], [-70.88985207635842, 43.07326334770987], [-70.8898789537607, 43.07321994613753], [-70.88977549708606, 43.0731715451469], [-70.88968693284295, 43.07312299223534]]]}, "properties": {"AREA": 1218680.70587, "PERIMETER": 5592.20973037, "DENSITY": "h", "HECTARES": 11.3219595243, "ACRES": 27.9770593635, "YEAR_": 2006}}, {"type": "Feature", "geometry": {"type": "Polygon", "coordinates": [[[-70.8885382270113, 43.07390938054868], [-70.88817724998677, 43.07373867529232], [-70.88773547063538, 43.07355247712796], [-70.88735362401805, 43.073449413871415], [-70.88692461034162, 43.07330506520321], [-70.88661158223509, 43.07320086428858], [-70.88688665630913, 43.073218917665095], [-70.8870948770984, 43.073232582156166], [-70.88730054735775, 43.07324607947067], [-70.88741919846416, 43.0732538655588], [-70.8877384212737, 43.073274813583375], [-70.88777276212588, 43.07327337753243], [-70.88807077547955, 43.073260916594144], [-70.88808659827075, 43.07325797090284], [-70.8883132974478, 43.0732157706502], [-70.88832143652664, 43.07321425522877], [-70.8883254181186, 43.07321428591124], [-70.88841435002982, 43.0732149816851], [-70.88851112591429, 43.07330658133641], [-70.8886039708526, 43.07339445991405], [-70.88871903302027, 43.07345313608946], [-70.8888875921458, 43.07347331129701], [-70.88898836102787, 43.07352616142321], [-70.88911613256131, 43.0735931717502], [-70.88922986083773, 43.073596193962665], [-70.8894910752288, 43.07358874976039], [-70.8897300982239, 43.0735599158847], [-70.88988361266796, 43.073626376403155], [-70.89008053172836, 43.07370207528992], [-70.89017203212623, 43.073708001764736], [-70.89030769026606, 43.07371678871941], [-70.89056726422139, 43.073748002770536], [-70.89077167578357, 43.07377153741383], [-70.89101227683696, 43.07375914760973], [-70.8913214340441, 43.073737211130535], [-70.8914343375817, 43.073647692558204], [-70.8915368715891, 43.07354656356205], [-70.89168740764092, 43.07345801436911], [-70.89182432340425, 43.07335847539557], [-70.89194275764345, 43.07324883104338], [-70.89202561110467, 43.07310149358582], [-70.89199692260861, 43.07301312584428], [-70.89202682301492, 43.07294395639716], [-70.89214521447056, 43.07281733628772], [-70.89214524048015, 43.07281731846053], [-70.89236681171595, 43.07266625041158], [-70.89246963162881, 43.072601265787576], [-70.8926353959333, 43.07248517348791], [-70.89285674407442, 43.072351548105274], [-70.89315691024052, 43.07218895498573], [-70.8934825945251, 43.072058189483506], [-70.89384405547528, 43.071943065542015], [-70.89384421200899, 43.071943017990414], [-70.89394987875562, 43.071911376143476], [-70.89426227581879, 43.07181698514669], [-70.89458267712618, 43.07172017365478], [-70.89458477767948, 43.071729977087855], [-70.89460126288444, 43.07180693783334], [-70.89459413497936, 43.071823882097824], [-70.89453711171944, 43.071959426294], [-70.89453669697508, 43.07196263257256], [-70.89451857812014, 43.07210274742911], [-70.8945015772573, 43.07213747347647], [-70.89441806592376, 43.07230805589771], [-70.89441062207871, 43.07232326160499], [-70.89431418499518, 43.072449911634], [-70.89431416750149, 43.07244993582031], [-70.89430033475206, 43.07246810133825], [-70.89423845658729, 43.07257851339076], [-70.89422419464367, 43.072603962811364], [-70.89421630766039, 43.07269931771576], [-70.89421583412815, 43.072705052150205], [-70.89433108228434, 43.0727931448343], [-70.89434510493733, 43.07280386228431], [-70.89420747358277, 43.07280614148645], [-70.89393402407227, 43.07286955700942], [-70.89366005602035, 43.072916155154665], [-70.89329666398703, 43.0730399456977], [-70.89281857599134, 43.073165632991625], [-70.89237748268788, 43.073374831756226], [-70.8918949070838, 43.07372772879981], [-70.89167431498366, 43.07401740400113], [-70.89146389575197, 43.074264847288596], [-70.8913228103913, 43.07452797000151], [-70.89104279353172, 43.07475132517125], [-70.89068982085071, 43.07484128512656], [-70.89023025820245, 43.07482364195782], [-70.88983692966349, 43.0747207773406], [-70.88953458375391, 43.07459117068335], [-70.8892317223448, 43.07444474650879], [-70.88900734153755, 43.07423813810808], [-70.88881840320957, 43.07406459367241], [-70.8885382270113, 43.07390938054868]]]}, "properties": {"AREA": 546377.934434, "PERIMETER": 5520.02264735, "DENSITY": "sb", "HECTARES": 5.07603741392, "ACRES": 12.5431114425, "YEAR_": 2006}}, {"type": "Feature", "geometry": {"type": "Polygon", "coordinates": [[[-70.88464112424596, 43.07332163293809], [-70.88462526912865, 43.07332102319402], [-70.88460842303972, 43.07332167500279], [-70.88430895744773, 43.07332206383067], [-70.88410927768342, 43.07330398967842], [-70.88377461737025, 43.073294180633965], [-70.88365240856619, 43.0732907124027], [-70.88320860125368, 43.07327409941666], [-70.88271349497245, 43.07320653160459], [-70.88258696249993, 43.07318095705454], [-70.88234622100958, 43.073092815248295], [-70.8824228273519, 43.07315321092379], [-70.88228953182485, 43.073081439315324], [-70.88233332968386, 43.07308809375917], [-70.88217898007962, 43.07302191444173], [-70.88202322053, 43.072916233361724], [-70.88188712290433, 43.0727132948334], [-70.88192623492796, 43.072554721447545], [-70.88207501683867, 43.072370199438915], [-70.88228009050651, 43.072214600923736], [-70.88245716724758, 43.07210713265402], [-70.88279513298342, 43.07196265617489], [-70.8833007243697, 43.071876415475224], [-70.883382568186, 43.07186565528553], [-70.88349667010803, 43.07181206107918], [-70.88353834296228, 43.0717983739673], [-70.88369734637732, 43.071717801134746], [-70.88410988878874, 43.07168696512859], [-70.88418887995236, 43.07168672394704], [-70.88440284792252, 43.07166008918397], [-70.88457943840142, 43.07166962271698], [-70.8848053844725, 43.071602843535274], [-70.88502645485421, 43.07155602139538], [-70.88507882038758, 43.07153344744747], [-70.88533021240313, 43.071455350456716], [-70.88555088195592, 43.07134198280299], [-70.88555106202686, 43.071341919220494], [-70.88582374370391, 43.071247150538554], [-70.88583167961545, 43.0712434402128], [-70.88605225684745, 43.071140309397265], [-70.88633424883433, 43.07100846322535], [-70.88663965462402, 43.07090398154869], [-70.88698891648525, 43.07081020644309], [-70.88732050759792, 43.07073204295409], [-70.88733172777484, 43.0707293981789], [-70.88776204484057, 43.07062599276557], [-70.88776213105395, 43.07062597174852], [-70.88791901269461, 43.070588272200396], [-70.88811599045513, 43.070539067519704], [-70.88825704709221, 43.07050383160288], [-70.8882581789319, 43.07049443711], [-70.88832938033148, 43.07047208881146], [-70.88852254334871, 43.07041001217067], [-70.8888767864699, 43.07036210051103], [-70.88933579852865, 43.0703629330295], [-70.8898182654065, 43.07038020236595], [-70.8902078885114, 43.0704699716015], [-70.8903190671939, 43.070557611360925], [-70.89048348277656, 43.07068721580845], [-70.89067651942528, 43.070781601732854], [-70.89088504892084, 43.07099273805035], [-70.89091726447194, 43.07132899319429], [-70.89091805222192, 43.071337211611684], [-70.89095711924216, 43.071554906044554], [-70.89095712838288, 43.07155496011624], [-70.8909848574543, 43.071715629835914], [-70.89084341876934, 43.0720036697612], [-70.890643805682, 43.07230659344831], [-70.89044775284482, 43.07249936922822], [-70.8903196656098, 43.07260557815232], [-70.89016139130503, 43.07271283331925], [-70.89000954480488, 43.07278329457494], [-70.88985530185394, 43.07285486816267], [-70.8895869203923, 43.072933118054145], [-70.88939909633798, 43.072955964971754], [-70.88931858278261, 43.07297607767609], [-70.88918781851197, 43.07300874283609], [-70.8889872338356, 43.07304491388574], [-70.888966896432, 43.07307319107314], [-70.88871589773748, 43.0731300305866], [-70.88845635840788, 43.073198250720594], [-70.8883254181186, 43.07321428591124], [-70.88832143652664, 43.07321425522877], [-70.8883132974478, 43.0732157706502], [-70.88808659827075, 43.07325797090284], [-70.88777276212588, 43.07327337753243], [-70.88730054735775, 43.07324607947067], [-70.8870948770984, 43.073232582156166], [-70.88688665630913, 43.073218917665095], [-70.88665668476072, 43.073174883413216], [-70.88645922662452, 43.073150855032665], [-70.88623051243452, 43.073123022403344], [-70.88597895948374, 43.07315240800432], [-70.8857618147098, 43.07318122491942], [-70.88553474754923, 43.073260681590035], [-70.885349569609, 43.073319862336156], [-70.8853496614715, 43.073319300362435], [-70.88529928571684, 43.073321610074245], [-70.88510076665767, 43.07332850885648], [-70.88464112424596, 43.07332163293809]]]}, "properties": {"AREA": 1730509.25392, "PERIMETER": 5888.36131779, "DENSITY": "d", "HECTARES": 16.0770213518, "ACRES": 39.7270260313, "YEAR_": 2006}}, {"type": "Feature", "geometry": {"type": "Polygon", "coordinates": [[[-70.88943336461897, 43.075393289404126], [-70.88908775529742, 43.075138152784255], [-70.88885069186985, 43.07502465161831], [-70.88859968803521, 43.07489181062598], [-70.8884828404312, 43.074781216198296], [-70.88856835121719, 43.07474066660138], [-70.88878951788833, 43.07477126075621], [-70.88903234923318, 43.074855313764665], [-70.8893283917463, 43.07493359403405], [-70.88973752864423, 43.0750002210136], [-70.89013362629196, 43.075076846154865], [-70.8906450733911, 43.075215164340065], [-70.89113365389929, 43.07526090480866], [-70.89138712285647, 43.07525671368695], [-70.89137241823381, 43.075278562694855], [-70.89131054008995, 43.07537050359338], [-70.89130040619528, 43.0753774129791], [-70.89120087292075, 43.07544527770004], [-70.89111736151287, 43.075502217644264], [-70.89107522427058, 43.07553094785435], [-70.89100976125003, 43.075575857868145], [-70.89086404813575, 43.075611575060066], [-70.89083765224902, 43.075618044694544], [-70.89082741949629, 43.075626942724035], [-70.8907479696757, 43.07569602970408], [-70.89074015418484, 43.0757028251366], [-70.89073117360896, 43.07573218151045], [-70.89067943911132, 43.07590129144686], [-70.89068468492714, 43.076069532937275], [-70.89068548199313, 43.076095114621346], [-70.89068815247663, 43.076102044167676], [-70.89075700566801, 43.07628075285829], [-70.89075701993629, 43.07628078986163], [-70.8908482817764, 43.07641640579305], [-70.89087686152308, 43.07645887561925], [-70.89067359208153, 43.07635949683476], [-70.89051854244799, 43.07617405088974], [-70.8902364329753, 43.075949801795275], [-70.88980967899681, 43.07561056920938], [-70.88943336461897, 43.075393289404126]]]}, "properties": {"AREA": 136880.207927, "PERIMETER": 2234.5023475, "DENSITY": "sb", "HECTARES": 1.27166382988, "ACRES": 3.14233718841, "YEAR_": 2006}}, {"type": "Feature", "geometry": {"type": "Polygon", "coordinates": [[[-70.84592286272122, 43.071646975768346], [-70.8456999517099, 43.07167500376771], [-70.84545612243866, 43.07164054505636], [-70.84523948301384, 43.07156027556813], [-70.84506990349934, 43.07146179483671], [-70.84498142682156, 43.07136898665521], [-70.8449069113043, 43.07126548302918], [-70.84490790145041, 43.07113981953133], [-70.84503407361703, 43.071061000945775], [-70.84524918913722, 43.07093188418126], [-70.84551706251186, 43.07081587748432], [-70.84587523941018, 43.07069492251123], [-70.84615916571354, 43.070637988212965], [-70.84634113417773, 43.07067344314513], [-70.84648069638264, 43.0707235437314], [-70.84650920178304, 43.070880142064254], [-70.84648431866052, 43.071002700711496], [-70.84647559551016, 43.071187821164585], [-70.84646561580139, 43.071331080508614], [-70.84633541870785, 43.07143439670928], [-70.8462426616186, 43.07151616848635], [-70.84609714226345, 43.07158482997204], [-70.84592286272122, 43.071646975768346]]]}, "properties": {"AREA": 115178.285553, "PERIMETER": 1267.40293567, "DENSITY": "p", "HECTARES": 1.07004556717, "ACRES": 2.64412960407, "YEAR_": 2006}}, {"type": "Feature", "geometry": {"type": "Polygon", "coordinates": [[[-70.8394549672702, 43.06298585619528], [-70.83932772422233, 43.062975400001676], [-70.83918928502281, 43.062964023756116], [-70.83899817104724, 43.06294831916242], [-70.83888851075523, 43.06292016103316], [-70.83868839752574, 43.06287340183313], [-70.83844396907607, 43.062837542983274], [-70.83821532847102, 43.062778629528715], [-70.83798538744769, 43.06274018939609], [-70.83783434558947, 43.062692747957215], [-70.83763542168532, 43.06263610184419], [-70.83744979592518, 43.062569268291504], [-70.83735269164367, 43.06250599972052], [-70.83728749089533, 43.06237240306163], [-70.83727741791063, 43.06226285589592], [-70.83732673798706, 43.062092512828144], [-70.83734326030283, 43.061962590589935], [-70.83735432354202, 43.06187763691189], [-70.83733184615741, 43.06180818310242], [-70.83725379639276, 43.06169972754603], [-70.83725836100493, 43.061624851800545], [-70.83728996736329, 43.06154455593047], [-70.83742944276355, 43.06143260620211], [-70.83759953408939, 43.06143486120703], [-70.83777746424732, 43.0614718974119], [-70.83789922751824, 43.061449994403674], [-70.83800813885571, 43.06145323065994], [-70.83816448602794, 43.06145071885535], [-70.83836692589303, 43.061397598470215], [-70.83855815499265, 43.06142444626317], [-70.83868289764106, 43.06150222998747], [-70.83872120661366, 43.06164623162691], [-70.83879246123158, 43.061754795455506], [-70.83893923700633, 43.06188707930731], [-70.83914719280254, 43.06201838044337], [-70.83927918222625, 43.062111007386605], [-70.83941617998421, 43.06214371235599], [-70.83954682856243, 43.06219147959829], [-70.83971116665215, 43.062228731409306], [-70.83990284621112, 43.062270530108904], [-70.84002034601735, 43.06233346856878], [-70.84009676257247, 43.062387094139446], [-70.84013963656533, 43.06245621943723], [-70.84016226646177, 43.06253065709209], [-70.84026190989883, 43.06267865860949], [-70.84020991342392, 43.062759283316524], [-70.84012168999837, 43.062765688994965], [-70.83996548984211, 43.06277318783136], [-70.83976259952853, 43.06281135877636], [-70.83960138894841, 43.06287877892925], [-70.8394549672702, 43.06298585619528]]]}, "properties": {"AREA": 285757.411557, "PERIMETER": 2265.95477355, "DENSITY": "h", "HECTARES": 2.65478384274, "ACRES": 6.56008750131, "YEAR_": 2006}}, {"type": "Feature", "geometry": {"type": "Polygon", "coordinates": [[[-70.83927824557473, 43.06480887624225], [-70.83927690422325, 43.06476401686606], [-70.83921557305521, 43.06476001596682], [-70.83904948595739, 43.06474479217388], [-70.83890787303916, 43.064705121241715], [-70.83872387859006, 43.06469311784522], [-70.83857948039565, 43.06464058374154], [-70.83871275977809, 43.06454868019595], [-70.83885417656728, 43.064501525710526], [-70.8391172116654, 43.0644274824161], [-70.83939458854455, 43.06437814182906], [-70.83963737888575, 43.06430940956334], [-70.83984677400716, 43.06426116173055], [-70.8401169043042, 43.06419697556485], [-70.8404630032773, 43.06417146094386], [-70.8407959548005, 43.06416111714285], [-70.84103388416945, 43.064157288132776], [-70.84137408111494, 43.06416178639037], [-70.8415725645727, 43.06420347292716], [-70.8416840192121, 43.064291440995795], [-70.84175393892484, 43.06435514363311], [-70.84164606682567, 43.06438680061727], [-70.84149770519348, 43.06442908360927], [-70.8412875647266, 43.06445241349713], [-70.84105097687691, 43.06450110149356], [-70.84081483736523, 43.064564743029344], [-70.84059333738719, 43.06466305598441], [-70.84044616622481, 43.06474521258466], [-70.84027860183527, 43.06482769701109], [-70.84009833557211, 43.06494030608611], [-70.83984919367305, 43.06502410174945], [-70.83959990080872, 43.06510291247993], [-70.83941635339832, 43.06510586331924], [-70.83930564578611, 43.06504281494356], [-70.839281674695, 43.06492351777771], [-70.83927824557473, 43.06480887624225]]]}, "properties": {"AREA": 139362.002466, "PERIMETER": 1939.12981293, "DENSITY": "h", "HECTARES": 1.29472054784, "ACRES": 3.19931135139, "YEAR_": 2006}}, {"type": "Feature", "geometry": {"type": "Polygon", "coordinates": [[[-70.84496076007748, 43.06688011069302], [-70.84466949225393, 43.06681410733646], [-70.8443656676562, 43.0667887057269], [-70.8440612379388, 43.06674311283022], [-70.84374001269438, 43.06659678904661], [-70.84328079773374, 43.066442588023534], [-70.8429464114367, 43.0663166747988], [-70.84262761075179, 43.06625110896681], [-70.84233725633176, 43.066215384997044], [-70.84208911474434, 43.06620928094729], [-70.84192298179613, 43.06618165586212], [-70.84180829662114, 43.066032000969095], [-70.8418016455913, 43.065809906467834], [-70.84184946367458, 43.06556673480922], [-70.84199275630455, 43.06529172564635], [-70.84220851743737, 43.065136751149836], [-70.84250416783142, 43.064889588128], [-70.84292554696594, 43.064700999235484], [-70.84324040617719, 43.06463532644207], [-70.84349777117303, 43.064489778295524], [-70.84388116843137, 43.06441289912671], [-70.84419663059911, 43.06436741417018], [-70.84446927319709, 43.06427211807214], [-70.84463237439627, 43.06419878788925], [-70.84482089174512, 43.06405434625359], [-70.84502347939656, 43.06391977839178], [-70.84519792376172, 43.0637654638179], [-70.84544151161104, 43.063620133726154], [-70.84568631011291, 43.063515184081425], [-70.84590296532457, 43.063390487732875], [-70.8461749949288, 43.06327499700689], [-70.8463800015679, 43.06322118863848], [-70.8466260093278, 43.063156617028675], [-70.84692951448982, 43.06317191772364], [-70.84725994854396, 43.06316658338115], [-70.84768888282412, 43.06323035641632], [-70.84806183450743, 43.06326473315265], [-70.84839439217504, 43.06333006087969], [-70.84878232758443, 43.06340459243899], [-70.8491436373775, 43.06350985395324], [-70.84935198198767, 43.0635670865465], [-70.84969952605634, 43.06367256844367], [-70.84997701449123, 43.06373878203961], [-70.85028264882108, 43.06382474008826], [-70.85061703452644, 43.06395063282398], [-70.8509514216233, 43.06407652369094], [-70.85112089482728, 43.064215182811466], [-70.85134301153043, 43.06427218856844], [-70.85144333996746, 43.06440186601155], [-70.85151400509534, 43.06446132283876], [-70.85154701251732, 43.0646425896082], [-70.85129948503004, 43.06465669605232], [-70.85099536486342, 43.064621216420186], [-70.85060772338929, 43.06455678708515], [-70.85016288361231, 43.06442258182262], [-70.84973242086909, 43.06430834134963], [-70.84933040783177, 43.06422394030586], [-70.84883201649134, 43.06414109500185], [-70.84840428945569, 43.064117706268966], [-70.84786762885484, 43.06413647609331], [-70.84744202434432, 43.06418374999333], [-70.846975417088, 43.06424178440771], [-70.84660458002212, 43.0642780712248], [-70.84631756667585, 43.06435340371319], [-70.84603358150271, 43.06452968789146], [-70.84576336384757, 43.06470574966349], [-70.8455081255514, 43.06492196829761], [-70.84525583750928, 43.06519119197458], [-70.84514842891586, 43.065401362236564], [-70.84510176043752, 43.06571719112908], [-70.84504729580709, 43.06591909711309], [-70.84504880196963, 43.06614138583636], [-70.84511144835194, 43.06639287728845], [-70.8450471845413, 43.06660066746764], [-70.84500360347892, 43.06674158365731], [-70.84496076007748, 43.06688011069302]]]}, "properties": {"AREA": 1149378.41676, "PERIMETER": 6677.88324239, "DENSITY": "p", "HECTARES": 10.6781176151, "ACRES": 26.3860977217, "YEAR_": 2006}}, {"type": "Feature", "geometry": {"type": "Polygon", "coordinates": [[[-70.84611397806192, 43.06583130030127], [-70.84621382363707, 43.06548628644636], [-70.84633046791348, 43.06524200223393], [-70.8465725429061, 43.06504619403625], [-70.84676136088606, 43.064911844895846], [-70.84704655848823, 43.064775939883454], [-70.84733236005539, 43.06466022461898], [-70.84768882335094, 43.06460396689713], [-70.8479926386673, 43.06462936051555], [-70.84833957953796, 43.06471465607378], [-70.8486601980497, 43.06484077651664], [-70.84894628273408, 43.064986372748756], [-70.84895744929163, 43.06499205515185], [-70.84896795977572, 43.0649974043066], [-70.84906054807551, 43.06502181124744], [-70.84932897627652, 43.06509256960213], [-70.84953823655381, 43.065180087143546], [-70.84981725036684, 43.0652967769032], [-70.84993948392486, 43.065375916666376], [-70.84999988629275, 43.065415024117854], [-70.85003188118908, 43.06542819677997], [-70.85030674258628, 43.065541362180774], [-70.85054445390332, 43.06565871868115], [-70.85072678791776, 43.065766869059324], [-70.85079370701558, 43.065872602148566], [-70.8508280294572, 43.06592683227423], [-70.85079829694499, 43.06592040827796], [-70.85064434590558, 43.065887143269386], [-70.85059400259149, 43.0658762649676], [-70.85041031935903, 43.06583657468915], [-70.85030616471678, 43.065814069386654], [-70.85019289101886, 43.06578959328286], [-70.8499714500704, 43.065741743874995], [-70.84986328403943, 43.06571837058949], [-70.84969164059184, 43.0656812810471], [-70.84955374130182, 43.06565148317201], [-70.84946564027409, 43.065632445737954], [-70.84927338544036, 43.06559090109917], [-70.84919440365671, 43.065573834237334], [-70.84890944002576, 43.06555450879482], [-70.84860030593806, 43.06553005896323], [-70.8485844519388, 43.06552880511935], [-70.84857034482782, 43.06553190164338], [-70.84821549323975, 43.06560979822013], [-70.8479522377145, 43.06570849918252], [-70.84778436108549, 43.06580900100467], [-70.8477544932521, 43.06582688142641], [-70.84763639928076, 43.06591481474607], [-70.84761840540081, 43.06592821359381], [-70.84760170357103, 43.06595918744939], [-70.84753194795994, 43.06608854912905], [-70.84751401745193, 43.0661218005874], [-70.84747305462388, 43.06616907551822], [-70.84740750676806, 43.06624472126466], [-70.84740637829903, 43.06624731645426], [-70.84732963877002, 43.06642376858747], [-70.84727921839061, 43.06655989553146], [-70.8471868523271, 43.066816460798535], [-70.8470921380365, 43.06698585098461], [-70.84708572370081, 43.06699732261645], [-70.84707374248997, 43.0670961717996], [-70.84706364417205, 43.0671794805685], [-70.84705763404291, 43.06718678284307], [-70.84699051522897, 43.06726834645019], [-70.84697145265697, 43.06729151239521], [-70.84690987546068, 43.06731330079333], [-70.84684729903944, 43.067335442064305], [-70.84680514924392, 43.06735035552416], [-70.84667070863767, 43.06739792536677], [-70.84661320719812, 43.06731805242695], [-70.8465395126066, 43.06715764114284], [-70.84640862004572, 43.06692745245039], [-70.84630647866375, 43.06673719926494], [-70.84627227346219, 43.06651555021281], [-70.84616558822461, 43.0661738696658], [-70.84611397806192, 43.06583130030127]]]}, "properties": {"AREA": 458165.74997, "PERIMETER": 3793.57298105, "DENSITY": "d", "HECTARES": 4.25651612565, "ACRES": 10.5180383372, "YEAR_": 2006}}, {"type": "Feature", "geometry": {"type": "Polygon", "coordinates": [[[-70.84857034482782, 43.06553190164338], [-70.84860030593806, 43.06553005896323], [-70.84890944002576, 43.06555450879482], [-70.84919440365671, 43.065573834237334], [-70.84927338544036, 43.06559090109917], [-70.84946564027409, 43.065632445737954], [-70.84955374130182, 43.06565148317201], [-70.84969164059184, 43.0656812810471], [-70.84986328403943, 43.06571837058949], [-70.8499714500704, 43.065741743874995], [-70.85019289101886, 43.06578959328286], [-70.85030616471678, 43.065814069386654], [-70.85041031935903, 43.06583657468915], [-70.85059400259149, 43.0658762649676], [-70.85064434590558, 43.065887143269386], [-70.85079829694499, 43.06592040827796], [-70.8509092628608, 43.06606442056279], [-70.85106787077342, 43.06611485299106], [-70.85124929481869, 43.066192718192674], [-70.85152770867285, 43.06628921335938], [-70.85178010601553, 43.066436629287935], [-70.85197621406058, 43.06654455529223], [-70.85215885662963, 43.06666279909091], [-70.85232712342528, 43.06676107551991], [-70.8523876724251, 43.066941896153416], [-70.85229585114904, 43.06709488418853], [-70.85202055093114, 43.06718083808964], [-70.85181819389268, 43.067244018167074], [-70.8515458537116, 43.06734942649591], [-70.85127290483842, 43.06743464460583], [-70.85105624721602, 43.0675593510153], [-70.85081113830746, 43.06765421724107], [-70.85057767149902, 43.06767819450556], [-70.85034359707764, 43.06768197992923], [-70.8501257219492, 43.067766304525165], [-70.84990572003342, 43.06777996252335], [-70.84968753974279, 43.06785419058994], [-70.84948373472902, 43.06794838656642], [-70.84926494624352, 43.068002423352596], [-70.84904555034177, 43.068036270151886], [-70.84878545391669, 43.06809097404146], [-70.84857891643476, 43.06809431174745], [-70.84824784918356, 43.068079460110745], [-70.84792994409862, 43.0680441960037], [-70.8477203725704, 43.06794657981456], [-70.84749824611598, 43.067889566980625], [-70.84727521102211, 43.067802268467155], [-70.84711980797724, 43.06767347665958], [-70.8469518509324, 43.0675852874271], [-70.8467832868513, 43.06747690836916], [-70.84674015997346, 43.06741700415453], [-70.84680514924392, 43.06735035552416], [-70.84684729903944, 43.067335442064305], [-70.84690987546068, 43.06731330079333], [-70.84697145265697, 43.06729151239521], [-70.84699051522897, 43.06726834645019], [-70.84705763404291, 43.06718678284307], [-70.84706364417205, 43.0671794805685], [-70.84707374248997, 43.0670961717996], [-70.8470921380365, 43.06698585098461], [-70.8471868523271, 43.066816460798535], [-70.84727921839061, 43.06655989553146], [-70.84732963877002, 43.06642376858747], [-70.84740637829903, 43.06624731645426], [-70.84747305462388, 43.06616907551822], [-70.84751401745193, 43.0661218005874], [-70.84753194795994, 43.06608854912905], [-70.84760170357103, 43.06595918744939], [-70.84763639928076, 43.06591481474607], [-70.8477544932521, 43.06582688142641], [-70.8477802929093, 43.06581449798807], [-70.84778436108549, 43.06580900100467], [-70.8479522377145, 43.06570849918252], [-70.84821549323975, 43.06560979822013], [-70.84857034482782, 43.06553190164338]]]}, "properties": {"AREA": 923590.372216, "PERIMETER": 3820.73223388, "DENSITY": "sb", "HECTARES": 8.5804696512, "ACRES": 21.2027174521, "YEAR_": 2006}}, {"type": "Feature", "geometry": {"type": "Polygon", "coordinates": [[[-70.85898161802109, 43.06701673809744], [-70.85866462894208, 43.06701178812674], [-70.85826594144123, 43.06703846525835], [-70.85792110991025, 43.067023865733525], [-70.85767326977904, 43.067027890225425], [-70.8574532731909, 43.06704156278013], [-70.85715096650182, 43.0670666707343], [-70.85683489236432, 43.06709200181759], [-70.85657328225275, 43.06709624783501], [-70.85633921145742, 43.06710004555335], [-70.85603538137653, 43.067074675787886], [-70.85574562522186, 43.06705917620884], [-70.85553909140444, 43.067062525609394], [-70.85531726580064, 43.06701562359165], [-70.8551068198998, 43.06694298880232], [-70.85494705610004, 43.06691321519466], [-70.85476781557118, 43.06688641684001], [-70.85453713732697, 43.06684653657606], [-70.85430012655225, 43.06681512732561], [-70.85403943731141, 43.06676972294981], [-70.85388688883212, 43.066734362285096], [-70.85372091140977, 43.06669594448428], [-70.85350754619182, 43.066663175795085], [-70.853296408874, 43.066588394876895], [-70.85303106095292, 43.066497870473114], [-70.8527676219407, 43.066425516199764], [-70.85254877362506, 43.06636818360871], [-70.85235821750904, 43.066308535076075], [-70.8521845672563, 43.06623899045085], [-70.85186645787363, 43.0661650072493], [-70.8516130346761, 43.06611343346148], [-70.85129135327008, 43.06607016105492], [-70.85106238361733, 43.06595857634428], [-70.85093164929931, 43.06593525655397], [-70.85086743330365, 43.06590608900455], [-70.85079370701558, 43.065872602148566], [-70.85072678791776, 43.065766869059324], [-70.85054445390332, 43.06565871868115], [-70.85030674258628, 43.065541362180774], [-70.85003188118908, 43.06542819677997], [-70.84993948392486, 43.065375916666376], [-70.84981725036684, 43.0652967769032], [-70.84953823655381, 43.065180087143546], [-70.84932897627652, 43.06509256960213], [-70.84906054807551, 43.06502181124744], [-70.84895744929163, 43.06499205515185], [-70.84894628273408, 43.064986372748756], [-70.84911136599247, 43.0649546855547], [-70.84952593835088, 43.06499848431075], [-70.8498022192603, 43.06502431742204], [-70.85002251437732, 43.06502075521778], [-70.85038322957935, 43.06510582241901], [-70.85064543774448, 43.06512178094825], [-70.85090825490508, 43.06515792935655], [-70.85125550739937, 43.065253311813336], [-70.8515593263194, 43.06527869508864], [-70.85186436138903, 43.06534445759304], [-70.85212718025787, 43.06538060321401], [-70.85250197211275, 43.0654755360934], [-70.85277764705471, 43.065481171572166], [-70.85317815287787, 43.06551508488994], [-70.85353765727865, 43.06555976126358], [-70.85396691755231, 43.06563360569689], [-70.85438027944446, 43.06563700599474], [-70.85472510341972, 43.065651617031946], [-70.8551115382999, 43.06567565068374], [-70.85551234951926, 43.06571965151744], [-70.85589908918662, 43.065753778189446], [-70.85616130296101, 43.06576972412042], [-70.85616491037086, 43.06576941661067], [-70.85660098328809, 43.06573228960762], [-70.85660781700713, 43.06573217865385], [-70.85704157818348, 43.065725138632985], [-70.85767676369817, 43.065775425690106], [-70.85813265259617, 43.06581852217305], [-70.85863106818643, 43.06590132623901], [-70.8591016417774, 43.06597448085173], [-70.85962637662982, 43.0660164531232], [-70.85998649833554, 43.066081298830184], [-70.86030592565601, 43.06616700506895], [-70.86070979831317, 43.066311938161554], [-70.86112591432905, 43.066406169761144], [-70.86162555996226, 43.066529341717256], [-70.86208390266098, 43.066653182471185], [-70.86240608666523, 43.06682973939228], [-70.86285127513736, 43.06697399211301], [-70.86323986094976, 43.06706866445409], [-70.86360244000252, 43.06721425877475], [-70.86400602086526, 43.06734908465593], [-70.86421622622429, 43.067466860730036], [-70.86431689372797, 43.06760662094228], [-70.86448916081356, 43.06783611426142], [-70.86472751940208, 43.06797363015718], [-70.86491019100193, 43.06809185290536], [-70.8651614023276, 43.06819885873598], [-70.86530246132806, 43.06830765904472], [-70.86510969348276, 43.06831080255982], [-70.86490223797685, 43.068283883652654], [-70.86472232123725, 43.0682565164478], [-70.86447172376253, 43.06816970099084], [-70.86424866307286, 43.06808243536259], [-70.86408251709855, 43.06805484235484], [-70.86384691254305, 43.06800818068898], [-70.86356877889402, 43.06792181188242], [-70.86334572040542, 43.067834544507825], [-70.86301220633551, 43.06773897567868], [-70.86266339417637, 43.06759315486732], [-70.86230417837852, 43.06755860270921], [-70.86205266844941, 43.067441495884765], [-70.86158055272169, 43.06731787857624], [-70.86117911542796, 43.06725370935509], [-70.86056992324036, 43.06715251813838], [-70.86002988358761, 43.06706029968055], [-70.85960213259737, 43.0670369535259], [-70.85929860717617, 43.06702168629037], [-70.85898161802109, 43.06701673809744]]]}, "properties": {"AREA": 1406211.55774, "PERIMETER": 9324.38851837, "DENSITY": "sb", "HECTARES": 13.0641851164, "ACRES": 32.2821753383, "YEAR_": 2006}}, {"type": "Feature", "geometry": {"type": "Polygon", "coordinates": [[[-70.85630974722902, 43.06321227162182], [-70.85618249430158, 43.0631911266647], [-70.8559326412004, 43.0631496101232], [-70.85555138832072, 43.062949455050045], [-70.85512481375557, 43.06280161971526], [-70.85472064429679, 43.062619028950806], [-70.8541763609998, 43.06245590182697], [-70.85372583548289, 43.06229125440834], [-70.8535081504074, 43.062071247274986], [-70.85387851392696, 43.06191049168215], [-70.85448585520781, 43.061831869088365], [-70.85516973155582, 43.06195833993122], [-70.85554890266215, 43.06208975051687], [-70.85614265834363, 43.06233804207616], [-70.85654786680847, 43.06255500069734], [-70.85721298745595, 43.06283651819961], [-70.85761976056429, 43.06310503279689], [-70.85816665444938, 43.06335407440575], [-70.85856980020624, 43.06350228025277], [-70.85895002734544, 43.06366805161525], [-70.85956933012481, 43.06398468938675], [-70.85987768374133, 43.06410004120483], [-70.86023395784983, 43.06424900261022], [-70.86054387530751, 43.064415912357774], [-70.860831392926, 43.06461757452947], [-70.86107151355615, 43.06480281281387], [-70.86140643504851, 43.06502089673872], [-70.86159759752422, 43.06513815118238], [-70.86129958014243, 43.06513936767565], [-70.86075641507703, 43.0649523264295], [-70.86034729184516, 43.06476392094169], [-70.8599785977505, 43.06459378604071], [-70.85931300804702, 43.06432652102849], [-70.85896353354879, 43.06411489943065], [-70.85830318060343, 43.06391642351141], [-70.85765163463047, 43.06364015998119], [-70.85710674057191, 43.06346656639773], [-70.85663249965982, 43.06332327024689], [-70.85630974722902, 43.06321227162182]]]}, "properties": {"AREA": 438783.478807, "PERIMETER": 5016.85714677, "DENSITY": "sb", "HECTARES": 4.07644821407, "ACRES": 10.0730826172, "YEAR_": 2006}}, {"type": "Feature", "geometry": {"type": "Polygon", "coordinates": [[[-70.85517340623943, 43.06058103300749], [-70.85427756313761, 43.06042360785863], [-70.85385256473927, 43.06032732586442], [-70.85347185287563, 43.060144349945936], [-70.85297240079584, 43.05991171177016], [-70.85270629725076, 43.05964090279902], [-70.85241624101084, 43.05935328685357], [-70.85212308291605, 43.05896254968852], [-70.85188094302725, 43.058708545248116], [-70.85175702863636, 43.05848701758358], [-70.85163311391209, 43.05826548887478], [-70.85165086199002, 43.05807605798142], [-70.85212633966285, 43.058291894514944], [-70.85234580897279, 43.05845678209477], [-70.85255442775198, 43.058491302422574], [-70.85272016862258, 43.058623555985704], [-70.85295959945861, 43.05870827449345], [-70.85317934131766, 43.058997029368605], [-70.85353985000837, 43.059283412109934], [-70.85399293245504, 43.059643327472294], [-70.85428701314103, 43.05995919169956], [-70.85459844654606, 43.060177677135435], [-70.85505051318692, 43.06039388173209], [-70.85517340623943, 43.06058103300749]]]}, "properties": {"AREA": 232535.163246, "PERIMETER": 2758.99372374, "DENSITY": "sb", "HECTARES": 2.16033099856, "ACRES": 5.33827280179, "YEAR_": 2006}}, {"type": "Feature", "geometry": {"type": "Polygon", "coordinates": [[[-70.85471288113784, 43.05742720124373], [-70.85493747694566, 43.057423560138936], [-70.85530838207114, 43.05752989291616], [-70.85557674935146, 43.05762290809059], [-70.85598212361704, 43.057856006361675], [-70.85627226625158, 43.05799360532819], [-70.85657532954762, 43.0582208720854], [-70.85702907499906, 43.05863528148549], [-70.85727240350887, 43.05898100830482], [-70.85743571227569, 43.05931539830422], [-70.85770659257047, 43.05952259304029], [-70.85800092426034, 43.05974772387468], [-70.85829570593911, 43.0600579027394], [-70.85864674521605, 43.06030204333745], [-70.85867296323754, 43.060320277628776], [-70.8588458770683, 43.06044053326045], [-70.85892439652176, 43.060495140511186], [-70.85906360297355, 43.06059195437871], [-70.85923348312095, 43.060710098732486], [-70.85928591988721, 43.06074656614334], [-70.85941348536059, 43.06083528329874], [-70.8594902698359, 43.0608886834032], [-70.85951644335309, 43.0609068856803], [-70.85936400534156, 43.06088230712504], [-70.85921156745475, 43.06085772836757], [-70.85913665811817, 43.06084564979065], [-70.8589665273371, 43.06081410281325], [-70.8586538745506, 43.06075612693684], [-70.85858819421918, 43.060742401955395], [-70.85808851342748, 43.06063798391993], [-70.85767765058337, 43.060562268612756], [-70.85713998244303, 43.06034630332097], [-70.85671326458278, 43.0600835967268], [-70.85619240717416, 43.05974751746218], [-70.85561667174026, 43.05928499882799], [-70.8553120255556, 43.05900532704608], [-70.85491369399388, 43.05866725524628], [-70.85464785935157, 43.058319543579316], [-70.85451632410124, 43.05802208372718], [-70.8545286170719, 43.057752250663086], [-70.85455269859298, 43.05753465581762], [-70.85471288113784, 43.05742720124373]]]}, "properties": {"AREA": 545371.68057, "PERIMETER": 3884.84097432, "DENSITY": "sb", "HECTARES": 5.06668897222, "ACRES": 12.5200110324, "YEAR_": 2006}}, {"type": "Feature", "geometry": {"type": "Polygon", "coordinates": [[[-70.85892452283203, 43.06092399528942], [-70.85871716691581, 43.06082250626123], [-70.85858819421918, 43.060742401955395], [-70.8586538745506, 43.06075612693684], [-70.8589665273371, 43.06081410281325], [-70.85913665811817, 43.06084564979065], [-70.85921156745475, 43.06085772836757], [-70.85936400534156, 43.06088230712504], [-70.85951644335309, 43.0609068856803], [-70.8594902698359, 43.0608886834032], [-70.85941348536059, 43.06083528329874], [-70.85928591988721, 43.06074656614334], [-70.85923348312095, 43.060710098732486], [-70.85906360297355, 43.06059195437871], [-70.85892439652176, 43.060495140511186], [-70.8588458770683, 43.06044053326045], [-70.85867296323754, 43.060320277628776], [-70.8587013323475, 43.060298477044164], [-70.85884471571357, 43.06031112751467], [-70.8592131558826, 43.06033509948675], [-70.8594216428378, 43.06047401718313], [-70.85964964307007, 43.06058265829947], [-70.86008319022262, 43.060732896091444], [-70.86040375800343, 43.06086250029611], [-70.86067305174133, 43.06098544763758], [-70.86095255646327, 43.0611082276944], [-70.86128333675126, 43.061237662790845], [-70.86157260027758, 43.06134530355761], [-70.86191359188622, 43.06147457102642], [-70.8622130676257, 43.06158204344464], [-70.86220506431451, 43.061736333626065], [-70.8621372971851, 43.061784416503464], [-70.86204747574175, 43.06184814753385], [-70.86180082208952, 43.06179846761059], [-70.861480927282, 43.06169132663278], [-70.86102785671729, 43.06157137141154], [-70.86071862649484, 43.06147903364748], [-70.86035676558197, 43.06133512205263], [-70.85987284422295, 43.06120817385062], [-70.85935761883941, 43.0610592629272], [-70.85892452283203, 43.06092399528942]]]}, "properties": {"AREA": 148527.742351, "PERIMETER": 2767.06200382, "DENSITY": "h", "HECTARES": 1.37987339837, "ACRES": 3.40972778585, "YEAR_": 2006}}, {"type": "Feature", "geometry": {"type": "Polygon", "coordinates": [[[-70.8702504321851, 43.06758649623482], [-70.87004277473177, 43.067140503022586], [-70.86990093446495, 43.066843229815404], [-70.86970462966394, 43.06643449888799], [-70.86927778784415, 43.06583480055765], [-70.8689662221161, 43.065330585101385], [-70.86858250940944, 43.0648050772616], [-70.8683823792236, 43.06460612086195], [-70.86803226084967, 43.064177430221484], [-70.86778017507365, 43.06394936164723], [-70.86734181379211, 43.06364194652055], [-70.86688531040753, 43.06340972312939], [-70.86653136135975, 43.0631908047006], [-70.86617992728458, 43.06309053432119], [-70.86577129678244, 43.06305340686836], [-70.8653821916886, 43.063022302642], [-70.86497085047425, 43.06293164227199], [-70.86438488318191, 43.062727896650635], [-70.86399162403248, 43.06264051909941], [-70.86359690954261, 43.06249354730373], [-70.86304371620828, 43.06237134731522], [-70.86278575436388, 43.06228567000449], [-70.8624874079027, 43.062215629501246], [-70.86226053012349, 43.06214442532097], [-70.86206496041186, 43.06209517975842], [-70.86194925579387, 43.06198471552745], [-70.86198737431346, 43.06189421744626], [-70.86204747574175, 43.06184814753385], [-70.8621372971851, 43.061784416503464], [-70.86233994967922, 43.06173119306854], [-70.86261447350066, 43.06168927443934], [-70.86281730447956, 43.061641032913336], [-70.86306301312358, 43.06165950166142], [-70.86320730722908, 43.06170208978197], [-70.86346209194944, 43.06168296037806], [-70.86367649182752, 43.06167946821639], [-70.86390405007276, 43.061773128033366], [-70.86409939261479, 43.061814884007326], [-70.86424391549494, 43.06186495818029], [-70.86429496311932, 43.06186412610122], [-70.86453023663663, 43.0618752713198], [-70.8647546194173, 43.06186412461558], [-70.86492568537392, 43.06177894810562], [-70.86511762396418, 43.061708411064814], [-70.86526826903888, 43.061623567187894], [-70.8654418312252, 43.06162073719336], [-70.8655337160707, 43.06161923900611], [-70.86561357545118, 43.06155801806543], [-70.86576422070787, 43.0614731735335], [-70.8659137297645, 43.06135089837181], [-70.86601264451102, 43.061244426963746], [-70.86609068573732, 43.06112331771515], [-70.86615897263597, 43.06101734663233], [-70.86622725808144, 43.060911374596245], [-70.86634704466249, 43.06081954330696], [-70.86648725053641, 43.06072737848609], [-70.86663880079848, 43.060672476742724], [-70.86677334007032, 43.06073020043318], [-70.86689789655902, 43.06079557579736], [-70.8670415097301, 43.06081570156065], [-70.86715812989972, 43.06095610469435], [-70.8671935300804, 43.06111281297015], [-70.867127972748, 43.06130861751512], [-70.8671123257674, 43.06146615915337], [-70.86711687061117, 43.06161588082364], [-70.8671023600247, 43.06181085286926], [-70.86712687005573, 43.06194526902967], [-70.86723419224069, 43.062115783260495], [-70.86730067715001, 43.06228696360409], [-70.86739619990985, 43.06240524071071], [-70.867614466433, 43.06252900440846], [-70.8677095351532, 43.06263231017055], [-70.86798997052459, 43.06278501713862], [-70.86815923729772, 43.06297698789891], [-70.86833803322534, 43.06314633357733], [-70.86850730206956, 43.06333830382736], [-70.86865410589661, 43.06346323326877], [-70.86879070003944, 43.063588328077785], [-70.86892911470447, 43.063773312438315], [-70.86915964678943, 43.06396428110528], [-70.86928899089308, 43.06418686101264], [-70.86948866724725, 43.06437084387616], [-70.86975279239319, 43.064658629194014], [-70.86995747910144, 43.06500730475844], [-70.87004598842609, 43.065230551842056], [-70.87018236209464, 43.065348159472684], [-70.87022593450806, 43.0654373240793], [-70.87027311521324, 43.06530922625226], [-70.87042398938792, 43.06523186208745], [-70.87051501503304, 43.065192336463056], [-70.87058530098206, 43.06516181664096], [-70.87066731449556, 43.0651775557913], [-70.87087300488182, 43.06521702994807], [-70.87105158623982, 43.065378884991844], [-70.87119342881712, 43.06567615686581], [-70.87129396417282, 43.06588098372145], [-70.87143172076696, 43.06612164716864], [-70.87145603179899, 43.06618673852397], [-70.87147620615902, 43.06624075613556], [-70.87155155010352, 43.06636685052111], [-70.87161470322427, 43.066477819344314], [-70.87164868260871, 43.066537526444115], [-70.87167463854718, 43.06658727780787], [-70.87175716584396, 43.06674546593363], [-70.87186473774008, 43.06692346138624], [-70.87194827755141, 43.06701883857365], [-70.87198115296357, 43.067056372307], [-70.87198629281613, 43.06710470710767], [-70.87199483090097, 43.06718498886091], [-70.87199546592134, 43.06719095504537], [-70.87193867994716, 43.067325815467164], [-70.8719287775642, 43.067349331846714], [-70.87193318397563, 43.06736729188034], [-70.87195324622343, 43.06744905521938], [-70.87215385159595, 43.067450179948416], [-70.87238903417897, 43.067387790339225], [-70.87238933462297, 43.067387627694885], [-70.87259063147678, 43.06727858109926], [-70.87288240133064, 43.06713149888925], [-70.87312357432029, 43.06700022389042], [-70.87331437853658, 43.06689224195515], [-70.87338379875034, 43.06682369786555], [-70.87358914596047, 43.06685778358642], [-70.8738668773816, 43.06692064273885], [-70.87407153972184, 43.066932270100196], [-70.87425509861771, 43.066921772600594], [-70.87436421771488, 43.066815127987006], [-70.87450533641338, 43.066752897357794], [-70.87470161439808, 43.06682457929429], [-70.87493896273706, 43.06690307753028], [-70.8751756258226, 43.0669591168844], [-70.87537754972779, 43.06688090837053], [-70.87554998358267, 43.06684063280807], [-70.87577529556144, 43.06685940764143], [-70.8759872000649, 43.06677354543504], [-70.87621182691812, 43.06676986192459], [-70.87638700026808, 43.066819416824494], [-70.87664111614278, 43.06677779983854], [-70.8768230744736, 43.066714896816066], [-70.87697599990128, 43.06670489823719], [-70.8771014940116, 43.066800206521634], [-70.87728870718463, 43.066909480671114], [-70.87760591260903, 43.06692674516791], [-70.87784052146414, 43.06691540389607], [-70.87805470855919, 43.0669043984962], [-70.87841252690271, 43.06691350340799], [-70.87883137844861, 43.06691411489979], [-70.87938479369865, 43.066972432951786], [-70.87968973042226, 43.06692248395485], [-70.88007611994368, 43.06686370626498], [-70.8805957001056, 43.06681771720288], [-70.8808790697916, 43.06673067061466], [-70.88112594738526, 43.066786530164514], [-70.88150533136023, 43.066832719708884], [-70.88180957746403, 43.06676030666744], [-70.88199876176002, 43.066599908761326], [-70.88216569186915, 43.06637995895102], [-70.8823337653843, 43.06619743828294], [-70.88225565054212, 43.06598151915507], [-70.8824028440313, 43.06578436262545], [-70.8824880905235, 43.06556575631548], [-70.88269929275266, 43.0654574231744], [-70.88298288199047, 43.065377857703055], [-70.88327530464812, 43.06525320793797], [-70.88358045864064, 43.065210734885724], [-70.88382320596747, 43.065131839305785], [-70.88403417549512, 43.065016018143474], [-70.88443890357917, 43.06488951573477], [-70.88481598386579, 43.06486083452387], [-70.88523367302604, 43.06482399305425], [-70.88563977433805, 43.064742402191], [-70.88593241778734, 43.06462523107388], [-70.88633782942102, 43.06452117935962], [-70.88664045049217, 43.0643963519639], [-70.8869122124153, 43.064264543369625], [-70.88697816868255, 43.06408370085565], [-70.88720679086792, 43.063877705037115], [-70.88749735988739, 43.06369315566346], [-70.88763799845826, 43.06361593760249], [-70.88787912528184, 43.06348463196189], [-70.88835783178747, 43.06343928268986], [-70.88881542755729, 43.06337180953741], [-70.8890695199111, 43.063330165641375], [-70.88930411202959, 43.06331880162742], [-70.88925936453161, 43.06319221376198], [-70.889109990985, 43.06298496612697], [-70.889112382404, 43.06273027400093], [-70.88911385582728, 43.06244563709668], [-70.88937125378156, 43.062179243309544], [-70.8896135214974, 43.06208536421096], [-70.88998850988143, 43.061989292493166], [-70.89021334721515, 43.061993067759985], [-70.89042797581395, 43.061997010980754], [-70.89076534678384, 43.0620064147285], [-70.89091917857483, 43.06202634126961], [-70.8911372595486, 43.06214257403445], [-70.89093349639487, 43.0621408634902], [-70.8907706395498, 43.06217859244893], [-70.8905676007829, 43.06221939727696], [-70.8902942457588, 43.06229881250496], [-70.89002020123334, 43.062355768725865], [-70.88984870993274, 43.062426010177305], [-70.88970922588817, 43.062540661302336], [-70.88973562589513, 43.06273495984223], [-70.8899643764373, 43.06286599753726], [-70.8899669069142, 43.06294834363777], [-70.88988775970499, 43.06303203828838], [-70.88999100698217, 43.06306778152961], [-70.89009563327852, 43.06314844137549], [-70.89014176264425, 43.06331994473177], [-70.89028354772795, 43.06328015277187], [-70.89051537734736, 43.0631789546536], [-70.89076900719908, 43.06312233412975], [-70.89101380721405, 43.063110798177306], [-70.89128063826705, 43.063151326091145], [-70.89153726071454, 43.06319202187814], [-70.89184331837183, 43.06317947140593], [-70.892209251714, 43.063120990348196], [-70.89239279531562, 43.06311046452581], [-70.89259422275532, 43.06301725516853], [-70.8929081850703, 43.06292967270087], [-70.89315298398313, 43.06291813216268], [-70.89339593900867, 43.062846703382455], [-70.89367113664842, 43.062827168456536], [-70.89400735989531, 43.06279913330887], [-70.89435402310609, 43.062778413945885], [-70.89462898877112, 43.062751391192236], [-70.89483225566521, 43.06271806555648], [-70.89506938185852, 43.062789035743755], [-70.89522990624656, 43.06302604988293], [-70.89539112387031, 43.06328552123178], [-70.89552730945677, 43.06339561171381], [-70.89569573955337, 43.06355759674176], [-70.89577136048773, 43.0636911602066], [-70.8960110288992, 43.063844473581845], [-70.89624141331205, 43.064027900116834], [-70.89669479687903, 43.06415520020117], [-70.89715746712544, 43.06425238566896], [-70.89752732826132, 43.06432114938014], [-70.8978454478575, 43.06436830063441], [-70.89808978931832, 43.06434177765637], [-70.89832392143354, 43.064315423251855], [-70.89859866048693, 43.0642809054933], [-70.89871281616571, 43.06433892920376], [-70.89874575767941, 43.06441327959468], [-70.89862624378442, 43.06451263057373], [-70.89840440201085, 43.06460618966607], [-70.89810249633256, 43.064753505765125], [-70.89780895278945, 43.06484076346019], [-70.89739473656785, 43.06498993981703], [-70.89708377212375, 43.06517485243469], [-70.89678116923272, 43.06529970667425], [-70.89652892180655, 43.06540125623083], [-70.8963372409555, 43.0654793316337], [-70.8961893384139, 43.06546391800761], [-70.89600590574922, 43.06533502802665], [-70.89584952554587, 43.06523276226018], [-70.89566390100742, 43.06517591950632], [-70.89534018342164, 43.065278651093], [-70.89501554145323, 43.06535143701027], [-70.89478278765588, 43.065422700357345], [-70.89451848220087, 43.065464526551786], [-70.8943152048096, 43.06549785243439], [-70.89387709731459, 43.0655350653537], [-70.89342900997399, 43.065579931658], [-70.89314474298513, 43.06563706388753], [-70.89290108549437, 43.06568603457809], [-70.89232118651357, 43.06576303667563], [-70.89160763476391, 43.065812286932925], [-70.89077317320391, 43.065915958693104], [-70.8899361759445, 43.06593727916988], [-70.88914070934378, 43.06598037699747], [-70.88848004154917, 43.06608865315751], [-70.88777761134065, 43.066167654215576], [-70.88735384067925, 43.066339422222924], [-70.8869804288155, 43.06648788810825], [-70.88681030030097, 43.06660304063623], [-70.88649676907774, 43.066705578930716], [-70.8861871408738, 43.066935378255074], [-70.88594760434985, 43.06711908234122], [-70.88569785549893, 43.067302954766895], [-70.88540588718546, 43.06744258257727], [-70.88516473950942, 43.06757388365298], [-70.88484305544347, 43.067743959405945], [-70.88437796399403, 43.067901417582796], [-70.88402564423255, 43.068071995418016], [-70.883661048229, 43.06817536666231], [-70.88334727503283, 43.06827040978038], [-70.88308363498993, 43.06833466862198], [-70.88276940141614, 43.06841473820082], [-70.88242453497986, 43.06849531171314], [-70.88194692942254, 43.06857806787049], [-70.88155169486974, 43.06868193610073], [-70.88101213681816, 43.068743237297966], [-70.88062527935607, 43.06878704700828], [-70.87991351126848, 43.06889611260201], [-70.8791005494123, 43.069036795881196], [-70.87839944346798, 43.06916065657744], [-70.87793180941334, 43.06923574215206], [-70.87734233102432, 43.06933529439064], [-70.87657020032466, 43.06947528983017], [-70.87604380974896, 43.06963371935324], [-70.87558911989157, 43.069798459883806], [-70.87513397076782, 43.06994822753183], [-70.87477750443098, 43.069984028985715], [-70.87413741496617, 43.070099374147524], [-70.87375487687972, 43.07028539538244], [-70.87328043850366, 43.07047292058957], [-70.87286657853846, 43.0706369827666], [-70.87240280122967, 43.07083930851707], [-70.87215322448246, 43.07103063814223], [-70.87190296271534, 43.07119950882563], [-70.87172144213525, 43.071277376685075], [-70.87158277104338, 43.07114373215249], [-70.87152397094667, 43.07083121953949], [-70.8715130340548, 43.07047188900231], [-70.87133758469018, 43.07007779952877], [-70.87124496215924, 43.069719805005455], [-70.87108971053915, 43.06931789536502], [-70.87085300246528, 43.06892480682697], [-70.87074835268422, 43.0685070897575], [-70.87050030138093, 43.068076737648546], [-70.8702504321851, 43.06758649623482]]]}, "properties": {"AREA": 8228269.41278, "PERIMETER": 27027.3922429, "DENSITY": "sb", "HECTARES": 76.4434300121, "ACRES": 188.895073755, "YEAR_": 2006}}, {"type": "Feature", "geometry": {"type": "Polygon", "coordinates": [[[-70.89731537873391, 43.06220487750303], [-70.89750522829611, 43.062201761808225], [-70.89773161404275, 43.0621980469511], [-70.89811363258669, 43.06219177633285], [-70.89845240142596, 43.0621245097875], [-70.89898729302084, 43.062086698084], [-70.89934161719945, 43.06206164920141], [-70.89980729713454, 43.06202872733045], [-70.90018642361657, 43.061929013243585], [-70.90049544756437, 43.06185122283573], [-70.90081861855683, 43.06177319590979], [-70.90112240154956, 43.061675163659494], [-70.9014652632294, 43.06162745091125], [-70.90180355951138, 43.061580371841565], [-70.90208813144139, 43.06162753912728], [-70.90240260654012, 43.061726106722105], [-70.9026309064373, 43.06178458815316], [-70.90295760534117, 43.06182067266697], [-70.9031852649659, 43.06185840444997], [-70.90338655414838, 43.061958851619785], [-70.90364379659324, 43.062037608519496], [-70.90369137945642, 43.06220289154383], [-70.90379587747944, 43.06237760601969], [-70.90382963371442, 43.06255349884642], [-70.90385020544201, 43.06276074918093], [-70.90384119467276, 43.06292697360099], [-70.9037038815036, 43.063064194562756], [-70.90345273650367, 43.063182549438594], [-70.90324371440332, 43.063289823817044], [-70.90294787310434, 43.06333626329825], [-70.90266457581106, 43.06333059609334], [-70.90251278923752, 43.063457675861486], [-70.90226131870156, 43.06356565425535], [-70.90196772170846, 43.063684712457366], [-70.90170209980452, 43.06379292451027], [-70.9014361566733, 43.063890762115065], [-70.90114223508694, 43.06399944343815], [-70.90096844385572, 43.06403673388501], [-70.90094993790177, 43.063950015259955], [-70.90085714244593, 43.06380530427916], [-70.90075164957662, 43.06368741321572], [-70.90062272858805, 43.06353310214823], [-70.90053597728385, 43.063391927592235], [-70.90038404790255, 43.063285465216225], [-70.90018633118947, 43.06327267391372], [-70.89987624187481, 43.0632819700993], [-70.8996061822935, 43.06330876379602], [-70.8995112112789, 43.06326294617056], [-70.89931103863584, 43.063183881273446], [-70.89907762736698, 43.06314939420538], [-70.89887769505839, 43.06314538757723], [-70.89869521097756, 43.06314743247199], [-70.8985738274341, 43.063094156290916], [-70.89852536094553, 43.0630239999048], [-70.89847689457785, 43.06295384259803], [-70.89836593347306, 43.062802927031015], [-70.89820473626932, 43.06262101985363], [-70.8980211036154, 43.06249933210832], [-70.89781075613034, 43.062437322745765], [-70.89763642095151, 43.06232424839918], [-70.89731537873391, 43.06220487750303]]]}, "properties": {"AREA": 842921.495685, "PERIMETER": 4288.06228678, "DENSITY": "p", "HECTARES": 7.83102826713, "ACRES": 19.3508148688, "YEAR_": 2006}}, {"type": "Feature", "geometry": {"type": "Polygon", "coordinates": [[[-70.86979281664466, 43.06099126257888], [-70.86959392588795, 43.060970285373294], [-70.86946952741746, 43.060954146668884], [-70.86945099033038, 43.0608878213307], [-70.86929503728109, 43.060920654725074], [-70.86911468364197, 43.060966002049746], [-70.86895028969762, 43.060992916082405], [-70.86884771780569, 43.06087950689002], [-70.86866276534563, 43.06077349950709], [-70.86837158347083, 43.06070557036151], [-70.86818865425488, 43.06066615779703], [-70.8680648079504, 43.06066818041077], [-70.86789252633695, 43.06070733590972], [-70.86769363597797, 43.06068635450416], [-70.86744465722471, 43.060648019761686], [-70.86729512190668, 43.06062017474382], [-70.8672015448909, 43.06053084595944], [-70.86709274149283, 43.0604841648626], [-70.86695183101706, 43.06046829241844], [-70.86678376352424, 43.06037412191782], [-70.86676486273367, 43.06029568730328], [-70.86659900016485, 43.060274165214466], [-70.86642341097951, 43.060204345020836], [-70.86632139572728, 43.060109095540604], [-70.8663256109336, 43.05997577033183], [-70.86640431662984, 43.05984728774925], [-70.86649238076315, 43.05975499410165], [-70.86663934142581, 43.059698082594856], [-70.8668195103187, 43.05964668517045], [-70.86703325421918, 43.05961291143171], [-70.8672396620176, 43.05960954307223], [-70.86734754492527, 43.059625953213114], [-70.86752074298681, 43.05961706931712], [-70.86768513384078, 43.05959015730728], [-70.86785044386808, 43.0595935158701], [-70.8680008951325, 43.0596516300498], [-70.86817556386167, 43.05969117791465], [-70.86835004989813, 43.05972467063976], [-70.86843933038458, 43.05980305224708], [-70.86853688789198, 43.059888698219886], [-70.86869572977176, 43.05995525232528], [-70.86881902324983, 43.059935066177616], [-70.86900047816141, 43.05992604497456], [-70.86922247926772, 43.05989213296881], [-70.8694208148388, 43.05989494885724], [-70.86960521439191, 43.05998279218334], [-70.86973218738402, 43.060083688245875], [-70.86979218977483, 43.0601553927232], [-70.86991017120833, 43.06023220691523], [-70.87002815294846, 43.060309020086834], [-70.87019567350094, 43.06038502392742], [-70.87029714342246, 43.060462108066965], [-70.87037439551843, 43.060557758698145], [-70.87045293719268, 43.06069578803224], [-70.87045643526541, 43.06081081542529], [-70.87028618011617, 43.06091657010018], [-70.87008504242326, 43.06094702153805], [-70.86991703219137, 43.06100134696102], [-70.86979281664466, 43.06099126257888]]]}, "properties": {"AREA": 343304.635895, "PERIMETER": 2712.21222404, "DENSITY": "h", "HECTARES": 3.18941718973, "ACRES": 7.88118998841, "YEAR_": 2006}}, {"type": "Feature", "geometry": {"type": "Polygon", "coordinates": [[[-70.86784608763783, 43.06209173984068], [-70.86766920564301, 43.06197954277715], [-70.86766608094067, 43.061876623326526], [-70.8676636901735, 43.061797919783345], [-70.86755194377105, 43.06165437364105], [-70.86750624884623, 43.061509749398525], [-70.8675352319189, 43.06137601923415], [-70.86763044961126, 43.0612472658749], [-70.86771080868827, 43.061173269137356], [-70.86781685584404, 43.061129137248344], [-70.8679572169384, 43.06112684580179], [-70.86809207759411, 43.0612155006878], [-70.86815134504002, 43.0612629891947], [-70.86825171012694, 43.061303750345225], [-70.86841610396698, 43.06127683731818], [-70.86854068821566, 43.061299030259775], [-70.86865004550154, 43.06136387282885], [-70.86876710800706, 43.06141041739257], [-70.86883444830701, 43.06145171740101], [-70.86891078071055, 43.06151709820781], [-70.86883042260894, 43.06159109579156], [-70.86876676129026, 43.06167087806418], [-70.86874456600249, 43.06175604076001], [-70.86873136387055, 43.06186528430834], [-70.86856862378204, 43.06194668448355], [-70.86834753446897, 43.062010866842144], [-70.86808338273322, 43.06205346931704], [-70.86794728452351, 43.06207541872347], [-70.86784608763783, 43.06209173984068]]]}, "properties": {"AREA": 88431.0312048, "PERIMETER": 1153.39536721, "DENSITY": "h", "HECTARES": 0.821554449141, "ACRES": 2.0300971351, "YEAR_": 2006}}, {"type": "Feature", "geometry": {"type": "Polygon", "coordinates": [[[-70.87161470322427, 43.066477819344314], [-70.8715695449684, 43.06639534777034], [-70.87145603179899, 43.06618673852397], [-70.87143172076696, 43.06612164716864], [-70.87129396417282, 43.06588098372145], [-70.87119342881712, 43.06567615686581], [-70.87105158623982, 43.065378884991844], [-70.87087300488182, 43.06521702994807], [-70.87066731449556, 43.0651775557913], [-70.87058530098206, 43.06516181664096], [-70.87051501503304, 43.065192336463056], [-70.87048457750234, 43.065195290568234], [-70.87027311521324, 43.06530922625226], [-70.87036585159362, 43.06508699945948], [-70.87047711039665, 43.0649434487431], [-70.87050518775834, 43.064820521651534], [-70.8705376027597, 43.064678597990294], [-70.87056459450842, 43.064560420685154], [-70.87056109612443, 43.064445393367], [-70.87055704460906, 43.06431220321662], [-70.87057684381473, 43.064148337613744], [-70.87059737923184, 43.06400868790108], [-70.87050379230017, 43.06391936179018], [-70.87049074797132, 43.06376209091607], [-70.87049495451272, 43.06362876556805], [-70.87055769499159, 43.06351871158073], [-70.87055290721247, 43.06336130550748], [-70.87055656043115, 43.063209818213345], [-70.87051177921387, 43.06309546503367], [-70.8704011275471, 43.062988246384855], [-70.87029762790668, 43.0628445685926], [-70.87030165041752, 43.062705189254785], [-70.87019007932327, 43.062567699618974], [-70.87008016649524, 43.062484696577], [-70.86992933769876, 43.062414477130346], [-70.8698357541359, 43.062325150475516], [-70.86975739490168, 43.06219317472224], [-70.8698531621959, 43.06208258144363], [-70.869982137957, 43.06197750233768], [-70.87007112028523, 43.06191547674136], [-70.87024229909717, 43.0618399932186], [-70.87039018195235, 43.06181334771688], [-70.87055531256091, 43.061810647531736], [-70.8707217326956, 43.061850325853065], [-70.87089604186784, 43.06187776076431], [-70.87103017319743, 43.061942195424585], [-70.87112338906171, 43.06201941316071], [-70.8712498166139, 43.06210214472989], [-70.87137421789684, 43.062118281518], [-70.87147348219901, 43.06212271421224], [-70.87154944928606, 43.062175986224126], [-70.87161093045255, 43.06229612247011], [-70.8716313114506, 43.06242298811582], [-70.87165224599696, 43.062568015688335], [-70.87167299737288, 43.062706989285346], [-70.87168549105132, 43.062846099044336], [-70.87168073492872, 43.06296126165249], [-70.87167616327764, 43.06308247823494], [-70.8717455331683, 43.06319037116936], [-70.87172463167143, 43.06331791227746], [-70.87175382332977, 43.06346280543416], [-70.87183071485352, 43.063546346244486], [-70.87192522451879, 43.063665942059224], [-70.87194431740403, 43.06375042891226], [-70.87202010360416, 43.063797645748295], [-70.87218671461521, 43.063843375951805], [-70.87244562471102, 43.06393605271457], [-70.87254820952325, 43.06404945872376], [-70.87265060890584, 43.06415680975811], [-70.87267961975178, 43.064295648711656], [-70.87268220035301, 43.06438040613413], [-70.8727192835534, 43.06451305485194], [-70.87276351854061, 43.06460924437398], [-70.87281840542275, 43.064784001954855], [-70.87280520978835, 43.064893245968236], [-70.87272009868735, 43.065082408877245], [-70.87263424869427, 43.065247355816794], [-70.87255610260551, 43.065394005434214], [-70.87248676553713, 43.06555868247333], [-70.87241120017748, 43.06579008938999], [-70.87235159450404, 43.0660030627815], [-70.87234757631016, 43.06614244214685], [-70.87240979993021, 43.06628679470917], [-70.87240688803003, 43.0664624978995], [-70.87254504868748, 43.066387551463684], [-70.87265843675816, 43.066313009980306], [-70.8727476061302, 43.06625703634236], [-70.87283603812176, 43.06617684675033], [-70.87295694516955, 43.066077953722754], [-70.87299417443622, 43.065944087730905], [-70.8730314035367, 43.06581022172256], [-70.87306789516441, 43.06565213981354], [-70.87312989462073, 43.065517868540944], [-70.87325924143288, 43.06542489376377], [-70.87339209154058, 43.06544694699234], [-70.87355907741305, 43.065504783174646], [-70.87368533067998, 43.06558145811308], [-70.87374700281225, 43.06570764716481], [-70.87378390559485, 43.065834241567714], [-70.87381476311805, 43.066033620816675], [-70.87378560910136, 43.06616129679938], [-70.87374708974431, 43.06625278436094], [-70.873648742047, 43.06627862344813], [-70.8735349858647, 43.06634105797916], [-70.87353004938353, 43.0664501666562], [-70.87348437924629, 43.06657811334808], [-70.87342330156922, 43.06674265553609], [-70.87338369762298, 43.06682040077005], [-70.87327826140508, 43.06690932958167], [-70.87307598696046, 43.06702277601126], [-70.87288478049038, 43.0671268534521], [-70.87267851871067, 43.06723093053089], [-70.87251717450108, 43.0673181942771], [-70.87238933462297, 43.067387627694885], [-70.87238903417897, 43.067387790339225], [-70.87215385159595, 43.067450179948416], [-70.87195324622343, 43.06744905521938], [-70.87193318397563, 43.06736729188034], [-70.87193867994716, 43.067325815467164], [-70.87199546592134, 43.06719095504537], [-70.87199483090097, 43.06718498886091], [-70.87199502770805, 43.06718448523659], [-70.87198662327866, 43.06710545203644], [-70.87198629281613, 43.06710470710767], [-70.87198115296357, 43.067056372307], [-70.87194827755141, 43.06701883857365], [-70.87194542882204, 43.067012404233346], [-70.87183439327468, 43.06687012124494], [-70.87170895420732, 43.06664994875904], [-70.87167463854718, 43.06658727780787], [-70.87164868260871, 43.066537526444115], [-70.87161470322427, 43.066477819344314]]]}, "properties": {"AREA": 892256.879117, "PERIMETER": 6136.47574597, "DENSITY": "h", "HECTARES": 8.28937081054, "ACRES": 20.4833994288, "YEAR_": 2006}}, {"type": "Feature", "geometry": {"type": "Polygon", "coordinates": [[[-70.88019924917465, 43.061007333975525], [-70.87994882330165, 43.06094205389697], [-70.87981072697418, 43.06087492712476], [-70.87982541631995, 43.06077492996128], [-70.88004071552547, 43.0606586246433], [-70.88023788126227, 43.06052960461553], [-70.88045935589602, 43.06042187179089], [-70.88059766543442, 43.060302493486056], [-70.88078260713978, 43.06016066202954], [-70.88093167761646, 43.06000640836618], [-70.88101033513448, 43.059870661857246], [-70.88116126153054, 43.05977709795196], [-70.88129052874096, 43.059748949513114], [-70.88141481120489, 43.059751242660425], [-70.88155237677877, 43.05980102671754], [-70.88163161865187, 43.05987779349581], [-70.88165147658209, 43.05994686244329], [-70.88160696578986, 43.060038676230334], [-70.88154577965075, 43.060165461266074], [-70.88149024042647, 43.060283479612174], [-70.88138727211661, 43.0603979408846], [-70.88124278669714, 43.060508746906706], [-70.88115058213928, 43.060588332992126], [-70.88100596336483, 43.06069480440867], [-70.88089840243464, 43.06073647529428], [-70.88076555863414, 43.060763815578255], [-70.88064771618238, 43.060778764480055], [-70.88056142146779, 43.06085825295333], [-70.88045725857316, 43.06093369748988], [-70.88032918153553, 43.061000860835335], [-70.88019924917465, 43.061007333975525]]]}, "properties": {"AREA": 93689.8741506, "PERIMETER": 1423.43278405, "DENSITY": "p", "HECTARES": 0.870410894221, "ACRES": 2.15082355718, "YEAR_": 2006}}, {"type": "Feature", "geometry": {"type": "Polygon", "coordinates": [[[-70.88425696338902, 43.06081479347978], [-70.88417432844706, 43.060820491802765], [-70.88407444496488, 43.0607782554282], [-70.88391054776717, 43.0607454442123], [-70.88381655380874, 43.060726627842406], [-70.88372800672062, 43.060732423123305], [-70.88360385481633, 43.06073446676701], [-70.8834948389311, 43.06074040985366], [-70.8834204491784, 43.06073314949728], [-70.88323744267188, 43.060744836626604], [-70.88311900206732, 43.06076072645048], [-70.88303670063323, 43.060756815190565], [-70.88295326878942, 43.06073650235359], [-70.8828213469955, 43.0606779532449], [-70.88270729348294, 43.06062344660629], [-70.8826231990149, 43.0605814575542], [-70.88259848947935, 43.06054716666141], [-70.88254169991005, 43.060430996723696], [-70.8825395761842, 43.06036163627841], [-70.88258435221867, 43.06027849252427], [-70.88268890918638, 43.06021605070035], [-70.88287676557087, 43.06016958654034], [-70.88304216651545, 43.06016252689086], [-70.8831845842982, 43.06017753198767], [-70.88332148911115, 43.06020563885635], [-70.88346549880792, 43.060272663247645], [-70.88363528254214, 43.060408658814694], [-70.88375710601476, 43.060523757283235], [-70.88389101972622, 43.06064733144586], [-70.88404200724115, 43.06074893850895], [-70.88425696338902, 43.06081479347978]]]}, "properties": {"AREA": 57173.8965126, "PERIMETER": 1129.47413689, "DENSITY": "sb", "HECTARES": 0.531165004125, "ACRES": 1.31253205952, "YEAR_": 2006}}, {"type": "Feature", "geometry": {"type": "Polygon", "coordinates": [[[-70.88598279492601, 43.06019215663156], [-70.88586887350004, 43.06014198832654], [-70.8858703991318, 43.059998834921316], [-70.88591437228705, 43.059889679549784], [-70.88602271097785, 43.05975777684276], [-70.8861269991669, 43.05968666235791], [-70.88623088737818, 43.05960254218523], [-70.8863816711864, 43.05950463702053], [-70.88647386861093, 43.05942504754782], [-70.88665421083734, 43.05932665401177], [-70.88675271835565, 43.059259971561175], [-70.88687460698247, 43.05918422887411], [-70.88706796806586, 43.05912465563825], [-70.88719131923911, 43.059096597047244], [-70.8873107750982, 43.05907842979861], [-70.88740713047837, 43.05899761845613], [-70.88758760411841, 43.05890355952251], [-70.887744429047, 43.05880989023751], [-70.88793094539479, 43.05872006755189], [-70.88823490010182, 43.058602284138736], [-70.88844101305273, 43.05857285808675], [-70.88868273090402, 43.058547181663435], [-70.88893262326926, 43.05859510277165], [-70.8891294420887, 43.05864823655297], [-70.88919109020607, 43.05872962604123], [-70.88925340252348, 43.058832689651005], [-70.88918392520003, 43.05888154661835], [-70.88909080079007, 43.05893079376758], [-70.88902238873696, 43.05901433038274], [-70.88892966307523, 43.0590765829747], [-70.88886676364777, 43.05914701636883], [-70.88880964189774, 43.059213017886805], [-70.88873531705958, 43.05929665185948], [-70.8886615240484, 43.059397626551345], [-70.88858799680958, 43.059507270676946], [-70.88843588530563, 43.059561827742336], [-70.8883256890653, 43.05963304277761], [-70.8881496637959, 43.05967932003219], [-70.8880275097914, 43.05974639459019], [-70.88789353124783, 43.05981366399773], [-70.88771252482991, 43.05989038351909], [-70.88757250054917, 43.05995341483274], [-70.88741514072916, 43.060029743967384], [-70.88719261502254, 43.0601028097166], [-70.88704063371107, 43.060161700993355], [-70.88687038405153, 43.060203543608324], [-70.88671116127314, 43.06021918175046], [-70.8865520700607, 43.060239153955145], [-70.88635670979087, 43.06023370105997], [-70.88614859537324, 43.0601980971791], [-70.88598279492601, 43.06019215663156]]]}, "properties": {"AREA": 272651.721813, "PERIMETER": 2318.99876412, "DENSITY": "p", "HECTARES": 2.53302751386, "ACRES": 6.25922226383, "YEAR_": 2006}}, {"type": "Feature", "geometry": {"type": "Polygon", "coordinates": [[[-70.8853585298618, 43.06903183694893], [-70.88523428284088, 43.06906141135211], [-70.88514587581618, 43.069035341125264], [-70.88514278297836, 43.06893445863101], [-70.88535262480781, 43.06883924293746], [-70.88553801109512, 43.06876278133487], [-70.88583513297294, 43.0686569498753], [-70.8860339614344, 43.06859893529529], [-70.88623418255662, 43.068470607389926], [-70.8864018255009, 43.06836315770582], [-70.88668559199992, 43.0682300174554], [-70.88700885289144, 43.06816045490331], [-70.8873190424349, 43.06807275596039], [-70.88771848145412, 43.06803863828286], [-70.88813183729008, 43.068050168409236], [-70.88844455817363, 43.06804500691905], [-70.8884368371351, 43.068201121778586], [-70.88821674614549, 43.06836991930584], [-70.88793129332296, 43.06844803665833], [-70.88764612143706, 43.06853532426238], [-70.88747184027069, 43.068565727086416], [-70.88728505018203, 43.06859633610255], [-70.887087158988, 43.0686730070043], [-70.88683979277215, 43.068768845132894], [-70.88669109116425, 43.06881717677852], [-70.88647928233908, 43.0688481963522], [-70.88616740033284, 43.068880867144806], [-70.88586830822805, 43.06892250085437], [-70.88556921572938, 43.0689641337787], [-70.8853585298618, 43.06903183694893]]]}, "properties": {"AREA": 126104.297105, "PERIMETER": 2015.67695797, "DENSITY": "h", "HECTARES": 1.17155194202, "ACRES": 2.89495631555, "YEAR_": 2006}}, {"type": "Feature", "geometry": {"type": "Polygon", "coordinates": [[[-70.88703546350291, 43.0694354495616], [-70.88714583916055, 43.069386761888005], [-70.88729477781618, 43.069321062642786], [-70.88753301306593, 43.06927050614168], [-70.88769775829306, 43.069205041812594], [-70.8879353580403, 43.069122381262204], [-70.88824519028448, 43.0690145902752], [-70.8884621495479, 43.06893910833972], [-70.88873179340628, 43.068845297691766], [-70.88901310257467, 43.06874742673405], [-70.88925640237798, 43.068662778601016], [-70.88949970150608, 43.068578130844315], [-70.88973652544715, 43.06854669130887], [-70.88986217924686, 43.06856296682722], [-70.88993835965557, 43.06859841203095], [-70.88985276982658, 43.06866405599202], [-70.88974272618232, 43.068748456178106], [-70.88962017222197, 43.06883306206038], [-70.88951153637632, 43.06896331774407], [-70.88933951011448, 43.06906709204437], [-70.88922918192597, 43.069142320744085], [-70.88906938170479, 43.06923671698984], [-70.88892152619327, 43.06931256533654], [-70.88872250743042, 43.06935255428579], [-70.88849847058641, 43.06939295606886], [-70.88821244986573, 43.069452732139425], [-70.88791420136623, 43.06952188408492], [-70.88769016216823, 43.06956228426692], [-70.88750224384142, 43.06955620974373], [-70.88736520495851, 43.06957682196035], [-70.88722676047716, 43.069551579182075], [-70.88708747019119, 43.06949882151969], [-70.88703546350291, 43.0694354495616]]]}, "properties": {"AREA": 103178.238444, "PERIMETER": 1768.02429365, "DENSITY": "sb", "HECTARES": 0.958561035569, "ACRES": 2.36864642892, "YEAR_": 2006}}, {"type": "Feature", "geometry": {"type": "Polygon", "coordinates": [[[-70.84624484129445, 43.05849268416584], [-70.84601119053688, 43.05842100762526], [-70.84583122148636, 43.0584239116269], [-70.8456266747651, 43.058464934654246], [-70.84546153945381, 43.058533615006624], [-70.84524385491095, 43.05856541901462], [-70.84501020384843, 43.05849374042963], [-70.84473855393071, 43.05844153532857], [-70.84433779045743, 43.05837254997743], [-70.84391244923918, 43.05834168216248], [-70.84366622788278, 43.058279634918925], [-70.84339627608115, 43.05828398439579], [-70.84314920884694, 43.05819365672832], [-70.84273728761013, 43.05818142988273], [-70.84240249655724, 43.058167960412874], [-70.84185948709786, 43.05807296398719], [-70.84131506762303, 43.057930833971284], [-70.84094920903837, 43.0577386725142], [-70.84067079706706, 43.05746022584043], [-70.84050751514357, 43.05716106339823], [-70.84024280820829, 43.05691068807844], [-70.84036515017787, 43.0567012402575], [-70.84053665501692, 43.05641555411528], [-70.84082948738447, 43.05631653347516], [-70.84122825953364, 43.05631954737718], [-70.8417452612728, 43.05640553413113], [-70.84204176110002, 43.056429053572714], [-70.84233910866598, 43.056480850686725], [-70.84263554254298, 43.056633552372084], [-70.84311136338836, 43.056930526369015], [-70.84380226326346, 43.057240043325834], [-70.84439146283067, 43.05758892045705], [-70.84482213027906, 43.057798932035496], [-70.8454342631861, 43.05805307956416], [-70.84595552777287, 43.058280442219164], [-70.84625543317254, 43.05841706627686], [-70.84624484129445, 43.05849268416584]]]}, "properties": {"AREA": 604775.991977, "PERIMETER": 3833.39506907, "DENSITY": "sb", "HECTARES": 5.61857529165, "ACRES": 13.8837463723, "YEAR_": 2006}}, {"type": "Feature", "geometry": {"type": "Polygon", "coordinates": [[[-70.84753027966437, 43.05761372130214], [-70.84745654859024, 43.05772808225774], [-70.84731130679273, 43.057793126116344], [-70.84716626780893, 43.05791195690039], [-70.84703913410179, 43.05796116388887], [-70.84688232959859, 43.05787881715883], [-70.84671267141628, 43.05779667786921], [-70.84654386189142, 43.057742817639536], [-70.84643847734573, 43.05765964067994], [-70.84621881471568, 43.05762546210267], [-70.84586890861013, 43.05753679918137], [-70.84562070987396, 43.057408770781066], [-70.8454124889954, 43.057327252140105], [-70.84513801826074, 43.057180784232244], [-70.84487725020121, 43.05706238844477], [-70.84469389324023, 43.05695217430231], [-70.84444626374368, 43.05684299595762], [-70.84425090269983, 43.05676126784111], [-70.84413068968097, 43.056612310753025], [-70.84398476958779, 43.056463768238835], [-70.84396767700382, 43.056322580736826], [-70.8439251584774, 43.05619123375223], [-70.84388263891309, 43.05605988584144], [-70.84375098798455, 43.05595826761786], [-70.84369759294087, 43.055893112369816], [-70.84384746534597, 43.05582302854877], [-70.84371934613058, 43.05576072872005], [-70.84374223005541, 43.055666051146154], [-70.84394733413428, 43.055643883992275], [-70.844126729555, 43.05562213029466], [-70.84434581821938, 43.05563746024069], [-70.84450091909721, 43.05566325265132], [-70.84467028557869, 43.055735969332986], [-70.84485109543093, 43.055761346424774], [-70.84504447620249, 43.05577708992013], [-70.84527698525122, 43.05581106320901], [-70.8454169695463, 43.05576165062529], [-70.84558181319329, 43.05568354439084], [-70.84573436881267, 43.05562449804851], [-70.84572899521032, 43.0554453971442], [-70.84569961007965, 43.05532326997008], [-70.84588041794392, 43.05534864542197], [-70.84607294974, 43.05533610784843], [-70.84621434653752, 43.055333826181474], [-70.84639204283309, 43.05525551116353], [-70.84653089365978, 43.05516839202878], [-70.84668457729211, 43.05514704955313], [-70.84685224832502, 43.05516320527905], [-70.84695932720462, 43.05530293961014], [-70.84704126332902, 43.05546194179812], [-70.84705751432689, 43.05557485050097], [-70.84702234707379, 43.0556885890482], [-70.847038596863, 43.0558014977407], [-70.84709369351441, 43.055923209199456], [-70.84713480370634, 43.05600742406975], [-70.84696826310955, 43.056028974806544], [-70.84684169953523, 43.05609703420483], [-70.84693564300113, 43.056227550376086], [-70.84710756179165, 43.056385099641545], [-70.8471103916266, 43.05647936253008], [-70.84720518473588, 43.056638157793415], [-70.84737710535384, 43.05679570665776], [-70.84752190253076, 43.056906539762934], [-70.84757615241327, 43.05699997257312], [-70.84757983165441, 43.057122514754255], [-70.8474895669928, 43.057114541309936], [-70.84730818672644, 43.057070315781544], [-70.847179074651, 43.05705353849134], [-70.84698540605422, 43.05702837272949], [-70.84706706247268, 43.05717794903999], [-70.84722528047692, 43.05730742650099], [-70.84739692093646, 43.05745554950288], [-70.84753027966437, 43.05761372130214]]]}, "properties": {"AREA": 582967.012529, "PERIMETER": 3818.38097532, "DENSITY": "h", "HECTARES": 5.41596243219, "ACRES": 13.3830810957, "YEAR_": 2006}}, {"type": "Feature", "geometry": {"type": "Polygon", "coordinates": [[[-70.84997997096649, 43.05567852417617], [-70.84964207553162, 43.055561386388234], [-70.84930163056312, 43.055359410563206], [-70.84906770447039, 43.0552783135535], [-70.8488189422616, 43.055131439488854], [-70.84862301256396, 43.055030865319296], [-70.84845194388863, 43.05490159671711], [-70.84834344644416, 43.05471473185052], [-70.84818296799736, 43.05450984469168], [-70.84806246756304, 43.05435146580002], [-70.84797968137289, 43.054164185882435], [-70.84785974880526, 43.05402465936421], [-70.8477412321454, 43.05393226463204], [-70.84758302162565, 43.05380278697093], [-70.84742566035118, 43.05370158841876], [-70.84747424544585, 43.05360649453778], [-70.84747254700301, 43.053549936778175], [-70.84753370302818, 43.05344520928565], [-70.84763370287023, 43.05334928522626], [-70.8477731142671, 43.05328101709595], [-70.84768976374194, 43.05307488346272], [-70.84761983342123, 43.052887395495276], [-70.84757504424212, 43.052680638485604], [-70.8476499021187, 43.0526039824863], [-70.84768534966739, 43.0524996704075], [-70.84778421565, 43.05236604100901], [-70.84790018178363, 43.05237359860043], [-70.84803013311864, 43.05241865434059], [-70.84809643383915, 43.052529506739965], [-70.84824287040581, 43.05265098977126], [-70.84843935634913, 43.05277041713803], [-70.84855758840853, 43.05285338531147], [-70.84872553720966, 43.05287896409638], [-70.84888006487914, 43.052885897044], [-70.84902202178334, 43.05290246533956], [-70.84921766065472, 43.05299361206046], [-70.84941330133599, 43.05308475845896], [-70.84957009593411, 43.05316710170816], [-70.84979257850802, 43.053295537570314], [-70.84994909050302, 43.053368453563294], [-70.8501064551365, 43.053469648678295], [-70.85009834547493, 43.0536112667294], [-70.85008690283931, 43.05381109890387], [-70.85007993988559, 43.05393270908164], [-70.85014917046504, 43.054034811777655], [-70.85020313695928, 43.05411881755157], [-70.85028337893462, 43.054221259772774], [-70.85032449241965, 43.054305472648416], [-70.85023649865518, 43.05437291259999], [-70.85009850587147, 43.05448831472115], [-70.85003820415318, 43.054621322012565], [-70.85009358818742, 43.054752458822925], [-70.8501484062869, 43.05486474393548], [-70.85021522822952, 43.054948540762176], [-70.85026948054009, 43.05504197234665], [-70.8501666474888, 43.05504363581957], [-70.850062112375, 43.05498874056434], [-70.84990843024103, 43.055010087589515], [-70.84992137471986, 43.055131032367065], [-70.84993348368968, 43.05524417936005], [-70.84994989459433, 43.05539750885606], [-70.8500262867878, 43.055508019833546], [-70.8500565304197, 43.05565842436994], [-70.84997997096649, 43.05567852417617]]]}, "properties": {"AREA": 511223.932385, "PERIMETER": 3328.78542052, "DENSITY": "h", "HECTARES": 4.74944474169, "ACRES": 11.736086602, "YEAR_": 2006}}, {"type": "Feature", "geometry": {"type": "Polygon", "coordinates": [[[-70.85337516882699, 43.0526905626392], [-70.8537967823426, 43.05259885374001], [-70.85420951949473, 43.052639319795695], [-70.85459598122475, 43.052661347980155], [-70.85498528383988, 43.0527776377043], [-70.85524747354347, 43.05294314241996], [-70.85545853305858, 43.05311890693516], [-70.85565730970761, 43.05331373140153], [-70.85589663914115, 43.05357391479972], [-70.85617339436631, 43.0537957664243], [-70.85633757701004, 43.05406325346351], [-70.85634492657591, 43.05413527092071], [-70.85635329285738, 43.054217237887514], [-70.8563452734787, 43.054377692949465], [-70.85621717641651, 43.05452558743759], [-70.85619614510728, 43.054549868940796], [-70.85605844759091, 43.054674704165315], [-70.85601626355553, 43.05468960011613], [-70.85577850167181, 43.05477355540164], [-70.85571423195996, 43.054774597847114], [-70.8555085669049, 43.054777933596036], [-70.85538996143917, 43.054748466714194], [-70.85522350290397, 43.05470710950127], [-70.85508038272724, 43.054647251764834], [-70.85489788836666, 43.054570926002576], [-70.85480496958631, 43.054528942109314], [-70.85467624356247, 43.054470779273764], [-70.85456708576778, 43.05438569443108], [-70.85455771693965, 43.05437839152672], [-70.8544891254497, 43.05419993331949], [-70.85436696494742, 43.05402310940044], [-70.85416932615183, 43.053865987866985], [-70.85394683349763, 43.053737560444226], [-70.85366120892824, 43.0536478799349], [-70.85345925488996, 43.05360966339128], [-70.85332189459541, 43.05351246866588], [-70.85312568288226, 43.053373628794745], [-70.85295233871805, 43.05316895655535], [-70.85307264226984, 43.05289351193191], [-70.85337516882699, 43.0526905626392]]]}, "properties": {"AREA": 409722.48729, "PERIMETER": 2600.57181801, "DENSITY": "sb", "HECTARES": 3.80646168839, "ACRES": 9.40593405165, "YEAR_": 2006}}, {"type": "Feature", "geometry": {"type": "Polygon", "coordinates": [[[-70.85496294593781, 43.055022554133], [-70.85469478100406, 43.054659096380156], [-70.85456708576778, 43.05438569443108], [-70.85467624356247, 43.054470779273764], [-70.85480496958631, 43.054528942109314], [-70.85489788836666, 43.054570926002576], [-70.85508038272724, 43.054647251764834], [-70.85522350290397, 43.05470710950127], [-70.85538996143917, 43.054748466714194], [-70.8555085669049, 43.054777933596036], [-70.85571423195996, 43.054774597847114], [-70.85577850167181, 43.05477355540164], [-70.85601626355553, 43.05468960011613], [-70.85605844759091, 43.054674704165315], [-70.85619614510728, 43.054549868940796], [-70.85621717641651, 43.05452558743759], [-70.8563452734787, 43.054377692949465], [-70.85635329285738, 43.054217237887514], [-70.85634492657591, 43.05413527092071], [-70.85634482438115, 43.05406332458559], [-70.85660150028835, 43.05434524224829], [-70.85675142828929, 43.054625735954275], [-70.85691984592098, 43.054989845987826], [-70.85705185784147, 43.055205575330014], [-70.85734517799554, 43.05554975650805], [-70.8576996710322, 43.055922720931726], [-70.85790277116942, 43.05620169498676], [-70.85816003291136, 43.05655506100013], [-70.85839853175904, 43.05678695993609], [-70.85852134103325, 43.057020736519384], [-70.85883725553468, 43.05726080739294], [-70.85903434579879, 43.05739906839946], [-70.85890579971534, 43.05740115685832], [-70.8582445213316, 43.05722328226048], [-70.85762124014144, 43.05702592469046], [-70.85715335474639, 43.0568637648856], [-70.85682516449776, 43.05664275076466], [-70.85668120506934, 43.056560209481205], [-70.85616793600869, 43.05617244043276], [-70.85560013017195, 43.05568181420347], [-70.85522969290689, 43.055338878507044], [-70.85496294593781, 43.055022554133]]]}, "properties": {"AREA": 434425.893793, "PERIMETER": 3814.71936482, "DENSITY": "h", "HECTARES": 4.03596476265, "ACRES": 9.97304623033, "YEAR_": 2006}}, {"type": "Feature", "geometry": {"type": "Polygon", "coordinates": [[[-70.89522788365642, 43.06969227959247], [-70.89516922524928, 43.06966499269361], [-70.89507884236417, 43.069669374707146], [-70.89489648255326, 43.06967062941813], [-70.89478694284264, 43.06962203617749], [-70.89456215321844, 43.069551571776294], [-70.89453803597851, 43.06954401151718], [-70.89432032544933, 43.069533757648735], [-70.89423100548875, 43.06950835799825], [-70.8940979888177, 43.069444506302524], [-70.8939622730894, 43.06932030465196], [-70.89394504765582, 43.06920806682607], [-70.89396003148705, 43.06911512813121], [-70.89410307033751, 43.06898137021165], [-70.89425359554183, 43.06885768594928], [-70.89441304413562, 43.068763594231676], [-70.89453577614782, 43.06872178082849], [-70.89467205130386, 43.06872822184607], [-70.8947863338487, 43.06872033140055], [-70.89489590014271, 43.068680761124874], [-70.8950446545387, 43.06863786154577], [-70.89514366935018, 43.06859610990269], [-70.89525526522532, 43.06857784090558], [-70.8953538276597, 43.06856930742387], [-70.8955094862233, 43.06856129275995], [-70.89564030475806, 43.0685591245062], [-70.89573448298538, 43.06849913937927], [-70.89586526890407, 43.068426568045574], [-70.89590470996288, 43.068361208263156], [-70.89601959134457, 43.0682596866207], [-70.8961269860882, 43.06817095076658], [-70.8962892121892, 43.0680601897091], [-70.89640335371433, 43.067976672245265], [-70.89654018366905, 43.06788847348573], [-70.8966233314323, 43.06780824974363], [-70.89671941092104, 43.06774068371895], [-70.89679928142628, 43.06794327606544], [-70.89687915367655, 43.06814586836137], [-70.89689306221425, 43.06833156192031], [-70.89691477772769, 43.06850513148924], [-70.89694448310439, 43.068672570676185], [-70.8969418553458, 43.06885254047016], [-70.89695298992775, 43.068948317026994], [-70.89694943699706, 43.06909831508576], [-70.89689830460098, 43.06929708254608], [-70.89679700582292, 43.06946069600922], [-70.89660427476718, 43.0696071536544], [-70.89648626481014, 43.0697297402025], [-70.8962765041785, 43.06987645893838], [-70.89621080856377, 43.06992925763679], [-70.89613515078534, 43.06999006457262], [-70.89605140047561, 43.07006331031224], [-70.89590053565905, 43.0701514382222], [-70.89592303947927, 43.07012895611701], [-70.89579731839144, 43.0700488923083], [-70.89564768142046, 43.06991993604512], [-70.89539715563103, 43.0697770591634], [-70.89533974050815, 43.06974431494684], [-70.89522788365642, 43.06969227959247]]]}, "properties": {"AREA": 359494.494473, "PERIMETER": 2641.52050191, "DENSITY": "h", "HECTARES": 3.33982649927, "ACRES": 8.25285799983, "YEAR_": 2006}}, {"type": "Feature", "geometry": {"type": "Polygon", "coordinates": [[[-70.89727815834614, 43.0678213813678], [-70.89719177432102, 43.06767287502754], [-70.89729824789076, 43.067677106959366], [-70.89743946082635, 43.06774673508306], [-70.89757974861274, 43.06778639130328], [-70.89770908633257, 43.0677362653719], [-70.89781481984164, 43.06771651872087], [-70.89802610250715, 43.067671030604636], [-70.89830131291144, 43.067576501121195], [-70.89865902267663, 43.06750459127094], [-70.89896934192073, 43.06748744603603], [-70.8993205414469, 43.06746961991948], [-70.89960000768757, 43.06751296044786], [-70.89988765043077, 43.06755616424705], [-70.900166931894, 43.06759350887005], [-70.9004222422444, 43.06764924285604], [-70.90082620343887, 43.06775048784213], [-70.90121418510142, 43.06786399184915], [-70.90148008311752, 43.06799751613203], [-70.90172907271854, 43.06811332859368], [-70.90191228473826, 43.0682182383553], [-70.9021287570462, 43.06834058834901], [-70.90229617416517, 43.06846375348074], [-70.9024548595187, 43.06856907014213], [-70.90259886169486, 43.06872860974941], [-70.90270291124703, 43.06891880033379], [-70.9026112889556, 43.06913023898771], [-70.90246986600667, 43.06931851508042], [-70.90230205879742, 43.06944725445354], [-70.90212755834358, 43.06962408503996], [-70.90193503466138, 43.0697472370539], [-70.90161206046785, 43.069884552989485], [-70.90125489602285, 43.06997445462042], [-70.90096388342216, 43.0700872469371], [-70.90062121705542, 43.070116930924506], [-70.90018469442346, 43.070286116221205], [-70.90008991133061, 43.070395646769036], [-70.89998248031566, 43.070625337958354], [-70.8998360177465, 43.07091565355314], [-70.89948979935227, 43.07109533135137], [-70.89917554453264, 43.07125048782265], [-70.89872228577498, 43.071407950358], [-70.89833869499857, 43.07170219940502], [-70.89791199627693, 43.07192519059471], [-70.89762337300343, 43.07211590302484], [-70.89743009243635, 43.072215070092064], [-70.89718701208955, 43.07229107206892], [-70.89678838905095, 43.07236365525219], [-70.89634125904205, 43.072455033559386], [-70.89597386196817, 43.07247911634503], [-70.89564771750825, 43.07251450919035], [-70.89533737207226, 43.07253164609908], [-70.89497108228176, 43.07259169278949], [-70.89471182775483, 43.07267395446951], [-70.89450981008738, 43.072755268651406], [-70.89433108228434, 43.0727931448343], [-70.89421630766039, 43.07269931771576], [-70.89423845658729, 43.07257851339076], [-70.89431416750149, 43.07244993582031], [-70.89431418499518, 43.072449911634], [-70.89441062207871, 43.07232326160499], [-70.89441806592376, 43.07230805589771], [-70.8945015772573, 43.07213747347647], [-70.89451857812014, 43.07210274742911], [-70.89453669697508, 43.07196263257256], [-70.89459413497936, 43.071823882097824], [-70.89460126288444, 43.07180693783334], [-70.89458477767948, 43.071729977087855], [-70.89460459175086, 43.07166343037926], [-70.89462418642943, 43.07161269533057], [-70.89466959030732, 43.071424217887056], [-70.89473539287, 43.07127214915054], [-70.89481033900364, 43.07110851375334], [-70.89502067818368, 43.07086941801684], [-70.89512859932114, 43.070784226132446], [-70.89523496187807, 43.07070717370516], [-70.89534391643826, 43.07060679114501], [-70.89541744450214, 43.07053460764067], [-70.8955636566156, 43.070399151805546], [-70.89581433989453, 43.07023754863465], [-70.89584474791766, 43.07020717045773], [-70.89598279923808, 43.07011593178224], [-70.89605140047561, 43.07006331031224], [-70.89608668910843, 43.07003624152698], [-70.89613515078534, 43.06999006457262], [-70.89621080856377, 43.06992925763679], [-70.89630338531806, 43.06990070304052], [-70.89646543292297, 43.069850036298476], [-70.89668360597587, 43.0697624541673], [-70.89693374406816, 43.06965035017551], [-70.89717459552783, 43.06950241523971], [-70.89736564775659, 43.06933131510241], [-70.8974509628433, 43.06917996102062], [-70.89751881536503, 43.068992911483484], [-70.89753668443292, 43.0687767027634], [-70.89747893355928, 43.068495775378246], [-70.89740668035404, 43.06827506404899], [-70.89735858674649, 43.068041956919856], [-70.89727815834614, 43.0678213813678]]]}, "properties": {"AREA": 2112720.35973, "PERIMETER": 6722.89930519, "DENSITY": "p", "HECTARES": 19.6278929204, "ACRES": 48.5013856687, "YEAR_": 2006}}, {"type": "Feature", "geometry": {"type": "Polygon", "coordinates": [[[-70.90012201566326, 43.072758149753945], [-70.90035858564634, 43.072736227380105], [-70.90055072584153, 43.07286498131237], [-70.90064567446753, 43.073025338051465], [-70.90056853858485, 43.073176558341274], [-70.90043638931775, 43.07340066358477], [-70.90035014991449, 43.07352204721137], [-70.90021447876063, 43.07363225634716], [-70.90002175426318, 43.07374941131929], [-70.89982902904414, 43.07386656505874], [-70.89963556211792, 43.07395974129481], [-70.89949748044317, 43.07399202172476], [-70.89936702146524, 43.0740061833381], [-70.89910684164812, 43.07405848327286], [-70.89887100682816, 43.07410438108419], [-70.89866897424974, 43.074132772089534], [-70.89843784348832, 43.074165251263345], [-70.89804828458054, 43.07421999273874], [-70.8976581964605, 43.0743044319605], [-70.89739168781315, 43.07441680904686], [-70.89704525721912, 43.07459048551155], [-70.89680438656632, 43.074738420796315], [-70.89649288005883, 43.074983487387826], [-70.89634213872735, 43.075135925055285], [-70.89617763044724, 43.07537255733417], [-70.89598041344213, 43.075609730617515], [-70.89572595448223, 43.075847851958045], [-70.89549435809623, 43.07603941743069], [-70.89514386993291, 43.07624025820142], [-70.89495540767085, 43.076348250761995], [-70.89494791992132, 43.0763525417429], [-70.89501614906281, 43.076241350360604], [-70.89511151125015, 43.07608593962991], [-70.89514653666062, 43.07603827280266], [-70.8952940157681, 43.07583756790571], [-70.89530780995038, 43.07581879530996], [-70.89544816144807, 43.075658309975516], [-70.8955685997113, 43.075520593985296], [-70.89559993296885, 43.07548470775019], [-70.8957599336803, 43.07530145881712], [-70.89587678545558, 43.07516762863218], [-70.89591196267972, 43.07511863394634], [-70.89607289265962, 43.074894488386484], [-70.89608835774385, 43.07487981727861], [-70.89620801956553, 43.074766300706706], [-70.89625103545333, 43.07471659985312], [-70.89635662312341, 43.074594602462675], [-70.89639761039817, 43.0745472454194], [-70.89651504087007, 43.07442688667417], [-70.89663552329435, 43.07430339957747], [-70.89673350231212, 43.07423361220789], [-70.8969562094505, 43.0740749842882], [-70.89697174193428, 43.074063920459146], [-70.89715989699388, 43.07395009481248], [-70.89723677095802, 43.0739035890878], [-70.8973935975584, 43.073842815862555], [-70.8974793028744, 43.073809602618034], [-70.89766715784761, 43.07374094782457], [-70.89775435635214, 43.07370907934721], [-70.89796838433308, 43.07363697226838], [-70.8980539384178, 43.0736081485643], [-70.89815413397156, 43.073582932857164], [-70.89823253363755, 43.07356320211255], [-70.8983291754899, 43.073513618415895], [-70.8983758299963, 43.07343487586043], [-70.89838707196951, 43.073411910798974], [-70.89841430873747, 43.07335626923075], [-70.89851187485874, 43.07333665706558], [-70.89877316241913, 43.07332032556811], [-70.89898520442767, 43.07329881304533], [-70.89915413967555, 43.07320604586624], [-70.8994050270773, 43.07311791468114], [-70.89962283783281, 43.0730183371187], [-70.89985551818842, 43.07287053179496], [-70.90012201566326, 43.072758149753945]]]}, "properties": {"AREA": 352378.736358, "PERIMETER": 4240.88339956, "DENSITY": "p", "HECTARES": 3.27371867876, "ACRES": 8.08950267122, "YEAR_": 2006}}, {"type": "Feature", "geometry": {"type": "Polygon", "coordinates": [[[-70.90214815821888, 43.06750219940884], [-70.90181094625238, 43.06736645192626], [-70.90147333939831, 43.06721785818651], [-70.90115245647367, 43.06704328590924], [-70.90076348961144, 43.066934094969184], [-70.90056563274439, 43.06677032718599], [-70.90077148088658, 43.06662555195961], [-70.90108243287173, 43.06647903022402], [-70.90142841905215, 43.066331925473825], [-70.90165178086633, 43.06618685889042], [-70.90189146686362, 43.06600296801828], [-70.90211879787852, 43.065986337977606], [-70.90233099604119, 43.06604706182655], [-70.90248865396086, 43.06604444028661], [-70.90273231090353, 43.065988986002765], [-70.90299467711955, 43.06597177165371], [-70.90325942751794, 43.06603161935167], [-70.90335258177058, 43.06620997521865], [-70.90321999266175, 43.06645633936358], [-70.90289232190558, 43.06662884564741], [-70.90264985495963, 43.06672283157522], [-70.902335726604, 43.06676660707585], [-70.90207415111252, 43.06680950773512], [-70.90202676237676, 43.06697735050154], [-70.90206776920199, 43.06715464419806], [-70.90211004981451, 43.067337439177834], [-70.90214815821888, 43.06750219940884]]]}, "properties": {"AREA": 194523.020246, "PERIMETER": 2097.70963063, "DENSITY": "h", "HECTARES": 1.80718522181, "ACRES": 4.46563407359, "YEAR_": 2006}}, {"type": "Feature", "geometry": {"type": "Polygon", "coordinates": [[[-70.8908482817764, 43.07641640579305], [-70.89075701993629, 43.07628078986163], [-70.89075700566801, 43.07628075285829], [-70.89068815247663, 43.076102044167676], [-70.89068468492714, 43.076069532937275], [-70.89067943911132, 43.07590129144686], [-70.89073117360896, 43.07573218151045], [-70.8907479696757, 43.07569602970408], [-70.89082741949629, 43.075626942724035], [-70.89086404813575, 43.075611575060066], [-70.89100976125003, 43.075575857868145], [-70.89111736151287, 43.075502217644264], [-70.89120087292075, 43.07544527770004], [-70.89130040619528, 43.0753774129791], [-70.89131054008995, 43.07537050359338], [-70.89137241823381, 43.075278562694855], [-70.89148606746073, 43.075222553154006], [-70.89162158826919, 43.07521445689681], [-70.89174768612553, 43.0751596791143], [-70.891833151576, 43.075082154445084], [-70.89193278080018, 43.074945846950136], [-70.89200156149671, 43.07484517856209], [-70.89212441584463, 43.07468506852138], [-70.89222548518467, 43.074595575301466], [-70.89236664472297, 43.07451127354808], [-70.89253049042092, 43.07438561324798], [-70.89264626213831, 43.07425489359857], [-70.89275405042639, 43.07412430616993], [-70.89285493738765, 43.074028960100264], [-70.89300209521603, 43.073880156532056], [-70.8931490729929, 43.073725500502825], [-70.89340780021905, 43.07356899529496], [-70.89361191179403, 43.07345437683773], [-70.89385449289, 43.07329228224925], [-70.89412318046007, 43.073200012498795], [-70.89443831970465, 43.07306013458795], [-70.89478772821386, 43.07299580079388], [-70.89506439711506, 43.07290339632817], [-70.89538115484095, 43.072816182583935], [-70.89569029056152, 43.072740803244514], [-70.89600123026382, 43.07272394033096], [-70.89620822187187, 43.072702945336644], [-70.89636750269752, 43.072688595166824], [-70.89671871256795, 43.07268277270817], [-70.89720453460657, 43.072639588523316], [-70.89756300416332, 43.072610223547635], [-70.89778541730855, 43.072571406224085], [-70.89796773925228, 43.07252739797892], [-70.89808602434206, 43.0724785971775], [-70.89814388621616, 43.07254203942314], [-70.89829334325566, 43.07272691191817], [-70.8983706027459, 43.0729012726034], [-70.89839198683946, 43.07307655974504], [-70.89839921488229, 43.07331063051605], [-70.89838707196951, 43.073411910798974], [-70.8983291754899, 43.073513618415895], [-70.89815413397156, 43.073582932857164], [-70.8980539384178, 43.0736081485643], [-70.89796838433308, 43.07363697226838], [-70.89775435635214, 43.07370907934721], [-70.89766715784761, 43.07374094782457], [-70.8974793028744, 43.073809602618034], [-70.8973935975584, 43.073842815862555], [-70.89723677095802, 43.0739035890878], [-70.89715989699388, 43.07395009481248], [-70.89697174193428, 43.074063920459146], [-70.8969562094505, 43.0740749842882], [-70.89673350231212, 43.07423361220789], [-70.89663552329435, 43.07430339957747], [-70.89651504087007, 43.07442688667417], [-70.89639761039817, 43.0745472454194], [-70.89635662312341, 43.074594602462675], [-70.89625103545333, 43.07471659985312], [-70.89608835774385, 43.07487981727861], [-70.89607289265962, 43.074894488386484], [-70.89591196267972, 43.07511863394634], [-70.8957599336803, 43.07530145881712], [-70.89559993296885, 43.07548470775019], [-70.89544816144807, 43.075658309975516], [-70.89530780995038, 43.07581879530996], [-70.8952940157681, 43.07583756790571], [-70.89514653666062, 43.07603827280266], [-70.89511151125015, 43.07608593962991], [-70.89501614906281, 43.076241350360604], [-70.89494791992132, 43.0763525417429], [-70.89495540767085, 43.076348250761995], [-70.89484786602725, 43.07650180138927], [-70.89458042631004, 43.07663503582632], [-70.89436034055261, 43.076749920796985], [-70.89413971318936, 43.07684725034388], [-70.89384706097022, 43.0769399163154], [-70.89351431439869, 43.07702739126737], [-70.89319663063137, 43.07708534186335], [-70.89290199347931, 43.077113636782265], [-70.89249433822451, 43.07710281682866], [-70.89211771277428, 43.077062209391244], [-70.89185158486427, 43.07697878925197], [-70.89146319721227, 43.07681542336989], [-70.89105758615366, 43.076611358367565], [-70.8908482817764, 43.07641640579305]]]}, "properties": {"AREA": 1729769.47735, "PERIMETER": 5780.18794762, "DENSITY": "h", "HECTARES": 16.070148575, "ACRES": 39.710043098, "YEAR_": 2006}}, {"type": "Feature", "geometry": {"type": "Polygon", "coordinates": [[[-70.8794188717193, 43.08516842994577], [-70.8792007054066, 43.08518983426459], [-70.87873353883906, 43.08501929945835], [-70.87804820811103, 43.08487016488024], [-70.87741746868062, 43.084916160372835], [-70.87703409224677, 43.085100659560375], [-70.87647516503729, 43.08510982926489], [-70.87574178089241, 43.08497929019303], [-70.87510832068179, 43.08493621306384], [-70.87447649149942, 43.0849465672888], [-70.87399046883115, 43.084954530947606], [-70.8734072407805, 43.08496408352665], [-70.87272463749237, 43.084903977060975], [-70.87221322732383, 43.08487670571046], [-70.87148365119968, 43.08487082348048], [-70.8709722419396, 43.08484354658994], [-70.87099328973744, 43.08473627781046], [-70.8712314203965, 43.084571995270394], [-70.87156512545985, 43.08435268618443], [-70.87192421417896, 43.08416860192894], [-70.87254735369851, 43.08387327034656], [-70.87309378528383, 43.08345444518239], [-70.87345394949847, 43.08330598016824], [-70.87391077163903, 43.08313811012614], [-70.87426876052537, 43.082918395115], [-70.87469964628225, 43.08269748491193], [-70.87520343057817, 43.08247537780381], [-70.87582436155277, 43.08210878061707], [-70.87644854862516, 43.081849052415244], [-70.87704897478008, 43.081607530901245], [-70.87782112532113, 43.081416650361966], [-70.87825470926917, 43.081284786434374], [-70.87866780368367, 43.08127800284811], [-70.87907817422969, 43.08118215877723], [-70.87958628701732, 43.08110252773465], [-70.87997290041179, 43.081024891109976], [-70.88033412325603, 43.080912029163414], [-70.8805517280799, 43.080872810923964], [-70.88033902738475, 43.08107233639499], [-70.8800782701741, 43.08129047230541], [-70.87981914578633, 43.08156204334432], [-70.87963128415937, 43.08177898083429], [-70.87946935510436, 43.0820489538063], [-70.87974428108737, 43.08229392849096], [-70.87985074218251, 43.08259513307442], [-70.87980669378892, 43.08285760308936], [-70.8797554871842, 43.083162723835024], [-70.87983047086449, 43.08352214940303], [-70.87986839098629, 43.0839670476815], [-70.87978589700712, 43.084449565565066], [-70.87957390892299, 43.08486477172861], [-70.8794188717193, 43.08516842994577]]]}, "properties": {"AREA": 2097163.10271, "PERIMETER": 7028.04547006, "DENSITY": "sb", "HECTARES": 19.4833606952, "ACRES": 48.1442401909, "YEAR_": 2006}}, {"type": "Feature", "geometry": {"type": "Polygon", "coordinates": [[[-70.86858646382414, 43.08639099578401], [-70.8687407736494, 43.08629193729384], [-70.86886298718554, 43.086220218597994], [-70.86904955561103, 43.086099179462124], [-70.86925156626661, 43.08600470331325], [-70.8694389487067, 43.085910466952114], [-70.86959082294601, 43.08585167066586], [-70.86977397648806, 43.08573873138973], [-70.86994965296643, 43.08562055033962], [-70.87011159895597, 43.08553209121781], [-70.87028102089124, 43.08544887241389], [-70.87040745903722, 43.08539585526312], [-70.87049946502339, 43.08537778203874], [-70.87037014122653, 43.085492214189934], [-70.8703240986046, 43.085657698634854], [-70.87032442913493, 43.085661478003836], [-70.87032423464635, 43.08566217607419], [-70.87033991181883, 43.085841627524744], [-70.87037783291504, 43.08608061727093], [-70.87047565284158, 43.08627370068728], [-70.87058004073299, 43.086346871784166], [-70.8705854341811, 43.0863427379684], [-70.870681589545, 43.08634870881829], [-70.87078820914203, 43.08636573701253], [-70.87096414516498, 43.08637626729788], [-70.87108385743363, 43.08646280294024], [-70.87113408954156, 43.08655047482394], [-70.87113263519208, 43.086622902327605], [-70.87112711766001, 43.08668198732698], [-70.87109177311078, 43.086722789757694], [-70.87110551793513, 43.08681374018861], [-70.87116241081411, 43.086879850041925], [-70.87124384153081, 43.086910697471275], [-70.87134753960288, 43.08695190651554], [-70.8713779370776, 43.08698895229825], [-70.87135047795768, 43.08704839699764], [-70.8713735615559, 43.08708556207703], [-70.87142289749886, 43.08714375008507], [-70.87140665280388, 43.087211056408684], [-70.87140170700394, 43.08728890380529], [-70.87136360235779, 43.08735924925915], [-70.87130664364469, 43.087411131911445], [-70.87123180740153, 43.087476714906636], [-70.87121621588088, 43.08756546302835], [-70.87115682353577, 43.08765760990518], [-70.87104842162724, 43.087702288170235], [-70.87092514682556, 43.08773916564616], [-70.87085266132303, 43.08776180374498], [-70.87078017575604, 43.08778444269745], [-70.87071516686837, 43.087812322127725], [-70.87065048456833, 43.08785092198647], [-70.8706006748929, 43.087897324336616], [-70.87060823354408, 43.08794432111451], [-70.87044485445588, 43.087946992972086], [-70.87021250313475, 43.08803315768498], [-70.8700539070192, 43.088192994028056], [-70.86990529357368, 43.08834517899217], [-70.86986991387175, 43.0885254649149], [-70.86978325037792, 43.088699100679165], [-70.86964279735962, 43.088783762688834], [-70.86947216466166, 43.08888389234071], [-70.86935395466394, 43.08902809243081], [-70.8692048819223, 43.089165309018995], [-70.86906533801717, 43.08927990602663], [-70.8689777731289, 43.08927270287447], [-70.8688332752336, 43.089213385889074], [-70.86862489622885, 43.089098799048415], [-70.86854354584636, 43.0890706300982], [-70.86846812401643, 43.08899677707718], [-70.86847753583494, 43.08882499970565], [-70.86847922656597, 43.08863994063565], [-70.86849416980779, 43.08852975020134], [-70.86857900255136, 43.08843182671253], [-70.86866220602211, 43.08828029723353], [-70.86869242832425, 43.08819131034417], [-70.86872989124507, 43.08804626162619], [-70.86874546865563, 43.087890102648835], [-70.86870937687219, 43.08778610944566], [-70.86861883957226, 43.08769641362136], [-70.86850936625031, 43.08758557413162], [-70.86841460192203, 43.087477175759325], [-70.86831430666444, 43.087307190341086], [-70.86824635411178, 43.0871179051533], [-70.86817800458246, 43.08703589181418], [-70.86814062130253, 43.08700968565925], [-70.86815256014432, 43.0869209979784], [-70.86821706976276, 43.086756365236575], [-70.86833042288713, 43.08663384151745], [-70.86846091895502, 43.08647349465478], [-70.86858646382414, 43.08639099578401]]]}, "properties": {"AREA": 656206.412761, "PERIMETER": 3775.68939687, "DENSITY": "sb", "HECTARES": 6.0963814468, "ACRES": 15.0644263719, "YEAR_": 2006}}, {"type": "Feature", "geometry": {"type": "Polygon", "coordinates": [[[-70.87318007268149, 43.089127395706235], [-70.87310654080053, 43.08906120929387], [-70.87310502808347, 43.08906165338341], [-70.87310438825489, 43.08906107824546], [-70.87302338193405, 43.08908486753464], [-70.87285165257958, 43.0890876793444], [-70.87269603458876, 43.08900053999081], [-70.8725698490551, 43.08888280034264], [-70.87247315864617, 43.08872713993777], [-70.87241799682793, 43.08859326170089], [-70.87252461911524, 43.08840432202027], [-70.87262285420611, 43.088275421349124], [-70.87264830305165, 43.088265347830706], [-70.87275263872354, 43.08820732649032], [-70.87285100799417, 43.0881662154587], [-70.87297301672014, 43.08811522523704], [-70.87306930406422, 43.08803319994984], [-70.87310691597503, 43.08794677277642], [-70.87313704961461, 43.0878551043127], [-70.87303927376703, 43.08776821168696], [-70.8728970434325, 43.08766327567833], [-70.87273701973838, 43.087574720456274], [-70.8726221845971, 43.08752833148965], [-70.87245607220855, 43.0874801003584], [-70.87221024350028, 43.087457307653224], [-70.87201179174063, 43.0874283757977], [-70.87192970622368, 43.08737608707913], [-70.8719943064428, 43.08733480524875], [-70.87214244158982, 43.08727338536534], [-70.87234908799104, 43.087211007724235], [-70.87246049116466, 43.087144826246025], [-70.87251580085348, 43.08710907592619], [-70.87291152913258, 43.08703528381285], [-70.87338158486696, 43.08709473410807], [-70.8736820390005, 43.08723208175296], [-70.87393029821376, 43.087332844619404], [-70.87409892458562, 43.087502301955915], [-70.87429567463766, 43.087588932111736], [-70.87455323451542, 43.08765959009273], [-70.87481940715126, 43.08767769099316], [-70.87481952637631, 43.08767768371675], [-70.87482155965264, 43.08767782200898], [-70.87515806859096, 43.08765733111812], [-70.87539201064654, 43.087623544907984], [-70.87553268108083, 43.087546360339154], [-70.87574620013605, 43.087512908385925], [-70.8759989630022, 43.08742639817275], [-70.87626307940451, 43.08737713969743], [-70.87650723037116, 43.08734318317787], [-70.8766991596539, 43.08734003454543], [-70.87675402766669, 43.08746626097477], [-70.87686795025151, 43.087516806336126], [-70.87703407010052, 43.087603934196004], [-70.87702357566098, 43.08763528093278], [-70.87687995878245, 43.087989810331976], [-70.87686307126953, 43.08802605750057], [-70.87660398055084, 43.08823996594415], [-70.87637118053631, 43.08831117492534], [-70.87606621486573, 43.08836110378132], [-70.87574059932585, 43.088403882256245], [-70.87548737501034, 43.08847542444564], [-70.8752575414291, 43.088643923747185], [-70.87501795148923, 43.08882755876872], [-70.87475588317021, 43.08894417121442], [-70.87444252822704, 43.089054134983215], [-70.87413824306502, 43.089126510662226], [-70.87382306076287, 43.08917660040743], [-70.87362995786222, 43.089209714965726], [-70.87334572953854, 43.08920693194553], [-70.87318007268149, 43.089127395706235]]]}, "properties": {"AREA": 575704.915762, "PERIMETER": 3870.47273689, "DENSITY": "sb", "HECTARES": 5.34849507568, "ACRES": 13.2163662939, "YEAR_": 2006}}, {"type": "Feature", "geometry": {"type": "Polygon", "coordinates": [[[-70.8794188717193, 43.08516842994577], [-70.87957390892299, 43.08486477172861], [-70.87978589700712, 43.084449565565066], [-70.87986839098629, 43.0839670476815], [-70.87983047086449, 43.08352214940303], [-70.8797554871842, 43.083162723835024], [-70.87980669378892, 43.08285760308936], [-70.87985074218251, 43.08259513307442], [-70.87974428108737, 43.08229392849096], [-70.87946935510436, 43.0820489538063], [-70.87963128415937, 43.08177898083429], [-70.87981914578633, 43.08156204334432], [-70.8800782701741, 43.08129047230541], [-70.88033902738475, 43.08107233639499], [-70.8805517280799, 43.080872810923964], [-70.88079365622812, 43.08072837305218], [-70.8810643272745, 43.08055684273648], [-70.88133499805238, 43.08038531087183], [-70.88165228265247, 43.08016904422098], [-70.88193332564776, 43.07994457883439], [-70.8822367308725, 43.07966698194408], [-70.88246953886076, 43.079434515185156], [-70.8826829410364, 43.07935186013425], [-70.88288462112358, 43.07927819171229], [-70.88307431183361, 43.079204718983604], [-70.88319057076865, 43.079475410170474], [-70.88330103413325, 43.079948450931845], [-70.88342160478183, 43.08035977012217], [-70.88348437953731, 43.08084238957701], [-70.88345042213597, 43.08130022082354], [-70.883315151359, 43.08158384633409], [-70.88314390856429, 43.08186806341813], [-70.88269788806683, 43.08226326101328], [-70.88239830505589, 43.08259262368618], [-70.88211745826062, 43.08283543580769], [-70.88190975842622, 43.08309310914183], [-70.88176356318785, 43.08341208719241], [-70.8816767845972, 43.08371249998254], [-70.88165925949798, 43.08392383630411], [-70.88158258657259, 43.084162527754046], [-70.88158823789972, 43.08434710197802], [-70.88159200505233, 43.08447015175458], [-70.88128130824768, 43.084510436141045], [-70.88094716664065, 43.08456869332145], [-70.88076068560308, 43.084747632786], [-70.88050198756983, 43.08491896634959], [-70.88016972458621, 43.08503874566671], [-70.87990914117348, 43.085148552514035], [-70.87964462916337, 43.08515927728414], [-70.8794188717193, 43.08516842994577]]]}, "properties": {"AREA": 1226954.1773, "PERIMETER": 5357.16951193, "DENSITY": "h", "HECTARES": 11.3988228965, "ACRES": 28.1669921328, "YEAR_": 2006}}, {"type": "Feature", "geometry": {"type": "Polygon", "coordinates": [[[-70.87722882355271, 43.0739952477431], [-70.87735472949431, 43.07392273871818], [-70.87751873972812, 43.074049193039045], [-70.87753940577164, 43.07420148081216], [-70.87744838059058, 43.07436734148634], [-70.87732462391463, 43.074510258940336], [-70.8772179500453, 43.07468811774465], [-70.87714328880499, 43.0748654501853], [-70.87698966556337, 43.07507930092785], [-70.87685169157265, 43.0752811532019], [-70.87682106622161, 43.075396837557726], [-70.87679313322013, 43.07544295173695], [-70.87664012700574, 43.07569554287428], [-70.87637803090783, 43.07602857676886], [-70.87611557322418, 43.076349874845825], [-70.87604305536034, 43.0765976157003], [-70.87596045933078, 43.07680542683773], [-70.87586457114193, 43.07704668244058], [-70.87587030036751, 43.07723443706108], [-70.87573052690897, 43.07737761468951], [-70.87573589706928, 43.07755363502929], [-70.87569288649863, 43.07771870716086], [-70.87557090963725, 43.07792029569644], [-70.87549874626686, 43.078179770378824], [-70.87536326679219, 43.07846376413472], [-70.87533841002437, 43.0786989824271], [-70.87529486168835, 43.07887143647268], [-70.87526696065753, 43.07898192544734], [-70.8751364393465, 43.07916604347507], [-70.87490061057369, 43.079310795169626], [-70.87472308735718, 43.07926674248656], [-70.87463696200665, 43.07906856478776], [-70.87469240673275, 43.07878588406797], [-70.87476385728077, 43.07850294050746], [-70.87488118598043, 43.078148801984035], [-70.87501523529599, 43.07781786991547], [-70.87518344789197, 43.077556821205015], [-70.87528762756274, 43.07729682188245], [-70.8754889265459, 43.07707045246283], [-70.87556144722282, 43.07682271200203], [-70.87576023663027, 43.07651419945797], [-70.87589571107804, 43.076230205095726], [-70.87598423598679, 43.07598220225666], [-70.8761983135178, 43.07564995737259], [-70.87636508238829, 43.07534196784676], [-70.8766716157573, 43.07489080022568], [-70.87682237237176, 43.0745830730118], [-70.87705388005601, 43.074297502183185], [-70.87714347296007, 43.0740847020323], [-70.87722882355271, 43.0739952477431]]]}, "properties": {"AREA": 245601.878727, "PERIMETER": 4308.19848136, "DENSITY": "h", "HECTARES": 2.28172524324, "ACRES": 5.6382433133, "YEAR_": 2006}}, {"type": "Feature", "geometry": {"type": "Polygon", "coordinates": [[[-70.88204085646571, 43.07889875987898], [-70.88193931153614, 43.07895240085891], [-70.88172415270243, 43.078972802676375], [-70.88151214073635, 43.07902236837944], [-70.88132778956043, 43.07909158589941], [-70.88110822839087, 43.079150958500335], [-70.88098738917041, 43.07923555502082], [-70.88080206401379, 43.079317277233756], [-70.88071756856128, 43.079361938089384], [-70.88066621660343, 43.079437524715644], [-70.8805803962097, 43.079438935358695], [-70.88052579631365, 43.079408362585994], [-70.88045998848854, 43.07936223902372], [-70.88043504503464, 43.07924856910681], [-70.88048387076437, 43.07909041510364], [-70.88056463899795, 43.07892386867751], [-70.88070440643088, 43.07875635199117], [-70.88087370923252, 43.07850180608376], [-70.88106434362506, 43.07824297487157], [-70.8812192365999, 43.078043738892234], [-70.88139498195987, 43.077824490295], [-70.88147867057906, 43.077711061907785], [-70.88161635483047, 43.07768850966969], [-70.88173621892041, 43.07768653872946], [-70.88182147780674, 43.077759522553606], [-70.88189834431766, 43.077859693924644], [-70.88193977816537, 43.07800778536431], [-70.8819091040026, 43.07821116165704], [-70.8818030117289, 43.07836167993679], [-70.88175099897808, 43.07847073410688], [-70.88170696562815, 43.07853908281331], [-70.88180061837852, 43.07858487906021], [-70.88191312645257, 43.07864388927412], [-70.88198875201304, 43.07870350702538], [-70.88203837326576, 43.078817651884364], [-70.88204085646571, 43.07889875987898]]]}, "properties": {"AREA": 136790.624608, "PERIMETER": 1743.85131189, "DENSITY": "sb", "HECTARES": 1.27083157028, "ACRES": 3.14028063839, "YEAR_": 2006}}, {"type": "Feature", "geometry": {"type": "Polygon", "coordinates": [[[-70.8875425678514, 43.07864370296217], [-70.88731156862394, 43.0786357126861], [-70.88712384035584, 43.0786388096548], [-70.88686090067154, 43.07863921271307], [-70.88657674657286, 43.078647833041], [-70.886308201569, 43.07864046063583], [-70.8859950587021, 43.078578749407505], [-70.88583209858072, 43.07851456148506], [-70.88581541639536, 43.07846660950995], [-70.88599816532329, 43.078409497178825], [-70.88621675911979, 43.078317982744586], [-70.88668367945915, 43.07820208403839], [-70.88699551321572, 43.078142841563725], [-70.88735261645381, 43.07805580172598], [-70.88762374445972, 43.07800468421122], [-70.88788100156516, 43.07801809059763], [-70.88788569298012, 43.07801736549066], [-70.88792344764518, 43.078019332735394], [-70.88821725219687, 43.07797390952245], [-70.88843687968084, 43.077916185404156], [-70.88873948890733, 43.07785708967365], [-70.88905970719577, 43.07777065339613], [-70.88920293827431, 43.07771233572153], [-70.8892328148183, 43.07770017139269], [-70.88929732035518, 43.077768972335804], [-70.88934799425691, 43.07787429963045], [-70.8894413588711, 43.0780154480158], [-70.88948959148877, 43.07808836637488], [-70.88956137345987, 43.078154055219144], [-70.88964412368917, 43.078227430255815], [-70.88973675560436, 43.07827310596376], [-70.88984987543593, 43.07828697217321], [-70.88983076471683, 43.07829492768292], [-70.88978099485267, 43.0783156463627], [-70.88968077797773, 43.078372375491455], [-70.88952228643454, 43.0784536684402], [-70.88943243350309, 43.078498424483556], [-70.88934221871527, 43.078531384991734], [-70.88926297194935, 43.07857203170104], [-70.88909814910568, 43.078621959052526], [-70.88898063161807, 43.07863963445119], [-70.88884129762738, 43.07864586892102], [-70.88879879826733, 43.07864657020829], [-70.8887072063681, 43.078648082739626], [-70.88857859973864, 43.07865413957415], [-70.888359172923, 43.07867349776904], [-70.88813889963163, 43.07866533187074], [-70.88790253652554, 43.07865743141697], [-70.88771981049447, 43.078648645278285], [-70.8875425678514, 43.07864370296217]]]}, "properties": {"AREA": 211233.99164, "PERIMETER": 2385.16764468, "DENSITY": "h", "HECTARES": 1.9624358472, "ACRES": 4.84926518916, "YEAR_": 2006}}, {"type": "Feature", "geometry": {"type": "Polygon", "coordinates": [[[-70.88988361266796, 43.073626376403155], [-70.8897300982239, 43.0735599158847], [-70.8894910752288, 43.07358874976039], [-70.88922986083773, 43.073596193962665], [-70.88911613256131, 43.0735931717502], [-70.88898836102787, 43.07352616142321], [-70.8888875921458, 43.07347331129701], [-70.88871903302027, 43.07345313608946], [-70.8886039708526, 43.07339445991405], [-70.88851112591429, 43.07330658133641], [-70.88841435002982, 43.0732149816851], [-70.88845635840788, 43.073198250720594], [-70.88871589773748, 43.0731300305866], [-70.888966896432, 43.07307319107314], [-70.88896665895757, 43.07307352161889], [-70.88894608283248, 43.07310212933965], [-70.88900824310721, 43.073131009492435], [-70.88907040466839, 43.07315988962008], [-70.88922247919945, 43.0731632426172], [-70.88933334665893, 43.07314754083231], [-70.88949714987972, 43.0731018153109], [-70.88968693284295, 43.07312299223534], [-70.88977549708606, 43.0731715451469], [-70.8898789537607, 43.07321994613753], [-70.88985207635842, 43.07326334770987], [-70.88996031076636, 43.07326635440519], [-70.89014161167337, 43.07330761141856], [-70.89051192820648, 43.07330329961497], [-70.89078364417526, 43.073262879655836], [-70.89111055589126, 43.07319376062832], [-70.89132860748951, 43.07313684205899], [-70.89162500750325, 43.07311773844128], [-70.89194682652455, 43.073126619341636], [-70.89198685002769, 43.07311385505674], [-70.89194275764345, 43.07324883104338], [-70.89182432340425, 43.07335847539557], [-70.89168740764092, 43.07345801436911], [-70.8915368715891, 43.07354656356205], [-70.8914343375817, 43.073647692558204], [-70.8913214340441, 43.073737211130535], [-70.89101227683696, 43.07375914760973], [-70.89077167578357, 43.07377153741383], [-70.89056726422139, 43.073748002770536], [-70.89030769026606, 43.07371678871941], [-70.89017203212623, 43.073708001764736], [-70.89008053172836, 43.07370207528992], [-70.88988361266796, 43.073626376403155]]]}, "properties": {"AREA": 142198.371789, "PERIMETER": 2181.21490853, "DENSITY": "p", "HECTARES": 1.3210713865, "ACRES": 3.26442543133, "YEAR_": 2006}}, {"type": "Feature", "geometry": {"type": "Polygon", "coordinates": [[[-70.89198661179786, 43.070013402477045], [-70.89179632378038, 43.07011975461138], [-70.89162310522472, 43.07021656689881], [-70.89130111043944, 43.07031225303527], [-70.89087781585717, 43.07039318292403], [-70.89054260054019, 43.070423367019], [-70.8903751177462, 43.070442564734016], [-70.8902078885114, 43.0704699716015], [-70.8898182654065, 43.07038020236595], [-70.88933579852865, 43.0703629330295], [-70.8888767864699, 43.07036210051103], [-70.88852254334871, 43.07041001217067], [-70.88832938033148, 43.07047208881146], [-70.88825971808295, 43.07048167248075], [-70.88827133479319, 43.070385303642716], [-70.88810643639627, 43.07026973345752], [-70.88789855767953, 43.07021401846852], [-70.887655245284, 43.07017203060488], [-70.88746710076772, 43.07017513523547], [-70.88730422069402, 43.07012524805656], [-70.88707661014857, 43.070010711121924], [-70.88731425968244, 43.069996334909085], [-70.88754493233543, 43.07000021189535], [-70.88779608353326, 43.06998838494968], [-70.88804723342619, 43.069976556543565], [-70.88829531853351, 43.06986489766816], [-70.88860648415148, 43.06975987918711], [-70.8888852814945, 43.06962466266151], [-70.88920644761643, 43.06950411160317], [-70.88949642488211, 43.06939175714129], [-70.88978663804458, 43.06928708282648], [-70.8902518427862, 43.06907963366103], [-70.89068585841918, 43.06888038221927], [-70.89111128582586, 43.06874273563546], [-70.89145409990569, 43.06864487041958], [-70.89186999533533, 43.0685381121157], [-70.89233684232478, 43.06838440974765], [-70.89281368736411, 43.06821517416563], [-70.89324981669182, 43.06808502641738], [-70.89376044430014, 43.06799205911963], [-70.89417633018984, 43.06788529234765], [-70.89443699771574, 43.06784256026285], [-70.89474121807899, 43.06785288890708], [-70.89505591110134, 43.067863042514254], [-70.89541226531468, 43.06786482188629], [-70.89571553762066, 43.067844430706245], [-70.89607141750753, 43.06783084895732], [-70.89639540039921, 43.067802429162775], [-70.89657251150729, 43.067768760589566], [-70.89671941092104, 43.06774068371895], [-70.8966233314323, 43.06780824974363], [-70.89654018366905, 43.06788847348573], [-70.89640335371433, 43.067976672245265], [-70.8962892121892, 43.0680601897091], [-70.8961269860882, 43.06817095076658], [-70.89601959134457, 43.0682596866207], [-70.89590470996288, 43.068361208263156], [-70.89586526890407, 43.068426568045574], [-70.89573448298538, 43.06849913937927], [-70.89564030475806, 43.0685591245062], [-70.8955094862233, 43.06856129275995], [-70.8953538276597, 43.06856930742387], [-70.89525526522532, 43.06857784090558], [-70.89514366935018, 43.06859610990269], [-70.8950446545387, 43.06863786154577], [-70.89489590014271, 43.068680761124874], [-70.8947863338487, 43.06872033140055], [-70.89467205130386, 43.06872822184607], [-70.89453577614782, 43.06872178082849], [-70.89441304413562, 43.068763594231676], [-70.89425359554183, 43.06885768594928], [-70.89410307033751, 43.06898137021165], [-70.89396003148705, 43.06911512813121], [-70.8939448173071, 43.06920060112505], [-70.8938776236095, 43.069201713657456], [-70.89358872752202, 43.06928042857274], [-70.89335658452698, 43.06938284679519], [-70.89307939234783, 43.069477796523245], [-70.89273753275162, 43.06965596211457], [-70.89247330484828, 43.0698081988507], [-70.89198661179786, 43.070013402477045]]]}, "properties": {"AREA": 901229.259965, "PERIMETER": 5774.39863252, "DENSITY": "p", "HECTARES": 8.37272728965, "ACRES": 20.6893769505, "YEAR_": 2006}}, {"type": "Feature", "geometry": {"type": "Polygon", "coordinates": [[[-70.90074014927389, 43.064099759514825], [-70.90057886694916, 43.06412695224621], [-70.90044893550574, 43.0641488591728], [-70.90031504186032, 43.064151083455044], [-70.90020473148275, 43.06419405569522], [-70.90011541382584, 43.064209785489076], [-70.9000217676116, 43.064226277457884], [-70.89989410348903, 43.06424876064506], [-70.89979472229814, 43.064266262690495], [-70.89966438314157, 43.064289216483196], [-70.89954916781613, 43.06432201667697], [-70.8993884744259, 43.06435200398216], [-70.89924939706835, 43.064347036863786], [-70.89907087200535, 43.06435000096499], [-70.89892387564939, 43.064397502148665], [-70.89880995201686, 43.06441617590201], [-70.89874575767941, 43.06441327959468], [-70.89871281616571, 43.06433892920376], [-70.89859866048693, 43.0642809054933], [-70.89832392143354, 43.064315423251855], [-70.8978454478575, 43.06436830063441], [-70.89752732826132, 43.06432114938014], [-70.89715746712544, 43.06425238566896], [-70.89669479687903, 43.06415520020117], [-70.89624141331205, 43.064027900116834], [-70.8960110288992, 43.063844473581845], [-70.89577136048773, 43.0636911602066], [-70.89569573955337, 43.06355759674176], [-70.89552730945677, 43.06339561171381], [-70.89539112387031, 43.06328552123178], [-70.89522990624656, 43.06302604988293], [-70.89506938185852, 43.062789035743755], [-70.89512108290099, 43.062727514310566], [-70.89533117946647, 43.06262217216116], [-70.89550689818788, 43.06252831358826], [-70.89587511570603, 43.062402161004194], [-70.89630340024671, 43.06229320145643], [-70.8966089432512, 43.062226291900956], [-70.89696463641823, 43.06217674004264], [-70.89721787417541, 43.06218345426757], [-70.89731537873391, 43.06220487750303], [-70.89763642095151, 43.06232424839918], [-70.89781075613034, 43.062437322745765], [-70.8980211036154, 43.06249933210832], [-70.89820473626932, 43.06262101985363], [-70.89836593347306, 43.062802927031015], [-70.89847689457785, 43.06295384259803], [-70.89852536094553, 43.0630239999048], [-70.8985738274341, 43.063094156290916], [-70.89869521097756, 43.06314743247199], [-70.89887769505839, 43.06314538757723], [-70.89907762736698, 43.06314939420538], [-70.89931103863584, 43.063183881273446], [-70.8995112112789, 43.06326294617056], [-70.8996061822935, 43.06330876379602], [-70.89987624187481, 43.0632819700993], [-70.90018633118947, 43.06327267391372], [-70.90038404790255, 43.063285465216225], [-70.90053597728385, 43.063391927592235], [-70.90062272858805, 43.06353310214823], [-70.90075164957662, 43.06368741321572], [-70.90085714244593, 43.06380530427916], [-70.90094993790177, 43.063950015259955], [-70.90096844385572, 43.06403673388501], [-70.90074014927389, 43.064099759514825]]]}, "properties": {"AREA": 757480.026021, "PERIMETER": 3857.27713841, "DENSITY": "h", "HECTARES": 7.03724786462, "ACRES": 17.3893486231, "YEAR_": 2006}}, {"type": "Feature", "geometry": {"type": "Polygon", "coordinates": [[[-70.87847797469321, 43.07504313062837], [-70.87855334948414, 43.07488926673402], [-70.87867674488675, 43.074734612769475], [-70.87872153894277, 43.0746282125075], [-70.87894599610469, 43.07463626689829], [-70.87899114890614, 43.0745416007992], [-70.87890860262443, 43.07446077329938], [-70.87879332633807, 43.07435700122556], [-70.87872607102213, 43.07425244169988], [-70.87877158188341, 43.0741695099487], [-70.87891349280117, 43.074096736739655], [-70.87908813355187, 43.07404690599159], [-70.87931223054734, 43.07404322448127], [-70.87955412838676, 43.074097953120194], [-70.87971491504514, 43.074118792301086], [-70.87993865281963, 43.07410337529144], [-70.88012750538729, 43.07399460718257], [-70.8804298412293, 43.07393093527533], [-70.88056995546181, 43.07379948594609], [-70.88074279968646, 43.07369097950971], [-70.88091564329069, 43.073582473705486], [-70.8811361478158, 43.07346144231488], [-70.881277336138, 43.07336519669195], [-70.88145125467985, 43.073291892861185], [-70.88173614281067, 43.07318154231383], [-70.88194387055023, 43.073166385124324], [-70.88213271671826, 43.07305761363777], [-70.88228953182485, 43.073081439315324], [-70.8824228273519, 43.07315321092379], [-70.88247316733178, 43.07319289746717], [-70.88255499673815, 43.073250253894784], [-70.88239852306202, 43.073370234416444], [-70.88222675987082, 43.07351394618645], [-70.8819749631552, 43.07365897584689], [-70.88185157821583, 43.07381363167919], [-70.88169438337509, 43.07391014177117], [-70.88145823043733, 43.07404317222266], [-70.88131704082289, 43.074139418047395], [-70.88125696335872, 43.07426955161365], [-70.88107134284778, 43.07448393358906], [-70.8808672006817, 43.07461643632502], [-70.88064776902283, 43.0747726708415], [-70.88052294264814, 43.07488038720119], [-70.88031592662517, 43.0749190120929], [-70.88021952489702, 43.07490885560155], [-70.88015872655438, 43.075015520015434], [-70.88013101864118, 43.075156861010356], [-70.87992471913799, 43.07521895461646], [-70.87980132587589, 43.075373609030805], [-70.87961390361215, 43.07552931540616], [-70.87947557777744, 43.07571943661753], [-70.87933330561644, 43.07578047621599], [-70.87918995643639, 43.07580631192869], [-70.8790306002649, 43.07583241085306], [-70.87887052667071, 43.07583504011881], [-70.87876759072499, 43.075849360506766], [-70.87867915531561, 43.07586166437642], [-70.878501281272, 43.07580588242215], [-70.87836856092592, 43.07565543436388], [-70.87829951287947, 43.07549220146427], [-70.87832722516968, 43.0753508600555], [-70.87840654422769, 43.07532607683664], [-70.87848371180351, 43.07523088524501], [-70.87847797469321, 43.07504313062837]]]}, "properties": {"AREA": 410506.177577, "PERIMETER": 3459.52204369, "DENSITY": "p", "HECTARES": 3.81374243853, "ACRES": 9.42392510508, "YEAR_": 2006}}, {"type": "Feature", "geometry": {"type": "Polygon", "coordinates": [[[-70.85768359619344, 43.065775314663476], [-70.85704841190133, 43.065725027652924], [-70.85704157818348, 43.065725138632985], [-70.85660781700713, 43.06573217865385], [-70.85660098328809, 43.06573228960762], [-70.85616491037086, 43.06576941661067], [-70.85590592290869, 43.06575366727764], [-70.85551918323787, 43.06571954062871], [-70.85511837077452, 43.06567554071029], [-70.8547319371315, 43.06565150619018], [-70.85438711315491, 43.06563689517356], [-70.85397375126276, 43.06563349490038], [-70.85354449098126, 43.06555965049266], [-70.85318498657585, 43.065514974140456], [-70.85338609523102, 43.065479843504804], [-70.85352260941102, 43.06547261945111], [-70.85376845648172, 43.06546362358953], [-70.85393913781397, 43.06545584510142], [-70.85404726172005, 43.06541399208038], [-70.85419502489161, 43.06532638249978], [-70.85425943074654, 43.0651950109907], [-70.85411868685756, 43.06506195160246], [-70.8540477874394, 43.06497788608525], [-70.85410656740639, 43.064886706559584], [-70.85410886964745, 43.06473629047473], [-70.85399651810256, 43.06463785923828], [-70.85377438235186, 43.06452616823064], [-70.85364213658849, 43.06444810912284], [-70.85342638251142, 43.06432127703723], [-70.85317737034417, 43.06422505848989], [-70.85294413803653, 43.06419876100615], [-70.85277300826388, 43.064191507514174], [-70.8528326954794, 43.0641303897081], [-70.85297483199149, 43.06408297352739], [-70.85317072778503, 43.06400461099444], [-70.85349796213313, 43.063974247385126], [-70.8538174572703, 43.063913931670044], [-70.85402883070587, 43.063895468197124], [-70.85417719474792, 43.06382789959715], [-70.8542560192545, 43.0637213569912], [-70.8545049162115, 43.063586994848364], [-70.85483973593084, 43.06358156622476], [-70.85521751860776, 43.06364060486477], [-70.85569247612884, 43.063748191700284], [-70.85604900621011, 43.06378250884392], [-70.85636378033884, 43.06379243996328], [-70.85660097213731, 43.06372342679148], [-70.85667477487564, 43.0636771155491], [-70.85666340380016, 43.06352692124898], [-70.85656290254974, 43.063368148473494], [-70.85634624958101, 43.06327984336518], [-70.85618249430158, 43.0631911266647], [-70.85630974722902, 43.06321227162182], [-70.85663249965982, 43.06332327024689], [-70.85710674057191, 43.06346656639773], [-70.85765163463047, 43.06364015998119], [-70.85830318060343, 43.06391642351141], [-70.85896353354879, 43.06411489943065], [-70.85931300804702, 43.06432652102849], [-70.8599785977505, 43.06459378604071], [-70.86034729184516, 43.06476392094169], [-70.86075641507703, 43.0649523264295], [-70.86129958014243, 43.06513936767565], [-70.86159759752422, 43.06513815118238], [-70.86180268793485, 43.06527801542853], [-70.86194238548265, 43.06537599399428], [-70.86227963548134, 43.06567627384495], [-70.86263920819503, 43.06603634078553], [-70.86300394971474, 43.06634118371833], [-70.86324205103209, 43.06652778497399], [-70.86355668800964, 43.066758253099394], [-70.86386722693557, 43.06707901387466], [-70.86407997345955, 43.067331190534304], [-70.86422306012915, 43.06746674932298], [-70.86401285475723, 43.06734897326133], [-70.86360927265225, 43.06721414739552], [-70.86343586851567, 43.06714451624936], [-70.86324669481127, 43.067068553104995], [-70.86285810898872, 43.066973880787046], [-70.86241292050097, 43.066829628092776], [-70.86209073524977, 43.06665307118212], [-70.86163239376532, 43.0665292304641], [-70.86113274689126, 43.06640605852908], [-70.86071663086527, 43.06631182695425], [-70.86031275818058, 43.06616689478572], [-70.8599933308627, 43.06608118766587], [-70.85963320915008, 43.06601634198033], [-70.85910847552111, 43.065974369748844], [-70.85863790068298, 43.06590121605556], [-70.85813948508398, 43.06581841201931], [-70.85768359619344, 43.065775314663476]]]}, "properties": {"AREA": 1591422.61223, "PERIMETER": 8140.49036743, "DENSITY": "h", "HECTARES": 14.7848589994, "ACRES": 36.5340360934, "YEAR_": 2006}}, {"type": "Feature", "geometry": {"type": "Polygon", "coordinates": [[[-70.85181819389268, 43.067244018167074], [-70.85202055093114, 43.06718083808964], [-70.85229585114904, 43.06709488418853], [-70.8523876724251, 43.066941896153416], [-70.85232712342528, 43.06676107551991], [-70.85215885662963, 43.06666279909091], [-70.85197621406058, 43.06654455529223], [-70.85178010601553, 43.066436629287935], [-70.85152770867285, 43.06628921335938], [-70.85124929481869, 43.066192718192674], [-70.85106787077342, 43.06611485299106], [-70.8509092628608, 43.06606442056279], [-70.85079829694499, 43.06592040827796], [-70.8508280294572, 43.06592683227423], [-70.85079370701558, 43.065872602148566], [-70.85086743330365, 43.06590608900455], [-70.85093164929931, 43.06593525655397], [-70.85106238361733, 43.06595857634428], [-70.85129135327008, 43.06607016105492], [-70.8516130346761, 43.06611343346148], [-70.85186645787363, 43.0661650072493], [-70.8521845672563, 43.06623899045085], [-70.85235821750904, 43.066308535076075], [-70.85254877362506, 43.06636818360871], [-70.8527676219407, 43.066425516199764], [-70.85303106095292, 43.066497870473114], [-70.853296408874, 43.066588394876895], [-70.85350754619182, 43.066663175795085], [-70.85372091140977, 43.06669594448428], [-70.85388688883212, 43.066734362285096], [-70.85403943731141, 43.06676972294981], [-70.85430012655225, 43.06681512732561], [-70.85453713732697, 43.06684653657606], [-70.85476781557118, 43.06688641684001], [-70.85494705610004, 43.06691321519466], [-70.8551068198998, 43.06694298880232], [-70.85531726580064, 43.06701562359165], [-70.85553909140444, 43.067062525609394], [-70.85532773145516, 43.067067445408625], [-70.85515765065257, 43.06709526692657], [-70.85492742929452, 43.06716917656911], [-70.85470298301479, 43.0672079042856], [-70.85441005133652, 43.067242728452925], [-70.85416389494962, 43.067241705584074], [-70.85392381688523, 43.06721552082056], [-70.85364424912294, 43.06724010138078], [-70.85317972394547, 43.06725264024813], [-70.85283167070278, 43.06727331493596], [-70.85260099168748, 43.06733219023342], [-70.85231838316625, 43.06735601318893], [-70.85195972581234, 43.06741379634914], [-70.85147918750896, 43.06749121409492], [-70.85120944101749, 43.06753467114892], [-70.85105624721602, 43.0675593510153], [-70.85127290483842, 43.06743464460583], [-70.8515458537116, 43.06734942649591], [-70.85181819389268, 43.067244018167074]]]}, "properties": {"AREA": 215101.436015, "PERIMETER": 3623.04966214, "DENSITY": "h", "HECTARES": 1.99836572487, "ACRES": 4.9380494953, "YEAR_": 2006}}, {"type": "Feature", "geometry": {"type": "Polygon", "coordinates": [[[-70.85615257278657, 43.070997670794], [-70.85609241997568, 43.07099686755436], [-70.85603623602034, 43.07099611760276], [-70.85597038760294, 43.071033486704266], [-70.85583680658274, 43.0710385929583], [-70.85572630362745, 43.07104957502855], [-70.85552911493616, 43.07106800351175], [-70.85536256294704, 43.071100479847104], [-70.85517242237256, 43.071141378904635], [-70.85493988550763, 43.07119235307567], [-70.85480420576465, 43.07122089514056], [-70.85467028336382, 43.07124707848911], [-70.854562640854, 43.07124149425861], [-70.85438811768735, 43.07123243946893], [-70.85423384820754, 43.07123737539164], [-70.85405915464774, 43.0712522811859], [-70.85392365884762, 43.07127587532499], [-70.85378349011751, 43.071300283160674], [-70.85364796207669, 43.07130735158193], [-70.8534859518163, 43.071328561325835], [-70.85331918798332, 43.07134349713508], [-70.85319074834993, 43.07135500008221], [-70.85306281921764, 43.07138332062803], [-70.85284346751087, 43.07141919495593], [-70.85267449894688, 43.07145920794193], [-70.85248362115505, 43.07145522064009], [-70.85233089444263, 43.07145440033984], [-70.8521085510823, 43.071461254172185], [-70.85177976630189, 43.07149205276571], [-70.85160529292408, 43.071532957537755], [-70.85146972624739, 43.07154594076278], [-70.85139819023182, 43.07151425224369], [-70.85124204575594, 43.071460593677934], [-70.8511356076165, 43.071399825917084], [-70.85103643795811, 43.07136807525416], [-70.85094360206551, 43.07133036107855], [-70.85083532242476, 43.07128729418483], [-70.85068205829401, 43.071272967233405], [-70.85051361744564, 43.07125685123341], [-70.85042950169115, 43.071260245289054], [-70.85028320134018, 43.071223395030486], [-70.85018817036139, 43.0711583338838], [-70.85015272679013, 43.07111281997632], [-70.85017342741051, 43.070986794767336], [-70.85019677577499, 43.07083250987418], [-70.8502515716362, 43.07079314700023], [-70.8504574381999, 43.07077442674416], [-70.85071622484692, 43.07077024030947], [-70.85091944372135, 43.07077977801242], [-70.85114737279937, 43.0707966117344], [-70.85141680531105, 43.07079738115913], [-70.85160588101385, 43.07080201632151], [-70.85175322272026, 43.0708150225311], [-70.85192131669722, 43.070819996539875], [-70.8520334554903, 43.07082587721034], [-70.85212718288835, 43.07080127327645], [-70.85218086178939, 43.07078441186256], [-70.85220368383766, 43.07084556653439], [-70.8523723665262, 43.070873598104114], [-70.85257728258414, 43.07088566089108], [-70.85277707216241, 43.070901651160455], [-70.85300762118963, 43.070894072131544], [-70.85313378576092, 43.070903563881316], [-70.85331249104924, 43.07091605021864], [-70.85343900298226, 43.07093707246788], [-70.85355479847918, 43.07095057769694], [-70.85370262871928, 43.07098278891114], [-70.85382983684487, 43.07102687150793], [-70.85392967454527, 43.0710329437929], [-70.85407237744892, 43.071069083324105], [-70.8542079844871, 43.07104381459693], [-70.85435955077189, 43.071025976409764], [-70.85448478842778, 43.07100472047863], [-70.8546042045633, 43.07096433157506], [-70.8547385348936, 43.07089678427832], [-70.85487437380849, 43.07087920108323], [-70.85498318780155, 43.07083513862469], [-70.85515479513872, 43.07078621313353], [-70.85529063246969, 43.07076862943231], [-70.85539408823168, 43.070720808222035], [-70.85556079993741, 43.07068349640207], [-70.85567042600746, 43.070666337668825], [-70.85577935537289, 43.070626118057525], [-70.85595666702069, 43.07059247961755], [-70.85604539451029, 43.07057650560362], [-70.85614446381636, 43.070558670324864], [-70.85635800831912, 43.070509062481136], [-70.85658308015762, 43.070493874303466], [-70.85679731990284, 43.07046732549728], [-70.8569119551573, 43.07044239302314], [-70.8571266589508, 43.07043121714161], [-70.85738877569278, 43.07042696175702], [-70.85751470843515, 43.07042876235792], [-70.85764029189636, 43.07041903288213], [-70.85777018893185, 43.07037847082129], [-70.85775265040883, 43.07043302715762], [-70.85774821250696, 43.070517747795236], [-70.85772690838033, 43.07062326355574], [-70.85769426193303, 43.070700747312415], [-70.85758856242819, 43.070792242277996], [-70.85746211232008, 43.07089177017645], [-70.85738991222584, 43.07093398395777], [-70.85734402242996, 43.07095114594864], [-70.85724851790562, 43.07101054002846], [-70.8570876490735, 43.071047794824395], [-70.85694054492448, 43.07108954768281], [-70.85681950832189, 43.071118824066026], [-70.8565829325804, 43.07115382213444], [-70.8564101534829, 43.07116895390952], [-70.85632806355994, 43.07116073836131], [-70.85631188133426, 43.0711339510852], [-70.85625278578883, 43.0710365897006], [-70.85615257278657, 43.070997670794]]]}, "properties": {"AREA": 352993.988001, "PERIMETER": 4506.13469082, "DENSITY": "p", "HECTARES": 3.27943457642, "ACRES": 8.10362690543, "YEAR_": 2006}}, {"type": "Feature", "geometry": {"type": "Polygon", "coordinates": [[[-70.84661093302624, 43.07092507716606], [-70.84670679958924, 43.07085512667587], [-70.8469098078438, 43.07078002602221], [-70.8471676399821, 43.07066641806476], [-70.84744099958718, 43.07060386171722], [-70.84767280491967, 43.070555655644746], [-70.84788201499926, 43.070531755617644], [-70.84804740129174, 43.07051075078798], [-70.84826180225771, 43.07045926124698], [-70.84848468590762, 43.070405734577996], [-70.84868062543443, 43.070405988553496], [-70.8489092060189, 43.070405713920884], [-70.84917573845901, 43.0703187741712], [-70.84952483239223, 43.070245275889455], [-70.84982791342122, 43.07024037616552], [-70.84997225371, 43.07023120126846], [-70.85010157683985, 43.07018806845962], [-70.85023950590057, 43.07012085457327], [-70.85046883781095, 43.06999059976541], [-70.85071805550882, 43.06990106466991], [-70.85096116800669, 43.069763745443105], [-70.85126177457744, 43.069657368870956], [-70.85146487700868, 43.06960510778165], [-70.85181872957727, 43.06958227947524], [-70.85213123520056, 43.069580640829976], [-70.85224492442245, 43.06960287926246], [-70.85225155641666, 43.06964891571756], [-70.85235674916773, 43.06965874785337], [-70.8524678787192, 43.0696915555499], [-70.8525941568325, 43.06970489239177], [-70.85272089827104, 43.06973360174858], [-70.85282678678078, 43.069766494239474], [-70.85289143137368, 43.06982312585197], [-70.85285716694636, 43.069904431415274], [-70.85280228033139, 43.06999760655694], [-70.8527517108761, 43.07005994943906], [-70.85271663573211, 43.07011435146423], [-70.85270322411084, 43.070191473722154], [-70.85275796435631, 43.07026749284669], [-70.85288039097757, 43.07032703427257], [-70.85292954050823, 43.07039160760917], [-70.85288386511458, 43.07044233545746], [-70.85282851598863, 43.070520137056725], [-70.85277817591162, 43.07059016715423], [-70.85264862233628, 43.07064225435286], [-70.8525498279673, 43.07067077077483], [-70.85240955770114, 43.070715339824126], [-70.85225822384905, 43.07074086176148], [-70.85218086178939, 43.07078441186256], [-70.85212718288835, 43.07080127327645], [-70.8520334554903, 43.07082587721034], [-70.85192131669722, 43.070819996539875], [-70.85175322272026, 43.0708150225311], [-70.85160588101385, 43.07080201632151], [-70.85141680531105, 43.07079738115913], [-70.85114737279937, 43.0707966117344], [-70.85091944372135, 43.07077977801242], [-70.85071622484692, 43.07077024030947], [-70.8504574381999, 43.07077442674416], [-70.8502515716362, 43.07079314700023], [-70.85019677577499, 43.07083250987418], [-70.85009811445732, 43.070848214029574], [-70.84994993263386, 43.070884812086014], [-70.84979365884939, 43.07096258227603], [-70.84968380766, 43.071032761371804], [-70.84956888177223, 43.071089342295195], [-70.84950037877583, 43.071138331399666], [-70.84939585407565, 43.07119292505332], [-70.84921092117908, 43.07114487674884], [-70.84905826985013, 43.07114796111981], [-70.84882250946451, 43.071181968687114], [-70.8485399994208, 43.07118864030632], [-70.84836422972528, 43.07119279078636], [-70.84815154497034, 43.071235443300516], [-70.84785450767355, 43.071268252616264], [-70.84764165376964, 43.07130530486827], [-70.84750618973861, 43.07137472064104], [-70.8473861702241, 43.07144948936765], [-70.84715073856523, 43.071498109957005], [-70.84699865180507, 43.07152297412231], [-70.84689037464678, 43.071479903516966], [-70.84675151086232, 43.07141188982978], [-70.84667756388332, 43.07127969698837], [-70.84662237122002, 43.07115062252965], [-70.84658024352791, 43.07099055550368], [-70.84661093302624, 43.07092507716606]]]}, "properties": {"AREA": 526906.048849, "PERIMETER": 4058.84772129, "DENSITY": "sb", "HECTARES": 4.89513695378, "ACRES": 12.0960984584, "YEAR_": 2006}}, {"type": "Feature", "geometry": {"type": "Polygon", "coordinates": [[[-70.88159200505233, 43.08447015175458], [-70.88158823789972, 43.08434710197802], [-70.88158258657259, 43.084162527754046], [-70.88165925949798, 43.08392383630411], [-70.8816767845972, 43.08371249998254], [-70.88176356318785, 43.08341208719241], [-70.88190975842622, 43.08309310914183], [-70.88211745826062, 43.08283543580769], [-70.88239830505589, 43.08259262368618], [-70.88269788806683, 43.08226326101328], [-70.88314390856429, 43.08186806341813], [-70.883315151359, 43.08158384633409], [-70.88345042213597, 43.08130022082354], [-70.88348437953731, 43.08084238957701], [-70.88342160478183, 43.08035977012217], [-70.88330103413325, 43.079948450931845], [-70.88319057076865, 43.079475410170474], [-70.88307431183361, 43.079204718983604], [-70.88315423375488, 43.07917835323876], [-70.88333759940657, 43.07913430352026], [-70.8834870194206, 43.07907850272941], [-70.88364775552152, 43.079026618360885], [-70.88386468699919, 43.07898201523258], [-70.8840485537831, 43.07895436872675], [-70.8841651601294, 43.078923726252675], [-70.88428723510876, 43.078888891194524], [-70.88444822059809, 43.078845207867154], [-70.88460983412014, 43.0788220297636], [-70.88474410270751, 43.07881981745848], [-70.88488434487859, 43.078829816879036], [-70.885025968613, 43.07888492631358], [-70.88511611115683, 43.07890395659803], [-70.88521184716663, 43.07892289448635], [-70.88536290108966, 43.07892040541211], [-70.88559340988385, 43.078953534161435], [-70.88579720549919, 43.07902813419396], [-70.88593399178694, 43.07910794140656], [-70.8860640510452, 43.07915093100494], [-70.88618763502149, 43.07916530609301], [-70.88635522146521, 43.07915433643543], [-70.8866123198703, 43.07914189018067], [-70.88679731912636, 43.0791511490624], [-70.88707220867639, 43.07917123330631], [-70.88719629723744, 43.07920201076921], [-70.88736614941895, 43.07926485833378], [-70.88753002898886, 43.079315495708464], [-70.88775532415303, 43.07936101492188], [-70.88792480022539, 43.079411558401695], [-70.88808321211346, 43.07946638762869], [-70.888253696653, 43.07954973933442], [-70.88840192779465, 43.079637560862736], [-70.88851112380593, 43.07973012975148], [-70.88862972477662, 43.079821389736445], [-70.88877352921972, 43.07994723766955], [-70.88893521029394, 43.08008561293223], [-70.8890986654727, 43.08028165799898], [-70.8891659628138, 43.08047929092141], [-70.88918718820986, 43.080600751559366], [-70.88917344589646, 43.08072279015538], [-70.88897265446617, 43.080822050143894], [-70.88875277976574, 43.080979769687424], [-70.8885987752859, 43.08109130119752], [-70.88840210354017, 43.081186151297615], [-70.88817495323569, 43.081245752269446], [-70.88798401139555, 43.0812937818836], [-70.88771576939867, 43.08138796461982], [-70.88753988371887, 43.08147649877412], [-70.88736404279608, 43.081611745877424], [-70.88715836993772, 43.08174977172397], [-70.88688157917531, 43.08185050413506], [-70.88661429007995, 43.08198288996704], [-70.88634482851238, 43.082116350449894], [-70.88612271189102, 43.08220280823059], [-70.88586123847043, 43.08223276313343], [-70.8855743261908, 43.08228878166471], [-70.88526099044775, 43.08233882381071], [-70.88507004176685, 43.082386848500434], [-70.88490590909863, 43.08245366418412], [-70.88475467914733, 43.08254569036489], [-70.88464973927893, 43.0826566291068], [-70.88456546264896, 43.08276059501515], [-70.88441272160227, 43.08284841656431], [-70.88424573860195, 43.08288767321338], [-70.88404643866212, 43.08294865539888], [-70.88378555140727, 43.082997829775096], [-70.883611887582, 43.083039156065844], [-70.8834779135194, 43.08313407292167], [-70.8833577926702, 43.08321917548839], [-70.88328852245391, 43.0833329801957], [-70.88324913177988, 43.08347467294358], [-70.88313882136706, 43.08358547809234], [-70.88306289000398, 43.08367648280323], [-70.88293364590359, 43.08374622332267], [-70.88297143777555, 43.08383185511473], [-70.88287821749226, 43.08392955640079], [-70.88273234837288, 43.08402171291447], [-70.8825219931722, 43.08410443566294], [-70.88229473638809, 43.08419380507065], [-70.88210938133629, 43.08424353023372], [-70.88192736346734, 43.0842978138867], [-70.88173895685145, 43.08442913500474], [-70.88159200505233, 43.08447015175458]]]}, "properties": {"AREA": 1848989.29512, "PERIMETER": 6603.53950194, "DENSITY": "p", "HECTARES": 17.1777413553, "ACRES": 42.4469535151, "YEAR_": 2006}}, {"type": "Feature", "geometry": {"type": "Polygon", "coordinates": [[[-70.8891659628138, 43.08047929092141], [-70.8890986654727, 43.08028165799898], [-70.88893521029394, 43.08008561293223], [-70.88877352921972, 43.07994723766955], [-70.88862972477662, 43.079821389736445], [-70.88851112380593, 43.07973012975148], [-70.88840192779465, 43.079637560862736], [-70.888253696653, 43.07954973933442], [-70.88835901135393, 43.07955018113674], [-70.88850742242649, 43.07954131930426], [-70.8886814660468, 43.079512801913005], [-70.88882790740787, 43.079439861842616], [-70.88888634086229, 43.079349141167356], [-70.88892709480068, 43.0792523016313], [-70.88895851775669, 43.079136382769256], [-70.88895418540685, 43.07899540976778], [-70.88888905639533, 43.078868263192014], [-70.88883404795038, 43.07878582704094], [-70.88879691651188, 43.078715917501384], [-70.88879879826733, 43.07864657020829], [-70.88884129762738, 43.07864586892102], [-70.88898063161807, 43.07863963445119], [-70.88909814910568, 43.078621959052526], [-70.88926297194935, 43.07857203170104], [-70.88934221871527, 43.078531384991734], [-70.88943243350309, 43.078498424483556], [-70.88952228643454, 43.0784536684402], [-70.88968077797773, 43.078372375491455], [-70.88978099485267, 43.0783156463627], [-70.88983076471683, 43.07829492768292], [-70.88999102244493, 43.07829870608729], [-70.89020160480993, 43.07832087127594], [-70.8906196149994, 43.07826267508512], [-70.89082763460327, 43.07820153706165], [-70.89113220239776, 43.078151624523514], [-70.89159510111624, 43.078131148665626], [-70.892373280426, 43.07812469042037], [-70.89307180008173, 43.07808748798647], [-70.89364616255494, 43.07799463813726], [-70.8938609447729, 43.07786927058587], [-70.89403695625384, 43.07790482367615], [-70.89410327827417, 43.07807041407765], [-70.89418031827499, 43.07829993870325], [-70.8942478257182, 43.07850397658123], [-70.89425473649317, 43.07872825148905], [-70.89425310418927, 43.07895907860269], [-70.89425922566411, 43.079157721488976], [-70.8942494442156, 43.07940791724622], [-70.89423808152348, 43.07960684987052], [-70.8942334874931, 43.07974155940765], [-70.89421298909683, 43.07992782089974], [-70.89420977663477, 43.08010738485501], [-70.89417856128931, 43.08022971299355], [-70.89407682091048, 43.08033397494954], [-70.89385072182688, 43.08037618519952], [-70.8936597869942, 43.08042422434734], [-70.89344242890785, 43.08046628849991], [-70.8932952027362, 43.08051360339312], [-70.89305240812722, 43.08058173186811], [-70.89283682473562, 43.080681465745556], [-70.8926365547263, 43.08071042416279], [-70.89247841425271, 43.080687395848614], [-70.89239835801425, 43.08064384272749], [-70.89223204168864, 43.080647916594124], [-70.89206696105595, 43.08067496887849], [-70.89191039889128, 43.08070320289962], [-70.8917347754714, 43.08068046206034], [-70.8915676970421, 43.08065116985337], [-70.89140022408496, 43.08060906094525], [-70.89111871449796, 43.080556015260186], [-70.89089839787822, 43.08050195699408], [-70.89063496362908, 43.080467844210375], [-70.8903890140932, 43.08043344256213], [-70.89010888488535, 43.08042524885183], [-70.88980509251977, 43.08050078966674], [-70.88950984448051, 43.08056977872446], [-70.8892847253325, 43.080644018810034], [-70.88917344589646, 43.08072279015538], [-70.88918718820986, 43.080600751559366], [-70.8891659628138, 43.08047929092141]], [[-70.88989241864267, 43.07955142686578], [-70.89008235580705, 43.079543991672416], [-70.89029297274607, 43.07954644701024], [-70.89052796127979, 43.079551467993895], [-70.89069828837667, 43.079537036844776], [-70.89086095782511, 43.07951266166067], [-70.8909792397917, 43.0794720507231], [-70.89115514825377, 43.0794143535992], [-70.89130395022929, 43.07936946815835], [-70.89142425104109, 43.07932695939733], [-70.89157639412097, 43.079275924734574], [-70.89166867904757, 43.079232161958714], [-70.8918160053287, 43.0791680843311], [-70.89188574311461, 43.079066021021326], [-70.8919064845113, 43.0789567127114], [-70.8919063676748, 43.0789550700272], [-70.89190658601923, 43.07895391929976], [-70.89189961761164, 43.07885905998926], [-70.89183690749162, 43.078794802288115], [-70.89175469475393, 43.078754610606374], [-70.89161664878526, 43.07874205372005], [-70.89147501232036, 43.07874439520924], [-70.89136584121897, 43.07874916818378], [-70.89126880998369, 43.07875374066527], [-70.89114390832162, 43.07877361325058], [-70.89107870422353, 43.078759851652514], [-70.89095243345146, 43.07873522700465], [-70.89080197330077, 43.07871397044236], [-70.8907116672984, 43.078673911270926], [-70.8905866741214, 43.07869081749811], [-70.89044217763755, 43.07873178851404], [-70.8902821307235, 43.07879379231721], [-70.89015114216942, 43.07887905880384], [-70.88999559897952, 43.07895582749616], [-70.88985155632955, 43.07901163099104], [-70.88972765604736, 43.07906413244989], [-70.88961093762569, 43.07908683591571], [-70.88945338763311, 43.079098342093424], [-70.88932793730991, 43.07910041459124], [-70.88923163439861, 43.07912871672657], [-70.88918121444138, 43.07920077948951], [-70.8891557131075, 43.07929320754765], [-70.88915584919846, 43.07929487556985], [-70.88915577328191, 43.07929514960302], [-70.88916228157686, 43.079375176696914], [-70.88919702559362, 43.07945176978558], [-70.88925009727195, 43.07951711654919], [-70.88933485608952, 43.07958898686873], [-70.88943913408957, 43.07961063471936], [-70.88956120833514, 43.079606045728966], [-70.88971254974292, 43.07957431655016], [-70.88989241864267, 43.07955142686578]]]}, "properties": {"AREA": 1063965.76902, "PERIMETER": 6513.66737983, "DENSITY": "h", "HECTARES": 9.88460497819, "ACRES": 24.4252931364, "YEAR_": 2006}}, {"type": "Feature", "geometry": {"type": "Polygon", "coordinates": [[[-70.88934799425691, 43.07787429963045], [-70.88929732035518, 43.077768972335804], [-70.8892328148183, 43.07770017139269], [-70.88920293827431, 43.07771233572153], [-70.88919036893638, 43.07769892884201], [-70.88915897005427, 43.07757772397947], [-70.88904479525294, 43.07746464858422], [-70.8889121817702, 43.07735187802988], [-70.88876008860342, 43.077205616734126], [-70.88855288341153, 43.07706702703393], [-70.88833687491373, 43.076942107234636], [-70.8881114393172, 43.07681057961688], [-70.8878118272107, 43.07666675190057], [-70.88749398427753, 43.07652998614994], [-70.88721364626188, 43.07641288785922], [-70.88702675484838, 43.076334821953814], [-70.88668819388049, 43.076124009578265], [-70.8863039496847, 43.07592747358137], [-70.88598549218217, 43.075770426910026], [-70.88570391594283, 43.07561277050484], [-70.88557131259897, 43.075499995221556], [-70.8855155780313, 43.075487389683296], [-70.88540680293589, 43.075550043647084], [-70.88522530506798, 43.07564770867168], [-70.88506204014126, 43.0757383101575], [-70.88493627591015, 43.07584858137176], [-70.88478181368043, 43.07592551243085], [-70.88461668214502, 43.07595528293789], [-70.88444357304677, 43.07602575796794], [-70.88429770973485, 43.07608226038383], [-70.88414811666028, 43.07601710014345], [-70.88413599707773, 43.07592262637454], [-70.88416831993392, 43.07577332074602], [-70.88426559693, 43.07563647098156], [-70.88440037431478, 43.07551928946799], [-70.88452676133055, 43.07542929652347], [-70.88458840018178, 43.07533360759793], [-70.88455866793898, 43.075266472905554], [-70.88444782218868, 43.07526153670656], [-70.88429004727239, 43.07523032340498], [-70.8841136253617, 43.07519265513519], [-70.88396569175153, 43.075181566078406], [-70.88375321930404, 43.075171540360536], [-70.88390321348616, 43.07510456920517], [-70.8842285428321, 43.075051272188695], [-70.88452648998414, 43.07501897148737], [-70.88477649118592, 43.074946369854885], [-70.88492252610605, 43.07483439014785], [-70.88513475873162, 43.074748713210084], [-70.885338284899, 43.07468372424831], [-70.88556090270339, 43.07463211651771], [-70.88569078042923, 43.07460258292845], [-70.88580072498527, 43.07453228709171], [-70.88597581755747, 43.07445406862628], [-70.88610569594142, 43.07442453456903], [-70.88631981574592, 43.07440045913736], [-70.88654495191173, 43.074430987481996], [-70.88683670893268, 43.074501508096404], [-70.88716476283317, 43.07453718603403], [-70.88749491893758, 43.074641313011405], [-70.88773338799372, 43.07480173756492], [-70.88790712945037, 43.07498377508929], [-70.88804142098373, 43.075097980520205], [-70.88818610083021, 43.07524625645469], [-70.88829196280236, 43.0753472338431], [-70.88841776019567, 43.07548897189022], [-70.88859024352296, 43.07562993895024], [-70.88870565397204, 43.07573760696119], [-70.88889723428312, 43.07589195555492], [-70.88899270890055, 43.0759588625982], [-70.88907947768212, 43.076046458217945], [-70.88929415610251, 43.076138048133075], [-70.88945141176426, 43.07629370368316], [-70.88967311008481, 43.07651603585197], [-70.8898646952446, 43.07667038284286], [-70.89012311499071, 43.076871562971746], [-70.89038982190282, 43.077038363971035], [-70.89064613952279, 43.077171094810026], [-70.89087423694933, 43.0772974433497], [-70.89110170281828, 43.077403256281265], [-70.89126317519946, 43.077489614699374], [-70.89140597428725, 43.077576282058736], [-70.8916050084309, 43.077668867931195], [-70.89185051921739, 43.077753835941536], [-70.89203916423321, 43.07781235073417], [-70.89222737633138, 43.07783370184305], [-70.89240003409104, 43.07785328750291], [-70.8925823925179, 43.07787397370895], [-70.89279760433375, 43.07786828745366], [-70.89303082963589, 43.0778575799592], [-70.89316134270295, 43.077848572175036], [-70.89344167706983, 43.0778507809216], [-70.89364710014678, 43.077847380845185], [-70.8938609447729, 43.07786927058587], [-70.89364616255494, 43.07799463813726], [-70.89307180008173, 43.07808748798647], [-70.892373280426, 43.07812469042037], [-70.89159510111624, 43.078131148665626], [-70.89113220239776, 43.078151624523514], [-70.89082763460327, 43.07820153706165], [-70.8906196149994, 43.07826267508512], [-70.89020160480993, 43.07832087127594], [-70.88999102244493, 43.07829870608729], [-70.88983076471683, 43.07829492768292], [-70.88984987543593, 43.07828697217321], [-70.88973675560436, 43.07827310596376], [-70.88964412368917, 43.078227430255815], [-70.88956137345987, 43.078154055219144], [-70.88948959148877, 43.07808836637488], [-70.8894413588711, 43.0780154480158], [-70.88934799425691, 43.07787429963045]]]}, "properties": {"AREA": 1015230.11098, "PERIMETER": 6950.54288592, "DENSITY": "sb", "HECTARES": 9.43183408824, "ACRES": 23.3064763769, "YEAR_": 2006}}, {"type": "Feature", "geometry": {"type": "Polygon", "coordinates": [[[-70.84615713227915, 43.126906517230786], [-70.84609878570737, 43.12696242045387], [-70.8460241167613, 43.12697461578834], [-70.84588829410137, 43.12694932752408], [-70.84569947477868, 43.126908407566546], [-70.84556982986648, 43.126839050370705], [-70.84549268577545, 43.126768848327856], [-70.84533271040421, 43.126688988034], [-70.84513457659001, 43.126587761164586], [-70.84494493452924, 43.126519371295764], [-70.84475546020643, 43.12645647504879], [-70.84457315223158, 43.12638247078515], [-70.84455385903046, 43.126239885698816], [-70.84464121563603, 43.12615054037103], [-70.8448032363886, 43.126048999548594], [-70.84495356176681, 43.12605756760181], [-70.84500820768031, 43.12612813324322], [-70.84507183946842, 43.12624801973889], [-70.84514980935614, 43.12634568985839], [-70.84524862842898, 43.12638806469821], [-70.84533945111676, 43.12641407938713], [-70.84551277150165, 43.12643876337412], [-70.84566375895335, 43.12646930347255], [-70.84587540485434, 43.126520847915955], [-70.84601287997752, 43.12660107086406], [-70.84613618293707, 43.12670899862979], [-70.84618382511812, 43.126796167201604], [-70.84615713227915, 43.126906517230786]]]}, "properties": {"AREA": 54380.3064428, "PERIMETER": 1181.13161459, "DENSITY": "p", "HECTARES": 0.505211599311, "ACRES": 1.24840005608, "YEAR_": 2006}}, {"type": "Feature", "geometry": {"type": "Polygon", "coordinates": [[[-70.83866594137946, 43.12130582801355], [-70.83880842434631, 43.12130353834167], [-70.83899870198526, 43.121393911260995], [-70.83926413684445, 43.12148857111046], [-70.839461255709, 43.12155685075753], [-70.83972652880529, 43.121646017428105], [-70.83983332979382, 43.12170475553208], [-70.8398803003233, 43.12176995189487], [-70.83994441217236, 43.12190632119223], [-70.83995598218723, 43.12194260805496], [-70.83997753638786, 43.12201021137406], [-70.83995499864503, 43.12210335212309], [-70.8399508345798, 43.12212056357228], [-70.83987031696495, 43.12218781012781], [-70.83978164391141, 43.12223320497808], [-70.8396703049238, 43.122273467091325], [-70.83963478353564, 43.122339990013785], [-70.83959975894183, 43.12242299291998], [-70.83962472635636, 43.12250503242463], [-70.83948578563636, 43.12237536195251], [-70.83928504189244, 43.12218623037305], [-70.83911331094677, 43.121963655148505], [-70.83887490905362, 43.12176963087817], [-70.8386821620725, 43.12159685785605], [-70.83851207668394, 43.121429214675395], [-70.83850960858526, 43.12134681207524], [-70.83866594137946, 43.12130582801355]]]}, "properties": {"AREA": 74169.49932, "PERIMETER": 1258.96250213, "DENSITY": "h", "HECTARES": 0.689059952447, "ACRES": 1.70269741322, "YEAR_": 2006}}, {"type": "Feature", "geometry": {"type": "Polygon", "coordinates": [[[-70.82457753892352, 43.12469353589833], [-70.82443464929547, 43.12460590299744], [-70.82436053288163, 43.124472216724186], [-70.82423421755597, 43.12435220737078], [-70.82414643470088, 43.12426880727833], [-70.82401092985226, 43.12421447716157], [-70.82382180302021, 43.12413864691883], [-70.82374058359426, 43.123968317603385], [-70.82378973066757, 43.12385193255034], [-70.82390365685512, 43.12385011539227], [-70.82410827014806, 43.12394961023956], [-70.82422505829699, 43.12404408247175], [-70.82443005454755, 43.12415641483872], [-70.82465922279758, 43.12428199043809], [-70.82479852213798, 43.12445880807853], [-70.82488118876523, 43.124563736786456], [-70.82470327828545, 43.124639787766185], [-70.82457753892352, 43.12469353589833]]]}, "properties": {"AREA": 34165.974194, "PERIMETER": 904.588828931, "DENSITY": "p", "HECTARES": 0.317413556372, "ACRES": 0.78434284192, "YEAR_": 2006}}, {"type": "Feature", "geometry": {"type": "Polygon", "coordinates": [[[-70.80925845362191, 43.12073779435796], [-70.80914337769057, 43.120769967585105], [-70.80904200860458, 43.12070479197197], [-70.80896081751533, 43.120652590207804], [-70.80877443280691, 43.120624032566354], [-70.8086150980124, 43.12059961924718], [-70.8084683648993, 43.120577135637475], [-70.80833147401617, 43.120497477741026], [-70.8082954791488, 43.12040091384225], [-70.80830972281699, 43.120321768522], [-70.80858289841363, 43.12031137920654], [-70.80879087960689, 43.12033844460422], [-70.8089169192204, 43.12039715955969], [-70.80904403324386, 43.12049228191792], [-70.80917167421417, 43.12058779964945], [-70.80925311321451, 43.12064874180794], [-70.80925845362191, 43.12073779435796]]]}, "properties": {"AREA": 21804.18888, "PERIMETER": 674.475887524, "DENSITY": "h", "HECTARES": 0.202568353441, "ACRES": 0.500555300275, "YEAR_": 2006}}, {"type": "Feature", "geometry": {"type": "Polygon", "coordinates": [[[-70.8058406118098, 43.11910420239538], [-70.80584067441485, 43.11910148980461], [-70.80587539680788, 43.11911880083255], [-70.80598428900227, 43.11917308548954], [-70.80614750289155, 43.1192297022225], [-70.80617286710542, 43.11923850024229], [-70.80626766782365, 43.11928736234812], [-70.80631096239375, 43.11930967774404], [-70.80643640680886, 43.11937433377368], [-70.80645079525972, 43.11938175029196], [-70.80654169491135, 43.119428601604206], [-70.8066462451165, 43.119482488427344], [-70.8066606677813, 43.1194899222792], [-70.80676955697385, 43.11952047632672], [-70.80681197413413, 43.11953237826788], [-70.80691898466215, 43.11956240496774], [-70.80700833194219, 43.11958747584026], [-70.80706422406561, 43.11960315875358], [-70.80714158179897, 43.119635976180334], [-70.80723824855507, 43.11967698415936], [-70.8072666677646, 43.119689040033414], [-70.80736777378459, 43.1197319310606], [-70.80739335661501, 43.11974278370056], [-70.8074452752574, 43.1198079765146], [-70.80749246754694, 43.1198672333107], [-70.80750888043295, 43.119877961257714], [-70.80760666862396, 43.119941881740914], [-70.80771202563135, 43.11998231995647], [-70.80777763671726, 43.120007502784816], [-70.80779513797987, 43.120014220577076], [-70.8078302880246, 43.12006305578122], [-70.80786426529596, 43.120110260996], [-70.8076728520426, 43.12008293123189], [-70.80739896270346, 43.12006904668874], [-70.80717298726303, 43.11999369710509], [-70.80697311396418, 43.11996042912102], [-70.80670732887872, 43.119940344149235], [-70.80657265123706, 43.119869622195274], [-70.80637206322156, 43.11981208146122], [-70.80626152264242, 43.1197166936926], [-70.8061500891054, 43.11959096664011], [-70.80600623699448, 43.11949003428958], [-70.80593711328554, 43.119393992768735], [-70.80583557078448, 43.11932274596825], [-70.8058392135476, 43.11916484779904], [-70.8058406118098, 43.11910420239538]]]}, "properties": {"AREA": 64036.6384439, "PERIMETER": 1398.77859191, "DENSITY": "h", "HECTARES": 0.594922217968, "ACRES": 1.47007893581, "YEAR_": 2006}}, {"type": "Feature", "geometry": {"type": "Polygon", "coordinates": [[[-70.80816615410627, 43.12001484548704], [-70.80801977093034, 43.120007166944816], [-70.80793139435045, 43.12006575717594], [-70.80786426529596, 43.120110260996], [-70.8078302880246, 43.12006305578122], [-70.80779513797987, 43.120014220577076], [-70.80777763671726, 43.120007502784816], [-70.80771202563135, 43.11998231995647], [-70.80760666862396, 43.119941881740914], [-70.80750888043295, 43.119877961257714], [-70.8074452752574, 43.1198079765146], [-70.80739335661501, 43.11974278370056], [-70.80736777378459, 43.1197319310606], [-70.8072666677646, 43.119689040033414], [-70.80723824855507, 43.11967698415936], [-70.80714158179897, 43.119635976180334], [-70.80706422406561, 43.11960315875358], [-70.80700833194219, 43.11958747584026], [-70.80691898466215, 43.11956240496774], [-70.80681197413413, 43.11953237826788], [-70.8066462451165, 43.119482488427344], [-70.80654169491135, 43.119428601604206], [-70.80645079525972, 43.11938175029196], [-70.80643640680886, 43.11937433377368], [-70.80631096239375, 43.11930967774404], [-70.80626766782365, 43.11928736234812], [-70.80617286710542, 43.11923850024229], [-70.80614750289155, 43.1192297022225], [-70.80598428900227, 43.11917308548954], [-70.80587539680788, 43.11911880083255], [-70.80584067441485, 43.11910148980461], [-70.8058406118098, 43.11910420239538], [-70.80580315273534, 43.11908848294118], [-70.80574740134401, 43.11901856173815], [-70.80571651879653, 43.11888137915388], [-70.80563698648359, 43.118733164553404], [-70.80572026544101, 43.11880539210437], [-70.80582806733909, 43.11884028390818], [-70.80597646349831, 43.11888831446184], [-70.80607795506833, 43.1189386078921], [-70.80620872810883, 43.11900341137097], [-70.80635479328822, 43.119040439334036], [-70.80652965468758, 43.119101188387816], [-70.80671213694451, 43.11914099837753], [-70.80686345308914, 43.1191740090657], [-70.80698152625119, 43.11917214449547], [-70.80711102859938, 43.11919369853516], [-70.80726898589373, 43.11926987231532], [-70.80745331455861, 43.11932989442872], [-70.80763274068676, 43.119405727534975], [-70.80784011038524, 43.11945104877788], [-70.8080124235548, 43.11951961047002], [-70.80813148374718, 43.119566982398176], [-70.80828361259105, 43.11962751318749], [-70.808435047895, 43.11966445275905], [-70.80859791074545, 43.1197248134001], [-70.80873988633775, 43.11980516982495], [-70.80888792367853, 43.1199090322079], [-70.80897121037154, 43.120002116689825], [-70.80891425883233, 43.120073819031525], [-70.80888962486459, 43.120148943867314], [-70.80882031608145, 43.12016577380359], [-70.80872861323927, 43.12015149032198], [-70.8086627021212, 43.12010139765288], [-70.8085867527361, 43.1200750648186], [-70.80846284708224, 43.120061289443996], [-70.80831112401071, 43.12002244932899], [-70.80816615410627, 43.12001484548704]]]}, "properties": {"AREA": 120912.318976, "PERIMETER": 2203.37486056, "DENSITY": "sb", "HECTARES": 1.1233166939, "ACRES": 2.77576489845, "YEAR_": 2006}}, {"type": "Feature", "geometry": {"type": "Polygon", "coordinates": [[[-70.80252961958473, 43.11660276779014], [-70.8025313516001, 43.116661741827635], [-70.80251161527418, 43.11672105421254], [-70.80240324179314, 43.116687361165305], [-70.80226116632929, 43.11660306422518], [-70.8020765034834, 43.116531238295515], [-70.80197095815953, 43.11641096423544], [-70.80187734440088, 43.11630428706003], [-70.80174434469842, 43.11619032869611], [-70.80163480740147, 43.116096473357544], [-70.8015619347978, 43.11601226393114], [-70.80156418712217, 43.11590602502629], [-70.8015662847131, 43.11580701858429], [-70.80156786324196, 43.11573255900703], [-70.80152996993208, 43.115654825079105], [-70.80148135874109, 43.11555510665565], [-70.8014812676993, 43.11545892004439], [-70.80148115199023, 43.115337012252695], [-70.80148104224037, 43.115222181512216], [-70.80150446950606, 43.11515174699416], [-70.80153422758337, 43.11519386965501], [-70.80160066274608, 43.11531937000008], [-70.80165986717539, 43.1155072422], [-70.80178722335529, 43.11563897295704], [-70.801861606282, 43.11579513844174], [-70.80198477247716, 43.11594404824235], [-70.80212971755361, 43.116119289031744], [-70.80221367323544, 43.11626553760146], [-70.80226970425412, 43.11636314328758], [-70.80241824434007, 43.11646685225264], [-70.8025214825315, 43.1165084935654], [-70.80252626310819, 43.11656388191226], [-70.80252961958473, 43.11660276779014]]]}, "properties": {"AREA": 44301.8706501, "PERIMETER": 1343.61952751, "DENSITY": "h", "HECTARES": 0.411579492424, "ACRES": 1.01703100666, "YEAR_": 2006}}, {"type": "Feature", "geometry": {"type": "Polygon", "coordinates": [[[-70.80722345944447, 43.11165997226809], [-70.8073091637211, 43.11160802175895], [-70.80740995444687, 43.11161603844497], [-70.80753441120027, 43.111739817064134], [-70.80766154883712, 43.111845887132226], [-70.8077608790203, 43.11195108130933], [-70.80784599312888, 43.11202234359755], [-70.80790098477911, 43.112068385162544], [-70.80797056666229, 43.11212664237239], [-70.80797415572368, 43.11215474962102], [-70.80797743484308, 43.112180419626036], [-70.80788689075364, 43.11222349028968], [-70.80774334291742, 43.112248180628924], [-70.80762107959653, 43.112253316309484], [-70.80752818018635, 43.11221634708894], [-70.8074296857906, 43.11213782696243], [-70.80736276214655, 43.11208447452515], [-70.80730193714255, 43.112035984578334], [-70.80723269776652, 43.11198078555828], [-70.80716339774419, 43.11192553923234], [-70.80708801028604, 43.111865439408554], [-70.80709168796263, 43.11185654740728], [-70.80710971510041, 43.11181296593624], [-70.807140563074, 43.1117383921409], [-70.80714150920443, 43.11173610385454], [-70.80717180938183, 43.11170532204559], [-70.80720607669654, 43.11167050853059], [-70.80722345944447, 43.11165997226809]]]}, "properties": {"AREA": 28813.2116716, "PERIMETER": 703.223081838, "DENSITY": "h", "HECTARES": 0.267684566383, "ACRES": 0.66146032304, "YEAR_": 2006}}, {"type": "Feature", "geometry": {"type": "Polygon", "coordinates": [[[-70.8066484723524, 43.11160409112869], [-70.80657760364014, 43.111558719050294], [-70.80649584865337, 43.1115063780087], [-70.8064737051214, 43.11144504965042], [-70.80646698034506, 43.111365078886], [-70.80650395404503, 43.11128441855706], [-70.80653392933645, 43.11121902713513], [-70.80664627558029, 43.11121810911074], [-70.80675190557933, 43.111242065777795], [-70.80679707028132, 43.11125230869564], [-70.80695090581091, 43.11131899859945], [-70.80706678293888, 43.11139404191871], [-70.80714610073517, 43.11141521080173], [-70.80720004623947, 43.11146560789716], [-70.80726682912827, 43.111527996027256], [-70.80734318079718, 43.11157545310812], [-70.80738386583954, 43.11160074153736], [-70.80731762158526, 43.111598278999224], [-70.80727011836208, 43.11161824770763], [-70.80722345944447, 43.11165997226809], [-70.80720607669654, 43.11167050853059], [-70.80717180938183, 43.11170532204559], [-70.80714150920443, 43.11173610385454], [-70.807140563074, 43.1117383921409], [-70.80712412991731, 43.11175578389842], [-70.80710059896761, 43.11180029799305], [-70.80709168796263, 43.11185654740728], [-70.80704492088368, 43.11183961432287], [-70.80698242322048, 43.111795758235125], [-70.80692211566938, 43.111753439830075], [-70.80686854134419, 43.11171584559029], [-70.80682150311733, 43.11168283722045], [-70.80671979472781, 43.11163655025741], [-70.8066484723524, 43.11160409112869]]]}, "properties": {"AREA": 28541.5583676, "PERIMETER": 724.638866005, "DENSITY": "sb", "HECTARES": 0.265160814511, "ACRES": 0.655224021295, "YEAR_": 2006}}, {"type": "Feature", "geometry": {"type": "Polygon", "coordinates": [[[-70.79883427161438, 43.1124099202949], [-70.79871492939427, 43.11237529530105], [-70.79857406645321, 43.11235013315889], [-70.7984442506863, 43.11227688922175], [-70.79834360528329, 43.112220103490344], [-70.79832846065999, 43.11215095303657], [-70.79832956984724, 43.11208249482818], [-70.79834326252491, 43.11201840064494], [-70.79841940401, 43.111960169572065], [-70.79846933667261, 43.11196394744125], [-70.79853881253943, 43.11199707546926], [-70.79862206334157, 43.11203677196526], [-70.7987333882733, 43.1120487693776], [-70.79882531992358, 43.112104358083926], [-70.79888476744017, 43.11214030383531], [-70.79894931145144, 43.11219138109018], [-70.79899427727025, 43.11222696401738], [-70.79896861523999, 43.1123188344815], [-70.79897082030901, 43.11239408428597], [-70.79888169383715, 43.11243426906915], [-70.79883427161438, 43.1124099202949]]]}, "properties": {"AREA": 18714.4091964, "PERIMETER": 546.795034685, "DENSITY": "h", "HECTARES": 0.173863246067, "ACRES": 0.429623718925, "YEAR_": 2006}}, {"type": "Feature", "geometry": {"type": "Polygon", "coordinates": [[[-70.79475814235094, 43.109852653607625], [-70.79462695710095, 43.10983874206634], [-70.79446683529312, 43.1098217617152], [-70.79435146944554, 43.10978831107001], [-70.79423491323666, 43.10974223016652], [-70.79409663768224, 43.10969877129448], [-70.7939826612957, 43.10963439976497], [-70.79385570228432, 43.10955198000989], [-70.79372920968183, 43.10948552251052], [-70.7936307952075, 43.10942090568935], [-70.79360092031604, 43.10935749589523], [-70.79360269957124, 43.10931184013191], [-70.79368415334201, 43.109328813821385], [-70.79381918329307, 43.109367761164705], [-70.79393513934853, 43.10939331979403], [-70.79406407719418, 43.10943692458899], [-70.79429920227601, 43.109516440400085], [-70.79445380559356, 43.10956084983461], [-70.79459268167626, 43.10962483097437], [-70.79470903773256, 43.10966407061527], [-70.79477348353386, 43.109738344673204], [-70.79479131177746, 43.10981563096244], [-70.79475814235094, 43.109852653607625]]]}, "properties": {"AREA": 23682.9217052, "PERIMETER": 788.923197907, "DENSITY": "h", "HECTARES": 0.220022422338, "ACRES": 0.543685071286, "YEAR_": 2006}}, {"type": "Feature", "geometry": {"type": "Polygon", "coordinates": [[[-70.79500562118638, 43.104570934339854], [-70.79498998516496, 43.10462476963207], [-70.79491193610103, 43.104603927832834], [-70.79480734979488, 43.104558284336285], [-70.79470755436463, 43.10450306179418], [-70.79467318886479, 43.10446045480193], [-70.7945996241823, 43.104369249418895], [-70.79455427050299, 43.10431302030805], [-70.79444451439826, 43.10421406588319], [-70.7943826546869, 43.10415829418054], [-70.79433875578891, 43.10415251087608], [-70.7942605920861, 43.10410346589113], [-70.7942667990547, 43.10402140824627], [-70.79440953400626, 43.10404754053941], [-70.79460457023171, 43.104106582185395], [-70.79474030677638, 43.10417790163503], [-70.79489759888936, 43.1042605470794], [-70.79497739752877, 43.10434125624502], [-70.79501944826696, 43.10444172516414], [-70.79501237961726, 43.1045077814216], [-70.79500562118638, 43.104570934339854]]]}, "properties": {"AREA": 17838.598037, "PERIMETER": 644.4739776, "DENSITY": "h", "HECTARES": 0.165726661604, "ACRES": 0.409517861273, "YEAR_": 2006}}, {"type": "Feature", "geometry": {"type": "Polygon", "coordinates": [[[-70.7936770030739, 43.10373257964612], [-70.79357777966025, 43.10373227175636], [-70.79350920541371, 43.103732058143095], [-70.79334506247956, 43.10370941326475], [-70.7931664563607, 43.103633404547885], [-70.79303624675767, 43.10362198936084], [-70.792890051037, 43.10359675608657], [-70.79272489810933, 43.10353945022377], [-70.79266687990393, 43.10346785519334], [-70.79261663556692, 43.103367767485906], [-70.7926146132719, 43.103298447271364], [-70.79265129140643, 43.10322852071802], [-70.7927974956135, 43.10322622940953], [-70.79288936188209, 43.10327838025567], [-70.79301068551888, 43.10330800181857], [-70.79314782968265, 43.103290090700725], [-70.79330697109756, 43.1033077558339], [-70.79340767732381, 43.10334906385242], [-70.79355572199783, 43.10340979020085], [-70.793656373601, 43.103468106020046], [-70.79379124219466, 43.10351958145334], [-70.7938658169289, 43.10356884962979], [-70.79391560424558, 43.103653182382565], [-70.79390921242498, 43.10372893841554], [-70.79385889828585, 43.103773860355886], [-70.7937728954898, 43.10377520894862], [-70.7936770030739, 43.10373257964612]]]}, "properties": {"AREA": 38597.6403846, "PERIMETER": 887.886122171, "DENSITY": "sb", "HECTARES": 0.358585247195, "ACRES": 0.886079898636, "YEAR_": 2006}}, {"type": "Feature", "geometry": {"type": "Polygon", "coordinates": [[[-70.78258715251027, 43.10347979001855], [-70.78244043193378, 43.10348383579245], [-70.7823062340218, 43.103426547070676], [-70.78213163340259, 43.103352010348225], [-70.78192806712481, 43.103265107200436], [-70.78178062697232, 43.10317355457629], [-70.78163294130346, 43.103081849536245], [-70.78152357377823, 43.10296502484422], [-70.78148111006323, 43.10284715766939], [-70.78141729293982, 43.102762321203485], [-70.78138441528002, 43.10260796024141], [-70.78144351690347, 43.10251259415196], [-70.78150745793059, 43.10240941881264], [-70.78162359150491, 43.102374913133], [-70.78175728042972, 43.10236874317188], [-70.78188764515441, 43.102440282069644], [-70.78190187779266, 43.10254632690902], [-70.78194446017892, 43.10266827975701], [-70.78201466755326, 43.10277697534569], [-70.78209762301786, 43.10283916299958], [-70.78219700526493, 43.102913662972746], [-70.78231206936645, 43.10299991946975], [-70.78237422724149, 43.10306212801004], [-70.78245465351104, 43.10314261851743], [-70.78254563783334, 43.103202508579955], [-70.7826868005096, 43.103261616934304], [-70.78268395221937, 43.103355665656046], [-70.78265785354324, 43.103417380304954], [-70.78258715251027, 43.10347979001855]]]}, "properties": {"AREA": 62578.3234482, "PERIMETER": 1151.60371081, "DENSITY": "sb", "HECTARES": 0.581373974138, "ACRES": 1.43660063012, "YEAR_": 2006}}, {"type": "Feature", "geometry": {"type": "Polygon", "coordinates": [[[-70.77303184512091, 43.10501384341798], [-70.77290557901759, 43.104964573807734], [-70.7727497659216, 43.10490377448398], [-70.7725763552571, 43.10491047687904], [-70.77242045519384, 43.10489661500225], [-70.77226386812221, 43.104882692633474], [-70.77211666368379, 43.10480731691923], [-70.7720077810311, 43.1047068238833], [-70.77186449288969, 43.10461902572155], [-70.77172998386025, 43.10455172685998], [-70.77161112994649, 43.10449225922779], [-70.77147735349095, 43.10447715678034], [-70.77134201223461, 43.104430428492094], [-70.77118305927927, 43.10437554798686], [-70.77105789644777, 43.10426376920993], [-70.77093193733673, 43.10415127833944], [-70.77087869545495, 43.104045835954025], [-70.77092569402598, 43.10393475389862], [-70.77103877950688, 43.103830760259015], [-70.77116536061796, 43.10373485920195], [-70.77131496287384, 43.10362151490933], [-70.77152375771084, 43.103590345079105], [-70.77170704043363, 43.103562983716984], [-70.7719076382011, 43.10355578951251], [-70.7720996406966, 43.10359395678314], [-70.77230773693115, 43.103696730331954], [-70.77248087575586, 43.10378223809612], [-70.77264207144164, 43.10380631391871], [-70.77281365479156, 43.10383194241509], [-70.77302293704848, 43.103863200308815], [-70.7731671489214, 43.10390411967004], [-70.77335836529215, 43.103958376161465], [-70.77349940438094, 43.10401341086844], [-70.77364757212042, 43.10410017119098], [-70.77384260715658, 43.104174242082046], [-70.77400661766515, 43.104236530621634], [-70.77423911358912, 43.10432482747768], [-70.77436319076858, 43.10437194968483], [-70.77444392804745, 43.10446476054075], [-70.77437490360077, 43.104584301162824], [-70.77430584362538, 43.10470390087364], [-70.7741907645163, 43.10477516785214], [-70.77406252715924, 43.104777156063975], [-70.7739394499324, 43.10481411220195], [-70.77378112438724, 43.10488369921697], [-70.77366545428735, 43.10493453923855], [-70.77350928314482, 43.10502481204483], [-70.77340800362593, 43.10509793044637], [-70.77330964893012, 43.1051689373257], [-70.77320983880094, 43.10514927006123], [-70.7731002855388, 43.10506591628081], [-70.77303184512091, 43.10501384341798]]]}, "properties": {"AREA": 306672.121474, "PERIMETER": 2352.15703509, "DENSITY": "h", "HECTARES": 2.84908863316, "ACRES": 7.04022317434, "YEAR_": 2006}}, {"type": "Feature", "geometry": {"type": "Polygon", "coordinates": [[[-70.76902740183789, 43.10084632835598], [-70.76888684531224, 43.10080762972601], [-70.76875861616678, 43.10080961206754], [-70.7686521017539, 43.10081125880125], [-70.76853859604242, 43.100723096062566], [-70.76845760299518, 43.10062216858707], [-70.76837214641779, 43.100515678156704], [-70.7682391606054, 43.100396662382494], [-70.76816409692347, 43.100307904544714], [-70.76809354878513, 43.10018229284471], [-70.7680565701537, 43.10006024830847], [-70.76799717400066, 43.099934463979494], [-70.76794454577681, 43.0998230101425], [-70.7678766452557, 43.09967921434828], [-70.76784533430508, 43.099503568579834], [-70.76785747380818, 43.099343980831144], [-70.76786678444283, 43.09922158239059], [-70.76798492572235, 43.09912130313009], [-70.7680456637903, 43.099099927970734], [-70.76808470208522, 43.09916937550647], [-70.76810124809542, 43.0992870792739], [-70.76811571461404, 43.099389991552236], [-70.76813332883478, 43.099515296511775], [-70.76814821149216, 43.099621175362145], [-70.76819270438047, 43.09975160532044], [-70.76820820513859, 43.099902591306495], [-70.7682903429442, 43.099997217867], [-70.76843139760611, 43.10009941361349], [-70.76849209523427, 43.10017548153989], [-70.76853111530603, 43.10026953361938], [-70.76863916052604, 43.10034143271403], [-70.76878517319572, 43.10037595993654], [-70.7689754095622, 43.10042094447803], [-70.76913400936974, 43.10048092018377], [-70.76919152553758, 43.10054133788158], [-70.76919376124093, 43.10061896052037], [-70.76916266300418, 43.10070118434064], [-70.76910380768993, 43.1007879261393], [-70.7690546900192, 43.10082546978738], [-70.76902740183789, 43.10084632835598]]]}, "properties": {"AREA": 64949.417214, "PERIMETER": 1595.66257033, "DENSITY": "h", "HECTARES": 0.603402244147, "ACRES": 1.49103345303, "YEAR_": 2006}}, {"type": "Feature", "geometry": {"type": "Polygon", "coordinates": [[[-70.83992564732029, 43.121813179967134], [-70.83983332979382, 43.12170475553208], [-70.83993442559895, 43.12172524800588], [-70.84027981036384, 43.12182420437661], [-70.84046359887016, 43.12186305272036], [-70.84083978352523, 43.1219425668475], [-70.84101114175702, 43.12204236399052], [-70.8412337955328, 43.12223526382944], [-70.84147218338892, 43.12238192421408], [-70.84155085189485, 43.122531155455], [-70.84166757161795, 43.12261706698153], [-70.84185006835797, 43.122751393834946], [-70.842051830824, 43.12287007055702], [-70.84219036461148, 43.12292218587982], [-70.8423814921494, 43.12301525884154], [-70.8425443498259, 43.12311714830315], [-70.84272964953358, 43.12320613431715], [-70.84287971929012, 43.12326224393954], [-70.84302533489794, 43.12331668752395], [-70.8431586727473, 43.12342914924126], [-70.84319108566682, 43.12355822323694], [-70.84319115327074, 43.123750524327185], [-70.84308565500679, 43.12384837587351], [-70.84293452180813, 43.12394696277264], [-70.84270910522895, 43.12404256524565], [-70.84250575248767, 43.12411272854954], [-70.8423650230077, 43.12417770320257], [-70.84228879737725, 43.12430016533488], [-70.84218141650321, 43.12433533832326], [-70.84204513566647, 43.12435843531429], [-70.84191901127615, 43.12433956370857], [-70.84175207648659, 43.12429208613325], [-70.8415900449269, 43.12424600200248], [-70.84151938387755, 43.12414533422113], [-70.84149343293042, 43.12404123970916], [-70.8414111878333, 43.123963134364224], [-70.84130612627851, 43.12388539636562], [-70.84119968607962, 43.12376169461106], [-70.84107763745584, 43.123688410225526], [-70.84094936597833, 43.12361138837356], [-70.84092217918956, 43.12345262390962], [-70.84084401129006, 43.12332010541557], [-70.8405933354407, 43.123144378199065], [-70.84041224024692, 43.12301742722606], [-70.84026624884612, 43.12289462987298], [-70.84011500999335, 43.1227674196803], [-70.83993991606368, 43.12266995261625], [-70.83984639289322, 43.122596207798765], [-70.83970798622954, 43.12254826816723], [-70.83963413380165, 43.122522687616225], [-70.83959975894183, 43.12242299291998], [-70.83963478353564, 43.122339990013785], [-70.8396703049238, 43.122273467091325], [-70.83978164391141, 43.12223320497808], [-70.83987031696495, 43.12218781012781], [-70.8399508345798, 43.12212056357228], [-70.83995499864503, 43.12210335212309], [-70.83997753638786, 43.12201021137406], [-70.83995598218723, 43.12194260805496], [-70.83992564732029, 43.121813179967134]]]}, "properties": {"AREA": 402502.072396, "PERIMETER": 2952.05587889, "DENSITY": "p", "HECTARES": 3.7393815707, "ACRES": 9.24017613398, "YEAR_": 2006}}, {"type": "Feature", "geometry": {"type": "Polygon", "coordinates": [[[-70.76225913908343, 43.08648353506558], [-70.76215303962105, 43.086444135478224], [-70.76211615407676, 43.086378024383194], [-70.76219803519709, 43.08630495502767], [-70.76223779959527, 43.08622740390362], [-70.76231997408253, 43.08616458957204], [-70.76233175767028, 43.08608747078415], [-70.76238507015182, 43.08599432432858], [-70.76248079256938, 43.08591591189309], [-70.76258468555716, 43.085878407683694], [-70.76273857065159, 43.08587603629153], [-70.76282353912426, 43.08591063081799], [-70.76286027823294, 43.0859716159369], [-70.76278539287088, 43.08604457720444], [-70.76271080357849, 43.086127792655475], [-70.76262833450275, 43.08618035484701], [-70.7625744346824, 43.086252992983766], [-70.76252767612881, 43.08633065278978], [-70.76244609035135, 43.08641397570918], [-70.76233549555207, 43.08646184074534], [-70.76225913908343, 43.08648353506558]]]}, "properties": {"AREA": 20558.5381542, "PERIMETER": 633.393510289, "DENSITY": "h", "HECTARES": 0.190995833231, "ACRES": 0.47195909445, "YEAR_": 2006}}, {"type": "Feature", "geometry": {"type": "Polygon", "coordinates": [[[-70.75855055159776, 43.08768760900904], [-70.758421707417, 43.08758700649819], [-70.75830611913823, 43.0874605539366], [-70.75817786314941, 43.087380458700686], [-70.75807685235335, 43.08727429866752], [-70.75792761186257, 43.08719452620802], [-70.75791039465808, 43.08708194901885], [-70.75796474144707, 43.08702469313466], [-70.75813306075199, 43.08703749409896], [-70.75826175678566, 43.08713297027037], [-70.75836174068748, 43.08720324172], [-70.75844861353656, 43.087304489650585], [-70.75857061029106, 43.08741032621812], [-70.75867162093886, 43.087516485812934], [-70.7587163787549, 43.08761325141254], [-70.75855055159776, 43.08768760900904]]]}, "properties": {"AREA": 19594.3066524, "PERIMETER": 675.606216594, "DENSITY": "h", "HECTARES": 0.18203779362, "ACRES": 0.449823385041, "YEAR_": 2006}}, {"type": "Feature", "geometry": {"type": "Polygon", "coordinates": [[[-70.75737971344137, 43.085899176878854], [-70.7572905397891, 43.085962096764426], [-70.75719887403694, 43.08593785882481], [-70.75709948046733, 43.08588809392808], [-70.75699876802481, 43.085792187186776], [-70.75688348007024, 43.0856759865381], [-70.75681832874041, 43.085600049714564], [-70.75673874821054, 43.085508947477685], [-70.75665946070953, 43.08542809850931], [-70.75666411040736, 43.085345960100405], [-70.7567465821506, 43.085293402226505], [-70.75691343106591, 43.08525493561564], [-70.7570343937, 43.08532488624679], [-70.75708075932042, 43.08547804937], [-70.75708325107604, 43.08556520623108], [-70.75719110541763, 43.085666133134964], [-70.7572778277449, 43.08576225528296], [-70.75736381808667, 43.08583274226186], [-70.75737971344137, 43.085899176878854]]]}, "properties": {"AREA": 20773.4328031, "PERIMETER": 679.957190229, "DENSITY": "h", "HECTARES": 0.192992277833, "ACRES": 0.476892396765, "YEAR_": 2006}}, {"type": "Feature", "geometry": {"type": "Polygon", "coordinates": [[[-70.74041011222093, 43.07939359096589], [-70.74032036368465, 43.07939495641438], [-70.74019397095387, 43.0793705524291], [-70.74010378821157, 43.07935656649431], [-70.74000793135062, 43.0793536370902], [-70.73989705636124, 43.07934874154858], [-70.73981341501968, 43.07935440120856], [-70.73975638863661, 43.07934868686442], [-70.73970977597219, 43.07928796626755], [-70.73968684898965, 43.079218110091084], [-70.7396938377005, 43.07914779953527], [-70.73976146568948, 43.079105086658075], [-70.73982628847614, 43.0790689986879], [-70.73994520674488, 43.079040863318895], [-70.74004343272206, 43.07902181839259], [-70.74015443261678, 43.07903109947429], [-70.7402598827335, 43.07905582184078], [-70.74035330565287, 43.07907853391236], [-70.74044367507908, 43.0790990977182], [-70.7405193340559, 43.07912866189515], [-70.7405796624619, 43.07914529449808], [-70.74064298293781, 43.07916188287089], [-70.74069122134382, 43.079174311952656], [-70.74069215287814, 43.0792072067732], [-70.74069320748997, 43.079244486360274], [-70.74064066335274, 43.07929135816668], [-70.74056736295348, 43.07934512640589], [-70.74050272731063, 43.07938779466552], [-70.74041011222093, 43.07939359096589]]]}, "properties": {"AREA": 26768.3160742, "PERIMETER": 666.334718881, "DENSITY": "d", "HECTARES": 0.248686788644, "ACRES": 0.614515979666, "YEAR_": 2006}}, {"type": "Feature", "geometry": {"type": "Polygon", "coordinates": [[[-70.74520292708384, 43.07572697026141], [-70.74511480645089, 43.07568004916153], [-70.74500873711722, 43.0756334011027], [-70.74486409047003, 43.07559831078104], [-70.74473159651647, 43.07556961750122], [-70.74468834852323, 43.07552201070944], [-70.74453541237446, 43.07551117997607], [-70.74443370449754, 43.075512730432855], [-70.74431685224599, 43.07550793053039], [-70.74424705379583, 43.07547389279337], [-70.74417975039894, 43.07542226531915], [-70.74408814102033, 43.075357845018154], [-70.74399727896234, 43.07531973961406], [-70.74390915985707, 43.07527281669622], [-70.7438214143931, 43.07523905254646], [-70.74371060809443, 43.07523635314666], [-70.74361401170606, 43.07520711095926], [-70.74346699743009, 43.07519399425558], [-70.74336852965368, 43.075204269942816], [-70.74324307835732, 43.07521276331992], [-70.74313844070085, 43.07521655198253], [-70.74301921952035, 43.07523372611931], [-70.74291427133608, 43.07522654903485], [-70.74276158637329, 43.07522448730691], [-70.74260621876529, 43.07523343605947], [-70.74249260792344, 43.07523735960567], [-70.74236802482437, 43.075276553553344], [-70.7422105371495, 43.07531624847383], [-70.74208620249006, 43.07536421346867], [-70.74193133193812, 43.075390704915854], [-70.74187449494747, 43.07539157061922], [-70.74185604993399, 43.07537429962703], [-70.74191176878855, 43.0753339610311], [-70.74200400573318, 43.07531500552597], [-70.74205106039733, 43.07528576872102], [-70.74213725191932, 43.07526471099705], [-70.74222300861408, 43.07522830288599], [-70.74228514438028, 43.075203223231824], [-70.74244487835094, 43.07513716719314], [-70.74259949797778, 43.07510190367395], [-70.74268624958879, 43.075100582442204], [-70.74291957768541, 43.07509702839606], [-70.74312324225374, 43.075102700538814], [-70.74331182431683, 43.075104215203424], [-70.74358192123567, 43.075130813868434], [-70.74385581774271, 43.07518587405789], [-70.74402532735245, 43.07525349533558], [-70.74410677973607, 43.07527638598183], [-70.7442591541684, 43.075267481276015], [-70.74442069037516, 43.07526501793153], [-70.7445420891777, 43.075324596631475], [-70.74464273504951, 43.07539107243271], [-70.74476058248126, 43.075430959213115], [-70.74493894237293, 43.07549405602778], [-70.74512926892808, 43.07555696988713], [-70.74527715551352, 43.07560078599782], [-70.74539519131028, 43.07564725110185], [-70.74545426929656, 43.075725330323], [-70.74550692929769, 43.07578814966367], [-70.74550474687082, 43.075816704037855], [-70.74548723478239, 43.07583232844551], [-70.74541450635489, 43.07580052903348], [-70.74532364279396, 43.07576242557198], [-70.74520292708384, 43.07572697026141]]]}, "properties": {"AREA": 41894.2874205, "PERIMETER": 2151.40052525, "DENSITY": "sb", "HECTARES": 0.389212222847, "ACRES": 0.96176050093, "YEAR_": 2006}}, {"type": "Feature", "geometry": {"type": "Polygon", "coordinates": [[[-70.7421647331291, 43.07145191269662], [-70.7421426139931, 43.07141056609589], [-70.74215869705388, 43.071344503707365], [-70.74219784027615, 43.071247375880546], [-70.74223149883068, 43.071167882863485], [-70.74228042229969, 43.07109912693005], [-70.74235751092274, 43.07107381964278], [-70.74241097902792, 43.07105984266447], [-70.74249847017643, 43.07108483650382], [-70.74259904411768, 43.07114912167074], [-70.74271737980933, 43.07120655412483], [-70.74281770530688, 43.07126206773859], [-70.74286356850422, 43.07129647123592], [-70.74301305857647, 43.071397307637554], [-70.74312061134209, 43.071496588365974], [-70.74320934678299, 43.07156544117264], [-70.74328050691882, 43.071647724693086], [-70.74340470189101, 43.07170067951271], [-70.74352260431777, 43.071742760816264], [-70.74358342306279, 43.071776936311565], [-70.74368331516591, 43.07181709794809], [-70.74375921584627, 43.07185543131334], [-70.74379915946946, 43.07189211900339], [-70.74381548383909, 43.07194013643862], [-70.74384128016008, 43.072005560127835], [-70.74383765990446, 43.07208898381211], [-70.74377646109518, 43.072146957407696], [-70.74371775587582, 43.072187343064236], [-70.7436379249006, 43.07222146780665], [-70.74353653181612, 43.07223398305362], [-70.74344025202876, 43.07221570450522], [-70.74337656568846, 43.07218596068732], [-70.74336890371174, 43.072126842107956], [-70.7434239346003, 43.07206238012654], [-70.74346718710177, 43.072004679607], [-70.74346014744391, 43.071967491235824], [-70.74334922258454, 43.07196040585846], [-70.7432264578517, 43.07195788855346], [-70.74308580695971, 43.07195783811892], [-70.74292889399382, 43.07191196234409], [-70.7427478652958, 43.07185987317789], [-70.74264056136091, 43.07176936346784], [-70.74249767398454, 43.07169036557009], [-70.74235690785963, 43.071580620777745], [-70.74224698771161, 43.071503313805934], [-70.7421647331291, 43.07145191269662]]]}, "properties": {"AREA": 76215.2567559, "PERIMETER": 1381.10634084, "DENSITY": "p", "HECTARES": 0.708065736961, "ACRES": 1.74966154169, "YEAR_": 2006}}, {"type": "Feature", "geometry": {"type": "Polygon", "coordinates": [[[-70.7403012284392, 43.06799197028341], [-70.74012193954101, 43.068018465093054], [-70.7398671161784, 43.06803696656568], [-70.73975602814312, 43.068059132486276], [-70.7396570708906, 43.068086964060775], [-70.73956243179704, 43.06812643089597], [-70.73949554377039, 43.068159625153065], [-70.73946671790002, 43.068127885991025], [-70.73941272172056, 43.06805265147213], [-70.73933047905476, 43.0679661457616], [-70.73927340554462, 43.0679231353683], [-70.73926410648936, 43.06787647402524], [-70.73926237047709, 43.067815070844794], [-70.7394118497865, 43.0677396686818], [-70.73955393059741, 43.0676848542508], [-70.73971669724786, 43.067656052605], [-70.73985935687212, 43.06762170582014], [-70.73993878693683, 43.06760879720816], [-70.7400382402202, 43.067598509021785], [-70.74018521909402, 43.06757579716832], [-70.74032480121383, 43.06757367401932], [-70.7404205966773, 43.06757514168512], [-70.74057189500478, 43.06756406376017], [-70.74077129709708, 43.06756103072803], [-70.74093455884744, 43.067549770072624], [-70.74109773805934, 43.06753558659698], [-70.74119810064786, 43.067557460274756], [-70.7412910681937, 43.06759992373476], [-70.7413404978724, 43.06765474982715], [-70.74136666156785, 43.0677333329267], [-70.7413648258512, 43.06780941581223], [-70.74133141674909, 43.067897679996825], [-70.74130199621516, 43.067985884608184], [-70.74122779533339, 43.06804259233296], [-70.7410725921698, 43.068056655074244], [-70.7409291864025, 43.068064688356884], [-70.74081336673254, 43.068060599866314], [-70.74070376844885, 43.068047275551066], [-70.74054113397106, 43.06801025997039], [-70.7404089696817, 43.067992525585595], [-70.7403012284392, 43.06799197028341]]]}, "properties": {"AREA": 87087.2458725, "PERIMETER": 1366.08688309, "DENSITY": "h", "HECTARES": 0.809070224956, "ACRES": 1.9992480687, "YEAR_": 2006}}, {"type": "Feature", "geometry": {"type": "Polygon", "coordinates": [[[-70.73638227173717, 43.06995326546604], [-70.73628864501369, 43.06988740652762], [-70.7361947693375, 43.06981277613264], [-70.73612897625425, 43.06974356974987], [-70.73605163296624, 43.069689164337944], [-70.735993982192, 43.06962568519822], [-70.73596391804875, 43.06955008561412], [-70.73593734822063, 43.06945688211475], [-70.73592689553429, 43.0693692853718], [-70.73590057249092, 43.06928485322431], [-70.73591014346482, 43.06919987768213], [-70.73596699417423, 43.06909370715903], [-70.73601694218866, 43.069025669744555], [-70.73609213940135, 43.069004052744205], [-70.73620372501773, 43.068999434047264], [-70.73630441956688, 43.06903300778771], [-70.73640943192598, 43.06907821779979], [-70.7364555312347, 43.06915649867763], [-70.73646191363119, 43.06924123218688], [-70.73645633216617, 43.069326148390175], [-70.73647069089743, 43.06941076130327], [-70.73651604664074, 43.06946272624084], [-70.73657510216114, 43.06957591255316], [-70.73661820392876, 43.06968934183407], [-70.73666089338198, 43.06978815005329], [-70.73671612639122, 43.06990724537398], [-70.73671827362253, 43.06998326780174], [-70.736671570443, 43.07002492930121], [-70.73660459654624, 43.070055198336874], [-70.7365403727931, 43.07004154749612], [-70.73644748716845, 43.07000200457731], [-70.73638227173717, 43.06995326546604]]]}, "properties": {"AREA": 49291.6238542, "PERIMETER": 957.403198311, "DENSITY": "h", "HECTARES": 0.457936002001, "ACRES": 1.13157997829, "YEAR_": 2006}}, {"type": "Feature", "geometry": {"type": "Polygon", "coordinates": [[[-70.7375971692233, 43.071575858842465], [-70.737497461011, 43.0715773734689], [-70.73740473826037, 43.071543679191876], [-70.73735123786636, 43.07148598737539], [-70.73737285502123, 43.071403753338416], [-70.73744299233996, 43.071344184156246], [-70.73750597833674, 43.07131397587292], [-70.73760535570119, 43.07130076548133], [-70.73766958223887, 43.071314415745796], [-70.7377069637929, 43.07136650179178], [-70.73773246345164, 43.07142169323651], [-70.73771857645605, 43.07149503440988], [-70.73766821551705, 43.071548453298064], [-70.7375971692233, 43.071575858842465]]]}, "properties": {"AREA": 7786.21954008, "PERIMETER": 318.71463573, "DENSITY": "sb", "HECTARES": 0.0723366358843, "ACRES": 0.178747005052, "YEAR_": 2006}}, {"type": "Feature", "geometry": {"type": "Polygon", "coordinates": [[[-70.73317859089802, 43.07279248816498], [-70.73309092851818, 43.07279674188199], [-70.73301058259017, 43.07277748186152], [-70.7329683919598, 43.072696216006165], [-70.73297804969312, 43.07261416338883], [-70.73304876841867, 43.07257506498167], [-70.7331760679165, 43.072561435438814], [-70.73329140163861, 43.0725479872022], [-70.73341080515478, 43.07253740304196], [-70.73353119881749, 43.0725619051339], [-70.73356093171304, 43.072625809548015], [-70.73352319129214, 43.07270243659316], [-70.73342870539739, 43.07274774609297], [-70.7333217610231, 43.07277569334611], [-70.73317859089802, 43.07279248816498]]]}, "properties": {"AREA": 11489.007944, "PERIMETER": 416.115217802, "DENSITY": "sb", "HECTARES": 0.106736803405, "ACRES": 0.263751330212, "YEAR_": 2006}}, {"type": "Feature", "geometry": {"type": "Polygon", "coordinates": [[[-70.73212461491424, 43.072630012938696], [-70.73201269310937, 43.07262293183296], [-70.73185714590824, 43.072625287068384], [-70.73170253952446, 43.07251939484218], [-70.73158715872475, 43.07238950695115], [-70.73156412917132, 43.072365280909175], [-70.73148025083064, 43.07227704235597], [-70.73151092260281, 43.07223270003415], [-70.7315805719678, 43.0721555908728], [-70.7316544573873, 43.072087192915525], [-70.7317383771657, 43.0720917726869], [-70.73183833356046, 43.072099035359564], [-70.73194659601296, 43.072117872528416], [-70.73209083625063, 43.07213909090908], [-70.73216295580093, 43.07214969957652], [-70.73230686679166, 43.07215922102786], [-70.73241114053243, 43.07217811880443], [-70.73251989687732, 43.07221449906529], [-70.73255353423781, 43.072275419184116], [-70.73262763210016, 43.07235620301502], [-70.73268594084118, 43.0724430762261], [-70.73271250816767, 43.07253628040824], [-70.73260688173809, 43.0726110100201], [-70.7325123132732, 43.072653394372274], [-70.73244459354292, 43.07265734591371], [-70.73229253930016, 43.07264209704086], [-70.73212461491424, 43.072630012938696]]]}, "properties": {"AREA": 48402.6324004, "PERIMETER": 858.04557339, "DENSITY": "d", "HECTARES": 0.449676968106, "ACRES": 1.11117154271, "YEAR_": 2006}}, {"type": "Feature", "geometry": {"type": "Polygon", "coordinates": [[[-70.73021347502845, 43.072775940326146], [-70.73028403176805, 43.072730995772545], [-70.7303863315326, 43.07267971994082], [-70.73043246481936, 43.07261759305403], [-70.73044303113502, 43.072567704471346], [-70.73044578460822, 43.07252378483209], [-70.73046432761758, 43.072473776075924], [-70.73047049387708, 43.072409328322976], [-70.73050802132556, 43.072396538929134], [-70.73056929822233, 43.07237565604373], [-70.73070473845638, 43.072367756946626], [-70.73079556589245, 43.07233420555812], [-70.73091065371824, 43.072311988359566], [-70.73102142210219, 43.0722781353757], [-70.73115645089146, 43.0722556155946], [-70.73128781984632, 43.07224485152157], [-70.73142700142445, 43.07222812008438], [-70.73151092260281, 43.07223270003415], [-70.73148025083064, 43.07227704235597], [-70.73156412917132, 43.072365280909175], [-70.73161191268936, 43.072418384699255], [-70.73170253952446, 43.07251939484218], [-70.7316278310286, 43.072558553431605], [-70.73150435497304, 43.072566272348], [-70.73138552634973, 43.07259732253414], [-70.73125880407115, 43.07263141811969], [-70.73114795196145, 43.07266234692947], [-70.73100926366796, 43.07269662345849], [-70.73090630609987, 43.07272450743508], [-70.7307914646436, 43.0727554968917], [-70.73069997835891, 43.0727656567519], [-70.73063599906365, 43.07276077395045], [-70.73056412619198, 43.07275893658893], [-70.73046034504912, 43.072757580760154], [-70.7303374445908, 43.07278576644167], [-70.73025035816872, 43.07281048511069], [-70.7301946846461, 43.072817177664696], [-70.73021347502845, 43.072775940326146]]]}, "properties": {"AREA": 44788.1900029, "PERIMETER": 1013.71855197, "DENSITY": "h", "HECTARES": 0.416097565126, "ACRES": 1.02819536279, "YEAR_": 2006}}, {"type": "Feature", "geometry": {"type": "Polygon", "coordinates": [[[-70.73007605182389, 43.07214617509534], [-70.73021482253907, 43.07211482408502], [-70.73030347119234, 43.07214566074404], [-70.73035314165843, 43.07220926375457], [-70.73044742478189, 43.072298519026006], [-70.73050802132556, 43.072396538929134], [-70.73047049387708, 43.072409328322976], [-70.73046432761758, 43.072473776075924], [-70.73044578460822, 43.07252378483209], [-70.73044303113502, 43.072567704471346], [-70.73043246481936, 43.07261759305403], [-70.7303863315326, 43.07267971994082], [-70.73028403176805, 43.072730995772545], [-70.73021347502845, 43.072775940326146], [-70.7301946846461, 43.072817177664696], [-70.7301272923975, 43.07283282268006], [-70.7300408637963, 43.07288093270534], [-70.72989909157248, 43.07294743174124], [-70.72970563186976, 43.07302056103542], [-70.72952755191916, 43.073072981776704], [-70.72934831883963, 43.07308446706521], [-70.72910202292672, 43.07312329224709], [-70.72890243632192, 43.07312045867101], [-70.72873775982808, 43.07308199365119], [-70.72859652026978, 43.07302562373157], [-70.72854734465437, 43.07297956362394], [-70.72852674466021, 43.072956473089405], [-70.7285101336868, 43.07293332253905], [-70.7285089826453, 43.07289238737228], [-70.72868813218862, 43.07287797989672], [-70.72885515334039, 43.072857904358614], [-70.72896625258984, 43.07283574914783], [-70.72910062570537, 43.07278984029263], [-70.72921489230023, 43.07273838450919], [-70.72933655842564, 43.07266634137441], [-70.7294351180658, 43.07262389782299], [-70.72954514811306, 43.07256373037469], [-70.72965509601823, 43.07250063933044], [-70.72974493742657, 43.07243200150292], [-70.72981051832853, 43.07235202911261], [-70.72987235833828, 43.07228088902507], [-70.72996968180132, 43.0721945872365], [-70.73007605182389, 43.07214617509534]]]}, "properties": {"AREA": 84491.2643714, "PERIMETER": 1395.4183006, "DENSITY": "d", "HECTARES": 0.784952671163, "ACRES": 1.93965253378, "YEAR_": 2006}}, {"type": "Feature", "geometry": {"type": "Polygon", "coordinates": [[[-70.72728560508233, 43.07294889244257], [-70.72716660883006, 43.072974090332536], [-70.72705444044287, 43.072958232103076], [-70.72702528920303, 43.07291479410036], [-70.72699589138595, 43.07286258471611], [-70.72705440421274, 43.07281489768786], [-70.72718186901236, 43.07280712360774], [-70.72729704078358, 43.072787833554294], [-70.7274643893753, 43.072779455800216], [-70.72758029985923, 43.07278648137249], [-70.72769954230333, 43.07277005442023], [-70.72782260755693, 43.07274771945879], [-70.72795496505803, 43.07277204742398], [-70.7280471908154, 43.072788205673284], [-70.7281278637764, 43.072819164025454], [-70.72819291065251, 43.07286205989863], [-70.7282260517016, 43.07290543760947], [-70.72823509626538, 43.07294332836429], [-70.72817568141394, 43.07295885221824], [-70.72806400507639, 43.07296053861204], [-70.72793604654817, 43.07295077092618], [-70.72777211006675, 43.07293862043477], [-70.72762445697262, 43.0729379255359], [-70.72751269884142, 43.07293668790409], [-70.72740094071665, 43.07293545016319], [-70.72728560508233, 43.07294889244257]]]}, "properties": {"AREA": 18656.0532832, "PERIMETER": 730.344812346, "DENSITY": "h", "HECTARES": 0.173321099725, "ACRES": 0.428284051498, "YEAR_": 2006}}, {"type": "Feature", "geometry": {"type": "Polygon", "coordinates": [[[-70.72834094446117, 43.076353977917236], [-70.7283346545757, 43.07627216674359], [-70.7283203862578, 43.07619047647622], [-70.72831393268135, 43.076102818327435], [-70.72833872933163, 43.075991285886545], [-70.72842824744725, 43.07591095343115], [-70.7284950679781, 43.075874841437454], [-70.72859737448238, 43.07582356729628], [-70.72864832238096, 43.07579061967019], [-70.72875901639871, 43.075753844581264], [-70.72870839732661, 43.07579848801229], [-70.72864963727118, 43.0758374035887], [-70.72860748892107, 43.07589946966859], [-70.7285577738815, 43.07597627590648], [-70.72852384936826, 43.076046993286035], [-70.72850661966956, 43.07614378559862], [-70.72849304922272, 43.076228821232846], [-70.72849559692831, 43.07631946377792], [-70.72848983992208, 43.076398531507294], [-70.72847528207886, 43.076448479864396], [-70.72839966257746, 43.07645547248091], [-70.72836652076336, 43.07641209483791], [-70.72834094446117, 43.076353977917236]]]}, "properties": {"AREA": 10405.5354488, "PERIMETER": 610.762235176, "DENSITY": "d", "HECTARES": 0.0966709742856, "ACRES": 0.238878224261, "YEAR_": 2006}}, {"type": "Feature", "geometry": {"type": "Polygon", "coordinates": [[[-70.72330991770997, 43.07922928962246], [-70.72328907154801, 43.07919742680103], [-70.72328385291414, 43.07915362709818], [-70.72326601308798, 43.07908661628468], [-70.72329295090944, 43.07905110839979], [-70.7234043922736, 43.07904065360217], [-70.72357134892067, 43.07901766247667], [-70.72373082018275, 43.07901233443584], [-70.72383851939942, 43.079010711333744], [-70.72393416873578, 43.079006345091905], [-70.72407377703588, 43.07900424112165], [-70.72420939714273, 43.079002197749716], [-70.72429357316874, 43.079015554437234], [-70.7243655359872, 43.07902032019868], [-70.72445752507001, 43.07902770914623], [-70.72452241248104, 43.079064759226426], [-70.72454773996347, 43.079114105583066], [-70.72454522816622, 43.079166797254565], [-70.72451812642362, 43.07919645755868], [-70.7244750694359, 43.079226358247986], [-70.72440734079831, 43.079230304944794], [-70.7243275646973, 43.07923150682421], [-70.72420822718117, 43.079245006631545], [-70.7241124129399, 43.07924352521755], [-70.72397687394651, 43.079248492855115], [-70.72385745468533, 43.07925906790988], [-70.72376196822498, 43.07926928285514], [-70.7236585869979, 43.07928254090495], [-70.72354315581359, 43.079293055781164], [-70.72345589300232, 43.079311921256554], [-70.72337644450445, 43.07932481912479], [-70.72332751274637, 43.07928752907081], [-70.72330991770997, 43.07922928962246]]]}, "properties": {"AREA": 29457.6776931, "PERIMETER": 808.21683675, "DENSITY": "h", "HECTARES": 0.273671875589, "ACRES": 0.676255227114, "YEAR_": 2006}}, {"type": "Feature", "geometry": {"type": "Polygon", "coordinates": [[[-70.73051982769542, 43.08485995920199], [-70.73041761391183, 43.08485756475188], [-70.73035839103964, 43.08485451922168], [-70.73023972264025, 43.084840552572004], [-70.73014925477426, 43.08487344475227], [-70.73002028327979, 43.08487539564413], [-70.72995020137992, 43.08486857397083], [-70.72994283238215, 43.08479775588861], [-70.73008166401408, 43.084764131843585], [-70.73022049671096, 43.08473050853859], [-70.73037611602456, 43.08472027348336], [-70.73049993570127, 43.08472628153873], [-70.73063439175961, 43.084728188036735], [-70.73074746438553, 43.08473435905456], [-70.73084541250914, 43.084776222624455], [-70.73088940129304, 43.08481102238806], [-70.73085804596867, 43.084843020394516], [-70.73076669126081, 43.08484440300821], [-70.7306325671386, 43.084854313044126], [-70.73051982769542, 43.08485995920199]]]}, "properties": {"AREA": 10341.4416127, "PERIMETER": 553.316693086, "DENSITY": "h", "HECTARES": 0.0960755206817, "ACRES": 0.237406832247, "YEAR_": 2006}}, {"type": "Feature", "geometry": {"type": "Polygon", "coordinates": [[[-70.72715106512165, 43.0845415118685], [-70.72718839067481, 43.084539894693435], [-70.72718991326174, 43.08454047339325], [-70.72730794311761, 43.08458537546671], [-70.72746006975845, 43.084642186418904], [-70.72768721009058, 43.08468998377142], [-70.72788692722423, 43.08471849126112], [-70.72807700435543, 43.08478654965047], [-70.72827223491224, 43.084846649389284], [-70.7284133948228, 43.084895743004445], [-70.72839838063967, 43.084935375334446], [-70.72825788536004, 43.084909914477144], [-70.72816597644015, 43.08489160043081], [-70.72803085554366, 43.084866057352144], [-70.72790132880584, 43.08484831126252], [-70.72774415994763, 43.084803398309], [-70.72753762905558, 43.084723766930686], [-70.72727724915245, 43.084641006146484], [-70.72704878207536, 43.08454594243305], [-70.72710858430901, 43.08454335224791], [-70.72715106512165, 43.0845415118685]]]}, "properties": {"AREA": 10019.7469456, "PERIMETER": 796.305781216, "DENSITY": "h", "HECTARES": 0.0930868674746, "ACRES": 0.230021738879, "YEAR_": 2006}}, {"type": "Feature", "geometry": {"type": "Polygon", "coordinates": [[[-70.72704878207536, 43.08454594243305], [-70.72680463648247, 43.08446687670221], [-70.72649096413912, 43.08440068215841], [-70.72617618559714, 43.084295096684095], [-70.72586656138753, 43.08418155302402], [-70.72564258660864, 43.084054893709], [-70.72545218206453, 43.08397501491537], [-70.72516887691151, 43.083841368398446], [-70.72477610885103, 43.08363844334989], [-70.72449236416041, 43.08348903968267], [-70.724213994878, 43.08333955536146], [-70.72401634274445, 43.08319279399888], [-70.72375365440354, 43.083027309612106], [-70.72368541412548, 43.082894359322374], [-70.72372126260883, 43.08283077146993], [-70.72380768401621, 43.08284523080525], [-70.72389565085943, 43.08291483474892], [-70.72399962961782, 43.08298025698007], [-70.72417611712983, 43.08313915910587], [-70.72453004922086, 43.08329932675595], [-70.7248961672141, 43.083510536207555], [-70.72528794013868, 43.08367801166747], [-70.72557013952726, 43.08377226871693], [-70.72590214088108, 43.08391700037834], [-70.72638111740676, 43.084126502623434], [-70.72668514723884, 43.084232248582765], [-70.72692391762654, 43.08431139554789], [-70.7271089510191, 43.0843913538106], [-70.72719210346975, 43.084480730838166], [-70.72718991326174, 43.08454047339325], [-70.72718839067481, 43.084539894693435], [-70.72715106512165, 43.0845415118685], [-70.72710858430901, 43.08454335224791], [-70.72704878207536, 43.08454594243305]]]}, "properties": {"AREA": 73192.7780965, "PERIMETER": 2303.94625948, "DENSITY": "sb", "HECTARES": 0.679985879062, "ACRES": 1.68027497926, "YEAR_": 2006}}, {"type": "Feature", "geometry": {"type": "Polygon", "coordinates": [[[-70.72845684724426, 43.08261746256926], [-70.72831790783451, 43.08264714468648], [-70.72817808247198, 43.082645316555784], [-70.72811720085916, 43.08258318792589], [-70.72814141088142, 43.08248824974826], [-70.72828605572478, 43.082470302278495], [-70.72839845918564, 43.082452841891865], [-70.72857041481569, 43.08245024424708], [-70.72869378729206, 43.0824404987305], [-70.72882812763488, 43.0824384691083], [-70.72894612609676, 43.08242880439613], [-70.7290326576207, 43.08244719977817], [-70.72913586426372, 43.0824850446001], [-70.72933513236832, 43.08249779492853], [-70.72945939006874, 43.08251955955213], [-70.72949285108317, 43.08256239935798], [-70.7294130222504, 43.082591190574185], [-70.72928405555012, 43.082593139781686], [-70.7291446727983, 43.08260706831516], [-70.72904772617954, 43.08260065248841], [-70.72891920193454, 43.082618356766815], [-70.72882807175198, 43.08262761515521], [-70.72877411324254, 43.082620549541815], [-70.72860730867667, 43.08261518911996], [-70.72845684724426, 43.08261746256926]]]}, "properties": {"AREA": 19727.0975406, "PERIMETER": 797.01320213, "DENSITY": "sb", "HECTARES": 0.183271466275, "ACRES": 0.452871844366, "YEAR_": 2006}}, {"type": "Feature", "geometry": {"type": "Polygon", "coordinates": [[[-70.72799238827649, 43.0825417272475], [-70.72788131363988, 43.08260645370604], [-70.72777987880501, 43.08263162881727], [-70.72766636822003, 43.08260970031911], [-70.72762105393949, 43.082527632860035], [-70.72761335502125, 43.08244499822801], [-70.72760432846808, 43.0823150971277], [-70.72760759854867, 43.082240177745284], [-70.72767108606479, 43.082203754478165], [-70.72778404193186, 43.08220598927406], [-70.72796247887587, 43.08224269889317], [-70.72809310581583, 43.082299834032675], [-70.72812185643913, 43.08236638896109], [-70.72810224519267, 43.082433674210726], [-70.72806069579636, 43.08248552813785], [-70.72799238827649, 43.0825417272475]]]}, "properties": {"AREA": 16438.0476752, "PERIMETER": 476.845443615, "DENSITY": "h", "HECTARES": 0.152715070928, "ACRES": 0.377365649109, "YEAR_": 2006}}, {"type": "Feature", "geometry": {"type": "Polygon", "coordinates": [[[-70.72564131841898, 43.081903384617256], [-70.72569954323187, 43.08187098247496], [-70.72584330390023, 43.08182152710425], [-70.72596085863077, 43.081796110863046], [-70.72617009600559, 43.081781131988656], [-70.72636354540255, 43.081778212929606], [-70.7265194891706, 43.08177980034197], [-70.72657466305697, 43.08183019438864], [-70.72655438626113, 43.081873846572456], [-70.72646480456486, 43.08193824685498], [-70.7263849751804, 43.08196703505594], [-70.72624066358563, 43.08199679653138], [-70.726085602784, 43.0820267197112], [-70.72591979520136, 43.08205680547178], [-70.72580728138865, 43.0820703243276], [-70.72566164189824, 43.08205281858154], [-70.72551522722516, 43.082007740749106], [-70.7255134583493, 43.081944718770664], [-70.72564131841898, 43.081903384617256]]]}, "properties": {"AREA": 19903.4648242, "PERIMETER": 643.061084354, "DENSITY": "h", "HECTARES": 0.184909978509, "ACRES": 0.456920680078, "YEAR_": 2006}}, {"type": "Feature", "geometry": {"type": "Polygon", "coordinates": [[[-70.72005084522986, 43.08307121998643], [-70.7199799950348, 43.08303682033403], [-70.71998294432518, 43.08295008397119], [-70.72005652226623, 43.08288986994724], [-70.72014644216812, 43.082837291165504], [-70.72024677847308, 43.0827727345577], [-70.72035742103557, 43.082692260096366], [-70.7204677318423, 43.082599969117695], [-70.72059438439426, 43.08251531325573], [-70.72066280867041, 43.08246305682491], [-70.72076840768568, 43.08239447995188], [-70.72086951458803, 43.082357493782446], [-70.72095538161038, 43.0823522615461], [-70.72102612145541, 43.082382722397604], [-70.72104927024941, 43.08244148154321], [-70.72099159426473, 43.082493575891114], [-70.72092339045189, 43.082553709817894], [-70.72079717989193, 43.08265412155168], [-70.72066066252127, 43.08277045093216], [-70.72052348170581, 43.0828631455307], [-70.72036370494529, 43.082916775302415], [-70.72018386511888, 43.08302193313464], [-70.72011577120958, 43.08308600567015], [-70.72005084522986, 43.08307121998643]]]}, "properties": {"AREA": 23997.854201, "PERIMETER": 808.562743485, "DENSITY": "h", "HECTARES": 0.222948252668, "ACRES": 0.550914926562, "YEAR_": 2006}}, {"type": "Feature", "geometry": {"type": "Polygon", "coordinates": [[[-70.71809822091339, 43.080713470287634], [-70.71799465353266, 43.080711576516194], [-70.71787438539415, 43.0807013113334], [-70.71777955054189, 43.080675143210556], [-70.71771480507591, 43.080631279003285], [-70.71769627251629, 43.080557404199176], [-70.71771124041382, 43.080503720506044], [-70.71779306544698, 43.080485247304374], [-70.71785631695829, 43.08047567472332], [-70.71791822829259, 43.0805023376443], [-70.71799713152878, 43.08054771345873], [-70.71805780080129, 43.08061405755823], [-70.71809485656962, 43.08067730646988], [-70.71809822091339, 43.080713470287634]]]}, "properties": {"AREA": 6362.36861897, "PERIMETER": 311.538406328, "DENSITY": "sb", "HECTARES": 0.0591085750643, "ACRES": 0.146059885651, "YEAR_": 2006}}, {"type": "Feature", "geometry": {"type": "Polygon", "coordinates": [[[-70.71652406591849, 43.07986106175005], [-70.71641824564651, 43.07986264945985], [-70.71627220835842, 43.07985621750352], [-70.71613931764645, 43.079815098970386], [-70.71603123553231, 43.079735669539495], [-70.71596759230927, 43.07964695053375], [-70.71594143030697, 43.079552496552], [-70.71593696236214, 43.079476685948016], [-70.71589319086432, 43.07942560827105], [-70.71585632989772, 43.07936925276339], [-70.71577675551501, 43.07929974205998], [-70.71571354732295, 43.079226537141864], [-70.71570667928512, 43.079149038586536], [-70.71573839805446, 43.07910545099451], [-70.7158255436333, 43.079024817100894], [-70.7159527123348, 43.07894530781467], [-70.71602738412372, 43.078923494460994], [-70.71609409265591, 43.07895353421236], [-70.7161479914788, 43.07903032793685], [-70.71618509382748, 43.079095301669796], [-70.7162288653395, 43.07914637923811], [-70.7163138096675, 43.07915545172289], [-70.71642049506616, 43.07918489253192], [-70.71651653010808, 43.07925415510465], [-70.71655896110104, 43.07934146716963], [-70.71656530046536, 43.07940000485964], [-70.716564537588, 43.079456924505095], [-70.71658983406711, 43.07952035082307], [-70.7166510293786, 43.079605656467486], [-70.7166889495836, 43.07969993425681], [-70.71668948654894, 43.07980339564628], [-70.71660142747949, 43.07985127846487], [-70.71652406591849, 43.07986106175005]]]}, "properties": {"AREA": 53261.5980456, "PERIMETER": 953.902741833, "DENSITY": "sb", "HECTARES": 0.494818416641, "ACRES": 1.22271804512, "YEAR_": 2006}}, {"type": "Feature", "geometry": {"type": "Polygon", "coordinates": [[[-70.71065199853771, 43.080449116746394], [-70.7107224025875, 43.08044289074307], [-70.71081589057617, 43.08042079871639], [-70.71087002419647, 43.08042171358195], [-70.71093366154888, 43.08042593576552], [-70.71100454547732, 43.08043694711293], [-70.71108685109083, 43.08043571533978], [-70.71114799193542, 43.080434800960454], [-70.711199775845, 43.08043575095844], [-70.71122583498943, 43.080442259750484], [-70.71125952450697, 43.08046934683713], [-70.71125366978004, 43.08051254692263], [-70.71122237897286, 43.08057164744392], [-70.71117961831554, 43.08064126683875], [-70.7111253865329, 43.08072140418305], [-70.71106813244195, 43.08077744424879], [-70.71096149310183, 43.080834222227075], [-70.71087117217995, 43.080885583340624], [-70.71076683656148, 43.08094060256766], [-70.71066451744056, 43.080983520626276], [-70.71055768618741, 43.08103340321611], [-70.71045738228148, 43.081064219107105], [-70.71034925576134, 43.081067560639134], [-70.71024324097581, 43.08106224760282], [-70.71013684271857, 43.081043143551206], [-70.71005597603033, 43.08101158763239], [-70.70997472719846, 43.08096624074966], [-70.70994722906293, 43.080908019098224], [-70.70996522676217, 43.08087843377317], [-70.71000410081376, 43.080838189587745], [-70.71008352822678, 43.080818032967414], [-70.71013411260745, 43.08077588918276], [-70.7101746197542, 43.080709752957524], [-70.71024147327594, 43.08066046824322], [-70.71034806364644, 43.08060196672397], [-70.71044971139436, 43.08053491641256], [-70.71052573151286, 43.08047687218463], [-70.71065199853771, 43.080449116746394]]]}, "properties": {"AREA": 49455.4429488, "PERIMETER": 910.277081131, "DENSITY": "h", "HECTARES": 0.459457937279, "ACRES": 1.13534074722, "YEAR_": 2006}}, {"type": "Feature", "geometry": {"type": "Polygon", "coordinates": [[[-70.70543076592075, 43.08167548114092], [-70.70539152430358, 43.08161781687014], [-70.7054295056634, 43.081479292077724], [-70.70555161018966, 43.081357907155066], [-70.70575117711924, 43.08131507764276], [-70.70600842421231, 43.08124072875009], [-70.70622846884322, 43.081182264457034], [-70.70649066011363, 43.081135433279165], [-70.70670412933902, 43.081141446075684], [-70.70684132510348, 43.08111180708824], [-70.70709165421128, 43.08108967796632], [-70.70742517125282, 43.08105097707203], [-70.70761432167583, 43.08108494302638], [-70.70765859817112, 43.08117318927897], [-70.70758948398115, 43.0812447333235], [-70.70749494574687, 43.081304393673356], [-70.70739622737989, 43.081364116118216], [-70.70728855034253, 43.081402511551495], [-70.70718522517754, 43.08144697442815], [-70.70703992206262, 43.081485931774935], [-70.70689043880571, 43.081524951092035], [-70.70674906094767, 43.081554652268984], [-70.7065739827543, 43.08157565854477], [-70.70641161511708, 43.08160260603806], [-70.70631596962804, 43.081622427756905], [-70.70616247513202, 43.08166763704324], [-70.70602604297925, 43.08172485523995], [-70.70580147482048, 43.081771124526966], [-70.70565523441594, 43.08177637035292], [-70.7055584833546, 43.08175635289435], [-70.70543076592075, 43.08167548114092]]]}, "properties": {"AREA": 86141.1317701, "PERIMETER": 1397.76094242, "DENSITY": "sb", "HECTARES": 0.800280502167, "ACRES": 1.97752827755, "YEAR_": 2006}}, {"type": "Feature", "geometry": {"type": "Polygon", "coordinates": [[[-70.72151743643157, 43.0723095419323], [-70.72162781416723, 43.07229976867508], [-70.72176859423593, 43.07232198596782], [-70.72185038475355, 43.07234509148318], [-70.72195482726282, 43.072386784103415], [-70.7220184115175, 43.072418274496506], [-70.72203490045686, 43.07248021913225], [-70.72200270275539, 43.07251585617145], [-70.72188563199715, 43.072550066054156], [-70.72175065750207, 43.07260347419179], [-70.72157234902492, 43.07268998138114], [-70.72133429282358, 43.07275034828622], [-70.7210993186508, 43.07278903553109], [-70.72091459801793, 43.07277829404777], [-70.72095012319568, 43.07271963174797], [-70.72096748009433, 43.072690970109655], [-70.7209777594526, 43.07267605391432], [-70.72100602798604, 43.072635033249426], [-70.72102773452971, 43.072603535140324], [-70.72104053574874, 43.0725809605237], [-70.72106137128937, 43.072544218985485], [-70.72106639936281, 43.07253535346289], [-70.72107836283305, 43.07248628654206], [-70.72108625068276, 43.07245393429858], [-70.721090990127, 43.072446191588384], [-70.72111131562323, 43.07241299065145], [-70.72111799465279, 43.07240208010501], [-70.72114066308873, 43.07238723296054], [-70.72117198285355, 43.072366720581975], [-70.72119405589686, 43.072352263677054], [-70.7213592822626, 43.07232544116119], [-70.72151743643157, 43.0723095419323]]]}, "properties": {"AREA": 32589.7922759, "PERIMETER": 758.900481136, "DENSITY": "p", "HECTARES": 0.30277028862, "ACRES": 0.748158684019, "YEAR_": 2006}}, {"type": "Feature", "geometry": {"type": "Polygon", "coordinates": [[[-70.71986599777328, 43.07313476846127], [-70.7197401154666, 43.07311773280508], [-70.71966006263207, 43.073156792531364], [-70.71953109729631, 43.07316143485976], [-70.71942733644796, 43.07314406616666], [-70.71931837624427, 43.07307269521387], [-70.7192425233224, 43.072998122762066], [-70.71921098701776, 43.07292558879721], [-70.71931805681872, 43.07292938728154], [-70.71948088375163, 43.072948572741694], [-70.71967297838627, 43.07295920563556], [-70.71984941897048, 43.072937625220284], [-70.72008032989334, 43.07288548106347], [-70.72022230246922, 43.07281845036781], [-70.72031950313988, 43.072733163976245], [-70.72041970995735, 43.07262349635042], [-70.7205245852601, 43.07254891042249], [-70.72070612874893, 43.07244613153017], [-70.72087075000785, 43.07239768740108], [-70.72099241503788, 43.07239585743607], [-70.72110241509979, 43.07237257017884], [-70.72117198285355, 43.072366720581975], [-70.72114066308873, 43.07238723296054], [-70.72111799465279, 43.07240208010501], [-70.72111131562323, 43.07241299065145], [-70.721090990127, 43.072446191588384], [-70.72108625068276, 43.07245393429858], [-70.72107836283305, 43.07248628654206], [-70.72106137128937, 43.072544218985485], [-70.72104053574874, 43.0725809605237], [-70.72100602798604, 43.072635033249426], [-70.7209777594526, 43.07267605391432], [-70.72096748009433, 43.072690970109655], [-70.72095012319568, 43.07271963174797], [-70.72091459801793, 43.07277829404777], [-70.72080535406525, 43.072828610141904], [-70.72070815392175, 43.072913896049705], [-70.72058499388694, 43.072994164896805], [-70.72044701087911, 43.07307195262289], [-70.72029721013946, 43.073122877122], [-70.72014357214812, 43.073168451545385], [-70.71999579462694, 43.07315985767938], [-70.71986599777328, 43.07313476846127]]]}, "properties": {"AREA": 53981.1297977, "PERIMETER": 1320.40429353, "DENSITY": "sb", "HECTARES": 0.501503112094, "ACRES": 1.23923622125, "YEAR_": 2006}}, {"type": "Feature", "geometry": {"type": "Polygon", "coordinates": [[[-70.71860996820811, 43.073064411253974], [-70.71851757084154, 43.073057687544654], [-70.71845308072521, 43.07299375948259], [-70.7184395275186, 43.07290473038404], [-70.71848233459507, 43.07285271115811], [-70.71861784095813, 43.07281822722763], [-70.71879473509146, 43.07281286585747], [-70.71889443088426, 43.072816776485915], [-70.71901685289853, 43.0728419767618], [-70.71916192503024, 43.072885765505305], [-70.71921098701776, 43.07292558879721], [-70.7192425233224, 43.072998122762066], [-70.71931837624427, 43.07307269521387], [-70.71942733644796, 43.07314406616666], [-70.71929776611645, 43.07312708590981], [-70.71923870070154, 43.07312526915286], [-70.7191498388378, 43.07311308425772], [-70.71901334853993, 43.07311243106959], [-70.7188207999261, 43.07308558054707], [-70.71860996820811, 43.073064411253974]]]}, "properties": {"AREA": 19775.5195229, "PERIMETER": 637.904446702, "DENSITY": "h", "HECTARES": 0.18372132301, "ACRES": 0.453983460121, "YEAR_": 2006}}, {"type": "Feature", "geometry": {"type": "Polygon", "coordinates": [[[-70.71384669978646, 43.07215739013732], [-70.7137808322293, 43.07205372305747], [-70.71373911733296, 43.071912757355655], [-70.71384737572961, 43.07188035566271], [-70.71396103203993, 43.07189096519414], [-70.71405045121718, 43.071935795820025], [-70.71417096237226, 43.07204172242516], [-70.71429121784385, 43.072138417444926], [-70.71442372091701, 43.07222261743499], [-70.71460410415061, 43.07236766041554], [-70.71476744464971, 43.07250372447826], [-70.71484607643737, 43.07261335539172], [-70.71486689651796, 43.072757712408745], [-70.71488711684833, 43.07288053083169], [-70.71492275135869, 43.07295386970462], [-70.71493251792194, 43.073002972682175], [-70.71489825678238, 43.072978861416736], [-70.7148291335065, 43.07290910205778], [-70.71468797664377, 43.07281579835759], [-70.71461337025504, 43.07269995102815], [-70.71453079961479, 43.072599612828014], [-70.71444848660555, 43.07250850513908], [-70.71436206228202, 43.07242053623461], [-70.71421319999934, 43.072351971693934], [-70.71402168459252, 43.07225942180178], [-70.71392772622492, 43.072202346307726], [-70.71384669978646, 43.07215739013732]]]}, "properties": {"AREA": 32395.2937849, "PERIMETER": 1088.82040985, "DENSITY": "h", "HECTARES": 0.300963331283, "ACRES": 0.74369361306, "YEAR_": 2006}}, {"type": "Feature", "geometry": {"type": "Polygon", "coordinates": [[[-70.7125953654649, 43.07200067987883], [-70.71254037789936, 43.07198611230861], [-70.71248076703183, 43.071956224162676], [-70.71242929093665, 43.07191698005914], [-70.71246115202972, 43.071854942149905], [-70.71257643366177, 43.07177318780236], [-70.7127228065031, 43.07175252797436], [-70.71281171031373, 43.07177889931359], [-70.71284639810042, 43.07181839487843], [-70.71283526524225, 43.07187088846355], [-70.7127946682814, 43.07192074471888], [-70.71275424347355, 43.071976754980355], [-70.71270482525979, 43.07201135288609], [-70.7125953654649, 43.07200067987883]]]}, "properties": {"AREA": 7264.31406135, "PERIMETER": 315.764145751, "DENSITY": "p", "HECTARES": 0.067487955933, "ACRES": 0.166765703888, "YEAR_": 2006}}, {"type": "Feature", "geometry": {"type": "Polygon", "coordinates": [[[-70.7113809506966, 43.0718126235726], [-70.71136981658452, 43.071714291781156], [-70.71143071351118, 43.071639508162654], [-70.71141503990822, 43.07152893232269], [-70.71140767569706, 43.0714151546682], [-70.71143499689052, 43.07134087298571], [-70.71149632115798, 43.07128147301044], [-70.71155841611717, 43.07124976292336], [-70.71161708536218, 43.071245807617586], [-70.7117089857023, 43.07122904220119], [-70.71179797313822, 43.071258491770344], [-70.7118499622387, 43.07131619640109], [-70.71195154050147, 43.071345456557644], [-70.71206922099667, 43.07134985173888], [-70.71216608890006, 43.071360714568044], [-70.71226364186228, 43.0713961915747], [-70.71226090154062, 43.07144855887047], [-70.71219555229098, 43.07151417638549], [-70.71212540754736, 43.07155831837485], [-70.71206862316026, 43.07162996361299], [-70.71198725733542, 43.07172352244743], [-70.71188876099512, 43.07180502558682], [-70.71175609239704, 43.07186549391593], [-70.71158445148099, 43.071883451769864], [-70.71144527244839, 43.07186090945676], [-70.7113809506966, 43.0718126235726]]]}, "properties": {"AREA": 37557.892596, "PERIMETER": 767.974380744, "DENSITY": "h", "HECTARES": 0.348925635518, "ACRES": 0.86221057383, "YEAR_": 2006}}, {"type": "Feature", "geometry": {"type": "Polygon", "coordinates": [[[-70.70943902527624, 43.072186397311526], [-70.70933376354635, 43.07217565818474], [-70.70927749367854, 43.072114937079824], [-70.70936014712736, 43.07206753219721], [-70.7094891364347, 43.07202558994913], [-70.70964715973847, 43.07197090199039], [-70.70978008848503, 43.071919666714614], [-70.70992149599604, 43.071871381783204], [-70.71003883586111, 43.0718634719343], [-70.71012337016731, 43.071883755263535], [-70.71009587517511, 43.07195188348531], [-70.7100187024561, 43.072045377845185], [-70.70989451053642, 43.07210879538451], [-70.70976552132186, 43.07215073808996], [-70.70962377046084, 43.072186714782994], [-70.70943902527624, 43.072186397311526]]]}, "properties": {"AREA": 14082.0281555, "PERIMETER": 538.00487295, "DENSITY": "d", "HECTARES": 0.130826845808, "ACRES": 0.323278883276, "YEAR_": 2006}}, {"type": "Feature", "geometry": {"type": "Polygon", "coordinates": [[[-70.70841254806112, 43.07165999322539], [-70.70832270647975, 43.071599773644365], [-70.70835457029717, 43.07153773690315], [-70.70842258132366, 43.07141667788733], [-70.70853032983466, 43.07136582009746], [-70.70859901713548, 43.07142019860429], [-70.7086602504475, 43.07150854787181], [-70.70869690273967, 43.07161881002649], [-70.70867420169253, 43.07170841262386], [-70.70866332179571, 43.07177013634585], [-70.70858726580606, 43.071752803432936], [-70.70847678137845, 43.071705205093515], [-70.70841254806112, 43.07165999322539]]]}, "properties": {"AREA": 9075.56561658, "PERIMETER": 378.385720783, "DENSITY": "d", "HECTARES": 0.0843151008101, "ACRES": 0.208346318103, "YEAR_": 2006}}, {"type": "Feature", "geometry": {"type": "Polygon", "coordinates": [[[-70.70920853138388, 43.070389182083204], [-70.70953219510507, 43.07025198976681], [-70.70972156463407, 43.07011680339594], [-70.70993525675024, 43.069950472925846], [-70.71015177571454, 43.06973485135974], [-70.71024787437605, 43.069567200613086], [-70.71038011667186, 43.06934052594201], [-70.71049522874867, 43.06910179436209], [-70.71063894482505, 43.06883493311542], [-70.71075208768538, 43.06852543677612], [-70.71080407719882, 43.068281493095434], [-70.7109540421143, 43.06808841116934], [-70.71103266527918, 43.06789639676495], [-70.7111437466416, 43.067663881513425], [-70.71131649056672, 43.06738427242612], [-70.71140239160937, 43.06715213357824], [-70.71151449908582, 43.06695653934589], [-70.71166899787274, 43.066624876887886], [-70.71179334887779, 43.06641678680661], [-70.71193080256353, 43.066226968426015], [-70.71202963283872, 43.06615777313161], [-70.71217573542786, 43.06612788417507], [-70.71230685149202, 43.066162857979066], [-70.71245937872952, 43.06621290241979], [-70.71262423750095, 43.06625352667913], [-70.7127813894578, 43.06631889126001], [-70.71286711660859, 43.06638224705866], [-70.71295361533936, 43.06647329363589], [-70.71306606505517, 43.06659165391821], [-70.71306598210195, 43.06673940184001], [-70.71307266364776, 43.066828565227475], [-70.71313432839868, 43.066932295895185], [-70.71310384131736, 43.06704356172663], [-70.71306479072702, 43.06714880072834], [-70.71302188709448, 43.06726640910312], [-70.71300073568192, 43.067411394366154], [-70.71295843091052, 43.067550539519246], [-70.71293650783738, 43.06766783392495], [-70.7128385348016, 43.06776779828038], [-70.71270604566575, 43.0678344209507], [-70.71260533016067, 43.06783592889754], [-70.71251643212462, 43.06780955653534], [-70.71240124129633, 43.06774356396207], [-70.71228647992966, 43.06769295497998], [-70.71217060461117, 43.06760234700322], [-70.71206354994858, 43.06752699818391], [-70.71198270438761, 43.06748819296598], [-70.7118914945845, 43.06752957294339], [-70.71177099483728, 43.06757446840003], [-70.7116984555254, 43.06768328554573], [-70.71171798199858, 43.067781491174294], [-70.7117752770294, 43.06787913161686], [-70.71186169135251, 43.067967102447675], [-70.71195247308673, 43.06806116322289], [-70.71211399729718, 43.06813261965619], [-70.71224212039381, 43.06821073120679], [-70.71231645994249, 43.0683173503992], [-70.71237760953831, 43.06840262028351], [-70.71242659850651, 43.06850346320245], [-70.71242163258707, 43.068626659014114], [-70.71235209160629, 43.068843164218606], [-70.71224957737368, 43.06908170840923], [-70.71210329633122, 43.06925626775001], [-70.71196789180776, 43.06936910370507], [-70.71179566032076, 43.06951634953896], [-70.71169691037045, 43.06958862199923], [-70.71160698192924, 43.069676152785654], [-70.71153838043695, 43.069775677004074], [-70.71138687170556, 43.069913377959146], [-70.7112011902852, 43.07003004291092], [-70.71105259350708, 43.070121529255644], [-70.71089954185584, 43.07020384698229], [-70.71069998421369, 43.070274548308056], [-70.7105130165323, 43.070345061032526], [-70.71027611665336, 43.07043171005872], [-70.71004306983252, 43.07050598931223], [-70.70985678476528, 43.0706011152142], [-70.7096199677248, 43.070690839411576], [-70.70943248434706, 43.070742889188665], [-70.70924054763215, 43.0707857719843], [-70.70910642279803, 43.070793932130115], [-70.70900887265425, 43.07075845245469], [-70.70889813313818, 43.070701623950946], [-70.7088284202931, 43.07061032331231], [-70.70890927632249, 43.07049830558298], [-70.70904203183107, 43.07044091801178], [-70.70920853138388, 43.070389182083204]]]}, "properties": {"AREA": 619583.497402, "PERIMETER": 4841.43377796, "DENSITY": "sb", "HECTARES": 5.7561420688, "ACRES": 14.223679922, "YEAR_": 2006}}, {"type": "Feature", "geometry": {"type": "Polygon", "coordinates": [[[-70.71232909486483, 43.06228725670249], [-70.71238133115705, 43.06220336710717], [-70.71243271128763, 43.06208871006631], [-70.71257846109057, 43.06189568875004], [-70.71266649211131, 43.061740468987495], [-70.71281481017107, 43.06163975051952], [-70.71290549509092, 43.061579909387746], [-70.71301973259807, 43.06161205833238], [-70.71308044850602, 43.06168194417548], [-70.71315007048155, 43.06177016485189], [-70.71315666560625, 43.06185625174112], [-70.71307856797385, 43.06191590451014], [-70.71299875637604, 43.0619140214766], [-70.71292905140211, 43.06197354785124], [-70.71286825093694, 43.06205140995697], [-70.71277859246662, 43.062148171586955], [-70.71270991414652, 43.06224461925981], [-70.71266153092928, 43.062316138718295], [-70.71265134077085, 43.062402477259376], [-70.71262959133385, 43.06252592485411], [-70.7125854036677, 43.06259738113804], [-70.71254113101003, 43.06266576174763], [-70.71244102294506, 43.06268880646092], [-70.71236429199998, 43.062646861833905], [-70.712278313488, 43.06257427508523], [-70.71217546565143, 43.06249886328507], [-70.71215251513975, 43.06242841163502], [-70.71226349736013, 43.06234364295648], [-70.71232909486483, 43.06228725670249]]]}, "properties": {"AREA": 41265.1655372, "PERIMETER": 1018.52828008, "DENSITY": "d", "HECTARES": 0.383367465919, "ACRES": 0.947317849798, "YEAR_": 2006}}, {"type": "Feature", "geometry": {"type": "Polygon", "coordinates": [[[-70.71275355340534, 43.05913820920891], [-70.71263846450687, 43.059075292595885], [-70.71252808680804, 43.059030773929656], [-70.7124725979176, 43.05899774613066], [-70.71246728799974, 43.05895781122483], [-70.71246600398594, 43.05891165917153], [-70.71241402581944, 43.05885395390193], [-70.71234920265971, 43.058787207390615], [-70.71234723250214, 43.05871644101369], [-70.71240845823085, 43.05865396373326], [-70.7125036790467, 43.058606367791825], [-70.71258708291897, 43.05858665114988], [-70.71270122863103, 43.058615722906424], [-70.71278651578973, 43.05866369501775], [-70.71287137619935, 43.058696283358806], [-70.71298132543316, 43.05872541707549], [-70.71306764274723, 43.05881031046068], [-70.71316260868474, 43.05890430805873], [-70.7131856440042, 43.05897783700488], [-70.71320825242354, 43.0590359813397], [-70.71325988819198, 43.05908137909613], [-70.71335322682285, 43.05911691823004], [-70.71338114474705, 43.05921499739012], [-70.71332873892841, 43.05929273347784], [-70.71332343255933, 43.05940362329095], [-70.7133504079542, 43.05946785845683], [-70.71334372955913, 43.05952951964558], [-70.71332506344262, 43.05961290626234], [-70.71330340133747, 43.059739431523894], [-70.71325973085372, 43.05982934841046], [-70.71320775375605, 43.05992246905234], [-70.7131676794705, 43.059990785902194], [-70.71307553921169, 43.05999832209665], [-70.71298262878544, 43.05997816645495], [-70.71295659593682, 43.05994777610562], [-70.71300086612591, 43.05987939527998], [-70.71300291985425, 43.05980241354507], [-70.71298793377932, 43.0597164520225], [-70.71296943610696, 43.059655167943575], [-70.71293869349603, 43.05960637955756], [-70.71287035978133, 43.059564309903045], [-70.71286479245654, 43.05951514442517], [-70.71288303106277, 43.05941637327178], [-70.71287643650807, 43.05933028723664], [-70.71284029907444, 43.05923848647888], [-70.71279260201908, 43.059183795700065], [-70.71275355340534, 43.05913820920891]]]}, "properties": {"AREA": 64814.6108993, "PERIMETER": 1296.67244364, "DENSITY": "d", "HECTARES": 0.602149847493, "ACRES": 1.48793872588, "YEAR_": 2006}}, {"type": "Feature", "geometry": {"type": "Polygon", "coordinates": [[[-70.71434961803152, 43.05646101953405], [-70.71432272903884, 43.056399861141394], [-70.71431296657678, 43.056350758910874], [-70.71431108036082, 43.05628306998561], [-70.71438172184813, 43.056257386659105], [-70.71448524208498, 43.05620658692147], [-70.71458927811261, 43.0561742473889], [-70.7146975082347, 43.05614184453445], [-70.71475342435068, 43.05619025587948], [-70.71480197929054, 43.05627571331704], [-70.71487202636406, 43.05637931761477], [-70.71491707096017, 43.05648945253118], [-70.71494473285247, 43.056578300772365], [-70.71494293790461, 43.05666451409338], [-70.7149033825505, 43.0567512919164], [-70.71479026877884, 43.05675914384727], [-70.71466807689498, 43.05674250687026], [-70.71451051989337, 43.05666176037626], [-70.71441966577122, 43.05656462411033], [-70.71434961803152, 43.05646101953405]]]}, "properties": {"AREA": 25962.6624116, "PERIMETER": 620.979160054, "DENSITY": "sb", "HECTARES": 0.241201991261, "ACRES": 0.596020716521, "YEAR_": 2006}}, {"type": "Feature", "geometry": {"type": "Polygon", "coordinates": [[[-70.7153177240937, 43.05655731935084], [-70.71534966028327, 43.05649835783685], [-70.71542526829282, 43.056500301498204], [-70.71548486698956, 43.056530188970974], [-70.71554883247222, 43.05656616629217], [-70.71562118893769, 43.05660201797951], [-70.7157188931945, 43.056643645962595], [-70.71582430090072, 43.05666053302694], [-70.71595865046339, 43.05666159616731], [-70.71607604565217, 43.05665675728], [-70.7162432735602, 43.056632702349916], [-70.71634405819053, 43.05663426850022], [-70.71648551037406, 43.05658905420262], [-70.7166160083266, 43.056602486111956], [-70.71669667130145, 43.056635134895636], [-70.7167657775306, 43.056704893158454], [-70.71679729364797, 43.05678137142334], [-70.71681228565298, 43.05686733164475], [-70.71678899930203, 43.056935398483176], [-70.71674439149409, 43.05699147280986], [-70.71664395146263, 43.05700221417658], [-70.71657382536578, 43.057046359181825], [-70.71648203384568, 43.05706620442876], [-70.71636480923763, 43.05707719775001], [-70.71622241044152, 43.05708856787047], [-70.71606708126816, 43.05708781955015], [-70.71591175208843, 43.05708707191904], [-70.71578630889518, 43.0571043434007], [-70.71570239296778, 43.057105601222695], [-70.71563560399, 43.05711891495666], [-70.71555596975917, 43.05712318778907], [-70.7154844702435, 43.05711810349511], [-70.71538248489475, 43.0570734619925], [-70.71530918436773, 43.057003765247536], [-70.7152566901555, 43.05692760095326], [-70.71517362549952, 43.05680880195831], [-70.71519245943216, 43.056731568093326], [-70.71525701835064, 43.05663825854676], [-70.7153177240937, 43.05655731935084]]]}, "properties": {"AREA": 69544.6851126, "PERIMETER": 1138.79186911, "DENSITY": "h", "HECTARES": 0.646093850654, "ACRES": 1.59652628817, "YEAR_": 2006}}, {"type": "Feature", "geometry": {"type": "Polygon", "coordinates": [[[-70.71847833834929, 43.0570921680019], [-70.71830545212842, 43.05706398435262], [-70.71817469613808, 43.05704132287737], [-70.71798537128271, 43.0570256983647], [-70.71783389470937, 43.05701258196023], [-70.71767368305085, 43.05698728484645], [-70.71760483205725, 43.056926757704], [-70.71751012129309, 43.056841994326966], [-70.71749041726831, 43.0567376354213], [-70.71755488638267, 43.056641247977744], [-70.71770053440615, 43.056595968859575], [-70.71787247394691, 43.05659030940965], [-70.71800708132143, 43.056600599835924], [-70.71807858047289, 43.05660568255033], [-70.7182043663324, 43.056600715697364], [-70.71832955117036, 43.05657421096569], [-70.71847973704828, 43.056541174648316], [-70.7186179387537, 43.05652986506112], [-70.71878243150289, 43.05655817404895], [-70.71894229932605, 43.05657116245795], [-70.71907587469744, 43.05654453106313], [-70.71922152140573, 43.05649924999538], [-70.7193719647197, 43.05647544309148], [-70.71953585625036, 43.05648221415934], [-70.71972406086667, 43.056457838966764], [-70.71988255262688, 43.056421597450566], [-70.72004112943584, 43.056388433169616], [-70.72017915759781, 43.05637096765664], [-70.72035049340955, 43.056343766726606], [-70.7205425492041, 43.05630702050965], [-70.72076440533294, 43.05628521543723], [-70.72096571306167, 43.05627910906633], [-70.72120837549437, 43.056250834586955], [-70.72135462205743, 43.05622708761678], [-70.72152270862888, 43.056233792374925], [-70.7216615113311, 43.05624401593509], [-70.72176683350901, 43.05625782186898], [-70.72178071202258, 43.05630378348892], [-70.72175769105102, 43.05638108109845], [-70.72160331057621, 43.05641418519842], [-70.7213866832317, 43.0564728498913], [-70.72114137463296, 43.05655656992817], [-70.7209794627616, 43.05662056660487], [-70.72069604664252, 43.05669254680551], [-70.72050818518152, 43.05672923073857], [-70.72030825232883, 43.05678456399437], [-70.72012492928164, 43.056833491017066], [-70.71996267223544, 43.056885179089235], [-70.71980486853175, 43.056946035015535], [-70.71964398553625, 43.05704695122283], [-70.71962507063576, 43.05712110840188], [-70.7195266080331, 43.05720261774031], [-70.71941487083683, 43.05725970195335], [-70.71920123013217, 43.05727522448411], [-70.7190025675854, 43.057225882614375], [-70.7187444759649, 43.05715280956388], [-70.71847833834929, 43.0570921680019]]]}, "properties": {"AREA": 192486.19523, "PERIMETER": 2546.3809067, "DENSITY": "p", "HECTARES": 1.78826242254, "ACRES": 4.41887500529, "YEAR_": 2006}}, {"type": "Feature", "geometry": {"type": "Polygon", "coordinates": [[[-70.72439787877353, 43.056517780398295], [-70.72431816037655, 43.05651898188676], [-70.72424990759572, 43.05647999641978], [-70.72417745946885, 43.056441073576046], [-70.72408455059791, 43.056420926952775], [-70.7240119305303, 43.0563758508842], [-70.72403503534882, 43.05630162936004], [-70.72412176491075, 43.05625107325174], [-70.72423846906706, 43.05622161167989], [-70.7243937951213, 43.05622234887818], [-70.72450759670826, 43.05623910172755], [-70.72462996137682, 43.05626188222563], [-70.7247354577288, 43.05628183766495], [-70.72482049354333, 43.05632057120776], [-70.72486032492235, 43.05639384362011], [-70.724798855117, 43.0564470971421], [-70.7246948250553, 43.056479446012155], [-70.72457777628627, 43.05649660090364], [-70.72448624690317, 43.05652568319185], [-70.72439787877353, 43.056517780398295]]]}, "properties": {"AREA": 17782.2272645, "PERIMETER": 539.032914925, "DENSITY": "h", "HECTARES": 0.165202957896, "ACRES": 0.408223766403, "YEAR_": 2006}}, {"type": "Feature", "geometry": {"type": "Polygon", "coordinates": [[[-70.72729227454366, 43.05630174857731], [-70.72715637106236, 43.05624531705146], [-70.72703365938023, 43.05621023299668], [-70.72693218662965, 43.056184061995644], [-70.72689148846962, 43.05608002195924], [-70.72689728963151, 43.05598759330032], [-70.726979561803, 43.0559278680747], [-70.72711810559947, 43.05592885443293], [-70.72732260616219, 43.056036577721436], [-70.72743744420477, 43.05609024819165], [-70.7275069082677, 43.05617230723289], [-70.7275099318433, 43.056279993171145], [-70.72743561882001, 43.05632420860547], [-70.72729227454366, 43.05630174857731]]]}, "properties": {"AREA": 15341.9094425, "PERIMETER": 489.775274777, "DENSITY": "h", "HECTARES": 0.142531572787, "ACRES": 0.352201777835, "YEAR_": 2006}}, {"type": "Feature", "geometry": {"type": "Polygon", "coordinates": [[[-70.72938671988142, 43.05764972843003], [-70.72929964607746, 43.05768798139463], [-70.72922576481284, 43.05774758077421], [-70.72917208484209, 43.057779173256066], [-70.72917874716995, 43.05771751097356], [-70.72916845229915, 43.057649949636385], [-70.7290657654698, 43.05758070596294], [-70.72901394529548, 43.05752916300181], [-70.7289358283928, 43.05743800176489], [-70.72887133504462, 43.057383570687264], [-70.72879425529428, 43.05732933077094], [-70.72872093911153, 43.05725964337446], [-70.7287018217685, 43.057176824854295], [-70.72869213337684, 43.05713080030173], [-70.72870787861102, 43.05709362576847], [-70.72875026798066, 43.05710837578996], [-70.72888686648082, 43.05718941882741], [-70.72899400871151, 43.05726782951026], [-70.72910158339437, 43.05736162289306], [-70.7292340731141, 43.05744580581911], [-70.72935285137822, 43.057490181865134], [-70.72941769058319, 43.05755691890963], [-70.72941933384902, 43.05761537714726], [-70.72938671988142, 43.05764972843003]]]}, "properties": {"AREA": 15309.7727554, "PERIMETER": 664.335556471, "DENSITY": "h", "HECTARES": 0.142233012, "ACRES": 0.351464021014, "YEAR_": 2006}}, {"type": "Feature", "geometry": {"type": "Polygon", "coordinates": [[[-70.7178888944283, 43.05500898519257], [-70.71776875558419, 43.05506300782676], [-70.71766296039769, 43.05509940800319], [-70.71755655777511, 43.05511406054113], [-70.71746734219798, 43.055106696266435], [-70.71745117773102, 43.05505907236167], [-70.71748131123682, 43.05496941237352], [-70.71753535447355, 43.05488592236128], [-70.71761947782593, 43.05481720950103], [-70.71770100053574, 43.05476159126647], [-70.71778548941839, 43.05470592825611], [-70.71784848947917, 43.054624479213835], [-70.71792111402736, 43.054568994078615], [-70.71800608791928, 43.0545307296479], [-70.71808924936407, 43.05453383236166], [-70.71815800746779, 43.05455238212647], [-70.71817151101982, 43.05461092534568], [-70.71813829040399, 43.05469627966536], [-70.71809005879653, 43.054775331735264], [-70.71803880219204, 43.05485225412937], [-70.71794669143647, 43.054953722770335], [-70.7178888944283, 43.05500898519257]]]}, "properties": {"AREA": 20642.1238213, "PERIMETER": 618.094971221, "DENSITY": "p", "HECTARES": 0.191772372594, "ACRES": 0.47387795733, "YEAR_": 2006}}, {"type": "Feature", "geometry": {"type": "Polygon", "coordinates": [[[-70.71723375889995, 43.052379485469004], [-70.71712614665141, 43.05235063895804], [-70.71704219824792, 43.05231926212991], [-70.71693555772438, 43.052325214763826], [-70.71687830035422, 43.052293437318426], [-70.71686419270256, 43.052213144598575], [-70.71688881984937, 43.05213879848384], [-70.71693438821237, 43.0520706653501], [-70.71701342807215, 43.05203249101303], [-70.71713731655919, 43.05200669872628], [-70.71722331880594, 43.052005407643], [-70.71732760098139, 43.0520212488017], [-70.71744683241447, 43.05204121688898], [-70.71756388672708, 43.05208950209561], [-70.71761679111229, 43.05217791549849], [-70.71761328794561, 43.052264998723075], [-70.71756178899753, 43.052333221563316], [-70.71744135274803, 43.05237636926152], [-70.71732908336588, 43.05239328455195], [-70.71723375889995, 43.052379485469004]]]}, "properties": {"AREA": 22022.3972518, "PERIMETER": 556.235956008, "DENSITY": "sb", "HECTARES": 0.204595583659, "ACRES": 0.505564675201, "YEAR_": 2006}}, {"type": "Feature", "geometry": {"type": "Polygon", "coordinates": [[[-70.71882154836491, 43.05509320801239], [-70.71899140924603, 43.055052069591184], [-70.71929141145576, 43.05496074240147], [-70.71965446359226, 43.05477200043122], [-70.72003389740114, 43.0546987710383], [-70.7202576997533, 43.0547050527767], [-70.72050564231013, 43.05463379751318], [-70.72089552608301, 43.05446394188679], [-70.7215234352386, 43.054338735860085], [-70.72238667215512, 43.05416175133064], [-70.72309454959233, 43.05407391951776], [-70.72375036927833, 43.05400616097413], [-70.72432810544758, 43.05396851512726], [-70.72460585064482, 43.054022208398536], [-70.7249115175094, 43.054133359474534], [-70.72511253466776, 43.05426538133971], [-70.72532615999086, 43.054377919044825], [-70.72563128891815, 43.054469783204134], [-70.72589778258597, 43.0545911692968], [-70.72592813690355, 43.054735410515676], [-70.72582862520781, 43.05493949082598], [-70.72562310994446, 43.05511622921948], [-70.7254296612014, 43.05525419930585], [-70.7250778808885, 43.055375262979176], [-70.7246332446013, 43.05546878589506], [-70.72387302882926, 43.05556706274963], [-70.72328239721665, 43.05561454674656], [-70.72271833486487, 43.05567127458248], [-70.72218056854926, 43.05572760366465], [-70.7216422615113, 43.05576464519216], [-70.72105189688641, 43.05582176060302], [-70.72057771771566, 43.0557999532649], [-70.72016928278538, 43.055777154785716], [-70.7197079826572, 43.05574550358269], [-70.71929766365069, 43.05565520399416], [-70.71895443745903, 43.05561212837391], [-70.71875666136755, 43.05559580683482], [-70.71845207626808, 43.05552320853014], [-70.71839463228858, 43.0553504326091], [-70.71853550081327, 43.05521326482319], [-70.71882154836491, 43.05509320801239]]]}, "properties": {"AREA": 873778.627891, "PERIMETER": 4435.57275696, "DENSITY": "h", "HECTARES": 8.11770155258, "ACRES": 20.0591971508, "YEAR_": 2006}}, {"type": "Feature", "geometry": {"type": "Polygon", "coordinates": [[[-70.71965446359226, 43.05477200043122], [-70.71966464837425, 43.05466573511717], [-70.71947840733218, 43.0545913616412], [-70.71927982521325, 43.054546112141296], [-70.71921273327983, 43.05449888779234], [-70.71931199717395, 43.05428517046375], [-70.71956904567244, 43.05406908187016], [-70.71990309926859, 43.05378430925125], [-70.72031631074701, 43.053507991990585], [-70.72075878231786, 43.05333734564801], [-70.72121520949658, 43.05319542723481], [-70.7216839734746, 43.05302438151246], [-70.72204889589106, 43.05290313064675], [-70.72264995097645, 43.05275902914751], [-70.72310798906436, 43.052674959059935], [-70.72355179735658, 43.052552514774554], [-70.7239856966689, 43.05254597752042], [-70.72431197747942, 43.05245424146542], [-70.72485133445046, 43.05245575800365], [-70.72534053014216, 43.05254484753433], [-70.7255018271996, 43.052667821235936], [-70.7254017766238, 43.05285261534633], [-70.72548715815543, 43.05308284632364], [-70.72562161872482, 43.05318693066454], [-70.72572870043464, 43.05325284159756], [-70.7258392988303, 43.05344410549326], [-70.72600303250854, 43.05365386151521], [-70.72598133418269, 43.05381818054043], [-70.72601195952646, 43.05397206471762], [-70.7259781927367, 43.0541751526181], [-70.72598252059991, 43.05432943272667], [-70.7259608219357, 43.05449375262607], [-70.72589778258597, 43.0545911692968], [-70.72563128891815, 43.054469783204134], [-70.72532615999086, 43.054377919044825], [-70.72511253466776, 43.05426538133971], [-70.7249115175094, 43.054133359474534], [-70.72460585064482, 43.054022208398536], [-70.72432810544758, 43.05396851512726], [-70.72375036927833, 43.05400616097413], [-70.72309454959233, 43.05407391951776], [-70.72238667215512, 43.05416175133064], [-70.7215234352386, 43.054338735860085], [-70.72089552608301, 43.05446394188679], [-70.72050564231013, 43.05463379751318], [-70.7202576997533, 43.0547050527767], [-70.72003389740114, 43.0546987710383], [-70.71965446359226, 43.05477200043122]]]}, "properties": {"AREA": 846281.678112, "PERIMETER": 4671.97089188, "DENSITY": "h", "HECTARES": 7.86224550825, "ACRES": 19.427954043, "YEAR_": 2006}}, {"type": "Feature", "geometry": {"type": "Polygon", "coordinates": [[[-70.733384660675, 43.05908948687111], [-70.73314570650359, 43.059129217948744], [-70.73302251681399, 43.059126570132925], [-70.73294049257852, 43.05905559108608], [-70.73295679073807, 43.05897860815815], [-70.73309831187656, 43.058976464612456], [-70.73320304279062, 43.05897939205147], [-70.73327509987203, 43.05891510609755], [-70.73335844600275, 43.058814537553715], [-70.73349907699166, 43.058780810394424], [-70.73360779802138, 43.05870694123472], [-70.73374138596407, 43.05864172271635], [-70.73389457551653, 43.05861683171828], [-70.73406096302271, 43.05862333768345], [-70.73414888718712, 43.05868519856942], [-70.73418784025516, 43.058756830370825], [-70.73414642155306, 43.0588161384433], [-70.73408064633276, 43.058884843725714], [-70.73400833530988, 43.05894010580234], [-70.73388000986587, 43.05897364764298], [-70.73375168549792, 43.05900719024827], [-70.7336051548183, 43.05905003505351], [-70.73350055297443, 43.059051619742945], [-70.733384660675, 43.05908948687111]]]}, "properties": {"AREA": 30845.9936476, "PERIMETER": 828.672921646, "DENSITY": "h", "HECTARES": 0.286569804446, "ACRES": 0.708126575931, "YEAR_": 2006}}, {"type": "Feature", "geometry": {"type": "Polygon", "coordinates": [[[-70.73450945916132, 43.06049624234927], [-70.73431280891823, 43.06050825162343], [-70.73419691557245, 43.06054611955371], [-70.73403693066032, 43.0605485442517], [-70.73392502725669, 43.06050961568121], [-70.73384300016636, 43.06043863637122], [-70.7337605916939, 43.06035412177164], [-70.73374612318895, 43.060277605348546], [-70.73383125152927, 43.060240204514756], [-70.733990090806, 43.0601971726015], [-70.73419225654436, 43.06016251126264], [-70.73433993334355, 43.06016027231922], [-70.73456119423518, 43.06014789006081], [-70.73478873606582, 43.06013992610462], [-70.73495410920168, 43.06011033505532], [-70.73514986621659, 43.06006674155378], [-70.73526690498944, 43.06006948014283], [-70.7354700873048, 43.060070912277396], [-70.7356426318776, 43.06007732292297], [-70.73581695841794, 43.06014689950705], [-70.73587450257182, 43.060222762376995], [-70.73580320942207, 43.06031412131287], [-70.7356379642701, 43.060348225336746], [-70.73539259857807, 43.060379030641336], [-70.73512249267073, 43.06040569671889], [-70.73484648728179, 43.06044147955921], [-70.73450945916132, 43.06049624234927]]]}, "properties": {"AREA": 62321.0551555, "PERIMETER": 1256.84604915, "DENSITY": "sb", "HECTARES": 0.578983863929, "ACRES": 1.4306945628, "YEAR_": 2006}}, {"type": "Feature", "geometry": {"type": "Polygon", "coordinates": [[[-70.69609929212511, 43.06690082415615], [-70.69593093229123, 43.066711927958416], [-70.6957685072094, 43.066738259564346], [-70.69557676155736, 43.06688464571791], [-70.69538402708146, 43.06699515990445], [-70.69523725070165, 43.0669973345795], [-70.69494436089322, 43.066958394031296], [-70.69476050078543, 43.06682893073512], [-70.69448016170249, 43.06646956684865], [-70.69435203204183, 43.06612897227651], [-70.694043679246, 43.065785621628734], [-70.69404493282494, 43.065785461253434], [-70.69406428273652, 43.06578298465172], [-70.69456371033384, 43.06571905396672], [-70.69500198306731, 43.0655884446065], [-70.69502079488775, 43.065580853968136], [-70.69558412770374, 43.06535356397871], [-70.69558508651477, 43.06535317694532], [-70.6955918717304, 43.06533530964795], [-70.69569206652731, 43.065071450834736], [-70.69587972483373, 43.064958002607945], [-70.69588206891831, 43.06495680997918], [-70.6962380468713, 43.06477507522673], [-70.69629854879607, 43.06474418802574], [-70.69629867255723, 43.06474412516391], [-70.69673191051454, 43.06476732714505], [-70.69729917533512, 43.06490762420605], [-70.69759065387642, 43.06485372951122], [-70.69783616593882, 43.06476746853253], [-70.69814880110528, 43.06466368825004], [-70.69838827113688, 43.06471370773739], [-70.69847608465577, 43.064939682418036], [-70.6984680318771, 43.06523885166544], [-70.69836047895535, 43.06547968848148], [-70.69828389159221, 43.06566025510801], [-70.69814141001481, 43.06581787610795], [-70.69808277988288, 43.06605798619981], [-70.69822182962318, 43.06636693392036], [-70.69828132053614, 43.06674883494584], [-70.69827524807754, 43.06711974644346], [-70.69830212205723, 43.06750213111208], [-70.6982514161477, 43.06802921153437], [-70.69814881111753, 43.0684494043108], [-70.69815565113021, 43.06899272623327], [-70.69821256553952, 43.06942149100162], [-70.69785597585151, 43.06966191151223], [-70.69791348725838, 43.06997207019386], [-70.69800262793252, 43.07024587271813], [-70.69814333805316, 43.07061460582683], [-70.6984577451268, 43.07095452991681], [-70.69860067353386, 43.07123330582722], [-70.69888197120582, 43.071625690711464], [-70.69913846241744, 43.07193582738226], [-70.69930209958919, 43.072148200842115], [-70.69946619518663, 43.07237709134563], [-70.69983625240789, 43.072718585524555], [-70.70006794008269, 43.07294647094778], [-70.7001874372716, 43.073192546644925], [-70.7003276394243, 43.07337222044317], [-70.70051016040289, 43.0734521240616], [-70.70062580790251, 43.073651960748], [-70.70087575348617, 43.073839636442905], [-70.70107610706523, 43.074004125417396], [-70.70118025451038, 43.07422985475723], [-70.70138259676486, 43.074466085479465], [-70.70150272583727, 43.07467961445678], [-70.70175201591627, 43.074843373580954], [-70.70191876142562, 43.0749724750842], [-70.70213311617383, 43.07505301985288], [-70.70218535731388, 43.075171862499374], [-70.70228752430975, 43.075325848597814], [-70.70229215975499, 43.07549324687084], [-70.70214734943325, 43.07556717335369], [-70.70199724412636, 43.07544978671149], [-70.70178156470169, 43.07532141322026], [-70.70126236939976, 43.074838694503846], [-70.70099743125081, 43.07469909033018], [-70.70090033311781, 43.074520346488924], [-70.70068933919919, 43.07422606178597], [-70.70036478475345, 43.07390041761837], [-70.69997127454442, 43.07352622685704], [-70.69964627143712, 43.0731840634244], [-70.69932264006113, 43.07289144997222], [-70.69883172470168, 43.07225432719995], [-70.6984828359138, 43.07186294564046], [-70.69829211232033, 43.071485737866254], [-70.69807794869841, 43.07107583111488], [-70.69777367350646, 43.070667261053465], [-70.69749056258053, 43.07020880617921], [-70.69720700034867, 43.06973383423469], [-70.69703292867416, 43.06939899717746], [-70.69694115414258, 43.06902953684804], [-70.6969103279673, 43.068503666418366], [-70.69676863991442, 43.06809906014498], [-70.696760722738, 43.067812089795865], [-70.69650256858642, 43.06732547618949], [-70.69609929212511, 43.06690082415615]]]}, "properties": {"AREA": 1382783.94516, "PERIMETER": 10272.3711564, "DENSITY": "sb", "HECTARES": 12.8465346029, "ACRES": 31.7443513581, "YEAR_": 2006}}, {"type": "Feature", "geometry": {"type": "Polygon", "coordinates": [[[-70.69307133940235, 43.06544565854533], [-70.69309945862777, 43.06548601249406], [-70.69312093703593, 43.06551598150723], [-70.69309879984688, 43.06551980337825], [-70.69303813199947, 43.06550905239039], [-70.69295030586984, 43.065492879057544], [-70.69287441651007, 43.065448571934944], [-70.69279655293732, 43.065390316191156], [-70.69275248849522, 43.0653478677125], [-70.69269698806455, 43.06529394026321], [-70.69269836985103, 43.065228687756615], [-70.69274349446248, 43.06519423834838], [-70.69280380978131, 43.06519218172268], [-70.69287861037053, 43.06519689871246], [-70.69296678824352, 43.065225880763485], [-70.69302711728518, 43.065282066260295], [-70.69304466547273, 43.06534237953221], [-70.69306246895238, 43.06541200802342], [-70.69307133940235, 43.06544565854533]]]}, "properties": {"AREA": 7715.0492303, "PERIMETER": 365.621785469, "DENSITY": "h", "HECTARES": 0.0716754394259, "ACRES": 0.177113159557, "YEAR_": 2006}}, {"type": "Feature", "geometry": {"type": "Polygon", "coordinates": [[[-70.69240929803946, 43.065010776486254], [-70.69233283462756, 43.065007038807714], [-70.6920792749049, 43.06496210307875], [-70.69183181908615, 43.06489760340975], [-70.69157507619313, 43.064857583122524], [-70.69136040560542, 43.064777991574964], [-70.6911806612931, 43.06476117384221], [-70.69091409812955, 43.064726165960636], [-70.69056681554194, 43.064653401273866], [-70.69022100566553, 43.06463416798901], [-70.69010616517407, 43.064562836015675], [-70.68995257031793, 43.064531025014816], [-70.689746545997, 43.06452433075094], [-70.68950109870745, 43.06453282452851], [-70.68920241846014, 43.064537234534], [-70.68896294042652, 43.06452129650556], [-70.68875678247481, 43.06450973395515], [-70.68849739178354, 43.064494088361954], [-70.68819871292777, 43.06449849575914], [-70.68795976907748, 43.06450202164895], [-70.68770808441865, 43.06452520824694], [-70.68744976233127, 43.0645484932203], [-70.68721812391634, 43.06457625205976], [-70.68689369516004, 43.06461024712845], [-70.68676758515937, 43.0646121063066], [-70.68673346468809, 43.06457852982008], [-70.68676384800965, 43.06447584235833], [-70.68675454159086, 43.0643786084427], [-70.68674536882857, 43.064286241932024], [-70.68664870986386, 43.06415134708811], [-70.68654674795506, 43.06406521609447], [-70.68639752565933, 43.06395057087905], [-70.68634242538373, 43.06387835432726], [-70.68644555284149, 43.06376485808322], [-70.68649504834441, 43.063632677732286], [-70.68645839346748, 43.06350663575033], [-70.68656975828831, 43.06345143947811], [-70.68690201985811, 43.0634611467212], [-70.68723414664055, 43.063465986482534], [-70.68750016974708, 43.06348153686186], [-70.68771202628572, 43.06345893805469], [-70.6879627716355, 43.06340168496059], [-70.6881815323665, 43.063388720232425], [-70.68836697371844, 43.06337137810862], [-70.6884450173311, 43.06331180390484], [-70.68851642371291, 43.06325232683986], [-70.68864172814631, 43.06322126666313], [-70.68874872436186, 43.06324889873609], [-70.6888691299069, 43.06328120099924], [-70.68895701671623, 43.063338326252435], [-70.6890644147626, 43.06338055755394], [-70.68921003202047, 43.06336380189755], [-70.6894088810849, 43.06335112921952], [-70.68960799660054, 43.06334818829788], [-70.68974831411373, 43.063380196068486], [-70.68994916791016, 43.06344052002023], [-70.69011777263778, 43.063535400994084], [-70.6903385386881, 43.063595430608025], [-70.69051271252096, 43.06365127987902], [-70.69066020293957, 43.06370265434557], [-70.69072938376614, 43.06380387143993], [-70.69073963289566, 43.063935170632405], [-70.6907893044683, 43.06405128187204], [-70.69095074031615, 43.06412679294998], [-70.69113698469242, 43.064138645366214], [-70.69127730483085, 43.064170651282865], [-70.69143740268748, 43.06419749573792], [-70.69153112751603, 43.064225320857325], [-70.69168646122681, 43.06432039517599], [-70.6919351210424, 43.064428695485496], [-70.69208114104325, 43.06442653569944], [-70.69220725060937, 43.064424670659704], [-70.69238182834088, 43.06449511661074], [-70.6925167171897, 43.06457101785779], [-70.69258590326952, 43.064672233864364], [-70.6926225714025, 43.064798273087575], [-70.6925586090153, 43.064886853419296], [-70.69246769505254, 43.06496122658816], [-70.69240929803946, 43.065010776486254]]]}, "properties": {"AREA": 555571.499444, "PERIMETER": 4031.01484529, "DENSITY": "sb", "HECTARES": 5.16144876935, "ACRES": 12.7541666539, "YEAR_": 2006}}, {"type": "Feature", "geometry": {"type": "Polygon", "coordinates": [[[-70.69143740268748, 43.06419749573792], [-70.69127730483085, 43.064170651282865], [-70.69113698469242, 43.064138645366214], [-70.69095074031615, 43.06412679294998], [-70.6907893044683, 43.06405128187204], [-70.69073963289566, 43.063935170632405], [-70.69072938376614, 43.06380387143993], [-70.69066020293957, 43.06370265434557], [-70.69051271252096, 43.06365127987902], [-70.6903385386881, 43.063595430608025], [-70.69026114097306, 43.06355762513015], [-70.69021998027206, 43.06350954834023], [-70.69020296129736, 43.06337347988857], [-70.69013827878604, 43.063194299309856], [-70.69010704978443, 43.063024361678536], [-70.690095999914, 43.062863862492776], [-70.69015332785153, 43.06277538172093], [-70.69019684590785, 43.06266763037443], [-70.69031840457224, 43.06250030439016], [-70.690467713525, 43.06237638397937], [-70.69059181216431, 43.06230152219089], [-70.69068896072389, 43.062212452730044], [-70.6908723908208, 43.06212210801124], [-70.69102357098996, 43.062066319729226], [-70.69122838375763, 43.062029212174515], [-70.69148602387129, 43.061981586907784], [-70.69168406510765, 43.06193971029165], [-70.69191662884268, 43.06194600871982], [-70.69215609774115, 43.061961940482966], [-70.69230821371754, 43.061940216925], [-70.69246589624574, 43.0618794619064], [-70.69264985799408, 43.06180858031509], [-70.69280753862621, 43.061747824807256], [-70.69299920837143, 43.061715777244835], [-70.69319831974784, 43.06171283093175], [-70.69343155246605, 43.06174345879754], [-70.69357160004377, 43.061765728859136], [-70.69363320855977, 43.061832976211605], [-70.6936104118512, 43.06196963280107], [-70.69350160159792, 43.062117300513606], [-70.69328713451628, 43.062286005425534], [-70.69308393056984, 43.06238151473016], [-70.69290794342454, 43.062500964590924], [-70.6928025535614, 43.06253173535028], [-70.69269569081128, 43.062508973565095], [-70.69259466051628, 43.062456914312364], [-70.69237007139918, 43.06249918487752], [-70.69208842400444, 43.062639670704314], [-70.6918058395086, 43.06274608849881], [-70.69155617121396, 43.06284228302229], [-70.69137126830142, 43.06287909636609], [-70.69120071000921, 43.06295464584997], [-70.69111086676298, 43.06306795090627], [-70.69109550495186, 43.06323370859838], [-70.69113947503722, 43.06338398346619], [-70.69118411529125, 43.06355859174474], [-70.69131517388453, 43.06373679012593], [-70.69137892353062, 43.06388190453361], [-70.69140285043001, 43.064027607575625], [-70.69147283695146, 43.06415802326246], [-70.69143740268748, 43.06419749573792]]]}, "properties": {"AREA": 327027.417441, "PERIMETER": 3144.3043566, "DENSITY": "p", "HECTARES": 3.03819627713, "ACRES": 7.50751647017, "YEAR_": 2006}}, {"type": "Feature", "geometry": {"type": "Polygon", "coordinates": [[[-70.68519948243612, 43.06493706534948], [-70.68493678631937, 43.06504317400554], [-70.68464807278896, 43.06516913953839], [-70.6843517890486, 43.06526113574991], [-70.68412811588581, 43.06533745638814], [-70.68397041639277, 43.06539820061202], [-70.6837537786027, 43.06548902218935], [-70.68354391088882, 43.06558461385333], [-70.68339511254133, 43.065727990964284], [-70.68321883043001, 43.06583769256005], [-70.68310201990674, 43.06593678180621], [-70.68295825815213, 43.06602166247306], [-70.68281249969802, 43.06603354357965], [-70.68268492264117, 43.06598186577146], [-70.68258973405908, 43.065900500058106], [-70.68248100436419, 43.0658095967349], [-70.68229222555102, 43.06570526476692], [-70.68213756708381, 43.06563451034428], [-70.68199605161229, 43.06555869469253], [-70.68183595335921, 43.06553183702896], [-70.68164133861784, 43.06545680075203], [-70.68149968973101, 43.06537611707556], [-70.68139056414262, 43.06527061321919], [-70.68136108778981, 43.06516393807788], [-70.6813055939953, 43.06507711964887], [-70.68133572017959, 43.064964700712174], [-70.68143992322052, 43.06489014116928], [-70.6815035030605, 43.0647869667958], [-70.68163452108222, 43.064721750240864], [-70.68176513909083, 43.064641933106465], [-70.68192867764178, 43.06455189516487], [-70.68202080299844, 43.06452132996227], [-70.68221979036113, 43.06451353544053], [-70.68236541201097, 43.064496788542854], [-70.68254488750568, 43.064503886186124], [-70.68272449514564, 43.0645158500461], [-70.68287742058384, 43.06452333818127], [-70.68300883542965, 43.06447271954466], [-70.6831259099935, 43.06438336335927], [-70.68318245041642, 43.064265686275796], [-70.68323261893076, 43.064157839952884], [-70.68327574997478, 43.06403549186781], [-70.68333242192683, 43.06392268119531], [-70.68344312457106, 43.063843155471886], [-70.68353511473993, 43.06380772251968], [-70.68364077807607, 43.06378669338733], [-70.68376238008861, 43.06386280046215], [-70.68382464689292, 43.06395438642887], [-70.68390112093562, 43.06407984315991], [-70.68395728343252, 43.06419099290272], [-70.68407318344174, 43.0643012639392], [-70.68425478882727, 43.06438622478516], [-70.68434877749436, 43.064423788773425], [-70.68450330207438, 43.06448967370946], [-70.68469074743487, 43.06454533608638], [-70.6849177508012, 43.06459067875921], [-70.68511727093413, 43.06460234611732], [-70.68531772464175, 43.06464807866872], [-70.68541821806751, 43.064680678272886], [-70.68557871518274, 43.06472213133265], [-70.68537535785201, 43.06481276110368], [-70.68519948243612, 43.06493706534948]]]}, "properties": {"AREA": 419944.786987, "PERIMETER": 2989.90971181, "DENSITY": "d", "HECTARES": 3.90143034003, "ACRES": 9.64060576187, "YEAR_": 2006}}, {"type": "Feature", "geometry": {"type": "Polygon", "coordinates": [[[-70.68377937513196, 43.062543172800886], [-70.68394756870546, 43.062623463244755], [-70.68407553900362, 43.062689739134434], [-70.68419010327997, 43.06275134407204], [-70.6843450226501, 43.06283182871518], [-70.68452038868737, 43.06293148651236], [-70.68475482151416, 43.06300593063211], [-70.68496841161927, 43.06304660240309], [-70.68522712755366, 43.063037923388094], [-70.68541867273623, 43.06300102211097], [-70.6856438036702, 43.06297823130313], [-70.685919363089, 43.062857325475036], [-70.68612258075277, 43.062761828137056], [-70.68619305350956, 43.06266828697177], [-70.6860890944964, 43.0625091570816], [-70.68603863274456, 43.06236384392757], [-70.68590892693577, 43.06223430471957], [-70.6857139167744, 43.06214467585362], [-70.68559124849801, 43.06202963787597], [-70.68552074390931, 43.061879751763016], [-70.68538983962917, 43.06170641250167], [-70.68530075920299, 43.06160548508132], [-70.6853738689176, 43.0613658485453], [-70.68540702454067, 43.06112193294959], [-70.68545518588034, 43.06094108699667], [-70.68563622065055, 43.06076315174313], [-70.68577983277098, 43.060673401866836], [-70.68606718811786, 43.06049876805684], [-70.6862965452453, 43.06038827984785], [-70.68652166507954, 43.060365487194716], [-70.68669462475529, 43.06037754270133], [-70.68689466500376, 43.06040867376862], [-70.68711421604992, 43.06042491092316], [-70.68741937947105, 43.060415541627464], [-70.68780258322687, 43.06034659768999], [-70.68815273603269, 43.06028300935484], [-70.68838489294426, 43.06027471447854], [-70.68868328490787, 43.060260574282125], [-70.68890786946761, 43.06021830999201], [-70.68915209631932, 43.06016601963815], [-70.68944264864807, 43.060108175221835], [-70.68973783026291, 43.05997723336388], [-70.68994713489337, 43.0598621657379], [-70.69014236188454, 43.05971809324754], [-70.69027879268376, 43.05960896977362], [-70.69040470850952, 43.059358812913274], [-70.69056447498093, 43.05913249915063], [-70.69065217385024, 43.05894132937392], [-70.69077358977914, 43.058769136203935], [-70.69098577857044, 43.05851770431909], [-70.69119836760665, 43.0582808706434], [-70.6914048532438, 43.05806360264511], [-70.69159712748952, 43.05781246344727], [-70.69185683601279, 43.05759927575474], [-70.69200505984163, 43.057436421021364], [-70.69221140571133, 43.05721428406933], [-70.69245200363206, 43.05703058895757], [-70.6926984343119, 43.056817595932905], [-70.69293346341796, 43.056672930178344], [-70.6932214506379, 43.05652261135566], [-70.69342000730681, 43.05650019843541], [-70.69370336532037, 43.056422976196494], [-70.69404698536788, 43.05636433439568], [-70.69437786906455, 43.0563253544818], [-70.69470157894852, 43.05626700602553], [-70.69499981601582, 43.05624798263283], [-70.69527190930829, 43.056243951057915], [-70.69551081969595, 43.05624041046642], [-70.69577218805, 43.05632903926946], [-70.6960415360154, 43.05646623493104], [-70.6961457773169, 43.056635089095046], [-70.69623621130626, 43.05678467334627], [-70.69627965208784, 43.056915480446605], [-70.69635600879154, 43.05703606265932], [-70.69640769804323, 43.05722516925216], [-70.69642486249494, 43.05736610264112], [-70.69646247281915, 43.05752620726774], [-70.69641474860497, 43.057721656917074], [-70.69636501052086, 43.05784410893107], [-70.6962751843595, 43.057957417407714], [-70.69615934929415, 43.05809058511656], [-70.69602903126068, 43.05818015119667], [-70.6958522582233, 43.05827040591755], [-70.69567642264043, 43.05839472589625], [-70.69547363705199, 43.05850483918418], [-70.69531093890109, 43.05862409506823], [-70.69516138023425, 43.05873828814671], [-70.69500558605026, 43.058867179011514], [-70.69485615929374, 43.05898623727244], [-70.6947327438673, 43.059085437285276], [-70.69462789659707, 43.059135675831605], [-70.69456776402892, 43.05912196056816], [-70.6944810849138, 43.05910863905434], [-70.69426924564331, 43.05913125058195], [-70.6940511710177, 43.05916855874995], [-70.69387385545001, 43.05923934431046], [-70.69372985699964, 43.05931450410117], [-70.6936195782806, 43.05940863957354], [-70.69348831702509, 43.059464136240145], [-70.69334948093037, 43.0594856655841], [-70.69314521445676, 43.05954224308055], [-70.6929490573034, 43.059652253424744], [-70.69283254121547, 43.05976108598436], [-70.69266996874288, 43.05988520541305], [-70.69255438919521, 43.06002810322212], [-70.69237787274582, 43.060128085450465], [-70.69222897414636, 43.06026660710691], [-70.69218613054188, 43.060398691852335], [-70.6922500117851, 43.06054867234222], [-70.69234044182647, 43.060698259534824], [-70.6924426734038, 43.060794118445465], [-70.69253230089556, 43.0609145064531], [-70.69257560365755, 43.06104044832077], [-70.6925460351879, 43.06117233653153], [-70.69254301288518, 43.061303831404295], [-70.69254662867337, 43.06143522885478], [-70.69266320723283, 43.06156982385718], [-70.69281122978639, 43.06164066245586], [-70.69291876173266, 43.061687756655814], [-70.69291306126728, 43.06172192053267], [-70.69280753862621, 43.061747824807256], [-70.69264985799408, 43.06180858031509], [-70.69246589624574, 43.0618794619064], [-70.69230821371754, 43.061940216925], [-70.69215609774115, 43.061961940482966], [-70.69191662884268, 43.06194600871982], [-70.69168406510765, 43.06193971029165], [-70.69148602387129, 43.061981586907784], [-70.69122838375763, 43.062029212174515], [-70.69102357098996, 43.062066319729226], [-70.6908723908208, 43.06212210801124], [-70.69068896072389, 43.062212452730044], [-70.69059181216431, 43.06230152219089], [-70.690467713525, 43.06237638397937], [-70.69031840457224, 43.06250030439016], [-70.69019684590785, 43.06266763037443], [-70.69015332785153, 43.06277538172093], [-70.690095999914, 43.062863862492776], [-70.69010704978443, 43.063024361678536], [-70.69013827878604, 43.063194299309856], [-70.69020296129736, 43.06337347988857], [-70.69021998027206, 43.06350954834023], [-70.69026114097306, 43.06355762513015], [-70.69011777263778, 43.063535400994084], [-70.68994916791016, 43.06344052002023], [-70.68974831411373, 43.063380196068486], [-70.68960799660054, 43.06334818829788], [-70.6894088810849, 43.06335112921952], [-70.68921003202047, 43.06336380189755], [-70.6890644147626, 43.06338055755394], [-70.68895701671623, 43.063338326252435], [-70.6888691299069, 43.06328120099924], [-70.68874872436186, 43.06324889873609], [-70.68864172814631, 43.06322126666313], [-70.68851642371291, 43.06325232683986], [-70.6884450173311, 43.06331180390484], [-70.68836697371844, 43.06337137810862], [-70.6881815323665, 43.063388720232425], [-70.6879627716355, 43.06340168496059], [-70.68771202628572, 43.06345893805469], [-70.68750016974708, 43.06348153686186], [-70.68723414664055, 43.063465986482534], [-70.68690201985811, 43.0634611467212], [-70.68656975828831, 43.06345143947811], [-70.68645839346748, 43.06350663575033], [-70.68629988320937, 43.06341646989553], [-70.6860411645614, 43.06342515131078], [-70.68581643283201, 43.06346254240815], [-70.68563192420815, 43.063513946834554], [-70.68545418595147, 43.06357011955229], [-70.68519960077921, 43.06372966345773], [-70.6850177572975, 43.063878397903764], [-70.68490108568729, 43.063982355582596], [-70.68482503772098, 43.06411492671807], [-70.68480128856179, 43.06421751576411], [-70.68472137399282, 43.064208955438566], [-70.6846252522794, 43.06409352584957], [-70.68450231653539, 43.06396875371958], [-70.68430450425885, 43.06377692400573], [-70.68420945031134, 43.06370042612969], [-70.68409992264472, 43.06358032528469], [-70.68398402514916, 43.063470054285034], [-70.6838815356862, 43.06336445492979], [-70.68381966961354, 43.06328746851662], [-70.68381647266864, 43.06317067054239], [-70.68390619599401, 43.06305250394029], [-70.68393551708083, 43.06291088517811], [-70.68397824678127, 43.06277393636184], [-70.68388823448595, 43.062638942313114], [-70.68377937513196, 43.062543172800886]]]}, "properties": {"AREA": 3373866.84036, "PERIMETER": 11276.305815, "DENSITY": "d", "HECTARES": 31.3443739799, "ACRES": 77.4533250772, "YEAR_": 2006}}, {"type": "Feature", "geometry": {"type": "Polygon", "coordinates": [[[-70.69285125106668, 43.062668145944755], [-70.6928025535614, 43.06253173535028], [-70.69290794342454, 43.062500964590924], [-70.69308393056984, 43.06238151473016], [-70.69328713451628, 43.062286005425534], [-70.69350160159792, 43.062117300513606], [-70.69359262039038, 43.06200001314096], [-70.69365604510782, 43.06191828322924], [-70.69363320855977, 43.061832976211605], [-70.69357160004377, 43.061765728859136], [-70.69343155246605, 43.06174345879754], [-70.69319831974784, 43.06171283093175], [-70.69299920837143, 43.061715777244835], [-70.69291876173266, 43.061687756655814], [-70.69308093137981, 43.06166787653168], [-70.69332504987155, 43.061637321531435], [-70.69355568990991, 43.06156206105966], [-70.69378657660283, 43.0614957768149], [-70.69399223397048, 43.061402923666144], [-70.69419789193472, 43.061310071050634], [-70.69436805642154, 43.06126264642739], [-70.69442580943172, 43.061136059710336], [-70.69447156601981, 43.06101863189039], [-70.69465520961026, 43.06101591168951], [-70.69467623265896, 43.06088986889299], [-70.69467202799513, 43.06073725691351], [-70.69460636273342, 43.06057657501523], [-70.6945874429118, 43.06033437288867], [-70.69479087025356, 43.06016072434593], [-70.69505551035587, 43.05998616843784], [-70.69524817647967, 43.05986656334545], [-70.69549401898514, 43.05989884322913], [-70.69573862431179, 43.059886237290115], [-70.6960074672998, 43.05986429022272], [-70.69620186409404, 43.05980752399784], [-70.6964425074921, 43.05965128215442], [-70.69670714076017, 43.05947672234412], [-70.69689757321159, 43.05927631961874], [-70.69702827869698, 43.05913068754949], [-70.69718396385649, 43.05900264726029], [-70.69734088697444, 43.058919492048695], [-70.69757027199573, 43.058799337991445], [-70.6977791370976, 43.058823181260706], [-70.697939774851, 43.05887468199872], [-70.69812415425645, 43.05889888805396], [-70.69833698454713, 43.05906636468799], [-70.69856181122344, 43.05922468156158], [-70.69868919337924, 43.05940240666209], [-70.69868389188898, 43.05965394858529], [-70.69868131620412, 43.06000423865476], [-70.69865276874081, 43.06030102940862], [-70.69870818556926, 43.0605337080599], [-70.69868865843202, 43.06071361366241], [-70.6987678164049, 43.06091899769562], [-70.69893217978517, 43.061105153817536], [-70.69896088085939, 43.06125740120181], [-70.69889436600327, 43.06150985213582], [-70.69881362344697, 43.06169066765638], [-70.6985977118767, 43.061855527554854], [-70.69815116432318, 43.06209565817468], [-70.6977123957945, 43.06217401582298], [-70.69734584617606, 43.062206397571785], [-70.69704150307331, 43.062273777794516], [-70.69674816363042, 43.06229609034264], [-70.69680566390669, 43.06216052480309], [-70.69687615056453, 43.062051709528234], [-70.6968244541402, 43.061953687738615], [-70.69660383163645, 43.061947978500505], [-70.69642142446347, 43.0619955879912], [-70.69611411089237, 43.06195524000696], [-70.69579603907522, 43.061968935551036], [-70.69546770305553, 43.06205462971781], [-70.69512860808588, 43.06219436632175], [-70.69490093595219, 43.06237735570748], [-70.69468352754869, 43.06248834610042], [-70.69439290658495, 43.06260940074439], [-70.6941840300658, 43.06258555209708], [-70.69401262557355, 43.06258809021589], [-70.69380572697393, 43.06263605715024], [-70.69349135867883, 43.062784403888365], [-70.69329966848112, 43.06293991532615], [-70.69309474500825, 43.06305969812431], [-70.69297181809785, 43.06304355562405], [-70.69297986022484, 43.06289076340022], [-70.69293868363367, 43.06272971737438], [-70.69285125106668, 43.062668145944755]]]}, "properties": {"AREA": 1240230.92725, "PERIMETER": 5776.87568267, "DENSITY": "d", "HECTARES": 11.522168433, "ACRES": 28.4717843722, "YEAR_": 2006}}, {"type": "Feature", "geometry": {"type": "Polygon", "coordinates": [[[-70.69642142446347, 43.0619955879912], [-70.69660383163645, 43.061947978500505], [-70.6968244541402, 43.061953687738615], [-70.69687615056453, 43.062051709528234], [-70.69680566390669, 43.06216052480309], [-70.69674816363042, 43.06229609034264], [-70.6966962008495, 43.06233324328065], [-70.69656013894156, 43.062398438878255], [-70.69645887488622, 43.062475753854415], [-70.69637553400597, 43.06257807413425], [-70.6963693595701, 43.06266661462846], [-70.69638093319371, 43.062773846207065], [-70.69642626142564, 43.06285530525485], [-70.6964628027792, 43.062930576798266], [-70.69642269961581, 43.06303857372946], [-70.69640843485679, 43.063146187523195], [-70.69649682769442, 43.063227007995], [-70.696584175626, 43.06326993720951], [-70.69662037023745, 43.06333257921523], [-70.69651945306391, 43.0634225246145], [-70.6963925239497, 43.063506537853456], [-70.69626489786093, 43.06356529015414], [-70.69625132931026, 43.06369816470698], [-70.6962384572998, 43.063856300946426], [-70.69625177245554, 43.06402668359397], [-70.6962902312529, 43.06417142236673], [-70.69633590869033, 43.064265511834535], [-70.6963225142606, 43.06440470247704], [-70.69630085505682, 43.06455665030626], [-70.69633069998392, 43.06470151674315], [-70.69629854879607, 43.06474418802574], [-70.6962380468713, 43.06477507522673], [-70.69609901786365, 43.06473654038245], [-70.6960287202123, 43.06468704024178], [-70.69587054968308, 43.06457566475942], [-70.6957475295113, 43.06448903924358], [-70.695726647277, 43.06435667540469], [-70.69568766863352, 43.0641929908758], [-70.69563024438271, 43.06398535433103], [-70.69558178283329, 43.06379022141676], [-70.69550730877658, 43.06358915530024], [-70.69540717059817, 43.06339478813057], [-70.69532582530027, 43.063257002414055], [-70.69529598339767, 43.063112134808755], [-70.69538567676818, 43.06292759012728], [-70.69541595038102, 43.062775514811854], [-70.6954871988199, 43.06254701799896], [-70.69560446986539, 43.0624252421929], [-70.69585180321427, 43.06233312733921], [-70.69600439464912, 43.062242416434295], [-70.69619056575029, 43.06211961765551], [-70.6963350659537, 43.06204797958892], [-70.69642142446347, 43.0619955879912]]]}, "properties": {"AREA": 213703.526728, "PERIMETER": 2503.92583188, "DENSITY": "sb", "HECTARES": 1.98537867068, "ACRES": 4.90595791386, "YEAR_": 2006}}, {"type": "Feature", "geometry": {"type": "Polygon", "coordinates": [[[-70.69363322749545, 43.06531008132999], [-70.6936114801403, 43.06514614117615], [-70.69363888453427, 43.065202595471376], [-70.69360112815804, 43.065083116690445], [-70.6935795536271, 43.06492549081342], [-70.6936983993123, 43.064860553888124], [-70.69382811740519, 43.06487758689112], [-70.69396331808535, 43.06478081776128], [-70.69409660503533, 43.06461458218565], [-70.69412775244093, 43.064494082386666], [-70.69423711270952, 43.064397696413764], [-70.69440328440282, 43.064174112590166], [-70.69443443095628, 43.064053613590524], [-70.69443886866515, 43.06390192036252], [-70.69440833268959, 43.063731792663376], [-70.69436022313349, 43.06354928966132], [-70.69432020487788, 43.0633477125878], [-70.69425243486951, 43.06307705093772], [-70.69426426806152, 43.06288102464876], [-70.69433743443416, 43.062721995802], [-70.69439290658495, 43.06260940074439], [-70.69468352754869, 43.06248834610042], [-70.69490093595219, 43.06237735570748], [-70.69512860808588, 43.06219436632175], [-70.69546770305553, 43.06205462971781], [-70.69579603907522, 43.061968935551036], [-70.69611411089237, 43.06195524000696], [-70.69633402097757, 43.062010088389925], [-70.6963350659537, 43.06204797958892], [-70.69619056575029, 43.06211961765551], [-70.69600439464912, 43.062242416434295], [-70.69585180321427, 43.06233312733921], [-70.69560446986539, 43.0624252421929], [-70.6954871988199, 43.06254701799896], [-70.69541595038102, 43.062775514811854], [-70.69538567676818, 43.06292759012728], [-70.69529598339767, 43.063112134808755], [-70.69532582530027, 43.063257002414055], [-70.69540717059817, 43.06339478813057], [-70.69550730877658, 43.06358915530024], [-70.69558178283329, 43.06379022141676], [-70.69563024438271, 43.06398535433103], [-70.69568766863352, 43.0641929908758], [-70.6957475295113, 43.06448903924358], [-70.69587054968308, 43.06457566475942], [-70.6960287202123, 43.06468704024178], [-70.69609901786365, 43.06473654038245], [-70.6962380468713, 43.06477507522673], [-70.69588206891831, 43.06495680997918], [-70.69587972483373, 43.064958002607945], [-70.69569206652731, 43.065071450834736], [-70.6955918717304, 43.06533530964795], [-70.69558412770374, 43.06535356397871], [-70.69502079488775, 43.065580853968136], [-70.69456524493818, 43.06571796880877], [-70.69406428273652, 43.06578298465172], [-70.69404493282494, 43.065785461253434], [-70.69390397135675, 43.06575463609129], [-70.693805400026, 43.06561710438252], [-70.69368064058295, 43.06546732468441], [-70.69363322749545, 43.06531008132999]]]}, "properties": {"AREA": 493277.01841, "PERIMETER": 3900.43686257, "DENSITY": "p", "HECTARES": 4.58271178807, "ACRES": 11.324082149, "YEAR_": 2006}}, {"type": "Feature", "geometry": {"type": "Polygon", "coordinates": [[[-70.69412775244093, 43.064494082386666], [-70.69407624773918, 43.06431303209696], [-70.69394360528361, 43.06413325174199], [-70.69381126581682, 43.06396448185838], [-70.69368855763229, 43.063872672756986], [-70.69348758460204, 43.0636663664387], [-70.69331619186437, 43.06344310031945], [-70.69315215701621, 43.06321421742482], [-70.6930288446918, 43.06310038635717], [-70.69309474500825, 43.06305969812431], [-70.69329966848112, 43.06293991532615], [-70.69349135867883, 43.062784403888365], [-70.69380572697393, 43.06263605715024], [-70.69401262557355, 43.06258809021589], [-70.6941840300658, 43.06258555209708], [-70.69439290658495, 43.06260940074439], [-70.69433743443416, 43.062721995802], [-70.69426426806152, 43.06288102464876], [-70.69425243486951, 43.06307705093772], [-70.69432020487788, 43.0633477125878], [-70.69436022313349, 43.06354928966132], [-70.69440833268959, 43.063731792663376], [-70.69443886866515, 43.06390192036252], [-70.69443443095628, 43.064053613590524], [-70.69440328440282, 43.064174112590166], [-70.69423711270952, 43.064397696413764], [-70.69412775244093, 43.064494082386666]]]}, "properties": {"AREA": 140857.590948, "PERIMETER": 1742.15508619, "DENSITY": "sb", "HECTARES": 1.30861507507, "ACRES": 3.23364533856, "YEAR_": 2006}}, {"type": "Feature", "geometry": {"type": "Polygon", "coordinates": [[[-70.68676758515937, 43.0646121063066], [-70.68670014574687, 43.06461656247787], [-70.68660305301621, 43.06461051362486], [-70.68646516433026, 43.06460506491098], [-70.68633258041285, 43.0646070193813], [-70.68619010549713, 43.0646203407788], [-70.6860781232371, 43.06462947201418], [-70.68593575067811, 43.064646531434164], [-70.68582387200166, 43.06465940167076], [-70.68567670679512, 43.064687752695974], [-70.68557871518274, 43.06472213133265], [-70.68541821806751, 43.064680678272886], [-70.68531772464175, 43.06464807866872], [-70.68511727093413, 43.06460234611732], [-70.6849177508012, 43.06459067875921], [-70.68469074743487, 43.06454533608638], [-70.68450330207438, 43.06448967370946], [-70.68434877749436, 43.064423788773425], [-70.68425478882727, 43.06438622478516], [-70.68416734857682, 43.06433967844249], [-70.6842316950913, 43.06426766274092], [-70.68438457383596, 43.06426167127169], [-70.68454316651413, 43.064278038193414], [-70.68468727890881, 43.064324542198214], [-70.68480569150755, 43.06436394379009], [-70.68493379068329, 43.06438449980891], [-70.68509717520705, 43.06438957406482], [-70.68526993884335, 43.06436458668397], [-70.68542209959584, 43.06433242183297], [-70.68563483808501, 43.064276921008755], [-70.68582728197767, 43.06422546038242], [-70.68594374738699, 43.06419382061651], [-70.68601137140683, 43.064241449705754], [-70.68611010405375, 43.064307322415566], [-70.68620934922808, 43.064391890344204], [-70.68635448916196, 43.0644757810796], [-70.68654990520525, 43.06453274731568], [-70.68673491823547, 43.064582385948874], [-70.68676758515937, 43.0646121063066]]]}, "properties": {"AREA": 61379.0168821, "PERIMETER": 1512.04064971, "DENSITY": "sb", "HECTARES": 0.570232006982, "ACRES": 1.40906833981, "YEAR_": 2006}}, {"type": "Feature", "geometry": {"type": "Polygon", "coordinates": [[[-70.84824846064724, 43.15050473329982], [-70.84810718147058, 43.150507016256334], [-70.84806666714847, 43.1504418121453], [-70.84796580442088, 43.15029290971491], [-70.84787580525038, 43.15007797348965], [-70.84779265074837, 43.14987703668587], [-70.84770336051422, 43.14968560917867], [-70.84764674610616, 43.14951247160143], [-70.84759711969986, 43.149358036009055], [-70.84759216094955, 43.149193471241176], [-70.84760103744117, 43.14906161071902], [-70.84764315402771, 43.14896684925824], [-70.84769797410377, 43.148867176583295], [-70.84777347558062, 43.14881421212683], [-70.8477942985152, 43.14886562106161], [-70.84783580440269, 43.14896373733741], [-70.84785931852153, 43.14910448102599], [-70.84791635833841, 43.14929172509221], [-70.84794785590971, 43.1494840864293], [-70.84799162853884, 43.14965743172082], [-70.84808049438239, 43.149834756032796], [-70.84815566762907, 43.149984073192115], [-70.84819816667274, 43.15011510137324], [-70.84824024061383, 43.150232025660074], [-70.84829001066767, 43.15039116255834], [-70.84824846064724, 43.15050473329982]]]}, "properties": {"AREA": 45103.7068381, "PERIMETER": 1326.67586397, "DENSITY": "r", "HECTARES": 0.419028824167, "ACRES": 1.03543863265, "YEAR_": 2006}}, {"type": "Feature", "geometry": {"type": "Polygon", "coordinates": [[[-70.84698786116634, 43.15024755232552], [-70.84720638648966, 43.1506768045779], [-70.84721790942474, 43.15084596658694], [-70.84714240371652, 43.15089893062491], [-70.84699985358519, 43.1508588970094], [-70.8469055566855, 43.150714590948105], [-70.84677773724785, 43.15052378412932], [-70.84673552343902, 43.15040215863278], [-70.84668004342329, 43.150266632455576], [-70.84661799980157, 43.15012651165133], [-70.84653683370011, 43.14999140079097], [-70.84646822692967, 43.149846680799584], [-70.8464435812044, 43.14966832140395], [-70.84649226374597, 43.149578157703885], [-70.84664624465087, 43.1495709665475], [-70.84670771919423, 43.149692280956316], [-70.846836245357, 43.14990659673535], [-70.84690584542182, 43.15008423037141], [-70.84698786116634, 43.15024755232552]]]}, "properties": {"AREA": 38643.134197, "PERIMETER": 1098.8950716, "DENSITY": "r", "HECTARES": 0.359007900233, "ACRES": 0.88712429286, "YEAR_": 2006}}, {"type": "Feature", "geometry": {"type": "Polygon", "coordinates": [[[-70.83055678879373, 43.15952368167037], [-70.83047345217604, 43.15971226738112], [-70.83035458011284, 43.15982814941935], [-70.83015376571046, 43.15980693840162], [-70.83014817676685, 43.159619775814654], [-70.83027209123019, 43.15930027790963], [-70.83045905336344, 43.158857650432175], [-70.8306032511954, 43.15847269671941], [-70.83076992086804, 43.15809552403069], [-70.83089625965479, 43.15785740111377], [-70.83106341223605, 43.1574965034511], [-70.83123900466616, 43.15704591521777], [-70.83137791277521, 43.156856438373666], [-70.83155933613614, 43.15660115043193], [-70.83167771421313, 43.15646899239127], [-70.83178886620918, 43.156467212017766], [-70.83179275680145, 43.156597412585896], [-70.83174228650023, 43.156769190351], [-70.83160508153442, 43.15701562972073], [-70.83147777540064, 43.15722120335767], [-70.83145123682694, 43.15744958773069], [-70.83133625948805, 43.15769567052467], [-70.83121308365946, 43.15803958167497], [-70.83107733299397, 43.15833484597373], [-70.830931436029, 43.158662837354086], [-70.83080704118635, 43.15896606053843], [-70.83066162879174, 43.15931032704049], [-70.83055678879373, 43.15952368167037]]]}, "properties": {"AREA": 117144.210426, "PERIMETER": 2668.11097209, "DENSITY": "r", "HECTARES": 1.08830967993, "ACRES": 2.68926102906, "YEAR_": 2006}}, {"type": "Feature", "geometry": {"type": "Polygon", "coordinates": [[[-70.82763842262277, 43.155638050820514], [-70.82739049491047, 43.15552803280323], [-70.82717542823931, 43.155401205668475], [-70.8269487611381, 43.15525828115511], [-70.82672282302534, 43.15513976815408], [-70.82618854032604, 43.15474937045134], [-70.82606118557996, 43.1545804347885], [-70.82590169920803, 43.15445271737956], [-70.8256747973129, 43.15430165306158], [-70.82537057720907, 43.15416810465079], [-70.82510042928503, 43.154058434944524], [-70.82485323850386, 43.15397282344641], [-70.82467346371163, 43.15391056053257], [-70.82477252837796, 43.153876414202955], [-70.82504967081293, 43.15384756823489], [-70.82520503610883, 43.15383694787129], [-70.82547372965574, 43.15389779160736], [-70.82566413475018, 43.15394360108482], [-70.82587798179391, 43.15402974262733], [-70.82610197497192, 43.15408315691486], [-70.82626748615128, 43.15403980735127], [-70.8264702198559, 43.15412612539636], [-70.82666111168142, 43.154188208765916], [-70.8269633946114, 43.15425665342097], [-70.82736716816498, 43.154372324586554], [-70.82765785269102, 43.154424670487494], [-70.82790407810981, 43.15447772579356], [-70.82813894653557, 43.15452282013804], [-70.82841657617439, 43.15451024066513], [-70.82832188132953, 43.15469086545718], [-70.8282150998976, 43.15483911778054], [-70.82808899995892, 43.15508537604377], [-70.82789572366478, 43.155316424273], [-70.82773457763543, 43.155506251456146], [-70.82763842262277, 43.155638050820514]]]}, "properties": {"AREA": 231336.176228, "PERIMETER": 2541.91732275, "DENSITY": "r", "HECTARES": 2.14919200011, "ACRES": 5.31074784729, "YEAR_": 2006}}]}