{"type": "FeatureCollection", "features": [{"type": "Feature", "geometry": {"type": "Polygon", "coordinates": [[[-70.89824642764529, 43.0688224602305], [-70.89819597915202, 43.06878560587801], [-70.8980849924607, 43.06880771848769], [-70.89790001464293, 43.06882737413119], [-70.89771840005669, 43.068871599313624], [-70.89761750306582, 43.06887159931039], [-70.8976612250996, 43.06879789064694], [-70.89752837739596, 43.06878069194146], [-70.89740898262406, 43.06876963562717], [-70.89734844443086, 43.06874752299831], [-70.89732658341904, 43.06869961227856], [-70.89733162827173, 43.068646787596386], [-70.89726940846327, 43.06860379072637], [-70.8972223232035, 43.06855956534336], [-70.89720718865726, 43.068519025381796], [-70.89727034270744, 43.0683894884262], [-70.89737213655948, 43.068407200474766], [-70.89741996920355, 43.068464507971164], [-70.897502241356, 43.06848687185969], [-70.89760938648821, 43.068457519261216], [-70.89775671104361, 43.068440746344265], [-70.89795186824277, 43.06848687187412], [-70.89798248113637, 43.068500849299696], [-70.89806857990625, 43.06842816666001], [-70.89819868470906, 43.068403007267875], [-70.89830582983724, 43.06844074636189], [-70.89839001529847, 43.06841418922921], [-70.89850672695938, 43.06839881404408], [-70.89845315438811, 43.06849945157245], [-70.8984414194407, 43.068576942357694], [-70.89841790873356, 43.06864755244204], [-70.89843358253128, 43.068718162446295], [-70.89849889003459, 43.06879831424596], [-70.8986295050524, 43.068771596995965], [-70.89878885537291, 43.06875823836962], [-70.89880808756337, 43.06878560589767], [-70.89865337884007, 43.06885194370834], [-70.89846840102093, 43.06889371191987], [-70.89831369230014, 43.068918281441256], [-70.89824306440872, 43.068881427145726], [-70.89824642764529, 43.0688224602305]]]}, "properties": {"Hectares": 0.43081317493, "Acres": 1.06456159821, "Year": "2024", "Name": "Sparse Eelgrass < 10%", "Confidence": "M", "Notes": "UAV and GoPro Imagery Used", "Type": 0, "LABEL": "Great Bay"}}, {"type": "Feature", "geometry": {"type": "Polygon", "coordinates": [[[-70.87277769283891, 43.07860151641561], [-70.87299024368544, 43.07849161802111], [-70.87323909052424, 43.07837492070337], [-70.87350668853256, 43.078153336827256], [-70.8737967124812, 43.07794747447588], [-70.87400983927185, 43.07788770887523], [-70.87476569325281, 43.0775544495552], [-70.874905063117, 43.077447610819924], [-70.8751262338295, 43.077287480694345], [-70.87528365978407, 43.07709617291545], [-70.87537930632247, 43.07693809990241], [-70.87540558361104, 43.07689731846007], [-70.87553877740585, 43.07642639309374], [-70.87539259972945, 43.07574019146082], [-70.87562546283212, 43.075162541512576], [-70.8757672372685, 43.07467819864742], [-70.87659818564448, 43.074205505231774], [-70.87664676896263, 43.07374564272666], [-70.87704448781325, 43.07344072551233], [-70.87741581203835, 43.07329691257883], [-70.87762365876839, 43.07292624892032], [-70.87804495210011, 43.07236845474365], [-70.87831536767735, 43.07204095828587], [-70.8785446177034, 43.07195385784431], [-70.87882592448922, 43.071837504062565], [-70.87934231064743, 43.07162391522058], [-70.88005237330557, 43.071239057047364], [-70.880478471146, 43.07108342396856], [-70.88093500378581, 43.07096669861953], [-70.88116327000196, 43.070827739662285], [-70.88153165581228, 43.07075538110119], [-70.8819622014703, 43.07067210538829], [-70.88214053696032, 43.070598676835566], [-70.88238068948027, 43.07049979585526], [-70.88258612949754, 43.070494237934945], [-70.88354442760377, 43.07037245222641], [-70.88399383160271, 43.07019904516904], [-70.88463750157476, 43.070211258074075], [-70.88505546999451, 43.07030896501839], [-70.88593227699215, 43.07016865855008], [-70.88754741530015, 43.069923709459935], [-70.88860322448546, 43.069597579756326], [-70.88918474633289, 43.06937836164268], [-70.89007716209622, 43.0690361130049], [-70.89009100485153, 43.06903549635175], [-70.89028046838224, 43.068939317030406], [-70.89052470074745, 43.06882030022037], [-70.89075467479351, 43.06873119105377], [-70.89114417319482, 43.06856526315572], [-70.89144907912032, 43.06844524135546], [-70.8917380284527, 43.06837676437451], [-70.89173814476054, 43.06836884713412], [-70.89202184905292, 43.068283892211305], [-70.89234016928849, 43.068229234434696], [-70.89272677308756, 43.0682043164917], [-70.89320501149504, 43.06814701036339], [-70.89361572456872, 43.068084645893116], [-70.89397593606351, 43.06802311605591], [-70.89415325872423, 43.06803870245876], [-70.89453871967515, 43.0679767527816], [-70.89489032259989, 43.06790918854117], [-70.8951411138666, 43.06784946740222], [-70.8955435962269, 43.06779340645026], [-70.89582900449989, 43.06776398065376], [-70.89616510314963, 43.06773988805283], [-70.89640880778724, 43.067723500216], [-70.89676212005459, 43.06771146868415], [-70.89693178705988, 43.06775187406353], [-70.89708519192111, 43.06781107113198], [-70.897128608242, 43.06785356976721], [-70.89711097298412, 43.06810082574314], [-70.89693513141627, 43.06840627194261], [-70.89679029073632, 43.068624766630194], [-70.8965417819335, 43.06875854259507], [-70.89611518536154, 43.06885205127726], [-70.89584470346401, 43.06881948955737], [-70.89563618746507, 43.06887169553605], [-70.89550581292534, 43.06884718376078], [-70.89524641524926, 43.069108669286194], [-70.89494434465975, 43.06937807240919], [-70.89455208858652, 43.069572717060474], [-70.89454425009582, 43.06957098290554], [-70.89452928286454, 43.069591409604634], [-70.89449035615118, 43.06969412764823], [-70.89453070533146, 43.06984775643146], [-70.89456372486073, 43.069868573796306], [-70.89459297688498, 43.06997728413764], [-70.89464228446161, 43.07021147369934], [-70.89453067668785, 43.07040674964468], [-70.89450652502804, 43.07050299177056], [-70.89447686704763, 43.07052671111744], [-70.89448744955365, 43.070529655124915], [-70.89453611249111, 43.070537008339], [-70.89463428910071, 43.070570035859184], [-70.89475379918011, 43.0706404988192], [-70.89485841697888, 43.070828927753375], [-70.89493049977955, 43.07096356422874], [-70.8951438551183, 43.07107322093853], [-70.89536690570169, 43.07109669171603], [-70.89555250209702, 43.07110720007605], [-70.89574385362123, 43.071104029269414], [-70.89594978257465, 43.07117305885097], [-70.89605284606338, 43.07127038550414], [-70.89604991160931, 43.0713421146483], [-70.89604825905806, 43.07135671424094], [-70.89604080506537, 43.07142256172416], [-70.89604333906242, 43.07149465946847], [-70.89602630232898, 43.07155437513504], [-70.89603661345029, 43.07159902481524], [-70.89598985862929, 43.07193583111852], [-70.89598615217355, 43.071962531861715], [-70.89585801514431, 43.072108071407655], [-70.8955958955655, 43.07220964532515], [-70.89527910349189, 43.07225864860832], [-70.8951445792182, 43.07230463076994], [-70.89486212429543, 43.07239195597738], [-70.8947767848708, 43.07242010785122], [-70.89464632192013, 43.07249033017227], [-70.89446480278089, 43.0725176443381], [-70.89426558997158, 43.07250878872865], [-70.89407405306159, 43.07253383690203], [-70.89402425743225, 43.072552243801994], [-70.89402657912403, 43.072529844151866], [-70.89398602081059, 43.072539184409], [-70.89384604744033, 43.07255900314568], [-70.89376517750374, 43.07260312293189], [-70.89361771105635, 43.072724185685416], [-70.89348040235252, 43.0727709611667], [-70.89347715916976, 43.072773974670376], [-70.89347450585284, 43.07277296954089], [-70.89346124086484, 43.07277748791028], [-70.89332651026074, 43.07288378080099], [-70.89316030357438, 43.073021912545656], [-70.89288003161815, 43.07314631023834], [-70.89248019747941, 43.073309134179496], [-70.89219880160942, 43.07339709983461], [-70.89201405129509, 43.073464065943334], [-70.89200346011131, 43.07346012509063], [-70.8917007603923, 43.073363049030775], [-70.8916542302524, 43.07333864779342], [-70.89160383001577, 43.073188455443656], [-70.89144230755713, 43.073146377613114], [-70.89140667162026, 43.073228073360106], [-70.89154382450992, 43.07334606615843], [-70.89177014060881, 43.07351013062742], [-70.8919306884857, 43.07364451711096], [-70.89185444878095, 43.073834651059684], [-70.89148584756472, 43.074090405998334], [-70.8914391965301, 43.07406209056086], [-70.89143738322085, 43.0740616802152], [-70.89133029596027, 43.07410626236377], [-70.8912397023219, 43.074152606785816], [-70.89115819495397, 43.0742069591259], [-70.89105451654042, 43.07428582923782], [-70.89090168450166, 43.07435893835256], [-70.89085195572953, 43.07442193191261], [-70.8908125939598, 43.07447179193045], [-70.89076766137464, 43.07450642262499], [-70.89072850134843, 43.074553380687604], [-70.89068230597036, 43.07458853107602], [-70.89063192720259, 43.07460587638593], [-70.8904906822298, 43.07466501996475], [-70.89021809309159, 43.07471759377519], [-70.89000795690163, 43.07465660963835], [-70.88971717299981, 43.07453804632998], [-70.88950040478527, 43.074453432791636], [-70.88938379137407, 43.07435797100434], [-70.8893214830217, 43.07428174210203], [-70.88924264764933, 43.07423108282441], [-70.88916965854982, 43.07426550899087], [-70.8890714873176, 43.07426129874979], [-70.88903355426234, 43.07421854350922], [-70.88890304057783, 43.074162755560884], [-70.8884966635016, 43.073971451081505], [-70.88830103259593, 43.07379064187146], [-70.88812962250522, 43.07384777716637], [-70.88756626628859, 43.07360571671267], [-70.88636534868289, 43.07335880457461], [-70.88543877423186, 43.0734291086751], [-70.88471739354019, 43.07347202841678], [-70.88407640437329, 43.073671943336635], [-70.88344446124096, 43.07385310196693], [-70.88319904994121, 43.0739625139882], [-70.88297426746519, 43.07406278588792], [-70.8825124366093, 43.074329903031064], [-70.88171562698429, 43.0746712962736], [-70.881319009889, 43.07499598369834], [-70.88073513403124, 43.075421835073435], [-70.88024031094785, 43.075672212332684], [-70.87948890093725, 43.07580178566947], [-70.87906854430068, 43.07595907372986], [-70.87840749049538, 43.076179986269146], [-70.87808856174628, 43.07631749188452], [-70.87783200589462, 43.07646706148827], [-70.87770729292265, 43.07663857221486], [-70.87761488567764, 43.07669438371797], [-70.87715376057335, 43.07701964199143], [-70.8764430602821, 43.07732969367357], [-70.87598622345504, 43.077750344927274], [-70.87527970910241, 43.07819804120828], [-70.87410233502096, 43.078607540465704], [-70.87408447640259, 43.078587948998226], [-70.87407522426724, 43.078577798366716], [-70.87391650845811, 43.07863733826458], [-70.87339614007288, 43.07884697420671], [-70.87312486358204, 43.07894794964377], [-70.87272220632444, 43.07905912089929], [-70.87256790854944, 43.07903751338082], [-70.87249672078671, 43.07901518553952], [-70.87246030420881, 43.07891821639858], [-70.87250965558233, 43.07887075316187], [-70.87277605807232, 43.0786095474031], [-70.87277769283891, 43.07860151641561]], [[-70.89040167220861, 43.073701905429324], [-70.89044752709512, 43.073729639243844], [-70.89042954160276, 43.073743433503545], [-70.89040974121129, 43.07376475501044], [-70.89046363665034, 43.073787858133606], [-70.8905444947924, 43.073756529259455], [-70.8905004085893, 43.07371976792362], [-70.89045459853581, 43.07369353266124], [-70.89040228761576, 43.07365540703002], [-70.8904511718788, 43.073648601229905], [-70.89048073411287, 43.073612122077535], [-70.89054188513522, 43.07360511262349], [-70.89054294518664, 43.07363958645963], [-70.8905445121865, 43.07369054660823], [-70.8905767002564, 43.07373950143529], [-70.8906589422758, 43.07375313856703], [-70.89062075774966, 43.0737087815809], [-70.89058703135534, 43.07367634778008], [-70.890602004857, 43.07363111226345], [-70.89059876244376, 43.073592175779034], [-70.8905857582074, 43.0735683978423], [-70.89052678952264, 43.07357986906996], [-70.89043901347357, 43.07358581832809], [-70.8904030127523, 43.07354592389561], [-70.89044121330214, 43.073524298325815], [-70.89049650738126, 43.07352638401494], [-70.89054440626417, 43.0735540849136], [-70.89051885869198, 43.07352151592794], [-70.89051384757329, 43.07349160610119], [-70.89054954312576, 43.07345502647276], [-70.89053885949149, 43.07344020671092], [-70.89049718627963, 43.07341540237039], [-70.89046307393076, 43.07343696040027], [-70.89047490970697, 43.07348925102871], [-70.89043415818946, 43.07349442317314], [-70.89041265271415, 43.073460287194926], [-70.89039597399022, 43.07345006610401], [-70.89036480006467, 43.07343408564859], [-70.89032995155297, 43.07343166205179], [-70.89032898380191, 43.07340018613119], [-70.89033219633586, 43.07337164057886], [-70.8902765337718, 43.07335756492302], [-70.89023318528398, 43.07334478414287], [-70.89020493102497, 43.07335724786906], [-70.8902575180472, 43.07340436646296], [-70.89025857790409, 43.07343883940594], [-70.89021879286702, 43.07347548741576], [-70.89016804898418, 43.07348832273056], [-70.89013129464787, 43.073490430179056], [-70.89009938229705, 43.07345046809985], [-70.89006188949682, 43.07342859307453], [-70.89000404463106, 43.07341005372521], [-70.88990999714471, 43.073411607472934], [-70.88991510008812, 43.073444514353916], [-70.89001457316402, 43.07348635975173], [-70.89007779760185, 43.0735467988297], [-70.8901401927655, 43.07358025927853], [-70.89018703168458, 43.07357348648512], [-70.89028330780847, 43.0735778945716], [-70.89029431396837, 43.07360320573106], [-70.8902107654497, 43.07361358367476], [-70.8901019920721, 43.073601884750225], [-70.89000153443418, 43.07359454705159], [-70.88999646073472, 43.07362912133036], [-70.89003450531271, 43.07366898212321], [-70.88992428550597, 43.07367680106216], [-70.89000299087522, 43.073708492857634], [-70.89005819295176, 43.07370758083435], [-70.8901699960258, 43.073684738386305], [-70.89020971739826, 43.073712574539464], [-70.89022910312364, 43.07367776377133], [-70.89027872471684, 43.073694938712244], [-70.89033764746091, 43.07368196819925], [-70.89040167220861, 43.073701905429324]], [[-70.88960979922959, 43.0737531444597], [-70.88961580809915, 43.073830358103756], [-70.88963909058253, 43.07387796102502], [-70.88976920357206, 43.07385181797814], [-70.88989617153602, 43.073841722574144], [-70.88990467411583, 43.073801615035165], [-70.88989805657263, 43.07380007290956], [-70.8899018855319, 43.07379097440275], [-70.88986051039353, 43.073746336700346], [-70.88987373918032, 43.07370346320206], [-70.88984119054832, 43.07370933255082], [-70.88986846593487, 43.07365023116966], [-70.88988978608633, 43.07360314309756], [-70.8898608847007, 43.07354405128801], [-70.88971552829115, 43.07362143228968], [-70.88962565165944, 43.073708467246504], [-70.88960354934382, 43.073691787456006], [-70.88959006881268, 43.073702816587], [-70.88960979922959, 43.0737531444597]], [[-70.88800528511754, 43.07334828365223], [-70.88804780506365, 43.07336869687524], [-70.8881084323367, 43.073296674887004], [-70.88822772761492, 43.07334461228721], [-70.8882282238545, 43.07327550251647], [-70.88825774193546, 43.073213591967274], [-70.88834331208663, 43.073271683051686], [-70.88841003170312, 43.07331281075064], [-70.8884411406432, 43.07330270007874], [-70.8884263473478, 43.07324727851812], [-70.88851894361694, 43.073278381850514], [-70.88845407281872, 43.07321227004673], [-70.88837812249287, 43.07321160490096], [-70.88824997482023, 43.07313118187096], [-70.88827037976998, 43.07311356967077], [-70.88836559187149, 43.07314462905104], [-70.88841572694908, 43.07315723818138], [-70.88846645130347, 43.07318903184521], [-70.88851243689592, 43.07315180213431], [-70.88857292116556, 43.073160401671664], [-70.88862846659916, 43.07317867985515], [-70.88865851460346, 43.07313403494871], [-70.88864139847868, 43.07308824980576], [-70.88865383581093, 43.07306693040068], [-70.88874822292496, 43.07307113054531], [-70.8888022707639, 43.07312590304866], [-70.88886875597453, 43.07315935609722], [-70.88891265440414, 43.07313943608274], [-70.88886889785967, 43.0730787352442], [-70.88878891581685, 43.073032068318696], [-70.88876080099287, 43.07296918939253], [-70.88880043296531, 43.072895594786694], [-70.88886074017098, 43.07289843773033], [-70.88886497169251, 43.07286573685956], [-70.88895377137356, 43.07285851216057], [-70.88896561789167, 43.07281800729237], [-70.88900375331181, 43.07278090700649], [-70.88901851184153, 43.07274995118981], [-70.88897819678888, 43.07271606609901], [-70.88898142619652, 43.07265074986607], [-70.88899380314665, 43.07262751163154], [-70.88897954004786, 43.07258935767946], [-70.8890278475167, 43.072542492277776], [-70.88906460200974, 43.07254572403179], [-70.88909868146678, 43.07254708105978], [-70.88910791049835, 43.07250661939862], [-70.88907044865947, 43.072480364576236], [-70.88902304925624, 43.072471550134864], [-70.88896630162296, 43.07249935971545], [-70.88893381362195, 43.07254980346043], [-70.88886750709196, 43.072522105960395], [-70.88878717217275, 43.07246392792309], [-70.88874356761248, 43.07249344018108], [-70.88880438197704, 43.07259800827409], [-70.88882464585562, 43.072661016820255], [-70.88875611027484, 43.07273124997242], [-70.8887003641769, 43.07279167478928], [-70.8886662603099, 43.07287477613779], [-70.88860581086614, 43.072952553052964], [-70.88851028103123, 43.07299635916488], [-70.88837510653775, 43.07294292571032], [-70.88842317903307, 43.072888386189724], [-70.88853988086181, 43.0728519088888], [-70.88859259729819, 43.07277809744755], [-70.88864793098473, 43.0727042436726], [-70.88869529585172, 43.07262668185714], [-70.88864962851743, 43.07258904633732], [-70.88856344652277, 43.072596227585], [-70.88847978732485, 43.072515070348615], [-70.8883210981694, 43.07254840198489], [-70.88822759443053, 43.07257297923281], [-70.88819510697921, 43.072623421859255], [-70.8882666480211, 43.072651033348315], [-70.88833736422073, 43.07265178586857], [-70.8884718886214, 43.072684116030125], [-70.88856263277295, 43.072740202656455], [-70.88851735465046, 43.072800454571514], [-70.88836830679071, 43.0728067536732], [-70.8883596063163, 43.07286448194529], [-70.8882949482731, 43.07289050288041], [-70.888239579956, 43.07287798007516], [-70.88822326419542, 43.072943512286905], [-70.88815807698013, 43.07295226648288], [-70.88819724736959, 43.073034158266445], [-70.88820930640811, 43.07308578541272], [-70.88811306782313, 43.073106568130015], [-70.88805846524353, 43.073118986248936], [-70.88806361595908, 43.07320143954107], [-70.88802351160898, 43.07325968607989], [-70.88800528511754, 43.07334828365223]], [[-70.88912472056694, 43.073085667723184], [-70.88912219706384, 43.07313669634786], [-70.88916575899646, 43.07322295365882], [-70.8892410188266, 43.07327569629173], [-70.88928470822144, 43.07323298615141], [-70.88935265472246, 43.073180877943976], [-70.88942161563568, 43.073161743227566], [-70.88936670783072, 43.07310566514208], [-70.88937359682608, 43.07306356274592], [-70.88929981096359, 43.073058782463555], [-70.88935631961023, 43.0730338563487], [-70.88941301240985, 43.073014924252234], [-70.88940698859149, 43.072952040812275], [-70.8895086612628, 43.072932365769375], [-70.8895154567858, 43.072887265463365], [-70.88946390150372, 43.07280713919353], [-70.8894710667391, 43.072774028759866], [-70.88951967405394, 43.07275823049993], [-70.8895909364296, 43.07281403837744], [-70.88962921175595, 43.07286139276095], [-70.88958988734802, 43.07291302926818], [-70.88957555937156, 43.072979248306076], [-70.88960119835245, 43.073014815441645], [-70.88966382302341, 43.073055769624496], [-70.88964875684073, 43.07309800801061], [-70.88965877811121, 43.07315782596048], [-70.88976908792233, 43.073153004336156], [-70.88978759841716, 43.07308971562805], [-70.88974050043886, 43.07302151183129], [-70.88968168867403, 43.07297149727431], [-70.88970139570772, 43.07294717798867], [-70.88979461323888, 43.07291864492601], [-70.88987574828708, 43.07289631028129], [-70.88992733792507, 43.072844471948294], [-70.88982575889229, 43.07286714436026], [-70.88972771503512, 43.07287176251895], [-70.88968163078074, 43.07283653403757], [-70.8896922402761, 43.07278237238625], [-70.88973528407277, 43.07271867842594], [-70.88966577095078, 43.07271982668648], [-70.88960204108581, 43.07264290012395], [-70.88967026429223, 43.072599784587844], [-70.88972323584414, 43.07259291068404], [-70.88975416177608, 43.072667379630346], [-70.88977107055291, 43.072685096078246], [-70.88982757986207, 43.07266016881873], [-70.8898856543237, 43.0726862026294], [-70.88989103360187, 43.072728102383294], [-70.88993044856423, 43.07267946372031], [-70.8899954115915, 43.07266339415009], [-70.89002784702772, 43.072653860840376], [-70.89002191478562, 43.07259397536231], [-70.88995603036857, 43.07258006752542], [-70.88988707147922, 43.07259920163006], [-70.88982201634259, 43.07261227321588], [-70.8897924724144, 43.072582769524175], [-70.88980400194194, 43.07255858530699], [-70.88986041774753, 43.07253066013123], [-70.88987176297034, 43.07250048096309], [-70.88985439353708, 43.07246777671757], [-70.88976080939645, 43.07248431900735], [-70.88964333438896, 43.0725222492658], [-70.889483957972, 43.072527881196265], [-70.8893154805936, 43.07250367146445], [-70.88930514833893, 43.072566825038066], [-70.88939341227879, 43.07264334656775], [-70.88927993393324, 43.072678211900424], [-70.88925659808294, 43.07271758736598], [-70.88940890309031, 43.07274806317654], [-70.88938304398813, 43.07283846639558], [-70.88937197481417, 43.07287763838807], [-70.88925284082957, 43.07286161104688], [-70.88912943459877, 43.07283965524259], [-70.88915645609812, 43.072920187714445], [-70.88918310800729, 43.07298872940483], [-70.88920929941811, 43.07304228237157], [-70.88913114795814, 43.07302857664225], [-70.88912472056694, 43.073085667723184]]]}, "properties": {"Hectares": 77.284121688, "Acres": 190.97305488206, "Year": "2024", "Name": "Eelgrass", "Confidence": "H", "Notes": "UAV and GoPro Imagery Used", "Type": 1, "LABEL": "Great Bay"}}, {"type": "Feature", "geometry": {"type": "Polygon", "coordinates": [[[-70.8681969067612, 43.08732058341767], [-70.86813692600911, 43.087290716531925], [-70.86801151170299, 43.08733452128584], [-70.86788609740312, 43.08727279638662], [-70.86796243654737, 43.08722301820249], [-70.86803877568877, 43.08722102707658], [-70.86807149246741, 43.087157310937734], [-70.86823780274057, 43.08713939076671], [-70.86828960430108, 43.08713341737515], [-70.8682296235495, 43.087095585869], [-70.86834685866265, 43.08703983413973], [-70.86839320742567, 43.087061736613805], [-70.86844228259112, 43.08700797598691], [-70.86853770651742, 43.08701394939544], [-70.86857587608624, 43.0870438164154], [-70.8685922344707, 43.08709359474815], [-70.86866312081155, 43.08717124886796], [-70.86862767763724, 43.087197133550774], [-70.86856224408508, 43.087238947245815], [-70.86856769687734, 43.087298681049525], [-70.86852134811177, 43.087318592302914], [-70.86850226332277, 43.087380317151386], [-70.86843137697575, 43.08740620174471], [-70.86827051950006, 43.08739624612715], [-70.8681969067612, 43.08732058341767]]]}, "properties": {"Hectares": 0.14757383466, "Acres": 0.36466256471, "Year": "2024", "Name": "Eelgrass", "Confidence": "H", "Notes": "UAV and GoPro Imagery Used", "Type": 1, "LABEL": "Great Bay"}}, {"type": "Feature", "geometry": {"type": "Polygon", "coordinates": [[[-70.87344263202061, 43.08101010449295], [-70.87356207235348, 43.08091097047915], [-70.87370322910162, 43.080942693386746], [-70.8737790461851, 43.080819592933075], [-70.8739583970837, 43.080760286477876], [-70.87413212847022, 43.0807285634859], [-70.87421899416988, 43.08060563671811], [-70.87431671807492, 43.08058580979961], [-70.87446873303837, 43.08055408671664], [-70.87453388231094, 43.08049857127542], [-70.87462074800825, 43.08041529801894], [-70.87466418084966, 43.08049460588891], [-70.87478905028804, 43.08039943643836], [-70.87501164362577, 43.08037960945713], [-70.875093080205, 43.08050253668385], [-70.87517994589803, 43.08049064051444], [-70.87534824819086, 43.08025668199723], [-70.87564684902387, 43.07999496463473], [-70.8758422968337, 43.07995927582184], [-70.87591830430833, 43.08006237680072], [-70.87587487145507, 43.0801813392489], [-70.87582600949816, 43.080264612824585], [-70.8757337147041, 43.08019720088685], [-70.87563599079623, 43.08026461281844], [-70.87554369599242, 43.0803597824795], [-70.87555455419853, 43.08045098660243], [-70.87545683029137, 43.08050650208571], [-70.87530481532387, 43.080605636752956], [-70.87517451678187, 43.08066511747497], [-70.87515280035382, 43.08074839039401], [-70.87534824815963, 43.08078011338758], [-70.87460910700072, 43.08086823700317], [-70.87452845318552, 43.080827697811394], [-70.87462074798857, 43.0807444250024], [-70.87464789352262, 43.08065718669791], [-70.87450130766638, 43.08066511745338], [-70.87425156879881, 43.08070080585344], [-70.87411584114793, 43.08081183631887], [-70.87427328520866, 43.08092286659253], [-70.87426785609934, 43.08098234701068], [-70.87404526276015, 43.081025965940185], [-70.87374123283227, 43.08110527300854], [-70.87340462826624, 43.081244060137365], [-70.87327975883309, 43.08125199081754], [-70.87326347152099, 43.0811647532344], [-70.87340462827478, 43.08110130764626], [-70.87344263202061, 43.08101010449295]]]}, "properties": {"Hectares": 0.6417724056, "Acres": 1.58585274904, "Year": "2024", "Name": "Eelgrass", "Confidence": "H", "Notes": "UAV and GoPro Imagery Used", "Type": 1, "LABEL": "Great Bay"}}, {"type": "Feature", "geometry": {"type": "Polygon", "coordinates": [[[-70.87280742662779, 43.08130750556305], [-70.87295401248737, 43.08124406012291], [-70.87317117671746, 43.081255956155815], [-70.87314403118506, 43.08131543624981], [-70.87298658711227, 43.08140663894483], [-70.87290515052386, 43.081438361588646], [-70.8727694228822, 43.08139474294121], [-70.87280742662779, 43.08130750556305]]]}, "properties": {"Hectares": 0.04295613049, "Acres": 0.10614681627, "Year": "2024", "Name": "Eelgrass", "Confidence": "H", "Notes": "UAV and GoPro Imagery Used", "Type": 1, "LABEL": "Great Bay"}}, {"type": "Feature", "geometry": {"type": "Polygon", "coordinates": [[[-70.87217222123235, 43.08164852368301], [-70.87219393765852, 43.081596974551715], [-70.8722590869268, 43.08161283582983], [-70.87231337798309, 43.081636627737865], [-70.87230794887375, 43.08169610746302], [-70.87220479586368, 43.081704038085384], [-70.87217222123235, 43.08164852368301]]]}, "properties": {"Hectares": 0.00996229312, "Acres": 0.02461734067, "Year": "2024", "Name": "Eelgrass", "Confidence": "H", "Notes": "UAV and GoPro Imagery Used", "Type": 1, "LABEL": "Great Bay"}}, {"type": "Feature", "geometry": {"type": "Polygon", "coordinates": [[[-70.85189203740508, 43.05541318436834], [-70.85189327833238, 43.055230318104535], [-70.85185494852801, 43.05503408235734], [-70.85187041869952, 43.05492899823707], [-70.8519554542387, 43.054883734655625], [-70.85208827156968, 43.05489522754305], [-70.85221646824567, 43.05493033420607], [-70.85229240545307, 43.054993235147094], [-70.85240620645794, 43.0551595431646], [-70.8524570461832, 43.05511811180666], [-70.8525286087182, 43.055134594801125], [-70.85256758754376, 43.055132313397046], [-70.85263241775343, 43.055067074175], [-70.85280064744572, 43.0549711310099], [-70.8530138870736, 43.0550371525569], [-70.85315957801951, 43.055097875187386], [-70.85335334396187, 43.05510922596597], [-70.85350852228376, 43.055162944450295], [-70.85386360875344, 43.05535281266648], [-70.85389913832014, 43.05534269106742], [-70.85393384552013, 43.05534333886682], [-70.853971962418, 43.0553609700441], [-70.8540148636173, 43.05538928606119], [-70.85406715265934, 43.05538444508956], [-70.85411417554948, 43.0553621798528], [-70.8541803301819, 43.055356153314534], [-70.85423834722909, 43.055376768390175], [-70.85427694657443, 43.055409221443114], [-70.85430897518242, 43.05544757729243], [-70.85435182828844, 43.05546145766916], [-70.85438905055867, 43.05546146035033], [-70.85443882626497, 43.05548216838679], [-70.85447260862621, 43.05550582264657], [-70.854496093885, 43.05554138140482], [-70.85452655884257, 43.05558655746532], [-70.85458514081975, 43.05562455753315], [-70.85463660921087, 43.055646989451596], [-70.85468114959161, 43.05564396219054], [-70.85476360474894, 43.055674086853685], [-70.85484348209674, 43.05569291456676], [-70.85493818342839, 43.055654736411], [-70.85498837839619, 43.055650119870016], [-70.85503806272179, 43.055665627126096], [-70.85514837952962, 43.055746194148675], [-70.85518630272755, 43.055794967118686], [-70.85518305710062, 43.0558703753543], [-70.85518617764875, 43.0559044704702], [-70.85520726405296, 43.05593457152666], [-70.85524442180001, 43.05594231989386], [-70.8553175303047, 43.05594719084217], [-70.85536588111255, 43.05594412132961], [-70.8554485948688, 43.055900470521664], [-70.85554234529475, 43.05590339831144], [-70.85559257098643, 43.05592511787282], [-70.85565967860971, 43.0559872286852], [-70.85576522049087, 43.05612459478661], [-70.85588017195924, 43.05614934969457], [-70.85598566069712, 43.05616428532743], [-70.85610675084075, 43.056262952518445], [-70.85631222428, 43.056367591018805], [-70.85648332938419, 43.056431578784256], [-70.85660823304195, 43.05660358783216], [-70.85662273194397, 43.056667356838965], [-70.85665206763092, 43.0567963805295], [-70.85662403008845, 43.056949624098614], [-70.85659077708758, 43.056989054919484], [-70.85653772178598, 43.056986568874294], [-70.85646769386221, 43.0569290749506], [-70.85637387047836, 43.05686990413274], [-70.85625177379451, 43.05686120302951], [-70.85610167902566, 43.056800585777104], [-70.85604309585253, 43.05680217645504], [-70.85599346480804, 43.05678863719804], [-70.85594363102419, 43.056752991138666], [-70.85589912398311, 43.0566636502348], [-70.85570510427827, 43.05665299876708], [-70.85553156026401, 43.05663968536524], [-70.85543839359036, 43.056542556535554], [-70.85530987014135, 43.05651543604514], [-70.85524981246529, 43.05646649529915], [-70.85506911957378, 43.05644302909671], [-70.85491028038466, 43.05640330603018], [-70.85476417113523, 43.05641859571089], [-70.8545673963439, 43.05645986199191], [-70.85437787223934, 43.05639276254219], [-70.85414022103201, 43.05637233329228], [-70.85391188898141, 43.0563280702431], [-70.85379639647886, 43.056322795627395], [-70.853701365475, 43.056282929278595], [-70.85354696166023, 43.05619812889301], [-70.85345146288438, 43.05616298115854], [-70.85333869750139, 43.05616861428121], [-70.8532410584209, 43.05620903584223], [-70.85315457130673, 43.05628312614306], [-70.85314921073227, 43.05637523532863], [-70.8531063495042, 43.05641914842613], [-70.85296004613073, 43.05648663543223], [-70.85283788330322, 43.056484544782045], [-70.85268336920177, 43.056389902909636], [-70.85253425426914, 43.05610443821093], [-70.85252055197206, 43.05609596607937], [-70.85234040440295, 43.05598458670752], [-70.8522646870936, 43.055874014209635], [-70.85214715949667, 43.05577047974273], [-70.85189179053077, 43.05544956412861], [-70.85189203740508, 43.05541318436834]]]}, "properties": {"Hectares": 3.69074782152, "Acres": 9.12002842084, "Year": "2024", "Name": "Eelgrass", "Confidence": "H", "Notes": "UAV and GoPro Imagery Used", "Type": 1, "LABEL": "Great Bay"}}, {"type": "Feature", "geometry": {"type": "Polygon", "coordinates": [[[-70.84222098704505, 43.0573486913025], [-70.84237976408076, 43.05737377527439], [-70.84242535772262, 43.05746705514798], [-70.84247095188968, 43.05755700336089], [-70.84252110509716, 43.057480380793194], [-70.84256669948343, 43.0573271352897], [-70.84266700666814, 43.05727383266946], [-70.8426972808859, 43.05715296808406], [-70.84263892053245, 43.057108193805604], [-70.8425455438329, 43.057071947588184], [-70.84253095398644, 43.05697173795192], [-70.84256597022643, 43.05687792432951], [-70.84283880469353, 43.056759591028765], [-70.84286287835128, 43.05670362265735], [-70.8428256739347, 43.056591685306536], [-70.84286506720173, 43.05650213566008], [-70.84292196863966, 43.05644456787956], [-70.84291064948577, 43.0564003673046], [-70.84297476661006, 43.05624420436414], [-70.84313292067746, 43.0560817940301], [-70.84320128787633, 43.055930488061776], [-70.84329962421221, 43.05591313727116], [-70.8434321321258, 43.05588502751659], [-70.84352189502589, 43.055888150896045], [-70.84368004962742, 43.055903767365194], [-70.84418283110408, 43.0559519828131], [-70.84432627625279, 43.05597806040316], [-70.84445468408806, 43.055957955317275], [-70.84473901440276, 43.056024973530356], [-70.8449270397328, 43.05607188613458], [-70.84508569859156, 43.05601978284955], [-70.84505957388045, 43.05591867266632], [-70.84483896383885, 43.055816054323934], [-70.84450002896754, 43.055718171048035], [-70.84431075717568, 43.055663509605466], [-70.84426237778922, 43.05551003316711], [-70.84428907459969, 43.05539869857652], [-70.84438032705975, 43.05531601704399], [-70.84455301236274, 43.055264392125274], [-70.84453862286811, 43.055212731317255], [-70.84451873498627, 43.05514133134459], [-70.84439837047753, 43.0549617719533], [-70.84471451013893, 43.0548306273502], [-70.84489026418612, 43.054915552793375], [-70.84517552906647, 43.05489090773419], [-70.84553474358667, 43.05502511581179], [-70.84563803893398, 43.05512368933355], [-70.84564918862691, 43.055189962174865], [-70.84587848788739, 43.055226612846916], [-70.84600388566703, 43.055250174455466], [-70.84608576736547, 43.05523911540468], [-70.84630829955796, 43.05514175424613], [-70.84630984347162, 43.055066316961344], [-70.84626662788057, 43.0550223250726], [-70.84620199283187, 43.054993115120524], [-70.84624902637876, 43.05499235611117], [-70.84632726465733, 43.05499109348457], [-70.84644896986373, 43.05498912927269], [-70.84662340669915, 43.05500544783225], [-70.84681523113296, 43.055021485441664], [-70.84702942998892, 43.05512784131666], [-70.84708320286629, 43.05513498539701], [-70.84717277275682, 43.05519388879625], [-70.84721755793798, 43.05528878899166], [-70.84739225894515, 43.055171229370835], [-70.84761136683404, 43.055096763270164], [-70.84772856426991, 43.05497761782381], [-70.84792729041808, 43.05498134094382], [-70.8481463982335, 43.055033467368325], [-70.84835021941598, 43.05510421005302], [-70.84853365845292, 43.055201015472235], [-70.8486707255443, 43.055234979711535], [-70.84879946833952, 43.055246306989545], [-70.84890563297883, 43.05532760726638], [-70.84923133948118, 43.05535213133074], [-70.8492682989593, 43.055239340434994], [-70.84930525875701, 43.05504711960825], [-70.84942918163186, 43.05502487919446], [-70.849629198313, 43.05502964474365], [-70.84973138083382, 43.055075714542035], [-70.84978138498401, 43.05514402435019], [-70.8497628146276, 43.05521756333979], [-70.8498930340024, 43.05532098798773], [-70.85012516392537, 43.055312713978026], [-70.8503686169738, 43.055155508781354], [-70.85052148316574, 43.05503139912638], [-70.85067119864783, 43.05508609761096], [-70.85070265764637, 43.05509759088428], [-70.85099517900542, 43.055524389216195], [-70.85120734502809, 43.05559571212189], [-70.85127354611575, 43.055755369308066], [-70.85134903549552, 43.05591739959575], [-70.85133959930941, 43.05612424614599], [-70.85136790782201, 43.05626903831675], [-70.8513395992927, 43.05640693530272], [-70.85122636520018, 43.056544831976126], [-70.85122636519094, 43.056699965366946], [-70.8513490354432, 43.056793045217034], [-70.85145755143259, 43.05693438842038], [-70.85141002502995, 43.05709177277478], [-70.85145956931264, 43.05716754227172], [-70.85144996409406, 43.057287385532284], [-70.85143170419558, 43.05733728530147], [-70.85138643233445, 43.057375111667525], [-70.85124385058572, 43.057456303866715], [-70.85107575749018, 43.05743988967762], [-70.85094591628632, 43.05737683067351], [-70.8508947512121, 43.057363419073056], [-70.85086347993901, 43.0573785622353], [-70.85084884125912, 43.057390898458614], [-70.85081823372393, 43.057391298572234], [-70.85065257581331, 43.057356260304026], [-70.85061667155693, 43.05732664231356], [-70.85058451945983, 43.05730164056602], [-70.85057569270802, 43.05722737153043], [-70.85052784285628, 43.05718259720475], [-70.85047073036846, 43.057161036737035], [-70.85039470123387, 43.057169792692626], [-70.85034449098276, 43.05716437038836], [-70.85031677238602, 43.05714110796487], [-70.85029218397322, 43.057068836490394], [-70.85017192292355, 43.05703835043526], [-70.85014052087593, 43.057021772213346], [-70.85013166731699, 43.05700203920325], [-70.8501555545248, 43.05695965143821], [-70.85015715294537, 43.05694046525346], [-70.8501479897763, 43.05692983864445], [-70.85011095959653, 43.056916851258634], [-70.85008391227302, 43.05691526179076], [-70.85006289290881, 43.05692547352023], [-70.84999525928673, 43.05700326154704], [-70.84999494576387, 43.05702380106696], [-70.8500165772413, 43.05704506749995], [-70.85015452706796, 43.057112879961636], [-70.85017165473131, 43.0571325041929], [-70.85018382007728, 43.05715662534165], [-70.8502048206947, 43.05726327653535], [-70.85021451543875, 43.05728816671089], [-70.85024794738356, 43.057301160191294], [-70.85029363147687, 43.05729503971214], [-70.85032376702999, 43.05731217251096], [-70.85031781202888, 43.0573459184714], [-70.85040094125367, 43.05752394085565], [-70.8502894738725, 43.057689996892584], [-70.85024023799, 43.057796542601956], [-70.85011676376544, 43.05783218701067], [-70.84997189995545, 43.05781049567195], [-70.84980665826504, 43.05776509968564], [-70.8495684795277, 43.057692041907124], [-70.84940906811688, 43.0576225171268], [-70.84926700295829, 43.057547035262886], [-70.8491886756089, 43.057546248629336], [-70.84914765634196, 43.05758425127522], [-70.84915118170109, 43.057766082688126], [-70.84910777359123, 43.05784849975881], [-70.84899711353575, 43.057874322260446], [-70.8488513705885, 43.05783126896446], [-70.84884652437762, 43.05776675390082], [-70.84880516740668, 43.05769851952789], [-70.8487094625216, 43.05768189245935], [-70.8486847717687, 43.05749987922029], [-70.8486012865437, 43.05748462920107], [-70.84843431608657, 43.05758375423539], [-70.84827717820076, 43.0576001565013], [-70.84823722435438, 43.05761951490074], [-70.84819857313381, 43.05765302010076], [-70.84811010774891, 43.05790033300645], [-70.84807317978385, 43.05793188943959], [-70.84803088854711, 43.05796961619483], [-70.84793849661673, 43.058009132697386], [-70.84789526851795, 43.05802015854952], [-70.8478701728236, 43.05799319620747], [-70.84783083117166, 43.05784929447367], [-70.8478233265634, 43.05782184445632], [-70.84780944802806, 43.05777108012191], [-70.84772990949345, 43.057606629199135], [-70.84782383038547, 43.05738550397624], [-70.84784991953259, 43.05714912785397], [-70.84795949390308, 43.0569508762129], [-70.84822351593633, 43.056833449944854], [-70.84806906826806, 43.05684565008303], [-70.84784365815776, 43.056860900251195], [-70.84765999065722, 43.056931051003396], [-70.84757650542396, 43.05705915217818], [-70.84752641428187, 43.057168952972816], [-70.8475305885373, 43.057266553515916], [-70.84740288317418, 43.057287294178046], [-70.84725311427792, 43.05734367776232], [-70.84717382486222, 43.05736129763273], [-70.84715268101796, 43.0572767222558], [-70.84715907928441, 43.05724291588648], [-70.84714915704417, 43.057190384892124], [-70.84699990296083, 43.0572547466053], [-70.84691552091854, 43.05729763742517], [-70.84682318944627, 43.05732781987971], [-70.8467527099656, 43.057354249684394], [-70.84667704993433, 43.05734320888361], [-70.84661879895238, 43.05731900994434], [-70.84662201817444, 43.05726010794775], [-70.84669172508046, 43.05719577166538], [-70.84667704994573, 43.057152880770985], [-70.84669539387069, 43.05709658642769], [-70.84681279497046, 43.05708050232373], [-70.84687149551516, 43.057155561459], [-70.84691918971335, 43.05712607395486], [-70.84691185214768, 43.05707514095699], [-70.84682380132514, 43.05704565340986], [-70.84680178862159, 43.05700812378675], [-70.84682013254677, 43.05694914862003], [-70.8467724383495, 43.056967913450606], [-70.84672474415166, 43.056994720342246], [-70.84668805630359, 43.05706977957916], [-70.84660000547508, 43.05714751940475], [-70.84651929222368, 43.05708586368438], [-70.84654497372074, 43.05697059413315], [-70.84662935576553, 43.05688481200313], [-70.84661101185046, 43.05677490346967], [-70.84655231129798, 43.05682315601885], [-70.84652296101913, 43.05689821546604], [-70.84647893560025, 43.057010804464596], [-70.84639822234578, 43.05699740102035], [-70.84635786572218, 43.056930383767444], [-70.8464239038407, 43.05691966100252], [-70.84645325411856, 43.05686872783415], [-70.84650461710623, 43.05675077717652], [-70.84648994197248, 43.056689121059264], [-70.84642390385058, 43.05675345787333], [-70.84637254086611, 43.0568204753166], [-70.84635419694096, 43.05687676991323], [-70.84631017152653, 43.056916980306795], [-70.84615975136558, 43.05697327481072], [-70.84605702540215, 43.057010804451146], [-70.84605335662148, 43.05694646790484], [-70.8461377386645, 43.056890173374086], [-70.846240464632, 43.056785626250196], [-70.84628815883615, 43.056656952619484], [-70.8463285154676, 43.056592615703366], [-70.84618543287719, 43.05661674205082], [-70.84613773867862, 43.05665427191118], [-70.84614140745924, 43.056715928063106], [-70.84614874502242, 43.05681243322003], [-70.84609738203974, 43.05684728226526], [-70.84599465607342, 43.05692502237259], [-70.84591027402975, 43.05699740100468], [-70.84591761159237, 43.05709390571861], [-70.84600933120456, 43.05703224994995], [-70.84606803175306, 43.057048334072036], [-70.8459909872779, 43.05711267050867], [-70.84591394280284, 43.05718236823932], [-70.84597631213373, 43.05723062047157], [-70.84604968782179, 43.05720649436358], [-70.84610105080908, 43.057093905724756], [-70.84617442650098, 43.05700812376671], [-70.8462698148949, 43.05698399757165], [-70.84625147097057, 43.05703224995754], [-70.84622578947149, 43.057179687568635], [-70.8461817640578, 43.0572064943678], [-70.84611205715024, 43.0572949567239], [-70.8461634201253, 43.05738878029953], [-70.84621111432597, 43.05731372145327], [-70.84628449001538, 43.05726814996772], [-70.84629916515847, 43.05717164552869], [-70.84629549638133, 43.0570510147656], [-70.8463688720699, 43.05701616583667], [-70.846456922891, 43.057067098886485], [-70.84645325409652, 43.05723598184368], [-70.84654130492657, 43.057134115991126], [-70.84656331762814, 43.0572091750594], [-70.84654130491998, 43.057241343202335], [-70.84637987840625, 43.05729763740806], [-70.84632117785269, 43.05737001560124], [-70.84632484663067, 43.05747724240011], [-70.84640922866764, 43.0575201330697], [-70.84652662977486, 43.05737537695225], [-70.84658533032393, 43.05738073829804], [-70.84660734302437, 43.05747456174136], [-70.84657799274589, 43.05753621706752], [-70.8465009482701, 43.05761931762513], [-70.84655598003323, 43.05764880489544], [-70.8467137377555, 43.05771582136699], [-70.84667338112213, 43.057812324948564], [-70.84671740652864, 43.05790346708328], [-70.84682380127228, 43.05793831551388], [-70.84695954629908, 43.05782840887356], [-70.84702191562543, 43.05795171875616], [-70.8469632150621, 43.05818761522581], [-70.84710292312329, 43.058397556677534], [-70.8472055743275, 43.058621943880006], [-70.84725685211897, 43.05899879774719], [-70.84724685165746, 43.05899757868289], [-70.84727842202457, 43.05905883659792], [-70.8472237646871, 43.05924742960745], [-70.84724470107474, 43.059432025878365], [-70.84724065854022, 43.05947022708835], [-70.84724947606836, 43.0594727555426], [-70.84741939455442, 43.05976868426507], [-70.84759794851824, 43.060036689770705], [-70.84784236255463, 43.06028973948728], [-70.84790564915025, 43.060478802064154], [-70.8478626880573, 43.06056393164495], [-70.84776225205465, 43.060645295946486], [-70.84747841491212, 43.0608645667954], [-70.8472579139847, 43.06103490738931], [-70.84713759725032, 43.061079918905406], [-70.84693871298023, 43.06116311487027], [-70.84658038494064, 43.06124580783775], [-70.84596178503526, 43.06132347058525], [-70.84579373029266, 43.06130912391463], [-70.84572953732633, 43.06137961890392], [-70.8455782546268, 43.06138900483386], [-70.84540163661764, 43.061343233235156], [-70.8452120668256, 43.06133934476967], [-70.84499768032471, 43.061297654809124], [-70.84479548839484, 43.06128953697513], [-70.8446961988081, 43.06134732541864], [-70.84460110785994, 43.061398437712995], [-70.84446415227555, 43.06143267517613], [-70.84411299286641, 43.06141030029434], [-70.84383834825985, 43.06119766863093], [-70.84369477899192, 43.06103718883307], [-70.84344167794622, 43.06092595456887], [-70.84315078113417, 43.06078819760299], [-70.84303921824014, 43.06076964528329], [-70.84270290392845, 43.060659750809734], [-70.84233580719336, 43.060448604586206], [-70.84215363424488, 43.06023447963205], [-70.84198672145948, 43.06009743539334], [-70.84145385971176, 43.05977595460121], [-70.84128918374938, 43.05971748141038], [-70.84104965693103, 43.05970349540207], [-70.84091205799129, 43.05970386718298], [-70.84077408810496, 43.059682598577545], [-70.84065897320312, 43.05964864769821], [-70.84049897131658, 43.059529395472154], [-70.84056219345922, 43.05935410273131], [-70.84056619491615, 43.059234568855565], [-70.84056688360641, 43.05923435388956], [-70.84051696278406, 43.05917493566825], [-70.84047795046098, 43.0590654984969], [-70.8404192755174, 43.058896104046774], [-70.84047694431938, 43.05879297328818], [-70.8407173436047, 43.05868637846196], [-70.84079944309252, 43.05867834877087], [-70.84092661687114, 43.05855621649475], [-70.84091200865238, 43.05849607315711], [-70.84089846682292, 43.05841041955309], [-70.84091482926483, 43.058345752627915], [-70.84101620312259, 43.05830923604045], [-70.84109567044122, 43.05827441364786], [-70.84123239485672, 43.058257454104925], [-70.84127727386783, 43.05822855521863], [-70.84127139547087, 43.05813740546923], [-70.84126219852612, 43.058128617960676], [-70.84130888685645, 43.05799216438863], [-70.84142327325307, 43.05786765024126], [-70.84148163365747, 43.05783865376075], [-70.84159135121334, 43.057857416195624], [-70.84170807202868, 43.05769025979037], [-70.84179269461873, 43.057585786806214], [-70.84188149665283, 43.05759688205122], [-70.84196487434535, 43.05764849500901], [-70.84201794677854, 43.05773613867682], [-70.84214079634015, 43.05769411625633], [-70.8421982994184, 43.057567663935956], [-70.84221106576958, 43.057347124009276], [-70.84222098704505, 43.0573486913025]], [[-70.8456944505539, 43.059007328356834], [-70.8458007544304, 43.059081923377505], [-70.84589194455666, 43.059149893329646], [-70.84594753651605, 43.05918417413599], [-70.84605434441484, 43.05925003709316], [-70.84617495266451, 43.059300113412895], [-70.84624362997711, 43.05931553408066], [-70.84642386893779, 43.059270272707195], [-70.8464749913684, 43.05924265995128], [-70.84651294763539, 43.05923322420893], [-70.8466392061925, 43.059048042978596], [-70.84666389016536, 43.05894589805858], [-70.84669116127004, 43.05892797977871], [-70.84672062053346, 43.05873721684538], [-70.84671258540081, 43.05851063143453], [-70.84656317045057, 43.05839094401279], [-70.84657823043631, 43.05831996923798], [-70.84654040765619, 43.058250803755676], [-70.84644073376819, 43.05815829951616], [-70.84624083134747, 43.05803170135125], [-70.8461383405122, 43.058031162277935], [-70.84603666787484, 43.05814258376842], [-70.8460451934386, 43.058329742594466], [-70.8459816772598, 43.05839513733077], [-70.8459683182677, 43.058477948228266], [-70.84583304578682, 43.05851555501191], [-70.84576325379003, 43.05846250292762], [-70.84569758626859, 43.058546913037986], [-70.8457690936862, 43.058562429596236], [-70.84570551642466, 43.05862180042681], [-70.84560086262051, 43.058638075286844], [-70.84550113945058, 43.0586292649534], [-70.84540434768834, 43.05852872214582], [-70.84531588953949, 43.05842179321916], [-70.84530433577501, 43.05836240629078], [-70.84522138333644, 43.05835857464404], [-70.84516205432251, 43.05836827508426], [-70.84512760983398, 43.05841255010368], [-70.84512265974246, 43.05848607745226], [-70.84511440297389, 43.05853078572645], [-70.84517466450748, 43.05856294275315], [-70.84522169414394, 43.05859830011495], [-70.84527403338339, 43.05863764922183], [-70.84528447639784, 43.058754489292504], [-70.84532341898075, 43.058896306065165], [-70.84540660255644, 43.058936176287276], [-70.84548911466467, 43.059025394509185], [-70.8455839581417, 43.05902437291469], [-70.84566004079828, 43.0589894472953], [-70.8456944505539, 43.059007328356834]], [[-70.84462945416956, 43.057983935967485], [-70.84470715940208, 43.0580108775808], [-70.84470038227349, 43.05803279350402], [-70.84468897095748, 43.0580696940274], [-70.84469807717689, 43.05806578953312], [-70.84479257250491, 43.05803584796289], [-70.84485091840173, 43.05799337395055], [-70.84494786820598, 43.05794590559603], [-70.84501918152381, 43.057938198328976], [-70.84509222977672, 43.057888928980645], [-70.84509488027362, 43.0578887007375], [-70.84509061559854, 43.05792137543998], [-70.84514685888627, 43.05801105805752], [-70.84519307340568, 43.058045963086016], [-70.84527625648525, 43.05797169166779], [-70.84528219840705, 43.05787662533904], [-70.84523904935, 43.05786265179129], [-70.84525505650288, 43.057851327765206], [-70.84532571423281, 43.05782177023577], [-70.84537579396273, 43.0578168698476], [-70.84540031301293, 43.05778551813407], [-70.84558742084813, 43.05779087954509], [-70.84577452912582, 43.05787934116681], [-70.84586991776642, 43.05798388625439], [-70.8460129996891, 43.05780428277169], [-70.84605702560354, 43.0576702500422], [-70.84595796858471, 43.05762735981088], [-70.84577085972249, 43.05759251066777], [-70.84573784134705, 43.05747724229178], [-70.84558742070243, 43.057348569995575], [-70.84531786702516, 43.05728248247461], [-70.84515800388144, 43.05726724698301], [-70.84507094495083, 43.05745586819771], [-70.84494359383277, 43.057537722645044], [-70.84474395864646, 43.05753067012975], [-70.8446752071503, 43.057636462474086], [-70.84468199496814, 43.05779905584345], [-70.84462945416956, 43.057983935967485]], [[-70.84664228952644, 43.05665177929106], [-70.84663584266191, 43.056695507153016], [-70.84668676223465, 43.05669006205788], [-70.84668613981718, 43.056669327090674], [-70.84677340646427, 43.05661457409834], [-70.84684775440259, 43.05653335742781], [-70.84677846198397, 43.056513730991675], [-70.84668023315324, 43.05660718739252], [-70.84666624768107, 43.056545178098126], [-70.84674321238703, 43.056416502079074], [-70.8468307453994, 43.05637063546238], [-70.84684064051798, 43.056296386385924], [-70.84690304767999, 43.05622128958394], [-70.84686660425007, 43.05621891433428], [-70.84678389133066, 43.05628532964255], [-70.84669401044054, 43.05639299499554], [-70.8466205186598, 43.056443495127134], [-70.84659663353744, 43.056595615622165], [-70.84664228952644, 43.05665177929106]], [[-70.8483723673908, 43.05672863233409], [-70.84836761307929, 43.05678560975221], [-70.84828860449866, 43.05684615768868], [-70.84824450201347, 43.05688480392678], [-70.84839201383416, 43.05684448698275], [-70.84845319951752, 43.056836385832476], [-70.84846040206777, 43.05675328941066], [-70.84845890682958, 43.05670352553983], [-70.84847069373104, 43.056665401358025], [-70.84855076997802, 43.05664039892247], [-70.8485138702711, 43.05659594883126], [-70.84842381467548, 43.05661162904313], [-70.84838315756765, 43.05665733224454], [-70.84839380532439, 43.056581292737334], [-70.8484301628478, 43.05650009612057], [-70.84839830238158, 43.05640814739821], [-70.84830732148917, 43.05639302130477], [-70.8482765013819, 43.05644330726076], [-70.84836173127388, 43.05648223488063], [-70.84830534374782, 43.056542417353114], [-70.84831955137953, 43.056584863270125], [-70.84832133128418, 43.05664410597922], [-70.8483723673908, 43.05672863233409]], [[-70.84861044971608, 43.056904970749045], [-70.8486252273193, 43.056966374282695], [-70.84858808651833, 43.05702150416928], [-70.84854089496217, 43.057064942151925], [-70.84851919975642, 43.057096113860084], [-70.8485265885351, 43.05712681563295], [-70.84858340360125, 43.05708085129842], [-70.8486443758606, 43.05706564091895], [-70.84868208632452, 43.05702946867669], [-70.8487332926445, 43.05701204520133], [-70.8487031405178, 43.05697696956956], [-70.84867629118264, 43.0569442114178], [-70.84867092332284, 43.05687317240393], [-70.84861044971608, 43.056904970749045]], [[-70.84910630412078, 43.05719910633173], [-70.8491073310801, 43.05723327257851], [-70.84910775120015, 43.057247249679364], [-70.84908028071703, 43.05728498405719], [-70.84911605055132, 43.05727663708498], [-70.84914725793469, 43.05725748748642], [-70.84917632412197, 43.05723759560575], [-70.84918489740275, 43.05720560483381], [-70.84918462588604, 43.057161326899845], [-70.84920449711163, 43.057117500266834], [-70.84924253325555, 43.057078818191236], [-70.8492440208628, 43.05705781830792], [-70.84919049160338, 43.05703926147881], [-70.84911405442548, 43.05706924162565], [-70.84906708009171, 43.057092530466086], [-70.84901706900722, 43.0571205296649], [-70.84904610318048, 43.057134821180576], [-70.84901654688294, 43.05713840640946], [-70.8490143503618, 43.05717107099028], [-70.8490158760546, 43.05718658398887], [-70.84905655834964, 43.05720068724219], [-70.84908585793762, 43.05718856044048], [-70.84910630412078, 43.05719910633173]], [[-70.84807293567499, 43.0573513154202], [-70.84811813795827, 43.057392312324446], [-70.84817106145489, 43.05734593688919], [-70.84821461209745, 43.05733195652321], [-70.84822419043354, 43.05739249575679], [-70.84827182942594, 43.05734241227391], [-70.8482643806516, 43.057266665146244], [-70.84819705020983, 43.05726395951547], [-70.84817735874465, 43.057211170401935], [-70.8482249976402, 43.05716108693906], [-70.84820059133209, 43.057123547491464], [-70.84814439936527, 43.057147215501345], [-70.84813122292799, 43.05722519251569], [-70.84808611220778, 43.05727333841236], [-70.84807293567499, 43.0573513154202]], [[-70.84879399371485, 43.057332078453236], [-70.84876439497833, 43.05737997393739], [-70.84878610253116, 43.057413763501216], [-70.84878017925784, 43.05742247676526], [-70.84876133243542, 43.05745020083268], [-70.84872059498426, 43.057471722693194], [-70.84872380692535, 43.05749253434196], [-70.84876022845405, 43.057499532524616], [-70.8487865368411, 43.05751428087241], [-70.84880636432209, 43.057485510156454], [-70.84885238621864, 43.057467696238554], [-70.8489063917684, 43.05745734002335], [-70.84890002474614, 43.05741761250315], [-70.84887308964424, 43.05738201075685], [-70.84882839964236, 43.057358076053376], [-70.84883473104877, 43.05731055656845], [-70.84879399371485, 43.057332078453236]], [[-70.84803768644953, 43.057038931513276], [-70.84802601311198, 43.057080847188786], [-70.84798848730433, 43.057123180464224], [-70.84797400088206, 43.05715755482666], [-70.84802099091858, 43.057171969278805], [-70.84805351709011, 43.05713540681578], [-70.84808064493235, 43.057091344800945], [-70.84809450482055, 43.057036116991455], [-70.84803768644953, 43.057038931513276]], [[-70.8483240786931, 43.057015338015546], [-70.84828817010876, 43.05702540158662], [-70.84827379778949, 43.05706356751715], [-70.84826459594164, 43.05710164991382], [-70.84831860128072, 43.05709129397943], [-70.84835601292131, 43.05704516906671], [-70.84837297042537, 43.0570069613584], [-70.8483240786931, 43.057015338015546]], [[-70.84860261451625, 43.057160675877356], [-70.84855119441552, 43.05717099017353], [-70.84851034314198, 43.05718872042538], [-70.84851119760168, 43.05721715691977], [-70.84855997553399, 43.057204988647534], [-70.84862133788036, 43.05718123688752], [-70.84867471656418, 43.05715002735727], [-70.84868948743646, 43.057125131743966], [-70.84865565138277, 43.05711809175945], [-70.84860261451625, 43.057160675877356]]]}, "properties": {"Hectares": 34.40082792609, "Acres": 85.00622192537, "Year": "2024", "Name": "Eelgrass", "Confidence": "H", "Notes": "UAV and GoPro Imagery Used", "Type": 1, "LABEL": "Great Bay"}}, {"type": "Feature", "geometry": {"type": "Polygon", "coordinates": [[[-70.89675462369824, 43.0742857315937], [-70.89673207527484, 43.07423814890777], [-70.8968247743614, 43.074223508077], [-70.89693501111188, 43.074225338184974], [-70.89700265639084, 43.07422167797832], [-70.89700766715028, 43.07425461985026], [-70.89695755953333, 43.074305862725176], [-70.89689492501782, 43.074274750981814], [-70.89682477435575, 43.07431867343333], [-70.89675462369824, 43.0742857315937]]]}, "properties": {"Hectares": 0.01601167928, "Acres": 0.03956568618, "Year": "2024", "Name": "Eelgrass", "Confidence": "H", "Notes": "UAV and GoPro Imagery Used", "Type": 1, "LABEL": "Great Bay"}}, {"type": "Feature", "geometry": {"type": "Polygon", "coordinates": [[[-70.89729829132158, 43.07407526945433], [-70.89734589355479, 43.07407526945588], [-70.89737846350303, 43.07408808021752], [-70.89735842045549, 43.07412102216057], [-70.89728576441547, 43.0741191920507], [-70.89722312989922, 43.07410089097049], [-70.89729829132158, 43.07407526945433]]]}, "properties": {"Hectares": 0.00438928472, "Acres": 0.01084614917, "Year": "2024", "Name": "Eelgrass", "Confidence": "H", "Notes": "UAV and GoPro Imagery Used", "Type": 1, "LABEL": "Great Bay"}}, {"type": "Feature", "geometry": {"type": "Polygon", "coordinates": [[[-70.89503718521118, 43.074635280132355], [-70.89512487353565, 43.07463299251997], [-70.89517811287375, 43.07466044389853], [-70.89517811287183, 43.07469247048928], [-70.89513113698217, 43.074719921837996], [-70.89505597556052, 43.07473364750603], [-70.89500899967453, 43.074699333322556], [-70.89500586795059, 43.07466730673526], [-70.89503718521118, 43.074635280132355]]]}, "properties": {"Hectares": 0.0119109805, "Acres": 0.02943264779, "Year": "2024", "Name": "Eelgrass", "Confidence": "H", "Notes": "UAV and GoPro Imagery Used", "Type": 1, "LABEL": "Great Bay"}}, {"type": "Feature", "geometry": {"type": "Polygon", "coordinates": [[[-70.88223941179616, 43.076658472150896], [-70.88213756953928, 43.076652440548735], [-70.88203022229288, 43.07669064066189], [-70.88189535012049, 43.076588103448515], [-70.8819256275547, 43.07648154499158], [-70.88196966745451, 43.07640112339265], [-70.88204673727346, 43.07635689146996], [-70.88222840184245, 43.07632271223902], [-70.88233850156992, 43.07649159769746], [-70.88239079893901, 43.07659614560465], [-70.88242107635952, 43.07671878811361], [-70.88237978895205, 43.07681730404742], [-70.88229721414339, 43.07690978824792], [-70.88223115430372, 43.076861535635466], [-70.88219537189562, 43.07675095659237], [-70.88223941179616, 43.076658472150896]]]}, "properties": {"Hectares": 0.14898660724, "Acres": 0.3681535987, "Year": "2024", "Name": "Eelgrass", "Confidence": "H", "Notes": "UAV and GoPro Imagery Used", "Type": 1, "LABEL": "Great Bay"}}, {"type": "Feature", "geometry": {"type": "Polygon", "coordinates": [[[-70.88115750124764, 43.07772183534053], [-70.88124205785053, 43.077647720300334], [-70.88141455331106, 43.077652661311554], [-70.881563372924, 43.077657602321565], [-70.88167836989304, 43.0777391288544], [-70.88157690197313, 43.077768774834816], [-70.88145852273091, 43.0778428897275], [-70.88133676122733, 43.07787253565706], [-70.88126235141718, 43.077931827478615], [-70.88122852877146, 43.07803805851866], [-70.8811845593326, 43.078166523716234], [-70.88111691404823, 43.0782604019584], [-70.8809748589633, 43.07825299051874], [-70.88088692010814, 43.078131936948836], [-70.88101544614412, 43.07802570607462], [-70.8810864736946, 43.077894770089756], [-70.88115750124233, 43.07781077327369], [-70.88115750124764, 43.07772183534053]]]}, "properties": {"Hectares": 0.15871154901, "Acres": 0.39218443192, "Year": "2024", "Name": "Eelgrass", "Confidence": "H", "Notes": "UAV and GoPro Imagery Used", "Type": 1, "LABEL": "Great Bay"}}, {"type": "Feature", "geometry": {"type": "Polygon", "coordinates": [[[-70.81852956029823, 43.123997694513164], [-70.81865122447921, 43.12398936953807], [-70.81868164051933, 43.12407261927738], [-70.81864291277195, 43.124152276432035], [-70.81859758418248, 43.12421566289512], [-70.81847633220308, 43.124269643200066], [-70.81839268807983, 43.12425576829359], [-70.81841372996413, 43.12414701078397], [-70.8184679194243, 43.12407696439366], [-70.81852956029823, 43.123997694513164]]]}, "properties": {"Hectares": 0.04640468324, "Acres": 0.11466836818, "Year": "2024", "Name": "Eelgrass", "Confidence": "H", "Notes": "UAV Imagery Used", "Type": 1, "LABEL": "Lower Piscataqua River North"}}, {"type": "Feature", "geometry": {"type": "Polygon", "coordinates": [[[-70.819808554916, 43.12531635691118], [-70.81969221354605, 43.12527306793771], [-70.81960780902321, 43.12523310885892], [-70.81963518346772, 43.125168175305454], [-70.81968080753566, 43.1251631804153], [-70.81974696243257, 43.1251831599815], [-70.81974011882016, 43.12522145412769], [-70.81974924363057, 43.1252747329005], [-70.81983364815622, 43.125266408098064], [-70.81992945870131, 43.12521645924645], [-70.82004123767119, 43.125148195749446], [-70.82007089331351, 43.12517650013793], [-70.82002298803955, 43.12522478406139], [-70.82000930081637, 43.12527306794787], [-70.81997736396572, 43.12532801163392], [-70.81992945869426, 43.125334671469865], [-70.81984505416729, 43.12536464072694], [-70.81981539852379, 43.12535631593304], [-70.819808554916, 43.12531635691118]]]}, "properties": {"Hectares": 0.03624735179, "Acres": 0.08956907774, "Year": "2024", "Name": "Eelgrass", "Confidence": "H", "Notes": "UAV Imagery Used", "Type": 1, "LABEL": "Lower Piscataqua River North"}}, {"type": "Feature", "geometry": {"type": "Polygon", "coordinates": [[[-70.74141579963931, 43.0678119402708], [-70.74153101457561, 43.06778808217173], [-70.74151764227106, 43.067874854787036], [-70.74151679086957, 43.06790377262631], [-70.74145114743853, 43.067962350164265], [-70.74141263502997, 43.0680109469887], [-70.7414862247912, 43.068060341559274], [-70.74146845007186, 43.068103885676344], [-70.74138793103903, 43.06809587634043], [-70.7412817232199, 43.068048485459784], [-70.74128309330389, 43.06797769652908], [-70.74124458090128, 43.06792654194572], [-70.74126092218259, 43.06786984696405], [-70.74133561022931, 43.067831905859116], [-70.74141579963931, 43.0678119402708]]]}, "properties": {"Hectares": 0.0502692266, "Acres": 0.12421785435, "Year": "2024", "Name": "Eelgrass", "Confidence": "H", "Notes": "UAV Imagery Used", "Type": 1, "LABEL": "Little Harbor/Back Channel"}}, {"type": "Feature", "geometry": {"type": "Polygon", "coordinates": [[[-70.73886411881703, 43.063912417191155], [-70.73883864437688, 43.063870041328435], [-70.73891557974898, 43.06389528388247], [-70.73894657215276, 43.06392052594761], [-70.7388981252943, 43.06396714360712], [-70.73894302725776, 43.0639731866361], [-70.73898202106439, 43.06404224976696], [-70.73900447204451, 43.06407246486243], [-70.73902219650209, 43.06410354323063], [-70.73904110259056, 43.0641303051463], [-70.73905646378701, 43.064158793624166], [-70.73907300661355, 43.06419677824065], [-70.73910372900752, 43.064236489405815], [-70.73910727389777, 43.06426411454847], [-70.73907655149881, 43.0643081420927], [-70.73905882703848, 43.06432454450287], [-70.73902810464241, 43.06432022807841], [-70.73902692301421, 43.06427879039785], [-70.73905528215174, 43.06423735269016], [-70.73902337812649, 43.06420886424828], [-70.73899265573309, 43.064159656909126], [-70.73898083943034, 43.06410009007815], [-70.73895957008054, 43.06407505472556], [-70.7388969436589, 43.064047429495844], [-70.7388638580028, 43.06402239412141], [-70.73886858452849, 43.06396887018555], [-70.73886411881703, 43.063912417191155]]]}, "properties": {"Hectares": 0.02527243097, "Acres": 0.06244948175, "Year": "2024", "Name": "Eelgrass", "Confidence": "H", "Notes": "UAV Imagery Used", "Type": 1, "LABEL": "Little Harbor/Back Channel"}}, {"type": "Feature", "geometry": {"type": "Polygon", "coordinates": [[[-70.73863816655611, 43.06395678411853], [-70.73863107677425, 43.063924842385994], [-70.7386854317816, 43.06395074109089], [-70.73870079298047, 43.063938655031244], [-70.73866416243321, 43.06390153354486], [-70.73864525634623, 43.06384973608539], [-70.73862516862755, 43.063816067713084], [-70.73864525634825, 43.06381520442186], [-70.73871260928968, 43.063888584185776], [-70.73873387863871, 43.06392743226007], [-70.73871260928576, 43.063955057541186], [-70.7387681459233, 43.06398786254896], [-70.73879059690312, 43.064023257404855], [-70.73877169081096, 43.06405951552738], [-70.73876341939544, 43.06407850786878], [-70.7387634193947, 43.06409059390134], [-70.73872088069491, 43.0640439763328], [-70.73867479710323, 43.06399649543942], [-70.73863816655611, 43.06395678411853]]]}, "properties": {"Hectares": 0.01385968257, "Acres": 0.03424799121, "Year": "2024", "Name": "Eelgrass", "Confidence": "H", "Notes": "UAV Imagery Used", "Type": 1, "LABEL": "Little Harbor/Back Channel"}}, {"type": "Feature", "geometry": {"type": "Polygon", "coordinates": [[[-70.73651311445926, 43.06074304834836], [-70.73650731235341, 43.060731895998615], [-70.73651159101813, 43.06071001314401], [-70.73653833266542, 43.06069594559127], [-70.73654492633989, 43.060716681967456], [-70.73653940232903, 43.060734240590705], [-70.73656935297308, 43.06073424059165], [-70.7365757709676, 43.06074440048564], [-70.7365618653096, 43.0607756616863], [-70.73659181595306, 43.06078504004446], [-70.7365950249494, 43.0608061413431], [-70.73659181595013, 43.06083427639632], [-70.73658753728576, 43.060850688504715], [-70.7365693529674, 43.06082958722098], [-70.73656614397139, 43.06080301522432], [-70.73653512366232, 43.06078894769109], [-70.73654582032158, 43.06077800627522], [-70.73655651698151, 43.060755341907274], [-70.73652442700617, 43.06074752660486], [-70.73651311445926, 43.06074304834836]]]}, "properties": {"Hectares": 0.00401992438, "Acres": 0.00993344069, "Year": "2024", "Name": "Eelgrass", "Confidence": "H", "Notes": "UAV and GoPro Imagery Used", "Type": 1, "LABEL": "Sagamore Creek"}}, {"type": "Feature", "geometry": {"type": "Polygon", "coordinates": [[[-70.73637360413423, 43.060497436427134], [-70.73637146480347, 43.060481805757604], [-70.73635221081733, 43.06049352875948], [-70.7363629074771, 43.06047320888742], [-70.73635541981669, 43.06046304894848], [-70.73635221081986, 43.06045054440608], [-70.73637146480607, 43.06043803986187], [-70.7363789524656, 43.060463048949245], [-70.7363992761151, 43.060493528761], [-70.7364014154456, 43.06051384862669], [-70.73640248511083, 43.06052479009011], [-70.736391788452, 43.06052869775478], [-70.73633755547027, 43.06052571125145], [-70.73636643833738, 43.06050733124509], [-70.73637360413423, 43.060497436427134]]]}, "properties": {"Hectares": 0.00241082167, "Acres": 0.00595726482, "Year": "2024", "Name": "Eelgrass", "Confidence": "H", "Notes": "UAV and GoPro Imagery Used", "Type": 1, "LABEL": "Sagamore Creek"}}, {"type": "Feature", "geometry": {"type": "Polygon", "coordinates": [[[-70.73650410335854, 43.06067406271952], [-70.73650517302508, 43.06066233975162], [-70.73654222971977, 43.06067242869282], [-70.7365169393483, 43.06068265956171], [-70.73650410335854, 43.06067406271952]]]}, "properties": {"Hectares": 0.00035927929, "Acres": 0.00088779767, "Year": "2024", "Name": "Eelgrass", "Confidence": "H", "Notes": "UAV and GoPro Imagery Used", "Type": 1, "LABEL": "Sagamore Creek"}}, {"type": "Feature", "geometry": {"type": "Polygon", "coordinates": [[[-70.73602934291685, 43.05978048476805], [-70.73602523540085, 43.05976497896252], [-70.73600059029894, 43.05977448252036], [-70.73600538240369, 43.05974547165271], [-70.73597936813039, 43.05973896921408], [-70.73597594520012, 43.05973046602512], [-70.73595814596048, 43.05972696471113], [-70.73597115309781, 43.05971846152097], [-70.7360026440606, 43.05971996208513], [-70.73600538240622, 43.05970295570098], [-70.73597526061583, 43.05969945438504], [-70.73596225347976, 43.059686449498614], [-70.73597115310034, 43.05967544536247], [-70.73598758316835, 43.059668442729674], [-70.73599922113323, 43.059662940660466], [-70.73602591999295, 43.05966444122579], [-70.73603618878428, 43.05967994705694], [-70.73605398802393, 43.0596844487496], [-70.736079317712, 43.05967494517783], [-70.7361019090534, 43.05970095495264], [-70.73606494140121, 43.05970295570285], [-70.7360327658515, 43.059714460021084], [-70.73605193426296, 43.05972646452646], [-70.73605809553726, 43.059744471279416], [-70.73607726394887, 43.05975397484179], [-70.73609027108498, 43.05976647952652], [-70.73607794853376, 43.059774982710046], [-70.736078633119, 43.05979048851299], [-70.73605942625339, 43.05981204520246], [-70.73603755794916, 43.059804993936616], [-70.73602934291685, 43.05978048476805]]]}, "properties": {"Hectares": 0.00884135789, "Acres": 0.02184745183, "Year": "2024", "Name": "Eelgrass", "Confidence": "H", "Notes": "UAV and GoPro Imagery Used", "Type": 1, "LABEL": "Sagamore Creek"}}, {"type": "Feature", "geometry": {"type": "Polygon", "coordinates": [[[-70.73565532015884, 43.05963464615968], [-70.73567163596597, 43.059631002845656], [-70.73571776530511, 43.05964785489634], [-70.73572879623303, 43.05966910312603], [-70.73569971469217, 43.05967496470434], [-70.73565458816462, 43.059660310753806], [-70.73565532015884, 43.05963464615968]]]}, "properties": {"Hectares": 0.00191229968, "Acres": 0.00472539124, "Year": "2024", "Name": "Eelgrass", "Confidence": "H", "Notes": "UAV and GoPro Imagery Used", "Type": 1, "LABEL": "Sagamore Creek"}}, {"type": "Feature", "geometry": {"type": "Polygon", "coordinates": [[[-70.73485215695658, 43.057138237344454], [-70.73489502486044, 43.05710230866836], [-70.73490258978212, 43.05713823734605], [-70.73492654537442, 43.05713547360313], [-70.73493537112063, 43.05710599366316], [-70.73497067409869, 43.05710322991917], [-70.73499715133093, 43.05712257613329], [-70.73498832558543, 43.057140079844494], [-70.73493789275862, 43.05716126853957], [-70.73489376403482, 43.05718614221627], [-70.73487989500664, 43.057205488403], [-70.73485720023484, 43.05721101588312], [-70.73477902935608, 43.05719719717742], [-70.73476894279256, 43.057170481008775], [-70.73479415920585, 43.057161268535], [-70.73478029017997, 43.05714192233354], [-70.73485215695658, 43.057138237344454]]]}, "properties": {"Hectares": 0.01125517918, "Acres": 0.02781212887, "Year": "2024", "Name": "Eelgrass", "Confidence": "H", "Notes": "UAV and GoPro Imagery Used", "Type": 1, "LABEL": "Sagamore Creek"}}, {"type": "Feature", "geometry": {"type": "Polygon", "coordinates": [[[-70.73216624297962, 43.05920437879449], [-70.73211483441125, 43.0591809096655], [-70.73202741427632, 43.05919442802418], [-70.73196060870642, 43.05919990848423], [-70.73189355405205, 43.05919208544127], [-70.7318171093951, 43.05917231880605], [-70.73183829118526, 43.05911483481963], [-70.73188216774544, 43.05908167095788], [-70.73192907027266, 43.059090514657925], [-70.73196840787764, 43.059072827260664], [-70.73200018055734, 43.059079460036706], [-70.73203497920643, 43.059088303736786], [-70.73209398561231, 43.05908830373867], [-70.7321499660477, 43.05910488567246], [-70.7322180503618, 43.0591115184462], [-70.73218627768064, 43.05912920583256], [-70.73211259925617, 43.05915185264864], [-70.73210155053158, 43.05916568605011], [-70.7321606550917, 43.05917085146733], [-70.73218412422075, 43.05918985028606], [-70.73216624297962, 43.05920437879449]]]}, "properties": {"Hectares": 0.03068675069, "Acres": 0.07582854531, "Year": "2024", "Name": "Eelgrass", "Confidence": "H", "Notes": "UAV and GoPro Imagery Used", "Type": 1, "LABEL": "Little Harbor/Back Channel"}}, {"type": "Feature", "geometry": {"type": "Polygon", "coordinates": [[[-70.730526037165, 43.058513950726926], [-70.73054473708092, 43.058506360048796], [-70.73055928145708, 43.058549626905275], [-70.73058317579238, 43.058568603587666], [-70.73057694248597, 43.05858985746383], [-70.7305488926118, 43.05860655693213], [-70.73053227046469, 43.058606556931615], [-70.73051460943448, 43.058588339328075], [-70.73052188162596, 43.058552663173565], [-70.7305301927003, 43.058538999960085], [-70.730526037165, 43.058513950726926]]]}, "properties": {"Hectares": 0.00357292949, "Acres": 0.00882889324, "Year": "2024", "Name": "Eelgrass", "Confidence": "H", "Notes": "UAV and GoPro Imagery Used", "Type": 1, "LABEL": "Little Harbor/Back Channel"}}, {"type": "Feature", "geometry": {"type": "Polygon", "coordinates": [[[-70.73016762212298, 43.058436525748675], [-70.73018424427109, 43.0584190671647], [-70.7302361884804, 43.058424380649114], [-70.73021748856682, 43.05839249974506], [-70.73023618848295, 43.05838187277419], [-70.73028813269245, 43.05838490905359], [-70.73034423243655, 43.058423621583664], [-70.7303629323501, 43.05845626153998], [-70.73041591544295, 43.05847296104722], [-70.73044500419823, 43.05850939631722], [-70.73043357647043, 43.058537481821986], [-70.73047305406935, 43.05854431343061], [-70.73049175398384, 43.0585610129128], [-70.73046993741481, 43.058577712389145], [-70.7304470819611, 43.058602002528694], [-70.73043565423427, 43.05861414759481], [-70.73039098221498, 43.0585966890595], [-70.73032553251187, 43.05857923051858], [-70.73028086049327, 43.05855038596379], [-70.73029124933727, 43.05851546885505], [-70.73026423834955, 43.05849345588392], [-70.73021229414132, 43.058469165698966], [-70.73016762212298, 43.058436525748675]]]}, "properties": {"Hectares": 0.02975830318, "Acres": 0.07353430359, "Year": "2024", "Name": "Eelgrass", "Confidence": "H", "Notes": "UAV and GoPro Imagery Used", "Type": 1, "LABEL": "Little Harbor/Back Channel"}}, {"type": "Feature", "geometry": {"type": "Polygon", "coordinates": [[[-70.73014097787036, 43.058742292567956], [-70.73013622223836, 43.058701290813275], [-70.730095323782, 43.058706155428354], [-70.73005822983397, 43.058697121139296], [-70.73004396293173, 43.05867974750461], [-70.72998689531828, 43.05868461212087], [-70.72998023743172, 43.05865681429783], [-70.7300068689862, 43.058629016463236], [-70.7299973577188, 43.05860399840023], [-70.72999069983243, 43.05857272580729], [-70.72996216602725, 43.05854979256164], [-70.72994694799922, 43.0585136553095], [-70.72993077884341, 43.0584921119373], [-70.7299688239195, 43.05848099277602], [-70.72999925997803, 43.05851157046908], [-70.73004491406708, 43.0585365885709], [-70.73004491406518, 43.05856855612882], [-70.73006203434844, 43.05858037022265], [-70.7300905681554, 43.058574115703834], [-70.73014953802068, 43.058601913566086], [-70.73017236506425, 43.058629711414525], [-70.73015048914498, 43.05864500022471], [-70.73018058702883, 43.05866850034881], [-70.73020755675468, 43.058703375651206], [-70.73020565450044, 43.05871171499298], [-70.73017426731201, 43.058731868396734], [-70.73014097787036, 43.058742292567956]]]}, "properties": {"Hectares": 0.02533223133, "Acres": 0.06259725153, "Year": "2024", "Name": "Eelgrass", "Confidence": "H", "Notes": "UAV and GoPro Imagery Used", "Type": 1, "LABEL": "Little Harbor/Back Channel"}}, {"type": "Feature", "geometry": {"type": "Polygon", "coordinates": [[[-70.88206655761604, 43.063104957589175], [-70.88195264102873, 43.063171442481135], [-70.88179984034242, 43.063312235977115], [-70.88179324283243, 43.063464995875336], [-70.88192045364221, 43.06351466564529], [-70.88211201306, 43.06350651310655], [-70.88228798570128, 43.063397042425095], [-70.88253239310633, 43.06333280491039], [-70.88275977438217, 43.063444020891346], [-70.88303788260451, 43.06350513430927], [-70.88337725164851, 43.063544815979846], [-70.88354497279728, 43.06360319985749], [-70.88366096177852, 43.06371329806742], [-70.88374903075444, 43.06378560335203], [-70.88387078309641, 43.063885562540776], [-70.88409903497286, 43.06393533177127], [-70.8844161926506, 43.06389847643104], [-70.88462668393439, 43.063822590005934], [-70.88466519878041, 43.06381559804982], [-70.88472160456097, 43.06380535816055], [-70.88494232262612, 43.06381622366686], [-70.88511138354013, 43.06380100796196], [-70.8853005751522, 43.06363787312882], [-70.88535177312737, 43.06353187126829], [-70.88574459632504, 43.06325500150409], [-70.88660271398649, 43.06306190482812], [-70.88676746944847, 43.063087850406546], [-70.88723622584018, 43.06289505393835], [-70.8876036689449, 43.06257854918497], [-70.88804806443048, 43.062098884026476], [-70.88859729564564, 43.06174037297817], [-70.88922714159592, 43.06163118785469], [-70.8897106857805, 43.06158368733675], [-70.88982387011673, 43.06175963163647], [-70.8898191324632, 43.06176383402971], [-70.8899029360555, 43.06184588943387], [-70.89001557534799, 43.061919895472606], [-70.89015408405942, 43.06193783874187], [-70.89033364782718, 43.06194498764096], [-70.89045914455804, 43.061988434209724], [-70.89055286934399, 43.06189584475312], [-70.89059864329239, 43.06181416259321], [-70.89102819856109, 43.06171256541028], [-70.89135914257977, 43.06152187149971], [-70.89160137183082, 43.06118446479191], [-70.89170780680227, 43.060812259757796], [-70.89172818465134, 43.060379735463655], [-70.89190573980969, 43.06012983586419], [-70.89206342406004, 43.05978147816794], [-70.89233006753244, 43.059690630416775], [-70.89253508030365, 43.05978602464591], [-70.89258089534528, 43.06018040893289], [-70.89257241827472, 43.06045220965298], [-70.89235816456183, 43.06060393268019], [-70.89218061119338, 43.06085383293314], [-70.89221451502024, 43.06116904370921], [-70.89212908155501, 43.06130968759241], [-70.89195889989648, 43.06140692225332], [-70.89188885785083, 43.06158389730997], [-70.89205366821722, 43.061600707256794], [-70.89201661906588, 43.06166445971484], [-70.89214923679413, 43.06182052579245], [-70.89205833926265, 43.06189691364837], [-70.89196476926088, 43.06185632478448], [-70.89196158790749, 43.061915589282584], [-70.89172600433588, 43.06202995958278], [-70.89140246589494, 43.06208357676808], [-70.89118813756718, 43.06202114570278], [-70.89105612842255, 43.061939531515186], [-70.89086872813576, 43.06200316107086], [-70.89056142517596, 43.0621741992229], [-70.89004589275487, 43.062457546783875], [-70.88990117709946, 43.06248907032456], [-70.88954754692926, 43.062617917980745], [-70.88940618968645, 43.06247135086503], [-70.88937082995797, 43.062326269304684], [-70.88936625829969, 43.062177442987775], [-70.88925628659563, 43.06204654228864], [-70.88920496761365, 43.06195675345114], [-70.88917336106412, 43.06194899471556], [-70.88910249387881, 43.061959238954266], [-70.88859322771327, 43.06204667575486], [-70.88862225659592, 43.062241449799394], [-70.88826052912158, 43.06218058838455], [-70.88812059030401, 43.062449619469945], [-70.88822485346815, 43.06277389041642], [-70.88869911223608, 43.06275710740589], [-70.88913614419899, 43.06278542555068], [-70.88947999585956, 43.06284938166951], [-70.88956039390484, 43.062740603064576], [-70.88997056743165, 43.06277133455573], [-70.89031146695295, 43.062878225192144], [-70.89058847820684, 43.062903653830666], [-70.89081551507854, 43.06296741485416], [-70.89134438227589, 43.06291876480149], [-70.89150872834642, 43.06294005220573], [-70.89171416389283, 43.062807028897794], [-70.89189666681999, 43.06278000631289], [-70.89193115939258, 43.062837047638254], [-70.89205343587135, 43.06276781198548], [-70.89227431996397, 43.06271134723662], [-70.89253505902789, 43.06267342786336], [-70.89275131726761, 43.06267945174838], [-70.89301294196696, 43.06267032160716], [-70.89318890033928, 43.06264340525489], [-70.893395660634, 43.062553565818995], [-70.8933593930852, 43.06243894256238], [-70.89314092021623, 43.062360941785364], [-70.89328238410047, 43.06227698435948], [-70.89344761657088, 43.06232706018686], [-70.89354385923086, 43.062263054202816], [-70.89361854957431, 43.06213699275336], [-70.89373738063584, 43.06216863289613], [-70.89367459799888, 43.06225608978075], [-70.89372754279914, 43.06227441669032], [-70.89389414767858, 43.06215643608109], [-70.89412408334503, 43.06218143426074], [-70.89429600868064, 43.06223619932739], [-70.89444741344748, 43.062262498077], [-70.89455227015317, 43.06226556290706], [-70.89471691107481, 43.062296443377996], [-70.8947378743136, 43.062339304991596], [-70.89468104515355, 43.062407459604295], [-70.89467656987769, 43.06247474712765], [-70.8948937145176, 43.06250955905399], [-70.89488313947899, 43.06259135055439], [-70.89500822105059, 43.06261328328139], [-70.89514402528073, 43.06255822318242], [-70.89527358027037, 43.06251286811091], [-70.89546099859288, 43.06243294703985], [-70.89554622272328, 43.06243633624038], [-70.89545815085121, 43.06255301899152], [-70.89547538090851, 43.06268716031376], [-70.89555302544564, 43.06265706794215], [-70.89571367460066, 43.06255838669108], [-70.89579949051492, 43.062580969209954], [-70.89588648857972, 43.06264194050193], [-70.89586164333174, 43.06268556105027], [-70.89580629420806, 43.062801701773815], [-70.89573637757086, 43.062870073784886], [-70.89555875537194, 43.06305545391098], [-70.89565558970656, 43.06301064056844], [-70.89580285551075, 43.06290257930499], [-70.89590549460493, 43.062833664964586], [-70.89597452346338, 43.06273650079227], [-70.89605841669324, 43.06269670286078], [-70.89613217898999, 43.06275309205208], [-70.89603578919062, 43.0628123013659], [-70.89603682467548, 43.06284589135287], [-70.89591470060559, 43.062919930007915], [-70.89592956512094, 43.06297729540278], [-70.89616800684826, 43.06285331876307], [-70.89637014193002, 43.06282596363927], [-70.89653999821924, 43.06281354531766], [-70.896496885262, 43.06268943490275], [-70.89651341102574, 43.06258834039559], [-70.89665098944945, 43.062590860838675], [-70.89674663841325, 43.06250765869715], [-70.89668418836118, 43.062393470609365], [-70.89660421141852, 43.06213554369592], [-70.89683030038444, 43.062035775955074], [-70.897161984805, 43.061963061647745], [-70.89735012674633, 43.06188786192792], [-70.8973254384498, 43.06180984899256], [-70.89737415532296, 43.061707617148286], [-70.89728403520515, 43.06158867189498], [-70.89728012654095, 43.061461956652124], [-70.89720474848696, 43.061260359883676], [-70.8970618089009, 43.06111059491234], [-70.89691081646049, 43.06097998020565], [-70.89677749608751, 43.06086175084071], [-70.89677624121167, 43.06082105711753], [-70.89674778028458, 43.060803613344525], [-70.89668085320716, 43.06067157569025], [-70.89655824121073, 43.06054558210524], [-70.89632741543409, 43.06053404570145], [-70.89629591012854, 43.06054148620698], [-70.89607087768934, 43.060594629116835], [-70.89589222764789, 43.06068976872049], [-70.89564586469623, 43.06062727717313], [-70.89574296684847, 43.060560118770496], [-70.89547378516203, 43.06052770772154], [-70.89530713918742, 43.0605591467169], [-70.89529867190271, 43.06056372899058], [-70.8951587610026, 43.06063944464552], [-70.89503360182134, 43.06074803577999], [-70.89486686329951, 43.06059511802768], [-70.8948642143418, 43.060509128756415], [-70.89469899044865, 43.060405347463444], [-70.8945719390559, 43.06045251628617], [-70.89444488871959, 43.06049968585079], [-70.89439668270896, 43.060385772949246], [-70.89432424914155, 43.06021080804949], [-70.8942031960255, 43.06008990794896], [-70.89428724786109, 43.059916449013926], [-70.89418647147781, 43.05981669554074], [-70.89418226128548, 43.059754187411954], [-70.89432410402938, 43.05966183457322], [-70.89421144715888, 43.05945066515752], [-70.8941791123124, 43.05930781133126], [-70.8942198836871, 43.05927054394864], [-70.89429322835213, 43.05920350027713], [-70.89446318471016, 43.05909826519505], [-70.89444823352947, 43.05897560812723], [-70.89476489031664, 43.05891710505809], [-70.89482874654574, 43.05881362665536], [-70.89492434128043, 43.058652266552166], [-70.89511420195842, 43.05864912158215], [-70.89515376188089, 43.05884511437415], [-70.89515322357386, 43.05900899638833], [-70.89509886284311, 43.05923932004389], [-70.89520199343784, 43.05950390545175], [-70.89535932800283, 43.05971433450873], [-70.8954830638911, 43.05974096240451], [-70.89574703617842, 43.05978575027124], [-70.89582117717272, 43.05965342292688], [-70.89587693134763, 43.05967119637644], [-70.8959052840363, 43.05959689811433], [-70.8960816369259, 43.059525060231834], [-70.89617901993637, 43.059330484363414], [-70.89616149478219, 43.05930617236561], [-70.89652382607623, 43.05936362028194], [-70.89707739669323, 43.059446793492505], [-70.89713177442903, 43.05945496330254], [-70.89752723436622, 43.05966392990565], [-70.89779895539145, 43.06006511663826], [-70.89780399815503, 43.06050876122608], [-70.89767806533595, 43.06091020507079], [-70.897747149628, 43.06118797415069], [-70.89789224122607, 43.06140743105571], [-70.89794499846374, 43.06148532299619], [-70.89809263303745, 43.06170329141802], [-70.89816283620517, 43.061720813960825], [-70.89825652800067, 43.061786472768695], [-70.89848006848979, 43.06181637048137], [-70.8986535296417, 43.06177371912595], [-70.89866851725064, 43.061770034208685], [-70.89884669235829, 43.06181508704467], [-70.89894719977796, 43.06210147656399], [-70.89917891495952, 43.06218404767272], [-70.89928243803955, 43.06214392149898], [-70.89943414084053, 43.0621798103475], [-70.89958107878371, 43.06227339075106], [-70.89963391004883, 43.06241828081643], [-70.89964546066673, 43.06244995727738], [-70.89973915514076, 43.0625156148115], [-70.8996945304094, 43.06255476426681], [-70.89951040188272, 43.06252901582733], [-70.89939290102723, 43.062540568412984], [-70.89935704347306, 43.062651585943016], [-70.89941875778258, 43.06274178018008], [-70.89944268823479, 43.06288061090828], [-70.89937381171713, 43.062982575007624], [-70.89929646508769, 43.0630222666786], [-70.89925273000259, 43.06309020705534], [-70.89922951569541, 43.06318661170312], [-70.89924453154796, 43.06324877542192], [-70.89933212662405, 43.06332893747212], [-70.89941199284353, 43.06337082025959], [-70.89953707745042, 43.063392747969885], [-70.8996746576701, 43.06339526473893], [-70.89970476550222, 43.06341960139449], [-70.89970137068786, 43.06356320173284], [-70.89953738412449, 43.06367108009274], [-70.89948198632949, 43.06381220766179], [-70.89940107396824, 43.063901181600905], [-70.89933235449244, 43.06392495571672], [-70.89922630645992, 43.06393081615287], [-70.89901122890767, 43.06396319244784], [-70.89875078399629, 43.064010724261415], [-70.89861527624151, 43.06407538536626], [-70.89853034724622, 43.06408159611711], [-70.89843292094999, 43.06410721750193], [-70.89830069792099, 43.06406620283203], [-70.8981968760133, 43.06409673141866], [-70.89826528193622, 43.064191616504196], [-70.89828163004073, 43.064296966126456], [-70.8984311158679, 43.06426087841729], [-70.89851977563298, 43.064163387865854], [-70.8986517027474, 43.06419480553846], [-70.89868753560772, 43.064295031342], [-70.89866328304714, 43.06435784595464], [-70.89854725981785, 43.06441738322021], [-70.89840417046712, 43.06444856365849], [-70.89827327968396, 43.06445073564361], [-70.89818805393458, 43.06444734941196], [-70.8981435221146, 43.06444712750435], [-70.8980604861757, 43.06430255612508], [-70.89796498782124, 43.06392390315835], [-70.89799547726936, 43.063723676963015], [-70.8979841765368, 43.06369697927819], [-70.89791883957042, 43.063786400630946], [-70.89792751011626, 43.0638976397571], [-70.89796757139013, 43.064177351885625], [-70.8979608680708, 43.06446936219197], [-70.8977373959497, 43.06452684074344], [-70.89720620600141, 43.064627829970846], [-70.89657401559705, 43.06471296726729], [-70.89584283139332, 43.0648367093161], [-70.89580570816815, 43.064482052517164], [-70.89586944909766, 43.06400089906855], [-70.89575815806135, 43.064213986066385], [-70.89571408418824, 43.06448357084708], [-70.8956848747617, 43.06481052101129], [-70.89555571376397, 43.06500025590617], [-70.89526232942437, 43.06505626406339], [-70.89491429174515, 43.065088427487794], [-70.89452234133361, 43.065176214801966], [-70.89426526377152, 43.06518482649676], [-70.89400726055003, 43.06522120705789], [-70.89376860373166, 43.0652768545861], [-70.89375215315937, 43.065277377235624], [-70.89321900270079, 43.06524967790475], [-70.89272272251087, 43.06521349061782], [-70.89235611815826, 43.06498513655342], [-70.89199035365154, 43.06496463608256], [-70.8914628143586, 43.06485236405668], [-70.89082780187104, 43.064693456090566], [-70.8905140341084, 43.064758174094145], [-70.89041687299768, 43.06473327532137], [-70.89020302830812, 43.064351514414085], [-70.88999317406662, 43.064131610467086], [-70.88967725107904, 43.06376454473892], [-70.8893163000479, 43.063584364071495], [-70.88852970756523, 43.06359735187474], [-70.88757463212025, 43.063910942207535], [-70.88664492116494, 43.06422410537085], [-70.88571577100757, 43.064555867048604], [-70.88522197031746, 43.06501074779772], [-70.88509817127317, 43.06537119357439], [-70.88477520144414, 43.06538710181102], [-70.88412725275492, 43.06550424696758], [-70.88375106549665, 43.06559760430131], [-70.88307614304894, 43.06566642388496], [-70.88210822506623, 43.065558879458145], [-70.88153217592496, 43.06533114023592], [-70.88122268283827, 43.065201026992774], [-70.88121349125578, 43.06516395831852], [-70.8811098014203, 43.0651418478575], [-70.88099650024628, 43.065158923290305], [-70.88093946990735, 43.06515863904907], [-70.88036293102587, 43.065168116873416], [-70.88017089260853, 43.065364892079586], [-70.88007146928591, 43.065457276725176], [-70.87987378276607, 43.065503927772575], [-70.87981442114445, 43.065674567030385], [-70.8798199662371, 43.06585597814279], [-70.8797398114079, 43.06605063314898], [-70.87967996802134, 43.066205497791536], [-70.8795317710681, 43.066286846724516], [-70.87891300979062, 43.066466674747396], [-70.87819846849148, 43.06650602811641], [-70.87819059590139, 43.066511974370144], [-70.87816520318755, 43.06651239125423], [-70.8778154801947, 43.06670435428675], [-70.87749655070144, 43.06683267670064], [-70.87720343480441, 43.06696057465079], [-70.87674454176738, 43.06715746960792], [-70.87626300672086, 43.067458885296425], [-70.87600889675103, 43.06759560873894], [-70.87577057993302, 43.067826755588825], [-70.87563148202918, 43.067923719158394], [-70.87536821287858, 43.06818367914046], [-70.87508885948976, 43.068339750932715], [-70.87470921689106, 43.068445041691895], [-70.87457862375915, 43.068536073505435], [-70.87426818631498, 43.0686952664142], [-70.87382116105259, 43.068683325723434], [-70.87220967001474, 43.06889554485581], [-70.87183765860948, 43.068932720321385], [-70.87138519917491, 43.068834423705006], [-70.8711241028343, 43.06861486138596], [-70.8710214097053, 43.068305661662635], [-70.87092268814324, 43.068126966202044], [-70.87061187371299, 43.06794552128747], [-70.87045363185332, 43.067761581048025], [-70.87025252153721, 43.06709062509119], [-70.87009567116537, 43.066698518092245], [-70.87007909765718, 43.06645978182138], [-70.87006097569675, 43.06644353453454], [-70.86975695914543, 43.065560741299414], [-70.86925251504147, 43.065161448518424], [-70.86867857463515, 43.064565342032736], [-70.86684207220759, 43.06321479447137], [-70.86656255209205, 43.06315150712238], [-70.86649969249783, 43.06307699713568], [-70.86645742455627, 43.06290160784529], [-70.86639792792101, 43.06277983150527], [-70.86625391187862, 43.06270091390257], [-70.86601978560401, 43.06259468345537], [-70.86579565949448, 43.06243749774799], [-70.86562435618137, 43.06211860895357], [-70.86544856754983, 43.06184212032829], [-70.86516457142166, 43.06180442442829], [-70.86489724372404, 43.06174529245188], [-70.86475415447498, 43.06159524891936], [-70.86458106440071, 43.06140759995313], [-70.86425001654304, 43.0613410396944], [-70.86398333270799, 43.061303058734445], [-70.86366895443422, 43.06121506242929], [-70.8632959830811, 43.06109838974742], [-70.86322165265051, 43.06107764609113], [-70.86309673995204, 43.06111433306432], [-70.86291065811275, 43.06122383537346], [-70.8628029324971, 43.06123371441715], [-70.86265588429937, 43.06135168803929], [-70.86259225512129, 43.06135731008243], [-70.8624999945209, 43.06138683555606], [-70.86228783273165, 43.06148760189419], [-70.86222497125564, 43.06154385705883], [-70.86209032883723, 43.06159865030514], [-70.86195831540952, 43.06162184016419], [-70.86177340497322, 43.061556467224165], [-70.86161390948222, 43.061501200568344], [-70.86139984080675, 43.061420521724216], [-70.86127308903592, 43.06138050249578], [-70.86111948571666, 43.061327276089926], [-70.86083711856166, 43.061261668988564], [-70.86075264080205, 43.061191054367754], [-70.8605709989473, 43.06111510616038], [-70.86045130279706, 43.0610118494764], [-70.86042367691736, 43.06098696321253], [-70.86038775999405, 43.06088613046776], [-70.86036468359717, 43.06055317017384], [-70.860794538372, 43.060482704481345], [-70.86127470754845, 43.060449111218105], [-70.86111710620428, 43.06016057691837], [-70.86110718513156, 43.06013955751508], [-70.86123902780352, 43.060172303031415], [-70.861295563043, 43.06014164061279], [-70.86138407737458, 43.060093633915564], [-70.86148671473391, 43.0600570113978], [-70.86170707924641, 43.06017703173983], [-70.86217963177187, 43.06026776716483], [-70.8626134307546, 43.060186885879716], [-70.86265989366726, 43.06016306305047], [-70.86267236221583, 43.060156670235656], [-70.8628340210496, 43.060201059491504], [-70.86298267494462, 43.06012715692911], [-70.86298331844827, 43.060126836876464], [-70.8629894946645, 43.06012863538329], [-70.8630243003684, 43.060138770628086], [-70.86318191042388, 43.06024931865674], [-70.8632218012661, 43.06035370387922], [-70.86323901384718, 43.06043691298363], [-70.86326422002055, 43.06054153735148], [-70.86337394368216, 43.060647478427214], [-70.8634928873199, 43.060694019430066], [-70.8636801140562, 43.0606909695552], [-70.86375312842154, 43.06067631361373], [-70.86374268659546, 43.060574142126214], [-70.8638391155282, 43.06048369512719], [-70.86398114616071, 43.06044367585818], [-70.86407847067866, 43.060382840307305], [-70.86410392465379, 43.0602531510083], [-70.86401875562234, 43.06010910532188], [-70.8639351368319, 43.060016206013664], [-70.86375394956819, 43.05997606609263], [-70.86363141754802, 43.05993227800386], [-70.86348743065092, 43.059907691425046], [-70.86332859603331, 43.05987795990693], [-70.86332568592987, 43.059877645317535], [-70.86306188768104, 43.05976453969472], [-70.86296735970237, 43.05974802131675], [-70.8627108715411, 43.05970320136232], [-70.86263147691186, 43.05955209639314], [-70.86262575762603, 43.059363216709606], [-70.86287429356558, 43.05933478622176], [-70.86325983644099, 43.05943823394401], [-70.86335308300967, 43.05949767409356], [-70.8634673809951, 43.059428757353395], [-70.86379993114315, 43.05942943623424], [-70.86383021339894, 43.05960572335958], [-70.86389003923958, 43.05965961229042], [-70.8643666160838, 43.05947506536684], [-70.86452098282784, 43.05963104341878], [-70.86456511362931, 43.05971566677596], [-70.86475068671501, 43.05980407996545], [-70.86487994305222, 43.05995437065722], [-70.86532797903917, 43.060017663793744], [-70.86556460030688, 43.060150205386925], [-70.86556395725502, 43.060289466682114], [-70.86550733494552, 43.06043845728074], [-70.86528568996616, 43.060356830550845], [-70.86516701723134, 43.06029292143727], [-70.86470501938483, 43.06015128866176], [-70.8647434824384, 43.06025090523975], [-70.86466813452319, 43.06043315681731], [-70.86465433284805, 43.06053949992368], [-70.86484908904794, 43.060645563675976], [-70.86513923698777, 43.06066892371391], [-70.86515576461427, 43.06069187186177], [-70.86515889806623, 43.060691491222315], [-70.86535645269005, 43.06077279968719], [-70.86550122124672, 43.06086797310918], [-70.8655963558393, 43.06093469600534], [-70.86583290884369, 43.0609861079264], [-70.86602445695436, 43.06101549506198], [-70.86606991378792, 43.06109373342948], [-70.86626760269968, 43.06109038083842], [-70.86642798864172, 43.06097152405808], [-70.86656385781824, 43.06088294901898], [-70.8664489066332, 43.06074766637299], [-70.86642258738623, 43.06056521918152], [-70.86645997459355, 43.06042745110565], [-70.86649905520234, 43.0603455356207], [-70.86649720212691, 43.06028446651777], [-70.8668061937641, 43.060169466212436], [-70.86736768312446, 43.060095108759285], [-70.86751172715832, 43.06011415074448], [-70.86779571433452, 43.060283969093895], [-70.86790974236874, 43.0603478593949], [-70.8680934768083, 43.06034485931516], [-70.86844955226442, 43.0602381210016], [-70.86909436994993, 43.06032335422901], [-70.869353814819, 43.06054203579106], [-70.86937648812763, 43.06066919015813], [-70.86927849124594, 43.06074804141294], [-70.86918474094561, 43.06080944390575], [-70.86907664294088, 43.060830576559724], [-70.86886688567056, 43.06080979070041], [-70.8687437799063, 43.06074830261322], [-70.8685972147059, 43.06076974600096], [-70.86862838672091, 43.060940684690365], [-70.86864859051592, 43.06103560238236], [-70.86871937731603, 43.06108524591951], [-70.86886037393695, 43.06116549112571], [-70.86883614309507, 43.06122303593318], [-70.86881152533698, 43.0612678877831], [-70.868977717519, 43.06132232181201], [-70.8690771725505, 43.06146039437494], [-70.86928837968081, 43.061571241468314], [-70.86942342155739, 43.06174048176844], [-70.8694010255546, 43.0618725291723], [-70.86958361978037, 43.06192641063156], [-70.86984987294463, 43.06189795278436], [-70.87011794397577, 43.06185477168922], [-70.87032385958605, 43.06173774413002], [-70.87039539385128, 43.0617365745947], [-70.87052136998321, 43.06176888393384], [-70.87054467893505, 43.06180899581678], [-70.87062343045167, 43.06186767017471], [-70.87088544713093, 43.06208290381084], [-70.87103801489359, 43.06203937625274], [-70.87143214277067, 43.061868549584474], [-70.87163614366007, 43.06189603341682], [-70.8717847527857, 43.061944970919996], [-70.87199047297328, 43.06202893201918], [-70.87214545894064, 43.06205721697554], [-70.87244452237879, 43.061985543069596], [-70.87264167901863, 43.062018274283766], [-70.87288925731953, 43.0620964114207], [-70.87315377741005, 43.06204071174206], [-70.87326968777994, 43.06193607608576], [-70.87339197479221, 43.061810788161495], [-70.87352857796381, 43.06169553996887], [-70.87378546752504, 43.061619416064225], [-70.87405066793083, 43.061610080760445], [-70.87409775226466, 43.061571296284235], [-70.87464386676113, 43.061354226728184], [-70.87487663334613, 43.06132015841456], [-70.87518551866263, 43.06132290556296], [-70.87598751102442, 43.06129245196253], [-70.87603318786212, 43.061236477367835], [-70.87602240213603, 43.061172704959525], [-70.87588716966714, 43.061141721420135], [-70.87527099720513, 43.06111797754935], [-70.87472316819756, 43.0610649051288], [-70.8745926809139, 43.06097603058572], [-70.87463010474846, 43.060908679323795], [-70.87487432455788, 43.060837940964575], [-70.8758398282182, 43.060608636703606], [-70.8765028378647, 43.060561093793396], [-70.87696824082612, 43.06056828424182], [-70.8771268630447, 43.06060015958651], [-70.87742950455531, 43.06078623185698], [-70.87750082866923, 43.060830083592975], [-70.87774785291955, 43.06093814088775], [-70.87777813724506, 43.06096576715469], [-70.87782794019677, 43.06105023729702], [-70.87789661888436, 43.06110114067295], [-70.87798913858985, 43.061110928178636], [-70.87824238341676, 43.06109989744199], [-70.87854730604678, 43.06103975531357], [-70.87863995779809, 43.06105282052087], [-70.87933911955898, 43.06128867165395], [-70.8798648516198, 43.06161251016913], [-70.88019007282287, 43.06200920367535], [-70.88026138562877, 43.062114639538166], [-70.88029262647196, 43.06219723993607], [-70.88037960326912, 43.06222899251159], [-70.88020801479131, 43.06249012115546], [-70.87994672520381, 43.06277386925091], [-70.87964728780155, 43.06284865300206], [-70.87966885079531, 43.06303460140457], [-70.87976906431584, 43.06319596875121], [-70.8798166259653, 43.06329905721746], [-70.87997298756564, 43.063370594701254], [-70.88050120963557, 43.0632499907791], [-70.88080969919491, 43.06304791026547], [-70.88135935260681, 43.06275064692239], [-70.88177401600935, 43.06228971501211], [-70.88181593520993, 43.06210272278283], [-70.8821940140428, 43.06200335169441], [-70.88261381088799, 43.06222932255997], [-70.88269872552341, 43.06236798714196], [-70.88278893231134, 43.062552507203016], [-70.88262656590356, 43.06277811738823], [-70.88206655761604, 43.063104957589175]], [[-70.87589234575799, 43.06278312695357], [-70.87596258364486, 43.062731611269534], [-70.87601992185091, 43.06266657047677], [-70.87610972064874, 43.06264220533307], [-70.87619598162091, 43.06260416243775], [-70.87630061583972, 43.062554371420404], [-70.87632113459212, 43.0625105378999], [-70.87630960895922, 43.06243975943909], [-70.87622791472248, 43.06242278471527], [-70.87622006778952, 43.06237026048217], [-70.87616077698691, 43.06237123285439], [-70.87604552370135, 43.06237999077776], [-70.87602831636596, 43.062327619129086], [-70.8759418463046, 43.06235879747611], [-70.87584706239701, 43.06242445223751], [-70.8758049786641, 43.06247779520484], [-70.8757082405868, 43.06247938134768], [-70.8756120607163, 43.06249927282698], [-70.87547212097121, 43.0625175917395], [-70.87536033754874, 43.062537738807315], [-70.87540577055329, 43.062594225817634], [-70.87555348589335, 43.062626143451254], [-70.87548061476441, 43.06269372764064], [-70.87543589873827, 43.06276313921041], [-70.87561335491311, 43.062746494248806], [-70.87571889699399, 43.062726449266336], [-70.87585627399386, 43.06272648664257], [-70.87589234575799, 43.06278312695357]], [[-70.86897321064572, 43.06406971936591], [-70.86904620129307, 43.06413364406707], [-70.86907429934443, 43.06423997752802], [-70.86910208103554, 43.06433589776194], [-70.86913585741716, 43.064395253889494], [-70.86915306615572, 43.06449395099955], [-70.86918416188243, 43.06458200282247], [-70.86926212881127, 43.06469273061075], [-70.86940196086906, 43.06485193702096], [-70.8694807891002, 43.064874091599165], [-70.86950414001751, 43.06482422042502], [-70.86956109957103, 43.06471128789638], [-70.86952645207646, 43.06462329422182], [-70.86946079883533, 43.06456706417254], [-70.8693305213651, 43.064488447350755], [-70.86927764628402, 43.064385122955564], [-70.86921806720375, 43.06429493240575], [-70.86921040164516, 43.064159613220795], [-70.86913701520189, 43.06408267165762], [-70.86901115931444, 43.0640326332362], [-70.86897321064572, 43.06406971936591]], [[-70.87257241161895, 43.064263051494], [-70.87253369594451, 43.06429645944575], [-70.87252090955678, 43.064365859600294], [-70.87243354127433, 43.06437821496085], [-70.87244877323067, 43.06444351503731], [-70.8724101681854, 43.0644805626184], [-70.8723078326354, 43.064490735197445], [-70.87225080332442, 43.06452080129325], [-70.87222565829477, 43.064564912393855], [-70.87229431466591, 43.064590493884225], [-70.87239822997932, 43.064577868706785], [-70.87246158240846, 43.06453798752449], [-70.87256741206123, 43.06453382765227], [-70.8726141438059, 43.06449179078412], [-70.87261549522988, 43.064427433108214], [-70.87267888430354, 43.064388765032774], [-70.87276282457357, 43.06431820008423], [-70.87282165587536, 43.06429295954302], [-70.87292027404735, 43.064269495262096], [-70.87287750239703, 43.064224068246936], [-70.87274247935002, 43.064248128443246], [-70.87265279166951, 43.06423867214468], [-70.87257241161895, 43.064263051494]], [[-70.87916338839082, 43.06463864325966], [-70.8790983841824, 43.06472649964486], [-70.87903905180598, 43.064812445693576], [-70.87898721326037, 43.064955232053315], [-70.87898824713338, 43.0649643502913], [-70.87900430966974, 43.06510604479798], [-70.8788904053168, 43.0652612972204], [-70.8788380068779, 43.06538577904082], [-70.87884809345796, 43.06551152451747], [-70.87899416401444, 43.06559153961119], [-70.87921240745216, 43.065581086973594], [-70.87942252092668, 43.06550895685986], [-70.87947305536109, 43.06542571158206], [-70.87949448178993, 43.06541162387382], [-70.87961056657281, 43.065328037264685], [-70.87958125198995, 43.06525191183513], [-70.87958136699199, 43.06514259528423], [-70.87958260321057, 43.06514101176594], [-70.87967225783939, 43.06502622959442], [-70.87975095257846, 43.06492330556923], [-70.879771709597, 43.0647558525807], [-70.8795920479727, 43.06457691688303], [-70.87924551383246, 43.06456116799839], [-70.87916338839082, 43.06463864325966]], [[-70.86980386518913, 43.06521343054798], [-70.86981309869357, 43.065317745328585], [-70.86989922050188, 43.06535856861652], [-70.86991963027566, 43.06543158332457], [-70.86992710777321, 43.065478136726256], [-70.87000818412295, 43.06555238303156], [-70.87012218372573, 43.065612754290726], [-70.87018762693808, 43.065571675888904], [-70.87020667541684, 43.06550023943053], [-70.87015967154049, 43.065449885710535], [-70.87010075116261, 43.06540639561581], [-70.87002964404215, 43.06536088144954], [-70.86998661686397, 43.06534158093628], [-70.86994533581093, 43.06528002093755], [-70.86987725845304, 43.06523445715189], [-70.86981106373331, 43.06515107812417], [-70.86980386518913, 43.06521343054798]], [[-70.87287339357115, 43.0648925771091], [-70.8728165285342, 43.06495824789825], [-70.87281948425034, 43.06505531019809], [-70.87288413223926, 43.06512438639366], [-70.87297468426537, 43.06519843404125], [-70.87304619394946, 43.0652512137396], [-70.87315733153626, 43.06527636930764], [-70.87329493125976, 43.0652039807761], [-70.8733775368466, 43.06513788823941], [-70.87333895760456, 43.06507917482176], [-70.87319308309905, 43.06500063773351], [-70.87315727844629, 43.06491220668709], [-70.87304940734417, 43.06487351046468], [-70.87287339357115, 43.0648925771091]], [[-70.87023380128244, 43.06574332503546], [-70.87031766620981, 43.0657790450428], [-70.87035873694187, 43.06584412465613], [-70.87043795498124, 43.06587823487574], [-70.87043040204308, 43.065932307943584], [-70.8704530846654, 43.06599768906187], [-70.87051146531616, 43.06602708110451], [-70.87056130964453, 43.06600266311703], [-70.87057095659132, 43.06594181131703], [-70.87058070481363, 43.06588433010236], [-70.87054448837945, 43.0658276004542], [-70.87046317622493, 43.06580026903244], [-70.87044514075825, 43.06573649760455], [-70.87042286826575, 43.06568459784668], [-70.87035443209658, 43.06570257615141], [-70.87034042892378, 43.065620194597535], [-70.87026621831396, 43.065599490515694], [-70.87022628327317, 43.065647349376974], [-70.87016811608187, 43.065700564189534], [-70.87023380128244, 43.06574332503546]], [[-70.89584449528516, 43.060462780885835], [-70.89587664202062, 43.0604580698088], [-70.8958943401776, 43.060415991311075], [-70.8958779071529, 43.060375871374085], [-70.89589801884186, 43.06035046668751], [-70.8959020836889, 43.06029747158356], [-70.89596106716814, 43.06030067241017], [-70.89593942141468, 43.06021467488079], [-70.89592053256867, 43.06015648890793], [-70.89586516417187, 43.060208941301575], [-70.89582792291411, 43.06023323692108], [-70.89579896214765, 43.06027968083878], [-70.89576965808523, 43.06031498744762], [-70.89576728840495, 43.06032062149587], [-70.89575903964364, 43.060340234347926], [-70.89573555961155, 43.060379622776594], [-70.89573676095891, 43.06041860265901], [-70.8957564757482, 43.06044195397387], [-70.89578111425672, 43.060440153203324], [-70.89584449528516, 43.060462780885835]], [[-70.89504486915816, 43.060156720792385], [-70.89507203646042, 43.06017150489762], [-70.89512202152653, 43.06020440991957], [-70.89518853250577, 43.06019569104151], [-70.89526229194595, 43.060181411344075], [-70.89532705120034, 43.06016401593045], [-70.89537842781516, 43.0601457542428], [-70.89535557650652, 43.060126545967094], [-70.89537402084255, 43.06009903645107], [-70.89535541736267, 43.060073229141544], [-70.89533282513027, 43.0601106003593], [-70.89526118608036, 43.060145520253506], [-70.8952138232902, 43.060149569221466], [-70.89522511914625, 43.060130883629164], [-70.89516730678393, 43.060132929320986], [-70.89510939389667, 43.06013171232059], [-70.89512160371982, 43.060094513137734], [-70.89509405919495, 43.060091721691236], [-70.89507545584999, 43.060089836446714], [-70.89506359898141, 43.060042154091235], [-70.89503316426386, 43.06001763067246], [-70.8950215084734, 43.0599764736378], [-70.89498183856564, 43.059941221788044], [-70.89495881059032, 43.059964454427984], [-70.89498994948563, 43.060011817401275], [-70.89497473958163, 43.06004797875587], [-70.89492561648902, 43.060091230502955], [-70.8948746083234, 43.06012145568875], [-70.89484945129658, 43.06017192750672], [-70.89491313851701, 43.06011972908129], [-70.89495308528288, 43.06011580307793], [-70.89500904610847, 43.060101818360415], [-70.89497923866509, 43.06014583813222], [-70.89504486915816, 43.060156720792385]]]}, "properties": {"Hectares": 117.49787188225, "Acres": 290.34330785412, "Year": "2024", "Name": "Eelgrass", "Confidence": "H", "Notes": "UAV and GoPro Imagery Used - Sparse EG points fall between dense EG patches causing mismatch of accuracy.", "Type": 1, "LABEL": "Great Bay"}}, {"type": "Feature", "geometry": {"type": "Polygon", "coordinates": [[[-70.89251462770288, 43.060945414044596], [-70.89264362062737, 43.060881827561666], [-70.89278009302856, 43.06089109203639], [-70.89293927878515, 43.06095759224757], [-70.89306598964, 43.060990062588786], [-70.89324552644551, 43.061037021700365], [-70.89321635950327, 43.06111047923394], [-70.8930613082094, 43.06117833834817], [-70.89272561849126, 43.06133368318619], [-70.89257320283673, 43.06131700084208], [-70.8924893575953, 43.06114555272331], [-70.8924962848969, 43.061030214680365], [-70.89251462770288, 43.060945414044596]]]}, "properties": {"Hectares": 0.19787076489, "Acres": 0.48894887614, "Year": "2024", "Name": "Eelgrass", "Confidence": "H", "Notes": "UAV and GoPro Imagery Used", "Type": 1, "LABEL": "Great Bay"}}, {"type": "Feature", "geometry": {"type": "Polygon", "coordinates": [[[-70.89383610246558, 43.06133450912337], [-70.89395950482334, 43.061259491365085], [-70.89403980800644, 43.06131577360008], [-70.89419875974014, 43.061374594359094], [-70.89412247562926, 43.06144883225267], [-70.89399324671008, 43.061504742742876], [-70.89393825825809, 43.06159015028847], [-70.89387398091543, 43.06171411939214], [-70.89376057554735, 43.06177360844434], [-70.89366051236608, 43.0617560609141], [-70.89358902512612, 43.061645861559214], [-70.89350088665161, 43.06150521151103], [-70.89345652213578, 43.06142528939403], [-70.89370687351116, 43.06139041929137], [-70.89383610246558, 43.06133450912337]]]}, "properties": {"Hectares": 0.16637980588, "Acres": 0.41113309054, "Year": "2024", "Name": "Sparse Eelgrass < 10%", "Confidence": "H", "Notes": "UAV and GoPro Imagery Used", "Type": 0, "LABEL": "Great Bay"}}, {"type": "Feature", "geometry": {"type": "Polygon", "coordinates": [[[-70.89347697977365, 43.06089876374781], [-70.89345796506221, 43.06079153657874], [-70.8935787314544, 43.06080106005001], [-70.89373614497416, 43.060809976762144], [-70.89386895324778, 43.06070023636255], [-70.8940305379721, 43.06067451658289], [-70.89404896259761, 43.060762549518294], [-70.8938160927768, 43.06085474269839], [-70.89367592144129, 43.06089547084888], [-70.89365305404398, 43.06100339125097], [-70.89370812550882, 43.06109081762565], [-70.8936301865729, 43.06111131164806], [-70.89347348132841, 43.06112542775797], [-70.89335735880735, 43.06109662341358], [-70.8933190572486, 43.06104348636419], [-70.89343828790412, 43.06100310523943], [-70.89347697977365, 43.06089876374781]]]}, "properties": {"Hectares": 0.10479945584, "Acres": 0.25896486618, "Year": "2024", "Name": "Eelgrass", "Confidence": "H", "Notes": "UAV and GoPro Imagery Used", "Type": 1, "LABEL": "Great Bay"}}, {"type": "Feature", "geometry": {"type": "Polygon", "coordinates": [[[-70.88789747855995, 43.07795055245832], [-70.88774835555351, 43.07793441247897], [-70.88759189843732, 43.07797553310153], [-70.88740688667257, 43.07802062833124], [-70.88731382034464, 43.07810274440462], [-70.88716407474094, 43.07820681764185], [-70.88704266702396, 43.07829991303236], [-70.88690542361077, 43.0783442185747], [-70.88677241985043, 43.0783709373206], [-70.88662889547223, 43.078366297005104], [-70.88649481689187, 43.07835799794013], [-70.88629310745993, 43.07832628889371], [-70.88614534319709, 43.0783392354895], [-70.8860600014623, 43.07836166385748], [-70.88597535941209, 43.07842952159172], [-70.88597141376141, 43.07842675648543], [-70.88563357768653, 43.078344926680025], [-70.88523565689891, 43.07824769944379], [-70.88464425866707, 43.078159119750715], [-70.88445688987701, 43.078123970055806], [-70.88472961607127, 43.07802661506926], [-70.88477974282165, 43.077960239991995], [-70.8844116172576, 43.07786251896925], [-70.8844586237402, 43.07762514704976], [-70.88463813193755, 43.07760652812502], [-70.88472752538416, 43.07753569540041], [-70.88480478462638, 43.07746730017988], [-70.88478867389271, 43.07734003301726], [-70.88482980518283, 43.07728789476673], [-70.88480531020369, 43.077148791103376], [-70.8846675329216, 43.076878421982485], [-70.88460979394003, 43.07674549932937], [-70.88459872492717, 43.076582483055766], [-70.88467269838873, 43.0764754634569], [-70.88485273810336, 43.076405710944194], [-70.8850289284927, 43.07642288312102], [-70.8854656224253, 43.076402851814436], [-70.88579252122626, 43.07645813158908], [-70.88614859010049, 43.076520838444516], [-70.88638074235898, 43.076503152891334], [-70.88661017650911, 43.07648661042393], [-70.88681554466977, 43.076500487436114], [-70.88692079614535, 43.07640486558051], [-70.88713058713161, 43.07628056987358], [-70.88720267961047, 43.07610458266346], [-70.88722188625742, 43.07595350214264], [-70.88732397467234, 43.075880806502255], [-70.88750299051405, 43.07581093863987], [-70.88773116400714, 43.07603761932772], [-70.8880675868208, 43.0759979271838], [-70.88819701113536, 43.07566292397264], [-70.88840228148295, 43.07552297501917], [-70.88864770319647, 43.0755530636568], [-70.88870368525481, 43.07585940179342], [-70.8884386571753, 43.075949127513844], [-70.88819129208832, 43.07623486747513], [-70.88802276313001, 43.07643395449816], [-70.88781030591812, 43.07671911749473], [-70.88802737034459, 43.076963051852275], [-70.88814400313821, 43.076969662359346], [-70.88826863692908, 43.077039640440034], [-70.88825492125848, 43.077175335204785], [-70.88809575017623, 43.07737186271201], [-70.88790655932644, 43.07751739603926], [-70.88784863816043, 43.07761903537909], [-70.88772678403475, 43.07762663990006], [-70.88764105287325, 43.07769238004188], [-70.88764319876995, 43.0777622637872], [-70.88778288079962, 43.07783826850358], [-70.88790358321648, 43.07791738220895], [-70.88789747855995, 43.07795055245832]]]}, "properties": {"Hectares": 6.00216862476, "Acres": 14.83166856466, "Year": "2024", "Name": "Eelgrass", "Confidence": "H", "Notes": "UAV and GoPro Imagery Used", "Type": 1, "LABEL": "Great Bay"}}, {"type": "Feature", "geometry": {"type": "Polygon", "coordinates": [[[-70.88411507800933, 43.08058660131335], [-70.88398278493298, 43.080549450613056], [-70.88381715019487, 43.08059150780955], [-70.88385417490086, 43.0804379500567], [-70.88388644568154, 43.080323800074915], [-70.88390036285492, 43.08026879372392], [-70.88386528839824, 43.08004091135611], [-70.88385624984176, 43.07990695131004], [-70.88383075210122, 43.07986420061154], [-70.88386814186461, 43.07978900809789], [-70.8839611500134, 43.079636254749516], [-70.88411287349415, 43.07954222091023], [-70.88421403333027, 43.07953618481953], [-70.88434632433423, 43.07957333529724], [-70.88445491555545, 43.07961524597436], [-70.8845337146021, 43.07965764733823], [-70.8845744269409, 43.07971806595593], [-70.88465462682292, 43.07967252375115], [-70.88466131899783, 43.079541926593706], [-70.88475101048681, 43.07958678455563], [-70.88479708982665, 43.07960214575746], [-70.88483782306434, 43.07957940150395], [-70.88492041040512, 43.07943714909788], [-70.88491585669448, 43.079288646008266], [-70.88507606449565, 43.07926415642789], [-70.88524638320564, 43.07937496828337], [-70.88552047114955, 43.07937045101378], [-70.8856706378378, 43.07940730532503], [-70.88576430215404, 43.079545599585316], [-70.88578960990016, 43.07959325178762], [-70.885644802104, 43.079731107079446], [-70.88550789132226, 43.079737733696376], [-70.885400772853, 43.079743869138355], [-70.8852788600326, 43.07985075701543], [-70.88525261141807, 43.07990280169471], [-70.88526674486943, 43.08003886427935], [-70.885161367236, 43.080101780083616], [-70.88510673832462, 43.08026436824368], [-70.88498495792318, 43.08037562356434], [-70.88503329590722, 43.080396676777944], [-70.88507789616799, 43.08044319744205], [-70.88505538222337, 43.080500885774946], [-70.88498355342719, 43.08052422480267], [-70.88470403739942, 43.08054631000126], [-70.88458580380359, 43.0805788474695], [-70.8843183383594, 43.08060510314568], [-70.88411507800933, 43.08058660131335]]]}, "properties": {"Hectares": 1.39236982458, "Acres": 3.44061772479, "Year": "2024", "Name": "Eelgrass", "Confidence": "H", "Notes": "UAV and GoPro Imagery Used", "Type": 1, "LABEL": "Great Bay"}}, {"type": "Feature", "geometry": {"type": "Polygon", "coordinates": [[[-70.88013074637172, 43.08012339066734], [-70.88014784709702, 43.08005878402136], [-70.88023384635854, 43.08000143526645], [-70.88047576907012, 43.07992753963021], [-70.88076464984894, 43.07989202617643], [-70.88070500324238, 43.0799377550311], [-70.88060315207538, 43.07997578738127], [-70.88053189388259, 43.08001611350167], [-70.8805273456827, 43.080116871801], [-70.88039370374854, 43.08011347508528], [-70.88033174786028, 43.080083729053776], [-70.88024142208407, 43.08012436840404], [-70.8801366973741, 43.08019321198168], [-70.88001478603516, 43.08032386673715], [-70.87984206859505, 43.08029034713171], [-70.87986315410753, 43.08023126857815], [-70.87996569012766, 43.080215599750446], [-70.88006466912826, 43.08020837958362], [-70.88013074637172, 43.08012339066734]]]}, "properties": {"Hectares": 0.08393851824, "Acres": 0.20741641232, "Year": "2024", "Name": "Eelgrass", "Confidence": "H", "Notes": "UAV and GoPro Imagery Used", "Type": 1, "LABEL": "Great Bay"}}, {"type": "Feature", "geometry": {"type": "Polygon", "coordinates": [[[-70.88142028007185, 43.08117668412438], [-70.88165277049755, 43.08115226575196], [-70.88196324319053, 43.08098472853528], [-70.8822075019936, 43.08084781241385], [-70.88236044353368, 43.08057950089846], [-70.88247838753286, 43.080484038936056], [-70.88260824680953, 43.08033916056431], [-70.88269648107341, 43.080150667027524], [-70.88281932660482, 43.07999605907983], [-70.88291924519854, 43.079969803955954], [-70.88311176566843, 43.079897725267735], [-70.883217340055, 43.07983692237018], [-70.88315392309126, 43.07973952322535], [-70.88315211447821, 43.07968048713269], [-70.88305815525426, 43.079682033812055], [-70.88296049773129, 43.079782084397216], [-70.88278811205083, 43.079853831446655], [-70.88260516403675, 43.08001927233535], [-70.88248246857377, 43.08017879951435], [-70.8822960550545, 43.08023108893869], [-70.88209666951002, 43.080298357271], [-70.88191756893069, 43.08037021348357], [-70.88175294579688, 43.080476285682295], [-70.88164397087608, 43.08064543102233], [-70.88149948026235, 43.08075117260463], [-70.88143990254301, 43.08083111856176], [-70.88131430613127, 43.08085720397905], [-70.88103185845573, 43.0810577164107], [-70.88090797620143, 43.081200778431665], [-70.88056204764742, 43.0810732755138], [-70.88017506542961, 43.081001288981426], [-70.88015872905144, 43.08116608644537], [-70.87944775670722, 43.0813344634294], [-70.87908788618182, 43.081450061540636], [-70.87922039215351, 43.0815889099894], [-70.87935289870211, 43.081727757370196], [-70.87912759590249, 43.08170011971268], [-70.87842083628958, 43.081656884395834], [-70.87818987694286, 43.08179386673355], [-70.87766008659833, 43.08194554642799], [-70.87730101661401, 43.08227110829724], [-70.87715496733999, 43.08233804831542], [-70.8769491361596, 43.082447041837504], [-70.87680917551349, 43.082582210429024], [-70.87665115173793, 43.08273471012558], [-70.87652015277303, 43.08285422717808], [-70.87651213530062, 43.082855580621825], [-70.87604238136974, 43.08322368201011], [-70.87584018596766, 43.083603063361245], [-70.87554248230634, 43.08365495330082], [-70.87502657108129, 43.083561559255045], [-70.87464292281767, 43.08359918565745], [-70.87457554313177, 43.08384316619814], [-70.87446471109047, 43.084064353923296], [-70.87451341612471, 43.084259423568135], [-70.87419434273875, 43.08431165926734], [-70.87379570787492, 43.08420850421451], [-70.87355022389903, 43.084220358979756], [-70.87355619182233, 43.084416128964705], [-70.87322762622836, 43.08450769205456], [-70.8728677236867, 43.084623270221655], [-70.87316758132012, 43.084641864493], [-70.87371483478222, 43.08471124966812], [-70.87394062416091, 43.08475455983912], [-70.87437984803177, 43.08478653680578], [-70.87476694654585, 43.08480796379111], [-70.87433349423588, 43.084925526304254], [-70.87382633331849, 43.0850005149749], [-70.87341776930543, 43.08502721038023], [-70.87283603722267, 43.0850434045355], [-70.87240908402204, 43.08506372946976], [-70.8721375189133, 43.085108181623156], [-70.87186855019506, 43.08504670345394], [-70.87176147302779, 43.08504845551566], [-70.87157381993853, 43.0851573607351], [-70.87145722472832, 43.08515244002422], [-70.8713627640531, 43.08510960241324], [-70.87126965420543, 43.085111125527085], [-70.87104670898862, 43.08513184228095], [-70.87102727526475, 43.085258478825956], [-70.87084363258796, 43.0851932020113], [-70.87086483256726, 43.08512457502553], [-70.87079200710738, 43.08518039077364], [-70.87065348462355, 43.08522020983199], [-70.87050398900922, 43.085205584284985], [-70.87057639934308, 43.08513611999266], [-70.87074554499296, 43.08509238568906], [-70.87077682083898, 43.08501813173854], [-70.87088805316519, 43.084999925124876], [-70.8709045149481, 43.084928644517554], [-70.87087239300062, 43.08485269536629], [-70.87095713988025, 43.084821266319224], [-70.87105172962526, 43.084745976769085], [-70.87120996578345, 43.08468057048727], [-70.87132756648322, 43.08462675403515], [-70.87143212441013, 43.08452893811655], [-70.87166018924447, 43.0843705092382], [-70.87201239848257, 43.084226052357444], [-70.8722430581696, 43.084152930207416], [-70.87234034757873, 43.084001974548904], [-70.87265683296381, 43.083879436839204], [-70.87292158694778, 43.08373107351903], [-70.87317341551862, 43.08363626554452], [-70.87356215026405, 43.08349653924085], [-70.87390142886987, 43.0834056317294], [-70.87413886930435, 43.083316391659295], [-70.87439959414829, 43.08327477955154], [-70.87471188758605, 43.08325365822536], [-70.87537791086082, 43.08292967950041], [-70.87552490054057, 43.08290226475167], [-70.87602821187843, 43.08262729119658], [-70.8766431384904, 43.082283805189554], [-70.87714440426834, 43.081942180102224], [-70.87757772751607, 43.08161000355007], [-70.87825149188843, 43.08129334856184], [-70.87863241640781, 43.08118467316539], [-70.87903974482099, 43.08117798324985], [-70.87931579491395, 43.081066760869575], [-70.87960739545548, 43.08108330742886], [-70.87974747389929, 43.08101870003979], [-70.87990025903413, 43.08098887745597], [-70.87999561759959, 43.080908787308296], [-70.88025950010022, 43.08085665468544], [-70.88033005797256, 43.08087939233525], [-70.88048655880382, 43.08081878230028], [-70.88063447956499, 43.08078220958786], [-70.88078365310221, 43.080786585346495], [-70.88090065810927, 43.08080514624731], [-70.8809395696877, 43.08085913033597], [-70.88105935106589, 43.08081619243713], [-70.88113671216418, 43.080756881905586], [-70.88120837539051, 43.08066352577283], [-70.88134363449423, 43.0805646016024], [-70.88156813023932, 43.080469224241185], [-70.88174589055556, 43.08033293999144], [-70.8819236500843, 43.08019665547723], [-70.88221301693706, 43.07999185514313], [-70.88255563465336, 43.079669486778506], [-70.88285330040817, 43.07936452752192], [-70.88307268529213, 43.079102531309935], [-70.88340826856361, 43.07892197212284], [-70.8837135851092, 43.07886693422898], [-70.88377723735087, 43.078895892212664], [-70.88372844674576, 43.07896604299634], [-70.88376791916238, 43.07906674732697], [-70.88392924159214, 43.07910676546609], [-70.88380722706563, 43.07916211910804], [-70.8836696852402, 43.079185721338455], [-70.88360765455474, 43.07929876572128], [-70.88358166512276, 43.079400547057894], [-70.88375851550717, 43.07947231671506], [-70.88372770369021, 43.079654193526316], [-70.88367212916727, 43.07974045901385], [-70.88352878292652, 43.07981216663228], [-70.883452041089, 43.079920118796196], [-70.88339924435996, 43.080097023129376], [-70.88341705864663, 43.08020341757671], [-70.88329520485148, 43.08026410236453], [-70.88315201906909, 43.08034114120881], [-70.88301872101133, 43.08050336748611], [-70.88324681672701, 43.08058496306688], [-70.88314825279573, 43.080693274260405], [-70.88302786777867, 43.080801943656496], [-70.8826973624604, 43.080940743812924], [-70.88234718646373, 43.0811798864895], [-70.8820821128849, 43.08152464978697], [-70.88160708648964, 43.08177151170878], [-70.88138532239213, 43.0820008708779], [-70.88115566777718, 43.08206165948992], [-70.88083290757082, 43.08197828180273], [-70.88049025477278, 43.081930042092914], [-70.8804887503064, 43.08192905110198], [-70.8801975819335, 43.08173738221151], [-70.88055721231959, 43.081613949634075], [-70.88091995770185, 43.08159231695031], [-70.88123384100145, 43.08172034575073], [-70.88110889686625, 43.081479523965356], [-70.88123493745141, 43.081406938776134], [-70.88140994056567, 43.081537250881546], [-70.88149037111266, 43.08137139911014], [-70.88142028007185, 43.08117668412438]]]}, "properties": {"Hectares": 8.44684379046, "Acres": 20.87258711807, "Year": "2024", "Name": "Sparse Eelgrass < 10%", "Confidence": "M", "Notes": "UAV and GoPro Imagery Used", "Type": 0, "LABEL": "Great Bay"}}, {"type": "Feature", "geometry": {"type": "Polygon", "coordinates": [[[-70.86873180746825, 43.08715155683935], [-70.86872061123997, 43.0870012195051], [-70.86849459941624, 43.086975778373755], [-70.86828360097468, 43.087008357498775], [-70.86815338654701, 43.08708331643123], [-70.8680097815078, 43.08715363838521], [-70.86786955233394, 43.08711708422519], [-70.86780686232127, 43.087016142498825], [-70.86805567148394, 43.08691982542756], [-70.86877250978426, 43.08652938901502], [-70.86905750087297, 43.08631594688492], [-70.87002841943402, 43.085785397236826], [-70.87031254153622, 43.08576133036998], [-70.87034863462024, 43.085694552140446], [-70.87059329990124, 43.08563604869709], [-70.87091481399128, 43.0856061652902], [-70.87108956114558, 43.085607814587306], [-70.8713601439615, 43.08557425558628], [-70.87196016026618, 43.085481895193396], [-70.87242967326357, 43.08545478920104], [-70.87284621632928, 43.0854285484981], [-70.87322773010752, 43.08533975849366], [-70.87367811757133, 43.08533723801397], [-70.87402874347806, 43.08532178362038], [-70.87443293053897, 43.08532487250344], [-70.87461303424611, 43.085365620692976], [-70.87469796569331, 43.08554388206581], [-70.87479880493231, 43.08580928150385], [-70.87471202960548, 43.086004923253604], [-70.87454491046404, 43.086172748571926], [-70.8743063972419, 43.08617180123617], [-70.87419734907796, 43.08607162256553], [-70.87416790409146, 43.085974995150565], [-70.87425897330594, 43.085920092704086], [-70.87425645719695, 43.08583759057712], [-70.87414256447515, 43.085795757116465], [-70.8740853414086, 43.08587438244807], [-70.87386021974457, 43.085878070281765], [-70.87371129757382, 43.08577368879857], [-70.87361301502456, 43.08580928698799], [-70.8736891035863, 43.08591486156621], [-70.87349949632632, 43.086045342336035], [-70.87328043922723, 43.08608120169459], [-70.87303774306714, 43.08606148212475], [-70.87283836610708, 43.0860404689611], [-70.87253878335041, 43.08599196281056], [-70.87199465864904, 43.08596202434597], [-70.87169492906179, 43.085908662891754], [-70.87138432197659, 43.08593316646213], [-70.87112257524024, 43.08603941337038], [-70.87090547581461, 43.08628923470577], [-70.87084042677267, 43.08656356560367], [-70.87070536792967, 43.08669687256054], [-70.87055809985826, 43.086864367436796], [-70.87036578381269, 43.08704571121894], [-70.87015856739394, 43.087142003221864], [-70.86995623377994, 43.087179538695544], [-70.86972596387716, 43.087175968011046], [-70.86956844752882, 43.08715164909253], [-70.86912497831152, 43.08722767678767], [-70.86881436330835, 43.087252173517285], [-70.86873180746825, 43.08715155683935]]]}, "properties": {"Hectares": 4.36795585669, "Acres": 10.79344444011, "Year": "2024", "Name": "Eelgrass", "Confidence": "M", "Notes": "UAV and GoPro Imagery Used - Medium Confidence becuase of poor imagery and glare.", "Type": 1, "LABEL": "Great Bay"}}, {"type": "Feature", "geometry": {"type": "Polygon", "coordinates": [[[-70.84910630411935, 43.057199106325484], [-70.84908585793616, 43.05718856043423], [-70.84905655834815, 43.05720068723594], [-70.84901587605316, 43.05718658398264], [-70.84901435036036, 43.057171070984026], [-70.84901654688146, 43.057138406403226], [-70.84904610317902, 43.05713482117432], [-70.84901706900575, 43.057120529658654], [-70.84906708009028, 43.05709253045983], [-70.84911405442402, 43.057069241619395], [-70.84919049160192, 43.05703926147255], [-70.84924402086135, 43.05705781830171], [-70.84924253325414, 43.057078818185], [-70.84920449711018, 43.057117500260595], [-70.8491846258846, 43.057161326893585], [-70.84918489740127, 43.05720560482756], [-70.84917632412053, 43.0572375955995], [-70.84914725793324, 43.057257487480165], [-70.8491160505499, 43.057276637078736], [-70.84908028071557, 43.05728498405095], [-70.84910775119869, 43.057247249673125], [-70.8491073310786, 43.05723327257224], [-70.84910630411935, 43.057199106325484]]]}, "properties": {"Hectares": 0.02562694522, "Acres": 0.06332550476, "Year": "2024", "Name": "Eelgrass", "Confidence": "H", "Notes": "UAV and GoPro Imagery Used", "Type": 1, "LABEL": "Great Bay"}}, {"type": "Feature", "geometry": {"type": "Polygon", "coordinates": [[[-70.84879399371341, 43.057332078447004], [-70.84883473104733, 43.0573105565622], [-70.84882839964088, 43.05735807604714], [-70.84887308964281, 43.0573820107506], [-70.8489000247447, 43.057417612496906], [-70.84890639176695, 43.05745734001711], [-70.84885238621719, 43.0574676962323], [-70.84880636432064, 43.05748551015024], [-70.84878653683964, 43.05751428086617], [-70.8487602284526, 43.057499532518364], [-70.84872380692393, 43.057492534335715], [-70.8487205949828, 43.05747172268694], [-70.84876133243397, 43.057450200826445], [-70.84878017925637, 43.05742247675901], [-70.84878610252973, 43.05741376349497], [-70.84876439497688, 43.05737997393114], [-70.84879399371341, 43.057332078447004]]]}, "properties": {"Hectares": 0.01566583404, "Acres": 0.03871108475, "Year": "2024", "Name": "Eelgrass", "Confidence": "H", "Notes": "UAV and GoPro Imagery Used", "Type": 1, "LABEL": "Great Bay"}}, {"type": "Feature", "geometry": {"type": "Polygon", "coordinates": [[[-70.84826140707612, 43.06148919115387], [-70.84802545263088, 43.06142941158799], [-70.84777426233202, 43.06143982808613], [-70.84761498687863, 43.061334295231745], [-70.84756839976323, 43.06122694233122], [-70.84748675789608, 43.061107437243464], [-70.84750799000012, 43.06094811601269], [-70.84765229551738, 43.06084403936878], [-70.8478946242345, 43.06082740714613], [-70.84811381266107, 43.06090653524214], [-70.8482361229797, 43.06093635499658], [-70.8484656995411, 43.061072546793625], [-70.84864154817211, 43.061152374125015], [-70.84866136809615, 43.061234722590314], [-70.84869967087606, 43.06135492717913], [-70.84852955206699, 43.06146578136453], [-70.84826140707612, 43.06148919115387]]]}, "properties": {"Hectares": 0.50754683302, "Acres": 1.25417442911, "Year": "2024", "Name": "Eelgrass", "Confidence": "H", "Notes": "UAV and GoPro Imagery Used", "Type": 1, "LABEL": "Great Bay"}}, {"type": "Feature", "geometry": {"type": "Polygon", "coordinates": [[[-70.83808945549424, 43.06082384247321], [-70.8380384820309, 43.0607432644883], [-70.83799307586384, 43.06061681125062], [-70.83786131842479, 43.06061892797225], [-70.83760802695774, 43.06050090131584], [-70.83763707930892, 43.06031220419834], [-70.83770247526783, 43.0601788836848], [-70.8377472192522, 43.060050982190646], [-70.83799747036873, 43.06006731119864], [-70.83812396348738, 43.06012123931358], [-70.83827050068255, 43.0601494086663], [-70.8384116231625, 43.06022853794047], [-70.83855244203728, 43.06029749729838], [-70.83870019579528, 43.060366345023695], [-70.83872299499741, 43.06037142667189], [-70.83876805901585, 43.060379101090874], [-70.83883103816305, 43.06039387626958], [-70.83884979177682, 43.06043873126671], [-70.83890276725833, 43.06048856464602], [-70.83899410616384, 43.060578292445335], [-70.83904620947348, 43.060653013396], [-70.83900400947232, 43.06072887469152], [-70.83891957324963, 43.060870047629834], [-70.83865328787712, 43.060886004475776], [-70.83857503110927, 43.06082112714492], [-70.83845547076838, 43.06076708813046], [-70.83842216545617, 43.06081340912276], [-70.83847931420873, 43.06086845115087], [-70.83863324395234, 43.060911763158764], [-70.8387319267093, 43.060942713125606], [-70.83884280300948, 43.060959268133914], [-70.83899627715195, 43.06098732504721], [-70.83901875334736, 43.06104292414671], [-70.83886801528878, 43.06110639484732], [-70.83859893169445, 43.06115650543681], [-70.83835363505932, 43.06107396312792], [-70.83808692734547, 43.06097141506086], [-70.83808945549424, 43.06082384247321]]]}, "properties": {"Hectares": 0.82693465142, "Acres": 2.04339821842, "Year": "2024", "Name": "Eelgrass", "Confidence": "H", "Notes": "UAV and GoPro Imagery Used", "Type": 1, "LABEL": "Great Bay"}}, {"type": "Feature", "geometry": {"type": "Polygon", "coordinates": [[[-70.8360699728704, 43.06359269884303], [-70.83608406996875, 43.063366801259015], [-70.83608916990019, 43.063140978605325], [-70.83589591553417, 43.063013844956835], [-70.83573229021323, 43.063085929346975], [-70.83565798846816, 43.06337363876143], [-70.83553418351087, 43.063669088250236], [-70.83542334822612, 43.06344686215923], [-70.83554551135845, 43.06317574967122], [-70.83554802343438, 43.0628631451587], [-70.83561541054341, 43.062740511191016], [-70.8359226148568, 43.0627182169614], [-70.8362210923821, 43.06280025004662], [-70.83646704642285, 43.06270947871846], [-70.83661572482528, 43.06253344516198], [-70.83669805455611, 43.06251475874122], [-70.83702642349775, 43.06280468596414], [-70.83722149400658, 43.06299256490617], [-70.83753941514888, 43.06326237646299], [-70.83767392574585, 43.063300224089], [-70.83779830833797, 43.06340491461026], [-70.83769109012312, 43.06346887193906], [-70.83739982007263, 43.0634602142637], [-70.83723232433209, 43.06355979311617], [-70.83697103186304, 43.0635159990605], [-70.83690299810117, 43.063578661908046], [-70.83693405382951, 43.06369885244762], [-70.83678451226687, 43.06396975304875], [-70.83679824201198, 43.06410467145452], [-70.83684190866322, 43.06426755947645], [-70.83676681860699, 43.06451414876826], [-70.83683100938423, 43.06482474212753], [-70.83683395811572, 43.065097152447194], [-70.8369461214772, 43.06519084584528], [-70.83693043362086, 43.06532441184348], [-70.83683133362719, 43.065380739282475], [-70.83663708214803, 43.06537564755654], [-70.83646275799364, 43.06531391369618], [-70.83636406292541, 43.06511718121906], [-70.83609897297227, 43.064970293969985], [-70.83593053721503, 43.06460847793087], [-70.8359087350844, 43.064284316780224], [-70.83598570690656, 43.06381631906236], [-70.8360699728704, 43.06359269884303]]]}, "properties": {"Hectares": 2.51724026832, "Acres": 6.22023066853, "Year": "2024", "Name": "Widgeon Grass", "Confidence": "L", "Notes": "GoPro and Satellite Imagery Used - Low Confidence becuase of no UAV Imagery or Ground Truth Points to Verify", "Type": 3, "LABEL": "Great Bay"}}, {"type": "Feature", "geometry": {"type": "Polygon", "coordinates": [[[-70.83789209609893, 43.06377059441025], [-70.83795527152196, 43.0637240590209], [-70.83807468503073, 43.06373124459351], [-70.83820127294727, 43.06372921067415], [-70.83823736241123, 43.063690393610194], [-70.83809021059642, 43.06366908733242], [-70.83801735910173, 43.06364112471154], [-70.83812736805582, 43.063582911872025], [-70.838186612343, 43.063571035061095], [-70.83827942950104, 43.063602318394445], [-70.83841455144923, 43.063636563472464], [-70.83848756631424, 43.06366998566858], [-70.83850767519519, 43.063697056065514], [-70.83846891449124, 43.0637230395515], [-70.83839253597732, 43.06374051782562], [-70.83833898152233, 43.063749270236585], [-70.83833474137086, 43.06372090325169], [-70.83827098976988, 43.063735373729216], [-70.83814775422407, 43.06376648695155], [-70.83808408940132, 43.06379664294715], [-70.83810042776123, 43.063837101437976], [-70.8380739521106, 43.0638848200681], [-70.83803391815559, 43.06393329294185], [-70.83800975432058, 43.06393033272812], [-70.83795029214609, 43.0638898334634], [-70.83791066738227, 43.063810354057345], [-70.83789209609893, 43.06377059441025]]]}, "properties": {"Hectares": 0.07281931829, "Acres": 0.17994029516, "Year": "2024", "Name": "Eelgrass", "Confidence": "H", "Notes": "UAV and GoPro Imagery Used", "Type": 1, "LABEL": "Great Bay"}}, {"type": "Feature", "geometry": {"type": "Polygon", "coordinates": [[[-70.83435883555109, 43.0608935077748], [-70.83416368086672, 43.060698622646214], [-70.83411518882723, 43.06061917912697], [-70.83385705863518, 43.06061704920197], [-70.83368304685065, 43.060399206338445], [-70.83349255228315, 43.06031335226051], [-70.83362387526581, 43.06024456714063], [-70.83371331114179, 43.0601942347011], [-70.83358208785354, 43.060062977128105], [-70.83369943686719, 43.05993218084277], [-70.83378241536947, 43.05986861576809], [-70.8335932467804, 43.059827194195], [-70.83374142251151, 43.0597136852292], [-70.83384218169661, 43.0596364990272], [-70.83397691289656, 43.05947875166003], [-70.83391300676122, 43.05936864209175], [-70.83364572921417, 43.05935069947168], [-70.83366731801488, 43.05926144623802], [-70.83375042812277, 43.059202324433045], [-70.83404141284318, 43.05920210531486], [-70.8339402231698, 43.05906147592754], [-70.83403355109125, 43.058936789973764], [-70.83392306771597, 43.05887483240641], [-70.8338107480981, 43.058734594687294], [-70.83376414382325, 43.0586964447997], [-70.83383525000298, 43.05853971739562], [-70.83391409558519, 43.05838842258252], [-70.83403147392511, 43.05825873680136], [-70.83412928036823, 43.05829569231171], [-70.83405790809972, 43.05819213938132], [-70.83398857073844, 43.05815683453296], [-70.8340590169164, 43.05803880553941], [-70.83435037260637, 43.058025799286966], [-70.83481338842901, 43.05805171460415], [-70.8352521909226, 43.05802800616011], [-70.83553032823981, 43.05820691514213], [-70.83592009061343, 43.05831735176045], [-70.8362276989505, 43.05846800258103], [-70.83621652942718, 43.05860154267444], [-70.83597117147055, 43.05850545985389], [-70.83596906745322, 43.05868886474569], [-70.83629989784562, 43.05885581278783], [-70.83645718563388, 43.05904777256782], [-70.83675097711752, 43.05924309734446], [-70.83703354717017, 43.05931635414594], [-70.8369227524961, 43.059412597068366], [-70.8366656972478, 43.059406099766875], [-70.83648821418244, 43.059309372915685], [-70.8362305664006, 43.05925660794746], [-70.8360268719008, 43.05919159641201], [-70.83579738950125, 43.05917251881238], [-70.83562296326093, 43.05917816265971], [-70.83551058538687, 43.0591828107475], [-70.83549003244242, 43.05927418147765], [-70.83549368102298, 43.05939645925287], [-70.83548889472443, 43.05949611211074], [-70.8352790560613, 43.05948525340108], [-70.83537838286779, 43.05956332080154], [-70.83550259044358, 43.05969504450582], [-70.83548263130353, 43.05980632091296], [-70.835636537074, 43.05986666449818], [-70.83581783519543, 43.05996933267866], [-70.83602665318169, 43.06011045581161], [-70.83619907919442, 43.06013065142], [-70.8361993306372, 43.060305446031016], [-70.83608533362232, 43.060391020887984], [-70.83578167125587, 43.06028108816114], [-70.83553055582267, 43.06024622051622], [-70.83590051089223, 43.06052691923192], [-70.83571160205231, 43.06056858611506], [-70.83546458974419, 43.060575124137436], [-70.83517013292067, 43.0603575799765], [-70.83492543213544, 43.060283711207255], [-70.83544651310977, 43.06078728886654], [-70.83511508130468, 43.0607516461985], [-70.83479671532315, 43.06096419081845], [-70.83435883555109, 43.0608935077748]]]}, "properties": {"Hectares": 5.04406319038, "Acres": 12.46414056919, "Year": "2024", "Name": "Widgeon Grass", "Confidence": "L", "Notes": "GoPro and Satellite Imagery Used - Low Confidence becuase of no UAV Imagery or Ground Truth Points to Verify", "Type": 3, "LABEL": "Great Bay"}}, {"type": "Feature", "geometry": {"type": "Polygon", "coordinates": [[[-70.83557204448992, 43.062230558717566], [-70.83550680227901, 43.062124632393854], [-70.83535194536591, 43.062136220934015], [-70.83539914266235, 43.062053526902545], [-70.83544362443594, 43.06187983547763], [-70.83532113136485, 43.061831728125654], [-70.83534181106612, 43.061692558931206], [-70.8352806226853, 43.061618431763435], [-70.8352350829058, 43.06154860557872], [-70.83535397766109, 43.06147614150042], [-70.83523214447422, 43.06134608660792], [-70.83515456160671, 43.0612426340535], [-70.83528412098858, 43.06121551944867], [-70.83545380938081, 43.061180932816065], [-70.83556341592976, 43.06121331462774], [-70.83567127790232, 43.061291244801], [-70.83559468556125, 43.06142903516549], [-70.83568816891643, 43.061441191336414], [-70.83579514879239, 43.061489547235446], [-70.8359247293263, 43.06156712865153], [-70.83592379964657, 43.061639976325246], [-70.83582256997893, 43.061680293194875], [-70.83584680007272, 43.06176411724482], [-70.83575528518386, 43.061817934300954], [-70.83579604650039, 43.06193563344524], [-70.83581608772556, 43.06198310834055], [-70.83593561471486, 43.06203581480575], [-70.8359724591037, 43.06212626445984], [-70.83600275892884, 43.06220543901451], [-70.83615297269289, 43.06224627265125], [-70.83622602975066, 43.0623020006572], [-70.83634542186725, 43.06235015680713], [-70.8364221251811, 43.062424034344026], [-70.83647994146766, 43.062489110924666], [-70.83646302405543, 43.06254628307356], [-70.83642794466563, 43.062514981857156], [-70.83622086481503, 43.062440920976314], [-70.83612642908412, 43.062396916206254], [-70.83601337801126, 43.06235321010954], [-70.83591287321171, 43.06231385460843], [-70.83571005143344, 43.06227841686146], [-70.83557204448992, 43.062230558717566]]]}, "properties": {"Hectares": 0.51743008082, "Acres": 1.2785964447, "Year": "2024", "Name": "Widgeon Grass", "Confidence": "L", "Notes": "GoPro and Satellite Imagery Used - Low Confidence becuase of no UAV Imagery or Ground Truth Points to Verify", "Type": 3, "LABEL": "Great Bay"}}, {"type": "Feature", "geometry": {"type": "Polygon", "coordinates": [[[-70.85288174788242, 43.069909578803745], [-70.85288774475761, 43.06976544901139], [-70.85291692266162, 43.069704331094975], [-70.8527692675659, 43.06960817386242], [-70.85264761167332, 43.069570869287794], [-70.85260681678444, 43.06954882639102], [-70.85260355145155, 43.06951623702962], [-70.85264068450965, 43.06945864291029], [-70.85265200561692, 43.06940102231306], [-70.85266814249958, 43.06938189305087], [-70.8527171396137, 43.06936151817581], [-70.8529564282636, 43.06933772576308], [-70.85297910652082, 43.069322087087365], [-70.85296564638118, 43.06929350001045], [-70.85283984569337, 43.069205255442405], [-70.85281289241686, 43.06913303003345], [-70.85282779523959, 43.06910233047512], [-70.85287244286965, 43.069093441218946], [-70.85297122887837, 43.06910457880357], [-70.85300822955783, 43.06895994680875], [-70.85309815210945, 43.06894728266953], [-70.85318810438612, 43.06897330060689], [-70.85321606478885, 43.068994483544024], [-70.85318939928752, 43.06913894818407], [-70.85323403499133, 43.0691923041157], [-70.85326952538942, 43.06920625444878], [-70.85331566814928, 43.06920614177945], [-70.85340734155469, 43.06916574017637], [-70.85354811618241, 43.06920121257234], [-70.85358570038343, 43.06922587410132], [-70.85358196428578, 43.069281645189434], [-70.85356830036437, 43.06936022971044], [-70.85360250215383, 43.06946580488902], [-70.85356942907781, 43.06953326059259], [-70.85353413949372, 43.06954792154399], [-70.85349063346725, 43.06955360592394], [-70.85332506222835, 43.0695233645033], [-70.8533059912293, 43.06957673812479], [-70.85338641434532, 43.06961898661727], [-70.85338061839259, 43.06965133579681], [-70.85324923475673, 43.06975201290599], [-70.85316632794797, 43.06974577527041], [-70.85315393803276, 43.0696777499735], [-70.85308912198619, 43.06980460674578], [-70.85307534457232, 43.06981464060462], [-70.85304731787357, 43.069812454499846], [-70.85300173690324, 43.06978339671905], [-70.85297140611348, 43.0697778410198], [-70.85296827557856, 43.0698007376443], [-70.85298441126022, 43.06988517397727], [-70.85299775937271, 43.069936827580136], [-70.85298936705296, 43.069966730823595], [-70.85294581178864, 43.06997676717618], [-70.85288174788242, 43.069909578803745]]]}, "properties": {"Hectares": 0.43865146756, "Acres": 1.08393042398, "Year": "2024", "Name": "Eelgrass", "Confidence": "H", "Notes": "UAV and GoPro Imagery Used", "Type": 1, "LABEL": "Great Bay"}}, {"type": "Feature", "geometry": {"type": "Polygon", "coordinates": [[[-70.83832463506376, 43.05904499946693], [-70.83825109809881, 43.05896152823665], [-70.83825764017618, 43.0588832820239], [-70.83809689906639, 43.05885330592849], [-70.83801111819626, 43.0588058459279], [-70.83804290559185, 43.058711613957065], [-70.8380744969234, 43.05854390525993], [-70.83820265059755, 43.05849276554966], [-70.83828590956831, 43.05847915758125], [-70.83832395235041, 43.058541534003716], [-70.83837110412739, 43.058611946021905], [-70.83839871113258, 43.05870078363111], [-70.83850416735106, 43.05865514757461], [-70.83863156754722, 43.05858986594876], [-70.83866543900969, 43.05866851263298], [-70.8386856038544, 43.058753891355614], [-70.83877040752634, 43.058806668210515], [-70.83887691982368, 43.05880495623127], [-70.8389497393358, 43.05871587701051], [-70.83898822208505, 43.05866642024174], [-70.83909800462017, 43.05862558494206], [-70.83917374248458, 43.058634135032776], [-70.83918602387857, 43.05874789335719], [-70.83927643815771, 43.05880178974098], [-70.83938978296537, 43.058731593981314], [-70.83931961262354, 43.05861225463987], [-70.839367846753, 43.05859194387671], [-70.83948932694709, 43.058645340617204], [-70.83969454545368, 43.05867785541609], [-70.83966108521257, 43.05874676693048], [-70.83971648244305, 43.05881750544179], [-70.8397229643, 43.0588857746618], [-70.83964991199797, 43.05895662970324], [-70.83962429616685, 43.05900131705089], [-70.83968087706599, 43.05903625404234], [-70.83963473297926, 43.059104727353215], [-70.83955344846012, 43.05911375814442], [-70.83925998889556, 43.05899415104458], [-70.83919429420796, 43.059024510100805], [-70.83915341661343, 43.059142378888616], [-70.83916628189168, 43.05927566309109], [-70.83913437749746, 43.059396643492406], [-70.83904322148763, 43.05946648231211], [-70.83884939582339, 43.059518439113546], [-70.83879447293498, 43.05946397347681], [-70.83871762248202, 43.059431004402676], [-70.83864423316378, 43.0594040651566], [-70.83860704568656, 43.059339733574966], [-70.83856348522379, 43.05926229254664], [-70.83851579823364, 43.059201465621896], [-70.83836433285482, 43.05916143899871], [-70.83829020762083, 43.05912092281927], [-70.83832463506376, 43.05904499946693]]]}, "properties": {"Hectares": 0.78872269078, "Acres": 1.94897449079, "Year": "2024", "Name": "Eelgrass", "Confidence": "H", "Notes": "UAV and GoPro Imagery Used", "Type": 1, "LABEL": "Great Bay"}}, {"type": "Feature", "geometry": {"type": "Polygon", "coordinates": [[[-70.8400260499624, 43.05939837131669], [-70.8399079868717, 43.05936532038561], [-70.8397912545602, 43.05938516913833], [-70.83976087768863, 43.05936391696026], [-70.8397136594189, 43.05932885402292], [-70.83977674498865, 43.059252824093114], [-70.8397779657599, 43.059198626641916], [-70.83976208218766, 43.05914262048908], [-70.83975774687475, 43.059092679910655], [-70.83982485605058, 43.05905617673209], [-70.8398860352957, 43.0590114338321], [-70.8399442748293, 43.05905842372138], [-70.83997954254107, 43.05909744799374], [-70.8400638182136, 43.059064836106515], [-70.84008079793965, 43.05906247924241], [-70.84008335229626, 43.059147872412204], [-70.84013485226552, 43.05915954664375], [-70.8401271778856, 43.0590929896891], [-70.84010779225082, 43.059026719443956], [-70.84013693040887, 43.05900695864908], [-70.84027887944663, 43.058981155997834], [-70.84031712336783, 43.059065139968546], [-70.84034810039653, 43.059113843209886], [-70.84035984502991, 43.05919059541481], [-70.84033227953988, 43.05925352536666], [-70.84027902687531, 43.059313923312985], [-70.84022081072038, 43.05936512555201], [-70.84013601605557, 43.059380398780185], [-70.8400260499624, 43.05939837131669]]]}, "properties": {"Hectares": 0.16808948119, "Acres": 0.41535778651, "Year": "2024", "Name": "Eelgrass", "Confidence": "H", "Notes": "UAV and GoPro Imagery Used", "Type": 1, "LABEL": "Great Bay"}}, {"type": "Feature", "geometry": {"type": "Polygon", "coordinates": [[[-70.88249886662742, 43.06095916645934], [-70.8825553400401, 43.06090275918567], [-70.88263890388647, 43.06087577883432], [-70.88258504920779, 43.06082758840149], [-70.88246883897912, 43.060833768227084], [-70.88242093203917, 43.060789747383524], [-70.88233612817321, 43.06077620637737], [-70.88222864356007, 43.06078224238915], [-70.88216910276793, 43.060738412848174], [-70.8821650195933, 43.06070007219199], [-70.88206302584273, 43.0606953488679], [-70.88201162350697, 43.0606321814376], [-70.88197548158864, 43.0605922343961], [-70.88188776957459, 43.0605787408967], [-70.88177090727197, 43.060563593052336], [-70.88172107117758, 43.06055161017366], [-70.88163612839358, 43.06047405787182], [-70.88166287369087, 43.06045654782296], [-70.88171669990942, 43.06040871957383], [-70.88169160513692, 43.06034938681457], [-70.88157500426334, 43.060342769543], [-70.88139882527997, 43.06038620864267], [-70.88131363080097, 43.06035987068668], [-70.88130598741355, 43.06030025085559], [-70.88135631822168, 43.06023327633676], [-70.88125501608842, 43.060155992776615], [-70.88113795906025, 43.06013444617746], [-70.8811165825647, 43.06019667697003], [-70.8811162177047, 43.06027989995219], [-70.88103641029285, 43.06033455642195], [-70.88087889487872, 43.06032220985841], [-70.88083821508165, 43.060228992840116], [-70.88090224102399, 43.06013405436698], [-70.88086544799474, 43.060072779985376], [-70.88082270765233, 43.06000733583025], [-70.8808287594581, 43.05991975181037], [-70.88091954830269, 43.05984357724471], [-70.8809007279781, 43.05979907752648], [-70.88094181171952, 43.05971518506503], [-70.8808537751069, 43.05969102725877], [-70.88097694799166, 43.0596271228375], [-70.88083338983559, 43.0595953428006], [-70.88083666356663, 43.05951207198595], [-70.88085660550156, 43.059402921904415], [-70.88094565896084, 43.05936518368867], [-70.88097686936538, 43.05933906530823], [-70.88102824324537, 43.05930621408055], [-70.8811145836662, 43.05927492164902], [-70.88120170666241, 43.05926922151314], [-70.8813285042778, 43.059228728567646], [-70.88143572537868, 43.059214162664475], [-70.88156389264284, 43.05921845608421], [-70.88168029566386, 43.05921867532052], [-70.88171369648394, 43.05916904925131], [-70.88182176554115, 43.05918220803707], [-70.88197650022586, 43.05919886659299], [-70.88204437318277, 43.05922975656125], [-70.88213074095077, 43.05929448251989], [-70.88220015214445, 43.05928053793863], [-70.88225462952457, 43.05925403640792], [-70.88238900536682, 43.05927102936641], [-70.88253779297293, 43.05928351747745], [-70.88266919522663, 43.059298425268935], [-70.8826883430238, 43.059353588152405], [-70.88263697001807, 43.05938644010947], [-70.8825201751018, 43.05937342568319], [-70.88257958424165, 43.05941298968182], [-70.88267105172443, 43.05945415985024], [-70.88270461130986, 43.059504818021274], [-70.88264967700255, 43.05951639090262], [-70.88262091879189, 43.05952753300151], [-70.88257477509212, 43.05954109495545], [-70.88248448234819, 43.05953831322087], [-70.88247200004726, 43.05951077962069], [-70.8824140919646, 43.05952026755307], [-70.88240896451424, 43.05944780377839], [-70.8823357310641, 43.05943193861147], [-70.88230204129958, 43.05937701493463], [-70.88226210609504, 43.05940327722538], [-70.88227769251223, 43.059437161083565], [-70.88224073097257, 43.05946550820937], [-70.88233419310785, 43.059476773064425], [-70.88233200253185, 43.05950028056575], [-70.88228870198164, 43.05951166185519], [-70.88230229363678, 43.059575451294506], [-70.88228000485702, 43.059607824552415], [-70.88219785008927, 43.05958570477526], [-70.88216190445904, 43.0595521558623], [-70.88213049869913, 43.05957187647168], [-70.88199282229634, 43.05954213489446], [-70.88186491532666, 43.059546372751576], [-70.8817724317956, 43.0595670979506], [-70.88183978310734, 43.059580926466644], [-70.88188451921803, 43.059616464649125], [-70.88185040060677, 43.059642631114166], [-70.8818661826026, 43.059682913117136], [-70.88191856101494, 43.059709534444536], [-70.88191914563706, 43.059728643396774], [-70.88193872029494, 43.05975973046865], [-70.88199684193671, 43.05977243045971], [-70.88205885349177, 43.0597905288754], [-70.88207280221097, 43.05982034286554], [-70.88198573296458, 43.05983543136529], [-70.88189245302826, 43.05983013778281], [-70.88181605117938, 43.05982866333108], [-70.88171325537782, 43.059816698069575], [-70.88162382358757, 43.05981543780857], [-70.88156289765172, 43.05983282721591], [-70.88156745552024, 43.05986006449446], [-70.8816391499436, 43.059890294391835], [-70.88161810716704, 43.05993297446764], [-70.88157198902545, 43.05994738910438], [-70.88152156350385, 43.059942755995436], [-70.88148565365591, 43.05992559362772], [-70.88149058724476, 43.05996511523837], [-70.88153055397694, 43.05999313577864], [-70.88155751512262, 43.059961283276905], [-70.88160020268884, 43.0599564843541], [-70.88165144582518, 43.05992696367891], [-70.88169388283492, 43.059913975169884], [-70.88170634577155, 43.05995610415128], [-70.8816825647616, 43.05997015142451], [-70.8817056952211, 43.05999571760112], [-70.88167877589278, 43.06002893506169], [-70.88173415945579, 43.0600130023684], [-70.88173865810751, 43.0599774224593], [-70.88176760583058, 43.05994963406813], [-70.88178197200934, 43.059993097347025], [-70.88181395033608, 43.06000349623132], [-70.88184839880289, 43.05997288611304], [-70.88188679657996, 43.06001049162102], [-70.88185718075913, 43.0600164412395], [-70.88180146317443, 43.060021454590355], [-70.8817968810438, 43.0600543046507], [-70.88184912634568, 43.06005754209136], [-70.88191526087093, 43.06002777634208], [-70.88194830722932, 43.060012210991], [-70.88193144684412, 43.06006984405361], [-70.88190431881375, 43.060096236939856], [-70.88192558798158, 43.06012183368927], [-70.88197277414669, 43.06008145471239], [-70.88201916678332, 43.06001514214186], [-70.88218590177532, 43.05998645244251], [-70.88227319810208, 43.06003964065468], [-70.88238873198418, 43.06004183653305], [-70.88249688024159, 43.06010697197758], [-70.88260185091931, 43.06011676697383], [-70.88270560619134, 43.06017907258498], [-70.88281348688784, 43.06025731346989], [-70.88292741501543, 43.06029544655594], [-70.88301393533044, 43.06027001759642], [-70.88311760965718, 43.06032965695209], [-70.88322238963717, 43.06030659447978], [-70.88336066216225, 43.06042700991655], [-70.8834469752341, 43.06051360688879], [-70.88353737614796, 43.06049611527746], [-70.88363320863685, 43.060537212796795], [-70.88368623006124, 43.06060568725689], [-70.88377850882613, 43.06064951037761], [-70.8838418659073, 43.060699144099026], [-70.8837373794259, 43.06073180426389], [-70.8836564635547, 43.060750206743926], [-70.88358874909099, 43.06081960225168], [-70.88352871513382, 43.06085473097185], [-70.88337391061937, 43.06083594191376], [-70.8832103806398, 43.06081729627951], [-70.88310394073558, 43.060857456211544], [-70.88306452726724, 43.060900780337235], [-70.8830023025716, 43.06095941629362], [-70.88288298777329, 43.06095924633523], [-70.88281014408807, 43.060956177676225], [-70.88272406335984, 43.060996002183714], [-70.88264308153934, 43.06101227126417], [-70.88250405964344, 43.06103376290185], [-70.88241389524302, 43.06103524654237], [-70.88244729639871, 43.06098562026644], [-70.88249886662742, 43.06095916645934]]]}, "properties": {"Hectares": 2.16890778057, "Acres": 5.35948310684, "Year": "2024", "Name": "Eelgrass", "Confidence": "H", "Notes": "UAV and GoPro Imagery Used", "Type": 1, "LABEL": "Great Bay"}}, {"type": "Feature", "geometry": {"type": "Polygon", "coordinates": [[[-70.88397272169858, 43.062855396881375], [-70.88388574152526, 43.06285216796385], [-70.88376977543679, 43.06287116894761], [-70.88369436168124, 43.06283045913373], [-70.88358177547471, 43.062821436554515], [-70.88344410635338, 43.062823703155885], [-70.88334177724701, 43.062803635135936], [-70.8834380632666, 43.06276475968073], [-70.88359191518049, 43.062737366445425], [-70.8836514342647, 43.06267423596914], [-70.88372746899618, 43.0625968496557], [-70.88381880501527, 43.06253474895212], [-70.88391047381845, 43.06248351903131], [-70.88405321165817, 43.06243921681238], [-70.88401789700697, 43.06239318552888], [-70.88408650562633, 43.062350104043105], [-70.88419866285746, 43.06234514933226], [-70.88430377549246, 43.062386923412355], [-70.88435655748722, 43.06244975828031], [-70.88446364563666, 43.062486838385546], [-70.88451445265272, 43.06255436699844], [-70.88454831595577, 43.062622174705716], [-70.88448639438546, 43.062676022649164], [-70.8844162862595, 43.06273932798149], [-70.88442299640536, 43.06282001308567], [-70.8843459155687, 43.062863234320645], [-70.88427509343445, 43.062903244893555], [-70.88419406185785, 43.06295585367081], [-70.88409870472063, 43.06295587040911], [-70.8840629843139, 43.06296578126496], [-70.88403452171698, 43.063005094064394], [-70.88398188225815, 43.06294691799279], [-70.88397272169858, 43.062855396881375]]]}, "properties": {"Hectares": 0.34014254125, "Acres": 0.84050978103, "Year": "2024", "Name": "Eelgrass", "Confidence": "H", "Notes": "UAV and GoPro Imagery Used", "Type": 1, "LABEL": "Great Bay"}}, {"type": "Feature", "geometry": {"type": "Polygon", "coordinates": [[[-70.89290369783392, 43.061951848007276], [-70.8928363486633, 43.06200478712704], [-70.89280307392222, 43.06201306222822], [-70.89273613469942, 43.06198988979086], [-70.89263445880371, 43.062004595431816], [-70.8925061542057, 43.06201974149782], [-70.89250264971817, 43.06190584400644], [-70.89249147059051, 43.06183114391802], [-70.8925872061654, 43.061767698620436], [-70.89277614132936, 43.061702711282834], [-70.89293137414171, 43.06169688696267], [-70.89304526198534, 43.06164616440646], [-70.89314503412355, 43.061569628364836], [-70.89322875654301, 43.0615487076443], [-70.89328675199064, 43.06155751547077], [-70.89334795294313, 43.06167045807236], [-70.89334855397425, 43.061689983348025], [-70.89331181667276, 43.061794779203005], [-70.8932107422441, 43.061829010624244], [-70.8931331912822, 43.061761920703276], [-70.89294919518655, 43.06184310625728], [-70.89290318031613, 43.06193503201087], [-70.89290369783392, 43.061951848007276]]]}, "properties": {"Hectares": 0.17364028669, "Acres": 0.42907411348, "Year": "2024", "Name": "Eelgrass", "Confidence": "H", "Notes": "UAV and GoPro Imagery Used", "Type": 1, "LABEL": "Great Bay"}}, {"type": "Feature", "geometry": {"type": "Polygon", "coordinates": [[[-70.711432199737, 43.06958639182667], [-70.71141536058933, 43.06955913485661], [-70.71137785486289, 43.06955969590108], [-70.7113385446959, 43.06959172263245], [-70.71134313743384, 43.06956414506317], [-70.71134417664575, 43.069505181940826], [-70.71132252618749, 43.06949764611886], [-70.71130787342116, 43.0695489531982], [-70.71128944850348, 43.06956101831439], [-70.7113114815862, 43.069582302853796], [-70.71127971640571, 43.06959653243257], [-70.71122378570877, 43.069609158538924], [-70.71117556401626, 43.06960987979949], [-70.71116692587984, 43.06958839488793], [-70.7111873739638, 43.069552720499885], [-70.71119431782189, 43.069513318254764], [-70.71115528085079, 43.06955516543359], [-70.71112832708818, 43.069549673814414], [-70.71112450041727, 43.06950846774368], [-70.71109574211467, 43.06953444181462], [-70.71106846046534, 43.06951716556964], [-70.711034891842, 43.069466579716774], [-70.71102734674947, 43.069484376832506], [-70.71104495079636, 43.06953913129046], [-70.71107808226515, 43.06957400432387], [-70.71103822543691, 43.06958638993576], [-70.71099213626196, 43.0695674300329], [-70.71093926703246, 43.06959376464962], [-70.71090126947152, 43.06957664861975], [-70.71085769539522, 43.06955175629252], [-70.71086748237529, 43.06951820630807], [-70.71090176265947, 43.06949804447336], [-70.71082620483674, 43.06947952519028], [-70.71077760075069, 43.069466497565884], [-70.71074725776461, 43.06943551258625], [-70.71076562811443, 43.069421483453695], [-70.7107516322, 43.069400078626465], [-70.71074578249508, 43.06938248182447], [-70.71074387011463, 43.069313738243615], [-70.71077301095008, 43.06930151297546], [-70.71082686356087, 43.06931053227785], [-70.71084638135044, 43.06933774927981], [-70.7108637119743, 43.06938268325957], [-70.7108995768743, 43.06941948038883], [-70.7109713080842, 43.069396793546], [-70.71097283947549, 43.06935550733807], [-70.71101023578952, 43.069351018224374], [-70.71107988905771, 43.06934997650266], [-70.7111418879721, 43.06936280365759], [-70.71118644673568, 43.06932676865067], [-70.71120437971902, 43.069297026634786], [-70.71113478116713, 43.06930003253312], [-70.71108874683145, 43.0692830367671], [-70.71106512795751, 43.06930107428729], [-70.7110254352467, 43.069319352198356], [-70.71095326697869, 43.06932632625676], [-70.71088115333666, 43.06933526437204], [-70.71086743061954, 43.06932368006994], [-70.71085059179525, 43.069296423010044], [-70.71080209713266, 43.069287323597834], [-70.71072435237785, 43.06928652122319], [-70.71067252312707, 43.069253892585536], [-70.71065710673847, 43.06918142108137], [-70.71070275841878, 43.06918466830794], [-70.71076503029228, 43.06920731618357], [-70.71081850032833, 43.069202586775255], [-70.71086109056492, 43.06919212528318], [-70.71090165755163, 43.069205273064576], [-70.71098809486243, 43.0692295243517], [-70.71102532715436, 43.0692191429281], [-70.71097918361552, 43.069198218911964], [-70.71094156880972, 43.0691948516054], [-70.7109755210131, 43.06916290513816], [-70.71102904563946, 43.06916013973447], [-70.71097994994882, 43.06912943527271], [-70.71097349909807, 43.06909023335847], [-70.71101647176252, 43.06909352052507], [-70.71110821222999, 43.069115727490896], [-70.71114795943758, 43.069099413655195], [-70.7110991369898, 43.06907852975459], [-70.71109268606966, 43.06903932784797], [-70.7111679701599, 43.069048026454404], [-70.71124604253845, 43.069060613144046], [-70.71127654954843, 43.06909749029773], [-70.71126113165077, 43.069121299947696], [-70.71126402923471, 43.06912911628399], [-70.71128327387393, 43.06914651270066], [-70.71128917836366, 43.06916607357541], [-70.71126812924632, 43.06918014286061], [-70.71131952148096, 43.069197058410325], [-70.71135188769217, 43.06920443394242], [-70.71139234546669, 43.06921365334445], [-70.71138501914577, 43.06923930688895], [-70.7113293074264, 43.06925978944856], [-70.7113219264164, 43.06928347888766], [-70.71138162895839, 43.06931009469761], [-70.71137528714844, 43.06927482101534], [-70.71139354798494, 43.06925686358149], [-70.71142301662475, 43.06925642276033], [-70.7114220873899, 43.06922303303223], [-70.71145412565511, 43.069218623925025], [-70.71147397166366, 43.06925762542566], [-70.71149556739086, 43.069263197118836], [-70.71150863424592, 43.06925121212517], [-70.71147271442642, 43.069212451088795], [-70.71148824158871, 43.06919256961489], [-70.71153651761063, 43.06919381232972], [-70.711562705936, 43.06917180643369], [-70.71152427116103, 43.06913897779563], [-70.71145150189304, 43.06912434704602], [-70.71145341559169, 43.069096809547126], [-70.71149250673832, 43.06905692637353], [-70.71151519611416, 43.069005499040294], [-70.7115446099674, 43.06900309408821], [-70.71152711454214, 43.06904854896756], [-70.71150109024403, 43.069076447160086], [-70.71152312321973, 43.069097731662175], [-70.71156024600668, 43.069083421864036], [-70.71156051933164, 43.069093242371764], [-70.71160048506484, 43.0690847847872], [-70.71166483475966, 43.069085786974064], [-70.7117052378293, 43.06909304216463], [-70.71174596893377, 43.069112081949086], [-70.71172809093665, 43.069143788146754], [-70.71167139538659, 43.06912891704463], [-70.71158780092355, 43.069110518501496], [-70.71156122997708, 43.06911877569205], [-70.711615301198, 43.06913565103037], [-70.71164280149507, 43.06916078355206], [-70.71168068965586, 43.06917397113484], [-70.71171037693134, 43.06918138664587], [-70.7117616052675, 43.06919240969085], [-70.71177456271113, 43.06917649646519], [-70.71179205798562, 43.0691310415515], [-70.71183798304364, 43.069144108831026], [-70.71183907652386, 43.06918339085611], [-70.71183978728718, 43.06920892417221], [-70.7118799717552, 43.06920832289439], [-70.71192529544332, 43.06919978502455], [-70.71189812307065, 43.069186437180235], [-70.7118629138207, 43.06917320958528], [-70.71189221838603, 43.06916687634034], [-70.71192977853978, 43.06916827923254], [-70.71192633410176, 43.06914082190298], [-70.71189599071248, 43.069109837233555], [-70.71192261628424, 43.06910354406724], [-70.71197154837702, 43.069128355813376], [-70.71199358153186, 43.06914964022155], [-70.71201512258514, 43.06915324771552], [-70.7119975727917, 43.069196738559334], [-70.71200079854816, 43.06921633948161], [-70.7120332195255, 43.06922567892036], [-70.71199883041365, 43.069241912883946], [-70.71198844262418, 43.06925385784369], [-70.71202124638, 43.069276945992804], [-70.71204721583942, 43.0692470835844], [-70.71205722084835, 43.06922138991246], [-70.71206471092945, 43.06920162863272], [-70.71211315101091, 43.06920876340674], [-70.71212353876851, 43.06919681843607], [-70.71218438933955, 43.069168398905944], [-70.71219291839463, 43.06918595553539], [-70.71215885745427, 43.06921397415143], [-70.71214087027654, 43.0692417522081], [-70.71216826146377, 43.06926295639675], [-70.71217952418057, 43.06928243703515], [-70.71216410659244, 43.06930624680083], [-70.7121488530453, 43.06933594886724], [-70.7121497826783, 43.06936933858197], [-70.71217203472312, 43.06939847935574], [-70.71219373993092, 43.06940797911667], [-70.71221555451837, 43.06942140707488], [-70.71217143378558, 43.06947315527942], [-70.71215623488798, 43.069504821447424], [-70.71213245219896, 43.069516966880926], [-70.71210604520549, 43.06953111650181], [-70.71211993224993, 43.06954859295254], [-70.71206422050989, 43.06956907586964], [-70.71200030774935, 43.06958378672399], [-70.7119620911956, 43.069558814647586], [-70.71196356724309, 43.06951556433781], [-70.71195454609912, 43.06948033078275], [-70.7119073633859, 43.06951837026976], [-70.71189145354717, 43.06952450309107], [-70.71193218499724, 43.069543542801895], [-70.7119138695612, 43.06955953621854], [-70.71192021171373, 43.06959480986349], [-70.71188609574953, 43.069620864301385], [-70.71185094092559, 43.069609600809], [-70.71179736128431, 43.06961040250197], [-70.71179151125986, 43.06959280575957], [-70.71182322164113, 43.06957661193961], [-70.71179583042706, 43.06955540766981], [-70.71177374251693, 43.06953215912505], [-70.71180818652401, 43.06951788932729], [-70.71183300809523, 43.0695430618816], [-70.71186920158605, 43.069495362261875], [-70.71187335667392, 43.0694520718661], [-70.71184787902675, 43.06940333010593], [-70.71186340611231, 43.06938344858299], [-70.71190402810608, 43.06939856010378], [-70.71195514729993, 43.069405654855785], [-70.71197362671677, 43.069395553736136], [-70.71201058553208, 43.06937535148813], [-70.71207449807491, 43.06936064063136], [-70.71204202233899, 43.069349337104896], [-70.71196755795044, 43.06937010059839], [-70.71193333277344, 43.069392226846794], [-70.71187625421672, 43.06936360714383], [-70.71182469767449, 43.06934079954612], [-70.71179134722793, 43.069298070327754], [-70.71175422436916, 43.06931238020171], [-70.71173361267977, 43.069342162381616], [-70.71168785150188, 43.06933498736682], [-70.71166117113621, 43.06933931637899], [-70.71163525611686, 43.069371142804506], [-70.71163848176906, 43.069390743738275], [-70.71166767712432, 43.069380482346155], [-70.71170201173312, 43.06936228437839], [-70.71175488042876, 43.06933594941712], [-70.71180075096065, 43.069347052607434], [-70.711806874329, 43.06937446985652], [-70.7118056168653, 43.06942557657189], [-70.71178456778223, 43.069439645951036], [-70.71180927996406, 43.069460890309145], [-70.71177784300107, 43.069486904630644], [-70.71169528674926, 43.06950582409981], [-70.71166784094146, 43.06948265569643], [-70.71162727361471, 43.0694695081933], [-70.71159452456493, 43.06944838403265], [-70.71159004128042, 43.06947988981333], [-70.71165204042431, 43.06949271668739], [-70.71168249322723, 43.069527629621], [-70.71169709086521, 43.06957063944171], [-70.71167680708339, 43.069612206219546], [-70.71161262084033, 43.06961709635303], [-70.71157178010351, 43.06959412832505], [-70.71160912184459, 43.069587674912604], [-70.71163290466743, 43.06957552958579], [-70.71159687524083, 43.069532840392384], [-70.71154367831645, 43.06954739067524], [-70.711500978632, 43.06955392422024], [-70.71147167384, 43.06956025736839], [-70.71150196258449, 43.06958927804645], [-70.71152700272197, 43.06962230707428], [-70.71150021289152, 43.06962270784814], [-70.71149518290898, 43.069634572610845], [-70.71148506827454, 43.06965633803418], [-70.71145745848715, 43.069627277276346], [-70.71140371483644, 43.06962218648071], [-70.71136571713326, 43.06960507060774], [-70.71140284026106, 43.06959076085597], [-70.711432199737, 43.06958639182667]]]}, "properties": {"Hectares": 0.47899383238, "Acres": 1.18361849034, "Year": "2024", "Name": "Eelgrass", "Confidence": "H", "Notes": "UAV Imagery Used", "Type": 1, "LABEL": "Portsmouth Harbor"}}, {"type": "Feature", "geometry": {"type": "Polygon", "coordinates": [[[-70.71129723371958, 43.0690471933561], [-70.71133004081996, 43.06904267846736], [-70.71134985926093, 43.0690645148675], [-70.71134652795885, 43.06909273378299], [-70.71131520439887, 43.06910125064035], [-70.71128558867836, 43.069072518510474], [-70.71129723371958, 43.0690471933561]]]}, "properties": {"Hectares": 0.00238880771, "Acres": 0.00590286719, "Year": "2024", "Name": "Eelgrass", "Confidence": "H", "Notes": "UAV Imagery Used", "Type": 1, "LABEL": "Portsmouth Harbor"}}, {"type": "Feature", "geometry": {"type": "Polygon", "coordinates": [[[-70.71175630873731, 43.0689636151309], [-70.71173227032023, 43.068962717243444], [-70.7116918563369, 43.06898973041955], [-70.7116643188722, 43.068986369771814], [-70.71167198184747, 43.06895355886529], [-70.71169902946212, 43.068939321162276], [-70.7117449718779, 43.068926058300235], [-70.71174262754441, 43.068903457504355], [-70.71167593585423, 43.06891074306178], [-70.71163191788469, 43.0689315223952], [-70.71159090911338, 43.06893716611121], [-70.71155147492331, 43.068937756062745], [-70.71150465754728, 43.06898121309859], [-70.7114884221341, 43.06895253236263], [-70.71150822684419, 43.0689245700233], [-70.71154878080887, 43.068902585011266], [-70.71158282648867, 43.06889327283666], [-70.71159041952572, 43.06885794788443], [-70.7116481886621, 43.06883822038388], [-70.71174073813685, 43.06883557815813], [-70.71170242374306, 43.068814773083815], [-70.71170511804368, 43.068788324255465], [-70.7117749237421, 43.068769674152776], [-70.71182684936448, 43.06878650289857], [-70.71183262277546, 43.06880905238489], [-70.71188167918967, 43.068784424938144], [-70.71194077776185, 43.068750844364466], [-70.71197531320642, 43.06875913042264], [-70.7120305629375, 43.0687721366887], [-70.712038505882, 43.06881100182833], [-70.712004985236, 43.06883916950825], [-70.71194357720519, 43.0688514063495], [-70.71190081899952, 43.0688558188061], [-70.71187790036133, 43.06889514574315], [-70.7118496981402, 43.068929521539296], [-70.71182156586949, 43.068966411378575], [-70.71178975957103, 43.068994553343934], [-70.71174497181843, 43.06898767817347], [-70.71175630873731, 43.0689636151309]]]}, "properties": {"Hectares": 0.05222880737, "Acres": 0.12906007959, "Year": "2024", "Name": "Eelgrass", "Confidence": "H", "Notes": "UAV Imagery Used", "Type": 1, "LABEL": "Portsmouth Harbor"}}, {"type": "Feature", "geometry": {"type": "Polygon", "coordinates": [[[-70.71081768541973, 43.06845678920249], [-70.71083588255571, 43.06835827110297], [-70.71094556785123, 43.068387332690556], [-70.71104944507408, 43.06835814748581], [-70.7111934725644, 43.068266957924074], [-70.7114010554492, 43.068202449162555], [-70.7115720759537, 43.06817839944832], [-70.71161538611898, 43.06822994468119], [-70.71164537015673, 43.0682540575883], [-70.71155832209898, 43.06828606175324], [-70.71145359118928, 43.06828455832131], [-70.71134561387193, 43.06831687541083], [-70.71124310320393, 43.0683951634345], [-70.71109540199473, 43.068504829123555], [-70.7109705953589, 43.068534327374124], [-70.7108488645395, 43.06852386706342], [-70.71081768541973, 43.06845678920249]]]}, "properties": {"Hectares": 0.09405474207, "Acres": 0.23241412372, "Year": "2024", "Name": "Eelgrass", "Confidence": "H", "Notes": "UAV Imagery Used", "Type": 1, "LABEL": "Portsmouth Harbor"}}, {"type": "Feature", "geometry": {"type": "Polygon", "coordinates": [[[-70.71094812716932, 43.06862983917859], [-70.71104858743807, 43.06862833675644], [-70.71110855550057, 43.068676562857235], [-70.71104354584152, 43.06874814944147], [-70.71097264249761, 43.06875842039497], [-70.71091677492699, 43.06870706271523], [-70.7108943088434, 43.0686521353238], [-70.71094812716932, 43.06862983917859]]]}, "properties": {"Hectares": 0.01728746787, "Acres": 0.04271822567, "Year": "2024", "Name": "Eelgrass", "Confidence": "H", "Notes": "UAV Imagery Used", "Type": 1, "LABEL": "Portsmouth Harbor"}}, {"type": "Feature", "geometry": {"type": "Polygon", "coordinates": [[[-70.71047177167819, 43.06972073792401], [-70.7104542597517, 43.06969336806331], [-70.7105507065964, 43.069698066450925], [-70.7105783006876, 43.069636250147575], [-70.71063639126474, 43.06961696045909], [-70.7107457372363, 43.069633746556136], [-70.71082099829742, 43.069629550950495], [-70.71078452035765, 43.06967307903953], [-70.71068140914811, 43.06972988422542], [-70.71060640405707, 43.06974328647103], [-70.71047177167819, 43.06972073792401]]]}, "properties": {"Hectares": 0.02211959256, "Acres": 0.05465865524, "Year": "2024", "Name": "Eelgrass", "Confidence": "H", "Notes": "UAV Imagery Used", "Type": 1, "LABEL": "Portsmouth Harbor"}}, {"type": "Feature", "geometry": {"type": "MultiPolygon", "coordinates": [[[[-70.7116196344371, 43.067100156537556], [-70.71166162238892, 43.06707493650782], [-70.71169259897248, 43.067092358204256], [-70.71171810222809, 43.067132217763856], [-70.71168264620495, 43.0671729902654], [-70.7116338787328, 43.067173719880955], [-70.71159991602558, 43.067158577810865], [-70.71163537212148, 43.06711780623406], [-70.7116196344371, 43.067100156537556]]], [[[-70.71095184269495, 43.06823690845652], [-70.71103407049632, 43.06810992442156], [-70.71107916981242, 43.06801842667598], [-70.71099606989736, 43.06794281974693], [-70.71094125402342, 43.06785630920051], [-70.71102629862241, 43.06783058506398], [-70.71099665474944, 43.0677926035276], [-70.71109423937239, 43.067703814649555], [-70.71117325854641, 43.06763276889532], [-70.71127210450288, 43.0675893717243], [-70.71128046281653, 43.06754732890185], [-70.71120076375462, 43.067593931723884], [-70.7110071536611, 43.06765621163611], [-70.71096264066162, 43.06759749311214], [-70.71101386190831, 43.06755480928389], [-70.71102455506038, 43.06742540123144], [-70.71093630412493, 43.067335897784965], [-70.71089169430323, 43.06727368775244], [-70.71098995705533, 43.067209341093765], [-70.71106858714886, 43.067124328624935], [-70.71117715207738, 43.06708777292816], [-70.71132138573803, 43.06713452010344], [-70.7113747439717, 43.06716865390288], [-70.7115009001143, 43.067250603216145], [-70.71159041418885, 43.06721433212197], [-70.71169528587548, 43.06721625606424], [-70.71184778089108, 43.06721746734332], [-70.71186006639685, 43.06711109103084], [-70.7117669941316, 43.067053798156564], [-70.71168574145072, 43.06701030097072], [-70.71163505728842, 43.06693520086037], [-70.71163572688472, 43.06693153716974], [-70.7116550374861, 43.06682587917559], [-70.71166198574649, 43.066770223564724], [-70.71162513515142, 43.06673102428587], [-70.71144399803612, 43.066695312353055], [-70.71146452355481, 43.066639634466114], [-70.7113697143264, 43.066644349254524], [-70.71132404842355, 43.06663139143912], [-70.71129665642475, 43.06661668631912], [-70.71113085248582, 43.06657323107975], [-70.71113385757084, 43.066528554872015], [-70.71110206786464, 43.0665144503918], [-70.71107845858958, 43.06650397540141], [-70.71100392876619, 43.06654605642445], [-70.71068164496211, 43.06649618861774], [-70.71060450595839, 43.066427939980244], [-70.71065498774762, 43.066328819147124], [-70.71057060833495, 43.06630104400263], [-70.71051382136771, 43.066347706635625], [-70.71040380493154, 43.06631579783355], [-70.7103062980594, 43.06620128995267], [-70.7103905776194, 43.0660374821808], [-70.71048129667383, 43.06606427771925], [-70.71050247843671, 43.06619301339439], [-70.7105999290008, 43.06615284066471], [-70.71053759766566, 43.06606343596172], [-70.71058765305953, 43.0659646077632], [-70.71068890905788, 43.06593470224847], [-70.71077300153289, 43.06592053958079], [-70.7108242742585, 43.06599204219487], [-70.71080560147752, 43.066080077027735], [-70.71069938878286, 43.06618490713018], [-70.71072509696707, 43.06622323842828], [-70.71077806650827, 43.06625143697689], [-70.71086606509678, 43.06622887359818], [-70.7109462017338, 43.066281103468114], [-70.71107409833436, 43.06627250414467], [-70.71116178807608, 43.06635608433183], [-70.71128042318375, 43.066318175216956], [-70.71145058107118, 43.066344411906755], [-70.71152787847817, 43.06636716299815], [-70.71160263481559, 43.06636839337241], [-70.71169148772728, 43.06630554604402], [-70.71178126711835, 43.06628271933995], [-70.711895714744, 43.06629090283883], [-70.71196659390236, 43.06630790957002], [-70.71190189065803, 43.06638630916663], [-70.71182655894285, 43.066462286708614], [-70.71181758226918, 43.06651920405514], [-70.71186739045183, 43.06654215483045], [-70.71194077630224, 43.06653505957695], [-70.71209044926749, 43.066487252717245], [-70.71221236655468, 43.0664854281763], [-70.71229097464162, 43.06643394961771], [-70.71236398601914, 43.06645521374477], [-70.71247229664547, 43.06651227804936], [-70.71252073771069, 43.06660936207662], [-70.71251047507235, 43.066651434399404], [-70.71253092454266, 43.066701429484304], [-70.71259950339464, 43.066700402925775], [-70.71266147350377, 43.06673580474224], [-70.71266699427893, 43.066797202623206], [-70.7126891907134, 43.066837066438374], [-70.71263544597976, 43.066887639996374], [-70.71260429506677, 43.06698763171431], [-70.71256056641272, 43.06704219566484], [-70.71256333668224, 43.06714167959832], [-70.71263187203951, 43.06716553547072], [-70.71260498918612, 43.067215700593756], [-70.71256206838382, 43.067299280916494], [-70.71246814914879, 43.06737947702157], [-70.71248118849788, 43.067441485443446], [-70.71243099808132, 43.06746711759735], [-70.71234884690072, 43.06756372592601], [-70.71226600299106, 43.06763546276377], [-70.71221177462522, 43.06771921218446], [-70.71227581119001, 43.06778460405883], [-70.71230927540871, 43.06782747886977], [-70.71228719263372, 43.06784917934787], [-70.71228503362697, 43.06785130165273], [-70.71225286728979, 43.067887553355106], [-70.71224379037282, 43.06791201270907], [-70.71227575809297, 43.06793872036881], [-70.71225748601971, 43.06798334830644], [-70.7122294986667, 43.06802955338933], [-70.7122405267929, 43.068075174556895], [-70.71228535359, 43.06807307281261], [-70.71233993426226, 43.0680708250638], [-70.71231298301048, 43.068084105168815], [-70.71222555892203, 43.06809829122667], [-70.7121703411302, 43.06807765579785], [-70.71221007178954, 43.06803270582774], [-70.7121436670387, 43.06803083792481], [-70.71210373724084, 43.068068636614896], [-70.71208403039344, 43.068061777289834], [-70.7121081163223, 43.06801563062772], [-70.71210871333183, 43.06796697468169], [-70.71206587719354, 43.06797047741459], [-70.7120654394187, 43.06802485436728], [-70.71202511143844, 43.06804835141504], [-70.71199334174881, 43.068098904682], [-70.71200198096243, 43.068128822299016], [-70.71203749171842, 43.06807248965719], [-70.71210083111409, 43.06810445038999], [-70.71207463632612, 43.06814490521907], [-70.71199501395378, 43.068158973449094], [-70.71198414663179, 43.06818918386346], [-70.71198299213548, 43.068217817186614], [-70.71196256871173, 43.06825532393205], [-70.71193760789282, 43.06827000501148], [-70.71192291727333, 43.06823302370342], [-70.71185519852824, 43.06825406885365], [-70.71176367346524, 43.06826116168405], [-70.71173727949211, 43.068224355457716], [-70.71176279778682, 43.068159587322086], [-70.7117116408558, 43.068144613401934], [-70.71164543625497, 43.06814989645239], [-70.71165021381131, 43.068111192995154], [-70.71162592874933, 43.06808007858011], [-70.71157278133427, 43.06806370352933], [-70.711535598397, 43.06805996725229], [-70.71151489614128, 43.06808746305887], [-70.71148893976844, 43.06813649837226], [-70.71134709380642, 43.06815865211577], [-70.71132575017589, 43.06814747957794], [-70.71124634189785, 43.06820455865389], [-70.71106701768795, 43.06826662498296], [-70.71095184269495, 43.06823690845652]], [[-70.71182383143922, 43.06811431874742], [-70.71184737417221, 43.06815242647466], [-70.71187096671456, 43.06814749456996], [-70.71187616479631, 43.06810987257949], [-70.71193899613218, 43.06807871352894], [-70.71198952033022, 43.06805414905748], [-70.71199856464641, 43.068020131718875], [-70.71201257889899, 43.06798512513017], [-70.71198661546859, 43.06794980009414], [-70.71198648804645, 43.06790035356983], [-70.71202954758002, 43.06792168609903], [-70.71206432595976, 43.06791475610854], [-70.71202873218935, 43.06789239609381], [-70.71203691014702, 43.06787212749134], [-70.71199892123501, 43.067853465522084], [-70.71195749250872, 43.0678458443536], [-70.71192164398481, 43.06785920077342], [-70.71187326029214, 43.06787091318978], [-70.71188039478862, 43.06790285687895], [-70.71190284058893, 43.06794647567991], [-70.71195183708471, 43.06795673096162], [-70.71196931548869, 43.06800133985789], [-70.71194246025925, 43.068023718592706], [-70.71189035628827, 43.06803640246338], [-70.71182383143922, 43.06811431874742]]]]}, "properties": {"Hectares": 2.14746896073, "Acres": 5.30650667611, "Year": "2024", "Name": "Eelgrass", "Confidence": "H", "Notes": "UAV Imagery Used", "Type": 1, "LABEL": "Portsmouth Harbor"}}, {"type": "Feature", "geometry": {"type": "Polygon", "coordinates": [[[-70.71163815180819, 43.07949766857791], [-70.71159442808283, 43.07945020949082], [-70.71159400063345, 43.07944239916323], [-70.7116033249231, 43.07944113383363], [-70.71164401415979, 43.079478530917136], [-70.71170240824222, 43.079471692749394], [-70.71171184430622, 43.07941620638679], [-70.71174354458174, 43.07940242060812], [-70.7117624098951, 43.07940331299772], [-70.71177304658758, 43.07940359844635], [-70.71178561707086, 43.07941605002952], [-70.71183103451092, 43.07940419226661], [-70.71188553541528, 43.07938996292764], [-70.7119212287986, 43.07939354849915], [-70.71194029665264, 43.079391132150576], [-70.71195319949517, 43.07938757303403], [-70.71199869368169, 43.07934839861809], [-70.712012560616, 43.07935222867931], [-70.71201593936654, 43.079363419536264], [-70.71196840693139, 43.07940884359003], [-70.71190874236194, 43.07945668480425], [-70.71187066343965, 43.07949749937453], [-70.71186307314511, 43.07949802556111], [-70.71184990987156, 43.07950143315181], [-70.71182175501589, 43.079495836147956], [-70.71179780558765, 43.07948766035597], [-70.71178591353198, 43.07948559734961], [-70.71176957994277, 43.079491368732256], [-70.71175790777049, 43.079505295024894], [-70.71176352737727, 43.07951329935207], [-70.71176853179117, 43.07952082194422], [-70.71179412595276, 43.0795331948523], [-70.71179890788413, 43.07953900658068], [-70.71180166426123, 43.07954617621435], [-70.71179195424088, 43.079549333517384], [-70.71177112147038, 43.079552640830556], [-70.71172306242752, 43.079597071932405], [-70.71168426826911, 43.079609831285374], [-70.71165210276759, 43.079659496565064], [-70.71159971292953, 43.07968609035041], [-70.71156748903337, 43.07968759013367], [-70.71152101362169, 43.079661457776716], [-70.7114830765528, 43.07964890491155], [-70.71147346275194, 43.07963745363628], [-70.71146458601072, 43.07962518618105], [-70.71148250188399, 43.07959272914561], [-70.71153276801957, 43.07956815652921], [-70.71154121441201, 43.079557484416945], [-70.71156803964479, 43.07955072988732], [-70.71159710356471, 43.07954630189142], [-70.71162125692075, 43.07952839956365], [-70.71164783482142, 43.079514490942294], [-70.71163815180819, 43.07949766857791]]]}, "properties": {"Hectares": 0.05221017766, "Acres": 0.12901404461, "Year": "2024", "Name": "Eelgrass", "Confidence": "H", "Notes": "UAV and Satellite Imagery Used", "Type": 1, "LABEL": "Portsmouth Harbor"}}, {"type": "Feature", "geometry": {"type": "Polygon", "coordinates": [[[-70.7101778100336, 43.08071217363171], [-70.71022217181002, 43.08066232644979], [-70.71025409028216, 43.08060372271921], [-70.71024363873246, 43.08055693057241], [-70.71031668153066, 43.08055136734367], [-70.71038263219413, 43.08051013989709], [-70.71042139384822, 43.08047826146181], [-70.71047409105583, 43.080508772514136], [-70.71054483135734, 43.08053007121587], [-70.71051316357709, 43.08048806758803], [-70.71059771672225, 43.08045774006825], [-70.71056940849512, 43.08042686441059], [-70.71051490635425, 43.080441093140955], [-70.71042973138654, 43.080449073520114], [-70.71034729413492, 43.080445834718695], [-70.71031027539512, 43.080430738682615], [-70.71042201745806, 43.08039106227084], [-70.71047869765465, 43.08034550209293], [-70.71047179205428, 43.080316542050355], [-70.71052573444607, 43.08028220097061], [-70.71054894188548, 43.08023937686291], [-70.7106089813933, 43.08020494458042], [-70.71067616875422, 43.080214838903494], [-70.71067109465237, 43.08015215428092], [-70.71074007296255, 43.08015570158598], [-70.710744932389, 43.08014469556729], [-70.71065239425859, 43.080113441619254], [-70.7106386633864, 43.08009060856702], [-70.71066591272275, 43.08003452506401], [-70.71071031195984, 43.08003002143218], [-70.71072147824646, 43.08005481268901], [-70.71072773473347, 43.08010772752645], [-70.71076330241137, 43.08011456339092], [-70.7108108459913, 43.08017783948053], [-70.71084075335612, 43.08021602962648], [-70.71089786334683, 43.080249076346156], [-70.71098467102439, 43.08028603152845], [-70.71099689262961, 43.08034117633743], [-70.71102210689374, 43.08037504100873], [-70.71104939452042, 43.080408117015565], [-70.71105993547577, 43.080452538530785], [-70.71104356245658, 43.080477900440634], [-70.71090942289784, 43.08047990657702], [-70.7108919397008, 43.080509231325436], [-70.71096834199767, 43.08051479562748], [-70.71093574006909, 43.080548817764985], [-70.710904880584, 43.080535865446414], [-70.7108315890894, 43.08053249021969], [-70.71086873240672, 43.08055205549841], [-70.71088845472123, 43.08060318021984], [-70.71083227216548, 43.08066661825709], [-70.71078588655519, 43.0807545522168], [-70.710754916445, 43.08078578073815], [-70.71069234454731, 43.080789435121304], [-70.71064393940388, 43.080803572743726], [-70.710576869257, 43.08080457560341], [-70.71054078301921, 43.08082300026281], [-70.71050320435107, 43.080787791925225], [-70.71047302883923, 43.08079942127677], [-70.71044596414109, 43.08081323974819], [-70.71044808006023, 43.08077967355074], [-70.71042145242276, 43.080699588706096], [-70.71039351724367, 43.08068212125404], [-70.71037951763506, 43.08072704330509], [-70.71036558018552, 43.080774200062365], [-70.71033627513881, 43.08081711528927], [-70.71030348617016, 43.08084443312969], [-70.71027828872369, 43.08081574653411], [-70.71022254269957, 43.08078528097023], [-70.7101778100336, 43.08071217363171]]]}, "properties": {"Hectares": 0.30268815673, "Acres": 0.74795806312, "Year": "2024", "Name": "Eelgrass", "Confidence": "H", "Notes": "UAV and Satellite Imagery Used", "Type": 1, "LABEL": "Portsmouth Harbor"}}, {"type": "Feature", "geometry": {"type": "Polygon", "coordinates": [[[-70.710433829981, 43.08092520303236], [-70.71038175422346, 43.080917039048074], [-70.71031530571436, 43.08094038883542], [-70.71021737586086, 43.080928439002726], [-70.71018328116182, 43.08090882794088], [-70.71025315138588, 43.08089884090281], [-70.71033888660295, 43.080910973015854], [-70.71035655671017, 43.08088835247119], [-70.71038349710278, 43.080870064604426], [-70.71053630253752, 43.08088119382199], [-70.71058539182232, 43.0808916380278], [-70.71059665360382, 43.080857935077105], [-70.71065140484758, 43.08085264513305], [-70.71069022876011, 43.080823001314776], [-70.71073334511773, 43.08083800604572], [-70.71073701568449, 43.08086030753251], [-70.71067367821449, 43.08088584664442], [-70.71063105934437, 43.080888719552014], [-70.71061631361181, 43.08090682513745], [-70.71058315160268, 43.0809207348108], [-70.71051035713278, 43.080935237047285], [-70.71047707071756, 43.08094467727506], [-70.71054171422426, 43.08096606713062], [-70.71050606317131, 43.081000134734055], [-70.71044216582197, 43.08100556135193], [-70.71046263583871, 43.08097395638018], [-70.7104319627771, 43.08096770806016], [-70.71039177068839, 43.080948188221754], [-70.710433829981, 43.08092520303236]]]}, "properties": {"Hectares": 0.02554180954, "Acres": 0.0631151301, "Year": "2024", "Name": "Eelgrass", "Confidence": "H", "Notes": "UAV and Satellite Imagery Used", "Type": 1, "LABEL": "Portsmouth Harbor"}}, {"type": "Feature", "geometry": {"type": "Polygon", "coordinates": [[[-70.71027139025955, 43.08107205371234], [-70.71022689272789, 43.08105125679782], [-70.7101944903691, 43.08102670203854], [-70.71012858968862, 43.081025898643716], [-70.71010002078197, 43.08096372784494], [-70.71010843360398, 43.0809153123208], [-70.71005851132774, 43.080874922818836], [-70.7099951491919, 43.08087765842157], [-70.70994184110693, 43.08089097477628], [-70.70989306761567, 43.08083310284144], [-70.70981183776014, 43.0808553153929], [-70.70977568880981, 43.080879853943685], [-70.7096613997434, 43.08089056130914], [-70.70962974247331, 43.08079283279136], [-70.70973954386197, 43.08075740286298], [-70.70985516716964, 43.08079467206985], [-70.7099533912956, 43.080779914518956], [-70.70999674469897, 43.080759592911996], [-70.71002855644153, 43.080630385648966], [-70.710012964923, 43.080584378786874], [-70.71006329469114, 43.08062657296603], [-70.71012507183868, 43.080640648463664], [-70.71006687637743, 43.08073708250971], [-70.71004109274098, 43.08077502662218], [-70.7100643857882, 43.08082296821947], [-70.71009972425564, 43.08086536422805], [-70.71012500867924, 43.080897179455235], [-70.71015024339245, 43.08092720690974], [-70.71019698077562, 43.080940816331875], [-70.71022425655097, 43.08095650517851], [-70.71021285776604, 43.080985291738116], [-70.71022077140069, 43.08100663555697], [-70.71026551759955, 43.08103637130643], [-70.71034649951955, 43.08105304574665], [-70.71038353108352, 43.08106858870443], [-70.71041717858746, 43.08105020055574], [-70.71047845017678, 43.08106001554456], [-70.71051438732782, 43.08103622760446], [-70.71056077662746, 43.081037322512216], [-70.71059074021035, 43.08106191363238], [-70.71060144116346, 43.08109573531698], [-70.71055933268306, 43.08107311430039], [-70.7105134905809, 43.08109168481969], [-70.71044301045441, 43.081101681135486], [-70.71036247613574, 43.081101096661534], [-70.71031110945209, 43.081096499064536], [-70.71027139025955, 43.08107205371234]]]}, "properties": {"Hectares": 0.0724223884, "Acres": 0.17895946092, "Year": "2024", "Name": "Eelgrass", "Confidence": "H", "Notes": "UAV and Satellite Imagery Used", "Type": 1, "LABEL": "Portsmouth Harbor"}}, {"type": "Feature", "geometry": {"type": "Polygon", "coordinates": [[[-70.70534071949758, 43.08200950421004], [-70.7054350519159, 43.08198763014663], [-70.70553063315414, 43.08201076670721], [-70.70554669582533, 43.08193353455991], [-70.70561880610968, 43.08193277083078], [-70.70565128766485, 43.0819311900101], [-70.7056835327591, 43.08188567994197], [-70.70578253878685, 43.08183098731548], [-70.70593997990194, 43.081869575472176], [-70.70600025000584, 43.081827740988544], [-70.70592016673368, 43.08175934440429], [-70.70583974297593, 43.08167867211587], [-70.70595515480635, 43.081611453991975], [-70.70607683011583, 43.08156870379374], [-70.70626869762188, 43.081574405862675], [-70.70632161775744, 43.08146613527406], [-70.70636587927592, 43.08153197726706], [-70.70646488693954, 43.08150111906557], [-70.70656414936195, 43.08158249445328], [-70.70653297355315, 43.08170517562899], [-70.70666740380561, 43.08171954458295], [-70.7066817649572, 43.081633365278755], [-70.706617973716, 43.08154835183724], [-70.70678373878988, 43.08148447529677], [-70.7066614069066, 43.08135982403608], [-70.70671578115072, 43.08129151766649], [-70.70677391573629, 43.08117440863054], [-70.70690530272596, 43.081116202403145], [-70.70707406096767, 43.08111464358141], [-70.70713739569042, 43.08100024732264], [-70.70726387678579, 43.080949613356815], [-70.70726094953002, 43.0810284014528], [-70.7074853134813, 43.081002554620994], [-70.70749731019406, 43.08106612104409], [-70.70756503358312, 43.08111010704604], [-70.70753716446713, 43.081211765822815], [-70.70742028520004, 43.08123975838482], [-70.70733380500265, 43.081247005767615], [-70.7072739746647, 43.08131318684588], [-70.70720223657172, 43.081306429440765], [-70.70712381230626, 43.08124793244789], [-70.70693555333334, 43.08128448908248], [-70.7069274015708, 43.08142911543823], [-70.70703335162567, 43.08142344101765], [-70.70716413097294, 43.081507454632316], [-70.70727589073825, 43.081509880441516], [-70.7074296947788, 43.08141752644096], [-70.70761197815251, 43.081345215021564], [-70.70767720448852, 43.08128092050525], [-70.7077943961109, 43.08126417221908], [-70.70787354993456, 43.08131265542953], [-70.70789302535422, 43.081410610474876], [-70.70775608264016, 43.08150680697629], [-70.70757101983773, 43.08145549101157], [-70.7074713850935, 43.08151105643591], [-70.70749348698682, 43.08150253941475], [-70.70745668408941, 43.08158496018737], [-70.70721959944777, 43.081694931328165], [-70.7069718038037, 43.081821436089704], [-70.7069547159097, 43.081809410327246], [-70.70687052640078, 43.081794292144885], [-70.70679282821234, 43.08181182565152], [-70.70675466079844, 43.08184514366164], [-70.70665588286025, 43.08190802087402], [-70.70652304261264, 43.081950938231245], [-70.70627776002605, 43.08196687749543], [-70.70607781754576, 43.08200670154102], [-70.70595078614804, 43.082057718756396], [-70.70575254640453, 43.082158920458085], [-70.70565251793076, 43.08217678613189], [-70.70540598535253, 43.08214771284589], [-70.70538696771625, 43.08206612485076], [-70.70534071949758, 43.08200950421004]]]}, "properties": {"Hectares": 0.82901365049, "Acres": 2.04853553246, "Year": "2024", "Name": "Eelgrass", "Confidence": "H", "Notes": "UAV and Satellite Imagery Used", "Type": 1, "LABEL": "Portsmouth Harbor"}}, {"type": "Feature", "geometry": {"type": "Polygon", "coordinates": [[[-70.70153716960613, 43.07560682263286], [-70.70155575825054, 43.0755897788643], [-70.70164417284698, 43.07561640933755], [-70.70169082663043, 43.07564925000926], [-70.70175241320695, 43.075670690340836], [-70.70184082800124, 43.07569732065831], [-70.70194433024112, 43.07571813736067], [-70.70201727116228, 43.07573661408622], [-70.7020558402228, 43.07575280758472], [-70.70198825635964, 43.07579014218728], [-70.7019272108684, 43.07578825578398], [-70.70186181360575, 43.075766872234105], [-70.7017929151606, 43.075756718927174], [-70.70175784739735, 43.07572929505879], [-70.70167316578134, 43.07569981459986], [-70.70160761407438, 43.07567284410102], [-70.70158755651745, 43.075636813274414], [-70.70153716960613, 43.07560682263286]]]}, "properties": {"Hectares": 0.026742751, "Acres": 0.06608271846, "Year": "2024", "Name": "Eelgrass", "Confidence": "H", "Notes": "UAV and Satellite Imagery Used", "Type": 1, "LABEL": "Portsmouth Harbor"}}, {"type": "Feature", "geometry": {"type": "Polygon", "coordinates": [[[-70.70083934115517, 43.07487542076858], [-70.70081230661594, 43.07480246573044], [-70.70079152481091, 43.07482635370131], [-70.7007548600802, 43.07479284018078], [-70.70073226725277, 43.074751257785636], [-70.70070820289226, 43.07478567410382], [-70.70070981933452, 43.07471491301379], [-70.70065010445805, 43.07475247917205], [-70.70064887303894, 43.074707959327704], [-70.7005941297, 43.07466685481954], [-70.70057160946212, 43.074627891203626], [-70.7005403280441, 43.074659794873035], [-70.70053238671983, 43.0746310941104], [-70.70052065582448, 43.07459459000152], [-70.7005476406197, 43.07453655129069], [-70.70063687526086, 43.074532604964695], [-70.70077151271703, 43.07461967980569], [-70.70085650068485, 43.07472059208587], [-70.70092553342654, 43.074761484020854], [-70.7010779608391, 43.07484567411117], [-70.70109442371083, 43.07492402605764], [-70.70117774606656, 43.0749647053653], [-70.70121192573633, 43.075037554066064], [-70.70127432169107, 43.07509688371259], [-70.7013950343574, 43.0751972643297], [-70.7014085776469, 43.07529923866195], [-70.70144215680308, 43.075479511741825], [-70.70151891527212, 43.07554124753909], [-70.70142946183225, 43.07553733813772], [-70.7013883543483, 43.075472452208956], [-70.70135504383104, 43.07543102933117], [-70.70133966748313, 43.075391959634004], [-70.7013066469075, 43.075361011992904], [-70.70125590965304, 43.07533556757928], [-70.7012435260145, 43.07527549423868], [-70.70119701333, 43.07527356599557], [-70.70116662323721, 43.07520852061655], [-70.70107272850741, 43.07517323828391], [-70.70111086470348, 43.07513075298337], [-70.70107106203211, 43.07511300557081], [-70.70106254075688, 43.07506335434317], [-70.70102244833086, 43.075035131657714], [-70.70097929079012, 43.075025293767084], [-70.70095276316364, 43.07497067046481], [-70.70091675029305, 43.07496072632506], [-70.70088445463446, 43.07495596669165], [-70.70083934115517, 43.07487542076858]]]}, "properties": {"Hectares": 0.17077200732, "Acres": 0.42198644707, "Year": "2024", "Name": "Eelgrass", "Confidence": "H", "Notes": "UAV and Satellite Imagery Used", "Type": 1, "LABEL": "Portsmouth Harbor"}}, {"type": "Feature", "geometry": {"type": "Polygon", "coordinates": [[[-70.70047064381109, 43.07459533336657], [-70.70044119639061, 43.07456433236001], [-70.70042005238544, 43.07457512619167], [-70.70035350611758, 43.074494898624934], [-70.70032384153934, 43.07445604114105], [-70.70025618549505, 43.07446490631409], [-70.70022586923427, 43.07440247946757], [-70.70017971930793, 43.07441364487441], [-70.70017397457177, 43.07433513350624], [-70.70011865258148, 43.07427307823479], [-70.7001140424824, 43.07436484294075], [-70.70009026756316, 43.07440973439557], [-70.70002765622226, 43.0743425476188], [-70.69998153063584, 43.07422533790554], [-70.69985732232978, 43.07412762760143], [-70.69979092208516, 43.0740526373122], [-70.69985092643712, 43.0740255468638], [-70.6998030391528, 43.07397386053577], [-70.69980151878728, 43.07391886540209], [-70.69989743815123, 43.07402747567148], [-70.69995568030389, 43.07406590863939], [-70.69986726728389, 43.07397028634699], [-70.69987347056842, 43.073936135587005], [-70.69999746128238, 43.07402598943617], [-70.70008259196759, 43.074132139968135], [-70.7001054737662, 43.07418419776879], [-70.70022953774047, 43.074276670163606], [-70.70028572888384, 43.07437015116001], [-70.70036941207921, 43.074423925156935], [-70.70043996513088, 43.074519812509315], [-70.70047064381109, 43.07459533336657]]]}, "properties": {"Hectares": 0.08784829899, "Acres": 0.21707768244, "Year": "2024", "Name": "Eelgrass", "Confidence": "H", "Notes": "UAV and Satellite Imagery Used", "Type": 1, "LABEL": "Portsmouth Harbor"}}, {"type": "Feature", "geometry": {"type": "Polygon", "coordinates": [[[-70.6996231682063, 43.07360778310582], [-70.69969898762048, 43.07360338183784], [-70.69978062974597, 43.07364801697849], [-70.69980968392986, 43.07372945691838], [-70.69978452108171, 43.073788778339534], [-70.69974122548004, 43.07383854456284], [-70.69973793659973, 43.07388116666452], [-70.69967334099357, 43.073806804464425], [-70.69969895641584, 43.07376385066666], [-70.69968329824194, 43.073682211680484], [-70.6996231682063, 43.07360778310582]]]}, "properties": {"Hectares": 0.02230929109, "Acres": 0.05512741012, "Year": "2024", "Name": "Eelgrass", "Confidence": "H", "Notes": "UAV and Satellite Imagery Used", "Type": 1, "LABEL": "Portsmouth Harbor"}}, {"type": "Feature", "geometry": {"type": "MultiPolygon", "coordinates": [[[[-70.68720259234392, 43.06044364200517], [-70.6874151319617, 43.06034545903591], [-70.68769695011727, 43.06035131151113], [-70.68723730254297, 43.06067028170399], [-70.68720254635271, 43.06064237330776], [-70.68720259234392, 43.06044364200517]]], [[[-70.68670846344298, 43.060742932101356], [-70.68686915505015, 43.060643198500316], [-70.68702476835786, 43.06073077925115], [-70.68703758591435, 43.06080887245909], [-70.68632419725179, 43.061303911196056], [-70.68626214850651, 43.06122884508147], [-70.68622946508077, 43.061154430917384], [-70.68638625893688, 43.06091245291984], [-70.68658779076611, 43.06081211772784], [-70.68670846344298, 43.060742932101356]]], [[[-70.68471117475522, 43.06236841909768], [-70.68481279565032, 43.06235267012628], [-70.68435684738503, 43.062669040758976], [-70.68438040222502, 43.062634251541944], [-70.68448067477566, 43.06254769684648], [-70.6845288414569, 43.06243245842541], [-70.68460021154017, 43.06239050452952], [-70.68471117475522, 43.06236841909768]]]]}, "properties": {"Hectares": 0.28553764692, "Acres": 0.70557826789, "Year": "2024", "Name": "Eelgrass", "Confidence": "H", "Notes": "UAV and Satellite Imagery Used", "Type": 1, "LABEL": "Atlantic Coast"}}, {"type": "Feature", "geometry": {"type": "Polygon", "coordinates": [[[-70.68733779775228, 43.064603313390535], [-70.68736216464418, 43.06458003622371], [-70.68741781271892, 43.0645726435536], [-70.68736004364624, 43.06452994711667], [-70.68738427008627, 43.06450875189907], [-70.68731762870479, 43.06446675171632], [-70.68731028378932, 43.0644179183395], [-70.68730595606335, 43.06438914207341], [-70.68728575747298, 43.06437231659149], [-70.68723362809288, 43.064263986925674], [-70.68709990969745, 43.0641557113911], [-70.68693886957875, 43.064004699653616], [-70.6869147979434, 43.06384208089783], [-70.68687348692102, 43.06376599682216], [-70.68688888553481, 43.06361238251191], [-70.68708633657262, 43.06342253039896], [-70.68707756794237, 43.063341173302675], [-70.68693863148226, 43.06328090842253], [-70.68680701816739, 43.06324929557413], [-70.68656510453653, 43.063248068792554], [-70.68639638516862, 43.06329369565489], [-70.6864324405262, 43.06317812440546], [-70.68616491337254, 43.06319644717387], [-70.68595921831246, 43.06332410563814], [-70.68583637357071, 43.06337384885885], [-70.68567589486408, 43.0634816676865], [-70.68543098938221, 43.06360990200848], [-70.685134987946, 43.06378202911669], [-70.68508599197946, 43.0639025846618], [-70.68512900742962, 43.06404095783217], [-70.68523618873108, 43.06413524603978], [-70.68533016988246, 43.0642249353824], [-70.6855141939249, 43.064260571012476], [-70.68567835173724, 43.064286912630045], [-70.68574628146948, 43.06431869075319], [-70.68570002581843, 43.06431695248635], [-70.68564203006709, 43.064386431072045], [-70.68552677308482, 43.0644155785173], [-70.6854286477011, 43.06438682948676], [-70.68528285126962, 43.064394467264506], [-70.68516309971317, 43.06439623118327], [-70.68508780425628, 43.064380870497224], [-70.68510916751177, 43.0644266896012], [-70.68497193962973, 43.06442200883087], [-70.68482940910211, 43.06439060021187], [-70.68475028289723, 43.06433815252991], [-70.68462109049213, 43.0642931438994], [-70.6845144633382, 43.064237750717034], [-70.68444410678417, 43.064171770812486], [-70.68448832078585, 43.06411750739226], [-70.68442755910003, 43.06406813981577], [-70.68438543656572, 43.06403190158129], [-70.6843128970916, 43.06405307430079], [-70.68425505274037, 43.063943349788346], [-70.68426409071542, 43.06396937741954], [-70.68422366365587, 43.06388182256973], [-70.68420602440676, 43.06382176773051], [-70.68420866634254, 43.063751362364094], [-70.68425096287017, 43.06371053004056], [-70.68429476309989, 43.063641194538555], [-70.68439489811058, 43.06344883019997], [-70.68447440016195, 43.06329631738209], [-70.68452568358353, 43.06313195016067], [-70.68453882879668, 43.06300086580886], [-70.68449789154691, 43.062931933205476], [-70.684424617342, 43.06290437972142], [-70.68437877514438, 43.06286006165294], [-70.68432893101308, 43.062710271663036], [-70.68435684738503, 43.062669040758976], [-70.68481279565032, 43.06235267012628], [-70.68482782678164, 43.06235034062793], [-70.68495083836814, 43.06236079978961], [-70.68499656736739, 43.06240102935524], [-70.6849031164139, 43.06245148947273], [-70.684759032588, 43.06248633355222], [-70.68477242371512, 43.06256794334245], [-70.68480276959068, 43.06265748334211], [-70.68484314579247, 43.062705972580844], [-70.68494295809577, 43.06268405113686], [-70.68503876147923, 43.06271945236655], [-70.68518542329195, 43.0627786476756], [-70.68509821969235, 43.0628535573937], [-70.68506689117484, 43.062931734951974], [-70.68504203435728, 43.063042539435195], [-70.68498783905108, 43.063100602234954], [-70.68514397418458, 43.06309830261393], [-70.68532810241003, 43.0630996803689], [-70.68544097120368, 43.06314710150217], [-70.68552895906915, 43.06310081227823], [-70.68571106912626, 43.06302859386205], [-70.68594415078265, 43.06298425635218], [-70.68616263204161, 43.063017848779374], [-70.68630593283484, 43.06295438216829], [-70.68640652844037, 43.0629610802085], [-70.68658552895725, 43.06297889309719], [-70.68675906476352, 43.063000877116714], [-70.68695558782927, 43.06296607494742], [-70.68715169132975, 43.06295663861812], [-70.68725348692216, 43.062925686595776], [-70.68719923649, 43.06290030902382], [-70.68712313185941, 43.062891614372695], [-70.68701205529024, 43.06290961387162], [-70.68695834442875, 43.062903861218075], [-70.68697475330816, 43.06285126312988], [-70.68712642537061, 43.06284902661132], [-70.68728327750756, 43.062872892016586], [-70.68735572986037, 43.0629110903603], [-70.68736225468277, 43.06298625557076], [-70.68742506723915, 43.06299841842311], [-70.68741845260426, 43.06291998222628], [-70.68743522000662, 43.06288046714429], [-70.6875483591751, 43.06293769915303], [-70.68758841771249, 43.06293383596343], [-70.68770512193535, 43.06295829298195], [-70.68775473082923, 43.062977194155096], [-70.68781182583928, 43.062943629632336], [-70.68788739329027, 43.062932697860724], [-70.68796394810758, 43.06295774693484], [-70.68803640097117, 43.062995944838015], [-70.68808903475845, 43.062962445099224], [-70.6881551414496, 43.06293201975404], [-70.68814969291664, 43.06289610558675], [-70.6881083776802, 43.06285417600834], [-70.6879433213051, 43.06285661129641], [-70.68781823485114, 43.06285191206866], [-70.68767440676338, 43.062814766918564], [-70.68763336111249, 43.0627826492347], [-70.68756207535802, 43.06278697305265], [-70.6875493204059, 43.062810067394935], [-70.68751246667597, 43.062768071791695], [-70.68735570445884, 43.062747477688795], [-70.68729582790614, 43.06267964394306], [-70.68714014257623, 43.06269830054203], [-70.68699658436601, 43.062670967502264], [-70.6870213117407, 43.06275895359305], [-70.6869319126541, 43.062753727161564], [-70.68687874016491, 43.06276760042237], [-70.68692460527309, 43.06281273567657], [-70.68683957868743, 43.062804172386954], [-70.68678479155642, 43.062759168639985], [-70.68669066235397, 43.062744194812645], [-70.68662704299318, 43.06270259351402], [-70.68663908076319, 43.062653332225864], [-70.68668725403373, 43.06261989978752], [-70.68658839496511, 43.062595178659905], [-70.68660863731425, 43.062519618803265], [-70.68672908261985, 43.06251784315013], [-70.68685363013083, 43.062502917626524], [-70.68695703988593, 43.06253084374098], [-70.6870866763936, 43.06253874913261], [-70.6871979304869, 43.062527291573915], [-70.68728849567343, 43.0625750397967], [-70.68741358154135, 43.06257973961415], [-70.68741268421417, 43.06254702969795], [-70.68728268878068, 43.06252604160944], [-70.68717945956291, 43.06250465775774], [-70.68706356382381, 43.062509639113124], [-70.68697362809507, 43.062484787636066], [-70.68687985808995, 43.062482897927396], [-70.68675806742279, 43.062435609746416], [-70.68668303849216, 43.06246616582332], [-70.68654358329049, 43.06242568246227], [-70.68639155228671, 43.06241483423528], [-70.68629742495168, 43.062399860954905], [-70.68611817960829, 43.062373051900444], [-70.68602905134141, 43.06237763771614], [-70.68594554833085, 43.06242467976727], [-70.68591181217936, 43.06233355387168], [-70.68570660908769, 43.06233657751419], [-70.68558652261318, 43.062351436064574], [-70.68549721383688, 43.06234947949427], [-70.68556170783027, 43.06226017862514], [-70.68574370919609, 43.06222477395235], [-70.68599040457345, 43.06227022263295], [-70.68617420024563, 43.06230023714138], [-70.68638850331946, 43.06230362315785], [-70.68647200581955, 43.062256580790894], [-70.68658433135995, 43.062251652666504], [-70.6866301510898, 43.06223003402037], [-70.68660694477414, 43.06216493162027], [-70.6866604038293, 43.06216152585026], [-70.68667697534799, 43.06224505065853], [-70.6865920424724, 43.062272481269524], [-70.68656521468314, 43.06233570358746], [-70.68664657911764, 43.06230832650362], [-70.6867066731451, 43.06228649829205], [-70.68677869390251, 43.06230899643681], [-70.68690266688301, 43.06227313705317], [-70.68693521698475, 43.062288364048854], [-70.68700795427907, 43.062337030006056], [-70.6871372194925, 43.062363919164035], [-70.68724413786693, 43.06235710709885], [-70.68729395670219, 43.06235113704421], [-70.68735819457416, 43.06235018965478], [-70.68733970446912, 43.06232690150362], [-70.68737002823518, 43.062261009773074], [-70.68724476357256, 43.06224976791251], [-70.68717616771784, 43.062221983310096], [-70.68709087747736, 43.06223633030006], [-70.68709030331932, 43.062215396489044], [-70.68715454105629, 43.0622144492163], [-70.68721441946418, 43.062184770000805], [-70.68734595972509, 43.0621645054741], [-70.68750327190014, 43.0621726568659], [-70.68763630672312, 43.062239412285976], [-70.68777215377676, 43.062311033636206], [-70.68785523614987, 43.06228935645158], [-70.68790508407662, 43.06227635031403], [-70.68796241744164, 43.062332768162996], [-70.6880511864132, 43.06231509778184], [-70.68799419078556, 43.06227094482556], [-70.68790441089227, 43.06225181788183], [-70.68789715233406, 43.062190570409115], [-70.68789947433184, 43.06207191697564], [-70.68773196639789, 43.06206620733423], [-70.68760828196233, 43.06203121872394], [-70.68756812719121, 43.06199090798253], [-70.68750020408717, 43.06195509674718], [-70.68762029871174, 43.06185924851327], [-70.68743561343041, 43.06183743023574], [-70.68723476099319, 43.061836302504865], [-70.68719741024871, 43.06189820788683], [-70.68721091781526, 43.06198390561936], [-70.68717311837008, 43.0620294560323], [-70.68725777071433, 43.06206502074791], [-70.68713632819247, 43.06211180554747], [-70.68697873920462, 43.062060954646526], [-70.6870494343327, 43.06199446771099], [-70.68705834403052, 43.061912529345115], [-70.6871409763541, 43.06187449863829], [-70.68707919114979, 43.061859048160215], [-70.68695194900751, 43.06189773749718], [-70.68689352763928, 43.062004947348704], [-70.6868535975745, 43.06197281293], [-70.68674274680744, 43.06199898962595], [-70.6867081694639, 43.06195859635265], [-70.6867680486435, 43.06190453887806], [-70.68668463127294, 43.06191394947951], [-70.6868482839608, 43.06174447662695], [-70.68682293621089, 43.06156509990942], [-70.68676860094583, 43.061446067970486], [-70.68709491371588, 43.061426277243946], [-70.68733056710576, 43.061452760742014], [-70.68757478838619, 43.06141919996104], [-70.68743938758635, 43.06132383263271], [-70.68727643628972, 43.06134121435524], [-70.68709101243294, 43.061284032259955], [-70.68688845340331, 43.06134693554319], [-70.68669569300978, 43.06139471555729], [-70.68655562493494, 43.06150163501719], [-70.68629077697331, 43.06152800751537], [-70.6863783583732, 43.06136943474569], [-70.68632419725179, 43.061303911196056], [-70.68703758591435, 43.06080887245909], [-70.68706155772361, 43.06095492439711], [-70.68725646710335, 43.061019937637916], [-70.68740782903251, 43.06099854688294], [-70.68753066822255, 43.060962292924124], [-70.68734842945003, 43.06075951373468], [-70.68723730254297, 43.06067028170399], [-70.68769695011727, 43.06035131151113], [-70.68802574130189, 43.060358138589834], [-70.68831421147189, 43.06025080141959], [-70.68896575574297, 43.06027280229055], [-70.68909012005777, 43.06023108529042], [-70.68924934398272, 43.060087618770304], [-70.68928953527342, 43.05987535132748], [-70.68945771044434, 43.05975322590729], [-70.68983492964348, 43.05959208130426], [-70.69018107019998, 43.05941143021461], [-70.69062806766048, 43.059416528378726], [-70.69081950126582, 43.05941369941846], [-70.69093814444443, 43.059201301190484], [-70.69075458839005, 43.059026136427555], [-70.69103355442746, 43.05895647894501], [-70.69144168369873, 43.05894108456957], [-70.69154995596779, 43.05916417147483], [-70.6918731862091, 43.05942737892053], [-70.6925320409548, 43.0594468903438], [-70.69284896899936, 43.059335751179], [-70.6933964835216, 43.05971115166086], [-70.69327124547306, 43.060211242798424], [-70.69324834870817, 43.06024476725455], [-70.69294714230683, 43.06054682046799], [-70.69256664001412, 43.06070439661679], [-70.69240922984135, 43.06081750579671], [-70.69247366969732, 43.06090068725334], [-70.69251474532888, 43.06098042641636], [-70.69164086141467, 43.061856729679796], [-70.69161614338512, 43.06184230633465], [-70.69172252786313, 43.061672796206764], [-70.69186015972497, 43.06163004888298], [-70.6918623337631, 43.06156692786795], [-70.69177196694544, 43.06154995306053], [-70.69147203875339, 43.06152513137107], [-70.69115900321992, 43.06174918148439], [-70.69097631293982, 43.061634856464714], [-70.69106492225569, 43.06195536555009], [-70.69118899536507, 43.062114440506726], [-70.6908906724017, 43.06214810623598], [-70.69077544223123, 43.062310718125445], [-70.69103435237632, 43.06246489837433], [-70.69103253514531, 43.06246672055588], [-70.69077865764822, 43.06242769593187], [-70.69062113251165, 43.06250316461103], [-70.6901692979349, 43.06275851837262], [-70.69026807792648, 43.062935779295266], [-70.69027120501164, 43.063049575243404], [-70.69037103482643, 43.063114008553136], [-70.69035321224254, 43.06314788471962], [-70.69031970017471, 43.063181487124275], [-70.69020181591367, 43.06329968851713], [-70.68988418045717, 43.06361817623498], [-70.68950607429439, 43.06399729093438], [-70.68938212128162, 43.06412157332703], [-70.68909276133564, 43.06441170021819], [-70.68907476565604, 43.06441417340674], [-70.68882657482851, 43.064422630514734], [-70.6887278954951, 43.06440012015759], [-70.68846023238612, 43.06441365799988], [-70.68815923851703, 43.064403719178365], [-70.68808174129165, 43.06443841603754], [-70.68788100424194, 43.064508484451125], [-70.68773999993515, 43.064611224734904], [-70.68741992462586, 43.06462073919714], [-70.68732817442769, 43.06461250596643], [-70.68733779775228, 43.064603313390535]], [[-70.6898958002938, 43.06321253410328], [-70.68986630685161, 43.06316695292704], [-70.68981085839458, 43.06320458499642], [-70.68983163733262, 43.06327560356083], [-70.68976332682199, 43.06330192115242], [-70.68967762667991, 43.06326637378054], [-70.6896513330694, 43.06322304689727], [-70.68964994318124, 43.06317245010354], [-70.68970438083997, 43.06309801995206], [-70.68960746052335, 43.063110955751974], [-70.68948896370878, 43.06313801432653], [-70.68937610811474, 43.06314198152459], [-70.68924681208465, 43.06311858198875], [-70.6891769856516, 43.06308970197999], [-70.68907585508194, 43.06306358569631], [-70.68906688769573, 43.06307982392486], [-70.689086653978, 43.06311404358891], [-70.6890155225932, 43.063151906808706], [-70.6890780023771, 43.06314178158398], [-70.68918458500711, 43.06313790729705], [-70.68926984254844, 43.063157355736415], [-70.68935918411799, 43.06321125528996], [-70.6894011600281, 43.06325435067209], [-70.68943734639429, 43.063200898300856], [-70.68949035346297, 43.0631886111249], [-70.68958546411868, 43.06322401966453], [-70.68960611520663, 43.06329043784705], [-70.6895598877065, 43.063321031501886], [-70.68961358855583, 43.063334042682825], [-70.68968918427274, 43.06334443067381], [-70.6897476024387, 43.063414892457445], [-70.6898112828434, 43.06344846430193], [-70.6898900152174, 43.06345880493087], [-70.68990072884174, 43.06339192352792], [-70.68989921237203, 43.06333672719796], [-70.6899067906704, 43.06326989120348], [-70.6898958002938, 43.06321253410328]], [[-70.68845433513461, 43.062720994963996], [-70.68842947049428, 43.062693088897454], [-70.68838201878759, 43.06272029456118], [-70.68834454294078, 43.062759721873114], [-70.68835240001677, 43.06278257786394], [-70.68843030920077, 43.06281146696281], [-70.68850070199045, 43.06282986568334], [-70.68856241211594, 43.06279538082783], [-70.68852087928576, 43.06277479039061], [-70.68850589234222, 43.06275557398981], [-70.68847693671063, 43.06275423460124], [-70.68845433513461, 43.062720994963996]], [[-70.69027559004078, 43.06255215195366], [-70.69032626827973, 43.06252548674402], [-70.69040027094104, 43.06252910554531], [-70.69041227739437, 43.06249829949881], [-70.69040789984264, 43.062455955554434], [-70.69034642150237, 43.062440371744096], [-70.69038765855035, 43.06242091470044], [-70.69034538600737, 43.06240269058877], [-70.69030074349995, 43.062415131026754], [-70.69030940798042, 43.06237966219588], [-70.69028267814092, 43.06234236065091], [-70.69024805917259, 43.062368788587946], [-70.6901870339419, 43.062369690140095], [-70.69022165293754, 43.062343262221084], [-70.69024021154776, 43.06231707156282], [-70.6902787537004, 43.06231650214883], [-70.69033637339531, 43.062308583058986], [-70.690350450828, 43.062353139330305], [-70.69040472853918, 43.062340557413], [-70.69042014047051, 43.06231676975304], [-70.69033579093366, 43.06228738735226], [-70.69027071194473, 43.06225772109], [-70.69029563089435, 43.062229079920456], [-70.69020229223497, 43.062223391074006], [-70.69020988095579, 43.062265687588415], [-70.69019524549701, 43.06231773586575], [-70.6901498264714, 43.06230191469982], [-70.6900613179564, 43.06235505515125], [-70.6900620944395, 43.06238331579713], [-70.69010199552255, 43.06243220279651], [-70.69003178791739, 43.06244973205413], [-70.68997757351949, 43.06246466939427], [-70.689965762185, 43.062502540317354], [-70.6900118283649, 43.06254191194235], [-70.69005364670626, 43.06254364984365], [-70.69009154192422, 43.062519530102925], [-70.6901065022837, 43.06247925701385], [-70.69014053775007, 43.062431633427884], [-70.69018556861155, 43.062433324723756], [-70.69017498693228, 43.06251594176038], [-70.69017274502636, 43.06255131479924], [-70.6902345470053, 43.06257867389414], [-70.69027610775703, 43.062570992081476], [-70.69027559004078, 43.06255215195366]], [[-70.68829662830318, 43.062331044306006], [-70.68833145301359, 43.06228282069928], [-70.68833274647102, 43.06224216061045], [-70.68829045264224, 43.06228165900572], [-70.68824290544646, 43.062305331669535], [-70.68820701413377, 43.06231469581235], [-70.68821105673665, 43.062286364041896], [-70.6881628296294, 43.06228530893923], [-70.68817169048117, 43.06225690607437], [-70.68820420248625, 43.06221225098345], [-70.68826172541823, 43.062200800013926], [-70.68827790864812, 43.06217582254108], [-70.68818372013125, 43.062168377861006], [-70.688097726566, 43.062196151211104], [-70.68806988609687, 43.06223543716722], [-70.6881073285252, 43.06228259351763], [-70.68815594221773, 43.062297779448926], [-70.68821978627214, 43.062341012740134], [-70.68829662830318, 43.062331044306006]]]}, "properties": {"Hectares": 19.71544723988, "Acres": 48.7178880413, "Year": "2024", "Name": "Eelgrass", "Confidence": "H", "Notes": "UAV and Satellite Imagery Used", "Type": 1, "LABEL": "Gerrish Island Beds"}}, {"type": "Feature", "geometry": {"type": "MultiPolygon", "coordinates": [[[[-70.69294714230683, 43.06054682046799], [-70.69324834870817, 43.06024476725455], [-70.69307948079357, 43.060492015080975], [-70.69294714230683, 43.06054682046799]]], [[[-70.69103253514531, 43.06246672055588], [-70.69103435237632, 43.06246489837433], [-70.69103910928607, 43.06246773108779], [-70.69103253514531, 43.06246672055588]]], [[[-70.69277229248132, 43.06506446920399], [-70.69277898884977, 43.065013975574125], [-70.69273049214112, 43.06501469311735], [-70.6925789692051, 43.0648944460726], [-70.69270695520883, 43.06503155923098], [-70.69259454499793, 43.06498528932265], [-70.69249090978802, 43.065020375853734], [-70.69233367878009, 43.06500832119828], [-70.69231850011079, 43.064931852567156], [-70.69220437539978, 43.064823294107946], [-70.69205302050294, 43.06478718520288], [-70.69199631652636, 43.064864717872524], [-70.69199109996367, 43.06491272801753], [-70.69185373686503, 43.06490996619211], [-70.69186951862491, 43.064770726129694], [-70.69178351159451, 43.06473365138712], [-70.69169934966543, 43.06476365603524], [-70.6916968457328, 43.064672619371386], [-70.69161321094342, 43.06472178900124], [-70.69149234477958, 43.06484340987748], [-70.69137102823089, 43.06471098996008], [-70.69118476005191, 43.064593909671295], [-70.6909891118168, 43.06461118209999], [-70.69077082895527, 43.06451854126448], [-70.69031900673625, 43.06449166418344], [-70.69017940625226, 43.064407446123504], [-70.69004752565604, 43.06436625454781], [-70.68990376083627, 43.06436837815303], [-70.68960956493312, 43.06436793005975], [-70.68919199621769, 43.0643980620806], [-70.68909276133564, 43.06441170021819], [-70.68938212128162, 43.06412157332703], [-70.68950607429439, 43.06399729093438], [-70.68988418045717, 43.06361817623498], [-70.69020181591367, 43.06329968851713], [-70.69031970017471, 43.063181487124275], [-70.69035321224254, 43.06314788471962], [-70.69030114148667, 43.06324685765289], [-70.69022192738049, 43.06333790313581], [-70.69020871756278, 43.063451940430724], [-70.69044642260273, 43.063478387168374], [-70.69069723508088, 43.063684389174256], [-70.69078955647294, 43.06377290001958], [-70.69101141998263, 43.0638175540055], [-70.69120225668385, 43.063922583588365], [-70.69140060495945, 43.0640035348473], [-70.69158426267019, 43.06414461944701], [-70.69173145947352, 43.06414843472003], [-70.6916774096729, 43.064263076046885], [-70.69186759111808, 43.064344147244114], [-70.69187203928458, 43.06450585658051], [-70.69185183644291, 43.06460322076536], [-70.6919893306601, 43.064610773865546], [-70.69210405624135, 43.0645036238121], [-70.69220352783387, 43.06455487969344], [-70.69229725594536, 43.064634979702355], [-70.69236326376831, 43.064657970264875], [-70.69251058900082, 43.06478521115819], [-70.69267061464966, 43.06474878432905], [-70.69281732747544, 43.06479107940595], [-70.692896968223, 43.064893654484145], [-70.69283287696994, 43.06491535351917], [-70.69277103288049, 43.06487180279031], [-70.69268098076532, 43.06483163375582], [-70.69266020302699, 43.064811190463516], [-70.69271453506805, 43.06487560309486], [-70.69276392875138, 43.064907480526884], [-70.69279368643171, 43.06496039917206], [-70.69282756711316, 43.06501622118896], [-70.69277229248132, 43.06506446920399]]], [[[-70.69946347708883, 43.07332524255956], [-70.69943988430816, 43.0732797446883], [-70.69937764169391, 43.07329049337932], [-70.69939743451664, 43.07319850361304], [-70.69936672038065, 43.07321860899579], [-70.69928097566074, 43.07318713340449], [-70.69921948955896, 43.07306360258363], [-70.69923508972522, 43.0729814992418], [-70.69913495404032, 43.072914213976276], [-70.69909241568303, 43.07282969908717], [-70.699037566612, 43.0727846653235], [-70.69899620312198, 43.07274270627527], [-70.6989906522883, 43.07270349039123], [-70.69889944818554, 43.07263607317653], [-70.69886692527166, 43.07259070778985], [-70.69888306847648, 43.072528245584415], [-70.69891323976145, 43.07248849923187], [-70.69888207359321, 43.0724922370495], [-70.6987514964585, 43.07245487766742], [-70.69864315605203, 43.07241391296897], [-70.6986646691555, 43.072384119362276], [-70.69886759205214, 43.072453153774184], [-70.69879041771121, 43.072408451403305], [-70.6987530678655, 43.07235005851628], [-70.69873831634966, 43.072301154202], [-70.69867489898296, 43.07226934752343], [-70.69866388827272, 43.07219418937615], [-70.69863100406383, 43.07213573014244], [-70.69853660298658, 43.0721142075375], [-70.69845104107848, 43.07208927862019], [-70.69856614131709, 43.07205154649989], [-70.69852942485625, 43.072016067402686], [-70.69846100000083, 43.07196468578531], [-70.69840714678413, 43.07195566113876], [-70.69836578552064, 43.07191370182172], [-70.69831567439594, 43.07187842149782], [-70.69834931533211, 43.071802600471116], [-70.69829947555446, 43.071777141142384], [-70.69821919323695, 43.07178160786965], [-70.69826586866931, 43.071692494243656], [-70.69819406511371, 43.07168046004067], [-70.69815261254973, 43.0716352269887], [-70.69809537911414, 43.07166555069212], [-70.69804080302647, 43.07163033741774], [-70.69800782932404, 43.07156860431538], [-70.69797548844387, 43.0715297859842], [-70.69794287764714, 43.071481146617714], [-70.69800074252633, 43.071473737791855], [-70.6979861726577, 43.07143138159768], [-70.69799685558964, 43.071332976327106], [-70.69795383184106, 43.07139256235788], [-70.69790552918892, 43.071422753421544], [-70.69784346892925, 43.07144004859189], [-70.69789934647216, 43.071360622678014], [-70.69780639175347, 43.07139147636876], [-70.69777797413077, 43.07133295059491], [-70.69783593051034, 43.07132881550536], [-70.69789361570496, 43.07131485937914], [-70.69786601152653, 43.071285795750285], [-70.69780404177929, 43.07130636456676], [-70.69779713733956, 43.071218045341176], [-70.69787750935339, 43.071216852591014], [-70.6978895482771, 43.0711675514642], [-70.69779650465854, 43.071195130555346], [-70.69770309825006, 43.07120961671233], [-70.69769727726518, 43.07116057973013], [-70.69778603754294, 43.07113961340519], [-70.69778495296454, 43.07110033117153], [-70.69768279804076, 43.07112149625971], [-70.69773538513992, 43.07108469258895], [-70.69772482771907, 43.071025901761196], [-70.69769483708022, 43.071072194250185], [-70.69766448492983, 43.07110539385312], [-70.69762722855262, 43.07105027330553], [-70.6976267766925, 43.0710339058566], [-70.69758158266043, 43.071014927295415], [-70.69761193483805, 43.070981728614086], [-70.69769239693107, 43.07098380966887], [-70.69773659558535, 43.070966779638475], [-70.6976995199931, 43.070918206452234], [-70.69774646669279, 43.070838913132796], [-70.69767520647935, 43.07084651970226], [-70.6976546875129, 43.07091232169757], [-70.69761576752947, 43.07095874756721], [-70.69759217706782, 43.07091324925799], [-70.69753769231394, 43.07088130939287], [-70.69748875605823, 43.07088858550756], [-70.69745921711721, 43.07095124538818], [-70.6974152894903, 43.070978096323195], [-70.69736373397478, 43.07089044043038], [-70.69727672855896, 43.07081313366559], [-70.697300691439, 43.070624320500855], [-70.69723594015203, 43.0704909597286], [-70.69734560423727, 43.07035501231655], [-70.69724755794704, 43.07027971258664], [-70.69732251595866, 43.070150676100674], [-70.69732057474396, 43.070080345733444], [-70.69744354825639, 43.070110502367534], [-70.69757435992938, 43.07010856145478], [-70.69765037487718, 43.07001788712441], [-70.6975174454844, 43.06994310433541], [-70.69734214801507, 43.06991372406904], [-70.6973396773915, 43.069824213426045], [-70.69738186928514, 43.069772418219195], [-70.69744828243809, 43.06964990445912], [-70.69745612048916, 43.069617807052055], [-70.69748835627358, 43.06952138542195], [-70.69728725037933, 43.06950518007612], [-70.69739031114925, 43.06944608488419], [-70.69724029416875, 43.06938434826625], [-70.69741276644608, 43.06931143122054], [-70.69742703192306, 43.06919608809024], [-70.69739610466992, 43.06902384837235], [-70.697434589956, 43.068837786717346], [-70.69731250132949, 43.06883959805251], [-70.69733092853788, 43.06919111696441], [-70.69722108873442, 43.06932067094684], [-70.6972086627537, 43.069186534775156], [-70.69722116281227, 43.06900725562186], [-70.69713483880751, 43.06904051731547], [-70.69698482430313, 43.06897878031885], [-70.69690132295062, 43.06911433936558], [-70.6967965409555, 43.06878498847079], [-70.6965303761374, 43.068401663923225], [-70.69648907725635, 43.06813993135465], [-70.69654877581318, 43.067842086112464], [-70.6964710927432, 43.067730671079055], [-70.69635262919323, 43.067517323133416], [-70.69625885849713, 43.067206397704794], [-70.69627785649753, 43.067052753210675], [-70.69627965205652, 43.0669913027585], [-70.6960692949083, 43.066955965930774], [-70.69593213509592, 43.067047641102455], [-70.69594020357661, 43.066960504479376], [-70.69596653460393, 43.066908276737884], [-70.69607638888543, 43.066835637973355], [-70.69614145377673, 43.06691657212222], [-70.69630340988309, 43.06696837750024], [-70.69651828012967, 43.06672783089216], [-70.69663742175773, 43.06673540740447], [-70.69665362554235, 43.0666787138735], [-70.69685958542863, 43.0666812503556], [-70.69699039951556, 43.06672403738758], [-70.69724255618362, 43.06674266101604], [-70.69700286885454, 43.066623215786464], [-70.6969786134704, 43.06657325723878], [-70.69678197373683, 43.066632083116914], [-70.6966365304076, 43.06661187599263], [-70.69646075249781, 43.06659770951855], [-70.69644865946844, 43.066435751810985], [-70.69669396443165, 43.066482432475134], [-70.69676910891856, 43.06644218176724], [-70.69656923066712, 43.06638364558455], [-70.69643094800911, 43.06634655893443], [-70.696266646848, 43.06647199581108], [-70.69616586013925, 43.066411989701855], [-70.69618219855711, 43.06651175109432], [-70.6960781460437, 43.066646221245485], [-70.69599084432484, 43.06664495630643], [-70.69601065434998, 43.066571465145124], [-70.69610979306681, 43.066528022687294], [-70.69607074667915, 43.06645495561709], [-70.69597586104632, 43.06648138092395], [-70.69594427950281, 43.06634876395205], [-70.69605167931034, 43.06641927346819], [-70.6960286924834, 43.066277045343114], [-70.69589943632987, 43.06608327822407], [-70.69584804725662, 43.06629370026795], [-70.69570493505155, 43.06628784422891], [-70.6956762038505, 43.0662478046936], [-70.69572225738871, 43.06622567829078], [-70.69569973487403, 43.06610021538763], [-70.69552274799747, 43.06624960085592], [-70.69539387741465, 43.06606980546108], [-70.69517415756368, 43.06605209466883], [-70.69530947427685, 43.06611997698428], [-70.69526549279031, 43.06625341307818], [-70.69507551092569, 43.0662771945874], [-70.69490304556602, 43.06624480602789], [-70.69475704501802, 43.066135150153336], [-70.69510101487782, 43.06616499710595], [-70.69496550579107, 43.06609012973743], [-70.69467889667071, 43.066066420386676], [-70.69448314105308, 43.065880625215485], [-70.694354467956, 43.06570781426283], [-70.69411338392403, 43.065606554230065], [-70.69393938046531, 43.065518277620235], [-70.69392446554997, 43.06532281522429], [-70.69399953353732, 43.065279771497444], [-70.69419124469454, 43.06531886499427], [-70.69430654117303, 43.065352101283764], [-70.69446601174455, 43.06525888647098], [-70.69462471313255, 43.06513772769555], [-70.69490565428256, 43.06497441042016], [-70.69479946671588, 43.06495809292352], [-70.69474123998242, 43.064911245780664], [-70.69460450251525, 43.06496694379866], [-70.69440937404234, 43.06496983385283], [-70.69435894971497, 43.064910944215946], [-70.69435385888264, 43.06472614562607], [-70.69427789377228, 43.064625888342874], [-70.69414567464891, 43.064550318411676], [-70.6941023962362, 43.06445553990535], [-70.69404220026217, 43.06433715748951], [-70.69393617818588, 43.06432680055878], [-70.69379630515218, 43.06457683167567], [-70.69377389479114, 43.064657624633426], [-70.6937643303658, 43.0646996983566], [-70.69372618271215, 43.064742195234075], [-70.69366980979395, 43.064771858112294], [-70.69356334400675, 43.0647996417293], [-70.69360044362806, 43.06484888694474], [-70.69367377739033, 43.06491594105686], [-70.69375093862458, 43.064862383599845], [-70.69378479199777, 43.064793742712325], [-70.69386390092721, 43.06481091680478], [-70.69398180681284, 43.06480917109975], [-70.69402348982338, 43.06489503892204], [-70.69402886657109, 43.06496047825308], [-70.69408505790093, 43.06505399350004], [-70.69401374381557, 43.06506029096554], [-70.6939282101818, 43.06506941967945], [-70.69383195775653, 43.06507870702304], [-70.69379074200683, 43.06513959464713], [-70.69371484489142, 43.065109269169376], [-70.69361408166965, 43.06508455325769], [-70.69351310213072, 43.06505197818568], [-70.6934414994625, 43.06504779653505], [-70.69340201965213, 43.06491210149262], [-70.69338863224638, 43.064815331604], [-70.69337102286143, 43.06469503738106], [-70.69342180340583, 43.064592076203496], [-70.69349596861576, 43.06455952932552], [-70.69356536835043, 43.06461353795382], [-70.69361769720688, 43.064696627581725], [-70.69367385366998, 43.06465910565958], [-70.69369763759272, 43.064614200681916], [-70.69373950236253, 43.06457689029982], [-70.69374972020549, 43.06456986893446], [-70.69374696016278, 43.0645442941796], [-70.69378268780137, 43.06436485507314], [-70.69375287910273, 43.06416849472799], [-70.6936913708751, 43.06400242186325], [-70.69376290197468, 43.06394172647423], [-70.69382597475524, 43.06370781188676], [-70.69367762056159, 43.06361331644015], [-70.69358448757195, 43.063507826246834], [-70.69347762068092, 43.063407627830074], [-70.69341055993347, 43.06324068337936], [-70.69361343424991, 43.06329874856486], [-70.69384812238626, 43.06350392337866], [-70.69392485736995, 43.0635180538701], [-70.69378743732904, 43.063316528698564], [-70.69365099864596, 43.06315061058467], [-70.69383207974329, 43.063173375337946], [-70.6937954294003, 43.06310267172419], [-70.69347903129683, 43.062954685007476], [-70.69345394149772, 43.06305174813377], [-70.69323347518025, 43.06311098993405], [-70.6932165190394, 43.06299928253325], [-70.69310495569721, 43.06298057751729], [-70.69304567362683, 43.06284405181945], [-70.69284735963144, 43.06269940531759], [-70.69271120361903, 43.0625436599074], [-70.69264666562694, 43.06246827994978], [-70.69241940349376, 43.062532710191235], [-70.69226221599841, 43.06262154813781], [-70.69215269393325, 43.06242469687119], [-70.69214835578906, 43.0622670019703], [-70.69210183229927, 43.06208957492307], [-70.69190534066013, 43.06201105657677], [-70.69164086141467, 43.061856729679796], [-70.69251474532888, 43.06098042641636], [-70.6925654332223, 43.06107882533752], [-70.6925792187713, 43.06129285718733], [-70.69278587935642, 43.06134191086625], [-70.69285764460058, 43.06108029204633], [-70.69305704874162, 43.06115261364715], [-70.69312824755248, 43.061157350043686], [-70.69336695867958, 43.061223299362275], [-70.69345299814844, 43.06129145225238], [-70.69349944724445, 43.06142845678149], [-70.69342388132067, 43.06169280574127], [-70.69344074746773, 43.06180392285667], [-70.69359758284554, 43.06198383702683], [-70.69350598494422, 43.06216742950055], [-70.69337214588512, 43.06232127420306], [-70.6933658653431, 43.06259472247889], [-70.69354501315497, 43.06258194587191], [-70.69365208503757, 43.06245887013631], [-70.69378871162328, 43.06240622658574], [-70.69394053304687, 43.06240397881949], [-70.69405034330237, 43.06258094437992], [-70.69426199004904, 43.06270537566583], [-70.69431784409299, 43.06280822072793], [-70.69430321089025, 43.062918589435064], [-70.69426386055704, 43.06309411941278], [-70.69426653662062, 43.06319127219112], [-70.69429892409357, 43.063404616756465], [-70.6942519558585, 43.06334207218519], [-70.69427719550512, 43.063437077268865], [-70.69430289194297, 43.06354866226728], [-70.6943533716403, 43.06373867149144], [-70.69433258499821, 43.0638053296788], [-70.69429980699651, 43.06384728451527], [-70.69442612279761, 43.06391591082795], [-70.69448425637502, 43.063973105938835], [-70.69445273329613, 43.06406065741727], [-70.69455112542457, 43.06414213806335], [-70.69463335785257, 43.064252886482855], [-70.69479879249393, 43.06430434535231], [-70.6948797678717, 43.06436949612881], [-70.69497656179578, 43.06439294308283], [-70.69516472520029, 43.064448211359434], [-70.6953314176213, 43.06454526689937], [-70.69532759255594, 43.064611673915394], [-70.69535791633518, 43.06468586914428], [-70.6956027307915, 43.06474444386965], [-70.69568050772439, 43.064693528391906], [-70.69578506713847, 43.0645883064677], [-70.69577147383653, 43.06450557003116], [-70.69574520287595, 43.06437325964699], [-70.69570762573066, 43.06424111592856], [-70.69563704173153, 43.064142636560014], [-70.69551152279534, 43.06410302828123], [-70.69541855530048, 43.06401317383341], [-70.69554064471802, 43.06392842660165], [-70.69538006383694, 43.06384786927602], [-70.69538183218597, 43.06370684814066], [-70.69524340987869, 43.06360937376952], [-70.69517630986583, 43.063432052117264], [-70.69508888150065, 43.0633379686443], [-70.6951529519934, 43.063200171982324], [-70.69503297534129, 43.06315633437734], [-70.69517088155985, 43.06302988377508], [-70.69516294376875, 43.0629470643469], [-70.69512017154022, 43.062831584963], [-70.69515201802001, 43.062718720278006], [-70.69519971657981, 43.06263964954898], [-70.69516294021761, 43.06253652225132], [-70.69518985201701, 43.0625055867078], [-70.69513781385153, 43.06244566234561], [-70.69507243017979, 43.06233051795315], [-70.69506460563699, 43.06225184350292], [-70.69509035979235, 43.062160229734246], [-70.69513295850155, 43.062064220611894], [-70.6951025209321, 43.061985880302146], [-70.69502674456854, 43.06190406503531], [-70.69487896157192, 43.061877226806075], [-70.69473631775347, 43.06181030249503], [-70.69469757834186, 43.061770535194725], [-70.69458370158823, 43.061736127434735], [-70.69455247673565, 43.06165378432998], [-70.69447350819704, 43.06162522935491], [-70.69442271553487, 43.06159125221592], [-70.69451548944389, 43.06149363214382], [-70.69451466727462, 43.061463786474235], [-70.69449529791522, 43.0614176288127], [-70.69453010855146, 43.06136735045525], [-70.69459187020898, 43.06131003732341], [-70.69466222080152, 43.06123601024402], [-70.69476016423187, 43.061178161981395], [-70.69483005761111, 43.061087553076725], [-70.69483244585504, 43.06108290638117], [-70.69499043051178, 43.06110661567906], [-70.69514088213147, 43.06112175762311], [-70.69526007904757, 43.06114894165781], [-70.69528599280584, 43.06122961995941], [-70.6955864169816, 43.061242538966056], [-70.69587463983034, 43.06109930261621], [-70.6956842438973, 43.06106738446505], [-70.69565721289176, 43.060946191669736], [-70.69613790533218, 43.060910115263994], [-70.6961024282205, 43.061055394772396], [-70.69607420699504, 43.06117740656466], [-70.69608720686225, 43.061362499438836], [-70.69589162826536, 43.06142909084711], [-70.69581556745258, 43.061534440685], [-70.69569844368819, 43.0615824978476], [-70.69587353359114, 43.061632014751694], [-70.69601186938648, 43.06178050771141], [-70.69612317475563, 43.06180780872497], [-70.69606935730242, 43.06186071776196], [-70.69610460198729, 43.06199336873958], [-70.69594450525422, 43.06220129273253], [-70.69589497114961, 43.06230174072807], [-70.6958510229687, 43.062390859010826], [-70.69593086258236, 43.06278051176921], [-70.69609372038036, 43.06295904011553], [-70.69619298837144, 43.06297928151204], [-70.69647285269252, 43.063105410411126], [-70.69672371724357, 43.06325368177152], [-70.69671963865642, 43.06346363587148], [-70.6963680174749, 43.06359912841031], [-70.69622788716822, 43.06386447692694], [-70.69628224391927, 43.064157702865124], [-70.69638098331991, 43.06438241656977], [-70.69634314967338, 43.06468831837987], [-70.69663425378423, 43.06502028370302], [-70.69668816501463, 43.065042282338545], [-70.69687791559123, 43.06511613428439], [-70.69713479774954, 43.0649930502528], [-70.6972175740163, 43.06484869420618], [-70.6973593773288, 43.06487839695103], [-70.69749679218945, 43.064749132394724], [-70.6976899463652, 43.06467470231212], [-70.69794748330784, 43.064575462023775], [-70.69804394957528, 43.06453427270655], [-70.69828660790941, 43.06468175020141], [-70.69823635525407, 43.06482562425563], [-70.69833874876052, 43.06499903886981], [-70.69830153189488, 43.06522223554628], [-70.69813291082932, 43.06539967301439], [-70.69807225739474, 43.06555960457944], [-70.69797688675048, 43.06564053616049], [-70.69785851802452, 43.06567409929996], [-70.69747821976911, 43.06564793599057], [-70.69738710746898, 43.065490256472856], [-70.69720795616801, 43.06528617327275], [-70.69716152328832, 43.06517554041991], [-70.69688032777168, 43.065203565784934], [-70.6966201797181, 43.065315247282804], [-70.69664518794585, 43.06541665668581], [-70.69659759179177, 43.065502857756975], [-70.69640237170715, 43.06561767484552], [-70.69642924350367, 43.06597758193833], [-70.69679112054737, 43.06619585380941], [-70.69711569482513, 43.06629043357271], [-70.69746029416777, 43.06649653490014], [-70.69757255212127, 43.06688002325675], [-70.69754702936655, 43.06707258948236], [-70.69769126766259, 43.06724761418863], [-70.6977262085616, 43.06775540702432], [-70.69775495727187, 43.068169314960905], [-70.69771491225514, 43.06872139352616], [-70.69782676029207, 43.06906952788441], [-70.69801053185712, 43.06955401277693], [-70.69796067659311, 43.07021686150902], [-70.69804361982575, 43.07077155213783], [-70.69821662170321, 43.07096222973867], [-70.69836302367781, 43.07134654738701], [-70.69859871039648, 43.07178224196467], [-70.69881517553053, 43.07214333113494], [-70.69888527639414, 43.07228260775848], [-70.69891684727038, 43.072359492930616], [-70.69898285590388, 43.0724394649613], [-70.69906377954032, 43.072526411105784], [-70.69908103097414, 43.07261790110199], [-70.6991013233482, 43.07270844546168], [-70.6991365398614, 43.07276189121491], [-70.69922607664122, 43.0727830479386], [-70.69932559646527, 43.07294347429252], [-70.69937769641969, 43.07305288463591], [-70.69942936293339, 43.073146561175285], [-70.69949004059224, 43.07323335840945], [-70.69955384633624, 43.073322357614366], [-70.69953043590385, 43.073363181511546], [-70.69947530891133, 43.07336624889693], [-70.69953286652584, 43.07357310078887], [-70.69945333787648, 43.07344328811019], [-70.69940669511911, 43.07337193345319], [-70.69946347708883, 43.07332524255956]]]]}, "properties": {"Hectares": 17.4891837614, "Acres": 43.21667604364, "Year": "2024", "Name": "Eelgrass", "Confidence": "H", "Notes": "UAV and Satellite Imagery Used", "Type": 1, "LABEL": "Portsmouth Harbor"}}, {"type": "Feature", "geometry": {"type": "Polygon", "coordinates": [[[-70.68104265130879, 43.06677634378842], [-70.68091338550464, 43.06670412901524], [-70.68090005858951, 43.06662746580435], [-70.68098269078031, 43.06663723159415], [-70.68100783743951, 43.06659843261024], [-70.68109106961005, 43.06663014922397], [-70.68116973444471, 43.06663173827969], [-70.68122295273616, 43.066661150865606], [-70.68128799828332, 43.06671234933715], [-70.68132362997304, 43.066783194787206], [-70.68129489107945, 43.06682753655825], [-70.68121203357009, 43.06680953941226], [-70.6811429455859, 43.06674742044027], [-70.68110567178815, 43.06675345807264], [-70.68118284455198, 43.06683741798207], [-70.68111899899111, 43.06683012125314], [-70.68104265130879, 43.06677634378842]]]}, "properties": {"Hectares": 0.05084732476, "Acres": 0.12564636474, "Year": "2024", "Name": "Eelgrass", "Confidence": "H", "Notes": "UAV and Satellite Imagery Used", "Type": 1, "LABEL": "Gerrish Island Beds"}}, {"type": "Feature", "geometry": {"type": "Polygon", "coordinates": [[[-70.68023859262833, 43.067493611160245], [-70.68017706462776, 43.06743412554674], [-70.68013013162923, 43.06736070074483], [-70.68008814048136, 43.06733112278357], [-70.6800278870241, 43.06731828276769], [-70.67995438264924, 43.06723152325262], [-70.6799148599412, 43.06715524458271], [-70.67989247543352, 43.067021069996706], [-70.68001672413428, 43.06704669519621], [-70.68013341317226, 43.067069686312685], [-70.68021237841565, 43.06708225147259], [-70.68029321193846, 43.06702616502388], [-70.68035855700009, 43.0670883394815], [-70.68041716710182, 43.06717806246866], [-70.680437978382, 43.067254615799484], [-70.68045482237792, 43.06732299250448], [-70.68049427088832, 43.06739652710945], [-70.68050355516405, 43.067462269882284], [-70.68044891827483, 43.06751797169892], [-70.6803882897063, 43.06749141256168], [-70.68033312790175, 43.06752790728213], [-70.68027699146458, 43.067528731753015], [-70.68023859262833, 43.067493611160245]]]}, "properties": {"Hectares": 0.16778840114, "Acres": 0.41461380217, "Year": "2024", "Name": "Eelgrass", "Confidence": "H", "Notes": "UAV and Satellite Imagery Used", "Type": 1, "LABEL": "Gerrish Island Beds"}}, {"type": "Feature", "geometry": {"type": "Polygon", "coordinates": [[[-70.68291000667158, 43.06709612885775], [-70.68281609479057, 43.06708464321256], [-70.68269914486893, 43.06708636335251], [-70.68262979599379, 43.067117406350924], [-70.68243905690073, 43.06720170256436], [-70.68242022425981, 43.06715480043291], [-70.68231625922525, 43.06720350830757], [-70.68225099845644, 43.06717015586095], [-70.68217054056565, 43.067222806960544], [-70.68220165441262, 43.06729097359073], [-70.68206880313883, 43.06735297298535], [-70.68199535598134, 43.06738819329643], [-70.68200962436966, 43.067328108995476], [-70.68196716743995, 43.06727297609357], [-70.68186822864041, 43.067291586620705], [-70.681862054652, 43.06744230729492], [-70.68179641686065, 43.06750640636433], [-70.68180718868939, 43.06741257611581], [-70.68174016941256, 43.0673149141273], [-70.68174869905785, 43.06719898556153], [-70.68174015512318, 43.06710046399438], [-70.68174962263772, 43.067018833694526], [-70.6818152201785, 43.06685059814844], [-70.68193684469915, 43.06680592012063], [-70.68194644413538, 43.06694302722314], [-70.68198702477325, 43.066929563608916], [-70.68199567117412, 43.06681792230934], [-70.68197543198916, 43.06671957269359], [-70.68192419690632, 43.06655734363997], [-70.68191530107691, 43.06644596022733], [-70.68194768901697, 43.06634683691907], [-70.6819991433659, 43.066303190390585], [-70.6820144578626, 43.06622147409878], [-70.68214754130469, 43.0661680493628], [-70.68219922989043, 43.06613297731472], [-70.6822925538625, 43.06612302707891], [-70.682299339433, 43.066157239362084], [-70.68234776054351, 43.06621657345741], [-70.68241079203902, 43.06616846749674], [-70.6824799054074, 43.066128850076886], [-70.68255451422372, 43.066076284773864], [-70.68258574516362, 43.06614873859784], [-70.68259908206089, 43.066208588557934], [-70.68268749704383, 43.06623302225504], [-70.68272375454099, 43.066275379058354], [-70.68278211142672, 43.06627023172165], [-70.68278901459291, 43.066308731251965], [-70.68286608687616, 43.06634619866659], [-70.6829722790777, 43.066378948665445], [-70.6830839668417, 43.06639875069757], [-70.68317214761619, 43.066414609449325], [-70.6832666452233, 43.06644753122349], [-70.68337762911598, 43.0664416092812], [-70.68352966236571, 43.06643937220123], [-70.68361784330293, 43.06645523060629], [-70.68365410156747, 43.066497587100116], [-70.68378929687881, 43.06652133150552], [-70.68382309035321, 43.066473655072755], [-70.6839226141249, 43.066476479280965], [-70.68405769208866, 43.066495936089126], [-70.68424410558654, 43.06646745794509], [-70.68447156833238, 43.06644266413065], [-70.6845190523295, 43.066467699040736], [-70.68424048889246, 43.06654900231981], [-70.68438024037391, 43.06652549987664], [-70.68442772440008, 43.06655053482376], [-70.6841915014587, 43.06668268268159], [-70.68407596114423, 43.06673585155982], [-70.68401445651936, 43.066839693046234], [-70.68396276841328, 43.06687476590297], [-70.68399306230025, 43.06691292106745], [-70.68390102869243, 43.06697003277375], [-70.68383799758665, 43.06701813954337], [-70.68383952354733, 43.06707387417106], [-70.68374140730909, 43.06712249725785], [-70.68376573631029, 43.067156451259315], [-70.68375603670883, 43.0672295071211], [-70.68369850062076, 43.06726466592229], [-70.68366505874491, 43.06732520415861], [-70.68371359948445, 43.0673888249055], [-70.68368682669667, 43.06747928804449], [-70.68353046906321, 43.067537346055445], [-70.68341398774005, 43.06755621605835], [-70.68331972303014, 43.06753186900179], [-70.68324311833898, 43.067511551050096], [-70.68315423195173, 43.067469968701495], [-70.68312978582084, 43.06743172728785], [-70.68308697583375, 43.067363732979416], [-70.68309714557181, 43.06730782628421], [-70.68311889298239, 43.06724746025656], [-70.68306509210323, 43.06720536166972], [-70.68303900356952, 43.06710709830214], [-70.68291000667158, 43.06709612885775]]]}, "properties": {"Hectares": 1.87673230775, "Acres": 4.63750242843, "Year": "2024", "Name": "Eelgrass", "Confidence": "H", "Notes": "UAV and Satellite Imagery Used", "Type": 1, "LABEL": "Gerrish Island Beds"}}, {"type": "Feature", "geometry": {"type": "Polygon", "coordinates": [[[-70.68246024255058, 43.065139935329924], [-70.68244000562692, 43.065096347534926], [-70.68231506090035, 43.06507745057917], [-70.68222946352165, 43.06504968159844], [-70.6821880755424, 43.06498393978407], [-70.68226021092177, 43.06493311636181], [-70.68218580808887, 43.06490103516996], [-70.68216035963816, 43.06479773712475], [-70.68212379397947, 43.064725366244794], [-70.68228194798363, 43.064652589726904], [-70.68249828842401, 43.06454218294672], [-70.6826450199523, 43.064560129853845], [-70.68275193399651, 43.064793112283304], [-70.6829437975902, 43.06479029015016], [-70.6833315284515, 43.06459694209996], [-70.68321835617031, 43.06450926496789], [-70.68314476854654, 43.06445225483687], [-70.68329696931654, 43.06433608881969], [-70.68343081212838, 43.064325659513024], [-70.68352833457804, 43.064168310492924], [-70.68353881308859, 43.064074651915], [-70.68373590622778, 43.064015828931645], [-70.68376609436437, 43.06410112842743], [-70.68393100853243, 43.064125711549806], [-70.68397048795886, 43.064232355364055], [-70.68421243326796, 43.06438963174365], [-70.68450773081588, 43.06449250963597], [-70.68480266171835, 43.06458198882476], [-70.68528945716055, 43.064668641167316], [-70.68567299966246, 43.06465628934327], [-70.68596573007376, 43.06466537928356], [-70.68625772529654, 43.064647672639126], [-70.68664053258006, 43.06460852218598], [-70.68695282123427, 43.064664231813], [-70.68689469702521, 43.06466508883717], [-70.68676095823372, 43.06466706058755], [-70.6864786503804, 43.064704730734505], [-70.68643951052316, 43.06472194299477], [-70.68644253571375, 43.06476970174158], [-70.68637158629537, 43.06480013084026], [-70.68632480186587, 43.064760610765525], [-70.68619762769028, 43.064789291315655], [-70.68614944298709, 43.064780311493166], [-70.68605547659708, 43.06483491240002], [-70.68599940220962, 43.0649397675509], [-70.68593707971928, 43.06495396881466], [-70.68594401348716, 43.06487344821512], [-70.68588724458817, 43.06482357649414], [-70.68580487411347, 43.06485331899005], [-70.68575893760458, 43.06483258083427], [-70.68571936555406, 43.064863384632666], [-70.68571830536656, 43.064887301473334], [-70.68567997613238, 43.06491084625337], [-70.68561338038796, 43.06487752577698], [-70.68556046869276, 43.06488580085219], [-70.68553088700827, 43.06487245134806], [-70.68549682828525, 43.06488175882664], [-70.68546256280109, 43.06488352158745], [-70.6854238181192, 43.06490262047016], [-70.68541729160141, 43.064921927278775], [-70.68537407207681, 43.06490998437124], [-70.68534266425267, 43.06494262179411], [-70.6852650345154, 43.06493800770647], [-70.68512539675558, 43.06496947842152], [-70.68508143733237, 43.06495733469046], [-70.68503994582969, 43.06497914740045], [-70.68453902914794, 43.06496786074679], [-70.68443104426069, 43.065029765144594], [-70.68433036068078, 43.065024545245116], [-70.68430423546192, 43.065071840831884], [-70.68419514830723, 43.06509355157134], [-70.6841423485003, 43.06516804593214], [-70.684101618235, 43.065349588069], [-70.68397059008403, 43.06523758995875], [-70.68383409428247, 43.065259703775716], [-70.68379354643781, 43.06544794442753], [-70.68372720725336, 43.0653618010126], [-70.68368846107057, 43.06528195190029], [-70.68353130792808, 43.06521724872056], [-70.68343447453007, 43.06535270519697], [-70.6831779195979, 43.06532967377034], [-70.6829429388668, 43.06542695250349], [-70.68275855985881, 43.06536935005939], [-70.6826090774164, 43.065250920503125], [-70.6825235516751, 43.06513155020351], [-70.68246024255058, 43.065139935329924]]]}, "properties": {"Hectares": 2.16554345758, "Acres": 5.35116969101, "Year": "2024", "Name": "Eelgrass", "Confidence": "H", "Notes": "UAV and Satellite Imagery Used", "Type": 1, "LABEL": "Gerrish Island Beds"}}, {"type": "Feature", "geometry": {"type": "Polygon", "coordinates": [[[-70.6833714477545, 43.065563837533745], [-70.6833958213334, 43.06553496505431], [-70.68342642033538, 43.065566383243265], [-70.68346351234133, 43.0655842875996], [-70.68347142795069, 43.0656227486896], [-70.68349708648998, 43.065640821272424], [-70.68354538260952, 43.06565017430848], [-70.68355274755197, 43.06566851607095], [-70.68356500716803, 43.06569852680372], [-70.68355380311401, 43.06570707810174], [-70.68352513149205, 43.065746077572086], [-70.68349609269347, 43.06577166415518], [-70.68349472383693, 43.065805230004585], [-70.68346316882962, 43.06582246717777], [-70.68343660024459, 43.065854726539], [-70.68339410864226, 43.06580671048785], [-70.68338660606014, 43.0657833388846], [-70.6833652914619, 43.065756815935615], [-70.68339730536279, 43.06575634489088], [-70.68337105024447, 43.06571647635396], [-70.68336738686995, 43.06566621169401], [-70.6833779026058, 43.0656325112609], [-70.68335686339667, 43.06561604797004], [-70.68334908552447, 43.065582616701576], [-70.6833714477545, 43.065563837533745]]]}, "properties": {"Hectares": 0.03282912009, "Acres": 0.08112245071, "Year": "2024", "Name": "Eelgrass", "Confidence": "H", "Notes": "UAV and Satellite Imagery Used", "Type": 1, "LABEL": "Gerrish Island Beds"}}, {"type": "Feature", "geometry": {"type": "Polygon", "coordinates": [[[-70.68368667785982, 43.06588123769824], [-70.68371791154082, 43.06585226419519], [-70.68375838382917, 43.06582650928947], [-70.68377114018226, 43.06579109856085], [-70.68381262223487, 43.065802229052295], [-70.68386366426111, 43.06582831439348], [-70.68391095069232, 43.0658007818579], [-70.68395059657527, 43.06574484791155], [-70.68402852820866, 43.06575040997124], [-70.68406817395233, 43.06569447598595], [-70.68413384563185, 43.0656700273008], [-70.68417167247384, 43.06571475717488], [-70.68415073366141, 43.065785511389855], [-70.68410221655486, 43.06585163970204], [-70.68406892588935, 43.06588903001448], [-70.6840378759889, 43.0659247100489], [-70.68398743059028, 43.06592042071319], [-70.68397553796852, 43.06590382290791], [-70.68399785421069, 43.06588336701036], [-70.68406032124702, 43.06582541983115], [-70.68401920639182, 43.06582770230733], [-70.6839623600007, 43.06584028003167], [-70.68394260590149, 43.065870761922966], [-70.6839217041739, 43.06585932856951], [-70.68389664216662, 43.06586305201226], [-70.68387030331017, 43.06590369451886], [-70.68384986060842, 43.065909027249404], [-70.68383956620558, 43.06586724662788], [-70.68378212303162, 43.06585802833695], [-70.68376460964824, 43.065886799935015], [-70.6837748122032, 43.06592522734441], [-70.6837824067524, 43.06595195213835], [-70.68376932907289, 43.06597562659938], [-70.6837730387025, 43.06602756784778], [-70.68372744206319, 43.06603327074904], [-70.6836913594709, 43.06605225190142], [-70.68367480167127, 43.06603236814946], [-70.68367457218201, 43.06602398510027], [-70.6836728280667, 43.065960273926336], [-70.68369015792085, 43.06592479590213], [-70.68368667785982, 43.06588123769824]]]}, "properties": {"Hectares": 0.05469319418, "Acres": 0.13514970663, "Year": "2024", "Name": "Eelgrass", "Confidence": "H", "Notes": "UAV and Satellite Imagery Used", "Type": 1, "LABEL": "Gerrish Island Beds"}}, {"type": "Feature", "geometry": {"type": "Polygon", "coordinates": [[[-70.68610730929407, 43.06518348065823], [-70.68609146052457, 43.065168618661374], [-70.68609975980729, 43.06515843263865], [-70.68610267275047, 43.06513952024867], [-70.68607526704872, 43.065141182101975], [-70.68605719476265, 43.06517038160985], [-70.68602841873854, 43.0651846432868], [-70.68599761745962, 43.06518761312573], [-70.68599117104746, 43.06520280369218], [-70.68596331721443, 43.065188118590264], [-70.68594386611036, 43.065167019837816], [-70.68596907424711, 43.0651477789037], [-70.68598721550825, 43.06512109432119], [-70.68601928365209, 43.06510175228307], [-70.68604781834485, 43.06507868841657], [-70.68607302641297, 43.06505944746038], [-70.68608447992953, 43.06503915124139], [-70.68610660267412, 43.06503253538783], [-70.68615860447514, 43.06505189642071], [-70.68616097447128, 43.06507576280834], [-70.68611518631018, 43.065095307087795], [-70.68613316374633, 43.06512523327812], [-70.68614177327092, 43.065126364356324], [-70.68617940007874, 43.065122035918726], [-70.68615975072949, 43.065156290541964], [-70.6861722039621, 43.06517246053734], [-70.68620811578405, 43.065168157365974], [-70.68624447577412, 43.065180201110046], [-70.68628371419103, 43.06517207499291], [-70.68629502975362, 43.06514674893059], [-70.68632943339969, 43.06515001573457], [-70.68636020016378, 43.065145788350996], [-70.6863333116183, 43.065166312103585], [-70.6862619706447, 43.06519252289584], [-70.68622084482709, 43.06519438700307], [-70.68616294808908, 43.06521033587185], [-70.68611005847106, 43.065221179062455], [-70.68608341110985, 43.06525050494983], [-70.68606057293684, 43.06529361229839], [-70.68605207534429, 43.06535915165622], [-70.68603135725746, 43.06535442512299], [-70.68602853917888, 43.06531421180493], [-70.68604311254717, 43.06528254793785], [-70.6860542214019, 43.0652496771617], [-70.68608903018108, 43.06520513543495], [-70.68610730929407, 43.06518348065823]]]}, "properties": {"Hectares": 0.02680332823, "Acres": 0.06623240793, "Year": "2024", "Name": "Eelgrass", "Confidence": "H", "Notes": "UAV and Satellite Imagery Used", "Type": 1, "LABEL": "Gerrish Island Beds"}}, {"type": "Feature", "geometry": {"type": "Polygon", "coordinates": [[[-70.68681040104984, 43.06475042393818], [-70.6868424207322, 43.06474351106862], [-70.68687028544227, 43.064745247153446], [-70.68691073275222, 43.06472532845338], [-70.68694585592195, 43.06472481057121], [-70.686932831884, 43.06473036992197], [-70.68692264648516, 43.064732667028395], [-70.68688237575003, 43.06475902390524], [-70.68684479648499, 43.06477675338341], [-70.68681262964533, 43.06477830110996], [-70.6867943402714, 43.06480540732896], [-70.68682665426759, 43.064809224751215], [-70.68682911830078, 43.06484568615243], [-70.68674702481788, 43.06489520231918], [-70.68669417119224, 43.064943213893415], [-70.68664397960025, 43.0649815250348], [-70.68663569899834, 43.0649998959743], [-70.68659952413802, 43.06501545774239], [-70.68654853798712, 43.06502479706382], [-70.68652772571058, 43.065013295775586], [-70.68655795842825, 43.06499460123863], [-70.68652968168442, 43.064977842674764], [-70.6865729973534, 43.06495573488575], [-70.68658976454944, 43.06492650421681], [-70.68664917832923, 43.064904159082786], [-70.6866773589706, 43.064864025513145], [-70.6867071796014, 43.064830308534326], [-70.68672710904835, 43.064809618925786], [-70.68672666764931, 43.06479352349325], [-70.68678040394872, 43.06477770276984], [-70.68681040104984, 43.06475042393818]]]}, "properties": {"Hectares": 0.02510001999, "Acres": 0.06202344531, "Year": "2024", "Name": "Eelgrass", "Confidence": "H", "Notes": "UAV and Satellite Imagery Used", "Type": 1, "LABEL": "Gerrish Island Beds"}}, {"type": "Feature", "geometry": {"type": "Polygon", "coordinates": [[[-70.69688893363339, 43.06199924504387], [-70.69676177708106, 43.061944825566066], [-70.69669626234281, 43.06197394985549], [-70.69662440460718, 43.062026202182786], [-70.69660893534581, 43.06209809295336], [-70.69652618700557, 43.06213515071032], [-70.69645982527142, 43.062133575407906], [-70.69633936460903, 43.06206881883558], [-70.6962940075324, 43.06206949133423], [-70.69626168935166, 43.06203669914608], [-70.69632209270424, 43.06194878619222], [-70.69643659467143, 43.06192405442358], [-70.6965145837436, 43.06184099927781], [-70.69660438024337, 43.061806396344295], [-70.69671176271459, 43.06177665120753], [-70.69679821115872, 43.06174721644373], [-70.69689868603209, 43.06172013291249], [-70.69702464238344, 43.06173106135224], [-70.69715081052846, 43.061749664515666], [-70.69724180652115, 43.06175855197944], [-70.69729632962597, 43.061837082500986], [-70.69736702716071, 43.061869305009296], [-70.69746792555253, 43.061857570703275], [-70.6975653349121, 43.06184588807744], [-70.6976344792871, 43.061821828102545], [-70.6977147966509, 43.0618231956374], [-70.6977961731884, 43.0618629374179], [-70.69765090643558, 43.06191116106379], [-70.69757221281132, 43.06196863408836], [-70.69749267184852, 43.06199540761515], [-70.69738479523593, 43.062007245473055], [-70.69735857748158, 43.062069058470165], [-70.69735685332289, 43.06213306741431], [-70.69730941905487, 43.062184957824186], [-70.69719875893395, 43.06222243014719], [-70.69713451464918, 43.06229760386171], [-70.69708073727432, 43.06237262227961], [-70.6970229060978, 43.06242722612567], [-70.69694878964036, 43.06239761345356], [-70.69693222220283, 43.062303163808146], [-70.69690268682334, 43.062244737182766], [-70.69688333623854, 43.06217592215304], [-70.69692329881804, 43.06210622739758], [-70.69688893363339, 43.06199924504387]]]}, "properties": {"Hectares": 0.38195045356, "Acres": 0.9438192909, "Year": "2024", "Name": "Eelgrass", "Confidence": "H", "Notes": "UAV and Satellite Imagery Used", "Type": 1, "LABEL": "Portsmouth Harbor"}}, {"type": "Feature", "geometry": {"type": "Polygon", "coordinates": [[[-70.69895791770792, 43.062600695226706], [-70.69903460572854, 43.06259699705878], [-70.69898816183552, 43.062684704130206], [-70.6991323430086, 43.06272351227439], [-70.6991339938983, 43.06283065987388], [-70.69915800887898, 43.062910282405525], [-70.69928593647454, 43.0630003584671], [-70.6993852809157, 43.063042871438064], [-70.69942130403412, 43.063162305139016], [-70.69951084997496, 43.06324495313778], [-70.6993954023459, 43.063274980655414], [-70.69924544305833, 43.06327976734578], [-70.69913805928648, 43.0633095148774], [-70.69898774656085, 43.06330150980931], [-70.6988604441777, 43.06324197618456], [-70.6988511343037, 43.06315765640484], [-70.69884446562013, 43.063042585395664], [-70.69878652104757, 43.06296666577177], [-70.69882704719025, 43.06291743666826], [-70.69883567724858, 43.06285076583491], [-70.6988934365134, 43.06279360281197], [-70.69892557116813, 43.06269331159644], [-70.69895791770792, 43.062600695226706]]]}, "properties": {"Hectares": 0.2368470306, "Acres": 0.58526124107, "Year": "2024", "Name": "Eelgrass", "Confidence": "H", "Notes": "UAV and Satellite Imagery Used", "Type": 1, "LABEL": "Portsmouth Harbor"}}, {"type": "Feature", "geometry": {"type": "Polygon", "coordinates": [[[-70.69577299549415, 43.0667198464677], [-70.6958842288855, 43.066702841696994], [-70.69598235171499, 43.06671674316381], [-70.69595891448398, 43.06675292125431], [-70.69590699867072, 43.06676904682855], [-70.6959119693954, 43.066822719134485], [-70.69593353996936, 43.066845433378596], [-70.695841234124, 43.06691590362846], [-70.69574603597484, 43.06688148403], [-70.69565076739576, 43.066844506062964], [-70.69560064791929, 43.06679918088701], [-70.69568375570455, 43.066774915149246], [-70.69577299549415, 43.0667198464677]]]}, "properties": {"Hectares": 0.03995929218, "Acres": 0.09874147408, "Year": "2024", "Name": "Eelgrass", "Confidence": "H", "Notes": "UAV and Satellite Imagery Used", "Type": 1, "LABEL": "Portsmouth Harbor"}}, {"type": "Feature", "geometry": {"type": "Polygon", "coordinates": [[[-70.71743401033847, 43.0548082752995], [-70.71763908416516, 43.05460955351779], [-70.71768558184144, 43.05459855842875], [-70.71777418600412, 43.0545869311345], [-70.71788092937018, 43.05455443739037], [-70.71797392453013, 43.05453244699979], [-70.71809527799803, 43.05452032769124], [-70.718146549821, 43.054512693058356], [-70.71814492109456, 43.0544543677926], [-70.71820230850227, 43.05449812634576], [-70.71827687693607, 43.05448670944879], [-70.7183129634331, 43.05443811476098], [-70.71834189672317, 43.05446857124251], [-70.71837999538533, 43.054492025384384], [-70.71848301802318, 43.05449391032929], [-70.7185290363069, 43.05446576041461], [-70.71853580590133, 43.0543729856376], [-70.71858249489094, 43.05436885198399], [-70.71859415182541, 43.054451052963834], [-70.7186956409879, 43.05439804336455], [-70.71865581722996, 43.054312833179836], [-70.71873583054087, 43.05432879288574], [-70.71880228767142, 43.05436211787678], [-70.71875807284013, 43.05428727070553], [-70.71881440622856, 43.054293289081755], [-70.71888019242643, 43.05430259774989], [-70.71876188874533, 43.054256322348756], [-70.71869017826026, 43.05420248222928], [-70.71876560880607, 43.05422194309478], [-70.71879663292643, 43.054159694957214], [-70.71884761681676, 43.05414176732529], [-70.71890042179575, 43.05418902671089], [-70.71897909306168, 43.05415695369441], [-70.71904831146372, 43.05412159031947], [-70.71908278614936, 43.054182854384656], [-70.71915610780623, 43.054126835269805], [-70.71908000625506, 43.05408335838586], [-70.71894805089305, 43.05405101764631], [-70.71903627057807, 43.05402566580414], [-70.71908744600202, 43.05401459986138], [-70.7190390319198, 43.053956977575965], [-70.71914262882986, 43.053979447321645], [-70.71922664920922, 43.05397132011651], [-70.71926693376305, 43.05390550035766], [-70.71936107789644, 43.05392467961714], [-70.71941616460839, 43.053886096052956], [-70.71952300173584, 43.053857031704666], [-70.71960071338131, 43.05379064931347], [-70.71963183233362, 43.05373183185896], [-70.71969341906181, 43.053758364865566], [-70.71965963540212, 43.05388930146404], [-70.7195527024038, 43.05391493504385], [-70.71945025600388, 43.05393363642176], [-70.71939555277386, 43.05398594358665], [-70.7194480703925, 43.05402291002776], [-70.71961707002932, 43.05404096406303], [-70.71973890162484, 43.05404599750958], [-70.71976392413242, 43.05410397111047], [-70.71978378873739, 43.05414486055382], [-70.71978093232843, 43.054210117888395], [-70.71979163183833, 43.05425800976975], [-70.71981770938918, 43.05435372320036], [-70.71969177406132, 43.054369345542256], [-70.71960669843901, 43.05433973324709], [-70.71952543841832, 43.05427917251163], [-70.71948523007795, 43.054180239049614], [-70.71935356192944, 43.05415819147337], [-70.71928978909715, 43.05422093189405], [-70.71926315631761, 43.05427281716418], [-70.71937056943732, 43.05426433832332], [-70.7194465755363, 43.05430438410945], [-70.71933448388398, 43.05431293332996], [-70.71918791729156, 43.054260218423195], [-70.7191602299122, 43.054274363812056], [-70.71922697480642, 43.05431798124225], [-70.71925705891087, 43.054389608238964], [-70.7192050204144, 43.05436979619659], [-70.71917140827398, 43.054339410240196], [-70.71908328406148, 43.05436819308839], [-70.7190236140862, 43.05441027769147], [-70.7189711922313, 43.05437674195569], [-70.71887858107951, 43.054412456734255], [-70.71885710559594, 43.05448142611015], [-70.71875952820146, 43.054506918393066], [-70.718705111396, 43.054569517932315], [-70.71866615003476, 43.054515185828805], [-70.71859741013427, 43.05456770346724], [-70.71850947697162, 43.05460334767694], [-70.71841161176357, 43.05461854697641], [-70.71831345905275, 43.05462345350012], [-70.71818294004649, 43.054642575359864], [-70.7181084672112, 43.05465742309682], [-70.71806530682824, 43.0546203155289], [-70.71789392652799, 43.05468467103136], [-70.71785162837678, 43.05467844146639], [-70.717786991369, 43.054710302993655], [-70.71773209445912, 43.05475574759546], [-70.71768588402212, 43.05477703540098], [-70.71767309364455, 43.054821847803886], [-70.7176464592455, 43.054873732720374], [-70.71758678778387, 43.05491581659572], [-70.71756502335637, 43.054974493055084], [-70.71744529696505, 43.05504493709914], [-70.71730656884324, 43.055105369227576], [-70.71723773135344, 43.0551544551759], [-70.71714893475374, 43.05515922027073], [-70.71714759419756, 43.05511118767928], [-70.71720745766638, 43.05507596582456], [-70.71724745781162, 43.05499985404143], [-70.71736173970108, 43.05490203323596], [-70.71743401033847, 43.0548082752995]]]}, "properties": {"Hectares": 0.52785657154, "Acres": 1.3043608416, "Year": "2024", "Name": "Eelgrass", "Confidence": "H", "Notes": "UAV and GoPro Imagery Used", "Type": 1, "LABEL": "Little Harbor/Back Channel"}}, {"type": "Feature", "geometry": {"type": "Polygon", "coordinates": [[[-70.72015654011109, 43.053362690619174], [-70.7202949805043, 43.053344520008224], [-70.72033422841186, 43.05344046434362], [-70.72030157528013, 43.05358039402042], [-70.72013629212735, 43.05368477664296], [-70.72008317361573, 43.05361585591202], [-70.72005138585764, 43.05352516236312], [-70.72013835677946, 43.05349703967127], [-70.72015654011109, 43.053362690619174]]]}, "properties": {"Hectares": 0.05184437398, "Acres": 0.12811012485, "Year": "2024", "Name": "Eelgrass", "Confidence": "H", "Notes": "UAV Imagery Used", "Type": 1, "LABEL": "Little Harbor/Back Channel"}}, {"type": "Feature", "geometry": {"type": "Polygon", "coordinates": [[[-70.72046769436699, 43.05432569072389], [-70.72045069360469, 43.05420562581839], [-70.72028286103405, 43.05421887554121], [-70.72007922718596, 43.054259478401455], [-70.72001178773861, 43.0542014990014], [-70.71984185722916, 43.054139697251095], [-70.71992852940672, 43.054100853157955], [-70.72008144184078, 43.05407710221855], [-70.72016095356429, 43.05404372862797], [-70.7202406150794, 43.054015715756066], [-70.72037204661214, 43.05400837648589], [-70.72036012446958, 43.05410509022735], [-70.7205324186062, 43.05398987580133], [-70.72041395845648, 43.05393802691457], [-70.72043229117898, 43.05380903860903], [-70.72053508164434, 43.05382358194091], [-70.7206730731968, 43.05378932854227], [-70.72074317527219, 43.053681013694], [-70.72071138651022, 43.0535903203469], [-70.72082178655009, 43.05361547502808], [-70.72092517651855, 43.053651461098674], [-70.7209588778324, 43.05354905666698], [-70.72106166797067, 43.05356359953164], [-70.72099351584875, 43.053741604585845], [-70.72097173565797, 43.053747295234295], [-70.72084120435647, 43.05378679981005], [-70.72073961326043, 43.053815142925025], [-70.72061267952009, 43.05398330576122], [-70.72052094643087, 43.05410267187079], [-70.72069628041868, 43.05407329426683], [-70.72070168425053, 43.05426652219298], [-70.72046769436699, 43.05432569072389]]]}, "properties": {"Hectares": 0.22515106304, "Acres": 0.55635990136, "Year": "2024", "Name": "Eelgrass", "Confidence": "H", "Notes": "UAV and GoPro Imagery Used", "Type": 1, "LABEL": "Little Harbor/Back Channel"}}, {"type": "Feature", "geometry": {"type": "Polygon", "coordinates": [[[-70.72603370697855, 43.055748542084466], [-70.72581597865054, 43.05572668745137], [-70.72527889634436, 43.05572640810775], [-70.72492222221, 43.055639609170726], [-70.72463666536888, 43.05564391407633], [-70.72436229598183, 43.05563966992887], [-70.72418376481315, 43.05579319562961], [-70.72393990641251, 43.05565441505697], [-70.72372217903434, 43.05563255641958], [-70.72356297108328, 43.05566009414802], [-70.723304481622, 43.05581482301097], [-70.72300773598506, 43.05582767210687], [-70.7228109764939, 43.05573845815523], [-70.72242590109106, 43.055861572228984], [-70.72187950459923, 43.055936834671435], [-70.72149114478272, 43.055942678875546], [-70.72107923719625, 43.05592373681831], [-70.72113424002701, 43.05584749185987], [-70.72093982604272, 43.05584203665568], [-70.72059317375118, 43.055704795099], [-70.72066844476556, 43.05553606856061], [-70.72056119365703, 43.05537846671403], [-70.72050572203982, 43.05543795900005], [-70.7203700601879, 43.0554902773737], [-70.72022039966625, 43.05545062907481], [-70.72022789396235, 43.05571866763572], [-70.7197563010766, 43.05560844121036], [-70.71945947671065, 43.055668656567974], [-70.71922136377147, 43.05568489021686], [-70.71884087888442, 43.05556353966793], [-70.7184641770591, 43.05557757816797], [-70.7179711469617, 43.05551794472019], [-70.71804642501125, 43.055349219781846], [-70.71827625764931, 43.05523180395889], [-70.71850526386518, 43.05524847572535], [-70.71858136101257, 43.055354593184106], [-70.71890080976135, 43.05533638665198], [-70.71903768955478, 43.055327626299224], [-70.71931126175282, 43.055303404136666], [-70.71960179828173, 43.05523199987316], [-70.72017579233324, 43.05516303716518], [-70.7204115005814, 43.05509245518701], [-70.72077120105028, 43.05487922848428], [-70.72124542534206, 43.05483857607204], [-70.72172878665299, 43.0547977841936], [-70.7219460286977, 43.054720773165265], [-70.72240253822936, 43.0547004939193], [-70.72286111142746, 43.054753923369624], [-70.72305375367635, 43.05477783739641], [-70.72332938613803, 43.05482731619075], [-70.72352315504553, 43.054891435140945], [-70.72378833645247, 43.05489414379866], [-70.72396495714742, 43.05499874304977], [-70.72434742702305, 43.05494605276231], [-70.7245364511397, 43.05495626679923], [-70.72463543056116, 43.054978714424124], [-70.72474445990937, 43.055074279060435], [-70.7248788917832, 43.05512425292032], [-70.72497494058727, 43.05510599404443], [-70.72512904460062, 43.05509198849396], [-70.7251747710167, 43.055016088900494], [-70.72517633082724, 43.05496634565421], [-70.7251655617275, 43.054893810731635], [-70.72503622879046, 43.05473864098727], [-70.72488196832623, 43.05468099946929], [-70.724697364706, 43.05472589903099], [-70.72463512820413, 43.05458876363941], [-70.72453100906912, 43.054549857584064], [-70.72411869453778, 43.05449060515396], [-70.72371385547643, 43.05447389453199], [-70.72364803801213, 43.05440878331988], [-70.72370115202625, 43.05436889902472], [-70.72383799436729, 43.05442855700148], [-70.72389733582625, 43.054401786196166], [-70.7238886491823, 43.05432492755421], [-70.72380893489924, 43.05435854240215], [-70.72368901691529, 43.054299880945955], [-70.7235489126576, 43.05427288196878], [-70.72347492679121, 43.05430497649639], [-70.72340033481183, 43.054299908967515], [-70.72331706220966, 43.05422319119727], [-70.72314958848578, 43.054282873739545], [-70.72316984660768, 43.05433949654067], [-70.72329502496905, 43.054346962590266], [-70.72335369818273, 43.05438012228224], [-70.72344101683052, 43.05436907733373], [-70.7235050639987, 43.05437933429527], [-70.7235049083428, 43.05446557974955], [-70.72317133833931, 43.05445250427105], [-70.72278231928247, 43.05442702742328], [-70.7227119788767, 43.05441192289255], [-70.72254541084746, 43.0544328912605], [-70.72250112636107, 43.05437679893079], [-70.72271277694736, 43.054330462115665], [-70.72270305199739, 43.05428334890023], [-70.72263554618547, 43.05427409149721], [-70.7225158102665, 43.05429515598602], [-70.72238965981533, 43.05429620175494], [-70.7224036956111, 43.05438660446573], [-70.72231072973354, 43.05446243359], [-70.72219551408004, 43.05446975466279], [-70.72209629594695, 43.05452878161708], [-70.72178342220585, 43.05452881071608], [-70.72142582550826, 43.054555643816116], [-70.72125068209994, 43.05456900495994], [-70.72110792829471, 43.05469450212804], [-70.72090399359271, 43.05472438493127], [-70.72081492226152, 43.05467745743827], [-70.72090024508967, 43.05459036567678], [-70.72100854772182, 43.054540469359715], [-70.72077505714132, 43.054445100608234], [-70.72076920061244, 43.0542356954971], [-70.72078829649054, 43.05410133263799], [-70.72089062604175, 43.05408303404633], [-70.72098668787233, 43.05424918366016], [-70.72115965862345, 43.05430523975315], [-70.72145452263871, 43.05422538595602], [-70.72177696263785, 43.054166722663574], [-70.72189804544035, 43.054056943023255], [-70.72181158913648, 43.05391834264798], [-70.72205476274175, 43.053920810365334], [-70.72219237779206, 43.05381457922866], [-70.72232753586039, 43.05381370263621], [-70.72242392029867, 43.053749910921944], [-70.72245349641277, 43.053581871091076], [-70.72274788615793, 43.053485261644184], [-70.72310728758964, 43.0532619764049], [-70.72346879796106, 43.05311407582309], [-70.7237869660407, 43.053050624419214], [-70.72393606436471, 43.05309518573782], [-70.72392184997679, 43.05316520357135], [-70.72398773782639, 43.05325276092147], [-70.72428199632756, 43.05318749462841], [-70.7244235167213, 43.053253687417474], [-70.72428200129211, 43.05330974490273], [-70.72390475522771, 43.053404057427386], [-70.72385886953465, 43.053560259474295], [-70.7237670564563, 43.05362811382333], [-70.72372583370003, 43.05377436121684], [-70.72390049710133, 43.05383736039867], [-70.72404325414632, 43.0539276501495], [-70.72398956118012, 43.0540091022256], [-70.72387989631727, 43.054017680868334], [-70.72360688014122, 43.05406623720154], [-70.72386076966572, 43.054206438591855], [-70.72442633154239, 43.05421156750998], [-70.72468576207791, 43.05433803168365], [-70.7252601664538, 43.05444721121957], [-70.7254920418374, 43.05450087849655], [-70.72558960757608, 43.05456954304654], [-70.72558691742721, 43.05463868329572], [-70.7257380945151, 43.054635101568785], [-70.72582900511216, 43.05467929695693], [-70.72601318214748, 43.05471019489963], [-70.72621480780911, 43.05469570808913], [-70.7263461111321, 43.05475800884828], [-70.72648406102572, 43.05474775411343], [-70.72665048239504, 43.05481841225115], [-70.72705061556942, 43.05471635933037], [-70.72712444109882, 43.05483246008291], [-70.72691861540795, 43.05501138982411], [-70.7271559481811, 43.055019329359794], [-70.72734528699992, 43.05525110319195], [-70.72734975511925, 43.05541025049799], [-70.72718218416209, 43.05554685594233], [-70.72707242918999, 43.05570772756366], [-70.72689202387849, 43.05579424797645], [-70.72681692801396, 43.05583637780518], [-70.72695477808253, 43.055994414122445], [-70.72672374561218, 43.055905724249584], [-70.72638967809243, 43.0558102089834], [-70.72603370697855, 43.055748542084466]], [[-70.72666551619824, 43.05543365811856], [-70.72663641774538, 43.05541464620773], [-70.72662489435626, 43.05544025611618], [-70.72656608500473, 43.05545311351191], [-70.726600126714, 43.05543015624946], [-70.72658709234211, 43.055401924483405], [-70.72655330246555, 43.05543385535385], [-70.72654617672023, 43.05539805323883], [-70.7265742258658, 43.055379675123326], [-70.72661363049271, 43.05532970468679], [-70.72659464557576, 43.05530754766513], [-70.72657542593349, 43.055349732305], [-70.72651712029001, 43.05538053689872], [-70.72652406111098, 43.055337041330276], [-70.72647523941248, 43.05534226678086], [-70.72644567941703, 43.055306803196366], [-70.72641595158886, 43.05526535719468], [-70.726448986032, 43.0552065055256], [-70.72634738975356, 43.05522150469382], [-70.72632628155748, 43.055196387194535], [-70.72638828838997, 43.05515206072918], [-70.72637201453574, 43.055153802528196], [-70.72629897101669, 43.055168370806065], [-70.72624377921922, 43.05516471486165], [-70.72617088690053, 43.05511195018025], [-70.72617193591768, 43.05514934023992], [-70.7262543542742, 43.05517802142106], [-70.7262964447211, 43.05522376963635], [-70.72631610093552, 43.05526985634598], [-70.72636430994142, 43.055315512212886], [-70.72638579589112, 43.055354090123124], [-70.72643936805608, 43.05537273279287], [-70.72643579269645, 43.055390741569674], [-70.72649581911763, 43.05542125670113], [-70.7265007794419, 43.05545260279043], [-70.72660746235377, 43.05547343637006], [-70.7266626124717, 43.05547559653176], [-70.72666551619824, 43.05543365811856]]]}, "properties": {"Hectares": 9.12609765441, "Acres": 22.55105848587, "Year": "2024", "Name": "Eelgrass", "Confidence": "H", "Notes": "UAV and GoPro Imagery Used", "Type": 1, "LABEL": "Little Harbor/Back Channel"}}, {"type": "Feature", "geometry": {"type": "Polygon", "coordinates": [[[-70.72770489618017, 43.05234963979844], [-70.72795061575937, 43.05231073407632], [-70.72781948325839, 43.0525238836598], [-70.72786243594233, 43.05258859686086], [-70.7278194041814, 43.052765221018646], [-70.72767732494997, 43.052832728482734], [-70.7275513502571, 43.05298546582057], [-70.72735529221514, 43.053083954950324], [-70.72715711745553, 43.05310705815087], [-70.72701870428472, 43.053305233199836], [-70.72684094691999, 43.05332299981501], [-70.72663605910013, 43.05335123127299], [-70.72663769407244, 43.053165176648534], [-70.72673053439216, 43.05305316309274], [-70.72690617525126, 43.052960011047006], [-70.72716963553479, 43.0528202824872], [-70.72707129487284, 43.05273629379812], [-70.72711686796356, 43.05265013261747], [-70.72742370193947, 43.05259019409066], [-70.72752452176717, 43.05251828210165], [-70.72770489618017, 43.05234963979844]]]}, "properties": {"Hectares": 0.45754751399, "Acres": 1.13062353033, "Year": "2024", "Name": "Eelgrass", "Confidence": "H", "Notes": "UAV Imagery Used", "Type": 1, "LABEL": "Little Harbor/Back Channel"}}, {"type": "Feature", "geometry": {"type": "Polygon", "coordinates": [[[-70.72675679305733, 43.05350024422622], [-70.72683761999997, 43.053448745938304], [-70.72692699256993, 43.05345745263979], [-70.72691094695301, 43.05361858559296], [-70.72683026090296, 43.05367510964128], [-70.72664395687374, 43.05363267091515], [-70.72655275075492, 43.053558629792086], [-70.72662757101293, 43.053537389316396], [-70.72675679305733, 43.05350024422622]]]}, "properties": {"Hectares": 0.04533217148, "Acres": 0.11201813622, "Year": "2024", "Name": "Eelgrass", "Confidence": "H", "Notes": "UAV Imagery Used", "Type": 1, "LABEL": "Little Harbor/Back Channel"}}, {"type": "Feature", "geometry": {"type": "Polygon", "coordinates": [[[-70.72770457816635, 43.05331498923436], [-70.72777713973373, 43.05321333673505], [-70.72774208942016, 43.053430063003965], [-70.72771375089529, 43.05364166006416], [-70.7275747739533, 43.05381973293828], [-70.72749451158047, 43.05389133456279], [-70.7273409805446, 43.05403945988774], [-70.72741213256764, 43.05388755055141], [-70.72748229653871, 43.053700461234776], [-70.72759442546085, 43.05354290522299], [-70.72770457816635, 43.05331498923436]]]}, "properties": {"Hectares": 0.07648921314, "Acres": 0.18900879482, "Year": "2024", "Name": "Eelgrass", "Confidence": "H", "Notes": "UAV and GoPro Imagery Used", "Type": 1, "LABEL": "Little Harbor/Back Channel"}}, {"type": "Feature", "geometry": {"type": "Polygon", "coordinates": [[[-70.72797403189294, 43.05353268478991], [-70.72809205966166, 43.0534142897066], [-70.72802761761979, 43.05356889222107], [-70.72785457944904, 43.05392632955389], [-70.72766125924872, 43.054260098294435], [-70.72753619684873, 43.054463373283504], [-70.72741524725105, 43.0545802775218], [-70.72729564274735, 43.05474511049643], [-70.72714545449124, 43.054752172775146], [-70.72727756721683, 43.05466022565804], [-70.72730077001611, 43.05459236291978], [-70.72738106906387, 43.0544714694385], [-70.72743329342119, 43.05439396225343], [-70.72751479770744, 43.05431601293965], [-70.72757521523317, 43.054232244482186], [-70.72763502968385, 43.054127003867485], [-70.72771252278834, 43.05405525247582], [-70.72775672524708, 43.05399014126813], [-70.72781619460736, 43.05387263077753], [-70.72778937485384, 43.05381166085685], [-70.72787549146413, 43.053748985364585], [-70.72792301492635, 43.05365313645972], [-70.72797403189294, 43.05353268478991]]]}, "properties": {"Hectares": 0.10868507186, "Acres": 0.268566424, "Year": "2024", "Name": "Eelgrass", "Confidence": "H", "Notes": "UAV and GoPro Imagery Used", "Type": 1, "LABEL": "Little Harbor/Back Channel"}}, {"type": "Feature", "geometry": {"type": "Polygon", "coordinates": [[[-70.7231475795234, 43.05635301873212], [-70.72383013819076, 43.056298187379475], [-70.72452842560308, 43.05632762165165], [-70.72478232954792, 43.0564436671097], [-70.72474256345897, 43.05658012256137], [-70.72485575158474, 43.056730255187524], [-70.72450626960945, 43.056703557398684], [-70.72404561622263, 43.05659861857408], [-70.72373769416842, 43.056499368407245], [-70.72348423944014, 43.05639929691501], [-70.7231475795234, 43.05635301873212]]]}, "properties": {"Hectares": 0.33270120976, "Acres": 0.82212186672, "Year": "2024", "Name": "Eelgrass", "Confidence": "H", "Notes": "UAV and GoPro Imagery Used", "Type": 1, "LABEL": "Little Harbor/Back Channel"}}, {"type": "Feature", "geometry": {"type": "Polygon", "coordinates": [[[-70.71951820069715, 43.05748796240524], [-70.71949066314475, 43.05743850914609], [-70.71950490297269, 43.05738651003164], [-70.71955099821004, 43.057351293838686], [-70.7195968367989, 43.05740047201699], [-70.71961919913608, 43.05745192100305], [-70.71967410226895, 43.05745109577345], [-70.71971385470094, 43.05746967791822], [-70.71974837828402, 43.05748833864689], [-70.71977613043758, 43.057545460483524], [-70.71970847657519, 43.05755798522119], [-70.71962486810204, 43.057561159892174], [-70.71964445531619, 43.057606896683424], [-70.71963213335096, 43.057633933421606], [-70.71954180674595, 43.0576774863067], [-70.71947623129222, 43.05767080000357], [-70.71942649217166, 43.05757564920131], [-70.7194680017173, 43.05756351755864], [-70.71955144944705, 43.057554591518475], [-70.71953528054007, 43.05753757283373], [-70.71951820069715, 43.05748796240524]]]}, "properties": {"Hectares": 0.04632922565, "Acres": 0.11448190856, "Year": "2024", "Name": "Eelgrass", "Confidence": "H", "Notes": "UAV and GoPro Imagery Used", "Type": 1, "LABEL": "Little Harbor/Back Channel"}}, {"type": "Feature", "geometry": {"type": "Polygon", "coordinates": [[[-70.71887952468064, 43.057439381312605], [-70.71890282892484, 43.05736066495525], [-70.71885204351118, 43.05734527301196], [-70.71878652306648, 43.05741840224104], [-70.71877302865262, 43.05732132528316], [-70.7186748713447, 43.05729157578078], [-70.71837535637191, 43.05718099673921], [-70.71830613982473, 43.05708294136597], [-70.71834046602302, 43.05686825285353], [-70.71823160605122, 43.056716450438785], [-70.71843174138091, 43.056677642532385], [-70.71882693647557, 43.05664306438161], [-70.7191957299186, 43.056662073212955], [-70.71921554795551, 43.056772250303624], [-70.71883617037815, 43.056773858863075], [-70.71854683092099, 43.05680275537508], [-70.7185595852066, 43.05685984706967], [-70.71898495394561, 43.05690664837708], [-70.71937491563354, 43.05688442194928], [-70.7194649306549, 43.05671121931766], [-70.71944056356432, 43.05663793560116], [-70.71909759212403, 43.0565851669415], [-70.71965047239462, 43.05648095978258], [-70.72017223428432, 43.056433158529444], [-70.72062774195795, 43.056354385211044], [-70.72072846249365, 43.056448768754436], [-70.72065509143376, 43.056583559939845], [-70.72056908424416, 43.05659501321674], [-70.72039300406573, 43.0565337288679], [-70.72002687466637, 43.056691072864076], [-70.71993441755701, 43.056892251029886], [-70.72023853867061, 43.05685571261602], [-70.7205399786234, 43.056723315376345], [-70.72083007707477, 43.05657510487304], [-70.72110017528063, 43.0564911267325], [-70.72140339959778, 43.056422632601176], [-70.72201163481638, 43.05634954726449], [-70.72239424102666, 43.056391737074705], [-70.72280437772366, 43.05639576194915], [-70.72308151839877, 43.056417151590246], [-70.72333896167385, 43.05645544021833], [-70.7239275805811, 43.05666432943447], [-70.72383728538743, 43.05670884421988], [-70.72365374041998, 43.05669242992908], [-70.7234687633684, 43.05662489114048], [-70.72343497888166, 43.05666375939857], [-70.72339212166524, 43.05668997786888], [-70.72315682587782, 43.0566935219765], [-70.7229369907387, 43.05662650732979], [-70.72284783296303, 43.05664883209666], [-70.72282219406095, 43.0567225799599], [-70.72265798469796, 43.05670664930666], [-70.72275302416386, 43.05660550880126], [-70.72269693554547, 43.05656340327536], [-70.72261345249788, 43.056588819695314], [-70.72254042079078, 43.05659528803903], [-70.72253087089673, 43.05664643504425], [-70.7226112959975, 43.05664253976795], [-70.72247069352657, 43.05678696586522], [-70.72241661633953, 43.056723847780745], [-70.72221331671349, 43.05662461668931], [-70.72198177724117, 43.05676235950188], [-70.72180694718622, 43.056745811076844], [-70.721754232395, 43.05669032815468], [-70.72195684244114, 43.056671182368135], [-70.72198842252595, 43.05662238821377], [-70.72197220897884, 43.056566260259544], [-70.72186952894353, 43.05655975250544], [-70.7217343675988, 43.05656983975245], [-70.72171711785042, 43.05665126459467], [-70.72166910453414, 43.0565922969117], [-70.72156030762368, 43.05662883101263], [-70.72159424342622, 43.056686139250324], [-70.72133653355024, 43.056759282829674], [-70.72119995929557, 43.056863629120386], [-70.72097373479478, 43.05687981871071], [-70.72064543598539, 43.05698704814468], [-70.72044535499825, 43.05700284350566], [-70.7202354870502, 43.056980426337496], [-70.71996783214372, 43.057073955538634], [-70.71984240925221, 43.057203066125695], [-70.71964149536547, 43.057251478041806], [-70.71952713185411, 43.05721483760252], [-70.71942930494001, 43.05714598241333], [-70.71936238412536, 43.05734070276551], [-70.719074909591, 43.05743643558414], [-70.71902178977503, 43.05740976431094], [-70.71897049770068, 43.05745016161922], [-70.71887952468064, 43.057439381312605]]]}, "properties": {"Hectares": 1.96717055539, "Acres": 4.86098000768, "Year": "2024", "Name": "Eelgrass", "Confidence": "H", "Notes": "UAV and GoPro Imagery Used", "Type": 1, "LABEL": "Little Harbor/Back Channel"}}, {"type": "Feature", "geometry": {"type": "Polygon", "coordinates": [[[-70.71536875726504, 43.057230759947664], [-70.71534707917971, 43.05718613261878], [-70.71517283835223, 43.05716626870901], [-70.71506987712876, 43.05713784397217], [-70.71493523440533, 43.05707243374038], [-70.7148429035258, 43.05705883357256], [-70.71471930871228, 43.05702322572711], [-70.71461280700153, 43.05705104408242], [-70.71450109453929, 43.05707519439567], [-70.71439271442814, 43.057035612164434], [-70.7143693676311, 43.05693107317928], [-70.71429725355132, 43.0569096775707], [-70.71426390927502, 43.056996335871474], [-70.71421045270093, 43.05709453359617], [-70.71413677354319, 43.057016970893905], [-70.71416865738269, 43.056877890096835], [-70.71415448029552, 43.05673575337962], [-70.71408538629619, 43.05663939179215], [-70.71400608000107, 43.05654318315473], [-70.71395668124623, 43.05642030421433], [-70.71396428583702, 43.05632653954188], [-70.71397011703904, 43.05616911892355], [-70.71394176942863, 43.056068400781264], [-70.714041494447, 43.055980748092836], [-70.7142461602036, 43.05599266581466], [-70.71437277852453, 43.05613686374936], [-70.71448428743572, 43.056288780021546], [-70.71467801866766, 43.05645819407966], [-70.71479098234221, 43.05647897719806], [-70.71495500860766, 43.05649899480906], [-70.71505775993619, 43.056519930741636], [-70.71515957182716, 43.05650716639783], [-70.71522532673931, 43.05648370444424], [-70.71532786932725, 43.05649715120408], [-70.71542728941405, 43.05658181925326], [-70.71546585223962, 43.0566823838459], [-70.7155297377391, 43.056775076663655], [-70.71566959111101, 43.05684415409003], [-70.7156842938413, 43.05700501287327], [-70.71576151478165, 43.05702633101968], [-70.71590032462002, 43.0570579635159], [-70.71595264085003, 43.05710213122314], [-70.71591408808162, 43.05718512208691], [-70.71582759417315, 43.05719765737701], [-70.71575089513318, 43.05719506159579], [-70.71563397216325, 43.057215545125416], [-70.71553195038722, 43.05722082098131], [-70.71536875726504, 43.057230759947664]]]}, "properties": {"Hectares": 1.05989415849, "Acres": 2.61905318813, "Year": "2024", "Name": "Eelgrass", "Confidence": "H", "Notes": "UAV and GoPro Imagery Used", "Type": 1, "LABEL": "Little Harbor/Back Channel"}}, {"type": "Feature", "geometry": {"type": "Polygon", "coordinates": [[[-70.72828824915828, 43.056911807272215], [-70.72824013977231, 43.056875133671916], [-70.72817462560363, 43.05684735380311], [-70.72812827518786, 43.056803461212084], [-70.72820735330893, 43.05682528231973], [-70.72825473558069, 43.05683607437434], [-70.7282608539065, 43.0568202586847], [-70.7282820251777, 43.05682990823825], [-70.72833957499917, 43.05685349293644], [-70.72834468229995, 43.056903799586365], [-70.72836163107208, 43.05691004094546], [-70.7283860831968, 43.056888481470644], [-70.7284116498688, 43.05689683439044], [-70.7284040171477, 43.056912935347654], [-70.72844915628504, 43.05694908401406], [-70.72843328617739, 43.05697722452802], [-70.72838250730013, 43.056985184030616], [-70.72832267338696, 43.05695012606245], [-70.72828824915828, 43.056911807272215]]]}, "properties": {"Hectares": 0.01647370321, "Acres": 0.04070737118, "Year": "2024", "Name": "Eelgrass", "Confidence": "H", "Notes": "UAV and GoPro Imagery Used", "Type": 1, "LABEL": "Little Harbor/Back Channel"}}, {"type": "Feature", "geometry": {"type": "Polygon", "coordinates": [[[-70.72896048669975, 43.05751540592343], [-70.7289419686679, 43.057487868810796], [-70.7288388747599, 43.057449149428436], [-70.72884841656445, 43.057416399819836], [-70.72881389035034, 43.057397741884586], [-70.72871804734326, 43.05733781519871], [-70.7287220371367, 43.0572936416944], [-70.7287608223915, 43.05727771191386], [-70.72881038852697, 43.05727312700923], [-70.7288324716425, 43.05728788822577], [-70.72886497921543, 43.0572692546581], [-70.72886370045865, 43.05730876276596], [-70.72890019453041, 43.05730437535701], [-70.72894822382726, 43.05733817293676], [-70.72897285618663, 43.05736077883463], [-70.72895707788352, 43.057394111598036], [-70.7290073574158, 43.0573948182746], [-70.7290479746332, 43.05744407155442], [-70.72909845689364, 43.05747207810069], [-70.7291851100446, 43.0574841942132], [-70.7291522541302, 43.057524968079825], [-70.72912535550029, 43.05749852309371], [-70.72908325530321, 43.05748956953963], [-70.72903924115505, 43.057505578452414], [-70.72900601155045, 43.05752942652396], [-70.72896048669975, 43.05751540592343]]]}, "properties": {"Hectares": 0.04092533993, "Acres": 0.10112862796, "Year": "2024", "Name": "Eelgrass", "Confidence": "H", "Notes": "UAV and GoPro Imagery Used", "Type": 1, "LABEL": "Little Harbor/Back Channel"}}, {"type": "Feature", "geometry": {"type": "Polygon", "coordinates": [[[-70.72869358985918, 43.056748557263745], [-70.7287321589645, 43.05672480822202], [-70.72875881347146, 43.05674602718242], [-70.72878737782891, 43.056713160004115], [-70.72879797036543, 43.056679131057784], [-70.72882659923262, 43.056684765432585], [-70.72884138031017, 43.05668608662654], [-70.72886985782476, 43.05665013163891], [-70.72890269678412, 43.05669442735697], [-70.72888914344904, 43.05673197507516], [-70.72892325057015, 43.05675126511931], [-70.72887977500889, 43.05677817945959], [-70.72887002901534, 43.05680612864122], [-70.7288486051538, 43.056868234396], [-70.7288339541874, 43.05687154488807], [-70.72874435642414, 43.05683119590299], [-70.7287283829215, 43.05680971225837], [-70.72868453788398, 43.05680120874955], [-70.72865296405365, 43.05675713213104], [-70.72869358985918, 43.056748557263745]]]}, "properties": {"Hectares": 0.02511667111, "Acres": 0.0620645911, "Year": "2024", "Name": "Eelgrass", "Confidence": "H", "Notes": "UAV and GoPro Imagery Used", "Type": 1, "LABEL": "Little Harbor/Back Channel"}}, {"type": "Feature", "geometry": {"type": "Polygon", "coordinates": [[[-70.72912959590182, 43.05712347242755], [-70.72906702062434, 43.05707035888646], [-70.72902416677782, 43.05702351016588], [-70.72896793060362, 43.05698723319871], [-70.72900267620005, 43.056976265407805], [-70.72903344842814, 43.05699608509855], [-70.72903993892952, 43.05697690719781], [-70.72904322922396, 43.056996537954205], [-70.72906230141461, 43.05703141183751], [-70.72908414922254, 43.0570103786602], [-70.72908743953319, 43.057030009415094], [-70.72908852154734, 43.057048889738546], [-70.72912180435318, 43.057071075475854], [-70.72914715591011, 43.057073781422716], [-70.72917975742035, 43.057034674930584], [-70.72919498880088, 43.05705649892156], [-70.72917882366211, 43.05707639190119], [-70.72918201391334, 43.05711495744071], [-70.72920669212093, 43.057168643710185], [-70.72912959590182, 43.05712347242755]]]}, "properties": {"Hectares": 0.00993059976, "Acres": 0.02453902473, "Year": "2024", "Name": "Eelgrass", "Confidence": "H", "Notes": "UAV and GoPro Imagery Used", "Type": 1, "LABEL": "Little Harbor/Back Channel"}}, {"type": "Feature", "geometry": {"type": "Polygon", "coordinates": [[[-70.72876938476986, 43.05770688662513], [-70.72874669013643, 43.05767880982592], [-70.72868412679723, 43.05767110567515], [-70.72863637543428, 43.057650821291396], [-70.72860958342122, 43.05759685792975], [-70.72857450861395, 43.05754796226483], [-70.72853063009535, 43.05750636326343], [-70.7285236780885, 43.05748369782494], [-70.72854028532352, 43.057469398359274], [-70.72852311709048, 43.05744338201915], [-70.72846973490464, 43.057434448263976], [-70.72846812221785, 43.05741081772123], [-70.72848522288149, 43.05737785993636], [-70.72843956446663, 43.05737367960417], [-70.72841297109825, 43.0573726898965], [-70.72841141704987, 43.05735114566449], [-70.72842246530718, 43.057339151301036], [-70.72845701683063, 43.05735323969614], [-70.72848244689601, 43.057346593910495], [-70.72850724121518, 43.057351089445106], [-70.72855520668534, 43.05736984527782], [-70.7285843803197, 43.057397372382425], [-70.72863777485072, 43.05743102966058], [-70.72870026190658, 43.05746574561205], [-70.72873736816317, 43.05752696694511], [-70.72876709609062, 43.05750551186487], [-70.72885379524314, 43.05753262149534], [-70.72887648986868, 43.057560698274074], [-70.72889574643004, 43.05758635572232], [-70.72893195047075, 43.05761546398089], [-70.72892755697767, 43.05763900753717], [-70.7289500086977, 43.057658438490535], [-70.72896789339195, 43.05769523741885], [-70.7289442432755, 43.05769312354098], [-70.7289406134299, 43.05774383963963], [-70.72893755715751, 43.05775500658676], [-70.7289230576328, 43.057778702863324], [-70.72887832768346, 43.05774601652136], [-70.72884748898097, 43.057727947931326], [-70.72876938476986, 43.05770688662513]]]}, "properties": {"Hectares": 0.07537707927, "Acres": 0.18626065459, "Year": "2024", "Name": "Eelgrass", "Confidence": "H", "Notes": "UAV and GoPro Imagery Used", "Type": 1, "LABEL": "Little Harbor/Back Channel"}}, {"type": "Feature", "geometry": {"type": "Polygon", "coordinates": [[[-70.7289667255049, 43.05844911377983], [-70.72882545300828, 43.058373101191485], [-70.72880628201136, 43.058379078607395], [-70.72880300160807, 43.05837947297752], [-70.72878238699552, 43.05834947011031], [-70.72876019789415, 43.05832739912633], [-70.72875440072207, 43.05831298854761], [-70.72880155770414, 43.05832809217224], [-70.72881889473383, 43.0583054239235], [-70.72886725597535, 43.05829942106759], [-70.7289289342157, 43.058319577267326], [-70.7289370464366, 43.05835240507607], [-70.72895454918026, 43.05839958914977], [-70.72896629174511, 43.05843368010982], [-70.7289667255049, 43.05844911377983]]]}, "properties": {"Hectares": 0.01330372076, "Acres": 0.03287418088, "Year": "2024", "Name": "Eelgrass", "Confidence": "H", "Notes": "UAV and GoPro Imagery Used", "Type": 1, "LABEL": "Little Harbor/Back Channel"}}, {"type": "Feature", "geometry": {"type": "Polygon", "coordinates": [[[-70.72865630844265, 43.05827624824815], [-70.72863415643245, 43.0582554946949], [-70.72869322345836, 43.05824669412337], [-70.72869757679831, 43.05820972389656], [-70.72865749542913, 43.058190559271765], [-70.72860337414463, 43.058183468907224], [-70.72853447257258, 43.05816210364806], [-70.7285247120244, 43.05813457277688], [-70.72852297223044, 43.05807265230744], [-70.72852062034306, 43.05805291759944], [-70.72860067178625, 43.05808729456559], [-70.72861823093913, 43.0580725310867], [-70.728657942021, 43.05807852116009], [-70.72869237426389, 43.05808854503006], [-70.72872619456089, 43.0581407546496], [-70.72876353415019, 43.058190275048595], [-70.72880956081666, 43.05822912003835], [-70.72877168328627, 43.05822442032823], [-70.72875416115076, 43.05824050128701], [-70.72875336410428, 43.05827609976302], [-70.72872637746086, 43.05827518952074], [-70.72873122947715, 43.05831992875052], [-70.72871480054351, 43.058310950880646], [-70.72865630844265, 43.05827624824815]]]}, "properties": {"Hectares": 0.02761242214, "Acres": 0.06823172074, "Year": "2024", "Name": "Eelgrass", "Confidence": "H", "Notes": "UAV and GoPro Imagery Used", "Type": 1, "LABEL": "Little Harbor/Back Channel"}}, {"type": "Feature", "geometry": {"type": "Polygon", "coordinates": [[[-70.87718508878257, 43.07871925870776], [-70.87731231884109, 43.07867826935244], [-70.87731965212443, 43.07873547756747], [-70.8773462772465, 43.0787841793954], [-70.87739386093406, 43.07878749339767], [-70.8773845691672, 43.078849069339796], [-70.87729108910628, 43.07889769472674], [-70.87725573452984, 43.0789289866266], [-70.877183587927, 43.07894450266712], [-70.87709648296325, 43.078927504933674], [-70.87712569181626, 43.0788778868912], [-70.87703312855467, 43.07886507357021], [-70.87696785738531, 43.07883133789874], [-70.87696064938467, 43.07877822250269], [-70.87701554583558, 43.078746610054345], [-70.87712392167559, 43.07872845219807], [-70.87718508878257, 43.07871925870776]]]}, "properties": {"Hectares": 0.06183425715, "Acres": 0.15279564192, "Year": "2024", "Name": "Eelgrass", "Confidence": "H", "Notes": "UAV and GoPro Imagery Used", "Type": 1, "LABEL": "Great Bay"}}, {"type": "Feature", "geometry": {"type": "Polygon", "coordinates": [[[-70.77481851539588, 43.105726422430635], [-70.77476117554305, 43.10574569487706], [-70.77473911347968, 43.10572170498247], [-70.77474652870062, 43.10570632830002], [-70.77479052871755, 43.10569291908306], [-70.77480677222903, 43.10567438680599], [-70.77481674503136, 43.10564649363123], [-70.77478990629618, 43.105617764181076], [-70.77473568970437, 43.10562848403705], [-70.7747103497111, 43.10565805525233], [-70.7746888033501, 43.105681323747355], [-70.7746716093597, 43.10568897292697], [-70.7746336873122, 43.10570267025701], [-70.77460840694053, 43.105732455124084], [-70.77458016551883, 43.10572930604922], [-70.77456499280503, 43.10571250230942], [-70.77455211146192, 43.105690282251146], [-70.77456282660972, 43.10566630926824], [-70.7745836308154, 43.10565798279251], [-70.77460025885355, 43.10565344894424], [-70.774617048307, 43.105633391582536], [-70.77461241427476, 43.105606596240264], [-70.7745521998949, 43.105606324344556], [-70.77452124936822, 43.105598907674626], [-70.77449403434007, 43.1055945263894], [-70.77446983352502, 43.10560476361614], [-70.77444276851453, 43.10561699564451], [-70.7744104444753, 43.10561625217874], [-70.77439144056937, 43.105600836232874], [-70.77435393477495, 43.105544144707665], [-70.77435283222833, 43.10550598205963], [-70.77434052307545, 43.10548071981691], [-70.77430494319393, 43.10545157631815], [-70.77433178613127, 43.10544550371235], [-70.77431187222047, 43.10543461070131], [-70.77433396052415, 43.10542558516295], [-70.77438823933778, 43.105420120071976], [-70.77442918265996, 43.105423089753884], [-70.77449353957567, 43.105425886725186], [-70.77453434938536, 43.10542423525953], [-70.77456336987943, 43.10541531535219], [-70.77459073764207, 43.10541304630268], [-70.77460920168198, 43.105415474440804], [-70.77465538569592, 43.10542470772061], [-70.77467332851144, 43.105437801340955], [-70.77467640679922, 43.10546300734056], [-70.7746778956927, 43.10548287664501], [-70.77469612886242, 43.10550079086553], [-70.7747313203282, 43.105492849973714], [-70.77475095510017, 43.10545879829522], [-70.77476483516823, 43.10540484849351], [-70.77475355631692, 43.10534846088509], [-70.77471227096292, 43.10532223415821], [-70.77469899158591, 43.10523433725342], [-70.77451096518512, 43.10520510504444], [-70.77448035715089, 43.10518102554945], [-70.77449742225164, 43.10516086736893], [-70.77446624922854, 43.10511559594564], [-70.77446871128323, 43.1050598560451], [-70.77449617186862, 43.10502362183722], [-70.77455775574671, 43.10499382100245], [-70.7745863720495, 43.10495060613069], [-70.77463657692866, 43.10494982730168], [-70.77468074430891, 43.1049750036228], [-70.77468073766954, 43.105021753375475], [-70.77468892983619, 43.105070365281065], [-70.77470056065238, 43.10509704102486], [-70.77471822236741, 43.105144511345294], [-70.7747635457043, 43.10516270698613], [-70.77479154227086, 43.10519734157223], [-70.77476317087435, 43.10521554142766], [-70.77473770698927, 43.10526040464588], [-70.77475254744668, 43.10529086157892], [-70.77480509690265, 43.10529771809353], [-70.77483536885981, 43.10537908088265], [-70.7748916285391, 43.10539355158568], [-70.77491888851624, 43.10524992183602], [-70.77487417235044, 43.10518585746587], [-70.77486684610408, 43.105106662448044], [-70.77484124642096, 43.10507993826693], [-70.77487060958795, 43.105062573245256], [-70.77489252096787, 43.105069195995576], [-70.7749357567088, 43.10510901057923], [-70.77498132899903, 43.105115975269676], [-70.77507551885995, 43.105114513757094], [-70.7750387868389, 43.10505115211793], [-70.77498986532213, 43.10497273830757], [-70.77494449383303, 43.104948565229904], [-70.77483868849754, 43.10499734234522], [-70.77479034128964, 43.10505570249257], [-70.77478407528706, 43.105024376043], [-70.77480190725068, 43.10496125205876], [-70.77480039449097, 43.104908902754595], [-70.77482665671377, 43.104890164831126], [-70.77494902856249, 43.10485815183394], [-70.77504654603042, 43.10483176164715], [-70.7751317119472, 43.10481080032123], [-70.77516033579799, 43.104750127454295], [-70.77510273476189, 43.10467377143796], [-70.77505512346114, 43.10463392132558], [-70.77510377269451, 43.104586030932275], [-70.77517970512638, 43.1045547382936], [-70.77521691065763, 43.10454368637795], [-70.77525989059082, 43.10454694735266], [-70.77529674750392, 43.10458565495866], [-70.77536465725387, 43.104585910366644], [-70.77541550845338, 43.1045523881806], [-70.77536458966186, 43.104521754764775], [-70.77539388298175, 43.1044075242469], [-70.77544993991415, 43.10438168095221], [-70.77560070361291, 43.10438974648639], [-70.77570780092448, 43.104361029716195], [-70.77562161086507, 43.104326988753826], [-70.77552146683509, 43.104301488734635], [-70.77557264005995, 43.104204963533384], [-70.77562615850684, 43.10418956508915], [-70.77561648670057, 43.10424798621584], [-70.7756562315586, 43.104247369297916], [-70.77570703138403, 43.104236175229126], [-70.77573445829296, 43.10420245177388], [-70.77576382194724, 43.10413748163921], [-70.77577971270705, 43.104097693926825], [-70.77582447369662, 43.104074106904136], [-70.77588385022128, 43.104064860722666], [-70.77595488310834, 43.10406583908513], [-70.77595875645733, 43.10400334573424], [-70.77597102621314, 43.10393655981503], [-70.77601306841007, 43.103917177141916], [-70.77607582502871, 43.10392660834957], [-70.77612462776663, 43.10394458060381], [-70.77615077945246, 43.1039649856368], [-70.7761746336559, 43.10400415630161], [-70.77620456142904, 43.104056922441096], [-70.77628234588117, 43.104108750378806], [-70.77634285106217, 43.104026517611125], [-70.77641262045222, 43.10398381205697], [-70.77641443656451, 43.1039484050315], [-70.77634310300665, 43.10393702608672], [-70.77627708632204, 43.10391307789569], [-70.77619149816348, 43.103899839086864], [-70.7761389542211, 43.1038507083386], [-70.77620297954407, 43.10383298591272], [-70.77627280620115, 43.10384463119526], [-70.77628199291723, 43.10381902955766], [-70.77626500092839, 43.10372826898494], [-70.77624784771473, 43.10363796553644], [-70.77626147775163, 43.10361493423135], [-70.77628683932123, 43.10361314382155], [-70.77641317237943, 43.10363514264754], [-70.77647645061877, 43.10367780398408], [-70.77652964857079, 43.10371516633162], [-70.77659989576742, 43.10374135287854], [-70.77664786962565, 43.1037697038059], [-70.7766620606432, 43.1038313123838], [-70.7767101923436, 43.10386511633086], [-70.77670913135971, 43.10391423228971], [-70.77673799618306, 43.10396833895478], [-70.77681584352905, 43.10399986282204], [-70.7768887821916, 43.10403328138158], [-70.77691289622733, 43.104094735791264], [-70.77692904239588, 43.10413812897045], [-70.77697991811293, 43.10418098267397], [-70.77706742561642, 43.10420326381336], [-70.77711576820668, 43.10424433830727], [-70.77708757779811, 43.10429933121297], [-70.77706904712711, 43.104345081557234], [-70.777031593534, 43.104345494040956], [-70.77692689617338, 43.10430497795998], [-70.77685051646338, 43.1042492720934], [-70.77681205247326, 43.10421194135397], [-70.77672496744358, 43.10418379425231], [-70.77668038921865, 43.10413391570478], [-70.77662616320025, 43.104123461370946], [-70.77664433163915, 43.104215668157664], [-70.77668762215816, 43.10425984367352], [-70.77662997942231, 43.10428008996189], [-70.77657509483011, 43.10427930699125], [-70.77655017731082, 43.104205472956444], [-70.77657721549937, 43.10414605366319], [-70.77654755769355, 43.104114907434784], [-70.77654303842908, 43.10405808535007], [-70.77653319683402, 43.10401609576717], [-70.77641644322591, 43.10405583704627], [-70.77640983028272, 43.10412547473196], [-70.77643489016972, 43.10418261545615], [-70.77646956574141, 43.104369383001604], [-70.77643709002298, 43.10443322154141], [-70.77643553829402, 43.104526422293496], [-70.77639302512631, 43.10458880532118], [-70.776447741328, 43.1045413935954], [-70.77645337783748, 43.10457871853187], [-70.77644034284856, 43.10461701365184], [-70.77647089089523, 43.10464398678331], [-70.77646692578293, 43.10467260437968], [-70.77645544199484, 43.10469847589721], [-70.77645779581896, 43.10472755121954], [-70.77647365798288, 43.10476140824421], [-70.77648063209794, 43.104828027035325], [-70.77641537154885, 43.10492210337124], [-70.77638115568638, 43.10506394319921], [-70.77641847532226, 43.105191993367065], [-70.77645106396312, 43.105316684827], [-70.77643162954139, 43.10538883478902], [-70.77636533454142, 43.10543032450905], [-70.77629983355276, 43.10543703551383], [-70.77608705052229, 43.105458836259125], [-70.7760656632773, 43.105487393099175], [-70.77601273722625, 43.105511104121646], [-70.77599114088953, 43.10551364800535], [-70.77588008823592, 43.105570803391785], [-70.77565917703993, 43.10564070680232], [-70.77557569787642, 43.10569600669558], [-70.7755093032834, 43.10572249038258], [-70.77536177094012, 43.105823222607484], [-70.7752813500539, 43.10584820338199], [-70.77515121823222, 43.10591300728257], [-70.77507778064793, 43.10593620625517], [-70.77493299122564, 43.10603075539738], [-70.77477922101241, 43.10609010422531], [-70.7747341168626, 43.10604483583703], [-70.77474905114758, 43.10601066659198], [-70.77479605958001, 43.10598448411759], [-70.77480929175208, 43.10594150336795], [-70.77487127514087, 43.10588256504089], [-70.77489792313811, 43.10580296396272], [-70.77481851539588, 43.105726422430635]]]}, "properties": {"Hectares": 2.32231559535, "Acres": 5.73856173761, "Year": "2024", "Name": "Widgeon Grass", "Confidence": "H", "Notes": "UAV Imagery Used", "Type": 3, "LABEL": "Spinney Creek"}}, {"type": "Feature", "geometry": {"type": "Polygon", "coordinates": [[[-70.77357788301514, 43.10492044354535], [-70.7734360182212, 43.10485499475481], [-70.77356687384605, 43.10484860166247], [-70.77365066669476, 43.10486257791133], [-70.77363787741331, 43.10483222541678], [-70.77371388975455, 43.10478303847951], [-70.77378768106833, 43.104760072319166], [-70.77383392472818, 43.10471134688538], [-70.77389283167979, 43.10468861145614], [-70.77389366656477, 43.10461440374074], [-70.77398550765908, 43.1045977041557], [-70.77401691415291, 43.104653954290605], [-70.77404458780755, 43.104684075916744], [-70.77406106277448, 43.104635812041316], [-70.77411800083219, 43.10464802221541], [-70.77413668099032, 43.104676101097056], [-70.77416628639996, 43.104737648563386], [-70.77417580637845, 43.10482478067654], [-70.77415101495421, 43.10487100347372], [-70.77411302419866, 43.10488814129004], [-70.77398774426263, 43.104881355348326], [-70.77390065946734, 43.10485651939931], [-70.77380085648986, 43.10490622745793], [-70.7736751744392, 43.104886202115125], [-70.77357788301514, 43.10492044354535]]]}, "properties": {"Hectares": 0.09672256008, "Acres": 0.23900643975, "Year": "2024", "Name": "Widgeon Grass", "Confidence": "H", "Notes": "UAV Imagery Used", "Type": 3, "LABEL": "Spinney Creek"}}, {"type": "Feature", "geometry": {"type": "Polygon", "coordinates": [[[-70.77453258923047, 43.104245216618914], [-70.77454072562865, 43.10422823343515], [-70.77448629447144, 43.10423539914197], [-70.7744289280453, 43.104240503231864], [-70.77443939123516, 43.104204519872866], [-70.77446967098432, 43.104157693519106], [-70.77452037574847, 43.10412108592818], [-70.77454495312125, 43.10417548982744], [-70.77458372000527, 43.10422335224003], [-70.77462274457208, 43.10418060443191], [-70.77466268193476, 43.104169449267346], [-70.77471509062696, 43.1041918145492], [-70.7747536142126, 43.10423125219367], [-70.77470456674311, 43.10422569175362], [-70.77465258402027, 43.10421806970693], [-70.77462762720873, 43.10425006368518], [-70.77462860090017, 43.10428376251837], [-70.77454787405699, 43.10427658633227], [-70.77453258923047, 43.104245216618914]]]}, "properties": {"Hectares": 0.01856395692, "Acres": 0.04587249601, "Year": "2024", "Name": "Widgeon Grass", "Confidence": "H", "Notes": "UAV Imagery Used", "Type": 3, "LABEL": "Spinney Creek"}}, {"type": "Feature", "geometry": {"type": "Polygon", "coordinates": [[[-70.77473693887802, 43.104085417163276], [-70.77469090792606, 43.104084726534595], [-70.77463056110469, 43.10411937665897], [-70.7745811438542, 43.104134190740226], [-70.77455733727083, 43.10410646509339], [-70.77454922595135, 43.104091138697925], [-70.77453112762755, 43.1040619197487], [-70.77450034568074, 43.10405818300036], [-70.77447392363418, 43.1040726403312], [-70.77442736533835, 43.10405369605913], [-70.77437057671972, 43.1040124344897], [-70.7743965525532, 43.10398253188139], [-70.77441440673432, 43.10397098369761], [-70.77439911066332, 43.103963395727625], [-70.77437052192322, 43.10395233147591], [-70.77435447831415, 43.10394061232593], [-70.77435295343416, 43.10395306428479], [-70.77437865511769, 43.103972919167475], [-70.77437905388169, 43.103986722212156], [-70.7743133380452, 43.1039734719707], [-70.7742812508431, 43.10395003365212], [-70.77426119042688, 43.10390799648384], [-70.77427523708305, 43.10387233492998], [-70.77431939406708, 43.10385692019952], [-70.77439841583069, 43.10389041897107], [-70.77443999693979, 43.103902720147325], [-70.77445999330372, 43.103915356125455], [-70.77447965242344, 43.10395029348378], [-70.77449733346297, 43.10395073844791], [-70.77453983344573, 43.10396086764181], [-70.77455473727785, 43.103967109523815], [-70.77457820122378, 43.10396386861445], [-70.77459825995025, 43.10397866129293], [-70.77466745907464, 43.1039888077944], [-70.77469611435559, 43.10400217247761], [-70.77472567471476, 43.103992507729465], [-70.77474968067858, 43.10399443683715], [-70.77474442701173, 43.103975674498805], [-70.77475659999963, 43.103955347184694], [-70.77475428460097, 43.10394315618419], [-70.77474906737297, 43.10393244866461], [-70.77478148606612, 43.10393338417193], [-70.77481219179668, 43.103942977014746], [-70.77481924664391, 43.103949340636845], [-70.77487779786237, 43.10397144759427], [-70.77494436433909, 43.10399918400356], [-70.77497672074077, 43.103997962729785], [-70.77501907539437, 43.10400305938529], [-70.77497824669828, 43.10398283520799], [-70.77497186131873, 43.10396567274761], [-70.77492729513808, 43.10395197961953], [-70.77492117985474, 43.10394416296472], [-70.77491380700323, 43.10393528697548], [-70.77497682121725, 43.10395049194419], [-70.77504471512067, 43.10396472212276], [-70.77507328609182, 43.103976865327304], [-70.77508142943088, 43.10396145531422], [-70.77510181086525, 43.10394495636094], [-70.77513931003823, 43.103926393702416], [-70.77517496978082, 43.10391847946655], [-70.77520799261858, 43.103933419238594], [-70.77523371568296, 43.10396111500944], [-70.77527485003847, 43.10399138110572], [-70.77526636451344, 43.104029440971594], [-70.77524625963731, 43.104063466910205], [-70.77525481755521, 43.10409423854714], [-70.77523838284894, 43.104122588538395], [-70.77523455031604, 43.10412264801338], [-70.77521954485465, 43.104134118853054], [-70.77520030101948, 43.10413160798832], [-70.77513482329269, 43.10412138608247], [-70.77506168052139, 43.104111283077216], [-70.77497818545605, 43.10407465045222], [-70.77495808040457, 43.104108676343074], [-70.77491897496513, 43.10414861602543], [-70.77477036743949, 43.10411439824152], [-70.77473693887802, 43.104085417163276]]]}, "properties": {"Hectares": 0.12681570448, "Acres": 0.31336815327, "Year": "2024", "Name": "Widgeon Grass", "Confidence": "H", "Notes": "UAV Imagery Used", "Type": 3, "LABEL": "Spinney Creek"}}, {"type": "Feature", "geometry": {"type": "Polygon", "coordinates": [[[-70.77490527316125, 43.10387349811667], [-70.77487822236864, 43.10386619171013], [-70.7748360849611, 43.103867547851046], [-70.77489096667792, 43.103842815643645], [-70.77494005443165, 43.103849780127256], [-70.77497051167474, 43.1038422838156], [-70.77494868215868, 43.10381663469397], [-70.77497288339222, 43.10379167610543], [-70.77502849540569, 43.10379221795585], [-70.77505691461401, 43.10378053900207], [-70.77506028045988, 43.10376433217818], [-70.77505995582284, 43.10375309923546], [-70.77508735600942, 43.10373932896489], [-70.77512847432143, 43.103735881424065], [-70.77514164461414, 43.103727248568184], [-70.77515970699261, 43.103722051665514], [-70.7751807857868, 43.10372172456775], [-70.77520534770527, 43.10374241462711], [-70.77521176609001, 43.10376549335928], [-70.77520774652906, 43.1037922459383], [-70.7751919047611, 43.103807943995264], [-70.77517096797521, 43.103813185507654], [-70.77517496281833, 43.103818742506206], [-70.77515698157688, 43.10382674764729], [-70.77511139720973, 43.10384150247981], [-70.77507708717923, 43.10384835623914], [-70.77504842446687, 43.10385161049126], [-70.77501537689301, 43.10386898024898], [-70.77497258569223, 43.103880882191056], [-70.77494298511728, 43.103884853342535], [-70.77490527316125, 43.10387349811667]]]}, "properties": {"Hectares": 0.02263145049, "Acres": 0.05592348262, "Year": "2024", "Name": "Widgeon Grass", "Confidence": "H", "Notes": "UAV Imagery Used", "Type": 3, "LABEL": "Spinney Creek"}}, {"type": "Feature", "geometry": {"type": "Polygon", "coordinates": [[[-70.7745148596805, 43.10432311125545], [-70.77457541478155, 43.10431302640874], [-70.77461190982842, 43.10433418080809], [-70.7746034444543, 43.10436517816301], [-70.77458373263171, 43.10438491811748], [-70.77454760072804, 43.104376333126176], [-70.77449388549948, 43.10435315945382], [-70.7745148596805, 43.10432311125545]]]}, "properties": {"Hectares": 0.00500628614, "Acres": 0.01237079152, "Year": "2024", "Name": "Widgeon Grass", "Confidence": "H", "Notes": "UAV Imagery Used", "Type": 3, "LABEL": "Spinney Creek"}}, {"type": "Feature", "geometry": {"type": "Polygon", "coordinates": [[[-70.77455263454007, 43.104442559848174], [-70.77459431103149, 43.104427051912154], [-70.77462102011788, 43.10443349669321], [-70.77460937747172, 43.1044085272061], [-70.7746433886474, 43.10439771090922], [-70.77464862834165, 43.104417063792376], [-70.77466783723557, 43.10443391359223], [-70.77467619588194, 43.10445321808809], [-70.77467207876587, 43.10447271612698], [-70.77461408119093, 43.104463327182195], [-70.77459659685218, 43.10445216655232], [-70.77455913654346, 43.10445160447659], [-70.77455263454007, 43.104442559848174]]]}, "properties": {"Hectares": 0.0040251828, "Acres": 0.00994643453, "Year": "2024", "Name": "Widgeon Grass", "Confidence": "H", "Notes": "UAV Imagery Used", "Type": 3, "LABEL": "Spinney Creek"}}, {"type": "Feature", "geometry": {"type": "Polygon", "coordinates": [[[-70.86816075344466, 43.08922592018198], [-70.86815300652265, 43.089189125923596], [-70.86815064819572, 43.08915515846282], [-70.86813580390424, 43.08910293451948], [-70.86810715221262, 43.089076197634746], [-70.86811686654363, 43.08904689101804], [-70.86807982204864, 43.08900571719453], [-70.86804062947064, 43.088981095624185], [-70.86803462095548, 43.08895787535853], [-70.86811936540522, 43.088998270246684], [-70.86818594375934, 43.089051592534126], [-70.86828655893787, 43.08909075651183], [-70.86830620142642, 43.089126384883784], [-70.8683166574904, 43.08916507808433], [-70.86835632272386, 43.08920523742705], [-70.86838544329875, 43.08920379021224], [-70.86843738422976, 43.08921168625496], [-70.86846868613804, 43.089238379768545], [-70.86845343569813, 43.08926000404349], [-70.86842481707343, 43.08927796026416], [-70.86839351889131, 43.08929498864324], [-70.86838333222089, 43.089308757409086], [-70.86844057326881, 43.08931656688445], [-70.8684689299315, 43.08933359251062], [-70.86845485683462, 43.089350339559275], [-70.86837944950179, 43.0893554575871], [-70.86833139489879, 43.08934458324826], [-70.86827436051585, 43.089343571537654], [-70.86823116309546, 43.08931804384157], [-70.86816838584954, 43.08930255187844], [-70.86814735932697, 43.08926500288743], [-70.86816075344466, 43.08922592018198]]]}, "properties": {"Hectares": 0.05917684095, "Acres": 0.1462290293, "Year": "2024", "Name": "Eelgrass", "Confidence": "H", "Notes": "UAV and GoPro Imagery Used", "Type": 1, "LABEL": "Great Bay"}}, {"type": "Feature", "geometry": {"type": "Polygon", "coordinates": [[[-70.7203926481556, 43.073365052221874], [-70.72027894810462, 43.07334977630371], [-70.72015290940018, 43.073353558736656], [-70.72009167805086, 43.0733733523155], [-70.7200371638601, 43.07335718627749], [-70.72001793701557, 43.073314067571275], [-70.7199176313048, 43.07331746286085], [-70.71980992229325, 43.0733322931206], [-70.71970494481197, 43.07335274410286], [-70.71957265151276, 43.07331698672885], [-70.71958393520852, 43.073260198293205], [-70.71958807936629, 43.07322427740806], [-70.7196511981344, 43.07317992089932], [-70.71969940471348, 43.07315466145666], [-70.71977833240027, 43.07312327830439], [-70.71981141576418, 43.073109569917875], [-70.71987826843028, 43.073106677633284], [-70.7199477999146, 43.07310751962588], [-70.72004442376134, 43.073064546480815], [-70.72006590718382, 43.07309630749003], [-70.72002894385763, 43.07315536935204], [-70.720050743946, 43.073198449369684], [-70.72012579154202, 43.073212419381925], [-70.72025907481006, 43.07319154239621], [-70.72029587959092, 43.07312682096109], [-70.7202811658488, 43.07306098690054], [-70.72030815243879, 43.073013398744244], [-70.7203342019423, 43.07302433080318], [-70.72033016379456, 43.07306402471052], [-70.7204020573755, 43.073057281729675], [-70.7204819214706, 43.07296737788032], [-70.72053816409473, 43.07295332100136], [-70.72059283641696, 43.07297514630738], [-70.72065832981504, 43.07301568178359], [-70.72068931477105, 43.07301899035406], [-70.72064683598687, 43.073064924307566], [-70.72059321936152, 43.07308082904085], [-70.72055504241446, 43.073096501550864], [-70.72058146152256, 43.07312063905603], [-70.72058546013028, 43.073171535870365], [-70.72054891957593, 43.073245689896154], [-70.72054063237924, 43.0733175317163], [-70.72048313580486, 43.073378789814505], [-70.7203926481556, 43.073365052221874]]]}, "properties": {"Hectares": 0.21391535565, "Acres": 0.52859588829, "Year": "2024", "Name": "Eelgrass", "Confidence": "H", "Notes": "UAV Imagery Used", "Type": 1, "LABEL": "Portsmouth Harbor"}}, {"type": "Feature", "geometry": {"type": "Polygon", "coordinates": [[[-70.84612960657623, 43.07331975955283], [-70.84652629756633, 43.07327166068297], [-70.8466000445349, 43.07383337414063], [-70.84694927877692, 43.07409876414508], [-70.84680965840111, 43.074184411339736], [-70.84664474216785, 43.07437470813009], [-70.84657010703164, 43.07473033374308], [-70.84651381633948, 43.07523493390351], [-70.84636434582457, 43.07556724543167], [-70.84634369157752, 43.07566449302903], [-70.84628328191333, 43.075721517809654], [-70.8461747934587, 43.07576880912212], [-70.84603034723358, 43.075732605851776], [-70.84586830897594, 43.07568803143935], [-70.84580716732967, 43.07562060427369], [-70.8456652905253, 43.075510793693894], [-70.8455952447776, 43.075413210374336], [-70.84532878907355, 43.07528501663348], [-70.84508000174048, 43.07527501698672], [-70.84508162557239, 43.075169897376426], [-70.84497995770684, 43.07512599658485], [-70.84496178633465, 43.075071658405264], [-70.84498551737889, 43.07499278858457], [-70.84509108183747, 43.074913807384966], [-70.84519786949791, 43.074744145673996], [-70.84514071995577, 43.07448236937939], [-70.84567016092595, 43.0741194079582], [-70.84574855411371, 43.07388881199346], [-70.84568419798121, 43.07363967082911], [-70.84612960657623, 43.07331975955283]]]}, "properties": {"Hectares": 2.41380102286, "Acres": 5.9646269524, "Year": "2024", "Name": "Widgeon Grass", "Confidence": "L", "Notes": "GoPro and Satellite Imagery Used - Low Confidence becuase of no UAV Imagery or Ground Truth Points to Verify", "Type": 3, "LABEL": "Great Bay"}}, {"type": "Feature", "geometry": {"type": "Polygon", "coordinates": [[[-70.86285571278916, 43.06552822308119], [-70.8630587852973, 43.06550356750252], [-70.86335369121274, 43.06562685646173], [-70.86366573618245, 43.06583526009362], [-70.86391893068472, 43.066023273058576], [-70.86412814882974, 43.06620132771311], [-70.8643570947513, 43.066549849744725], [-70.86403825345548, 43.066597742675135], [-70.86390405547132, 43.06649318591567], [-70.86356096345612, 43.06622124273981], [-70.86330712268045, 43.06601189085294], [-70.86297891059614, 43.06575037787003], [-70.86285571278916, 43.06552822308119]]]}, "properties": {"Hectares": 0.49203401563, "Acres": 1.21584145641, "Year": "2024", "Name": "Eelgrass", "Confidence": "H", "Notes": "UAV and GoPro Imagery Used", "Type": 1, "LABEL": "Great Bay"}}, {"type": "Feature", "geometry": {"type": "Polygon", "coordinates": [[[-70.85719084909545, 43.066320266311344], [-70.85710424687139, 43.06631600189505], [-70.85670290677807, 43.06636953940304], [-70.85635759057709, 43.066332242276744], [-70.85632698352444, 43.06631991053864], [-70.85630100802655, 43.066300036129086], [-70.85608498083431, 43.066024345062615], [-70.85583849212372, 43.065919321278656], [-70.8557906757888, 43.0658569159778], [-70.8558280572376, 43.06579057385628], [-70.85601588604041, 43.065633382008556], [-70.85587209295473, 43.06539130627079], [-70.85520640802812, 43.06518739973351], [-70.85453387957712, 43.064621193726666], [-70.85400921629851, 43.06445649352691], [-70.85392898489206, 43.06441433709425], [-70.85387868534927, 43.064348187598014], [-70.85381113956147, 43.064086790320786], [-70.8535221559721, 43.06367329820106], [-70.85353228462182, 43.0636259015442], [-70.85353615154874, 43.0635761822755], [-70.85358167462856, 43.06352107912077], [-70.85363951558936, 43.06349659390686], [-70.85372193315509, 43.063522700905835], [-70.85387272854071, 43.063595687039204], [-70.85410938547116, 43.06384390593166], [-70.85451657627765, 43.064047350983785], [-70.85522792256442, 43.06420385354512], [-70.85595641320704, 43.06431764246777], [-70.85692677897981, 43.064534663696875], [-70.85753178574511, 43.06479586988582], [-70.85776166637116, 43.06487553033766], [-70.85839132243716, 43.06501124181641], [-70.8588529774832, 43.065233072934554], [-70.85905444081135, 43.06531319250818], [-70.85971745481308, 43.065508985725856], [-70.85980615201966, 43.065547242107826], [-70.85987114643696, 43.06558280964115], [-70.86023670176931, 43.06585687857719], [-70.86092636738753, 43.066095841739994], [-70.86101134927414, 43.066224855029304], [-70.8609854062396, 43.06627287920574], [-70.86087624598919, 43.066292000291504], [-70.86073246490572, 43.06626578214426], [-70.86045203736708, 43.06639543276265], [-70.86011854810332, 43.06665103527981], [-70.85991228572016, 43.06687069604088], [-70.85984043802614, 43.066915557154516], [-70.85919072860892, 43.066999690338086], [-70.85842209250644, 43.06697048265486], [-70.85768820111693, 43.06696385288775], [-70.85760355656889, 43.06694260491778], [-70.85750393191422, 43.06683639089588], [-70.8575303358707, 43.066786303113766], [-70.85760851626594, 43.06673972097669], [-70.85762544686443, 43.06670223155834], [-70.85759987772376, 43.06666848554398], [-70.85726016054006, 43.066351264776664], [-70.85719084909545, 43.066320266311344]]]}, "properties": {"Hectares": 8.65994982927, "Acres": 21.39918314266, "Year": "2024", "Name": "Eelgrass", "Confidence": "H", "Notes": "UAV and GoPro Imagery Used", "Type": 1, "LABEL": "Great Bay"}}, {"type": "Feature", "geometry": {"type": "Polygon", "coordinates": [[[-70.88432983212786, 43.06069725163972], [-70.88446627658283, 43.06067825817887], [-70.88469907696675, 43.06067442316481], [-70.88509457593923, 43.06065936740079], [-70.88519567380051, 43.06053814898149], [-70.88527401453375, 43.060434384426884], [-70.88530436674897, 43.06042810429117], [-70.88563276032998, 43.06036015622274], [-70.88581585948417, 43.06025466456006], [-70.88614844480938, 43.0600869318611], [-70.8864348424774, 43.05982186760023], [-70.88668444041004, 43.05974583378915], [-70.88677530288132, 43.05965806292128], [-70.88711508024541, 43.05947562799997], [-70.88715592179177, 43.059444301516365], [-70.88722374044856, 43.059454356882775], [-70.88699853806226, 43.059705716181156], [-70.8867511013137, 43.05999159958669], [-70.88655741178039, 43.06013142524547], [-70.88638857173557, 43.06032207761428], [-70.88621816027735, 43.060461518856556], [-70.88604722463468, 43.06058388955789], [-70.88574903312627, 43.06073397610035], [-70.885382307917, 43.06092788866623], [-70.88512779603342, 43.06098331962334], [-70.88475845200321, 43.06109187870748], [-70.88454396169645, 43.06093316241416], [-70.88429768997186, 43.06087744275335], [-70.88418796186168, 43.0607170002053], [-70.88432983212786, 43.06069725163972]]]}, "properties": {"Hectares": 0.95986636423, "Acres": 2.37187934407, "Year": "2024", "Name": "Eelgrass", "Confidence": "H", "Notes": "UAV and GoPro Imagery Used", "Type": 1, "LABEL": "Great Bay"}}, {"type": "Feature", "geometry": {"type": "Polygon", "coordinates": [[[-70.68182791443888, 43.06486033116301], [-70.68147989207188, 43.06521385452539], [-70.6812468311941, 43.06523743947154], [-70.6811450488522, 43.06519202414773], [-70.681078896681, 43.06511257684664], [-70.68123000436327, 43.0649562199723], [-70.68121665681852, 43.064802280550516], [-70.68086363252105, 43.064928095732085], [-70.6806628152931, 43.06493774721581], [-70.68054294359725, 43.06489929839355], [-70.68048228342967, 43.06502081841622], [-70.6802038126078, 43.065199148758204], [-70.68021933974568, 43.065098397456254], [-70.68008868503556, 43.06499979201473], [-70.67997721896421, 43.06493441391696], [-70.67983632997306, 43.064795748791234], [-70.67986136080299, 43.06470826151387], [-70.67959476020097, 43.064651861175136], [-70.6797096913649, 43.064509440904594], [-70.68001064091021, 43.06448491724971], [-70.6801851468194, 43.06451586209053], [-70.68016249545957, 43.06469043605181], [-70.68021859495961, 43.06473652316757], [-70.68040972654862, 43.06470690989015], [-70.68053726951013, 43.06469163297814], [-70.68065421203474, 43.0646228993494], [-70.68071122711076, 43.064702481132535], [-70.68082452419866, 43.06483484833261], [-70.68106882650824, 43.06474413828684], [-70.68130618951261, 43.06473394903579], [-70.68146388854447, 43.06481875119771], [-70.68175790076515, 43.06487474423668], [-70.68182791443888, 43.06486033116301]]]}, "properties": {"Hectares": 0.56486696236, "Acres": 1.39581542815, "Year": "2024", "Name": "Eelgrass", "Confidence": "H", "Notes": "UAV and Satellite Imagery Used", "Type": 1, "LABEL": "Atlantic Coast"}}, {"type": "Feature", "geometry": {"type": "Polygon", "coordinates": [[[-70.68147989207188, 43.06521385452539], [-70.68182791443888, 43.06486033116301], [-70.6820033009647, 43.064824225726866], [-70.68210141918806, 43.064735662535504], [-70.68212379397947, 43.064725366244794], [-70.68216035963816, 43.06479773712475], [-70.68218580808887, 43.06490103516996], [-70.68226021092177, 43.06493311636181], [-70.6821880755424, 43.06498393978407], [-70.68222946352165, 43.06504968159844], [-70.68231506090035, 43.06507745057917], [-70.68244000562692, 43.065096347534926], [-70.68246024255058, 43.065139935329924], [-70.6822958731732, 43.06516170441376], [-70.68183247968423, 43.06526233927874], [-70.68155673769441, 43.065206077908776], [-70.68147989207188, 43.06521385452539]]]}, "properties": {"Hectares": 0.21943929633, "Acres": 0.54224583091, "Year": "2024", "Name": "Eelgrass", "Confidence": "H", "Notes": "UAV and Satellite Imagery Used", "Type": 1, "LABEL": "Gerrish Island Beds"}}, {"type": "Feature", "geometry": {"type": "Polygon", "coordinates": [[[-70.7126891907134, 43.066837066438374], [-70.7127071169511, 43.066869260033585], [-70.71272780005434, 43.06692763586448], [-70.71280952012769, 43.06698789297274], [-70.7127686996287, 43.067027627738376], [-70.71269669996178, 43.06704267821023], [-70.71263986135781, 43.067054707521386], [-70.71267873952034, 43.06708207072197], [-70.71276115991382, 43.067167468420074], [-70.71280835722085, 43.06721985807228], [-70.71277577902987, 43.067281826322585], [-70.71279296411377, 43.067351432945934], [-70.71278316831953, 43.06741026505858], [-70.71274265871793, 43.067461173598424], [-70.71266156151042, 43.06756019674183], [-70.71256771208903, 43.06761190369825], [-70.71254998476235, 43.067659676076815], [-70.71247432919363, 43.0676803703535], [-70.71244066148788, 43.067703231174995], [-70.71236508482225, 43.06772671835819], [-70.71236632928178, 43.0677714125899], [-70.71230927540871, 43.06782747886977], [-70.71227581119001, 43.06778460405883], [-70.71221177462522, 43.06771921218446], [-70.71226600299106, 43.06763546276377], [-70.71234884690072, 43.06756372592601], [-70.71243099808132, 43.06746711759735], [-70.71248118849788, 43.067441485443446], [-70.71246814914879, 43.06737947702157], [-70.71256206838382, 43.067299280916494], [-70.71260498918612, 43.067215700593756], [-70.71263187203951, 43.06716553547072], [-70.71256333668224, 43.06714167959832], [-70.71256056641272, 43.06704219566484], [-70.71260429506677, 43.06698763171431], [-70.71263544597976, 43.066887639996374], [-70.7126891907134, 43.066837066438374]]]}, "properties": {"Hectares": 0.1778785511, "Acres": 0.43954708367, "Year": "2024", "Name": "Widgeon Grass", "Confidence": "H", "Notes": "UAV Imagery Used", "Type": 3, "LABEL": "Portsmouth Harbor"}}, {"type": "Feature", "geometry": {"type": "Polygon", "coordinates": [[[-70.71110206786464, 43.0665144503918], [-70.71113385757084, 43.066528554872015], [-70.71113085248582, 43.06657323107975], [-70.71129665642475, 43.06661668631912], [-70.71132404842355, 43.06663139143912], [-70.7113697143264, 43.066644349254524], [-70.71146452355481, 43.066639634466114], [-70.71144399803612, 43.066695312353055], [-70.71162513515142, 43.06673102428587], [-70.71166198574649, 43.066770223564724], [-70.7116550374861, 43.06682587917559], [-70.71163572688472, 43.06693153716974], [-70.71159170615785, 43.06691148278703], [-70.71156791299467, 43.06688552628962], [-70.71147294906923, 43.066881308557114], [-70.71137233767068, 43.06685838061468], [-70.71138609116684, 43.066799911591104], [-70.7113391324384, 43.06677054264818], [-70.71126200059487, 43.06676229907889], [-70.71120902762955, 43.066793162792365], [-70.711127346043, 43.066805661254314], [-70.7110908459043, 43.06678365362928], [-70.7110489597555, 43.06675232923948], [-70.71101925818701, 43.066698269075914], [-70.71101010769189, 43.06664578101696], [-70.71097564738298, 43.066604948237234], [-70.71090568018668, 43.06657780266777], [-70.71091017771357, 43.06655518187651], [-70.71097972676442, 43.06656729800832], [-70.71103892194171, 43.06657581002528], [-70.71105910706662, 43.066564231375004], [-70.7110787695026, 43.06653386592792], [-70.71110206786464, 43.0665144503918]]]}, "properties": {"Hectares": 0.11313021612, "Acres": 0.27955060496, "Year": "2024", "Name": "Sparse Eelgrass < 10%", "Confidence": "H", "Notes": "UAV Imagery Used", "Type": 0, "LABEL": "Portsmouth Harbor"}}, {"type": "Feature", "geometry": {"type": "Polygon", "coordinates": [[[-70.74357098961757, 43.07556161790758], [-70.74355649006071, 43.07552892821776], [-70.74352609585543, 43.07552479924645], [-70.74349137544105, 43.075515378646955], [-70.74350442139419, 43.07549681108247], [-70.74352766455688, 43.075469669101494], [-70.74356886342716, 43.075486644599664], [-70.74358610539198, 43.07546877844089], [-70.74362347707415, 43.07549805807866], [-70.743687875692, 43.07548636146173], [-70.74371731519234, 43.07545682890737], [-70.74376434165795, 43.07545840822369], [-70.74383467420314, 43.07547187810345], [-70.74386439571752, 43.075452290949926], [-70.74390098632256, 43.07545402928418], [-70.74393668524571, 43.07546113875001], [-70.7439952996685, 43.075466368149414], [-70.74403325939352, 43.07547956603613], [-70.744060850271, 43.075458480583485], [-70.74409296270782, 43.075449572023246], [-70.74409889681388, 43.075474738582486], [-70.74410909208142, 43.075502901636675], [-70.74412444018584, 43.07552869003993], [-70.74412052626977, 43.075537934081645], [-70.74408332606801, 43.075551512398974], [-70.74404382165666, 43.07555747218721], [-70.74399903419513, 43.075561216404864], [-70.74397407489465, 43.07556465834554], [-70.74392209080924, 43.07557233906039], [-70.7438792603057, 43.07557146121376], [-70.74383921337932, 43.07555829509109], [-70.74380929856129, 43.07553425941359], [-70.7437908632227, 43.07551004875351], [-70.74374798936682, 43.07550764078949], [-70.7437353991415, 43.075542274088], [-70.74371691833402, 43.075553270871545], [-70.74368882825566, 43.0755567604686], [-70.74365189044337, 43.07554278152803], [-70.74362036585231, 43.07553560835268], [-70.74361869090977, 43.07555017580406], [-70.74360997120725, 43.075574034996585], [-70.74357098961757, 43.07556161790758]]]}, "properties": {"Hectares": 0.04411916939, "Acres": 0.10902074544, "Year": "2024", "Name": "Eelgrass", "Confidence": "H", "Notes": "UAV Imagery Used", "Type": 1, "LABEL": "Lower Piscataqua River South"}}, {"type": "Feature", "geometry": {"type": "Polygon", "coordinates": [[[-70.72905414662377, 43.08483424331077], [-70.72912527647748, 43.08483316824265], [-70.72917855223109, 43.0848573081817], [-70.72920778871922, 43.0849067566425], [-70.72917093254526, 43.08491638470168], [-70.729099802597, 43.084917459799726], [-70.72903750408061, 43.084902527168886], [-70.72902404959008, 43.084864178863725], [-70.72905414662377, 43.08483424331077]]]}, "properties": {"Hectares": 0.01059906454, "Acres": 0.02619083572, "Year": "2024", "Name": "Eelgrass", "Confidence": "H", "Notes": "Satellite Imagery Used", "Type": 1, "LABEL": "Lower Piscataqua River South"}}, {"type": "Feature", "geometry": {"type": "Polygon", "coordinates": [[[-70.82364281384973, 43.12402197753399], [-70.82363989765962, 43.12402061966254], [-70.82376269567919, 43.12404076815799], [-70.8238248383683, 43.12395703316658], [-70.82399692580047, 43.12396750005252], [-70.82400648621763, 43.12389772081601], [-70.82397780498715, 43.12375816210287], [-70.8239730161605, 43.123753246897024], [-70.82397762975792, 43.12375474828364], [-70.82402559203385, 43.12377035645377], [-70.82414288717655, 43.123916980099736], [-70.8241729367404, 43.123968052573744], [-70.82416686338259, 43.12401970110317], [-70.82416570721475, 43.124044798734545], [-70.8241830278669, 43.12411558023325], [-70.82418104667677, 43.124176916522714], [-70.82412756434105, 43.12416940967767], [-70.82403758646201, 43.12414994517605], [-70.8239928238698, 43.124115826740045], [-70.82393524948091, 43.12409863203535], [-70.82389313562834, 43.124153641791885], [-70.82386143576444, 43.12417504656268], [-70.82379923126548, 43.124130059843615], [-70.82374244082082, 43.12407523375165], [-70.82368436997268, 43.124041327372694], [-70.82364281384973, 43.12402197753399]]]}, "properties": {"Hectares": 0.08604684152, "Acres": 0.212626188, "Year": "2024", "Name": "Sparse Eelgrass < 10%", "Confidence": "H", "Notes": "UAV Imagery Used", "Type": 0, "LABEL": "Upper Piscataqua River"}}, {"type": "Feature", "geometry": {"type": "Polygon", "coordinates": [[[-70.88597535940993, 43.07842952158238], [-70.88606000146011, 43.078361663848106], [-70.88614534319493, 43.07833923548016], [-70.88629310745775, 43.07832628888431], [-70.88649481688971, 43.07835799793083], [-70.88662889547005, 43.078366296995796], [-70.88677241984828, 43.07837093731123], [-70.88690542360861, 43.078344218565306], [-70.8870426670218, 43.07829991302301], [-70.88716407473878, 43.07820681763249], [-70.8873138203424, 43.078102744395274], [-70.88740688667035, 43.078020628321866], [-70.88759189843516, 43.07797553309218], [-70.88774835555131, 43.077934412469645], [-70.88789747855776, 43.07795055244895], [-70.88789377413481, 43.077970683102464], [-70.88786871260744, 43.07802423481252], [-70.88783739652806, 43.07812263824065], [-70.88772964396526, 43.078216710231516], [-70.88768340561295, 43.078077634928775], [-70.88755644964006, 43.07804337178561], [-70.88747748626528, 43.07808103265303], [-70.88743455884158, 43.0781740338747], [-70.88716853335228, 43.078332245207996], [-70.88706536386488, 43.078451410708055], [-70.88687833876638, 43.07844890200305], [-70.88673274548421, 43.0784289295426], [-70.88663818416593, 43.07845565973211], [-70.88659491207531, 43.07853747986957], [-70.88646285672081, 43.07846134794258], [-70.88633148793535, 43.07840757924473], [-70.88615495856722, 43.07837413196898], [-70.88624236962849, 43.078487358377636], [-70.88654799797916, 43.07862495282658], [-70.8866905504052, 43.078670147213266], [-70.88675696052925, 43.07859633594002], [-70.88695551099777, 43.07860145157209], [-70.88707908342356, 43.07864975448131], [-70.88710783590714, 43.07871640338748], [-70.8870182891311, 43.078782205999154], [-70.88687389624914, 43.07880136784921], [-70.88678177510893, 43.0787833103042], [-70.88669052923412, 43.078791807308555], [-70.88638114175906, 43.07866581106525], [-70.88610849237311, 43.07852282074319], [-70.88597535940993, 43.07842952158238]]]}, "properties": {"Hectares": 0.32325515894, "Acres": 0.79878018745, "Year": "2024", "Name": "Sparse Eelgrass < 10%", "Confidence": "H", "Notes": "UAV and GoPro Imagery Used", "Type": 0, "LABEL": "Great Bay"}}, {"type": "Feature", "geometry": {"type": "Polygon", "coordinates": [[[-70.85374301002261, 43.058630955549866], [-70.85391180715868, 43.05859500141862], [-70.85417516591177, 43.05869039005139], [-70.8542921177001, 43.058813065353846], [-70.85450113064643, 43.05898407657422], [-70.85460651345943, 43.05909863435932], [-70.85456573827958, 43.05924878036048], [-70.8544303992117, 43.05926758367622], [-70.85428724312344, 43.059402779639754], [-70.85428999552454, 43.05949408696731], [-70.85425953851097, 43.05961084672498], [-70.85417148031233, 43.05969532116384], [-70.85392623579132, 43.05965937985034], [-70.85381352076479, 43.05961358376857], [-70.8539948892244, 43.0594745801304], [-70.85411216340752, 43.05936382789841], [-70.85401389650359, 43.059181733284994], [-70.85386821599977, 43.05902755338879], [-70.85375126461935, 43.05890487764909], [-70.85363531420745, 43.05881540445923], [-70.85362199333876, 43.05874918250873], [-70.85374301002261, 43.058630955549866]]]}, "properties": {"Hectares": 0.4660228526, "Acres": 1.1515665296, "Year": "2024", "Name": "Eelgrass", "Confidence": "H", "Notes": "UAV and GoPro Imagery Used", "Type": 1, "LABEL": "Great Bay"}}, {"type": "Feature", "geometry": {"type": "Polygon", "coordinates": [[[-70.88530436674897, 43.06042810429117], [-70.88527401453375, 43.060434384426884], [-70.88519567380051, 43.06053814898149], [-70.88509457593923, 43.06065936740079], [-70.88469907696675, 43.06067442316481], [-70.88446627658283, 43.06067825817887], [-70.88432983212786, 43.06069725163972], [-70.88457704755699, 43.06050034042765], [-70.8848450545782, 43.0604356726959], [-70.88530436674897, 43.06042810429117]]]}, "properties": {"Hectares": 0.14021653296, "Acres": 0.34648229233, "Year": "2024", "Name": "Sparse Eelgrass < 10%", "Confidence": "M", "Notes": "UAV and GoPro Imagery Used", "Type": 0, "LABEL": "Great Bay"}}, {"type": "Feature", "geometry": {"type": "Polygon", "coordinates": [[[-70.87249672078416, 43.07901518552854], [-70.87256790854693, 43.07903751336987], [-70.87272220632192, 43.079059120888395], [-70.87312486357949, 43.078947949632855], [-70.87339614007034, 43.0788469741958], [-70.8739165084556, 43.078637338253635], [-70.87407522406644, 43.07857779845289], [-70.8740844764211, 43.07858794897526], [-70.87410233502, 43.07860754046174], [-70.87527970910153, 43.07819804120437], [-70.87598622345412, 43.07775034492333], [-70.8764430602812, 43.07732969366968], [-70.87715376057245, 43.0770196419875], [-70.87761488567672, 43.07669438371408], [-70.87759238533401, 43.07686070663018], [-70.87741614580342, 43.07710827033007], [-70.87727974405931, 43.077205662558576], [-70.87709610174707, 43.07734622900463], [-70.87711208430284, 43.077472676369446], [-70.87699616350008, 43.0775006432319], [-70.87679352373202, 43.07760494406634], [-70.87655064641665, 43.07767140888342], [-70.87647589375436, 43.07789281370035], [-70.87608982399432, 43.07818655840811], [-70.87582600538597, 43.078548923306606], [-70.87561717903226, 43.078956217743695], [-70.87538878529332, 43.079419320908514], [-70.8746581485651, 43.080042990055894], [-70.8744007680947, 43.08027797733608], [-70.8737831901172, 43.080498229499796], [-70.8735803699851, 43.080489465428236], [-70.87322647266564, 43.08059520967873], [-70.87284040293457, 43.080959436119585], [-70.87249246339529, 43.081319472189584], [-70.87215589823022, 43.081489642105126], [-70.87193957455041, 43.08144115158008], [-70.8716821942872, 43.08179362514039], [-70.87128003766617, 43.08185236987421], [-70.87087788273935, 43.08191111496768], [-70.87092614093088, 43.0812884127948], [-70.8713122101453, 43.080900689825306], [-70.87153741777728, 43.08039547105442], [-70.87171436633123, 43.080054739334074], [-70.87229347173455, 43.079749254414985], [-70.87240865632884, 43.079392313788404], [-70.87247702527753, 43.07909952924666], [-70.87249672078416, 43.07901518552854]], [[-70.87240121661105, 43.0798942277276], [-70.8723849840913, 43.07995160713231], [-70.872423067044, 43.08002127761436], [-70.87246387748786, 43.08008211671309], [-70.87248884264301, 43.08011465852489], [-70.8725579341024, 43.080120117411894], [-70.87262575409305, 43.08008386034837], [-70.87271480852397, 43.08005604235821], [-70.87279481058845, 43.08002617603904], [-70.87286842010184, 43.07998323378173], [-70.87291760000558, 43.07992531489767], [-70.87289742101336, 43.07985315455372], [-70.87280476938864, 43.079861261667766], [-70.87273521057213, 43.0798404335843], [-70.87260015756216, 43.07983385765942], [-70.87251096962801, 43.079857284382804], [-70.87240121661105, 43.0798942277276]]]}, "properties": {"Hectares": 7.48124626044, "Acres": 18.48654576743, "Year": "2024", "Name": "Sparse Eelgrass < 10%", "Confidence": "M", "Notes": "UAV and GoPro Imagery Used", "Type": 0, "LABEL": "Great Bay"}}, {"type": "Feature", "geometry": {"type": "Polygon", "coordinates": [[[-70.8735561918265, 43.0844161289827], [-70.8735502239032, 43.084220358997804], [-70.87379570787908, 43.084208504232514], [-70.87419434274287, 43.08431165928536], [-70.87451341612888, 43.08425942358614], [-70.8744647110946, 43.08406435394121], [-70.87457554313595, 43.08384316621617], [-70.87464292282182, 43.083599185675396], [-70.87502657108548, 43.08356155927302], [-70.87554248231054, 43.08365495331875], [-70.87584018597178, 43.083603063379165], [-70.8760423813739, 43.083223682028105], [-70.87651213530481, 43.08285558063979], [-70.87652015276069, 43.08285422714356], [-70.87665115174188, 43.08273471014279], [-70.87680917551748, 43.08258221044623], [-70.87694913616359, 43.082447041854685], [-70.877154967344, 43.08233804833255], [-70.87730101646962, 43.08227110822648], [-70.87766008674501, 43.081945546620226], [-70.8781898769472, 43.081793866752314], [-70.87842083629404, 43.08165688441456], [-70.87912759590688, 43.08170011973141], [-70.87935289870644, 43.081727757388975], [-70.87922039215785, 43.08158891000816], [-70.8790878861862, 43.08145006155935], [-70.87944775671154, 43.08133446344816], [-70.88015872905576, 43.08116608646412], [-70.88017506543395, 43.081001289000184], [-70.88056204765174, 43.08107327553262], [-70.88090797620578, 43.0812007784504], [-70.88103185846006, 43.08105771642943], [-70.88131430613564, 43.080857203997766], [-70.88143990250676, 43.080831118473064], [-70.88149948026525, 43.08075117261708], [-70.88164397087898, 43.08064543103478], [-70.88175294579975, 43.080476285694814], [-70.88191756893355, 43.08037021349605], [-70.88209666951292, 43.08029835728351], [-70.88229605505737, 43.08023108895119], [-70.88248246857665, 43.08017879952685], [-70.88260516403959, 43.08001927234789], [-70.88278811205373, 43.079853831459154], [-70.88296049773412, 43.07978208440976], [-70.88305815525716, 43.079682033824575], [-70.88315211448115, 43.07968048714515], [-70.88315392309416, 43.07973952323784], [-70.88321734005791, 43.07983692238266], [-70.8831117656713, 43.07989772528023], [-70.88291924520139, 43.07996980396844], [-70.88281932660772, 43.07999605909234], [-70.8826964810763, 43.08015066703992], [-70.88260824681244, 43.08033916057678], [-70.8824783875358, 43.080484038948576], [-70.88236044353657, 43.0805795009109], [-70.88220750199648, 43.08084781242637], [-70.88196324319343, 43.08098472854778], [-70.88165277050045, 43.081152265764416], [-70.88142028007539, 43.081176684140004], [-70.881490371117, 43.08137139912884], [-70.88140994057001, 43.08153725090027], [-70.88123493745579, 43.08140693879495], [-70.88110889687057, 43.08147952398414], [-70.88123384100577, 43.08172034576947], [-70.88091995770624, 43.08159231696907], [-70.88055721232399, 43.08161394965281], [-70.88019758193782, 43.08173738223025], [-70.88048875013243, 43.081929051323215], [-70.88037067042823, 43.082086333335454], [-70.88022623676684, 43.08217437456375], [-70.88000359301226, 43.08225596327924], [-70.87970066981623, 43.082370959334796], [-70.8793263787866, 43.0826063134109], [-70.8791675008169, 43.0827281097361], [-70.87904111367646, 43.08281558730015], [-70.87889573972097, 43.08304429173421], [-70.87868629290668, 43.08314858158204], [-70.87855101524491, 43.08322414856264], [-70.87846949320831, 43.08333071193824], [-70.87840291649162, 43.08369874173929], [-70.8782576607853, 43.08384095880647], [-70.87825824100044, 43.08397845467901], [-70.87818526023318, 43.08404612222244], [-70.87796794785947, 43.08409782285673], [-70.87781056804336, 43.08409501463554], [-70.8776206415749, 43.08413147264921], [-70.87746233461465, 43.08409594581116], [-70.87744482803978, 43.084034337531435], [-70.87733992378428, 43.08387602715172], [-70.87709177905738, 43.08379341523166], [-70.87690943904245, 43.08393577357701], [-70.87679851158069, 43.084038810230815], [-70.8766557437023, 43.084082225860904], [-70.87656900642932, 43.0840987799103], [-70.87645621079473, 43.08413333995069], [-70.87628106206652, 43.084216667327944], [-70.87611928427422, 43.084216116124466], [-70.875901649081, 43.08440117817484], [-70.87578134999086, 43.084481385948756], [-70.87562323407911, 43.08454656661671], [-70.87544425834484, 43.084627736077344], [-70.87522782351313, 43.084705607553765], [-70.87485680594668, 43.08478359146217], [-70.87476694655003, 43.08480796380909], [-70.87437984803597, 43.08478653682372], [-70.87394062416514, 43.0847545598571], [-70.87371483478637, 43.084711249686045], [-70.87316758132431, 43.08464186451101], [-70.87286772369086, 43.084623270239604], [-70.87322762623249, 43.084507692072535], [-70.8735561918265, 43.0844161289827]]]}, "properties": {"Hectares": 8.936743932, "Acres": 22.08315566144, "Year": "2024", "Name": "Eelgrass", "Confidence": "H", "Notes": "UAV and GoPro Imagery Used", "Type": 1, "LABEL": "Great Bay"}}, {"type": "Feature", "geometry": {"type": "Polygon", "coordinates": [[[-70.86811193502511, 43.08824542723703], [-70.86817203291906, 43.088205936676864], [-70.86827327256049, 43.088223537865154], [-70.8683085754, 43.08823258858432], [-70.86828805920771, 43.08827785096707], [-70.86812195521047, 43.08828698182322], [-70.86811193502511, 43.08824542723703]]]}, "properties": {"Hectares": 0.01036669635, "Acres": 0.02561664191, "Year": "2024", "Name": "Eelgrass", "Confidence": "H", "Notes": "UAV and GoPro Imagery Used", "Type": 1, "LABEL": "Great Bay"}}, {"type": "Feature", "geometry": {"type": "Polygon", "coordinates": [[[-70.86801151639588, 43.08753464819092], [-70.86808571741996, 43.08752701831835], [-70.86811878872288, 43.08760670561085], [-70.86805761883359, 43.087610913615364], [-70.86799488894108, 43.08756380155424], [-70.86801151639588, 43.08753464819092]]]}, "properties": {"Hectares": 0.00616793098, "Acres": 0.0152412759, "Year": "2024", "Name": "Eelgrass", "Confidence": "H", "Notes": "UAV and GoPro Imagery Used", "Type": 1, "LABEL": "Great Bay"}}, {"type": "Feature", "geometry": {"type": "Polygon", "coordinates": [[[-70.86760016032943, 43.08768577389839], [-70.86766541413357, 43.08767187218047], [-70.86774049275273, 43.08769311005107], [-70.8677808538834, 43.08772454200666], [-70.86769770510347, 43.08772589958104], [-70.86766872855303, 43.087780927268604], [-70.86758100847824, 43.08777594120293], [-70.86760016032943, 43.08768577389839]]]}, "properties": {"Hectares": 0.01110355002, "Acres": 0.02743744539, "Year": "2024", "Name": "Eelgrass", "Confidence": "H", "Notes": "UAV and GoPro Imagery Used", "Type": 1, "LABEL": "Great Bay"}}, {"type": "Feature", "geometry": {"type": "Polygon", "coordinates": [[[-70.8942198836871, 43.05927054394865], [-70.89418936720065, 43.059115351045904], [-70.8942649992925, 43.058824655709095], [-70.89431160229014, 43.058506874984694], [-70.89460773351388, 43.05835724960309], [-70.89492238023507, 43.05850365133396], [-70.89498346535161, 43.05835102648715], [-70.89524753864436, 43.058381109500985], [-70.89551161217439, 43.0584111919001], [-70.89574235816156, 43.05857965598389], [-70.89576708853146, 43.05877220820136], [-70.89599247697697, 43.05907169905584], [-70.8961614947822, 43.05930617236562], [-70.89617901993637, 43.059330484363414], [-70.8960816369259, 43.059525060231806], [-70.89590528403632, 43.059596898114314], [-70.89587693134763, 43.05967119637646], [-70.89582117717272, 43.059653422926864], [-70.89574703617843, 43.059785750271224], [-70.89548306389112, 43.05974096240448], [-70.89535932800284, 43.05971433450872], [-70.89520199343784, 43.05950390545174], [-70.89509886284313, 43.0592393200439], [-70.89515322357387, 43.05900899638833], [-70.8951537618809, 43.05884511437415], [-70.89511420195844, 43.058649121582135], [-70.89492434128043, 43.058652266552166], [-70.89482874654576, 43.05881362665534], [-70.89476489031664, 43.05891710505809], [-70.89444823352949, 43.05897560812723], [-70.89446318471016, 43.05909826519507], [-70.89429322835214, 43.0592035002771], [-70.8942198836871, 43.05927054394865]]]}, "properties": {"Hectares": 1.28547398328, "Acres": 3.17647258191, "Year": "2024", "Name": "Sparse Eelgrass < 10%", "Confidence": "M", "Notes": "UAV and GoPro Imagery Used", "Type": 0, "LABEL": "Great Bay"}}, {"type": "Feature", "geometry": {"type": "Polygon", "coordinates": [[[-70.89933235449244, 43.06392495571674], [-70.89940107396825, 43.063901181600905], [-70.89948198632949, 43.063812207661755], [-70.89953738412449, 43.063671080092746], [-70.89970137068788, 43.06356320173283], [-70.89970476550222, 43.0634196013945], [-70.8996746576701, 43.0633952647389], [-70.89953707745043, 43.063392747969885], [-70.89941199284354, 43.06337082025961], [-70.89933212662406, 43.06332893747212], [-70.89924453154796, 43.06324877542192], [-70.89922951569542, 43.06318661170311], [-70.89925273000259, 43.06309020705533], [-70.8992964650877, 43.0630222666786], [-70.89937381171714, 43.062982575007624], [-70.8994426882348, 43.06288061090825], [-70.89941875778258, 43.06274178018006], [-70.89935704347307, 43.06265158594301], [-70.89939290102724, 43.06254056841298], [-70.89951040188272, 43.06252901582733], [-70.89969453040942, 43.06255476426679], [-70.89973915514076, 43.06251561481148], [-70.89964546066673, 43.06244995727739], [-70.89963391004883, 43.06241828081643], [-70.89984792700623, 43.06247282036328], [-70.89998312615923, 43.06262371937718], [-70.90024938852403, 43.06279158431471], [-70.90045307685423, 43.063046631827845], [-70.90044313345949, 43.063147297977096], [-70.90034912194743, 43.06327328944645], [-70.9003075947292, 43.06340798054965], [-70.900321803588, 43.06365660404589], [-70.90019903724722, 43.06382764507093], [-70.90020545040875, 43.063832939376326], [-70.90010266641295, 43.06389705958959], [-70.89994648942982, 43.06392845933163], [-70.89984862054965, 43.06393968634161], [-70.89962892523988, 43.06403455348398], [-70.89943392551521, 43.06408100010752], [-70.89930392593841, 43.064111964334636], [-70.89915444102282, 43.06414805316874], [-70.89900702895537, 43.06425131987295], [-70.899016981654, 43.06436157772487], [-70.89885932135043, 43.06434499053932], [-70.89884356605774, 43.06425883447016], [-70.89884729485381, 43.06416755461966], [-70.89890367638674, 43.06408500156071], [-70.8991962506344, 43.06401773270544], [-70.89935050178984, 43.063923952961616], [-70.89933235449244, 43.06392495571674]]]}, "properties": {"Hectares": 1.19755812421, "Acres": 2.95922795503, "Year": "2024", "Name": "Sparse Eelgrass < 10%", "Confidence": "M", "Notes": "UAV and GoPro Imagery Used", "Type": 0, "LABEL": "Great Bay"}}, {"type": "Feature", "geometry": {"type": "Polygon", "coordinates": [[[-70.89707739669323, 43.05944679349249], [-70.89722244088955, 43.05940518287267], [-70.89737334143453, 43.05941118147446], [-70.89755096932659, 43.05943798961884], [-70.8977083374114, 43.05938203752275], [-70.89840195213249, 43.05991372531133], [-70.89860272518061, 43.060625008909454], [-70.89858402544479, 43.060883591479396], [-70.8981861345194, 43.06128972664529], [-70.89794499846376, 43.06148532299618], [-70.89789224122609, 43.061407431055684], [-70.89774714962802, 43.06118797415069], [-70.89767806533595, 43.06091020507078], [-70.89780399815504, 43.06050876122604], [-70.89779895539147, 43.06006511663826], [-70.89752723436622, 43.05966392990562], [-70.89713177442903, 43.05945496330256], [-70.89707739669323, 43.05944679349249]]]}, "properties": {"Hectares": 1.21914199504, "Acres": 3.01256281423, "Year": "2024", "Name": "Sparse Eelgrass < 10%", "Confidence": "M", "Notes": "UAV and GoPro Imagery Used", "Type": 0, "LABEL": "Great Bay"}}, {"type": "Feature", "geometry": {"type": "Polygon", "coordinates": [[[-70.89584449528516, 43.060462780885835], [-70.89578111425674, 43.06044015320332], [-70.89575647574821, 43.06044195397385], [-70.89573676095891, 43.06041860265899], [-70.89573555961157, 43.060379622776594], [-70.89575903964365, 43.06034023434789], [-70.89576728840495, 43.06032062149585], [-70.89576965808524, 43.06031498744762], [-70.89579896214767, 43.06027968083878], [-70.89582792291411, 43.06023323692106], [-70.89586516417187, 43.06020894130157], [-70.89592053256868, 43.06015648890793], [-70.8959394214147, 43.06021467488076], [-70.89596106716814, 43.06030067241018], [-70.8959020836889, 43.06029747158353], [-70.89589801884186, 43.06035046668753], [-70.8958779071529, 43.060375871374106], [-70.8958943401776, 43.06041599131109], [-70.89587664202062, 43.060458069808796], [-70.89584449528516, 43.060462780885835]]]}, "properties": {"Hectares": 0.0318842838, "Acres": 0.07878771147, "Year": "2024", "Name": "Sparse Eelgrass < 10%", "Confidence": "H", "Notes": "UAV and GoPro Imagery Used", "Type": 0, "LABEL": "Great Bay"}}, {"type": "Feature", "geometry": {"type": "Polygon", "coordinates": [[[-70.83948910912491, 43.061127723031454], [-70.83951348024382, 43.06114482634117], [-70.83971747746106, 43.06131652570911], [-70.83987954358082, 43.061415991853295], [-70.83994615027021, 43.06164822713763], [-70.83997038640699, 43.061793654465774], [-70.8398174740562, 43.062000256747574], [-70.84010272866698, 43.062228976339355], [-70.83971259760308, 43.06248313932119], [-70.83975932709282, 43.06271569431736], [-70.839844503713, 43.06290388630143], [-70.84004502091028, 43.06295898821582], [-70.84015181973413, 43.06320515902357], [-70.84019593516307, 43.06335026650851], [-70.84059915299524, 43.06353334169412], [-70.84082173209573, 43.06366099536883], [-70.84081330099076, 43.06370115317741], [-70.84082483788725, 43.06371433584929], [-70.84080834660062, 43.06397188343658], [-70.84086163278907, 43.06413515406702], [-70.84089744141414, 43.06432088620036], [-70.84093742459936, 43.06444339338887], [-70.8409446765757, 43.064446427367045], [-70.84108905605343, 43.06461908440601], [-70.84129525240276, 43.064863654406736], [-70.84126378696864, 43.0651412118563], [-70.84125088979641, 43.065374726681746], [-70.84149771857321, 43.065647805717376], [-70.84182231667987, 43.06586130537246], [-70.84204621521559, 43.06603268000056], [-70.8421539008921, 43.066307997908], [-70.84217072407475, 43.066331369653845], [-70.84203767238972, 43.066308555625746], [-70.84194213495068, 43.066269395503575], [-70.84175721686593, 43.06621132553766], [-70.84158857925094, 43.06614078287431], [-70.84141885097397, 43.06605410495107], [-70.84129185911155, 43.065874939100816], [-70.84096974735903, 43.06572487089991], [-70.84072885823603, 43.06556662429971], [-70.84029307018436, 43.06490685792289], [-70.84019781976667, 43.064683281142436], [-70.84006483647076, 43.064633296006704], [-70.84007810772414, 43.06437501712102], [-70.83981113457197, 43.06419031643309], [-70.83952506890573, 43.063736840151655], [-70.8395908127436, 43.062954445302076], [-70.83945077451209, 43.06278890313066], [-70.83951803546373, 43.062670947348394], [-70.83941986447012, 43.06247149389344], [-70.83913798594207, 43.062108388471785], [-70.83871246728296, 43.06184452000019], [-70.83883062764266, 43.06171238539758], [-70.83915648604894, 43.0616583096062], [-70.83929372103478, 43.06160726469355], [-70.83940139170774, 43.061495647799624], [-70.83944852434243, 43.061401283731406], [-70.83949188437687, 43.061180814961716], [-70.83948910912491, 43.061127723031454]]]}, "properties": {"Hectares": 3.42999234737, "Acres": 8.47568818138, "Year": "2024", "Name": "Sparse Eelgrass < 10%", "Confidence": "L", "Notes": "UAV and GoPro Imagery Used", "Type": 0, "LABEL": "Great Bay"}}, {"type": "Feature", "geometry": {"type": "Polygon", "coordinates": [[[-70.84739246566754, 43.07011694557751], [-70.84734933828689, 43.070165824954024], [-70.847191991593, 43.0704352051629], [-70.84723715521505, 43.07056183128466], [-70.84746221195962, 43.07061884244557], [-70.84764975433106, 43.07080381396778], [-70.846942832397, 43.07090108023435], [-70.84644761749905, 43.071070151428685], [-70.84659121164255, 43.07096502708894], [-70.84666702806963, 43.07085065745846], [-70.84676850129719, 43.07075727956766], [-70.84692834127229, 43.070662959305565], [-70.8470443783888, 43.070499012152695], [-70.84712577706041, 43.070292812225965], [-70.84722344692243, 43.070211727317904], [-70.84729266784566, 43.07015556567338], [-70.84739246566754, 43.07011694557751]]]}, "properties": {"Hectares": 0.26664931984, "Acres": 0.65890423646, "Year": "2024", "Name": "Sparse Eelgrass < 10%", "Confidence": "H", "Notes": "UAV and GoPro Imagery Used", "Type": 0, "LABEL": "Great Bay"}}, {"type": "Feature", "geometry": {"type": "Polygon", "coordinates": [[[-70.87052136998396, 43.061768883936956], [-70.8705190997456, 43.0617649778607], [-70.87072748650209, 43.061794238461616], [-70.87092950807863, 43.061783961569006], [-70.8712065670928, 43.06170186317566], [-70.87155465789591, 43.06169817175821], [-70.87221663422953, 43.0617432312698], [-70.87248144963786, 43.06174015430224], [-70.87276671546486, 43.061599974295234], [-70.87324763534725, 43.06141141986985], [-70.87368761654777, 43.06113617459711], [-70.87387817613846, 43.060925702251964], [-70.87405602034521, 43.06088527260606], [-70.87417528663765, 43.0608082246923], [-70.87444849883468, 43.06077694396788], [-70.87471114750981, 43.060698927759795], [-70.87487612422609, 43.060414776533506], [-70.87515540577697, 43.06028287764354], [-70.87543897453362, 43.06029163160664], [-70.87556991678316, 43.06039000195232], [-70.87597850533051, 43.06030288898964], [-70.87624033274693, 43.06019807820316], [-70.87655028207602, 43.060172891085585], [-70.87684502821885, 43.06024846955483], [-70.87705879357604, 43.06036558278978], [-70.8773369081457, 43.06049504193432], [-70.87764201769515, 43.060610655073546], [-70.87789211834857, 43.06072046923812], [-70.87791825430847, 43.06082006110313], [-70.8778229293021, 43.06084892647228], [-70.87766519312137, 43.06077110189368], [-70.87758987006725, 43.06069862567479], [-70.87748918882741, 43.06069357690129], [-70.87742950455602, 43.0607862318601], [-70.87712686304545, 43.06060015958963], [-70.87696824082684, 43.06056828424494], [-70.87650283786546, 43.06056109379649], [-70.87583982821894, 43.06060863670673], [-70.87487432455862, 43.060837940967694], [-70.87463010474922, 43.06090867932691], [-70.87459268091466, 43.06097603058881], [-70.87472316819832, 43.06106490513192], [-70.87527099720585, 43.06111797755248], [-70.87588716966789, 43.06114172142318], [-70.87602240213675, 43.061172704962644], [-70.87603318786284, 43.06123647737096], [-70.87598751102513, 43.06129245196562], [-70.87518551866339, 43.06132290556608], [-70.87487663334686, 43.061320158417686], [-70.87464386676187, 43.061354226731275], [-70.87409775226541, 43.06157129628732], [-70.87405066793158, 43.06161008076357], [-70.87378546752578, 43.06161941606735], [-70.87352857796458, 43.06169553997199], [-70.87339197479297, 43.061810788164614], [-70.87326968778069, 43.061936076088884], [-70.87315377741079, 43.06204071174514], [-70.87288925732028, 43.062096411423795], [-70.87264167901935, 43.06201827428692], [-70.87244452237951, 43.06198554307272], [-70.87214545894136, 43.06205721697863], [-70.87199047297403, 43.06202893202231], [-70.87178475278641, 43.061944970923086], [-70.8716361436608, 43.061896033419956], [-70.8714321427714, 43.061868549587594], [-70.87103801489431, 43.06203937625586], [-70.87088544713168, 43.06208290381396], [-70.8706234304524, 43.06186767017781], [-70.87054467893581, 43.06180899581991], [-70.87052136998396, 43.061768883936956]]]}, "properties": {"Hectares": 2.6754596027, "Acres": 6.61119881265, "Year": "2024", "Name": "Sparse Eelgrass < 10%", "Confidence": "H", "Notes": "UAV and GoPro Imagery Used", "Type": 0, "LABEL": "Great Bay"}}, {"type": "Feature", "geometry": {"type": "Polygon", "coordinates": [[[-70.86528568996617, 43.060356830550816], [-70.86549270343012, 43.06046831399913], [-70.86545350565304, 43.06053163282252], [-70.86544635429796, 43.060668480729454], [-70.86560654723895, 43.060795694127485], [-70.86574787004504, 43.06085968265287], [-70.86592847464965, 43.06085259404761], [-70.8660633514692, 43.06076614557847], [-70.86627626068453, 43.060718753192916], [-70.86634167710231, 43.06054169350019], [-70.86642738653207, 43.06031045031204], [-70.86649720212691, 43.060284466517786], [-70.86649905520235, 43.06034553562069], [-70.86645997459355, 43.060427451105646], [-70.86642258738623, 43.0605652191815], [-70.8664489066332, 43.060747666372976], [-70.86656385781824, 43.060882949018975], [-70.86642798864173, 43.0609715240581], [-70.86626760269968, 43.06109038083842], [-70.86606991378792, 43.06109373342948], [-70.86602445695438, 43.06101549506196], [-70.86583290884369, 43.0609861079264], [-70.8655963558393, 43.06093469600531], [-70.86550122124673, 43.06086797310917], [-70.86535645269005, 43.0607727996872], [-70.86515889806624, 43.0606914912223], [-70.86515576461427, 43.06069187186178], [-70.86513923698777, 43.0606689237139], [-70.86484908904794, 43.060645563675976], [-70.86465433284806, 43.06053949992367], [-70.86466813452319, 43.06043315681731], [-70.8647434824384, 43.060250905239755], [-70.86470501938483, 43.06015128866176], [-70.86516701723134, 43.06029292143727], [-70.86528568996617, 43.060356830550816]]]}, "properties": {"Hectares": 0.52738340302, "Acres": 1.30319161775, "Year": "2024", "Name": "Sparse Eelgrass < 10%", "Confidence": "H", "Notes": "UAV and GoPro Imagery Used", "Type": 0, "LABEL": "Great Bay"}}, {"type": "Feature", "geometry": {"type": "Polygon", "coordinates": [[[-70.86042367691736, 43.06098696321252], [-70.86045130279706, 43.0610118494764], [-70.86057099894731, 43.06111510616038], [-70.86075264080205, 43.06119105436774], [-70.86083711856166, 43.06126166898856], [-70.86111948571667, 43.06132727608993], [-70.86127308903592, 43.06138050249577], [-70.86139984080677, 43.06142052172421], [-70.86161390948222, 43.06150120056835], [-70.86177340497323, 43.06155646722416], [-70.86195831540954, 43.06162184016419], [-70.86209032883724, 43.061598650305136], [-70.86222497125564, 43.061543857058794], [-70.86228783273165, 43.06148760189422], [-70.86249999452092, 43.06138683555605], [-70.86259225512129, 43.06135731008242], [-70.86265588429937, 43.06135168803928], [-70.86280293249712, 43.06123371441716], [-70.86291065811275, 43.06122383537346], [-70.86309673995204, 43.061114333064324], [-70.86322165265051, 43.06107764609113], [-70.86329598308112, 43.06109838974741], [-70.86366895443423, 43.0612150624293], [-70.863983332708, 43.061303058734424], [-70.86425001654304, 43.06134103969437], [-70.86458106440071, 43.0614075999531], [-70.86475415447498, 43.06159524891935], [-70.86489724372404, 43.06174529245188], [-70.86516457142167, 43.06180442442827], [-70.86544856754983, 43.061842120328286], [-70.86562435618139, 43.062118608953554], [-70.86579565949448, 43.06243749774799], [-70.86601978560401, 43.06259468345538], [-70.86625391187862, 43.062700913902546], [-70.86639792792101, 43.062779831505246], [-70.86645742455627, 43.06290160784529], [-70.86649969249784, 43.0630769971357], [-70.86656255209206, 43.06315150712238], [-70.8663923483536, 43.063112970640056], [-70.8661586156616, 43.06297051372781], [-70.86581090015862, 43.062758583156935], [-70.86575339256188, 43.06274006198086], [-70.86498400193922, 43.062492263583415], [-70.8622908129198, 43.061936436678344], [-70.86118675694354, 43.06174737478004], [-70.86053822088371, 43.06129137424378], [-70.86053006512948, 43.06128563944279], [-70.86042367691736, 43.06098696321252]]]}, "properties": {"Hectares": 3.37284789221, "Acres": 8.3344812823, "Year": "2024", "Name": "Sparse Eelgrass < 10%", "Confidence": "L", "Notes": "UAV and GoPro Imagery Used - Low Confidence becuase of Depth", "Type": 0, "LABEL": "Great Bay"}}, {"type": "Feature", "geometry": {"type": "Polygon", "coordinates": [[[-70.73171164609064, 43.05910373321256], [-70.73174441769929, 43.05909173689875], [-70.73176262726197, 43.05911957304092], [-70.73178719299536, 43.059125590234174], [-70.7317765821033, 43.05918197439481], [-70.73172055508813, 43.05917259998773], [-70.73172655171156, 43.059138008408915], [-70.73171164609064, 43.05910373321256]]]}, "properties": {"Hectares": 0.00388892199, "Acres": 0.00960972701, "Year": "2024", "Name": "Eelgrass", "Confidence": "H", "Notes": "UAV and GoPro Imagery Used", "Type": 1, "LABEL": "Little Harbor/Back Channel"}}, {"type": "Feature", "geometry": {"type": "Polygon", "coordinates": [[[-70.72872048844397, 43.057254768273204], [-70.72870963010519, 43.05724904890745], [-70.72868887738561, 43.05727191564367], [-70.72866254489753, 43.05723897405373], [-70.72860970005975, 43.057214277616076], [-70.72861602521183, 43.0572014346069], [-70.72864098062377, 43.05718536839126], [-70.72862332897101, 43.057175829369335], [-70.72858189330613, 43.057176455419366], [-70.7285362274248, 43.05716930078642], [-70.72851142446648, 43.05714320005945], [-70.72852142906827, 43.05711853459572], [-70.72858496685761, 43.05714306951755], [-70.72858564253764, 43.05711952556925], [-70.72859922918839, 43.05712716487012], [-70.72860267357508, 43.057154568858444], [-70.72862773913357, 43.0571424232713], [-70.72866121005504, 43.05714387869305], [-70.72864828437078, 43.057159763152214], [-70.72864872502304, 43.057175445653805], [-70.728662532022, 43.05719092619751], [-70.72869711927255, 43.05718452016173], [-70.72874475529002, 43.05721419812783], [-70.7287372036974, 43.057230981965546], [-70.72876083540638, 43.05726298377564], [-70.72874643537553, 43.05727398766124], [-70.72872048844397, 43.057254768273204]]]}, "properties": {"Hectares": 0.01132782159, "Acres": 0.02799163201, "Year": "2024", "Name": "Eelgrass", "Confidence": "H", "Notes": "UAV and GoPro Imagery Used", "Type": 1, "LABEL": "Little Harbor/Back Channel"}}, {"type": "Feature", "geometry": {"type": "Polygon", "coordinates": [[[-70.86298267494463, 43.06012715692912], [-70.86294066536655, 43.06011804819269], [-70.86286469921492, 43.060083734862495], [-70.86283307954834, 43.0600583949388], [-70.86282710905881, 43.060006782566255], [-70.86279920997436, 43.05995875910413], [-70.86282397867869, 43.05990341435605], [-70.86285398413513, 43.05987545505149], [-70.86298501745685, 43.05983615505216], [-70.86300596767377, 43.059800263543096], [-70.86296735970237, 43.05974802131675], [-70.86306188768104, 43.05976453969472], [-70.86332568592987, 43.05987764531754], [-70.86332859603333, 43.05987795990694], [-70.86348743065093, 43.05990769142505], [-70.86363141754802, 43.05993227800386], [-70.8637539495682, 43.059976066092624], [-70.8639351368319, 43.060016206013664], [-70.86401875562235, 43.06010910532188], [-70.86410392465379, 43.0602531510083], [-70.86407847067866, 43.0603828403073], [-70.86398114616071, 43.06044367585818], [-70.8638391155282, 43.06048369512718], [-70.86374268659547, 43.060574142126214], [-70.86375312842154, 43.06067631361373], [-70.86368011405621, 43.0606909695552], [-70.8634928873199, 43.060694019430066], [-70.86337394368216, 43.06064747842721], [-70.86326422002055, 43.060541537351476], [-70.86323901384719, 43.06043691298364], [-70.86322180126612, 43.06035370387921], [-70.86318191042388, 43.06024931865674], [-70.86302430036841, 43.060138770628086], [-70.86298949466452, 43.06012863538326], [-70.86298331844827, 43.06012683687647], [-70.86298267494463, 43.06012715692912]]]}, "properties": {"Hectares": 0.60551836891, "Acres": 1.49626715258, "Year": "2024", "Name": "Sparse Eelgrass < 10%", "Confidence": "M", "Notes": "UAV and GoPro Imagery Used", "Type": 0, "LABEL": "Great Bay"}}, {"type": "Feature", "geometry": {"type": "Polygon", "coordinates": [[[-70.86907664294088, 43.06083057655973], [-70.86910325510955, 43.060878071437905], [-70.86910065220138, 43.060918476640786], [-70.86909579874938, 43.06106859454794], [-70.86911372799969, 43.06113508638641], [-70.86907854008022, 43.06123114621312], [-70.8691732644372, 43.061288148755395], [-70.86932182773903, 43.06130388488265], [-70.86949743948574, 43.06131408450888], [-70.86965356234393, 43.06136707059025], [-70.86976332739306, 43.061489680583854], [-70.86986219384436, 43.06160475059759], [-70.87022684749947, 43.061723940228816], [-70.87032411564223, 43.06173759855089], [-70.87032385958605, 43.06173774413003], [-70.87011794397577, 43.06185477168922], [-70.86984987294464, 43.06189795278437], [-70.86958361978039, 43.06192641063155], [-70.86940102555461, 43.0618725291723], [-70.8694234215574, 43.061740481768446], [-70.86928837968081, 43.06157124146831], [-70.86907717255052, 43.06146039437495], [-70.86897771751902, 43.061322321812], [-70.86881152533698, 43.0612678877831], [-70.86883614309507, 43.06122303593318], [-70.86886037393697, 43.06116549112571], [-70.86871937731603, 43.06108524591951], [-70.86864859051593, 43.06103560238234], [-70.86862838672093, 43.06094068469034], [-70.86859721470591, 43.06076974600094], [-70.8687437799063, 43.06074830261323], [-70.86886688567056, 43.0608097907004], [-70.86907664294088, 43.06083057655973]]]}, "properties": {"Hectares": 0.54121545334, "Acres": 1.33737132825, "Year": "2024", "Name": "Sparse Eelgrass < 10%", "Confidence": "M", "Notes": "UAV and GoPro Imagery Used", "Type": 0, "LABEL": "Great Bay"}}, {"type": "Feature", "geometry": {"type": "Polygon", "coordinates": [[[-70.87240121661105, 43.0798942277276], [-70.87251096962801, 43.079857284382804], [-70.87260015756216, 43.07983385765942], [-70.87273521057213, 43.0798404335843], [-70.87280476938864, 43.079861261667766], [-70.87289742101336, 43.07985315455372], [-70.87291760000558, 43.07992531489767], [-70.87286842010184, 43.07998323378173], [-70.87279481058845, 43.08002617603904], [-70.87271480852397, 43.08005604235821], [-70.87262575409305, 43.08008386034837], [-70.8725579341024, 43.080120117411894], [-70.87248884264301, 43.08011465852489], [-70.87246387748786, 43.08008211671309], [-70.872423067044, 43.08002127761436], [-70.8723849840913, 43.07995160713231], [-70.87240121661105, 43.0798942277276]]]}, "properties": {"Hectares": 0.09335684329, "Acres": 0.23068957979, "Year": "2024", "Name": "Eelgrass", "Confidence": "H", "Notes": "UAV and GoPro Imagery Used", "Type": 1, "LABEL": "Great Bay"}}, {"type": "Feature", "geometry": {"type": "Polygon", "coordinates": [[[-70.87831536767735, 43.07204095828587], [-70.87804495210011, 43.07236845474365], [-70.87762365876839, 43.07292624892032], [-70.87741581203835, 43.07329691257883], [-70.87704448781325, 43.07344072551233], [-70.87664676896263, 43.07374564272666], [-70.87659818564448, 43.074205505231774], [-70.8757672372685, 43.07467819864742], [-70.87562546283212, 43.075162541512576], [-70.87539259972945, 43.07574019146082], [-70.87553877740585, 43.07642639309374], [-70.87540558361104, 43.07689731846007], [-70.87537930632247, 43.07693809990241], [-70.87528365978407, 43.07709617291545], [-70.8751262338295, 43.077287480694345], [-70.874905063117, 43.077447610819924], [-70.87476569325281, 43.0775544495552], [-70.87400983927185, 43.07788770887523], [-70.8737967124812, 43.07794747447588], [-70.87350668853256, 43.078153336827256], [-70.87323909052424, 43.07837492070337], [-70.87299024368544, 43.07849161802111], [-70.87277769283891, 43.07860151641561], [-70.87284954987909, 43.07824851994851], [-70.87314604229276, 43.077986811953814], [-70.87335698368075, 43.0778861041444], [-70.87358154799648, 43.07773758693717], [-70.87364345414774, 43.077576774972336], [-70.87370262620716, 43.07745712922208], [-70.87374123354718, 43.07726537077475], [-70.87386477560634, 43.07706797180115], [-70.87411186044483, 43.076994651556994], [-70.8742045171775, 43.076881852483126], [-70.87425856659189, 43.07670701179817], [-70.87436960245722, 43.07639374109213], [-70.87449880219958, 43.076366343609635], [-70.87460974588981, 43.07626376917272], [-70.8747396890901, 43.07606250490409], [-70.87477692966509, 43.075696840294086], [-70.87527163343518, 43.075074174385044], [-70.87529124592409, 43.07468895590387], [-70.87530504942745, 43.07451200457843], [-70.87529885719873, 43.07435369466827], [-70.87559607938633, 43.07426775504108], [-70.87576326634722, 43.07412753640544], [-70.87587472438143, 43.073996365255994], [-70.8759985671393, 43.073756636267625], [-70.8760171423207, 43.07353047636741], [-70.87609764096851, 43.073313361835616], [-70.87640105414769, 43.07331336242997], [-70.87689023131611, 43.07333145481311], [-70.87711314837027, 43.07323194379319], [-70.8770636114898, 43.072996735973106], [-70.87700099661768, 43.072737999262245], [-70.87750917183959, 43.07234725653073], [-70.87831536767735, 43.07204095828587]]]}, "properties": {"Hectares": 4.37878261179, "Acres": 10.82019791096, "Year": "2024", "Name": "Sparse Eelgrass < 10%", "Confidence": "M", "Notes": "UAV and GoPro Imagery Used", "Type": 0, "LABEL": "Great Bay"}}, {"type": "Feature", "geometry": {"type": "Polygon", "coordinates": [[[-70.84493803698194, 43.07053862209518], [-70.84487520247464, 43.07051834582345], [-70.8447134927415, 43.070520953508804], [-70.84474962478087, 43.07048083307261], [-70.84482416879177, 43.07047658963267], [-70.84499840880943, 43.07047682107884], [-70.84511487287503, 43.07048710822233], [-70.8451531026724, 43.07051690531855], [-70.84505782662839, 43.070521483341594], [-70.84494273064105, 43.07055679461618], [-70.84486098819404, 43.070597650649034], [-70.84471235586386, 43.07062133702719], [-70.84478986083508, 43.0705775080634], [-70.84493803698194, 43.07053862209518]]]}, "properties": {"Hectares": 0.02281658243, "Acres": 0.05638095321, "Year": "2024", "Name": "Widgeon Grass", "Confidence": "H", "Notes": "GoPro Imagery Used", "Type": 3, "LABEL": "Great Bay"}}, {"type": "Feature", "geometry": {"type": "Polygon", "coordinates": [[[-70.84473226086504, 43.07031687912462], [-70.84478985431791, 43.070300743559145], [-70.84487323811308, 43.07031460575616], [-70.84481997346613, 43.07033675429642], [-70.84489948454382, 43.070359803033284], [-70.84483378068599, 43.070382152181786], [-70.84476265358711, 43.070362009573714], [-70.84471253208308, 43.070350652316186], [-70.84473226086504, 43.07031687912462]]]}, "properties": {"Hectares": 0.00753706134, "Acres": 0.01862446771, "Year": "2024", "Name": "Widgeon Grass", "Confidence": "H", "Notes": "GoPro Imagery Used", "Type": 3, "LABEL": "Great Bay"}}, {"type": "Feature", "geometry": {"type": "Polygon", "coordinates": [[[-70.84558523076021, 43.07026358386021], [-70.84560514151298, 43.070235890321825], [-70.84565968318807, 43.07025629998417], [-70.8456232781535, 43.07028730100404], [-70.84554458805854, 43.07029161185038], [-70.84549464895085, 43.07028633473206], [-70.84558523076021, 43.07026358386021]]]}, "properties": {"Hectares": 0.00344045786, "Acres": 0.008501549, "Year": "2024", "Name": "Widgeon Grass", "Confidence": "H", "Notes": "GoPro Imagery Used", "Type": 3, "LABEL": "Great Bay"}}, {"type": "Feature", "geometry": {"type": "Polygon", "coordinates": [[[-70.84532984708397, 43.07046235121974], [-70.845399697233, 43.07043993490284], [-70.8454252142411, 43.070460812869705], [-70.8453347233084, 43.07048660351826], [-70.84529371543998, 43.070502471832185], [-70.84528893045625, 43.07048125942957], [-70.84532984708397, 43.07046235121974]]]}, "properties": {"Hectares": 0.00288701832, "Acres": 0.00713397134, "Year": "2024", "Name": "Widgeon Grass", "Confidence": "H", "Notes": "GoPro Imagery Used", "Type": 3, "LABEL": "Great Bay"}}, {"type": "Feature", "geometry": {"type": "Polygon", "coordinates": [[[-70.84459930846772, 43.070586663429616], [-70.84463175018331, 43.07056180938005], [-70.84466961501668, 43.07057944704572], [-70.8446328445102, 43.07059828816626], [-70.84458363474953, 43.07061732984459], [-70.84459930846772, 43.070586663429616]]]}, "properties": {"Hectares": 0.00171167203, "Acres": 0.00422962996, "Year": "2024", "Name": "Widgeon Grass", "Confidence": "H", "Notes": "GoPro Imagery Used", "Type": 3, "LABEL": "Great Bay"}}, {"type": "Feature", "geometry": {"type": "Polygon", "coordinates": [[[-70.84466856327818, 43.070406105953225], [-70.8446679249125, 43.070384826661076], [-70.84473905200905, 43.07040496932807], [-70.84468191442454, 43.07043630436394], [-70.84466856327818, 43.070406105953225]]]}, "properties": {"Hectares": 0.00164891062, "Acres": 0.00407454328, "Year": "2024", "Name": "Widgeon Grass", "Confidence": "H", "Notes": "GoPro Imagery Used", "Type": 3, "LABEL": "Great Bay"}}, {"type": "Feature", "geometry": {"type": "Polygon", "coordinates": [[[-70.77493901213215, 43.10478333490833], [-70.77489787461008, 43.104769053084205], [-70.77478027795517, 43.104770877596245], [-70.77476815656989, 43.104742883238714], [-70.77480092945159, 43.10470258784574], [-70.77480478201824, 43.10467931902746], [-70.77482889204259, 43.10465242034003], [-70.7748619521503, 43.10462206720741], [-70.77488380065995, 43.104595203596084], [-70.77489622019377, 43.10455522396335], [-70.77492499672186, 43.10453322621945], [-70.77489507092413, 43.104515454856354], [-70.77482203367289, 43.10449337899343], [-70.77483652315323, 43.10444673609506], [-70.77489493808156, 43.104432567461494], [-70.77495709896246, 43.10446973213873], [-70.77500419589452, 43.10453365514714], [-70.77498734927939, 43.10457701906168], [-70.77497102941396, 43.10463861048025], [-70.77496587320967, 43.10469505531273], [-70.77496042966753, 43.1047415578686], [-70.77493901213215, 43.10478333490833]]]}, "properties": {"Hectares": 0.03924975747, "Acres": 0.09698817717, "Year": "2024", "Name": "Widgeon Grass", "Confidence": "H", "Notes": "UAV Imagery Used", "Type": 3, "LABEL": "Spinney Creek"}}, {"type": "Feature", "geometry": {"type": "Polygon", "coordinates": [[[-70.77507147574998, 43.10443480162653], [-70.77509732021774, 43.10438964028817], [-70.7751439966975, 43.10436073357305], [-70.7751780143646, 43.10436352127193], [-70.77523493399309, 43.10437590029482], [-70.775222658398, 43.104420851098595], [-70.77516814387037, 43.10441340811509], [-70.77513157736104, 43.104400713230476], [-70.77507147574998, 43.10443480162653]]]}, "properties": {"Hectares": 0.00551144315, "Acres": 0.01361906058, "Year": "2024", "Name": "Widgeon Grass", "Confidence": "H", "Notes": "UAV Imagery Used", "Type": 3, "LABEL": "Spinney Creek"}}, {"type": "Feature", "geometry": {"type": "Polygon", "coordinates": [[[-70.77387066671045, 43.10412145600873], [-70.77399144197643, 43.10409264406688], [-70.77412633642395, 43.10416100814681], [-70.77425167367532, 43.104192220039494], [-70.77434898222243, 43.10423215548848], [-70.77437886608257, 43.10428764235094], [-70.77436153174612, 43.10437287291773], [-70.77443688429993, 43.104435943444024], [-70.77446989439117, 43.10450174297006], [-70.77444871596823, 43.10455180515667], [-70.7743646888879, 43.104580047591625], [-70.77426857650597, 43.104581538335374], [-70.77419724745451, 43.10455985002622], [-70.77420134542791, 43.10450590832191], [-70.77417452777614, 43.10445866280637], [-70.77407409299687, 43.104408414511056], [-70.77395663760429, 43.104356357834625], [-70.77388068740306, 43.104272573891706], [-70.77383967618616, 43.10422347615157], [-70.77387066671045, 43.10412145600873]]]}, "properties": {"Hectares": 0.14682166273, "Acres": 0.36280390904, "Year": "2024", "Name": "Widgeon Grass", "Confidence": "H", "Notes": "UAV Imagery Used", "Type": 3, "LABEL": "Spinney Creek"}}, {"type": "Feature", "geometry": {"type": "Polygon", "coordinates": [[[-70.88509817127317, 43.06537119357439], [-70.88522197031746, 43.06501074779772], [-70.88571577100757, 43.064555867048604], [-70.88664492116494, 43.06422410537085], [-70.88757463212025, 43.063910942207535], [-70.88852970756523, 43.06359735187474], [-70.8893163000479, 43.063584364071495], [-70.88967725107904, 43.06376454473892], [-70.88999317406662, 43.064131610467086], [-70.89020302830812, 43.064351514414085], [-70.89041687299768, 43.06473327532137], [-70.8905140341084, 43.064758174094145], [-70.89009728653211, 43.06484413188025], [-70.88940260762296, 43.06479400541506], [-70.88879237500304, 43.06475788116611], [-70.88873177871135, 43.06487373230384], [-70.888338354816, 43.06494961501508], [-70.8878619261821, 43.06484393313535], [-70.887552750648, 43.064861651219594], [-70.88722753732527, 43.0649174813787], [-70.88670880078406, 43.0651152784356], [-70.88629093035502, 43.06523571427621], [-70.8860915532455, 43.06517179804092], [-70.8860476436123, 43.065157721019304], [-70.88560773903467, 43.065120815610754], [-70.88538764385069, 43.06523798814561], [-70.88518461003325, 43.06536693543046], [-70.88509817127317, 43.06537119357439]]]}, "properties": {"Hectares": 4.26218964027, "Acres": 10.53209065861, "Year": "2024", "Name": "Eelgrass", "Confidence": "M", "Notes": "UAV and GoPro Imagery Used - Sparse EG points fall between dense EG patches causing mismatch of accuracy.  Medium Accuracy becuase of glare.", "Type": 1, "LABEL": "Great Bay"}}, {"type": "Feature", "geometry": {"type": "Polygon", "coordinates": [[[-70.84620199283044, 43.054993115114286], [-70.84617078809168, 43.05499361867026], [-70.8460392432453, 43.05495747328202], [-70.84589624610524, 43.05491184513857], [-70.84587856267322, 43.05488846882749], [-70.84586193296792, 43.05486313414119], [-70.84587674788341, 43.05482798127321], [-70.84589847743497, 43.054802332028316], [-70.84590043233457, 43.05480249769223], [-70.84609089730714, 43.05468163152694], [-70.84623667298486, 43.05463056142986], [-70.84642868110822, 43.054563294145005], [-70.84647253190616, 43.05456074585345], [-70.84666252171725, 43.05454970385174], [-70.84678690956386, 43.05468021421671], [-70.84699245693801, 43.05483886219691], [-70.84727893196732, 43.05479497198349], [-70.8474658599235, 43.054556366860695], [-70.84751569294404, 43.05443285988462], [-70.84764029020317, 43.054347410361814], [-70.84802666403527, 43.054287181318074], [-70.848294653728, 43.05434082867408], [-70.84845966940416, 43.05433289396671], [-70.84866992690641, 43.054322782715495], [-70.84948760226105, 43.054345514522154], [-70.8503623660458, 43.0545278840422], [-70.85051069782891, 43.05467886240118], [-70.85059485542438, 43.05486922236513], [-70.85066565925071, 43.055050211900856], [-70.8506711986464, 43.05508609760471], [-70.85052148316429, 43.05503139912013], [-70.85036861697236, 43.055155508775115], [-70.85012516392392, 43.05531271397179], [-70.84989303400097, 43.05532098798148], [-70.84976281462615, 43.05521756333354], [-70.84978138498253, 43.055144024343974], [-70.84973138083238, 43.05507571453581], [-70.84962919831156, 43.05502964473742], [-70.84942918163041, 43.05502487918821], [-70.84930525875556, 43.055047119601994], [-70.84926829895781, 43.05523934042874], [-70.84923133947974, 43.0553521313245], [-70.84890563297735, 43.055327607260104], [-70.84879946833809, 43.05524630698329], [-70.84867072554285, 43.05523497970528], [-70.84853365845147, 43.05520101546599], [-70.8483502194145, 43.055104210046764], [-70.84814639823205, 43.05503346736209], [-70.84792729041665, 43.05498134093757], [-70.84772856426848, 43.05497761781759], [-70.84761136683254, 43.05509676326392], [-70.8473922589437, 43.055171229364575], [-70.84721755793652, 43.05528878898541], [-70.84717277275537, 43.05519388879], [-70.84708320286487, 43.05513498539076], [-70.84702942998749, 43.05512784131042], [-70.84681523113153, 43.05502148543542], [-70.84662340669767, 43.055005447826034], [-70.8464489698623, 43.05498912926644], [-70.84632726465588, 43.054991093478314], [-70.8462490263773, 43.05499235610492], [-70.84620199283044, 43.054993115114286]], [[-70.84817002776497, 43.05461516159283], [-70.84812406883695, 43.05465993786343], [-70.8480627906444, 43.05471111078993], [-70.84801026599955, 43.05474149463647], [-70.84799494658611, 43.05478467180439], [-70.84794461095046, 43.05483104739472], [-70.84789865206476, 43.054880620658246], [-70.84786582445676, 43.05493179373729], [-70.84790302892294, 43.054939789522955], [-70.84799322667746, 43.0549219937845], [-70.84803251535482, 43.054909374016354], [-70.84804332598941, 43.05487639698283], [-70.84801902043188, 43.054819853158115], [-70.84807373289576, 43.05475108954304], [-70.84813063480618, 43.05472070589517], [-70.84819629002551, 43.054651942052736], [-70.84822255193218, 43.0545895752657], [-70.84817002776497, 43.05461516159283]], [[-70.84801858256353, 43.054351300714636], [-70.84792578965167, 43.054390959764525], [-70.84786100974627, 43.054429339554844], [-70.84781899010731, 43.05447923331916], [-70.8478014816091, 43.05452273044028], [-70.8478119868113, 43.05456494833166], [-70.84786976365676, 43.05451249587522], [-70.84795030088821, 43.05443317759102], [-70.8480203332679, 43.05440631179513], [-70.84808336288407, 43.05436409378704], [-70.84806585470002, 43.05433978658141], [-70.84801858256353, 43.054351300714636]], [[-70.84850487077657, 43.05445684511913], [-70.84847860860684, 43.05447283672205], [-70.84850487037895, 43.05449842328716], [-70.84852019025418, 43.05449362574949], [-70.84856833743123, 43.0544760350837], [-70.84859897673908, 43.054445650919675], [-70.84852894445838, 43.054437655241884], [-70.84850487077657, 43.05445684511913]]]}, "properties": {"Hectares": 2.6570807906, "Acres": 6.56578381905, "Year": "2024", "Name": "Eelgrass", "Confidence": "L", "Notes": "UAV Imagery Used - Low Confidence because of poor quality image.", "Type": 1, "LABEL": "Great Bay"}}, {"type": "Feature", "geometry": {"type": "Polygon", "coordinates": [[[-70.84222098704365, 43.05734869129624], [-70.84219442080261, 43.0573088087073], [-70.84217011607377, 43.05703669608036], [-70.8422904441874, 43.056738557753626], [-70.84234546493408, 43.05641777609803], [-70.84225372635565, 43.056051964340604], [-70.84216624411893, 43.055828260603064], [-70.84205906746539, 43.055486393946914], [-70.8420803742254, 43.055118762664605], [-70.84232847026563, 43.0547711752764], [-70.84264825067199, 43.054659392715095], [-70.84295684839122, 43.054713662790306], [-70.84336788024045, 43.05483648739767], [-70.8434459202514, 43.05485980719578], [-70.84372151183737, 43.05489090970957], [-70.84385977857977, 43.054872213489425], [-70.84408624797477, 43.054931934585476], [-70.84426564447078, 43.05497970038632], [-70.84443559232773, 43.05513641180064], [-70.84453862286668, 43.05521273131101], [-70.84455301236129, 43.055264392119035], [-70.84438032705829, 43.05531601703773], [-70.84428907459821, 43.0553986985703], [-70.84426237778779, 43.055510033160864], [-70.84431075717421, 43.05566350959919], [-70.84450002896612, 43.05571817104178], [-70.84483896383742, 43.0558160543177], [-70.845059573879, 43.05591867266006], [-70.84508569859011, 43.05601978284333], [-70.84492703973132, 43.056071886128294], [-70.84473901440131, 43.056024973524096], [-70.84445468408663, 43.05595795531104], [-70.84432627625131, 43.05597806039691], [-70.84418283110261, 43.055951982806846], [-70.84368004962599, 43.055903767358934], [-70.84352189502442, 43.0558881508898], [-70.84343213212435, 43.05588502751034], [-70.84329962421079, 43.05591313726491], [-70.84320128787489, 43.055930488055516], [-70.84313292067603, 43.05608179402386], [-70.8429747666086, 43.056244204357924], [-70.84291064948432, 43.05640036729833], [-70.84292196863821, 43.05644456787331], [-70.8428650672003, 43.05650213565379], [-70.84282567393326, 43.056591685300354], [-70.84286287834985, 43.05670362265111], [-70.84283880469208, 43.05675959102252], [-70.842565970225, 43.0568779243233], [-70.842530953985, 43.05697173794567], [-70.84254554383146, 43.05707194758194], [-70.842638920531, 43.057108193799316], [-70.84269728088445, 43.05715296807782], [-70.84266700666669, 43.05727383266321], [-70.84256669948196, 43.05732713528343], [-70.84252110509574, 43.057480380787], [-70.84247095188825, 43.057557003354646], [-70.8424253577212, 43.05746705514177], [-70.84237976407931, 43.057373775268154], [-70.84222098704365, 43.05734869129624]]]}, "properties": {"Hectares": 3.14473581403, "Acres": 7.77080455965, "Year": "2024", "Name": "Eelgrass", "Confidence": "L", "Notes": "UAV Imagery Used - Low Confidence becuase of Poor Imagery.", "Type": 1, "LABEL": "Great Bay"}}, {"type": "Feature", "geometry": {"type": "Polygon", "coordinates": [[[-70.85189203740508, 43.05541318436834], [-70.8517770185032, 43.055268953675125], [-70.85151476018392, 43.054922339208275], [-70.8514932758707, 43.05466655919385], [-70.85127657383588, 43.05433754933924], [-70.85124694069631, 43.05416727702888], [-70.85117005753439, 43.053729958488745], [-70.85121451214744, 43.05357825859012], [-70.8512808348436, 43.05350169509724], [-70.85141604045089, 43.05359656608437], [-70.85151605103958, 43.053825013200935], [-70.85158317642028, 43.05405528657453], [-70.8517614751108, 43.05414212635089], [-70.85185197431831, 43.05423038707839], [-70.85201217258839, 43.05423699648371], [-70.85228511811692, 43.05423717895658], [-70.85258969771957, 43.05424605114588], [-70.8529150481091, 43.05441886733494], [-70.85310609656821, 43.05441299775678], [-70.85331943639517, 43.05441322296364], [-70.8537171478074, 43.054534686345576], [-70.85424337828223, 43.054645984346315], [-70.85490414184588, 43.05484983601942], [-70.85539661619016, 43.05509460775288], [-70.85568522538307, 43.055352045698754], [-70.8558076811408, 43.05560281688998], [-70.85612096669934, 43.05583176924517], [-70.85650742387058, 43.05594719667523], [-70.85675493888338, 43.05611168482892], [-70.85678723576257, 43.056335833987596], [-70.85676792930124, 43.05654209788274], [-70.85662273194397, 43.056667356838965], [-70.85660823304195, 43.05660358783216], [-70.85648332938419, 43.056431578784256], [-70.85631222428, 43.056367591018805], [-70.85610675084075, 43.056262952518445], [-70.85598566069712, 43.05616428532743], [-70.85588017195924, 43.05614934969457], [-70.85576522049087, 43.05612459478661], [-70.85565967860971, 43.0559872286852], [-70.85559257098643, 43.05592511787282], [-70.85554234529475, 43.05590339831144], [-70.8554485948688, 43.055900470521664], [-70.85536588111255, 43.05594412132961], [-70.8553175303047, 43.05594719084217], [-70.85524442180001, 43.05594231989386], [-70.85520726405296, 43.05593457152666], [-70.85518617764875, 43.0559044704702], [-70.85518305710062, 43.0558703753543], [-70.85518630272755, 43.055794967118686], [-70.85514837952962, 43.055746194148675], [-70.85503806272179, 43.055665627126096], [-70.85498837839619, 43.055650119870016], [-70.85493818342839, 43.055654736411], [-70.85484348209674, 43.05569291456676], [-70.85476360474894, 43.055674086853685], [-70.85468114959161, 43.05564396219054], [-70.85463660921087, 43.055646989451596], [-70.85458514081975, 43.05562455753315], [-70.85452655884257, 43.05558655746532], [-70.854496093885, 43.05554138140482], [-70.85447260862621, 43.05550582264657], [-70.85443882626497, 43.05548216838679], [-70.85438905055867, 43.05546146035033], [-70.85435182828844, 43.05546145766916], [-70.85430897518242, 43.05544757729243], [-70.85427694657443, 43.055409221443114], [-70.85423834722909, 43.055376768390175], [-70.8541803301819, 43.055356153314534], [-70.85411417554948, 43.0553621798528], [-70.85406715265934, 43.05538444508956], [-70.8540148636173, 43.05538928606119], [-70.853971962418, 43.0553609700441], [-70.85393384552013, 43.05534333886682], [-70.85389913832014, 43.05534269106742], [-70.85386360875344, 43.05535281266648], [-70.85350852228376, 43.055162944450295], [-70.85335334396187, 43.05510922596597], [-70.85315957801951, 43.055097875187386], [-70.8530138870736, 43.0550371525569], [-70.85280064744572, 43.0549711310099], [-70.85263241775343, 43.055067074175], [-70.85256758754376, 43.055132313397046], [-70.8525286087182, 43.055134594801125], [-70.8524570461832, 43.05511811180666], [-70.85240620645794, 43.0551595431646], [-70.85229240545307, 43.054993235147094], [-70.85221646824567, 43.05493033420607], [-70.85208827156968, 43.05489522754305], [-70.8519554542387, 43.054883734655625], [-70.85187041869952, 43.05492899823707], [-70.85185494852801, 43.05503408235734], [-70.85189327833238, 43.055230318104535], [-70.85189203740508, 43.05541318436834]]]}, "properties": {"Hectares": 3.67648230052, "Acres": 9.08477758192, "Year": "2024", "Name": "Eelgrass", "Confidence": "M", "Notes": "UAV Imagery Used - Medium Confidence because of poor imagery", "Type": 1, "LABEL": "Great Bay"}}, {"type": "Feature", "geometry": {"type": "Polygon", "coordinates": [[[-70.84754489561129, 43.06506629640692], [-70.84758224594684, 43.06492156091727], [-70.84744582835955, 43.064941234547405], [-70.84729377777035, 43.065035410417], [-70.84720845474303, 43.06497127344993], [-70.84706332962223, 43.06489936666947], [-70.84685244866806, 43.064819785961404], [-70.8468267974051, 43.064759053023565], [-70.8469032816275, 43.06472724477288], [-70.84709420258002, 43.06473726533062], [-70.84728827054597, 43.06485205824253], [-70.847376138106, 43.06480259528378], [-70.84755226622454, 43.06471676575295], [-70.84764262519089, 43.064750247616196], [-70.84761587162183, 43.06485113553684], [-70.84774777767264, 43.064879578669434], [-70.84787451683171, 43.06493431097865], [-70.84789395285439, 43.064986408779426], [-70.84773516190366, 43.06505448823774], [-70.84754489561129, 43.06506629640692]]]}, "properties": {"Hectares": 0.16008568258, "Acres": 0.3955799869, "Year": "2024", "Name": "Eelgrass", "Confidence": "L", "Notes": "UAV and GoPro Imagery Used", "Type": 1, "LABEL": "Great Bay"}}, {"type": "Feature", "geometry": {"type": "Polygon", "coordinates": [[[-70.84256500603458, 43.06639188423188], [-70.84268949017364, 43.066387595540085], [-70.84276832538465, 43.066239810841594], [-70.84280856561442, 43.06610078800286], [-70.84280082428793, 43.066027656168686], [-70.84277534040928, 43.065918180061836], [-70.8427657695881, 43.06578402967907], [-70.8428118030653, 43.06565305372884], [-70.84287063733082, 43.06557884856168], [-70.84288246564215, 43.06560307686815], [-70.84298428248835, 43.06566655389583], [-70.8430130604798, 43.065515506204214], [-70.84306518733658, 43.065587923869174], [-70.84310855354566, 43.06558722521338], [-70.8431816979172, 43.065586046776154], [-70.84333820326877, 43.065437010268056], [-70.84347001644981, 43.06539011872903], [-70.84368974605441, 43.06531332036789], [-70.84409225789757, 43.06524638989192], [-70.84438237651199, 43.06523525231589], [-70.8445351403631, 43.06522100483866], [-70.84469350827244, 43.06523132793902], [-70.8450089438222, 43.065321237602504], [-70.84515723868701, 43.06530028309842], [-70.84548136226236, 43.0654315439416], [-70.84553862526757, 43.06560652724306], [-70.845688862564, 43.06564657901844], [-70.84584148176464, 43.06576968610834], [-70.84586808650948, 43.06600380754403], [-70.84594708025371, 43.06606279838635], [-70.84587887783952, 43.066271361864985], [-70.84609422406238, 43.0662515084174], [-70.84607642605852, 43.066353223050285], [-70.8458540581445, 43.06681147441204], [-70.84601905972804, 43.066957536509264], [-70.84638780291768, 43.06697778415182], [-70.84659136426532, 43.06705264012555], [-70.84628674863649, 43.06716174413267], [-70.84621804369813, 43.06741014589285], [-70.84610397432974, 43.067350250466426], [-70.84610222116078, 43.067291849388845], [-70.84603272971846, 43.06727889723458], [-70.84592810066385, 43.06716702678387], [-70.84578480609731, 43.06715623589339], [-70.84567867815773, 43.06719288929195], [-70.8454535963802, 43.06723582918564], [-70.84535119538286, 43.067198172211214], [-70.84522765507408, 43.067009665740684], [-70.84519361394185, 43.06685099494683], [-70.84510079249166, 43.066790013033575], [-70.8447628266756, 43.06664860288421], [-70.84453240533587, 43.066592918299094], [-70.84451581812972, 43.06653802458253], [-70.84448714766819, 43.066494955751224], [-70.84442564918834, 43.06649107258793], [-70.84438788229512, 43.06652749133876], [-70.8443990317583, 43.06659506864134], [-70.84431931177906, 43.06663828325676], [-70.84422828454481, 43.06662228013044], [-70.84411758440436, 43.06666300416762], [-70.8440544493777, 43.066705446991136], [-70.84393081165521, 43.06671442808542], [-70.84367641644553, 43.06649490473994], [-70.84348446966217, 43.066291845112964], [-70.84343291061047, 43.066320628857405], [-70.8434934205435, 43.06643146551542], [-70.84297451080649, 43.06630345543984], [-70.84287672511246, 43.06634676418935], [-70.84295552277673, 43.06637331715923], [-70.84308704543612, 43.0664005663385], [-70.84316910797924, 43.066465708688334], [-70.84315259770031, 43.06654789599882], [-70.84305735923894, 43.06653551920068], [-70.84297163799882, 43.06648898393274], [-70.84289791162007, 43.066420615783954], [-70.84281582551104, 43.066425029448226], [-70.84282999610969, 43.0664758087921], [-70.84281980682597, 43.066557894234336], [-70.84274119414786, 43.066537520932904], [-70.84269522798442, 43.06650734762694], [-70.84264338251855, 43.066426068179396], [-70.84256500603458, 43.06639188423188]]]}, "properties": {"Hectares": 3.88541999997, "Acres": 9.60107342475, "Year": "2024", "Name": "Eel and Wid Grass", "Confidence": "M", "Notes": " GoPro Imagery Used", "Type": 2, "LABEL": "Great Bay"}}, {"type": "Feature", "geometry": {"type": "Polygon", "coordinates": [[[-70.8364040192041, 43.05526592621929], [-70.83636392171684, 43.05527447176524], [-70.83639415156657, 43.05530208277755], [-70.83647728365519, 43.05534626037244], [-70.83650347333001, 43.05531516330797], [-70.83656698089166, 43.055375369367205], [-70.8363429309346, 43.05536609542764], [-70.83629699304981, 43.055444055416054], [-70.83623876209555, 43.055551171182344], [-70.83617089581642, 43.05562948307452], [-70.83617463926663, 43.05575490977375], [-70.83630527843071, 43.055868646917254], [-70.83643495807456, 43.055950223214595], [-70.83666710937871, 43.05593684364127], [-70.83681077949606, 43.055899143351326], [-70.83696914280425, 43.05591268871029], [-70.83707679911383, 43.055991400288114], [-70.83704430679371, 43.0560787974909], [-70.83678212759357, 43.0561151832025], [-70.83652356567983, 43.0561257693697], [-70.83634432955714, 43.05614795213713], [-70.83616538125716, 43.056179782832835], [-70.83628571408703, 43.056242203650974], [-70.83637982911523, 43.05630826279137], [-70.83626743346562, 43.0563647662264], [-70.83619860646398, 43.056410917453356], [-70.83605996281526, 43.05632304953837], [-70.83599958976723, 43.05621140210535], [-70.83584676316978, 43.05623637787264], [-70.8357873791059, 43.05630490058923], [-70.83576708216515, 43.056359925641964], [-70.83570776520338, 43.05628365481288], [-70.83554537104813, 43.05613503277873], [-70.83557661811287, 43.0560058270515], [-70.83552111167384, 43.05591018932342], [-70.83544482858562, 43.05585349621393], [-70.83533461182688, 43.05583595875421], [-70.83540667315157, 43.055751144836975], [-70.8354252431923, 43.05563823057014], [-70.83554090072792, 43.055691074359146], [-70.83560934362445, 43.055632059247145], [-70.83555678381617, 43.05548811010281], [-70.83551414688374, 43.055382613048536], [-70.83554558558964, 43.055259839460646], [-70.83559677349028, 43.05521075402589], [-70.83557577679161, 43.05509525694602], [-70.83569351599232, 43.05507084454512], [-70.8357535707501, 43.055024834375544], [-70.83569015744487, 43.05495828207897], [-70.83587883331788, 43.05495847213117], [-70.83585754829399, 43.05483332689557], [-70.83588344889712, 43.05467203075252], [-70.83599500732338, 43.05473459270346], [-70.83610064474259, 43.054745767807624], [-70.8362444382789, 43.054859293927464], [-70.83617638077321, 43.05493117367856], [-70.83612653730492, 43.055025284337695], [-70.836182331783, 43.055130569992066], [-70.83615812987219, 43.05520174584672], [-70.83630800804836, 43.05522508114044], [-70.8364040192041, 43.05526592621929]]]}, "properties": {"Hectares": 1.05517371077, "Acres": 2.60738871809, "Year": "2024", "Name": "Widgeon Grass", "Confidence": "L", "Notes": "UAV and GoPro Imagery Used", "Type": 3, "LABEL": "Great Bay"}}, {"type": "Feature", "geometry": {"type": "MultiPolygon", "coordinates": [[[[-70.83917171619596, 43.05618563333059], [-70.83910083810021, 43.056043274636615], [-70.83904891468018, 43.05602975297541], [-70.83889038332983, 43.05598291827093], [-70.83870862889684, 43.05591011900067], [-70.83863905740601, 43.05583551656392], [-70.83850325834925, 43.05579819257412], [-70.83838920762322, 43.055737473556995], [-70.83824246791033, 43.05563448108934], [-70.83832097758301, 43.05555749900953], [-70.83861363422874, 43.05558571805297], [-70.83876096452397, 43.05570845374309], [-70.83897521145529, 43.05581694482824], [-70.83911140429585, 43.05586743071998], [-70.83922211121379, 43.05581626802315], [-70.83928764987454, 43.05575595480335], [-70.839352144458, 43.055810885278625], [-70.83955194691966, 43.055886685525365], [-70.8395756625469, 43.05592910277017], [-70.83939178141144, 43.055935351544875], [-70.83939424101548, 43.0560176169583], [-70.83953492194804, 43.056068030182544], [-70.83966292834378, 43.05614498462986], [-70.83977530816227, 43.0561497618686], [-70.83978975418404, 43.056182451538945], [-70.83975474123807, 43.05621264437529], [-70.83966031060594, 43.05620757848993], [-70.83955700373045, 43.056205947449655], [-70.839516322628, 43.05619672497499], [-70.83950266387232, 43.0561903601973], [-70.83947914496672, 43.056154524172655], [-70.83940640435868, 43.05615237908421], [-70.83938999550095, 43.05623581615179], [-70.83937805130843, 43.056310517554316], [-70.8393246617597, 43.0563425658964], [-70.83927716665497, 43.05633466560283], [-70.83925163273253, 43.056270963397736], [-70.83917171619596, 43.05618563333059]]], [[[-70.89283634866328, 43.06200478712706], [-70.89290369783392, 43.06195184800728], [-70.89290488285509, 43.06199035363679], [-70.89282589826433, 43.06202096334154], [-70.89280307392222, 43.062013062228225], [-70.89283634866328, 43.06200478712706]]]]}, "properties": {"Hectares": 0.31265843399, "Acres": 0.772595133, "Year": "2024", "Name": "Widgeon Grass", "Confidence": "L", "Notes": "UVA Imagery Used - Low Confidence becuase of poor imagery and no field varification.", "Type": 3, "LABEL": "Great Bay"}}, {"type": "Feature", "geometry": {"type": "Polygon", "coordinates": [[[-70.83781154946585, 43.066015191409136], [-70.83782494741142, 43.066029436854265], [-70.83797981984209, 43.066082882015635], [-70.83821687024273, 43.06611814490567], [-70.83846136326193, 43.066147706045726], [-70.83848669237697, 43.06623102380198], [-70.83827563730036, 43.066301395185384], [-70.83801742607086, 43.066322288932746], [-70.83779248551811, 43.066437535739674], [-70.837848083894, 43.06651478572288], [-70.83829919381785, 43.06658009932837], [-70.83854468944101, 43.06664313409161], [-70.83864294185577, 43.0666192284315], [-70.8387319169537, 43.066539655266695], [-70.83889120941062, 43.066520349961465], [-70.83898669029664, 43.06665835649312], [-70.83898007758312, 43.06666615925149], [-70.83887638910325, 43.066788507524045], [-70.83877119453498, 43.0668348515767], [-70.83856591228309, 43.066843732525975], [-70.83835862869475, 43.06678566543153], [-70.83818939154914, 43.0667269866432], [-70.83801354595296, 43.06670190369521], [-70.8378468102221, 43.06672690900683], [-70.83768785027583, 43.06675737082318], [-70.83767624002955, 43.06662359764585], [-70.83774949788216, 43.066527532752836], [-70.8375825958011, 43.06654695869769], [-70.83747029149532, 43.066610160716166], [-70.83739203260507, 43.066538856151716], [-70.83755626757707, 43.06643016687005], [-70.8375015031009, 43.06638081161654], [-70.83739397459107, 43.06634904874346], [-70.83731688285089, 43.066316796953565], [-70.83728327943373, 43.06621128520522], [-70.83729583098817, 43.066121777168384], [-70.83715705242405, 43.06607496218176], [-70.83706647966264, 43.066005116839435], [-70.83708120696816, 43.065938321064294], [-70.83705911071225, 43.06583839906863], [-70.83712063961988, 43.06579887670487], [-70.83722246050382, 43.06580862671754], [-70.83728766297756, 43.065832101433735], [-70.83734628073908, 43.065840711596586], [-70.83744327912757, 43.065863319682414], [-70.8375701111752, 43.0658906211627], [-70.83772702612902, 43.0659253212824], [-70.83781154946585, 43.066015191409136]]]}, "properties": {"Hectares": 0.69283782423, "Acres": 1.712038035, "Year": "2024", "Name": "Widgeon Grass", "Confidence": "L", "Notes": "UAV and GoPro Imagery Used", "Type": 3, "LABEL": "Great Bay"}}, {"type": "Feature", "geometry": {"type": "Polygon", "coordinates": [[[-70.8364040192041, 43.05526592621929], [-70.83649021753742, 43.05530259661143], [-70.83650347333001, 43.05531516330797], [-70.83647728365519, 43.05534626037244], [-70.83639415156657, 43.05530208277755], [-70.83636392171684, 43.05527447176524], [-70.8364040192041, 43.05526592621929]]]}, "properties": {"Hectares": 0.00442888594, "Acres": 0.01094400583, "Year": "2024", "Name": "Widgeon Grass", "Confidence": "L", "Notes": "UAV and GoPro Imagery Used", "Type": 3, "LABEL": "Great Bay"}}, {"type": "Feature", "geometry": {"type": "Polygon", "coordinates": [[[-70.77427909859217, 43.10533282829371], [-70.77420784619109, 43.10531571725012], [-70.77410840648201, 43.10531585822395], [-70.77403202643107, 43.10531984523347], [-70.77393982825679, 43.10530586133219], [-70.7738773547697, 43.10532784874125], [-70.77378767491264, 43.105334844307045], [-70.77370340601122, 43.105330545963746], [-70.7736435420117, 43.105310455503904], [-70.7736176001069, 43.10527302416572], [-70.77359335701095, 43.1052944186768], [-70.77355341723867, 43.10530204411438], [-70.77348029398163, 43.10528636286471], [-70.77343278898978, 43.10529690802996], [-70.7733885408356, 43.1052877852889], [-70.77340680677504, 43.10525807602573], [-70.77352829488417, 43.105226766496116], [-70.77357698328657, 43.10519098057458], [-70.77358528704015, 43.10514741330828], [-70.77364340113334, 43.105173135902], [-70.77372360407573, 43.10516908987754], [-70.77375955889686, 43.105155921198644], [-70.77381873509452, 43.105152201137244], [-70.77388709459858, 43.10520158586629], [-70.77399340146296, 43.105240573387995], [-70.77406867905498, 43.10526462835559], [-70.7741217970932, 43.10524979214711], [-70.7741882148342, 43.10523194715999], [-70.77419284907572, 43.105231632266005], [-70.77417056607958, 43.10521680720922], [-70.77411094480011, 43.10520512068572], [-70.7740287089536, 43.105204994779974], [-70.77398576546683, 43.10517483339672], [-70.77401159624493, 43.10514220423929], [-70.77398585647204, 43.10511177606298], [-70.77390398483341, 43.10512425560383], [-70.77383444202918, 43.105100111601985], [-70.77381980739372, 43.10505690000396], [-70.77392636685035, 43.10503843272048], [-70.77396785381943, 43.10501817197506], [-70.77401799822796, 43.10503280802556], [-70.77408136143845, 43.105041634081516], [-70.7740517581888, 43.10500986459307], [-70.77401471119694, 43.10498521674668], [-70.77401414480912, 43.10496560813154], [-70.77405001853306, 43.10494963813338], [-70.77417166752572, 43.10492393039669], [-70.77420176618877, 43.10490664867439], [-70.77419721488029, 43.10488149689276], [-70.77423471678831, 43.104855692885096], [-70.77427161173593, 43.10480887963743], [-70.77433416547953, 43.1047896932533], [-70.77441883831864, 43.10480799729572], [-70.77443249250848, 43.10488345260956], [-70.77441544113643, 43.104955180479905], [-70.77438025540656, 43.10499496104755], [-70.77432741116708, 43.10508546023645], [-70.77434062021426, 43.10514550879283], [-70.77435358650322, 43.105197153656235], [-70.77437476511294, 43.105227633181485], [-70.77437550345067, 43.10522764104451], [-70.77440746361779, 43.105274787558145], [-70.77442384838076, 43.10531236696095], [-70.77444198282309, 43.10534431425026], [-70.77443677431282, 43.105362611196675], [-70.77440826329787, 43.10536865841231], [-70.77436608834371, 43.10536510886287], [-70.77434071247872, 43.10534728630759], [-70.77427909859217, 43.10533282829371]]]}, "properties": {"Hectares": 0.2218456642, "Acres": 0.54819209015, "Year": "2024", "Name": "Widgeon Grass", "Confidence": "H", "Notes": "UAV Imagery Used", "Type": 3, "LABEL": "Spinney Creek"}}, {"type": "Feature", "geometry": {"type": "Polygon", "coordinates": [[[-70.8381462096946, 43.0639145829072], [-70.83821557155323, 43.06398736238848], [-70.83825418775022, 43.06403053091341], [-70.8382482795619, 43.064082625301424], [-70.83825664054028, 43.064112595901754], [-70.8383056316703, 43.06412822956706], [-70.83835421400337, 43.06413018571377], [-70.838340762497, 43.06417966450674], [-70.83832706568037, 43.064220936799835], [-70.83837322551446, 43.06426672087737], [-70.83837777399262, 43.06429401591875], [-70.83829090215727, 43.06425983328868], [-70.83824084805144, 43.06420863812498], [-70.83816840913902, 43.06415780260952], [-70.83813011993519, 43.064125576056014], [-70.83811015781538, 43.064082107775924], [-70.83806269030143, 43.063992555585756], [-70.83807581499164, 43.06393213482074], [-70.83810459862157, 43.06389609378422], [-70.8381462096946, 43.0639145829072]]]}, "properties": {"Hectares": 0.04336900376, "Acres": 0.10716704743, "Year": "2024", "Name": "Eelgrass", "Confidence": "M", "Notes": "UAV and GoPro Imagery Used - Medium Confidence becuase of no Ground Truthing.", "Type": 1, "LABEL": "Great Bay"}}, {"type": "Feature", "geometry": {"type": "Polygon", "coordinates": [[[-70.83781154947019, 43.06601519142786], [-70.83785436015849, 43.065989397156315], [-70.83791897806763, 43.06595332786045], [-70.83804414091254, 43.06594474864904], [-70.83810760531152, 43.06597000238079], [-70.83825093824134, 43.06596988880183], [-70.83837052407954, 43.065974535546246], [-70.83839584117489, 43.066022296613944], [-70.83842388138201, 43.06606125611575], [-70.83853749791682, 43.066065998610604], [-70.83869562391435, 43.06606126783581], [-70.8388283921437, 43.06610730177866], [-70.83889742604937, 43.06611906611568], [-70.83902003073156, 43.06610284017627], [-70.83908264069929, 43.066103880447685], [-70.8391838385982, 43.066110345802564], [-70.83927326224796, 43.06608736395364], [-70.83934592277296, 43.06610256232711], [-70.83937296054286, 43.06608387239519], [-70.8394352773989, 43.06603543282544], [-70.83945973969364, 43.06597660044967], [-70.83949578106244, 43.0659500280292], [-70.83953258096318, 43.06592040455436], [-70.83959466402607, 43.06589386851798], [-70.83971465315473, 43.06586727705778], [-70.83976135646103, 43.06584410603649], [-70.83982696834227, 43.06585168608175], [-70.83994125999989, 43.065878205717844], [-70.83997433325499, 43.06594083505583], [-70.83999638320832, 43.066034258916964], [-70.84000132659983, 43.066119638031196], [-70.83996091660443, 43.066231792263395], [-70.83985368797111, 43.0663160152694], [-70.83968740105381, 43.06637186678873], [-70.83961700820565, 43.066394231155186], [-70.83953601162474, 43.06649798450416], [-70.83946777605021, 43.06653491802252], [-70.8393917255927, 43.06653841226939], [-70.83926377077344, 43.06658636080492], [-70.83911246380674, 43.066619445593105], [-70.83898007758745, 43.066666159270156], [-70.83898669030098, 43.06665835651187], [-70.83889120941492, 43.066520349980195], [-70.83873191695804, 43.06653965528543], [-70.83864294186006, 43.06661922845032], [-70.83854468944533, 43.06664313411035], [-70.8382991938222, 43.06658009934712], [-70.83784808389834, 43.06651478574159], [-70.83779248552243, 43.0664375357585], [-70.83801742607521, 43.06632228895149], [-70.8382756373047, 43.066301395204135], [-70.8384866923813, 43.06623102382076], [-70.83846136326623, 43.06614770606452], [-70.83821687024704, 43.06611814492441], [-70.83797981984641, 43.066082882034394], [-70.83782494741573, 43.066029436873016], [-70.83781154947019, 43.06601519142786]]]}, "properties": {"Hectares": 0.8953141297, "Acres": 2.21236743969, "Year": "2024", "Name": "Eel and Wid Grass", "Confidence": "M", "Notes": "UAV and GoPro Imagery Used - Medium Confidence becuase of no Ground Truthing.", "Type": 2, "LABEL": "Great Bay"}}, {"type": "Feature", "geometry": {"type": "Polygon", "coordinates": [[[-70.8543052938074, 43.06984789510312], [-70.85462019761701, 43.06970233636303], [-70.854943601298, 43.069635920550525], [-70.8554412880354, 43.0697066398604], [-70.85597919819939, 43.06966806217149], [-70.8563702404081, 43.06963113119583], [-70.85703759911434, 43.06962641730117], [-70.85728231719995, 43.06967067041266], [-70.85734801382544, 43.06968255043388], [-70.8576002359749, 43.06974574489329], [-70.85767172503996, 43.069767100856836], [-70.8580463175637, 43.069678280771015], [-70.8581437436587, 43.06979025857289], [-70.85815663950912, 43.06985088493225], [-70.85801730698974, 43.06981664647422], [-70.85794586131036, 43.069905410405106], [-70.85792771989668, 43.069964107423715], [-70.85787734102614, 43.069981148476735], [-70.85782091494707, 43.07001775517758], [-70.85782680803574, 43.07006632813105], [-70.85784480658474, 43.070164022069584], [-70.85784707977615, 43.07023925933807], [-70.85775869607114, 43.07034800606926], [-70.85759335416341, 43.07063013309079], [-70.85712185016557, 43.070994470378785], [-70.85664683487958, 43.071273208351215], [-70.85589657983859, 43.07185904500119], [-70.85563909029288, 43.07207777746275], [-70.85537914217244, 43.07238998575701], [-70.85537903599548, 43.07238999478779], [-70.85536938471407, 43.07239081522956], [-70.85507213549111, 43.0724160835549], [-70.85501390656547, 43.072433854796074], [-70.85497673460019, 43.07240620134546], [-70.85496584287807, 43.07239809862502], [-70.85448614094209, 43.07233198765707], [-70.85442807727536, 43.072358006504416], [-70.85435899170588, 43.07237357858667], [-70.85413453532955, 43.07248533315948], [-70.85374313507783, 43.072453209786254], [-70.85362458278706, 43.072454756047385], [-70.85363252824877, 43.07243310573846], [-70.85335187664457, 43.07245729904466], [-70.85324797589314, 43.072519292195324], [-70.85326945527468, 43.072573526146115], [-70.85291718349274, 43.07277401686357], [-70.85239112199288, 43.07288422723389], [-70.8521855754536, 43.07295552657616], [-70.85208470076249, 43.07302146435365], [-70.85188851389034, 43.07314970324531], [-70.8516418095836, 43.07311567925014], [-70.85153678219247, 43.07310119432314], [-70.8514014124352, 43.07316681736418], [-70.85109041071084, 43.07331758016655], [-70.85062272116447, 43.07348360062397], [-70.85012316896115, 43.07351415003979], [-70.84997474241551, 43.07349959016532], [-70.84979877765801, 43.07348232867206], [-70.84940070453833, 43.07326531701475], [-70.84904619607728, 43.073255375885715], [-70.84870211808303, 43.073073206528655], [-70.84831827546188, 43.07295503288749], [-70.84775598231845, 43.07296260438615], [-70.84733097013482, 43.07272080662082], [-70.84686246631207, 43.07261466030971], [-70.84637078966439, 43.072425500292745], [-70.84612771607888, 43.0719063563619], [-70.84626987341653, 43.07113083440566], [-70.8464476175106, 43.07107015147861], [-70.84694283240854, 43.07090108028439], [-70.84764975434257, 43.07080381401784], [-70.84746221197118, 43.07061884249556], [-70.8472371552266, 43.07056183133467], [-70.8471919916045, 43.0704352052128], [-70.84734933829856, 43.070165825004004], [-70.8473924656791, 43.07011694562758], [-70.84750132876367, 43.06999356345463], [-70.84746420512126, 43.069890071855774], [-70.8475693654674, 43.069780206042495], [-70.84777850145126, 43.069582763572654], [-70.84788143016041, 43.069429487849796], [-70.84781761997004, 43.06931831781991], [-70.84800304874595, 43.06893477951492], [-70.84800192028729, 43.068897229415064], [-70.84791593107305, 43.06885837931783], [-70.84773671236125, 43.06877490232078], [-70.84758325616986, 43.06856864919114], [-70.8475688136632, 43.06844943925717], [-70.84750355626277, 43.06842069762795], [-70.84740990922415, 43.06801644382994], [-70.84712445006653, 43.0677541956537], [-70.84674692611053, 43.067662490030465], [-70.8462665840013, 43.06755685816856], [-70.8462119703058, 43.067432102927846], [-70.84621804370967, 43.06741014594286], [-70.84628674864811, 43.06716174418268], [-70.84659136427686, 43.067052640175476], [-70.84638780292926, 43.06697778420173], [-70.84601905973948, 43.066957536559265], [-70.84585405815601, 43.066811474461815], [-70.84607642606989, 43.06635322310033], [-70.84609422407388, 43.06625150846736], [-70.845878877851, 43.06627136191478], [-70.84594708026542, 43.066062798436356], [-70.84586808652104, 43.06600380759396], [-70.8458414817762, 43.06576968615834], [-70.84568886257554, 43.06564657906841], [-70.84553862527916, 43.06560652729294], [-70.84548136227389, 43.065431543991615], [-70.84515723869855, 43.065300283148474], [-70.84500894383376, 43.06532123765253], [-70.84469350828398, 43.06523132798902], [-70.84453514037465, 43.06522100488867], [-70.84438237652355, 43.06523525236574], [-70.84409225790917, 43.065246389941855], [-70.84368974606595, 43.06531332041785], [-70.84347001646132, 43.06539011877914], [-70.84333820328025, 43.06543701031796], [-70.84318169792873, 43.06558604682604], [-70.8431085535573, 43.06558722526337], [-70.84306518734812, 43.065587923919125], [-70.84301306049139, 43.065515506254144], [-70.8429842824999, 43.06566655394576], [-70.84288246565369, 43.065603076918215], [-70.84287063734243, 43.06557884861156], [-70.84281180307691, 43.06565305377883], [-70.84276576959965, 43.06578402972896], [-70.84277534042087, 43.0659181801118], [-70.84280082429956, 43.06602765621865], [-70.842808565626, 43.06610078805286], [-70.84276832539624, 43.06623981089153], [-70.84268949018524, 43.06638759558993], [-70.84256500604613, 43.066391884281934], [-70.84246768485325, 43.06639523720284], [-70.84223295456837, 43.06634204034244], [-70.8421707240863, 43.066331369703704], [-70.84215390090361, 43.066307997957885], [-70.84204621522713, 43.066032680050476], [-70.84182231669142, 43.06586130542249], [-70.8414977185847, 43.06564780576719], [-70.84125088980804, 43.065374726731726], [-70.84126378698015, 43.06514121190626], [-70.8412952524144, 43.06486365445663], [-70.84108905606504, 43.064619084455934], [-70.84094467658723, 43.06444642741708], [-70.84093742461093, 43.06444339343884], [-70.84089744142565, 43.06432088625037], [-70.84086163280062, 43.064135154117075], [-70.8408083466121, 43.06397188348661], [-70.8408248378988, 43.06371433589926], [-70.84081330100244, 43.06370115322734], [-70.8408217321073, 43.06366099541879], [-70.84059915300675, 43.06353334174406], [-70.84019593517453, 43.063350266558366], [-70.84015181974567, 43.06320515907353], [-70.84004502092193, 43.06295898826581], [-70.83984450372449, 43.06290388635143], [-70.83975932710436, 43.062715694367355], [-70.83971259761464, 43.0624831393711], [-70.84010272867859, 43.06222897638941], [-70.83981747406781, 43.06200025679758], [-70.83997038641864, 43.06179365451566], [-70.83994615028172, 43.061648227187646], [-70.8398795435923, 43.06141599190328], [-70.83971747747258, 43.06131652575885], [-70.83951348025542, 43.06114482639113], [-70.83948910913648, 43.06112772308135], [-70.83947891558819, 43.06093276295251], [-70.83935212269914, 43.06077607712989], [-70.83937904506628, 43.060633702739246], [-70.83951047703492, 43.06048379672706], [-70.83948951591204, 43.06040561302419], [-70.83987169987945, 43.06033022134308], [-70.83999886657872, 43.06026702901649], [-70.8401034630842, 43.060179449335344], [-70.8402593699006, 43.06014782406825], [-70.84034322318931, 43.06009697561892], [-70.84046740274508, 43.06000034514947], [-70.84064583541006, 43.059991651155634], [-70.84075243364877, 43.05997101002209], [-70.84093786439361, 43.0599971438017], [-70.84097868685127, 43.06003433983461], [-70.84105574865161, 43.06007610334388], [-70.84130333138809, 43.06002273629693], [-70.84143309978802, 43.0599951644058], [-70.84157082686966, 43.06008621876579], [-70.84168588669162, 43.06030870175169], [-70.84168648138991, 43.06032856458694], [-70.8420280566705, 43.06042242648339], [-70.84218180049643, 43.06057892928951], [-70.84227407108668, 43.060945081642984], [-70.84219875426783, 43.06114501673009], [-70.8422195781314, 43.06134564402422], [-70.84228826283986, 43.06149214522552], [-70.84266029253466, 43.061624455463416], [-70.84299130717875, 43.06181784655523], [-70.8431097809179, 43.062153766967484], [-70.84334420272228, 43.06228909594329], [-70.84353828795565, 43.06230489004298], [-70.84370010744705, 43.06201289604558], [-70.84356024730315, 43.06189594154289], [-70.8435938299117, 43.06179157371161], [-70.84365592580409, 43.061763655003595], [-70.84369901277083, 43.061801414947084], [-70.84391830759253, 43.06194400702263], [-70.84408138183902, 43.06196060567519], [-70.844208610597, 43.062069430556505], [-70.84486922264446, 43.06217478407414], [-70.84552861051223, 43.06230258435987], [-70.84652296830849, 43.06220429886762], [-70.84783629767091, 43.0623637757142], [-70.84897230590518, 43.062329463162335], [-70.849655017835, 43.06242120820969], [-70.85067168804, 43.06253168697866], [-70.85075210628834, 43.062561091044074], [-70.85084281882725, 43.062630507322645], [-70.8509056009007, 43.06276907560272], [-70.85091662864714, 43.06286827086096], [-70.85085359451801, 43.06294040230721], [-70.85070055281837, 43.063055420275866], [-70.85020159811904, 43.06330116984248], [-70.85014387884661, 43.063374354029605], [-70.85015021718029, 43.06345670543004], [-70.85029060902744, 43.06367732642022], [-70.85065639103469, 43.06373812449238], [-70.85084107588166, 43.063885626273425], [-70.85141014437251, 43.06401084706487], [-70.851916706943, 43.064064355212736], [-70.85194880349533, 43.06406774546039], [-70.85202117147284, 43.064111129909236], [-70.85207458490653, 43.06418175321538], [-70.85210779007825, 43.064346829388946], [-70.85202800393427, 43.06440580942178], [-70.85170500564116, 43.06455404274549], [-70.85139540384121, 43.06462380064521], [-70.8512790864241, 43.06462770002361], [-70.85108035480476, 43.06458959427842], [-70.8504577862435, 43.06439514045245], [-70.85002205296077, 43.06442887384077], [-70.84963847922562, 43.064381704518546], [-70.8490718145117, 43.06429746400844], [-70.84865306637505, 43.064290888319235], [-70.84835570998136, 43.06449414045339], [-70.84802271258552, 43.064498577303], [-70.84789358060104, 43.06447405261394], [-70.84776823528317, 43.064569145794906], [-70.8477014296869, 43.064526547668585], [-70.84776774309609, 43.064421669068466], [-70.84757991762373, 43.06430822455596], [-70.84737126327909, 43.06463182424335], [-70.84704546216187, 43.064690457269656], [-70.84674199538992, 43.06467573163478], [-70.84653856982027, 43.06477869688157], [-70.84694473772302, 43.06497228423953], [-70.84740467544682, 43.06513831654396], [-70.84836870440463, 43.06512274499731], [-70.84845068022035, 43.065428307480374], [-70.84867536667565, 43.06563816389824], [-70.84911712418157, 43.065804482153546], [-70.84929340405833, 43.06561483195308], [-70.8498098642382, 43.06563407164292], [-70.84993903051583, 43.065620719997426], [-70.84995957791826, 43.06558710290485], [-70.84994724889351, 43.065544524731564], [-70.84977135558903, 43.06528019790105], [-70.84977356795402, 43.06519283312213], [-70.84985989976546, 43.06514113084146], [-70.85017577275276, 43.06513284504705], [-70.85047291608126, 43.065160005629785], [-70.85066367105946, 43.065098356356486], [-70.85085545785263, 43.06487120510596], [-70.85160003639864, 43.06473593040524], [-70.85213621075528, 43.06478326283966], [-70.85243040938637, 43.06491292824795], [-70.85272663307997, 43.065109774486174], [-70.85274966287768, 43.06536705726747], [-70.85278871027096, 43.065745213105394], [-70.85266286637835, 43.06589179303211], [-70.85251914407127, 43.06595540974901], [-70.85244700227337, 43.065959903348094], [-70.8515926525145, 43.06601312419064], [-70.85079744524826, 43.06617581050029], [-70.85021550810018, 43.06617755797242], [-70.85015978427529, 43.066267718770554], [-70.84994372000868, 43.066617311459574], [-70.84992531072018, 43.06664709850647], [-70.84992238525346, 43.066724018588964], [-70.84997773814577, 43.06683016908203], [-70.85024758134591, 43.06682511449235], [-70.85045107008477, 43.06678794950407], [-70.85077059193532, 43.067019834714735], [-70.85168761216505, 43.067163911613584], [-70.85235742008594, 43.06704632519727], [-70.85275197006497, 43.066853135334675], [-70.85307134688672, 43.0665811040729], [-70.85385711761054, 43.06668845959654], [-70.85470262672202, 43.06671406585249], [-70.85503835815322, 43.066783479915706], [-70.85574255749424, 43.06670204421023], [-70.85639202088257, 43.06670551033729], [-70.85691123998889, 43.06682311025001], [-70.85695491344356, 43.06700444038904], [-70.85665455068383, 43.06717735136348], [-70.85610010772386, 43.06715834288077], [-70.85558579208623, 43.06729768597615], [-70.85534877775441, 43.067492137216036], [-70.85513528680164, 43.0676752935331], [-70.85501949401075, 43.0677269263758], [-70.85487692758575, 43.06775403676092], [-70.85451602632816, 43.06779700812248], [-70.85430203949936, 43.067861828294134], [-70.85412571806938, 43.06792535827369], [-70.85386668365773, 43.067990228373965], [-70.85367364097972, 43.068045276369816], [-70.85341188268045, 43.068101760776095], [-70.85310355831383, 43.06810987191726], [-70.85299483426225, 43.06814168775621], [-70.85288840042253, 43.06818877703966], [-70.85280362877376, 43.06825402652848], [-70.85279147446059, 43.06833160656714], [-70.85286322509151, 43.06847932141789], [-70.85303818100647, 43.068591704464595], [-70.85307177791667, 43.06875834082286], [-70.85272222485872, 43.06909153321253], [-70.85252983014806, 43.069205353330844], [-70.85220833814843, 43.06954048765258], [-70.85215819053751, 43.06970478547961], [-70.85225850736478, 43.06984410263749], [-70.85260198881701, 43.06990118141357], [-70.8528624301779, 43.070037904865956], [-70.85285741505714, 43.07022590786588], [-70.85272477219752, 43.070431638020445], [-70.85246119931129, 43.07054552733187], [-70.85219644671578, 43.07062028476836], [-70.85204429482123, 43.070859216297634], [-70.85199525909384, 43.07104935188329], [-70.85203409256829, 43.07111620785162], [-70.85212647102146, 43.0713464824475], [-70.85215548601013, 43.071458765739415], [-70.85233539403313, 43.07147464503548], [-70.85255475964456, 43.071471092921065], [-70.8531406514495, 43.07127397559644], [-70.85316811430917, 43.07107777891568], [-70.8529042345308, 43.070904653108165], [-70.85284535178329, 43.07061197905472], [-70.85309946407432, 43.07046104925758], [-70.85338638137507, 43.07029123569534], [-70.85344443770923, 43.07000278459849], [-70.85363182825083, 43.06985293457656], [-70.85420874382244, 43.06989252332116], [-70.8543052938074, 43.06984789510312]], [[-70.85538792570416, 43.070811790288175], [-70.85539636872147, 43.07087037889774], [-70.8554911034727, 43.07091288656186], [-70.85562194328688, 43.07093523333226], [-70.85572328359476, 43.07092013156597], [-70.8558026449751, 43.07089559866484], [-70.85586736364566, 43.07088353773997], [-70.85585205665163, 43.07087399846787], [-70.85593427403278, 43.07083351431009], [-70.85608547547383, 43.07075643086809], [-70.85623100816598, 43.07065741712788], [-70.85641682987675, 43.07056631356526], [-70.85641772254336, 43.070540606654916], [-70.8563114227963, 43.070501957762346], [-70.85625900790284, 43.070534617927656], [-70.8562054048818, 43.07058320218132], [-70.85615884961145, 43.0705888513511], [-70.85612749743005, 43.070545315883], [-70.85606459477741, 43.070562241286545], [-70.85599000936003, 43.070634411389555], [-70.85584304405508, 43.07063067836524], [-70.85571753361349, 43.07067431163254], [-70.85560665831697, 43.07076052808462], [-70.85555016885007, 43.070768785039746], [-70.85543482080934, 43.070762091763335], [-70.85538792570416, 43.070811790288175]], [[-70.84709703021564, 43.066189369152745], [-70.84714667232632, 43.06629104067589], [-70.8473820631472, 43.06637263457955], [-70.8476409927638, 43.06646238695496], [-70.84768078897794, 43.06662399469159], [-70.84775602358118, 43.0668021082703], [-70.847967621031, 43.066867006112766], [-70.84837378773398, 43.06681774704722], [-70.84844912091334, 43.06661158291572], [-70.84834306519205, 43.06657059907021], [-70.84811828850351, 43.06645467740794], [-70.84794315502623, 43.066440428254175], [-70.84773104619082, 43.06635845947839], [-70.84744806473725, 43.06624347655476], [-70.84720052078957, 43.066145000776814], [-70.84709703021564, 43.066189369152745]], [[-70.84557764954045, 43.064873062974165], [-70.84575439214872, 43.06489104925264], [-70.84591171524927, 43.06483016519158], [-70.8460180319626, 43.06477427223449], [-70.84603307559263, 43.0647073490535], [-70.84591795127014, 43.06465919658075], [-70.8457971461493, 43.06461113474639], [-70.84580507737635, 43.0646860228332], [-70.84590971489112, 43.06476351703542], [-70.84571817988383, 43.06482078480111], [-70.8456096115785, 43.06480169955508], [-70.84558969364505, 43.06470616713939], [-70.84552988171048, 43.06460711183527], [-70.84547394469422, 43.064637186603186], [-70.84550610052716, 43.06476169403131], [-70.84532267751669, 43.06471047445559], [-70.8451566738484, 43.06467147751096], [-70.84497893233389, 43.06462016574678], [-70.84483402979208, 43.06452664966752], [-70.8448656176989, 43.064442790408464], [-70.84485313127456, 43.0644054837369], [-70.84472121549113, 43.06436593554853], [-70.84474206508591, 43.06430308626811], [-70.84487348096532, 43.064325973059994], [-70.84488752613402, 43.064225725452914], [-70.8448608028837, 43.064092795512934], [-70.84485530522163, 43.06390951407382], [-70.8448001778257, 43.063777042154484], [-70.84473849402819, 43.0636155035129], [-70.8447296897307, 43.063511456999315], [-70.84486439464453, 43.06348187821682], [-70.8449670242359, 43.06356767016613], [-70.8451220724046, 43.06354541696899], [-70.84513123785642, 43.06363417490758], [-70.84524110793024, 43.06372767038104], [-70.84535361832725, 43.06373814246828], [-70.84539309939672, 43.063830042057205], [-70.84529275065191, 43.06390245898712], [-70.84522239589569, 43.06402028432678], [-70.84544789048606, 43.06395830132633], [-70.8454924075811, 43.06411594914009], [-70.84551127016982, 43.06436569627784], [-70.8454449701709, 43.06442927797378], [-70.84530712309909, 43.06438149142408], [-70.84523832461187, 43.064361763428224], [-70.84540545239874, 43.06443825105308], [-70.84548180681568, 43.064520369237584], [-70.84557976148898, 43.06456463178206], [-70.84560354245464, 43.064410050470634], [-70.84558880562737, 43.064297765029565], [-70.84554678804486, 43.06422342771159], [-70.8455951675366, 43.064130961747644], [-70.84555808097112, 43.06403153892847], [-70.84564485396807, 43.06389261081662], [-70.84579143798658, 43.06385273876486], [-70.84595229026121, 43.063909530093184], [-70.84600496857941, 43.06400765935672], [-70.84621294140528, 43.06407202558269], [-70.84633835467662, 43.06422628295675], [-70.84655108479858, 43.06421243111234], [-70.84677895515948, 43.06422959055536], [-70.84684880930713, 43.06442641961477], [-70.84705678316723, 43.064490784279165], [-70.84722487274195, 43.06440992963294], [-70.84721354794587, 43.06426945874594], [-70.84701079940466, 43.064142496923125], [-70.84671207193365, 43.06413169095541], [-70.84645392039799, 43.064052507940396], [-70.84617227679284, 43.063900771066905], [-70.84612404126014, 43.063714011108615], [-70.84596609351875, 43.0636592568321], [-70.84576631721335, 43.063631223198534], [-70.84566151619356, 43.06369021789456], [-70.8455739558775, 43.06361348889316], [-70.84541281227571, 43.06368901987894], [-70.84532923016839, 43.063508039838226], [-70.84548327233152, 43.06343262262567], [-70.84541669087528, 43.06337918602102], [-70.8454882386346, 43.063290350738534], [-70.84566293538887, 43.06322987740715], [-70.8457608657699, 43.06326328777888], [-70.84595238442043, 43.06313906150952], [-70.84595886959201, 43.0630214910023], [-70.84571202540529, 43.062970411991316], [-70.84553276540883, 43.063002669953605], [-70.84551715366096, 43.06314975368333], [-70.84544731865465, 43.063158222629106], [-70.8453452588414, 43.06309379448924], [-70.8451696806628, 43.06308194256863], [-70.84503287605283, 43.06310257341872], [-70.8450071336469, 43.06300380668213], [-70.8450408942069, 43.06292211395873], [-70.8450278059045, 43.062868583391094], [-70.84495370160172, 43.06283166443138], [-70.84479575591251, 43.0627769084893], [-70.84453886162329, 43.062739375337976], [-70.84443663373372, 43.06264725433526], [-70.84444462539898, 43.06272422434915], [-70.84457891098744, 43.06284291720225], [-70.84467380507039, 43.06297474804419], [-70.84435198560497, 43.063046617189066], [-70.84406418738996, 43.062926231294966], [-70.84384581092031, 43.062846400311365], [-70.84362880845502, 43.06281238952527], [-70.84339994528713, 43.06276190000186], [-70.84327977125328, 43.06273466391138], [-70.84307650264262, 43.06277961423342], [-70.84293435317299, 43.062777735971075], [-70.84286799302954, 43.06264961229423], [-70.84288647267381, 43.062507618964254], [-70.84278508882885, 43.062538424506954], [-70.84264356389895, 43.06255737442337], [-70.84260616703186, 43.06263715929901], [-70.84269737255728, 43.06283573166754], [-70.84287485744687, 43.06287871552404], [-70.84325567078888, 43.06306845361655], [-70.8433171004505, 43.06322166245816], [-70.84332334246909, 43.063429937966774], [-70.84345600447948, 43.063494480813766], [-70.84345881500548, 43.06339858265571], [-70.84339900778284, 43.063299525228615], [-70.84341723665882, 43.06314920115097], [-70.84342622742705, 43.06306987284251], [-70.8434760918624, 43.0630742794419], [-70.84377341032643, 43.06303823109186], [-70.84386159198282, 43.06313578917096], [-70.84393209769347, 43.06318098179666], [-70.84383076717383, 43.06329256736597], [-70.84394263178376, 43.06333367972486], [-70.84390677647455, 43.063458042978446], [-70.8441040523593, 43.06340276938178], [-70.84425271224382, 43.06338474537599], [-70.84432289320796, 43.06330134375669], [-70.84440847280706, 43.06337421474202], [-70.84436275789048, 43.06350999742726], [-70.84408680698948, 43.06353849194808], [-70.84406214822359, 43.06366391470775], [-70.84411888369976, 43.063897424028646], [-70.84407120296787, 43.063965913997315], [-70.84394564097948, 43.063806447312885], [-70.84380189576994, 43.06375146022455], [-70.84372581040185, 43.06382040874], [-70.84375842925502, 43.06396053681949], [-70.84391099318245, 43.06407268480945], [-70.84406215260653, 43.06413797064309], [-70.84412871941139, 43.0642254576063], [-70.84430726721307, 43.064019412484924], [-70.84424709603455, 43.06367135267098], [-70.84436719480206, 43.06364857883729], [-70.84458794382554, 43.063598438633164], [-70.84467127553201, 43.063792430494615], [-70.84478555575852, 43.06395890383747], [-70.8447581681121, 43.064081948485324], [-70.84469742482023, 43.06414127278974], [-70.84457699646627, 43.06410570745983], [-70.84452861544692, 43.06419817302161], [-70.8444920945827, 43.06430711677786], [-70.84460384403812, 43.064242802821454], [-70.84463587292788, 43.0643631442944], [-70.84467738976616, 43.06442081968713], [-70.84469743234125, 43.06452051761837], [-70.84494066390297, 43.06467079300247], [-70.84512926757513, 43.064705259302364], [-70.84538729529554, 43.06478027993704], [-70.84557764954045, 43.064873062974165]]]}, "properties": {"Hectares": 82.34292584621, "Acres": 203.47362114383, "Year": "2024", "Name": "Eelgrass", "Confidence": "H", "Notes": "UAV and GoPro Imagery Used", "Type": 1, "LABEL": "Great Bay"}}, {"type": "Feature", "geometry": {"type": "Polygon", "coordinates": [[[-70.85286329003625, 43.074021831324686], [-70.85265012831054, 43.073980182385235], [-70.8523633561102, 43.07405093451035], [-70.8521258665435, 43.07406760849289], [-70.8518726847507, 43.07402808934847], [-70.85161757243104, 43.07392445695891], [-70.85145737470403, 43.07383468247008], [-70.85153613340655, 43.07377696114277], [-70.85167948071592, 43.073772075247], [-70.85181009353738, 43.07369298834705], [-70.85184105850692, 43.073559067726585], [-70.85181263222411, 43.073428674246856], [-70.85166339334425, 43.073354117188345], [-70.85148060564627, 43.07336487552923], [-70.8513559737474, 43.073391523813775], [-70.85114337065251, 43.07347214220246], [-70.85091619767304, 43.073515227979236], [-70.85071783253268, 43.07354799475703], [-70.850506133069, 43.073584261054506], [-70.85022035477492, 43.07361515674381], [-70.85001021451365, 43.073545071915305], [-70.8499747424076, 43.073499590130815], [-70.85012316895312, 43.07351415000548], [-70.85062272115657, 43.07348360058962], [-70.85109041070291, 43.07331758013223], [-70.85140141242724, 43.07316681732979], [-70.85153678218452, 43.073101194288775], [-70.85164180957571, 43.07311567921573], [-70.85188851388237, 43.07314970321082], [-70.8520847007545, 43.07302146431932], [-70.85218557544574, 43.07295552654179], [-70.85239112198497, 43.072884227199516], [-70.8529171834848, 43.072774016829236], [-70.85326945526677, 43.07257352611172], [-70.85324797588525, 43.072519292160905], [-70.85335187663662, 43.07245729901032], [-70.85363252824077, 43.072433105704164], [-70.85362458277902, 43.072454756013094], [-70.85374313506988, 43.0724532097519], [-70.85413453532163, 43.072485333125115], [-70.85435899169794, 43.07237357855223], [-70.85442807726734, 43.07235800647008], [-70.85448614093417, 43.07233198762278], [-70.8549658428702, 43.0723980985907], [-70.85497673459224, 43.0724062013111], [-70.85501390655746, 43.07243385476172], [-70.85507213548316, 43.07241608352062], [-70.85536938470614, 43.072390815195156], [-70.85537903598755, 43.07238999475338], [-70.85532389484175, 43.07254121909017], [-70.8553193220407, 43.07267283842927], [-70.85509761642624, 43.07280328845626], [-70.85503003669875, 43.07299938185787], [-70.85487080913535, 43.07317386941053], [-70.8548101639244, 43.073251825408676], [-70.85490639273242, 43.07330927758377], [-70.85508783104257, 43.073290941006995], [-70.85527991837431, 43.07327756295635], [-70.85537156608773, 43.07329916843325], [-70.85543312376102, 43.073367445494355], [-70.85539735297218, 43.07345782714747], [-70.85529635560508, 43.07359031874325], [-70.8552142573758, 43.073653228325064], [-70.85516987711861, 43.07372304386499], [-70.85515073602555, 43.07377505426564], [-70.85515692735062, 43.073794658874334], [-70.85513786749135, 43.07383109381386], [-70.85514512870623, 43.07384903899196], [-70.85514112153568, 43.07386470377565], [-70.85513238910532, 43.07387223476319], [-70.85510721216774, 43.07389152700708], [-70.85508504679595, 43.07389927581949], [-70.85508319897549, 43.07394938935756], [-70.85506653159813, 43.07395376484284], [-70.85503807065038, 43.07397557345045], [-70.85501232416154, 43.07397599093835], [-70.85500185329106, 43.073963024050315], [-70.85501765407496, 43.073929926149525], [-70.85500939727467, 43.07391610231803], [-70.85499263086201, 43.07391719522961], [-70.85493126129812, 43.07392475866123], [-70.85488844602322, 43.07395336831682], [-70.85483768625426, 43.0739667603392], [-70.85473632435077, 43.073996886844355], [-70.85464592419054, 43.07400738391336], [-70.85456516177884, 43.07401846073166], [-70.85426407521344, 43.074004146274596], [-70.85389618504384, 43.07404518740422], [-70.85356351323176, 43.074120735437084], [-70.85322144156066, 43.07411124362784], [-70.85286329003625, 43.074021831324686]]]}, "properties": {"Hectares": 4.62463203499, "Acres": 11.42770452891, "Year": "2024", "Name": "Eel and Wid Grass", "Confidence": "M", "Notes": "UAV and GoPro Imagery Used - Medium Confidence becuase no Ground Truthing.", "Type": 2, "LABEL": "Great Bay"}}, {"type": "Feature", "geometry": {"type": "Polygon", "coordinates": [[[-70.85728231719489, 43.0696706703908], [-70.85703759910926, 43.06962641727931], [-70.85637024040307, 43.06963113117401], [-70.85597919819435, 43.06966806214967], [-70.8554412880304, 43.06970663983843], [-70.85494360129292, 43.06963592052867], [-70.85462019761196, 43.06970233634114], [-70.85430529380234, 43.06984789508131], [-70.85442276206103, 43.06971821184233], [-70.85463533524941, 43.06954250422452], [-70.85488622136339, 43.06950398431702], [-70.85525437805353, 43.069529334743294], [-70.85555128801657, 43.06945874669534], [-70.85602430251268, 43.06941975323387], [-70.85642282089783, 43.06946026745528], [-70.85666620535325, 43.069456317700094], [-70.85692770924344, 43.0694865256403], [-70.85719584698289, 43.06959492601973], [-70.85728231719489, 43.0696706703908]]]}, "properties": {"Hectares": 0.43873407205, "Acres": 1.08413454393, "Year": "2024", "Name": "Sparse Eelgrass < 10%", "Confidence": "H", "Notes": "UAV Imagery Used", "Type": 0, "LABEL": "Great Bay"}}, {"type": "Feature", "geometry": {"type": "Polygon", "coordinates": [[[-70.8553879256991, 43.07081179026634], [-70.85543482080426, 43.07076209174147], [-70.855550168845, 43.07076878501788], [-70.85560665831191, 43.070760528062756], [-70.85571753360844, 43.070674311610674], [-70.85584304404998, 43.070630678343385], [-70.85599000935494, 43.070634411367735], [-70.85606459477235, 43.07056224126468], [-70.85612749742498, 43.070545315861146], [-70.85615884960636, 43.07058885132937], [-70.85620540487672, 43.07058320215945], [-70.85625900789779, 43.07053461790575], [-70.85631142279117, 43.07050195774048], [-70.85641772253832, 43.070540606632996], [-70.85641682987169, 43.070566313543395], [-70.85623100816086, 43.07065741710601], [-70.8560854754688, 43.07075643084626], [-70.8559342740277, 43.07083351428822], [-70.8558520566466, 43.07087399844602], [-70.85586736364058, 43.07088353771806], [-70.85580264497004, 43.070895598643006], [-70.85572328358968, 43.07092013154417], [-70.85562194328183, 43.07093523331032], [-70.85549110346763, 43.070912886539986], [-70.85539636871644, 43.070870378875874], [-70.8553879256991, 43.07081179026634]]]}, "properties": {"Hectares": 0.15407253111, "Acres": 0.38072117916, "Year": "2024", "Name": "Sparse Eelgrass < 10%", "Confidence": "H", "Notes": "UAV Imagery Used", "Type": 0, "LABEL": "Great Bay"}}, {"type": "Feature", "geometry": {"type": "Polygon", "coordinates": [[[-70.89201405129471, 43.07346406594176], [-70.89219880160901, 43.07339709983306], [-70.89248019747905, 43.07330913417797], [-70.89288003161778, 43.07314631023684], [-70.893160303574, 43.07302191254409], [-70.89332651026034, 43.07288378079948], [-70.89346124107858, 43.07277748805322], [-70.89347450585211, 43.072772969537766], [-70.89347715916759, 43.07277397466105], [-70.89348040235035, 43.072770961157325], [-70.8936177110542, 43.07272418567605], [-70.89376517750154, 43.07260312292251], [-70.89384604743816, 43.0725590031363], [-70.89398602080843, 43.07253918439963], [-70.89402657912187, 43.07252984414249], [-70.89402425692685, 43.07255224347927], [-70.89401450226065, 43.07264633445243], [-70.89388242854851, 43.072818744659294], [-70.89373223384575, 43.07311722602167], [-70.89350807418654, 43.073223595657694], [-70.89301953148863, 43.073343715709434], [-70.89221933120187, 43.073540457113026], [-70.89201405129471, 43.07346406594176]]]}, "properties": {"Hectares": 0.47964915287, "Acres": 1.1852378211, "Year": "2024", "Name": "Sparse Eelgrass < 10%", "Confidence": "H", "Notes": "UAV and GoPro Imagery Used", "Type": 0, "LABEL": "Great Bay"}}, {"type": "Feature", "geometry": {"type": "Polygon", "coordinates": [[[-70.8959497825717, 43.07117305883847], [-70.89574385361836, 43.07110402925691], [-70.89555250209413, 43.07110720006358], [-70.89536690569881, 43.07109669170354], [-70.8951438551154, 43.07107322092603], [-70.89493049977663, 43.07096356421629], [-70.89485841697599, 43.070828927740884], [-70.89475379917722, 43.0706404988067], [-70.89463428909784, 43.07057003584669], [-70.89453611248821, 43.07053700832654], [-70.89473898879936, 43.07056766426577], [-70.89490398643666, 43.07066769858532], [-70.89494280256115, 43.07072502118053], [-70.89496678396938, 43.07082123469725], [-70.89496784202508, 43.07086812052683], [-70.89504539125215, 43.070936777646715], [-70.89515239976362, 43.070961558946365], [-70.89518341073077, 43.07095631704274], [-70.89527459114447, 43.07095480646481], [-70.89532609292907, 43.07096537204444], [-70.89539270979229, 43.07096100580777], [-70.89547393907215, 43.07092540343247], [-70.89557023299056, 43.070873238756214], [-70.89566844905602, 43.07081125457251], [-70.89588645412371, 43.07073749757024], [-70.8959848707448, 43.07068203484088], [-70.89609009799436, 43.070703128481995], [-70.89615170198901, 43.07075267655065], [-70.89626659076745, 43.07072630327713], [-70.89633628600717, 43.070749616925895], [-70.89636543678078, 43.0708290655615], [-70.89639535326877, 43.07086119488507], [-70.89663606482783, 43.07094651594554], [-70.89670876825159, 43.07104930353238], [-70.89672688373578, 43.07107755026675], [-70.89669306136885, 43.07113520521933], [-70.8965431425247, 43.07118010355533], [-70.89643990814746, 43.07119185124683], [-70.89635531623244, 43.07122236755977], [-70.89630647909803, 43.071298215178686], [-70.89624782955238, 43.07141663824523], [-70.89624280557243, 43.071542328717165], [-70.89615488094212, 43.07172159368931], [-70.89607459463403, 43.071859950435396], [-70.89598985919748, 43.07193583143955], [-70.89603661400254, 43.07159902470392], [-70.89602630221067, 43.07155437497782], [-70.89604333921376, 43.07149465966057], [-70.89604080496503, 43.071422561940715], [-70.89604825897055, 43.07135671453566], [-70.89604991165626, 43.07134211497243], [-70.89605284582382, 43.07127038534276], [-70.8959497825717, 43.07117305883847]]]}, "properties": {"Hectares": 0.60818577224, "Acres": 1.50285844392, "Year": "2024", "Name": "Sparse Eelgrass < 10%", "Confidence": "H", "Notes": "UAV and GoPro Imagery Used", "Type": 0, "LABEL": "Great Bay"}}, {"type": "Feature", "geometry": {"type": "Polygon", "coordinates": [[[-70.84523904934855, 43.057862651785044], [-70.84518892765739, 43.05784641975021], [-70.84513068573949, 43.05780829592824], [-70.84509941938627, 43.05776421355277], [-70.84505642012164, 43.057799571424994], [-70.84509800646985, 43.057864742003794], [-70.84509488027219, 43.05788870073125], [-70.84509222977528, 43.05788892897439], [-70.84501918152237, 43.05793819832274], [-70.84494786820456, 43.05794590558978], [-70.84485091840028, 43.05799337394431], [-70.84479257250347, 43.05803584795665], [-70.84469807717544, 43.05806578952687], [-70.844688970956, 43.05806969402117], [-70.84470038227205, 43.05803279349781], [-70.84470715940066, 43.05801087757455], [-70.84462945416813, 43.05798393596126], [-70.84468199496669, 43.05779905583723], [-70.84467520714885, 43.05763646246783], [-70.84474395864501, 43.05753067012348], [-70.84494359383135, 43.05753772263882], [-70.8450709449494, 43.057455868191454], [-70.84515800388002, 43.057267246976714], [-70.8453178670237, 43.057282482468345], [-70.845587420701, 43.05734856998932], [-70.8457378413456, 43.057477242285536], [-70.84577085972104, 43.057592510661536], [-70.84595796858325, 43.05762735980463], [-70.84605702560206, 43.05767025003603], [-70.84601299968763, 43.05780428276546], [-70.845869917765, 43.05798388624814], [-70.84577452912437, 43.05787934116056], [-70.84558742084666, 43.05779087953888], [-70.84540031301148, 43.05778551812783], [-70.84537579396128, 43.057816869841396], [-70.8453257142314, 43.05782177022948], [-70.84525505650143, 43.057851327758996], [-70.84523904934855, 43.057862651785044]], [[-70.84481790628901, 43.05770275273804], [-70.84472215887831, 43.05773023653009], [-70.8447187393677, 43.057787703555796], [-70.8446890477236, 43.05788023433355], [-70.8446940327186, 43.057923090111956], [-70.84474267643051, 43.057982590219325], [-70.84482816486144, 43.05799008582038], [-70.84483317704232, 43.05792279689404], [-70.84488410573906, 43.05782909228941], [-70.84489997597392, 43.057770213388494], [-70.84495810771563, 43.057695256663074], [-70.84485894111464, 43.05767027128824], [-70.84481790628901, 43.05770275273804]], [[-70.84503264776988, 43.05762707499013], [-70.84512474421776, 43.05769540385983], [-70.84519747652456, 43.05771940963654], [-70.8452993098629, 43.05772427653868], [-70.84535705603153, 43.05761946730382], [-70.84551689461206, 43.05765678316844], [-70.84562447331368, 43.05764498943699], [-70.84569586139136, 43.057574743978265], [-70.84565366282281, 43.05747785109732], [-70.84546534174444, 43.05750286779149], [-70.84539695107429, 43.057502867882846], [-70.84551986576913, 43.057377523828876], [-70.84536845458987, 43.057415418420106], [-70.84526586791459, 43.05742791117371], [-70.8453171613589, 43.05730714699749], [-70.84519307436534, 43.05734187409332], [-70.84520887519575, 43.057461225565824], [-70.84512908573461, 43.05754451085286], [-70.84503264776988, 43.05762707499013]]]}, "properties": {"Hectares": 0.37277295825, "Acres": 0.92114122615, "Year": "2024", "Name": "Sparse Eelgrass < 10%", "Confidence": "H", "Notes": "UAV and GoPro Imagery Used", "Type": 0, "LABEL": "Great Bay"}}, {"type": "Feature", "geometry": {"type": "Polygon", "coordinates": [[[-70.84553474358523, 43.055025115805535], [-70.84517552906503, 43.05489090772796], [-70.8448902641847, 43.05491555278713], [-70.84471451013745, 43.054830627343954], [-70.84439837047609, 43.054961771947056], [-70.84451873498482, 43.05514133133835], [-70.84453862286668, 43.05521273131101], [-70.84443559232773, 43.05513641180064], [-70.84426564447078, 43.05497970038632], [-70.84408624797477, 43.054931934585476], [-70.84385977857977, 43.054872213489425], [-70.84372151183737, 43.05489090970957], [-70.8434459202514, 43.05485980719578], [-70.84336788024045, 43.05483648739767], [-70.84338263642192, 43.054810195020366], [-70.84364735710719, 43.054704535991334], [-70.84388711409065, 43.05463096411396], [-70.84423146746057, 43.05458739108212], [-70.8443401274315, 43.05457949652467], [-70.84434903825672, 43.05457016222982], [-70.84452137233221, 43.05451635975078], [-70.84481770297722, 43.05453709375665], [-70.84483654028821, 43.05454077726858], [-70.84493297751692, 43.05451662996717], [-70.84496287314656, 43.05448425239842], [-70.84503970086702, 43.05444425140767], [-70.84516220000717, 43.05441643443454], [-70.84526534738848, 43.05441477079087], [-70.84545010679726, 43.05444870679499], [-70.84560379140055, 43.05445361086216], [-70.84575294257132, 43.05447520014572], [-70.84590571668483, 43.0545336469623], [-70.84601550112978, 43.0545854040185], [-70.84618030113569, 43.05462519832631], [-70.84623667298486, 43.05463056142986], [-70.84609089730714, 43.05468163152694], [-70.84590043233457, 43.05480249769223], [-70.84589847743497, 43.054802332028316], [-70.84587674788341, 43.05482798127321], [-70.84586193296792, 43.05486313414119], [-70.84587856267322, 43.05488846882749], [-70.84589624610524, 43.05491184513857], [-70.8460392432453, 43.05495747328202], [-70.84617078809168, 43.05499361867026], [-70.84620199283044, 43.054993115114286], [-70.84626662787912, 43.05502232506632], [-70.84630984347015, 43.055066316955106], [-70.84630829955651, 43.05514175423989], [-70.84608576736402, 43.055239115398436], [-70.8460038856656, 43.05525017444923], [-70.84587848788595, 43.055226612840706], [-70.84564918862544, 43.05518996216862], [-70.84563803893253, 43.05512368932729], [-70.84553474358523, 43.055025115805535]]]}, "properties": {"Hectares": 1.04469327421, "Acres": 2.58149101825, "Year": "2024", "Name": "Widgeon Grass", "Confidence": "L", "Notes": "GoPro Image Used - Low Donfidence becuase of low quality imagery", "Type": 3, "LABEL": "Great Bay"}}]}