{"type": "FeatureCollection", "features": [{"type": "Feature", "geometry": {"type": "MultiPolygon", "coordinates": [[[[-70.87248984089479, 43.09180573454044], [-70.87249108663961, 43.09180637599786], [-70.87249002218095, 43.091811666042545], [-70.87248984089479, 43.09180573454044]]], [[[-70.87249108663961, 43.09180637599786], [-70.8724975729254, 43.09179373778257], [-70.87250687601832, 43.09178866874536], [-70.87252219495295, 43.09178769307161], [-70.87254207041111, 43.091790348751715], [-70.87257869270425, 43.091798345166566], [-70.8726089815921, 43.09180762445345], [-70.87263989102955, 43.091823632222045], [-70.87267075766395, 43.09184533138714], [-70.87271900181021, 43.091885070572054], [-70.87275484319568, 43.091918346062705], [-70.87278884982531, 43.09195835730058], [-70.87282172379896, 43.09200552053042], [-70.87286238386237, 43.0920726393668], [-70.87290680497796, 43.09214707556086], [-70.87292849211828, 43.09218768721817], [-70.87293735676013, 43.092212861327404], [-70.87293632672333, 43.092218626898315], [-70.87293165675318, 43.092219876330375], [-70.87291897064681, 43.09221489417032], [-70.87289825949337, 43.09220275409065], [-70.8728408148146, 43.092162014991274], [-70.87282333022634, 43.09214683764339], [-70.87280628655047, 43.09212871533291], [-70.87274562997229, 43.09204843424717], [-70.87271488481176, 43.0920157054044], [-70.87269241943032, 43.09199808195259], [-70.87263320134564, 43.09195773461393], [-70.87260713268162, 43.09193438093717], [-70.87259400725388, 43.0919157807959], [-70.87257060636242, 43.09187056277196], [-70.87255603808185, 43.091852129044206], [-70.8725264762852, 43.09182773662826], [-70.87249108663961, 43.09180637599786]]]]}, "properties": {"Shape_Leng": 413.103346, "Shape_Area": 4554.13174928, "density": "p", "hectares": 0.0423094376444, "acres": 0.104548897288, "year_": 2012.0}}, {"type": "Feature", "geometry": {"type": "Polygon", "coordinates": [[[-70.87306256355748, 43.09199814361862], [-70.87309385397035, 43.091962022130836], [-70.87312805345157, 43.09195648388788], [-70.87315971817016, 43.09195529562595], [-70.87318884815613, 43.091958455547065], [-70.87321544339203, 43.0919659654534], [-70.8732404405795, 43.091979668164825], [-70.8732733665507, 43.09200656095788], [-70.87330278374733, 43.092034668031914], [-70.87332738137991, 43.09206448439049], [-70.87334595506401, 43.09209454162983], [-70.8733579240203, 43.09212387345698], [-70.87337137114963, 43.09217228718682], [-70.8733747250863, 43.092204292166834], [-70.87337300219039, 43.092217302814156], [-70.87336889437437, 43.092228003323754], [-70.87336238132497, 43.0922364448636], [-70.87335344685539, 43.0922426444241], [-70.87332942412743, 43.09225059100228], [-70.87329715074593, 43.09225543603508], [-70.87327126416318, 43.09225581644909], [-70.87324483613372, 43.09225304074823], [-70.87322033688072, 43.092247378105164], [-70.8731994807587, 43.092239231077635], [-70.8731863294016, 43.0922312778988], [-70.87316638171234, 43.0922160331145], [-70.87312728704252, 43.09218488837193], [-70.87309952775891, 43.09215889192074], [-70.87307915254776, 43.092134335618056], [-70.87306599913727, 43.09211084927743], [-70.87305771152103, 43.09208445496419], [-70.87305437679947, 43.092056872586014], [-70.87305599373792, 43.09202810213475], [-70.87306256355748, 43.09199814361862]]]}, "properties": {"Shape_Leng": 308.574057216, "Shape_Area": 6676.13836021, "density": "p", "hectares": 0.0620236030066, "acres": 0.153263660809, "year_": 2012.0}}, {"type": "Feature", "geometry": {"type": "Polygon", "coordinates": [[[-70.87110571151213, 43.09129424445625], [-70.87102531462038, 43.09131336383206], [-70.8710091111424, 43.09130800684102], [-70.87099681502487, 43.091301388890635], [-70.87098842506246, 43.09129350817348], [-70.87098394245898, 43.0912843664991], [-70.8709835814188, 43.091272502599836], [-70.8709849693778, 43.09127173901496], [-70.87098797761183, 43.091275036509884], [-70.87100894688658, 43.09130769694451], [-70.87101173824924, 43.09130744360583], [-70.87101246299285, 43.091301554407295], [-70.87100524798237, 43.09124617599552], [-70.87100641710542, 43.091224650532745], [-70.87101105644302, 43.091215897244574], [-70.87101818450353, 43.09120873113751], [-70.87102780501759, 43.091203148636374], [-70.87103992665199, 43.09119914439986], [-70.87105455312654, 43.09119671575258], [-70.87107170908597, 43.0911958565638], [-70.87111374091995, 43.09119884387037], [-70.87116222466715, 43.091207238259926], [-70.87122104127651, 43.0912212503351], [-70.87141291641852, 43.09127734964136], [-70.871482279146, 43.09129920954462], [-70.8715602312922, 43.09132835286224], [-70.87159428492168, 43.0913430928345], [-70.87163019003793, 43.09136102051969], [-70.8717887214004, 43.09145267962208], [-70.87182806469342, 43.09147305885587], [-70.8718647635934, 43.09148954632643], [-70.87190855568466, 43.09150526480719], [-70.87202167885896, 43.09153953364458], [-70.87205188080132, 43.091551056570474], [-70.87207755459653, 43.09156321776278], [-70.87212092933467, 43.09158339084883], [-70.8721302661705, 43.09159043820956], [-70.87213529659591, 43.091597882343024], [-70.87213702615502, 43.091607842903805], [-70.8721360191347, 43.09162160923644], [-70.87213107198569, 43.09163233087933], [-70.87212001208017, 43.091638953063], [-70.87210278486887, 43.09164151501388], [-70.87207919711965, 43.091640047793064], [-70.87205342942049, 43.091635527394445], [-70.87202181075942, 43.09162784460848], [-70.87189211819353, 43.09158999147675], [-70.87185114596896, 43.091578840177405], [-70.8718081444112, 43.09156495808855], [-70.87171206424972, 43.091527654188], [-70.87166782659277, 43.091505269563385], [-70.87156541577892, 43.09144275042438], [-70.87153527467713, 43.091428434600964], [-70.87150628492829, 43.09141825849788], [-70.87147661558033, 43.091411340739285], [-70.8713922477415, 43.091396385182136], [-70.87131764246749, 43.09137673738141], [-70.87124501759348, 43.091353164204776], [-70.87117437311939, 43.09132566655612], [-70.87110571151213, 43.09129424445625]]]}, "properties": {"Shape_Leng": 753.952416277, "Shape_Area": 11758.2667234, "density": "p", "hectares": 0.109238309327, "acres": 0.26993374097, "year_": 2012.0}}, {"type": "Feature", "geometry": {"type": "Polygon", "coordinates": [[[-70.87086036713664, 43.09121516890646], [-70.87082817266182, 43.09122163047748], [-70.87077582435171, 43.09121669628101], [-70.87072446974936, 43.09120967070316], [-70.87067410884794, 43.09120055464539], [-70.87062474288025, 43.091189348117574], [-70.8705698217908, 43.09117414852409], [-70.8705169267904, 43.09115661808816], [-70.87046681123148, 43.09113700689755], [-70.87042004943903, 43.09111554219169], [-70.87032111825457, 43.091057810688795], [-70.87029416560331, 43.09104675639809], [-70.87026207177514, 43.09103701655695], [-70.87015564607238, 43.09101389155368], [-70.8701211443745, 43.0910051448901], [-70.8700924044403, 43.09099562818334], [-70.87006786240569, 43.090984798557095], [-70.8700380220884, 43.09097110554204], [-70.87002667073901, 43.09096173237809], [-70.87002240156824, 43.09094580225563], [-70.87002558817622, 43.09092614067363], [-70.87003021378094, 43.090920161617944], [-70.87003839944428, 43.090916215600465], [-70.87005018350618, 43.09091428218367], [-70.87006567551437, 43.090914343225705], [-70.87010372066794, 43.09091948153322], [-70.87017973179498, 43.09093549066891], [-70.8702232369938, 43.09094731461268], [-70.8703070100066, 43.09098042939149], [-70.87034341360733, 43.09099216335865], [-70.87040174451987, 43.091003343276746], [-70.87053443312728, 43.091018621364434], [-70.87058749120813, 43.091029715893384], [-70.87064352136599, 43.091046140208306], [-70.87068562086257, 43.0910606798774], [-70.87072137440404, 43.09107595762729], [-70.87075135477203, 43.09109231950813], [-70.8707895275258, 43.09111882283784], [-70.87081773097185, 43.09114464831111], [-70.87084281563833, 43.09117808813162], [-70.87086036713664, 43.09121516890646]]]}, "properties": {"Shape_Leng": 522.669265572, "Shape_Area": 8316.03841502, "density": "p", "hectares": 0.0772588339863, "acres": 0.190910736439, "year_": 2012.0}}, {"type": "Feature", "geometry": {"type": "Polygon", "coordinates": [[[-70.86832872748467, 43.090514686526085], [-70.86836937678822, 43.090519957898934], [-70.86837197403989, 43.09053048717033], [-70.8683699182079, 43.090537753310656], [-70.8683657795964, 43.09054017556973], [-70.86835827089426, 43.09054107465298], [-70.86832944853538, 43.090538414336194], [-70.86830913833505, 43.09053476021588], [-70.86828828781442, 43.090528167805076], [-70.8682696527162, 43.090519516882736], [-70.86825570294913, 43.09050994448085], [-70.86824940095696, 43.09050276045108], [-70.8682450783566, 43.090494006853255], [-70.86824233104655, 43.090471677253014], [-70.8682471467358, 43.09044332255275], [-70.86826055029802, 43.09040303766065], [-70.86827256151521, 43.090376332746516], [-70.86828875406813, 43.09035062827593], [-70.86830831419762, 43.090327205796406], [-70.86833050838136, 43.09030693784326], [-70.86835429709984, 43.090289953986876], [-70.86837816911776, 43.09027648492589], [-70.86839681473315, 43.09026900146094], [-70.86841777075135, 43.09026358737214], [-70.86844120972721, 43.090260196153565], [-70.86846751069999, 43.09025877013709], [-70.86852147497544, 43.09026081725007], [-70.86863716874446, 43.09027225413966], [-70.86875783883222, 43.09028239967874], [-70.86884554423143, 43.09029525607519], [-70.86888419177754, 43.090303719673464], [-70.86891918308285, 43.09031359262171], [-70.86895082530289, 43.09032496167946], [-70.86897926999819, 43.09033788371586], [-70.8690217550222, 43.09036154619269], [-70.86905838528352, 43.09038614811653], [-70.86908849719616, 43.09041124288981], [-70.86911183690586, 43.09043661090993], [-70.86913366314593, 43.09046815696719], [-70.86914601674435, 43.09049540085319], [-70.8691539206796, 43.090522160045715], [-70.86915650645214, 43.090539926494564], [-70.86915469553409, 43.09055482860112], [-70.86914818207228, 43.090566584284176], [-70.86913728588011, 43.09057667113189], [-70.86912444165048, 43.0905847766544], [-70.86911182166592, 43.09058894644473], [-70.86909576714835, 43.09059049983801], [-70.869035410283, 43.090586230952034], [-70.86899387710778, 43.09058375674818], [-70.86894905245752, 43.09057871663524], [-70.86884025771279, 43.090559745227345], [-70.86879729368894, 43.09054913434403], [-70.86869982819775, 43.090519654131946], [-70.8686524773412, 43.09050939877046], [-70.86857381564575, 43.09050065601685], [-70.8684936372078, 43.09049862231332], [-70.8684119407499, 43.09050329944806], [-70.86832872748467, 43.090514686526085]]]}, "properties": {"Shape_Leng": 642.814227377, "Shape_Area": 20023.9110229, "density": "h", "hectares": 0.186028964787, "acres": 0.459687583076, "year_": 2012.0}}, {"type": "Feature", "geometry": {"type": "Polygon", "coordinates": [[[-70.86736317021705, 43.08911914154078], [-70.86723295158752, 43.08909752731119], [-70.86714033704683, 43.08907869702968], [-70.86711064651637, 43.08906984984961], [-70.86710229870556, 43.08906256684524], [-70.86709703155579, 43.08905138427476], [-70.86709486422377, 43.0890363400791], [-70.86709580918607, 43.089017513559554], [-70.86710724615858, 43.088968312480844], [-70.86713006099248, 43.088909291854314], [-70.86711693281319, 43.088877388511], [-70.86711216747803, 43.088859164804234], [-70.86711283268926, 43.08884381004217], [-70.86711962430077, 43.088832308459715], [-70.86713114778166, 43.08882404090436], [-70.86715145760175, 43.08881398401217], [-70.86716964966493, 43.08880754356057], [-70.86718987399028, 43.08880405902402], [-70.86721232142271, 43.088803493928104], [-70.86723739495926, 43.08880583668443], [-70.86728380445659, 43.08881554506131], [-70.86737560966299, 43.08884237378631], [-70.86741171291614, 43.08885128009202], [-70.8674567700515, 43.088862987207115], [-70.86750351186743, 43.088880204240425], [-70.86754553966088, 43.088899238160224], [-70.86764515602772, 43.0889484838643], [-70.8676987727471, 43.08897122628953], [-70.86775413013409, 43.08898865460282], [-70.86790391980362, 43.089026527600886], [-70.86794388256465, 43.08904041515382], [-70.86797665934601, 43.08905571169346], [-70.86803561918418, 43.089089113128544], [-70.86808385896369, 43.08911924505583], [-70.86813738005013, 43.08915154719439], [-70.86826077478784, 43.08921792538764], [-70.86831462703715, 43.08925197786191], [-70.86852244412601, 43.08939602444194], [-70.86860352769396, 43.08944903232641], [-70.86867832209789, 43.08949530181375], [-70.86878318890857, 43.089553213860874], [-70.86882035736478, 43.08957548190424], [-70.86885699785635, 43.08960190318746], [-70.86888481241076, 43.08962843035511], [-70.86891218599968, 43.08966158681119], [-70.86892708467109, 43.089687088657456], [-70.86893521254845, 43.08971777592216], [-70.86893575346704, 43.089752656342846], [-70.86892862711605, 43.08978779116533], [-70.86891486673656, 43.08981785505127], [-70.86890105103967, 43.08983401109776], [-70.86888114528224, 43.089848512498875], [-70.86885505271263, 43.08986143238992], [-70.86882250998154, 43.08987290485444], [-70.86878627675186, 43.089882370327416], [-70.8687429966339, 43.08989103681792], [-70.86860191979773, 43.08991199074834], [-70.86854792540409, 43.08991843466033], [-70.86848702119512, 43.089922130772486], [-70.8684203915395, 43.08992333397939], [-70.86831072765345, 43.08992268143458], [-70.86822660445264, 43.08992106740095], [-70.8681410057159, 43.08991712600016], [-70.86805404316274, 43.089910861609184], [-70.86796584932037, 43.08990228415159], [-70.86787653582684, 43.089891404305575], [-70.86778630507038, 43.08987824328497], [-70.86769534215222, 43.08986282938481], [-70.86760387257165, 43.08984520108453], [-70.86755215086099, 43.089836109255536], [-70.86741795881325, 43.08981656035787], [-70.8673500133423, 43.089802502362275], [-70.86731500787813, 43.0897920599346], [-70.86728475798755, 43.08978001422975], [-70.8672587028222, 43.089766142594755], [-70.8672365924381, 43.089750303761704], [-70.86720350806662, 43.089720681537486], [-70.86718640820864, 43.089697708837186], [-70.86718134969784, 43.089683511297636], [-70.86717932627836, 43.08966674790735], [-70.86718388485563, 43.089614662368156], [-70.86718914985875, 43.089584939006066], [-70.86719940926402, 43.08955224490776], [-70.86724376708212, 43.08945344283382], [-70.86725749169129, 43.089427318892646], [-70.86727625109292, 43.089398988727396], [-70.86735639522966, 43.08929880461535], [-70.86738498811859, 43.08925757633347], [-70.86739721604566, 43.08923490213055], [-70.86740592740846, 43.089213286254676], [-70.86741128862505, 43.089192304094], [-70.86741335413392, 43.08917173639049], [-70.86741490545896, 43.08915170249022], [-70.8674124526648, 43.089142076162936], [-70.86740544457402, 43.08913414632261], [-70.86739489501865, 43.08912767970752], [-70.86738080397575, 43.089122678116865], [-70.86736317021705, 43.08911914154078]]]}, "properties": {"Shape_Leng": 1530.3394394, "Shape_Area": 118192.236421, "density": "sb", "hectares": 1.09804619897, "acres": 2.71333124865, "year_": 2012.0}}, {"type": "Feature", "geometry": {"type": "Polygon", "coordinates": [[[-70.87283758360134, 43.09152466418653], [-70.87286078058946, 43.09148867474507], [-70.87288988775964, 43.091481980548835], [-70.87291694681097, 43.091473529431155], [-70.87294195526243, 43.09146332317657], [-70.87296491558077, 43.09145136090336], [-70.87297727279238, 43.091442804193775], [-70.87298908223924, 43.091431867265], [-70.87302990985138, 43.09138079459643], [-70.87305123550601, 43.09136092477748], [-70.8730931671861, 43.09133420543074], [-70.87313882089278, 43.09131201177242], [-70.87315631169834, 43.09130595617758], [-70.87317715077805, 43.09130103279374], [-70.87327053975639, 43.09128634255225], [-70.87329077899108, 43.09128069306146], [-70.87330770664617, 43.091273637063345], [-70.8733487779735, 43.09124495201209], [-70.87336327885201, 43.09123711764686], [-70.87339209862043, 43.091229077393194], [-70.87342765641733, 43.091225987905794], [-70.87347007690924, 43.09122770691737], [-70.87352515558341, 43.09123446632493], [-70.87356421995923, 43.09124165750708], [-70.87359854298019, 43.091251068911774], [-70.87364186898105, 43.09126913921459], [-70.87368294900993, 43.09129374439018], [-70.87371909189307, 43.091323276112], [-70.8737474873369, 43.09135545731328], [-70.8737667963751, 43.09138915982465], [-70.87378221511928, 43.09143204129763], [-70.87379325902045, 43.091477675745026], [-70.87379758284698, 43.091514487982415], [-70.87379523103087, 43.0915428410825], [-70.8737915464756, 43.09155377858265], [-70.87378619498415, 43.0915625432517], [-70.87377809264183, 43.09156956325554], [-70.87376677246947, 43.091574477094696], [-70.87375209485316, 43.0915773486122], [-70.87373374082675, 43.09157824400846], [-70.87369375456302, 43.09157546897455], [-70.87360203006526, 43.09156270185942], [-70.87356253097352, 43.091558629427055], [-70.87352486269697, 43.09155783094542], [-70.87349463418445, 43.091561384078624], [-70.87343354284155, 43.09157443237096], [-70.87339723312006, 43.091584757522085], [-70.87336909184386, 43.091597027824214], [-70.87335039170283, 43.09161122510206], [-70.8733446203664, 43.09162034870329], [-70.8733414182053, 43.091632635270074], [-70.87333925565765, 43.09168969932698], [-70.8733354187233, 43.0916996842881], [-70.8733290036625, 43.091706533225725], [-70.87331161746431, 43.091713516734956], [-70.87328566050424, 43.091716131758076], [-70.87325620793263, 43.091715134505975], [-70.87318331361362, 43.09170891844767], [-70.87314263029478, 43.09170704484706], [-70.87311838057903, 43.09170404748131], [-70.87309907152301, 43.09169928495769], [-70.87307844258984, 43.09169191722003], [-70.87301998865772, 43.09166411368666], [-70.87295922889871, 43.091631877051675], [-70.87291277945766, 43.091600585801025], [-70.87287225101197, 43.09156466378343], [-70.87283758360134, 43.09152466418653]]]}, "properties": {"Shape_Leng": 699.569551812, "Shape_Area": 28127.2135448, "density": "p", "hectares": 0.261311409749, "acres": 0.645714555877, "year_": 2012.0}}, {"type": "Feature", "geometry": {"type": "Polygon", "coordinates": [[[-70.86975796030598, 43.09010042497817], [-70.86975999439153, 43.09009794840502], [-70.86976143396157, 43.090099834361254], [-70.87014991433459, 43.08963011967785], [-70.87014542975308, 43.08961840079995], [-70.8701454131314, 43.08961835657645], [-70.87015520741323, 43.08962636325303], [-70.87021307749283, 43.089673668832596], [-70.87049899739503, 43.08966899378783], [-70.87093159317143, 43.08935696261209], [-70.87163449439835, 43.08895473809443], [-70.87216420712491, 43.08860033942324], [-70.87233841102423, 43.08849109122261], [-70.872390241358, 43.088580233679956], [-70.87255229028005, 43.088777710057364], [-70.8727637113585, 43.0888886076099], [-70.87292714663586, 43.08870486406506], [-70.87308477233788, 43.08833061624964], [-70.87332155675344, 43.08818080279158], [-70.87359503129802, 43.08800777328602], [-70.87403188156964, 43.08740976299688], [-70.8746783978516, 43.08686549435922], [-70.87516866482783, 43.086314254304064], [-70.87523297763668, 43.08586529366223], [-70.87525336317408, 43.085255045523596], [-70.87548466478127, 43.085165484057775], [-70.87615431685829, 43.08495437543659], [-70.8772306008152, 43.08486047920066], [-70.8779984879543, 43.08488599537847], [-70.87856631145857, 43.08517209944234], [-70.8787520307473, 43.0852929384751], [-70.87883582774406, 43.08548216007217], [-70.87869491588316, 43.08555118442964], [-70.87829409541028, 43.08562447541278], [-70.87745550159401, 43.08583836967502], [-70.87672522870716, 43.086193429568844], [-70.8762155839953, 43.08653533643953], [-70.8759392740929, 43.08685435490932], [-70.87583772242601, 43.08736110528635], [-70.87571308522296, 43.087963533197325], [-70.87525083725579, 43.08858102647851], [-70.87473912987087, 43.08885625106721], [-70.87448036860359, 43.088898610954026], [-70.8741823288115, 43.08893208371363], [-70.87355074326342, 43.089113967844526], [-70.87332726513975, 43.0894607045376], [-70.87318495641023, 43.08991094041035], [-70.8731448752797, 43.09030232333052], [-70.8732864561878, 43.09068120157328], [-70.87312301786233, 43.09086494554355], [-70.87294425884225, 43.09097270143494], [-70.87272680038907, 43.091090620478404], [-70.87241488042307, 43.0910957264241], [-70.87214136977408, 43.09108114350464], [-70.87191694500164, 43.09097045697519], [-70.871298270708, 43.09072327215511], [-70.87034975977052, 43.090319467690804], [-70.86975796030598, 43.09010042497817]]]}, "properties": {"Shape_Leng": 7587.10638981, "Shape_Area": 1353436.21875, "density": "p", "hectares": 12.5738842123, "acres": 31.0707445481, "year_": 2012.0}}, {"type": "Feature", "geometry": {"type": "Polygon", "coordinates": [[[-70.8701454131314, 43.08961835657645], [-70.87013307031368, 43.089608267194514], [-70.87013318855489, 43.089608430946335], [-70.87013054269121, 43.08960627645172], [-70.87012165568399, 43.08958256561774], [-70.87011938241456, 43.089559999916034], [-70.87012372287549, 43.08953857934692], [-70.87012842850064, 43.089529828353776], [-70.87013634491724, 43.089520675735855], [-70.87017631815526, 43.08948794425877], [-70.87018999641312, 43.08947316884399], [-70.87020364678797, 43.08944585312144], [-70.87021842994847, 43.089392724226606], [-70.87022594179112, 43.08937251753678], [-70.87025075548793, 43.089325459809736], [-70.87028306987207, 43.08927611386661], [-70.87032348025458, 43.08922346306384], [-70.87037559097827, 43.08916279493896], [-70.87040728935656, 43.08913434546057], [-70.87048522533222, 43.089080572174176], [-70.87051449454763, 43.089056936916215], [-70.87052748773598, 43.08904326568905], [-70.87053700563196, 43.0890298421292], [-70.87054324096364, 43.089016389429354], [-70.87054625704869, 43.08900276040448], [-70.87054516970598, 43.08896704173702], [-70.8705507787569, 43.08893840890095], [-70.87056473163918, 43.08891094761108], [-70.87058717107797, 43.08888435280336], [-70.87061855991632, 43.08885806869393], [-70.87065040527091, 43.08883693215955], [-70.87068990504638, 43.088814530128715], [-70.87082817581093, 43.088746156233555], [-70.87087474362644, 43.08872157270202], [-70.87091421204038, 43.08869769141396], [-70.87094584926697, 43.088674591902915], [-70.8710319953261, 43.08860291986023], [-70.87110580301982, 43.088538643190965], [-70.8711716014174, 43.088477989743325], [-70.87123064882104, 43.08841977286705], [-70.87132244668416, 43.08832737322201], [-70.87136891299768, 43.088276991125234], [-70.87140843456667, 43.08822722506186], [-70.87143790571064, 43.08818051719117], [-70.87149349430909, 43.08809246917307], [-70.8715124606647, 43.08805441352424], [-70.87151685805654, 43.08803756519942], [-70.87151641065535, 43.088024300047564], [-70.87151110838424, 43.08801444786856], [-70.87150091272709, 43.08800794808344], [-70.87148733404572, 43.08800453753828], [-70.87146812266069, 43.088002577611476], [-70.87140322507574, 43.08800239934824], [-70.87135201611493, 43.08800624628364], [-70.87130355524604, 43.088016588941564], [-70.87130102806972, 43.088017128574215], [-70.87124974380033, 43.08803514614382], [-70.8711971763135, 43.08806064229256], [-70.87115587728498, 43.08808518337368], [-70.87111147900411, 43.08811527127611], [-70.87094060073295, 43.08824627507941], [-70.87086609314716, 43.08829708220012], [-70.87075975525096, 43.08836085880991], [-70.87070343789534, 43.08839980582749], [-70.87067302819571, 43.08842808072403], [-70.87061104757588, 43.08849917978434], [-70.87060608696255, 43.08850487118525], [-70.87060104844078, 43.088509181200095], [-70.87058541992218, 43.088522552353226], [-70.87058413203495, 43.08852365418948], [-70.87056136345473, 43.088537930734], [-70.87055427990964, 43.08854063683835], [-70.87055188417102, 43.088541551834965], [-70.87053228995273, 43.08854903625555], [-70.87045764698412, 43.088567952234804], [-70.87045652319972, 43.08856823696699], [-70.87043944636312, 43.08857508537255], [-70.87042620817047, 43.088583025374504], [-70.87040794749214, 43.088602284130125], [-70.87038253272728, 43.08864599902542], [-70.87037011742451, 43.08866256376865], [-70.87033510781909, 43.0886948275732], [-70.87029626053157, 43.08872212998724], [-70.87028995414113, 43.08872656168743], [-70.8702420311647, 43.08875381802223], [-70.87023408772002, 43.08875833554251], [-70.87019420977904, 43.08877778046237], [-70.87015959465145, 43.08879465964218], [-70.8701494661415, 43.088799091734415], [-70.87013328893377, 43.08880617049563], [-70.87010787006933, 43.088817293247], [-70.87007519350585, 43.08882986603336], [-70.87006782822627, 43.08883269976902], [-70.87005512691262, 43.08883758652554], [-70.8700019539625, 43.088855313134886], [-70.8699487989633, 43.08887032586545], [-70.8698961696958, 43.08888248872833], [-70.86984424957038, 43.08889177059573], [-70.86979329713135, 43.088898123760416], [-70.86974351042095, 43.08890152529865], [-70.86971146014436, 43.08890339135225], [-70.86969477564342, 43.08890232188074], [-70.86968057899354, 43.088897971552484], [-70.86966633102207, 43.08888981229284], [-70.86962502371581, 43.08885343000705], [-70.86958900147317, 43.08881836184614], [-70.86955652795471, 43.088775207062575], [-70.86952837884341, 43.08872694248736], [-70.86948182635606, 43.088634199767256], [-70.8694467452743, 43.08856531194572], [-70.86942436061557, 43.08851559234004], [-70.86940796316864, 43.08847014699183], [-70.86939754692426, 43.08842830164286], [-70.86939006121673, 43.08838086151962], [-70.86938688533846, 43.08834060498749], [-70.86938776720412, 43.088304241109746], [-70.8693927653876, 43.08827113568241], [-70.86940844403671, 43.08821641623917], [-70.86941790476375, 43.08819547784527], [-70.86942892818583, 43.08817762798154], [-70.86944734004705, 43.088158468551555], [-70.86947670130725, 43.08814184283437], [-70.86950549684978, 43.088125179862665], [-70.86959495011466, 43.08808456761727], [-70.86962047035011, 43.08807328275555], [-70.86963790367533, 43.088061196229006], [-70.86963988533078, 43.08805982198664], [-70.86964420389351, 43.08805600748751], [-70.86966468108095, 43.08803791649373], [-70.86970698244492, 43.087987735601914], [-70.8697345304276, 43.0879653586753], [-70.86975583389031, 43.08795410562632], [-70.86978219634827, 43.08794406881308], [-70.86988144841212, 43.08791712058256], [-70.86991757533717, 43.08790485722395], [-70.86995775732521, 43.087887122115696], [-70.8699983168284, 43.08786593751169], [-70.87003908551578, 43.08784235092489], [-70.87006217970747, 43.08782748354443], [-70.87008080290344, 43.08781473821525], [-70.8700937647418, 43.08780508422581], [-70.87012978913164, 43.08777892613124], [-70.87015459309177, 43.087759776874925], [-70.87020623329713, 43.08771912957385], [-70.87032862498944, 43.08761971717748], [-70.87036510874351, 43.08759041164781], [-70.87040361827357, 43.087556320554704], [-70.87054139361832, 43.08742216621543], [-70.87060126419605, 43.087368349056774], [-70.87063564011034, 43.08734094431392], [-70.87066941399478, 43.087316874963044], [-70.87070325517405, 43.08729566857616], [-70.87073752270948, 43.087277101710896], [-70.87076739177306, 43.087263501925655], [-70.87080247849659, 43.08725005364248], [-70.87089220978898, 43.08722043505168], [-70.87095632783324, 43.08719927081088], [-70.87097784846114, 43.08719055839143], [-70.87099243472666, 43.08718546949955], [-70.87101452390142, 43.087173726590045], [-70.87101713776676, 43.087172464738586], [-70.87102086672832, 43.087170353689025], [-70.87106092327363, 43.087149058988906], [-70.87106968209892, 43.08714272605689], [-70.87107151935145, 43.087141686544804], [-70.87112191213174, 43.08710917929282], [-70.87116761139376, 43.0870753989702], [-70.871193721181, 43.08705304679578], [-70.87120815954823, 43.08704068626243], [-70.87122435174722, 43.08702215292518], [-70.87126481091856, 43.08696441350644], [-70.87127882350097, 43.08695211571595], [-70.87128181365883, 43.0869509104835], [-70.87129305328638, 43.08694638069377], [-70.87130778949187, 43.0869468773912], [-70.87132513855539, 43.08695330809375], [-70.87134307578644, 43.08696382960437], [-70.8713981754639, 43.08700111908143], [-70.87141576491518, 43.08701014029867], [-70.87143168489452, 43.087015587081], [-70.87145092249824, 43.08701900905464], [-70.87147307350924, 43.08702051322838], [-70.87156729808831, 43.08701727839145], [-70.87160734518741, 43.08701986105607], [-70.87164451632906, 43.08702649964608], [-70.87167813046156, 43.08703430172202], [-70.87170833083484, 43.0870433015881], [-70.87173514190505, 43.087053507518405], [-70.8717600301927, 43.087066810135305], [-70.87181058190583, 43.08710233231295], [-70.87183456873588, 43.08711620745413], [-70.87187124112593, 43.087130176102804], [-70.87197172818182, 43.0871557256127], [-70.87201175304547, 43.08717048713493], [-70.87203049996278, 43.087181091574124], [-70.87204686781337, 43.087193227763265], [-70.87206089796639, 43.08720692569582], [-70.87207263531192, 43.08722222799186], [-70.87208210531217, 43.08723916003338], [-70.87208937178397, 43.087257820381346], [-70.87209447153857, 43.087278306509], [-70.87209744679423, 43.08730077263697], [-70.8720978649454, 43.08734110897127], [-70.87209298069254, 43.08738879789274], [-70.87205928473686, 43.087561079403955], [-70.87205004530968, 43.087627111226084], [-70.87204829162698, 43.08765968930808], [-70.87204908868014, 43.08768933348116], [-70.87205244738249, 43.08771652990696], [-70.87205840393972, 43.08774151827902], [-70.87206256792676, 43.08776133449106], [-70.87206799533095, 43.087809016698884], [-70.87207289145937, 43.0878289163082], [-70.87208397534484, 43.087848889490125], [-70.87209173390416, 43.087856375077884], [-70.87210109171592, 43.087862326196834], [-70.8721405148967, 43.087875976299124], [-70.87215721179189, 43.08788747114221], [-70.87216940018827, 43.087904376141104], [-70.87217728611378, 43.08792528937976], [-70.8721928941994, 43.08798824505158], [-70.87220156447077, 43.088005108517486], [-70.87221309706854, 43.08801773680349], [-70.87224591194676, 43.08803905895254], [-70.87228905277952, 43.088057947634105], [-70.87234157600683, 43.08807395340843], [-70.87240046624068, 43.08808614437142], [-70.87243534016348, 43.08808812913932], [-70.87252342402535, 43.08808405785511], [-70.87254286131811, 43.088086028174104], [-70.87255663701535, 43.08809073619027], [-70.87256762914892, 43.08809966913757], [-70.87257538351068, 43.08811262042879], [-70.87257765604309, 43.08812123901911], [-70.87257982789336, 43.088129475243264], [-70.87258089068573, 43.08814997743927], [-70.87257843165166, 43.08817442939725], [-70.87257246503668, 43.08820134775369], [-70.87256329196339, 43.088229288942394], [-70.87255189627025, 43.08825520465057], [-70.87253585726202, 43.088277666628734], [-70.87248530548273, 43.08832626553557], [-70.87246700262382, 43.08834951023269], [-70.87245869265185, 43.08837186111421], [-70.87245681342733, 43.08838346732335], [-70.87245017480681, 43.088424463095286], [-70.87244894957014, 43.0884320303292], [-70.87244184960707, 43.088446565425706], [-70.87243127994495, 43.08845730657324], [-70.87241423863557, 43.088467603129374], [-70.87239408218547, 43.08847603633488], [-70.8723708118, 43.088482607996795], [-70.87235298056254, 43.08848579140531], [-70.87234442625224, 43.088487318104676], [-70.87233841102423, 43.08849109122261], [-70.87216420712491, 43.08860033942324], [-70.87163449439835, 43.08895473809443], [-70.87093159317143, 43.08935696261209], [-70.87049899739503, 43.08966899378783], [-70.87021307749283, 43.089673668832596], [-70.87015520741323, 43.08962636325303], [-70.8701454131314, 43.08961835657645]]]}, "properties": {"Shape_Leng": 3877.3559053, "Shape_Area": 407029.754579, "density": "h", "hectares": 3.78144528285, "acres": 9.34415479116, "year_": 2012.0}}, {"type": "Feature", "geometry": {"type": "Polygon", "coordinates": [[[-70.86070254830068, 43.08681742219601], [-70.86078706851549, 43.08671440376397], [-70.86092479755006, 43.08676710399803], [-70.86098921089729, 43.08687196879134], [-70.86095601296151, 43.086949556493515], [-70.86088422513495, 43.08703063151342], [-70.86071152266055, 43.087226183704665], [-70.86049433397788, 43.087541804977974], [-70.86030333009651, 43.087713791957235], [-70.86002516928929, 43.087920825841984], [-70.85998534046564, 43.08815260242017], [-70.86006806944748, 43.0890696741453], [-70.86007737129127, 43.089352270714805], [-70.8599006237309, 43.08933924883009], [-70.85964561310693, 43.08918668663945], [-70.85938202357933, 43.08907836196343], [-70.85932912308618, 43.089056113084276], [-70.85932920438887, 43.08904739832154], [-70.85933219788878, 43.08872999647633], [-70.85935900409845, 43.088610301559754], [-70.85939785397312, 43.08848656257244], [-70.85939102112638, 43.0884673373853], [-70.85937079025825, 43.08841041714241], [-70.8593014124011, 43.08820009254014], [-70.85951782979319, 43.088034209560995], [-70.85964196755867, 43.08787940625688], [-70.85979197261504, 43.087734019045534], [-70.85996179904365, 43.08756376495801], [-70.8601334922325, 43.08747234978886], [-70.86029847725473, 43.08728502465948], [-70.8603903599262, 43.0870988882221], [-70.86062115287862, 43.08689519331045], [-70.86070254830068, 43.08681742219601]]]}, "properties": {"Shape_Leng": 2299.84959854, "Shape_Area": 130228.134233, "density": "sb", "hectares": 1.20986379583, "acres": 2.98963854792, "year_": 2012.0}}, {"type": "Feature", "geometry": {"type": "Polygon", "coordinates": [[[-70.85914727947413, 43.08829285548595], [-70.8593014124011, 43.08820009254014], [-70.85937079025825, 43.08841041714241], [-70.85939102112638, 43.0884673373853], [-70.85935900409845, 43.088610301559754], [-70.85933219788878, 43.08872999647633], [-70.85932920438887, 43.08904739832154], [-70.8591572186505, 43.08894544260128], [-70.85894100729722, 43.08893185718505], [-70.85883996602293, 43.088873910019075], [-70.85864627226131, 43.08872028869231], [-70.85865586578207, 43.088602735394105], [-70.85866545201027, 43.088485266656164], [-70.85885931445898, 43.08844637939504], [-70.85900277239043, 43.088331599223466], [-70.85914727947413, 43.08829285548595]]]}, "properties": {"Shape_Leng": 831.227717675, "Shape_Area": 37680.3972983, "density": "h", "hectares": 0.350063745996, "acres": 0.865026354921, "year_": 2012.0}}, {"type": "Feature", "geometry": {"type": "Polygon", "coordinates": [[[-70.85801816288223, 43.08857916884723], [-70.85816184964133, 43.08849344847634], [-70.85842817055469, 43.08850680601037], [-70.85866545201027, 43.088485266656164], [-70.85865586578207, 43.088602735394105], [-70.85864627226131, 43.08872028869231], [-70.85883996602293, 43.088873910019075], [-70.85884399058754, 43.088877101588864], [-70.85861307555076, 43.088903051137684], [-70.85854701416055, 43.0888683875857], [-70.85838059928822, 43.08874005488193], [-70.85820046099867, 43.088695331635385], [-70.85803656786385, 43.088650343939236], [-70.85801816288223, 43.08857916884723]]]}, "properties": {"Shape_Leng": 620.929095361, "Shape_Area": 16985.3300901, "density": "p", "hectares": 0.157799511275, "acres": 0.389931084289, "year_": 2012.0}}, {"type": "Feature", "geometry": {"type": "Polygon", "coordinates": [[[-70.86810064899261, 43.08530860078944], [-70.8680052670319, 43.085341556061415], [-70.8679646673181, 43.085328290588656], [-70.86793115205286, 43.08531241998232], [-70.86790472243942, 43.08529394605737], [-70.86788537725838, 43.085272867909985], [-70.86787671674865, 43.0852546170332], [-70.86787336727606, 43.08523168189436], [-70.8678746183277, 43.08520628722896], [-70.86788180113903, 43.08515518401064], [-70.86789076284846, 43.085114997740334], [-70.86790952105119, 43.08507169958924], [-70.86793491228715, 43.08502886900903], [-70.86801179005782, 43.08491413478263], [-70.86803078107614, 43.0848788064465], [-70.86804376296475, 43.08484640939502], [-70.86805210860231, 43.08481241730822], [-70.86806603616182, 43.08472537187054], [-70.86807280292736, 43.08470155226689], [-70.86808157019375, 43.084680952091865], [-70.86809534824773, 43.084657598191036], [-70.86811285068923, 43.08463408754705], [-70.86813419380921, 43.084610259841185], [-70.86815963807464, 43.08458582253665], [-70.86822091210142, 43.08453613101929], [-70.86832132003393, 43.084465100572785], [-70.86842183815567, 43.08439757782728], [-70.86850506060475, 43.08434908704871], [-70.86854487282083, 43.0843292254681], [-70.86858355986578, 43.08431231305023], [-70.86862141195697, 43.084298225797944], [-70.86865859322756, 43.08428690274573], [-70.86874587300929, 43.0842643331757], [-70.86881641552081, 43.08424882831393], [-70.86887938392522, 43.08423837360775], [-70.86893470810845, 43.0842330738996], [-70.86898354495831, 43.08423292826361], [-70.86902505280997, 43.08423806496502], [-70.86905929049833, 43.08424849342345], [-70.86907368608686, 43.08425569332265], [-70.86908626657753, 43.08426421730568], [-70.8691178476703, 43.08429189499093], [-70.86914040395564, 43.08431764823851], [-70.86915226070747, 43.084339552542744], [-70.86915415752533, 43.08434896972952], [-70.86915335294002, 43.0843573149022], [-70.8691457623475, 43.084370739188365], [-70.86913002561931, 43.08438531471243], [-70.86910656509073, 43.08440095619899], [-70.8690696316771, 43.084421478954454], [-70.86904329154876, 43.08443283720086], [-70.86897951279353, 43.08445225553746], [-70.86895308223873, 43.084462630158406], [-70.8689217538271, 43.084479929761315], [-70.8688897806379, 43.08450224595016], [-70.86879610437302, 43.08458293753685], [-70.86870467528162, 43.084659749725745], [-70.86865272972821, 43.084707487499486], [-70.86860989102611, 43.08475395112586], [-70.86857776358742, 43.08479844067915], [-70.86857100946882, 43.08481259718869], [-70.86855586206832, 43.08485696391989], [-70.86854779668914, 43.084868916693445], [-70.86853733356718, 43.084877595965516], [-70.86849499564514, 43.08489398601203], [-70.86848366684453, 43.08490350539073], [-70.86847529739529, 43.084916742365934], [-70.8684612137701, 43.08496571811911], [-70.86845480376996, 43.084980986918346], [-70.86842589085666, 43.085028062504314], [-70.8683925904818, 43.08507338907069], [-70.86835490266202, 43.08511696481353], [-70.86831282736793, 43.085158791528634], [-70.868266364606, 43.08519886831107], [-70.86821551314372, 43.08523719514693], [-70.86816027542169, 43.08527377294757], [-70.86810064899261, 43.08530860078944]]]}, "properties": {"Shape_Leng": 1128.0230856, "Shape_Area": 54230.7345642, "density": "sb", "hectares": 0.503822025531, "acres": 1.2449713381, "year_": 2012.0}}, {"type": "Feature", "geometry": {"type": "Polygon", "coordinates": [[[-70.86448342431204, 43.081608555045875], [-70.86453180922013, 43.08165220992097], [-70.86458436757768, 43.08169102506374], [-70.86464110308765, 43.08172499869423], [-70.86470201326443, 43.08175413258914], [-70.86473625126501, 43.081764375112414], [-70.86472526797579, 43.08186904794606], [-70.86457164559543, 43.08216221458782], [-70.86445079184726, 43.08231697172717], [-70.86441637306261, 43.082348892236965], [-70.86438901013832, 43.08237934453628], [-70.86437476832823, 43.08239902029524], [-70.86436111958142, 43.08242199569551], [-70.86430959492935, 43.08252535443757], [-70.8642939142876, 43.08254922564357], [-70.86427698298492, 43.08256955855117], [-70.86423881487487, 43.082607112019716], [-70.86419974336553, 43.08263982888271], [-70.86416007883477, 43.082667452070034], [-70.86411999972557, 43.08268985951073], [-70.86399973643346, 43.082810039762755], [-70.86386603281748, 43.08290275263696], [-70.86379557163814, 43.082937255592], [-70.8637571635502, 43.082956940843616], [-70.86370746499168, 43.082962587180475], [-70.86369796490956, 43.08293407997193], [-70.86371485699527, 43.08284803611809], [-70.863799066421, 43.0827802301479], [-70.8638149026773, 43.08271944635258], [-70.863833213664, 43.08255632455222], [-70.86383048151843, 43.082501569368986], [-70.86383463861097, 43.08244334559557], [-70.86384560038877, 43.08237900436783], [-70.8638632752445, 43.082307847417034], [-70.86389141686911, 43.08221476488646], [-70.86390877827115, 43.082166572405185], [-70.86393084512035, 43.08211718781255], [-70.8639576603642, 43.082066518690596], [-70.86398929959238, 43.08201441793995], [-70.86402572818507, 43.08196090241678], [-70.86406728083465, 43.08190544967075], [-70.86411427755964, 43.08184762626324], [-70.86416755961386, 43.081786392101414], [-70.86422384454973, 43.08171270455606], [-70.86424528795897, 43.08168828596224], [-70.86427290317455, 43.08166548952218], [-70.8642874240398, 43.08165716674639], [-70.86430265808791, 43.08165074920701], [-70.864324495741, 43.081644108820086], [-70.86434775119278, 43.081639018543406], [-70.86439851182621, 43.081633487391365], [-70.86448342431204, 43.081608555045875]]]}, "properties": {"Shape_Leng": 1194.56456178, "Shape_Area": 61531.4618913, "density": "sb", "hectares": 0.571648273126, "acres": 1.41257364596, "year_": 2012.0}}, {"type": "Feature", "geometry": {"type": "Polygon", "coordinates": [[[-70.86315851525958, 43.08195896871275], [-70.86311355352345, 43.08198955277662], [-70.8630669319716, 43.082015961027004], [-70.86301865058797, 43.0820381952621], [-70.86296870816456, 43.08205625457122], [-70.86292728859857, 43.08206687359052], [-70.86288194699539, 43.0820738959118], [-70.86283240402075, 43.08207736547629], [-70.86277810281696, 43.0820773251749], [-70.8627218344497, 43.082074079060426], [-70.8626587544507, 43.08206761469569], [-70.86247563725411, 43.08204073458599], [-70.86235052014321, 43.08202216257751], [-70.86227747772617, 43.08200786049827], [-70.86221414893679, 43.08198963445168], [-70.86218713058958, 43.08197904045982], [-70.86216286169312, 43.08196733159035], [-70.8621449954768, 43.08195583696123], [-70.86212727566802, 43.081940474471764], [-70.86207565052796, 43.08188215650113], [-70.86205545383334, 43.08186247472074], [-70.86203284033849, 43.081846548512516], [-70.86200897239478, 43.081836394305164], [-70.86198367579094, 43.08183106030403], [-70.86191216657197, 43.08182227145015], [-70.86187063687044, 43.08181034300921], [-70.8618275609263, 43.08179092154913], [-70.86178880673405, 43.081768478929376], [-70.86170136537557, 43.08171220246603], [-70.86165772777997, 43.08168850933296], [-70.86161613128539, 43.081672126338646], [-70.8615753717862, 43.0816629126902], [-70.86152009059461, 43.08166093225403], [-70.86150021056571, 43.081656286173114], [-70.86148699455414, 43.08164568021314], [-70.86147547868671, 43.0816278129231], [-70.86146712113629, 43.08160433465526], [-70.86146596237901, 43.08158619818191], [-70.86146849544845, 43.08158266307511], [-70.86147356839717, 43.08158098036614], [-70.86149176122562, 43.08158308333034], [-70.86160225728185, 43.08162051618143], [-70.8616283248995, 43.08162726264106], [-70.86164934581997, 43.08163031084074], [-70.86171224819437, 43.08163426036589], [-70.8617310903954, 43.08163272671338], [-70.86174567513184, 43.081628743480344], [-70.86175347022565, 43.08162418409267], [-70.86176041434122, 43.08161727560251], [-70.86178321303169, 43.08157880020543], [-70.86179729119768, 43.081565106978616], [-70.8618112184869, 43.0815583421196], [-70.86182897402693, 43.081552667273584], [-70.86189290799066, 43.081540002502784], [-70.8619520104187, 43.08152999699751], [-70.86201891985031, 43.08152361999391], [-70.86209229589043, 43.08152054339721], [-70.86221353304843, 43.08151908505908], [-70.86228551995438, 43.081520436360975], [-70.86244539243967, 43.081529295140555], [-70.86251370137985, 43.08152989672131], [-70.8626621845835, 43.081526870462746], [-70.86274797615485, 43.08152134222756], [-70.86278782874031, 43.08151642737889], [-70.86282403752803, 43.08151002596011], [-70.86285713057741, 43.08150204356654], [-70.86288736663312, 43.08149241450638], [-70.86292077662793, 43.08147906756726], [-70.86295412377905, 43.081463293345834], [-70.86298701390517, 43.08144527810724], [-70.8630190017283, 43.08142526536845], [-70.86304966511388, 43.08140351321203], [-70.86307848353489, 43.08138038524886], [-70.86310499901934, 43.08135625093051], [-70.86312878657414, 43.08133149344285], [-70.8631422188388, 43.081313353224736], [-70.86317054443627, 43.08126534675744], [-70.86318013732402, 43.08125344918958], [-70.8631903901526, 43.08124414511472], [-70.86321119415157, 43.08123127397602], [-70.86323789262822, 43.08121972244669], [-70.86326962588251, 43.08120987245576], [-70.86330482296421, 43.08120221705965], [-70.86334193008818, 43.081197157620544], [-70.86337774045482, 43.08119519641851], [-70.8634095702206, 43.081196473943464], [-70.86343537703208, 43.081200907450494], [-70.86344759090139, 43.08120589725542], [-70.8634579360227, 43.081213871474574], [-70.86346654746087, 43.08122492557331], [-70.86347362453019, 43.08123931299577], [-70.86348230692147, 43.08127012970292], [-70.8634974603209, 43.081355149951484], [-70.8635037692139, 43.08137635789286], [-70.86351145811133, 43.08139382905406], [-70.86352082067467, 43.08140820911034], [-70.86353199204406, 43.08141968174226], [-70.86354510434569, 43.08142837929995], [-70.8635602489438, 43.08143435823391], [-70.86359259669793, 43.08144168121686], [-70.8636078916244, 43.0814490321431], [-70.86361921289904, 43.08145974788379], [-70.8636266418989, 43.081473897423365], [-70.86363027690207, 43.081491665985], [-70.86363042926385, 43.081510087926794], [-70.86362783922992, 43.08153209756392], [-70.86360877063593, 43.08162195543037], [-70.86360078715195, 43.081670376613786], [-70.86359048995186, 43.081709590025895], [-70.86357690240318, 43.081743288469184], [-70.8635597733813, 43.08177189415539], [-70.86354324300358, 43.08179255652893], [-70.86352431779288, 43.081812195712835], [-70.86350299648468, 43.081830814397534], [-70.86347927908967, 43.08184841168158], [-70.86345316561876, 43.08186498666342], [-70.86342465728754, 43.08188054025011], [-70.86336045235915, 43.081908583204964], [-70.86315851525958, 43.08195896871275]]]}, "properties": {"Shape_Leng": 1489.58190564, "Shape_Area": 93571.6591925, "density": "h", "hectares": 0.86931263693, "acres": 2.14811830763, "year_": 2012.0}}, {"type": "Feature", "geometry": {"type": "Polygon", "coordinates": [[[-70.86257567459144, 43.08282537951677], [-70.86294658205954, 43.08273952116633], [-70.86317207026165, 43.082759396851614], [-70.86342259598342, 43.082900833483606], [-70.86342707199276, 43.08290292266813], [-70.86347643194706, 43.082924979191475], [-70.86349664964669, 43.08293681597396], [-70.86351444197402, 43.082949495382316], [-70.86353013591956, 43.0829632744579], [-70.863543767557, 43.082978211965106], [-70.86355544829335, 43.08299442840783], [-70.86356524802041, 43.083012025995174], [-70.8635738009718, 43.0830373553046], [-70.8635772903609, 43.08306778088661], [-70.86357598354562, 43.083103329822485], [-70.86356952887706, 43.08315324698412], [-70.86356392439497, 43.08318226480403], [-70.8635555135468, 43.08321195785066], [-70.86353037654983, 43.083273037290674], [-70.86349442524603, 43.083335704315196], [-70.8634484602369, 43.08339855398352], [-70.86339982498184, 43.08345400267918], [-70.86337733893195, 43.083475622391944], [-70.86335498134146, 43.08349427067496], [-70.86333057248744, 43.08350993942723], [-70.86329939190563, 43.083524394925966], [-70.86318898852853, 43.083561470582204], [-70.8631531746825, 43.08357552534262], [-70.86312383924567, 43.083591058638476], [-70.86310142264512, 43.08360829320654], [-70.86308927758726, 43.08362215139083], [-70.86306457808567, 43.08365722818577], [-70.86305379154744, 43.08366796425143], [-70.86304980740117, 43.08367193027962], [-70.86304682111604, 43.08367359080555], [-70.86303236096653, 43.08368163479728], [-70.86301513941532, 43.083689167006256], [-70.86280225407857, 43.08378227935936], [-70.86276766053842, 43.083800668737744], [-70.86275769686156, 43.08380463325479], [-70.8627333228244, 43.08381433136485], [-70.86269958440812, 43.08382611505841], [-70.8626268901387, 43.083851505484894], [-70.86248226127303, 43.08390982227226], [-70.86244881310786, 43.08392147200731], [-70.86243083803663, 43.0839277332078], [-70.8623833198022, 43.08394181618385], [-70.86236185685779, 43.08394705278119], [-70.86233264207252, 43.08395418013111], [-70.86227743496033, 43.08396533840833], [-70.86225850074734, 43.08396821904148], [-70.86214902506674, 43.08398487739242], [-70.862141957788, 43.083985601841505], [-70.86204493428382, 43.083995545134854], [-70.86200965008469, 43.083997430403], [-70.86194030818537, 43.08400113391864], [-70.86183514431777, 43.08400164552539], [-70.86179037035632, 43.08399971121491], [-70.86172944641454, 43.08399707817962], [-70.86166766126847, 43.08399146852705], [-70.86162321080631, 43.0839874327542], [-70.86151643997559, 43.08397270926507], [-70.86145850392498, 43.08396201817741], [-70.86140913272122, 43.08395290770231], [-70.86130129029821, 43.0839280280732], [-70.86128512141009, 43.08374775274677], [-70.86129581647151, 43.08367033958693], [-70.8613046293188, 43.08363273443633], [-70.86131575482388, 43.083595863888576], [-70.86132919176688, 43.08355972703422], [-70.86134493890445, 43.08352432476391], [-70.86136299746116, 43.083489657085295], [-70.86138336744558, 43.08345572309717], [-70.8614037721296, 43.083416325380725], [-70.86143771487419, 43.08332921545087], [-70.86145371054874, 43.08329376810468], [-70.86147342877304, 43.083260924107094], [-70.86149533501842, 43.08323589178413], [-70.86152945368633, 43.08320613043145], [-70.8615679678416, 43.083175786085214], [-70.8616588499405, 43.083112839997376], [-70.86176873515473, 43.08304631254713], [-70.86191250523498, 43.082967185221754], [-70.86194896984787, 43.08295097504143], [-70.86199210799354, 43.08293793533225], [-70.86203611478415, 43.08292861667377], [-70.86215132739702, 43.08290876358658], [-70.86218384919523, 43.08290123645572], [-70.8622123171998, 43.08289276715491], [-70.86257567459144, 43.08282537951677]]]}, "properties": {"Shape_Leng": 1698.33599628, "Shape_Area": 194616.256188, "density": "h", "hectares": 1.80805141553, "acres": 4.46779234746, "year_": 2012.0}}, {"type": "Feature", "geometry": {"type": "Polygon", "coordinates": [[[-70.86126928849161, 43.084066893681744], [-70.86130129029821, 43.0839280280732], [-70.86140913272122, 43.08395290770231], [-70.86145850392498, 43.08396201817741], [-70.86151643997559, 43.08397270926507], [-70.86162321080631, 43.0839874327542], [-70.86166766126847, 43.08399146852705], [-70.86172944641454, 43.08399707817962], [-70.86179037035632, 43.08399971121491], [-70.86183514431777, 43.08400164552539], [-70.86194030818537, 43.08400113391864], [-70.86200965008469, 43.083997430403], [-70.86204493428382, 43.083995545134854], [-70.862141957788, 43.083985601841505], [-70.86214902506674, 43.08398487739242], [-70.86225850074734, 43.08396821904148], [-70.86227743496033, 43.08396533840833], [-70.86233264207252, 43.08395418013111], [-70.86236185685779, 43.08394705278119], [-70.8623833198022, 43.08394181618385], [-70.86243083803663, 43.0839277332078], [-70.86244881310786, 43.08392147200731], [-70.86248226127303, 43.08390982227226], [-70.8626268901387, 43.083851505484894], [-70.86269958440812, 43.08382611505841], [-70.8627333228244, 43.08381433136485], [-70.86275769686156, 43.08380463325479], [-70.86276766053842, 43.083800668737744], [-70.86280225407857, 43.08378227935936], [-70.86301513941532, 43.083689167006256], [-70.86303236096653, 43.08368163479728], [-70.86304682111604, 43.08367359080555], [-70.86298078554627, 43.08372690256179], [-70.8628969850403, 43.08380149259078], [-70.86281929110461, 43.08387809140343], [-70.86274770253793, 43.08395669810354], [-70.8626822218123, 43.08403731271985], [-70.86262284647736, 43.0841199361458], [-70.8625695777796, 43.08420456839946], [-70.86252241575053, 43.08429120858946], [-70.86249718507068, 43.08434825801755], [-70.86244844216273, 43.08448391154832], [-70.8624229859789, 43.08454401181376], [-70.86238116391841, 43.084619711126585], [-70.86225796071759, 43.08480558947385], [-70.86223054746495, 43.08485126528362], [-70.86220866466407, 43.08489287884056], [-70.86218403996565, 43.084949752421416], [-70.86216205134477, 43.08501342993079], [-70.8621418716032, 43.085085652763404], [-70.86208832465954, 43.08530206164423], [-70.86206673082461, 43.08536971340983], [-70.86204286185546, 43.08542934315593], [-70.86202626998728, 43.08546200038598], [-70.8619729436049, 43.0855547324679], [-70.86195998572043, 43.08558428898948], [-70.86195199246339, 43.08561136087722], [-70.86194982693831, 43.08563259120701], [-70.86195093433007, 43.08568647172538], [-70.86194873622321, 43.08570099653955], [-70.86194437939113, 43.08571352762239], [-70.86193289191895, 43.08573320263088], [-70.86191664332178, 43.085753417555885], [-70.86189599084908, 43.08577371312615], [-70.86187182788287, 43.08579320356482], [-70.86185576621779, 43.0858029833496], [-70.86183503838511, 43.08581205339312], [-70.86174205681776, 43.08584248637141], [-70.86172572800153, 43.08585024970229], [-70.86171316821147, 43.085858581440036], [-70.86170177638554, 43.08586991262167], [-70.86169349679888, 43.08588310562128], [-70.86168824047252, 43.085898296637794], [-70.86168591047289, 43.085915760438446], [-70.86168870106987, 43.08595334641358], [-70.86170660101712, 43.08603559655742], [-70.86171140896792, 43.08607059256199], [-70.86170985724443, 43.086105059543165], [-70.861706014669, 43.086119954450886], [-70.8617000782494, 43.0861335275979], [-70.86166939165938, 43.086181123678536], [-70.861660289747, 43.086201775909934], [-70.86165503092944, 43.08622409436672], [-70.86165355695584, 43.086248307280115], [-70.86165583588947, 43.08627488430859], [-70.86131189467639, 43.08662472071869], [-70.86118174564531, 43.086694619264144], [-70.86098530066188, 43.08661867160488], [-70.86098187552342, 43.08650555960162], [-70.86114703523948, 43.08632418629427], [-70.86119288466801, 43.086228141604444], [-70.86133786176018, 43.08615294284218], [-70.86138877787927, 43.08597224855308], [-70.8614041753682, 43.085910706806786], [-70.86141898413733, 43.0858569787976], [-70.86146677881831, 43.085715312305965], [-70.86147671406476, 43.08567294871033], [-70.86148148990262, 43.08563471654647], [-70.86148154125168, 43.085594696727775], [-70.86147687271192, 43.08554991336006], [-70.86144855394525, 43.08540830806943], [-70.86144106046848, 43.08536064231369], [-70.86143356717677, 43.08527330293751], [-70.8614306206428, 43.08517562842028], [-70.86143722619082, 43.084857438871225], [-70.86143654563055, 43.08474362783272], [-70.86142975793537, 43.084634771501285], [-70.86141611057384, 43.08453685064064], [-70.86140374862556, 43.08448181071547], [-70.86138569527786, 43.08442089770298], [-70.86131213437302, 43.08421873168582], [-70.86128752480263, 43.08414279115824], [-70.86126928849161, 43.084066893681744]]]}, "properties": {"Shape_Leng": 2835.46741079, "Shape_Area": 188550.651464, "density": "sb", "hectares": 1.75169987829, "acres": 4.32854466641, "year_": 2012.0}}, {"type": "Feature", "geometry": {"type": "Polygon", "coordinates": [[[-70.86221992372847, 43.08066966433515], [-70.86231625275542, 43.080668096490506], [-70.86237373675654, 43.08066345874504], [-70.8624283777527, 43.080654794377246], [-70.86248017451823, 43.08064210248234], [-70.86252912704452, 43.08062538306413], [-70.86254755464178, 43.08061693403406], [-70.86256695361823, 43.08060566622452], [-70.86264289163152, 43.08055308227058], [-70.86267635635141, 43.080536641934636], [-70.86271737642487, 43.08052409835395], [-70.8627632032613, 43.08051500463482], [-70.86281298605634, 43.08050953302643], [-70.86286551712388, 43.080507819966215], [-70.86291966091558, 43.08050993218768], [-70.86297341268968, 43.08051582410279], [-70.86302497230733, 43.080525298536955], [-70.86307261119407, 43.08053803819986], [-70.86313295179761, 43.08055498076703], [-70.8631604288219, 43.08056492784282], [-70.86318122281187, 43.080577144098314], [-70.86319200986193, 43.080591039997636], [-70.86319527526119, 43.080608886994824], [-70.86319319926791, 43.0806302683224], [-70.86318827120638, 43.08064192319819], [-70.86317899331698, 43.080652652771825], [-70.86316530196312, 43.08066253400917], [-70.86314701111078, 43.08067170692746], [-70.86310335217551, 43.08068649333304], [-70.86300291990918, 43.08071186295916], [-70.86295982922402, 43.08072084456804], [-70.86290870350732, 43.080724478582255], [-70.86285770407609, 43.08072371257834], [-70.86273408725728, 43.080717196567775], [-70.86267394975133, 43.08071815129911], [-70.86264548814927, 43.080721236006774], [-70.86261984176129, 43.08072624702749], [-70.86259658580448, 43.080733269594006], [-70.86257550572701, 43.080742370612235], [-70.86253340665284, 43.080766605038555], [-70.86250631202154, 43.08077849928191], [-70.86247622433453, 43.080788261609094], [-70.86244287717656, 43.08079598106152], [-70.86240571869293, 43.08080178788153], [-70.86232863700185, 43.080807801960056], [-70.8621706863721, 43.0808117577051], [-70.86208569467574, 43.08081798155589], [-70.86206216897178, 43.08081717612588], [-70.86204224736991, 43.080813847680645], [-70.86200734931326, 43.08080344488156], [-70.86198028800925, 43.08079195307768], [-70.86196284639783, 43.080780133745826], [-70.86195519648041, 43.080768168131954], [-70.86195515593732, 43.08075944349604], [-70.86195848712569, 43.080748592088995], [-70.86197517685227, 43.080720745984294], [-70.86199111422157, 43.080703376049655], [-70.8620112385614, 43.08068914560782], [-70.86203555112343, 43.080678052865075], [-70.8620640506695, 43.08067009871021], [-70.86209673720245, 43.08066528314014], [-70.86213361196603, 43.080663605259865], [-70.86217467372592, 43.08066506595681], [-70.86221992372847, 43.08066966433515]]]}, "properties": {"Shape_Leng": 745.046135569, "Shape_Area": 18925.4426346, "density": "sb", "hectares": 0.175823818705, "acres": 0.43447011792, "year_": 2012.0}}, {"type": "Feature", "geometry": {"type": "Polygon", "coordinates": [[[-70.86174610367546, 43.07961401732781], [-70.86161558306969, 43.07959708170224], [-70.86160449379308, 43.079568042831866], [-70.8616003167352, 43.079542487602126], [-70.86160305187505, 43.07952041691385], [-70.86161269922924, 43.07950182896633], [-70.86162221697568, 43.07949426526824], [-70.86163771067191, 43.07948853672995], [-70.86166041464678, 43.079484253261484], [-70.8617368550147, 43.07947485771784], [-70.86175584783479, 43.07946908446477], [-70.86176747588635, 43.07946119083714], [-70.86177306651635, 43.0794509980402], [-70.86177458176154, 43.07943721554341], [-70.8617723623555, 43.079420080685445], [-70.86176094301062, 43.07937000546385], [-70.8617608049907, 43.0793567217288], [-70.86176401475446, 43.079346887551836], [-70.86177514771092, 43.079335068442674], [-70.86179258836056, 43.079326570282404], [-70.8618164851329, 43.079321311297456], [-70.86184724446679, 43.079319199825534], [-70.86191063692195, 43.07932202298652], [-70.86204972272384, 43.07933760975143], [-70.8621018641238, 43.079341388878554], [-70.86225911429428, 43.07934779004403], [-70.86239393091891, 43.07935677430981], [-70.86251636115801, 43.079369019969285], [-70.86262858131909, 43.079384786297325], [-70.86273362135749, 43.07940459960088], [-70.86283074604528, 43.07942843493143], [-70.86292055394313, 43.07945644053895], [-70.86300337404154, 43.07948871956914], [-70.86308249495777, 43.079525550776836], [-70.86311184467917, 43.07953536789103], [-70.86314510736422, 43.07954232295997], [-70.8631825805618, 43.07954648108076], [-70.8632249092049, 43.0795479178901], [-70.86330918723358, 43.07954438595963], [-70.86351096035081, 43.07952633636162], [-70.863560218402, 43.079524870957044], [-70.86360142453748, 43.079526598602186], [-70.86364245865892, 43.079532941047006], [-70.8636757264311, 43.07954411864904], [-70.86368967704814, 43.07955159605708], [-70.86370188920371, 43.07956036109588], [-70.8637212355528, 43.079581856750366], [-70.86374493556194, 43.079617709899736], [-70.86374899103927, 43.07962913438391], [-70.86374895728744, 43.079638584028935], [-70.86374378238042, 43.079648373867165], [-70.86373275968158, 43.07965873298126], [-70.86368542962386, 43.07968726900441], [-70.86365452680677, 43.07970233236846], [-70.86361895354295, 43.079713191605705], [-70.86357840028597, 43.07971994805781], [-70.86353218399012, 43.07972271754697], [-70.86348898182031, 43.07972205515889], [-70.86343941448906, 43.0797187007043], [-70.86327433858212, 43.079699882517524], [-70.86321763469505, 43.07969488907964], [-70.86316405444528, 43.07969002016536], [-70.86310463071068, 43.07968172648947], [-70.86291834949456, 43.079647348135246], [-70.86285553483793, 43.07963702585569], [-70.86279916402272, 43.07963004519606], [-70.86274753021567, 43.07962630505888], [-70.86267631566253, 43.07962428165548], [-70.86260454401322, 43.07962438677272], [-70.86253279613184, 43.07962661819034], [-70.86246165551492, 43.0796309602056], [-70.86242947664577, 43.079634655149256], [-70.86239364812222, 43.079641169838716], [-70.86226413201184, 43.079673027094216], [-70.86221228137966, 43.07968323137298], [-70.86218462839405, 43.07968658719887], [-70.86215903483038, 43.079687872726005], [-70.86213499565369, 43.079687113210085], [-70.86211225190033, 43.07968429782972], [-70.86207526847622, 43.07967442948556], [-70.8619928089098, 43.07964117474615], [-70.86195458929909, 43.079629683682874], [-70.86190441242124, 43.0796206532677], [-70.86185293838417, 43.07961503161555], [-70.86180016962372, 43.07961281964197], [-70.86174610367546, 43.07961401732781]]]}, "properties": {"Shape_Leng": 1286.86728036, "Shape_Area": 46341.8970428, "density": "h", "hectares": 0.430532033591, "acres": 1.06386782394, "year_": 2012.0}}, {"type": "Feature", "geometry": {"type": "Polygon", "coordinates": [[[-70.86404778258041, 43.078828436967214], [-70.86418227100319, 43.07876191767505], [-70.86422756846466, 43.078752338967014], [-70.86426703222892, 43.078748748608746], [-70.86430066106885, 43.07875114749787], [-70.8643284549935, 43.07875953563961], [-70.86434172322171, 43.07876923608128], [-70.86435140597644, 43.07878475432322], [-70.8643573319698, 43.078802842287004], [-70.86436910023507, 43.07885484694607], [-70.86438086644175, 43.078880187939845], [-70.86439697954619, 43.0788978243306], [-70.86444642461284, 43.078939870004675], [-70.8644564144361, 43.078952562986466], [-70.86446143154413, 43.07896464410399], [-70.86446281311484, 43.07898769789355], [-70.86445806429032, 43.079012939303745], [-70.86444825313494, 43.07903502436834], [-70.86443479426617, 43.07905084844884], [-70.86442637229004, 43.07905624797722], [-70.864415681424, 43.079060579310855], [-70.86438707726828, 43.07906618480312], [-70.86435297563584, 43.07906800887706], [-70.86427929714007, 43.079067676800314], [-70.86419386273613, 43.07906953964112], [-70.8641369527729, 43.07906927195543], [-70.86408701095229, 43.07906679821238], [-70.8640455801629, 43.079061983417034], [-70.86401090212804, 43.07905443627802], [-70.86398446160072, 43.079044241929665], [-70.86396615596753, 43.07903135915064], [-70.86395595849454, 43.07901576615348], [-70.86395236569736, 43.07899862440233], [-70.86395242131488, 43.07897743231827], [-70.86395614973594, 43.0789535196091], [-70.86396310540312, 43.07892988068286], [-70.8639761374583, 43.078902641431085], [-70.8639945943413, 43.07887665454647], [-70.86401847605818, 43.078851919126265], [-70.86404778258041, 43.078828436967214]]]}, "properties": {"Shape_Leng": 413.299979976, "Shape_Area": 11978.1139249, "density": "p", "hectares": 0.111280764832, "acres": 0.274980758437, "year_": 2012.0}}, {"type": "Feature", "geometry": {"type": "Polygon", "coordinates": [[[-70.86301403590545, 43.0778905939647], [-70.86304792366137, 43.077885074528254], [-70.86308913339259, 43.07788390476597], [-70.86317976061463, 43.077888044573385], [-70.86321814246585, 43.07788799361138], [-70.86325632254488, 43.077883742871414], [-70.86328758705446, 43.077874486383415], [-70.86333521982452, 43.07785755750867], [-70.86334363321254, 43.077851400064006], [-70.8633451933842, 43.07784495776616], [-70.86334176371696, 43.077838187886734], [-70.86334002997818, 43.07783629708066], [-70.86333501520535, 43.07783082850725], [-70.8633292026271, 43.07783454317098], [-70.86327762500147, 43.07786750051001], [-70.86330271919076, 43.07784347227179], [-70.86331820373063, 43.077832761051155], [-70.86333025081811, 43.077824429125116], [-70.86336021742063, 43.07781037195122], [-70.86339262145971, 43.07780130076547], [-70.86341263910111, 43.07779843024523], [-70.86343470307335, 43.077797209677065], [-70.86348033000243, 43.07779987215732], [-70.86349590467101, 43.077803128435285], [-70.86351239180306, 43.07780882244892], [-70.86357229549945, 43.07783824424862], [-70.86359879184876, 43.07784797460267], [-70.86362719551269, 43.077853546091696], [-70.86370275389717, 43.0778610165484], [-70.86373587745098, 43.07786718373016], [-70.86376722922657, 43.07787672397436], [-70.86379890777287, 43.0778886060197], [-70.86382988909102, 43.07790244461426], [-70.8638591855166, 43.07791779895216], [-70.86386493300265, 43.077921325595874], [-70.86388577891611, 43.077934116394765], [-70.8639091420943, 43.077951051184606], [-70.86392873615178, 43.07796821337441], [-70.86394421389149, 43.07798529627632], [-70.86395789030497, 43.07800754606349], [-70.86396658834498, 43.07803319864], [-70.86397033177647, 43.07806231448437], [-70.86396913840572, 43.078095034146976], [-70.86396320245456, 43.07813068296955], [-70.86395245921348, 43.07817054862687], [-70.86393694422567, 43.07821491761792], [-70.86391389582124, 43.078271687477944], [-70.86388591476133, 43.07833267868659], [-70.86387271378888, 43.078354239434084], [-70.86385845605403, 43.07837265570706], [-70.8638360496264, 43.078391907767546], [-70.86377412437379, 43.078431582638935], [-70.86376188433785, 43.078442367094176], [-70.86375363738435, 43.078452985131314], [-70.86374808456388, 43.078467932039544], [-70.8637475252255, 43.07848603484105], [-70.86375165352942, 43.078507487624954], [-70.86377008652383, 43.07857031943186], [-70.86377130445605, 43.07858829877907], [-70.86376793155698, 43.078602848709714], [-70.86375365930863, 43.078624908716066], [-70.86373054364812, 43.07864589668866], [-70.86369872751176, 43.07866568040137], [-70.86365853651353, 43.07868405599519], [-70.86360964136921, 43.078701037353326], [-70.86355380130664, 43.0787159076816], [-70.86349277135697, 43.07872817789889], [-70.86343073533811, 43.07873699520778], [-70.86339194752874, 43.07874044509679], [-70.86335421589905, 43.078742005749255], [-70.86331827517542, 43.07874164721806], [-70.86328455137208, 43.07873937699661], [-70.86323348465133, 43.078733454570774], [-70.86319519817981, 43.078726541666555], [-70.86316322719573, 43.078717468602754], [-70.86313728570347, 43.078706038041624], [-70.86310203271547, 43.07868246643603], [-70.86308809440249, 43.0786697456079], [-70.86307729658078, 43.078656982920805], [-70.86307048479483, 43.07864215175142], [-70.86306309538848, 43.078606309482986], [-70.86305585597515, 43.078593004682006], [-70.86304771218725, 43.078585664293016], [-70.86303620433432, 43.07857893669153], [-70.86297819636007, 43.07855692274616], [-70.86295688524346, 43.07854458489721], [-70.86294341588516, 43.0785316909135], [-70.86293075141015, 43.07851603008759], [-70.86290599303773, 43.078473939319814], [-70.86289686084245, 43.0784520318833], [-70.86289078823582, 43.07842837982228], [-70.86288775293264, 43.07840290286639], [-70.86288773730723, 43.07837544606447], [-70.86289065853701, 43.07834633289249], [-70.86289653758973, 43.07831461652871], [-70.862918338859, 43.07823787255741], [-70.86293077591547, 43.07821192907423], [-70.86297434058143, 43.078145315327994], [-70.86298156127576, 43.078125754246244], [-70.86298266048891, 43.07810817103122], [-70.86297526972615, 43.07808737942691], [-70.86294089179515, 43.07803879215565], [-70.8629311191705, 43.078016093481885], [-70.86292579772345, 43.07798514279504], [-70.86292524390083, 43.07796278432041], [-70.86292933334336, 43.07794443986874], [-70.86293826615636, 43.07793020716224], [-70.86295492909488, 43.07791728177158], [-70.86298612796803, 43.07790083802393], [-70.86301403590545, 43.0778905939647]]]}, "properties": {"Shape_Leng": 1100.96800369, "Shape_Area": 75381.7205553, "density": "h", "hectares": 0.700321901287, "acres": 1.73053310567, "year_": 2012.0}}, {"type": "Feature", "geometry": {"type": "Polygon", "coordinates": [[[-70.86233611688695, 43.07527258349619], [-70.86235365906934, 43.07520797082851], [-70.86232460528595, 43.0751929679678], [-70.86229432314776, 43.075180347292566], [-70.86227240171813, 43.07517440156342], [-70.86224582422638, 43.07517116588961], [-70.86215504668547, 43.075170849071434], [-70.86212524549869, 43.07516905526714], [-70.86209943012132, 43.07516397508699], [-70.86207906753489, 43.07515526148439], [-70.86206135016708, 43.07514333399984], [-70.86204451144525, 43.07512919559447], [-70.86202997719629, 43.07511404900766], [-70.8620188667317, 43.075099061518145], [-70.86201171971561, 43.07508437374616], [-70.86200750105884, 43.07506782432894], [-70.86200624250829, 43.07504952060912], [-70.86200795515286, 43.075029647197795], [-70.86201269438145, 43.07500819368233], [-70.86202035790444, 43.07498584526567], [-70.86203074374279, 43.074963210836096], [-70.86204334105132, 43.07494141920326], [-70.86205802578748, 43.07492159829605], [-70.86207662746278, 43.07490159429002], [-70.86209844112355, 43.07488216826367], [-70.86212260330392, 43.07486409008301], [-70.86214802937363, 43.07484814066203], [-70.86217402017076, 43.074834732759186], [-70.86219980676272, 43.07482426244027], [-70.86222481763814, 43.07481695882944], [-70.86225041513775, 43.07481249484383], [-70.86227906213642, 43.07481023607913], [-70.86231020181334, 43.07481022722778], [-70.86234300652525, 43.07481247147201], [-70.8623767411017, 43.07481694293942], [-70.86240990363667, 43.074823468144345], [-70.862441179977, 43.07483178850682], [-70.86246930731943, 43.074841568395314], [-70.86249025787568, 43.07485207738114], [-70.86251079347784, 43.07486690061886], [-70.86253117775574, 43.07488587883249], [-70.86258857062295, 43.07494611582622], [-70.8626089387667, 43.07496257526217], [-70.86262933819239, 43.074974764550895], [-70.86265494208025, 43.07498531160323], [-70.86268558246259, 43.074994009098674], [-70.86272064591003, 43.07500100485073], [-70.8628263250596, 43.07501813648633], [-70.86285795371478, 43.07502581829508], [-70.86288465693207, 43.075034933660746], [-70.86290438340988, 43.07504440868916], [-70.86295384097347, 43.075072689859134], [-70.86296914134103, 43.0750792163679], [-70.86298362198696, 43.07508335439163], [-70.86300873631147, 43.0750869279805], [-70.86303726877858, 43.07508780348222], [-70.86306846838674, 43.07508594411473], [-70.86310056195548, 43.07508144994423], [-70.86311913691263, 43.07507662499468], [-70.86313941281922, 43.07506848769178], [-70.86321635215639, 43.075025819302105], [-70.86323173344164, 43.07501882232642], [-70.86324478861289, 43.075014774147135], [-70.86326121098492, 43.075012677751644], [-70.86327593255862, 43.07501397652206], [-70.86328897294572, 43.07501867329726], [-70.8633003602696, 43.075026777276804], [-70.86331010921799, 43.075038292164955], [-70.86331826223515, 43.07505325876733], [-70.86332485055021, 43.075071730412965], [-70.8633299084755, 43.07509380636068], [-70.86333491450921, 43.075137150945565], [-70.86333622635533, 43.0751916369921], [-70.8633263801525, 43.07540131705523], [-70.86332686028726, 43.0754708740546], [-70.86333847874874, 43.075578037851855], [-70.863337346392, 43.07560851024832], [-70.86333184068832, 43.07563518476978], [-70.86332170019261, 43.07566294115235], [-70.86330876275063, 43.07568964361337], [-70.8632935293442, 43.07571425868384], [-70.86327640119548, 43.075736151865904], [-70.86326182431738, 43.0757509273827], [-70.86324446865007, 43.07576532692412], [-70.8632009618664, 43.07579336121755], [-70.86314585853783, 43.07582064524618], [-70.86306547345272, 43.07585394571473], [-70.86303944837572, 43.07586319303357], [-70.8630097505556, 43.075871596306584], [-70.86285978925793, 43.07590288760076], [-70.86282465340018, 43.07591228781168], [-70.86279455740458, 43.075922684788246], [-70.86275704484716, 43.075940870054154], [-70.86267023437695, 43.07599271252326], [-70.86264530930225, 43.07600393973296], [-70.8626217429368, 43.076011267986125], [-70.86258564950636, 43.07601792130572], [-70.86254535265175, 43.07602186889818], [-70.86250289333512, 43.0760229117638], [-70.86246051205673, 43.076020991832934], [-70.86242073006919, 43.076016272651565], [-70.8623847176302, 43.076008938879106], [-70.86235373116959, 43.07599925229544], [-70.86232852273146, 43.07598745223253], [-70.86230899969334, 43.075971795331945], [-70.86229326883003, 43.07594935356795], [-70.86228142348325, 43.07592219076668], [-70.86225306967143, 43.07583797584762], [-70.86224035140359, 43.075814466958995], [-70.86222522846744, 43.075796152195075], [-70.86219463356632, 43.07577231329242], [-70.86215381671346, 43.07575041077505], [-70.86210784038968, 43.07573168284085], [-70.86197603006116, 43.07568471369249], [-70.86193911004213, 43.07566821426135], [-70.86190884096052, 43.075651206193044], [-70.86185144458739, 43.07561769731572], [-70.86183795769387, 43.075606584491204], [-70.86182914864801, 43.075595323633834], [-70.86182144012969, 43.07557747143736], [-70.86181832214858, 43.075559762247515], [-70.86182216275164, 43.07554214790855], [-70.86183483125467, 43.07552318780757], [-70.86185513637966, 43.07550345956786], [-70.86189368689838, 43.07547276605996], [-70.86192226629544, 43.07545486661542], [-70.86195958767063, 43.075440402442226], [-70.86200445825612, 43.07542912750211], [-70.86210187803704, 43.07541123047901], [-70.86214220382432, 43.07540222704192], [-70.86218139126304, 43.075389755369436], [-70.86221246088422, 43.07537466115706], [-70.86224652860008, 43.07535237322278], [-70.86227849404628, 43.07532793081817], [-70.86230835721014, 43.075301334845015], [-70.86233611688695, 43.07527258349619]]]}, "properties": {"Shape_Leng": 1536.97558447, "Shape_Area": 115707.528341, "density": "h", "hectares": 1.07496241322, "acres": 2.65628997181, "year_": 2012.0}}, {"type": "Feature", "geometry": {"type": "MultiPolygon", "coordinates": [[[[-70.86348033000243, 43.07779987215732], [-70.86343470307335, 43.077797209677065], [-70.86341263910111, 43.07779843024523], [-70.86339262145971, 43.07780130076547], [-70.86336021742063, 43.07781037195122], [-70.86333025081811, 43.077824429125116], [-70.86331820373063, 43.077832761051155], [-70.8631063867724, 43.07779844856814], [-70.86312887756806, 43.07767923981913], [-70.86325107293484, 43.07744718667936], [-70.86318697045184, 43.07726239722178], [-70.8629838375697, 43.07699410283274], [-70.86308778908081, 43.07673241173953], [-70.86333628521426, 43.076720055485765], [-70.86356555110339, 43.076778265050294], [-70.86376113943268, 43.076833595890484], [-70.86394280174744, 43.07678641383024], [-70.86396702707744, 43.0766207147608], [-70.86395966318939, 43.076377821353], [-70.86378424894198, 43.07638067926178], [-70.86362746028915, 43.07635464372921], [-70.86344528867785, 43.07624178304483], [-70.86352654107831, 43.07612884037652], [-70.86375566078924, 43.075967863893915], [-70.8639307712496, 43.075867781130555], [-70.86390569124578, 43.07556242186945], [-70.86405883823856, 43.075146844061265], [-70.8640952146157, 43.07441721087729], [-70.86439621888825, 43.074054933689524], [-70.86446074642537, 43.07361073978119], [-70.86453954433209, 43.073145281405935], [-70.86448545043531, 43.07281788353482], [-70.8644510886601, 43.07254207537267], [-70.86432505742322, 43.07208609720082], [-70.86415490319466, 43.07139797104437], [-70.86426816849456, 43.071225159265744], [-70.86448109986733, 43.07117403949536], [-70.86477161749316, 43.07114654138675], [-70.86488218687288, 43.07124639423529], [-70.86505029448632, 43.07133085581938], [-70.86540961096426, 43.07146533059244], [-70.86580979264315, 43.07180188213487], [-70.86598610013581, 43.07215014522163], [-70.86607271356954, 43.07275535269633], [-70.86625378038731, 43.073581502799655], [-70.86645911494206, 43.07456450153908], [-70.86643100841573, 43.075565602630796], [-70.8665181091254, 43.07650764488504], [-70.86652244618914, 43.07665052351692], [-70.8663894838954, 43.076767052089615], [-70.86611618290597, 43.076757215413316], [-70.86594337078489, 43.07684580363449], [-70.86589704098171, 43.07724681605822], [-70.8658513053206, 43.07734615727981], [-70.86566705644353, 43.07737922144419], [-70.86543737452534, 43.07737410375067], [-70.86526113076934, 43.07730575450974], [-70.86506197664572, 43.07736049809779], [-70.86488872749742, 43.07743479700407], [-70.864653106049, 43.07738145772585], [-70.86445733221517, 43.07735605925198], [-70.86428066871915, 43.077783343855025], [-70.8642013594495, 43.07791773167322], [-70.86386493300265, 43.077921325595874], [-70.8638591855166, 43.07791779895216], [-70.86382988909102, 43.07790244461426], [-70.86379890777287, 43.0778886060197], [-70.86376722922657, 43.07787672397436], [-70.86373587745098, 43.07786718373016], [-70.86370275389717, 43.0778610165484], [-70.86362719551269, 43.077853546091696], [-70.86359879184876, 43.07784797460267], [-70.86357229549945, 43.07783824424862], [-70.86351239180306, 43.07780882244892], [-70.86349590467101, 43.077803128435285], [-70.86348033000243, 43.07779987215732]]], [[[-70.8633292026271, 43.07783454317098], [-70.86333501520535, 43.07783082850725], [-70.86334002997818, 43.07783629708066], [-70.8633292026271, 43.07783454317098]]]]}, "properties": {"Shape_Leng": 6478.31891874, "Shape_Area": 1318430.76416, "density": "h", "hectares": 12.2486715966, "acres": 30.2671266735, "year_": 2012.0}}, {"type": "Feature", "geometry": {"type": "Polygon", "coordinates": [[[-70.86009277030738, 43.0705974400533], [-70.86015138048256, 43.07060125215939], [-70.86022341399065, 43.07061914104407], [-70.86041511825442, 43.07072561814943], [-70.86055499825521, 43.07083770244404], [-70.86087128474541, 43.07098027154231], [-70.86093941839607, 43.071083992618156], [-70.86085002991832, 43.071159736494245], [-70.86071683739738, 43.071095005852044], [-70.8604903129825, 43.07106270750688], [-70.86028662368626, 43.0709897806117], [-70.86017900484912, 43.07082273086071], [-70.86009277030738, 43.0705974400533]]]}, "properties": {"Shape_Leng": 650.936775314, "Shape_Area": 18260.5926777, "density": "sb", "hectares": 0.169647135783, "acres": 0.419207202026, "year_": 2012.0}}, {"type": "Feature", "geometry": {"type": "Polygon", "coordinates": [[[-70.8624295863726, 43.06926561234975], [-70.86232305122809, 43.069288788970404], [-70.86227490943102, 43.069281476120935], [-70.86222779016472, 43.06927239712063], [-70.86218169221684, 43.069261551062084], [-70.862136615579, 43.06924893884662], [-70.8619722840992, 43.06908323110689], [-70.8619431127274, 43.069035492925174], [-70.86193071662586, 43.068976586477746], [-70.86190993212871, 43.06891994795526], [-70.8618813331699, 43.06886713146832], [-70.86186390152939, 43.06883951162989], [-70.86185080279873, 43.06882474326763], [-70.86184083251892, 43.068818227986746], [-70.8618266587583, 43.06881261750884], [-70.86175941146332, 43.068795579742165], [-70.86174850316054, 43.068790097542234], [-70.86174232127841, 43.06878362420284], [-70.86173923285722, 43.06876856077417], [-70.86174334201888, 43.068748123597985], [-70.86175440282283, 43.06872440562022], [-70.86176917357227, 43.06870456462875], [-70.86178345144829, 43.068694522031215], [-70.86180350096474, 43.068687680495024], [-70.86182919259386, 43.068684086814756], [-70.86186024462638, 43.068683783113286], [-70.86189711350275, 43.068686886016636], [-70.8619380649153, 43.068693354517826], [-70.86198148612523, 43.06870295853255], [-70.86202295015678, 43.068714729861036], [-70.86205621659246, 43.068729202531415], [-70.86212163268816, 43.06876918947836], [-70.8621517858406, 43.06878410741634], [-70.86219602094639, 43.068800393572154], [-70.86224080765346, 43.06881383997711], [-70.86228523970256, 43.068824176512784], [-70.86232869280015, 43.068831259266446], [-70.86235362058075, 43.06883284503186], [-70.8624155255826, 43.068832542892146], [-70.86244583688175, 43.06883649969289], [-70.86247617337678, 43.06884566679954], [-70.86250452557441, 43.06885757354895], [-70.8625278324662, 43.06887091660193], [-70.86254479168502, 43.06888492077217], [-70.86255327449719, 43.06889571661098], [-70.86255999304542, 43.06890848040798], [-70.86256769185196, 43.06893895817634], [-70.86256708863321, 43.068973549857766], [-70.86255821453119, 43.069006209283835], [-70.86255240302101, 43.06901610173276], [-70.86254306478665, 43.069026597712025], [-70.86249488934043, 43.06906807709028], [-70.86248264155064, 43.06908606176766], [-70.86248034505584, 43.06909896835204], [-70.8624826955594, 43.069114329928844], [-70.86250418284266, 43.069165247355464], [-70.86250918289731, 43.06918164383355], [-70.8625098041341, 43.06919554489716], [-70.86250580889843, 43.06920719101978], [-70.86249358292017, 43.069223411534026], [-70.86247680364063, 43.06923855496042], [-70.86245547228506, 43.06925262130554], [-70.8624295863726, 43.06926561234975]]]}, "properties": {"Shape_Leng": 705.668472665, "Shape_Area": 27741.8660209, "density": "sb", "hectares": 0.257731399786, "acres": 0.636868158602, "year_": 2012.0}}, {"type": "Feature", "geometry": {"type": "Polygon", "coordinates": [[[-70.85895402601317, 43.0683680150436], [-70.85902895461865, 43.068266732882904], [-70.85926757252976, 43.068259280988016], [-70.8595746146056, 43.068257864306574], [-70.85985831670295, 43.06826487699174], [-70.86015123605652, 43.06830566950055], [-70.86048057592832, 43.06839680465753], [-70.8606934221403, 43.068504128799866], [-70.86089641547612, 43.06860803906609], [-70.86110764188597, 43.06866178239734], [-70.86139735945048, 43.06873211769365], [-70.86137024494964, 43.06877321100831], [-70.86103023042865, 43.068680910466625], [-70.86082918135693, 43.068641296489645], [-70.86072740922997, 43.068660819905894], [-70.86057745767599, 43.06869899637173], [-70.8603938347565, 43.068752014915255], [-70.8601649583248, 43.068759310071904], [-70.85971500501768, 43.0687094457146], [-70.85951807356602, 43.06864474665609], [-70.85922803274296, 43.06856369059551], [-70.85901020950571, 43.068452871081846], [-70.85895402601317, 43.0683680150436]]]}, "properties": {"Shape_Leng": 1435.075771, "Shape_Area": 64637.0403137, "density": "sb", "hectares": 0.600500156172, "acres": 1.48386820162, "year_": 2012.0}}, {"type": "Feature", "geometry": {"type": "Polygon", "coordinates": [[[-70.85124942981005, 43.07093974814226], [-70.8507220518799, 43.07052850390744], [-70.85032109972629, 43.070163322093855], [-70.85015458597043, 43.06981340702521], [-70.85017864558978, 43.06962391375968], [-70.85021763656275, 43.06931682998721], [-70.85053670930075, 43.069121070487796], [-70.85126894644067, 43.06883285482285], [-70.85595459629278, 43.06774675943158], [-70.85710506989741, 43.06796633789959], [-70.85842588345471, 43.068230787490734], [-70.85824802623918, 43.06836709568842], [-70.8579607647736, 43.06832411219304], [-70.85775087977997, 43.068260811016096], [-70.8572023416662, 43.06817441791013], [-70.85653716544786, 43.06809944499866], [-70.85605703972347, 43.06812629578615], [-70.85585060601196, 43.06817729382161], [-70.85586589806003, 43.06825328581668], [-70.85617885457478, 43.06828632794036], [-70.85634832493473, 43.06830263822657], [-70.85669733179823, 43.06866864211594], [-70.85674004717102, 43.06879183813972], [-70.85708960285827, 43.069060650628266], [-70.85736657799517, 43.069256882707656], [-70.85768061070858, 43.069376955969496], [-70.85758541465405, 43.069497958696], [-70.85695948100289, 43.06947531934272], [-70.85641950629588, 43.06936883746581], [-70.85590211896213, 43.069453471573944], [-70.85541071471867, 43.06953768173731], [-70.85492132066588, 43.06968856731606], [-70.85439380818941, 43.06986865871871], [-70.85412384227762, 43.06996833344866], [-70.85369882840159, 43.07009911031148], [-70.85329664019224, 43.07012468662975], [-70.8528116212878, 43.07013105622479], [-70.85251185425413, 43.070394705544814], [-70.85251300132764, 43.070432806738715], [-70.8527875644956, 43.07048554065169], [-70.85340275506866, 43.07053110130475], [-70.854118248613, 43.07040681731799], [-70.8547520159603, 43.07026181150937], [-70.85526917793264, 43.070016474281985], [-70.85592780761485, 43.069811856697314], [-70.85675811685427, 43.069820778841176], [-70.85742158616515, 43.06983859883548], [-70.858020956969, 43.0698860454473], [-70.8584401642477, 43.06999359590784], [-70.85844801035611, 43.07023538522096], [-70.85829721064701, 43.07042476543206], [-70.85813256025686, 43.070574260435656], [-70.8582437627625, 43.070806831379834], [-70.85805376888436, 43.0709719261444], [-70.85757445698954, 43.07108207375129], [-70.85713838629185, 43.07122151135266], [-70.856800111685, 43.071211469130326], [-70.8567178408111, 43.07106985586045], [-70.85669449206789, 43.07085134113581], [-70.85641249881003, 43.070912444312796], [-70.85611989716269, 43.07107002836836], [-70.85584153573353, 43.07132232313326], [-70.85546124401353, 43.07164298025575], [-70.8552750344553, 43.07150305053251], [-70.85461097318931, 43.07146616826357], [-70.8538584905645, 43.07142555216648], [-70.8538584157213, 43.0714255480342], [-70.85366050135856, 43.071414864123525], [-70.85259309573132, 43.07136544506854], [-70.85186750351302, 43.07111938422254], [-70.85124942981005, 43.07093974814226]]]}, "properties": {"Shape_Leng": 10144.3789077, "Shape_Area": 1852314.45081, "density": "h", "hectares": 17.2086331861, "acres": 42.5234586797, "year_": 2012.0}}, {"type": "Feature", "geometry": {"type": "Polygon", "coordinates": [[[-70.84092107951626, 43.06466500283847], [-70.84080865759765, 43.06460010180937], [-70.84078740270287, 43.064591032306566], [-70.84076101274742, 43.064582665671885], [-70.84065432062937, 43.06455810070436], [-70.84061515066708, 43.06454633098955], [-70.8405969628108, 43.064538343081864], [-70.84058278962686, 43.06452952449788], [-70.84057232917712, 43.06451968672583], [-70.8405654676032, 43.064508714624154], [-70.84055977265979, 43.0644904047204], [-70.84055736911397, 43.06446935597947], [-70.84055849720484, 43.06444769991961], [-70.84056304484677, 43.064427749148436], [-70.84056664257213, 43.06441920287585], [-70.84057593673214, 43.06439712958049], [-70.84058390147987, 43.064385099699], [-70.84061075316554, 43.06435568809938], [-70.84064736943073, 43.064343134102636], [-70.84066440912545, 43.06434034867495], [-70.84067868804263, 43.06433562057088], [-70.84069280508649, 43.06432804408351], [-70.8407287452572, 43.0642985432274], [-70.84074971323437, 43.06428133223474], [-70.8407582825735, 43.06427620644793], [-70.84076450414172, 43.06427248417195], [-70.84077919181968, 43.0642670271735], [-70.84079329239556, 43.06426442485127], [-70.84080974268744, 43.064263383263196], [-70.84087967902168, 43.06426660195334], [-70.84090910454454, 43.064264936553755], [-70.84093187160957, 43.06426094478993], [-70.84095493031872, 43.064256902016425], [-70.84096869557513, 43.06425339619062], [-70.84098966008402, 43.06424805466804], [-70.84100698180423, 43.06424135821888], [-70.84101727659086, 43.06423737906638], [-70.8410378761269, 43.064224744487625], [-70.84105003781657, 43.06421091572393], [-70.84105383387956, 43.064203410553986], [-70.84106566466825, 43.06418002417893], [-70.84106977601442, 43.06417189567029], [-70.84108134961997, 43.06415733532924], [-70.84110089984367, 43.06414448793166], [-70.84111479185574, 43.06413921868461], [-70.8411262862721, 43.06413485840632], [-70.84115731761904, 43.06412852098314], [-70.84116930192368, 43.064127542543474], [-70.84119360236171, 43.0641255592488], [-70.84123540197326, 43.06412606690094], [-70.84128082602588, 43.064130120314566], [-70.84130933272375, 43.06413461879692], [-70.8413898717335, 43.06415354226382], [-70.84143917717107, 43.06417063635194], [-70.84148551066488, 43.06418029705219], [-70.8415335040849, 43.064185375274526], [-70.84156509317312, 43.064185691261], [-70.84158315863634, 43.064185871925716], [-70.84161503398316, 43.06418333464768], [-70.84163447306858, 43.06418178789476], [-70.84185614114041, 43.0641719600751], [-70.84214070168359, 43.06415934261468], [-70.84219862275911, 43.064153113137614], [-70.84221039729243, 43.06415184682594], [-70.84227806343421, 43.06415022073515], [-70.84234370011634, 43.064154465246155], [-70.84240730614161, 43.064164579453646], [-70.8424192538739, 43.064167612642855], [-70.84243251690329, 43.06417097936295], [-70.84245975677074, 43.0641801483778], [-70.8425531918981, 43.064219321242874], [-70.84257681744312, 43.06422785209037], [-70.8425913224021, 43.06423309017142], [-70.84262477910134, 43.06424126872955], [-70.84263213465313, 43.06424306711142], [-70.84270964887844, 43.06425587196932], [-70.842709702771, 43.06425588135899], [-70.84271683828051, 43.06425705973956], [-70.8427503664276, 43.06426403075765], [-70.84277717198431, 43.06427245123553], [-70.8427825035219, 43.064274125215654], [-70.84280738984819, 43.064286789636164], [-70.84281186934128, 43.064290391029225], [-70.84283272790879, 43.06430715999182], [-70.84283557891608, 43.06431043730383], [-70.8428561454638, 43.06433407059749], [-70.84286486069244, 43.06434746744154], [-70.8428779955271, 43.06436765541922], [-70.84290218159141, 43.06441391693436], [-70.84291092879447, 43.06444005580142], [-70.84292261524968, 43.064506985073315], [-70.842929212464, 43.064523703567104], [-70.84293837051482, 43.064537223314325], [-70.8429522477765, 43.06454928006077], [-70.8429718665319, 43.06455999458355], [-70.8429974221058, 43.06456972474987], [-70.84302255208561, 43.064577682128316], [-70.84308195522503, 43.0645964936829], [-70.84310541255348, 43.06460761027649], [-70.84312281719745, 43.06462002184743], [-70.843127339164, 43.06462393859041], [-70.84314268787351, 43.06463723372435], [-70.84314965585675, 43.064648179432645], [-70.84314965445134, 43.06465919830812], [-70.84314401616408, 43.06467685942217], [-70.84313399160362, 43.0646933061567], [-70.84311676300655, 43.064705067910175], [-70.84309217161577, 43.06471226505872], [-70.84305976256525, 43.0647150356493], [-70.84303051017474, 43.06471430301541], [-70.84299557693278, 43.06471120796631], [-70.84283649103104, 43.0646880664258], [-70.84277376447525, 43.064682824165786], [-70.84273652893279, 43.06468113381776], [-70.84269499954726, 43.064677287257304], [-70.84253185722044, 43.064654627377415], [-70.84246319642962, 43.06464798116436], [-70.84242631995953, 43.06464679919278], [-70.84239240459216, 43.06464782413213], [-70.8423607649731, 43.06465107805315], [-70.84233106173262, 43.06465659992041], [-70.84229724598819, 43.064666681180896], [-70.84221555023429, 43.06469937342101], [-70.84217673608674, 43.064711499809086], [-70.84214670574958, 43.06471733252813], [-70.84207339512797, 43.06472684469545], [-70.84204089739444, 43.06473274692271], [-70.84199908453522, 43.06474491915342], [-70.84191048303869, 43.06477758661309], [-70.84187357943637, 43.064787855230705], [-70.84180756824598, 43.06479858374824], [-70.84173255211256, 43.064803707714965], [-70.84164767306915, 43.06480358009237], [-70.84152945314031, 43.064798160293684], [-70.84146053215466, 43.0647932435149], [-70.84139261627153, 43.06478606823504], [-70.84131744118912, 43.06477586012154], [-70.84124819920648, 43.06476449213797], [-70.84118375599994, 43.06475177608007], [-70.84112365243585, 43.064737618627476], [-70.84106736244364, 43.06472188276763], [-70.84101491925378, 43.064704562444746], [-70.84096618595804, 43.06468561346847], [-70.84092107951626, 43.06466500283847]]]}, "properties": {"Shape_Leng": 1611.01620576, "Shape_Area": 117299.093323, "density": "h", "hectares": 1.08974859488, "acres": 2.69282742242, "year_": 2012.0}}, {"type": "Feature", "geometry": {"type": "Polygon", "coordinates": [[[-70.84234370011634, 43.064154465246155], [-70.84227806343421, 43.06415022073515], [-70.84221039729243, 43.06415184682594], [-70.84219862275911, 43.064153113137614], [-70.84185614114041, 43.0641719600751], [-70.84163447306858, 43.06418178789476], [-70.84161503398316, 43.06418333464768], [-70.84156509317312, 43.064185691261], [-70.84148551066488, 43.06418029705219], [-70.8413898717335, 43.06415354226382], [-70.84130933272375, 43.06413461879692], [-70.84128082602588, 43.064130120314566], [-70.84123540197326, 43.06412606690094], [-70.84119360236171, 43.0641255592488], [-70.84116930192368, 43.064127542543474], [-70.84115731761904, 43.06412852098314], [-70.8411262862721, 43.06413485840632], [-70.84111479185574, 43.06413921868461], [-70.84110089984367, 43.06414448793166], [-70.84108134961997, 43.06415733532924], [-70.84106977601442, 43.06417189567029], [-70.84106566466825, 43.06418002417893], [-70.84105383387956, 43.064203410553986], [-70.8410378761269, 43.064224744487625], [-70.84100698180423, 43.06424135821888], [-70.84096869557513, 43.06425339619062], [-70.84093187160957, 43.06426094478993], [-70.84087967902168, 43.06426660195334], [-70.84080974268744, 43.064263383263196], [-70.84079329239556, 43.06426442485127], [-70.84077919181968, 43.0642670271735], [-70.84076450414172, 43.06427248417195], [-70.8407582825735, 43.06427620644793], [-70.84074971323437, 43.06428133223474], [-70.8407287452572, 43.0642985432274], [-70.84069280508649, 43.06432804408351], [-70.84064736943073, 43.064343134102636], [-70.84061075316554, 43.06435568809938], [-70.84058390147987, 43.064385099699], [-70.84057593673214, 43.06439712958049], [-70.84056664257213, 43.06441920287585], [-70.84056304484677, 43.064427749148436], [-70.84055849720484, 43.06444769991961], [-70.84055736911397, 43.06446935597947], [-70.84055977265979, 43.0644904047204], [-70.8405654676032, 43.064508714624154], [-70.84049772823292, 43.06444993918977], [-70.84005096935226, 43.0639833138766], [-70.84003842984943, 43.063564196847544], [-70.83996623422718, 43.06288873085853], [-70.83993329732914, 43.062222163834754], [-70.84007066419605, 43.06160050649953], [-70.84006769684686, 43.061066875833525], [-70.84012200164622, 43.06080125739048], [-70.84011156835953, 43.060800324176945], [-70.83968401986975, 43.06040594886703], [-70.83954386106903, 43.060065124430714], [-70.8394203968341, 43.05984792013968], [-70.8394725301054, 43.05941823335624], [-70.83954050119469, 43.0590835912837], [-70.83972994062202, 43.05889947638128], [-70.83996205275864, 43.05883856330508], [-70.84007611464448, 43.058741428809135], [-70.84028310074976, 43.05870950967167], [-70.84082093769138, 43.0588045203513], [-70.8413372895172, 43.05875925776574], [-70.84206729930831, 43.05883327485934], [-70.84232209814225, 43.05909601117177], [-70.84267996406089, 43.05932849647112], [-70.84284469187169, 43.05962127227057], [-70.84323196936901, 43.0599676419357], [-70.84377456353027, 43.060292447643256], [-70.8441096026123, 43.06063012565027], [-70.84447148427554, 43.06099596088067], [-70.84459382536842, 43.06117505764351], [-70.84458426294182, 43.06128957156688], [-70.84387076883834, 43.06135182899198], [-70.84384150304662, 43.06125087415138], [-70.84378133247797, 43.06119466380423], [-70.84366949939118, 43.06112324720578], [-70.84310097209705, 43.06104361717783], [-70.8429162640809, 43.06105137306359], [-70.84282568480482, 43.061155903217305], [-70.84246122835478, 43.06157156104253], [-70.84254130465646, 43.06207535927629], [-70.84255842440145, 43.06264688145167], [-70.8427664160912, 43.063081909982785], [-70.84315014383922, 43.06374282492772], [-70.84377443075036, 43.06419020382119], [-70.84418401235372, 43.06441232078988], [-70.8445777479908, 43.06453939224152], [-70.84500404031532, 43.06488512677005], [-70.84543932829646, 43.06509729517847], [-70.84579752736211, 43.065339294843184], [-70.84586705889524, 43.06549065266536], [-70.84583037108679, 43.06556748389311], [-70.84568632209356, 43.06553168807499], [-70.8454109288215, 43.0654503609033], [-70.84508242835426, 43.06533177035165], [-70.84457262079809, 43.06523516188138], [-70.84411506533758, 43.06514723883748], [-70.84360154886107, 43.064926796477685], [-70.84313399160362, 43.0646933061567], [-70.84314401616408, 43.06467685942217], [-70.84314965445134, 43.06465919830812], [-70.84314965585675, 43.064648179432645], [-70.84314268787351, 43.06463723372435], [-70.843127339164, 43.06462393859041], [-70.84310897212843, 43.06459491840228], [-70.84302255208561, 43.064577682128316], [-70.8429522477765, 43.06454928006077], [-70.84292261524968, 43.064506985073315], [-70.84291092879447, 43.06444005580142], [-70.84290218159141, 43.06441391693436], [-70.8428779955271, 43.06436765541922], [-70.84286486069244, 43.06434746744154], [-70.8428561454638, 43.06433407059749], [-70.84283557891608, 43.06431043730383], [-70.84283849825131, 43.064308062088685], [-70.84281186934128, 43.064290391029225], [-70.84280738984819, 43.064286789636164], [-70.8427825035219, 43.064274125215654], [-70.84277717198431, 43.06427245123553], [-70.8427503664276, 43.06426403075765], [-70.84271683828051, 43.06425705973956], [-70.842709702771, 43.06425588135899], [-70.84270964887844, 43.06425587196932], [-70.84262477910134, 43.06424126872955], [-70.84257681744312, 43.06422785209037], [-70.84245975677074, 43.0641801483778], [-70.84243251690329, 43.06417097936295], [-70.8424192538739, 43.064167612642855], [-70.84240730614161, 43.064164579453646], [-70.84234370011634, 43.064154465246155]]]}, "properties": {"Shape_Leng": 8203.2164037, "Shape_Area": 1836714.83964, "density": "p", "hectares": 17.0637074763, "acres": 42.1653394518, "year_": 2012.0}}, {"type": "Feature", "geometry": {"type": "Polygon", "coordinates": [[[-70.86829175057552, 43.06605531372247], [-70.86823279213633, 43.06610766808859], [-70.86813066544975, 43.066030069011454], [-70.86803599651752, 43.06594856927695], [-70.86799443316357, 43.06590837860216], [-70.86795378171392, 43.06586490508347], [-70.86791363281547, 43.065817716486976], [-70.86787323911355, 43.065765937139226], [-70.86780099586139, 43.06566358755433], [-70.86765022523522, 43.06543394677183], [-70.86763135820138, 43.06541377741806], [-70.8675826470204, 43.06537836695268], [-70.86757293136624, 43.06536812367211], [-70.86756555150066, 43.06535707215284], [-70.86754957587574, 43.065322434861095], [-70.86752050412196, 43.06524253955834], [-70.86750605887394, 43.06520842333936], [-70.86748752888646, 43.065175643238], [-70.867466526596, 43.06515002376297], [-70.86742734474302, 43.06511237896648], [-70.86739223436958, 43.06508179376343], [-70.86735829398233, 43.065055748139805], [-70.86732490312471, 43.06503380478455], [-70.86729687575304, 43.065019543966045], [-70.86726237230455, 43.06500669616418], [-70.86714338766484, 43.06497479580116], [-70.86710420389164, 43.06496244904761], [-70.86707113014499, 43.064948422962935], [-70.86704456348708, 43.064932488985114], [-70.86700713899207, 43.06490144641341], [-70.8669662270007, 43.06485932546172], [-70.86693097258404, 43.06481482259653], [-70.86688931260058, 43.06475044797158], [-70.86687417419635, 43.06472322297135], [-70.86686004853024, 43.064691947114405], [-70.86680934493069, 43.064555567357154], [-70.86679416450667, 43.06452478190876], [-70.86677749638054, 43.06449784865697], [-70.86675616048001, 43.064470356179314], [-70.86672918724561, 43.06444133632196], [-70.8666064372555, 43.06432967717406], [-70.86658016673059, 43.06430327446588], [-70.86655872547044, 43.0642787031419], [-70.8664905216272, 43.06419446881844], [-70.86645420315388, 43.064145463849556], [-70.86643527819683, 43.06411225233337], [-70.8664331714351, 43.0641025347477], [-70.86643594952191, 43.06409735663549], [-70.86644485861457, 43.06409643055704], [-70.86646042553011, 43.06409984030931], [-70.86651060548532, 43.064119419566076], [-70.86658422470175, 43.064155502433984], [-70.86665945939828, 43.06419745750711], [-70.86668711045621, 43.064215881805204], [-70.86671508890092, 43.06423820969004], [-70.86682492961569, 43.064344022854485], [-70.8668526014824, 43.06436746566429], [-70.86687941528977, 43.06438684183678], [-70.86693397483064, 43.06441765674052], [-70.8670654560921, 43.06447941482066], [-70.86709397403382, 43.064495297616915], [-70.86711821453962, 43.06451109831043], [-70.86717718122412, 43.064556123251414], [-70.86722043005001, 43.06459668787109], [-70.86723691360545, 43.06461705668333], [-70.8672715163353, 43.064670337789714], [-70.8672897009879, 43.0646934873774], [-70.8673238525992, 43.0647276368615], [-70.86736208617462, 43.064759910103156], [-70.86740353585955, 43.06478957641989], [-70.8674473222094, 43.064816005853515], [-70.86747342764717, 43.06482860591563], [-70.86753457139316, 43.06485370547397], [-70.86755907919638, 43.06486605491645], [-70.86758409713839, 43.064883081559856], [-70.86764082811972, 43.06493185062701], [-70.86766941491409, 43.06495181779719], [-70.86786691708518, 43.065093061169634], [-70.86798395018191, 43.06521471046517], [-70.8679989963376, 43.06522714860381], [-70.86802311922372, 43.06525129278964], [-70.86806233317705, 43.0652960515899], [-70.86814087594463, 43.06540472990909], [-70.86816309807607, 43.0654299436967], [-70.86818578322872, 43.065451362025094], [-70.8682083342028, 43.0654681741815], [-70.86826947200498, 43.06550742565813], [-70.86829635771421, 43.065531172286136], [-70.86831157300841, 43.06555537398601], [-70.86833356138192, 43.06561876109856], [-70.86834868388922, 43.06564547990021], [-70.86840337988883, 43.06570026547606], [-70.86841917715739, 43.0657257008426], [-70.86843049411671, 43.065754097994585], [-70.86843722359414, 43.0657852005396], [-70.86843927512064, 43.06581860007377], [-70.86843657281952, 43.06585408813051], [-70.86842913683545, 43.06589058465508], [-70.86841715906328, 43.06592711430888], [-70.86840107677648, 43.065962336198346], [-70.86838279456175, 43.065995557880754], [-70.86836647228273, 43.066015211582595], [-70.86835127867488, 43.06602736040064], [-70.86833376092436, 43.066038094150244], [-70.86831391781524, 43.066047411921744], [-70.86829175057552, 43.06605531372247]]]}, "properties": {"Shape_Leng": 1871.10828543, "Shape_Area": 81328.5592926, "density": "sb", "hectares": 0.755570061987, "acres": 1.86705428393, "year_": 2012.0}}, {"type": "Feature", "geometry": {"type": "Polygon", "coordinates": [[[-70.84165563371282, 43.0576306476659], [-70.8419651945737, 43.05770160555565], [-70.84241365871725, 43.0577938825645], [-70.84234983237599, 43.05763328557545], [-70.84269372785258, 43.05769166868759], [-70.84307953898671, 43.05788304370503], [-70.84362786333183, 43.057957441727915], [-70.84409131472272, 43.05818421612267], [-70.84437323201988, 43.05848918855256], [-70.84489874965824, 43.05872916274501], [-70.84522793184384, 43.058822632560236], [-70.8454060662729, 43.05886934683751], [-70.8456405467857, 43.05888700727186], [-70.84577227077826, 43.05884214205729], [-70.84574543565496, 43.05866190161914], [-70.8452500967784, 43.05793276788786], [-70.84613869338442, 43.05804542864034], [-70.846389752411, 43.05869290839542], [-70.84649719323916, 43.05909256058001], [-70.84679187809289, 43.0594860307424], [-70.847305557602, 43.059484004624956], [-70.8476578878602, 43.059548593023266], [-70.84844077118962, 43.05989633548176], [-70.84930962737978, 43.06000948487703], [-70.85022641165467, 43.0603158763618], [-70.85058297482058, 43.06033291863875], [-70.85119040773242, 43.06045742783695], [-70.85235174364968, 43.060942574369], [-70.85345882537663, 43.061305769165116], [-70.85416774322059, 43.0613873698968], [-70.85494149403189, 43.06147206271404], [-70.85567227560261, 43.0616740457656], [-70.85588656996202, 43.06133501643181], [-70.85674064232154, 43.06210696618581], [-70.85817979404092, 43.06313043811026], [-70.8502594167588, 43.06093329055138], [-70.84764943250852, 43.060192672061795], [-70.84633959720676, 43.0599868078491], [-70.84566436035068, 43.05991765238753], [-70.84514900093673, 43.059757989800794], [-70.84450421513684, 43.05956616124179], [-70.84374517208143, 43.059243400597154], [-70.8430817429864, 43.05871019791946], [-70.84227041315452, 43.05818460174723], [-70.84165563371282, 43.0576306476659]]]}, "properties": {"Shape_Leng": 11004.5750243, "Shape_Area": 1186223.84231, "density": "sb", "hectares": 11.0204241888, "acres": 27.2320612309, "year_": 2012.0}}, {"type": "Feature", "geometry": {"type": "Polygon", "coordinates": [[[-70.85108458134813, 43.05471945325922], [-70.8506319736107, 43.054412426749536], [-70.85068916257022, 43.05422161812117], [-70.85077673375399, 43.053929434468486], [-70.8504400078876, 43.05321475505086], [-70.85026294579289, 43.05251240096828], [-70.85028032980247, 43.05222622055413], [-70.85075135768936, 43.052332961022046], [-70.85178453645116, 43.05298334061251], [-70.85347808564138, 43.05398515301031], [-70.85453040896729, 43.05440647818198], [-70.85561159781842, 43.0549226243754], [-70.85700587998552, 43.05589115777506], [-70.85873407038649, 43.057091932879025], [-70.86021446917054, 43.05786155775053], [-70.86071230727185, 43.05820663386888], [-70.8608327572201, 43.05838382593908], [-70.86118805106865, 43.05883462398103], [-70.8609051552512, 43.05893452550725], [-70.86051776185447, 43.05901706602325], [-70.85968540674641, 43.05868529347734], [-70.85866364933831, 43.05839983955423], [-70.85747266827893, 43.057614088879454], [-70.85660660548756, 43.05688871375386], [-70.85628680844067, 43.05662706470622], [-70.85546537213092, 43.05610671209928], [-70.85460060613548, 43.05587295439228], [-70.85413126684166, 43.05582338238354], [-70.853497447854, 43.0554905743827], [-70.85277004838159, 43.05550235695998], [-70.85213738686278, 43.055207641882376], [-70.85108458134813, 43.05471945325922]]]}, "properties": {"Shape_Leng": 8051.94194196, "Shape_Area": 1508487.9023, "density": "h", "hectares": 14.0143672501, "acres": 34.6302556537, "year_": 2012.0}}, {"type": "Feature", "geometry": {"type": "Polygon", "coordinates": [[[-70.86360992923083, 43.06070118910031], [-70.86355783071804, 43.06066664068907], [-70.86344753863256, 43.060584199303165], [-70.86339746858627, 43.0605521702102], [-70.86336528926337, 43.0605351373794], [-70.8633312677551, 43.060519668693296], [-70.86329533571971, 43.06050573306487], [-70.86325739909658, 43.06049329472564], [-70.86321739681466, 43.060482329840596], [-70.86317513566739, 43.06047278034073], [-70.86308301651793, 43.0604577551962], [-70.86299437264749, 43.060448943906174], [-70.8628931038674, 43.06044352750454], [-70.86278966433937, 43.06044123823403], [-70.86251003683188, 43.0604390143396], [-70.86242731281786, 43.06043638692339], [-70.86235397424991, 43.06043213760775], [-70.86227258303617, 43.06042447043215], [-70.86219837957114, 43.060413888590524], [-70.86212997681454, 43.060400192410874], [-70.8620666928561, 43.060383239384045], [-70.86200423357171, 43.06036715537747], [-70.86183604925425, 43.06033150720412], [-70.86179444599392, 43.06032048915437], [-70.86176015874722, 43.06030923269597], [-70.86172479784054, 43.06029371630432], [-70.8616986303306, 43.06027671358963], [-70.86168120591176, 43.060257925236904], [-70.86167237340138, 43.06023717735523], [-70.86166881760518, 43.060201382557636], [-70.86167185083916, 43.06016630383175], [-70.86168074899598, 43.060139620776596], [-70.861687198545, 43.060129791354946], [-70.86169489468803, 43.06012245155154], [-70.86170429488092, 43.060117259821574], [-70.86171636109174, 43.06011350190044], [-70.86174899782365, 43.06011015691769], [-70.86178688995747, 43.06011150273327], [-70.86187675679815, 43.06011949180858], [-70.86193046801945, 43.0601251453872], [-70.86198865926112, 43.0601367706199], [-70.86204928324346, 43.060153308015586], [-70.86221957239137, 43.06020586943621], [-70.86227313191303, 43.06021862767584], [-70.86232188402106, 43.06022660553959], [-70.86244203471428, 43.060240815615714], [-70.86252691291511, 43.06024889154362], [-70.86260356100047, 43.060253416047914], [-70.86267206481234, 43.06025420701504], [-70.86273634254759, 43.0602511011512], [-70.86279438895338, 43.060243952953414], [-70.86284668232796, 43.060232703679546], [-70.86289345292305, 43.06021730004474], [-70.86291904738694, 43.06020526819858], [-70.86294523848213, 43.06018919340323], [-70.86297423546583, 43.06016760500468], [-70.86306216408376, 43.060095798070904], [-70.8630928719937, 43.06007582844791], [-70.86312265962698, 43.06006108860405], [-70.86314773712853, 43.060052631225126], [-70.8631788667998, 43.06004567189898], [-70.86329037566568, 43.06003049578955], [-70.86332750506102, 43.06002359654613], [-70.8633593256062, 43.06001327000927], [-70.86337124736617, 43.060006932831875], [-70.86338073167423, 43.05999970538508], [-70.86338809306079, 43.05999072121983], [-70.86339275680758, 43.059979901588775], [-70.8633947785351, 43.05996712356026], [-70.86339420479086, 43.059952112911375], [-70.86338787640878, 43.05992231089277], [-70.86336471481448, 43.05984805767033], [-70.86335944370748, 43.059814660617974], [-70.8633625781828, 43.05979008746001], [-70.8633671644246, 43.059779937907166], [-70.863373806971, 43.05977109902373], [-70.86338672000133, 43.059760574942004], [-70.86340551024792, 43.05975046748119], [-70.86344502267283, 43.05971710932382], [-70.86347527961779, 43.059696960899366], [-70.86349158887192, 43.0596722749694], [-70.86349128273433, 43.05963535082277], [-70.863488342417, 43.05959191891039], [-70.86347970188186, 43.05954448087021], [-70.8639661554834, 43.059589910120366], [-70.86400813353615, 43.059580564715716], [-70.86404925294572, 43.05957370762591], [-70.86408951247817, 43.05956933974344], [-70.8641092239815, 43.05956839958974], [-70.86412891215033, 43.059567460169156], [-70.86416745196703, 43.059568068903964], [-70.8642051331369, 43.05957116775758], [-70.86424195446037, 43.059576754922105], [-70.86427791716916, 43.05958483040698], [-70.86433361818354, 43.05960026718225], [-70.86437117910963, 43.05961353158266], [-70.86439668184069, 43.059626759144045], [-70.86440468738385, 43.059633320748226], [-70.86440955050666, 43.05963986482261], [-70.8644115187742, 43.05964849408431], [-70.86440948031105, 43.05965861833294], [-70.86440343247234, 43.05967025195238], [-70.86439335384823, 43.059683436199364], [-70.86436210319641, 43.05971372634117], [-70.8643090935253, 43.059755861290824], [-70.864289822468, 43.05976801970157], [-70.86426593286255, 43.0597782247763], [-70.86423722592129, 43.05978656423435], [-70.86420323334445, 43.059793177014065], [-70.86413301956613, 43.05980079419936], [-70.86397151878646, 43.05981001876362], [-70.86393731011937, 43.05981380793663], [-70.86390950713637, 43.059818721330764], [-70.86388457792572, 43.05982580176751], [-70.86386560304852, 43.05983472789763], [-70.86385223662418, 43.05984566472801], [-70.86384433712331, 43.05985873368987], [-70.86383999047318, 43.05987799909573], [-70.86383942541255, 43.059901454286404], [-70.86384267614795, 43.05992798329947], [-70.86384954671033, 43.059955952763715], [-70.86385955009047, 43.059983454516534], [-70.863872087312, 43.06000888206453], [-70.86388645377339, 43.06003082080841], [-70.8639020692248, 43.06004839261856], [-70.86391491280865, 43.06005786781747], [-70.86393153224907, 43.06006557547629], [-70.86395209589523, 43.060071596888804], [-70.8639770036108, 43.060076051878916], [-70.86402838007079, 43.0600802946434], [-70.86415467306678, 43.0600839267771], [-70.86420750542341, 43.060089962894395], [-70.86422789630713, 43.06009492625427], [-70.86424466073541, 43.060101309844], [-70.86425802712301, 43.06010920168248], [-70.86426810385979, 43.06011866824285], [-70.86428364697953, 43.06014527983296], [-70.86429431917685, 43.06018119466135], [-70.86429962910894, 43.060225305683986], [-70.86429870268273, 43.060270648511086], [-70.86429593243189, 43.060283792174026], [-70.86429041510124, 43.06029502893322], [-70.86428213559601, 43.060304386587475], [-70.86427107145684, 43.06031189288379], [-70.86425720156976, 43.060317566576764], [-70.86424046292196, 43.06032143872924], [-70.86422078040215, 43.06032352681648], [-70.86419803722325, 43.06032384352056], [-70.86414688138632, 43.060319704998], [-70.86408245182304, 43.060309228026796], [-70.86400441876978, 43.060292661417044], [-70.8638134911865, 43.060247197871746], [-70.8637258577411, 43.0602278578268], [-70.86363768187789, 43.060211705887184], [-70.8635627796615, 43.060202366752755], [-70.86352279717654, 43.060199864547386], [-70.86348640073943, 43.060199698216216], [-70.86345340499393, 43.06020186646167], [-70.86342369443445, 43.06020637747754], [-70.86339715705053, 43.06021325388439], [-70.86337376693339, 43.06022250540433], [-70.86335348208833, 43.060234151548094], [-70.86333627407068, 43.06024820832058], [-70.86330568257105, 43.06028041654421], [-70.86328604411773, 43.06030620607699], [-70.86328081177136, 43.06031703881434], [-70.86327926225815, 43.060326555263295], [-70.86328139027034, 43.060334785992275], [-70.86328720272772, 43.060341765255906], [-70.86329670792986, 43.060347515615945], [-70.86330996422139, 43.060352081589066], [-70.86334815193828, 43.06035778755292], [-70.86338885483057, 43.06035918407487], [-70.86344155365606, 43.060358064211265], [-70.8636676945536, 43.06034442501584], [-70.8637629753367, 43.060341250769284], [-70.86380831882204, 43.060341689521785], [-70.86384783013358, 43.060343805752574], [-70.86388207476365, 43.06034763314008], [-70.86391130522675, 43.06035320046529], [-70.86395680633791, 43.06036611742675], [-70.8640062298685, 43.060384008279144], [-70.86415882970864, 43.06045072472725], [-70.8642112771075, 43.060471806171094], [-70.86426004259457, 43.06048801799577], [-70.86430563085172, 43.0604992548248], [-70.86432993421222, 43.06050309428973], [-70.8643564668389, 43.0605053398872], [-70.86441747223652, 43.06050512936594], [-70.86448011061509, 43.060500097283175], [-70.86463431390099, 43.06048247814655], [-70.86467481047252, 43.06047974551689], [-70.86470952481407, 43.06047928577089], [-70.86474590382191, 43.060481744306635], [-70.86477705340297, 43.06048757780502], [-70.86480359563083, 43.060496905850066], [-70.86482581881445, 43.06050983668442], [-70.86484179527298, 43.06052498225455], [-70.8648560223678, 43.06054587570943], [-70.86489053852188, 43.06062327593405], [-70.86490374331144, 43.06064763504953], [-70.86491834734845, 43.0606662663267], [-70.86493493923106, 43.060679596965464], [-70.86494889269096, 43.0606865422634], [-70.86496506232403, 43.06069167305383], [-70.86498359846777, 43.06069503989797], [-70.8650047974975, 43.060696697080374], [-70.86505343145026, 43.060695331959565], [-70.8651655157874, 43.06068362548475], [-70.86521396276548, 43.060680874535166], [-70.86526125785127, 43.06068343096172], [-70.86528129365742, 43.0606872133334], [-70.86529924464081, 43.060692717516766], [-70.86534472201389, 43.060713437274316], [-70.8653839149778, 43.06073606186341], [-70.865404899305, 43.060748174663765], [-70.86547627765167, 43.06079166621577], [-70.86549648491685, 43.06080745702644], [-70.86551113353161, 43.06082268142225], [-70.8655201585578, 43.060836386578096], [-70.8655267074222, 43.06085179280951], [-70.86553083984657, 43.06086902745805], [-70.86553261976779, 43.0608883655213], [-70.86553031771041, 43.06092798448809], [-70.86552441414851, 43.060965502464946], [-70.86551691119544, 43.06101318648833], [-70.865502578663, 43.061123304818466], [-70.86548506410462, 43.06121258459541], [-70.86546269358163, 43.06128956294758], [-70.86543533163224, 43.06135417771305], [-70.86541952418021, 43.0613823051495], [-70.86540239024256, 43.061407369942614], [-70.86538392604393, 43.06142937926674], [-70.86536412661697, 43.06144833758725], [-70.86534298700651, 43.06146424846946], [-70.8653205109207, 43.06147711013829], [-70.86529669713455, 43.06148692258439], [-70.86527154689026, 43.0614936849155], [-70.86524710770769, 43.061497505087004], [-70.86521937358228, 43.06149972059075], [-70.86520140239881, 43.061499613631504], [-70.86515412126137, 43.061499331089436], [-70.8650761126698, 43.06149252765158], [-70.86498517863781, 43.061479293763156], [-70.86495602148462, 43.061473422071025], [-70.86492744042592, 43.06146573517811], [-70.86487174234767, 43.06144484552782], [-70.8648174967162, 43.061416410959296], [-70.86476365606568, 43.061379890337676], [-70.86471839673203, 43.06134289063005], [-70.86467045607043, 43.06129809200352], [-70.86450882305077, 43.06112742780486], [-70.86444137717355, 43.061061992039235], [-70.86440387593704, 43.061029958781944], [-70.86436712132362, 43.061002053493795], [-70.86433045203721, 43.06097777464899], [-70.86429350772083, 43.060956890179355], [-70.86422328044365, 43.06092430693823], [-70.86414019453595, 43.06089280369003], [-70.86405796937885, 43.0608659980686], [-70.86386027454738, 43.060806140340794], [-70.8637650318227, 43.06077351094608], [-70.86368086760778, 43.06073850176442], [-70.86364394237346, 43.060720227691554], [-70.86360992923083, 43.06070118910031]]]}, "properties": {"Shape_Leng": 3768.42624477, "Shape_Area": 212522.731125, "density": "h", "hectares": 1.97440867669, "acres": 4.87887009225, "year_": 2012.0}}, {"type": "Feature", "geometry": {"type": "Polygon", "coordinates": [[[-70.87370627973436, 43.06371188887968], [-70.87371243401134, 43.06363140835889], [-70.87374991277882, 43.063597766121894], [-70.87378998018964, 43.06356682879428], [-70.87383263749605, 43.06353859458174], [-70.873877884677, 43.063513065281555], [-70.87393124140502, 43.06348766505485], [-70.87398640752399, 43.06346589779165], [-70.87404203191255, 43.06344829332855], [-70.87409713338211, 43.06343515992626], [-70.8741553976115, 43.063425910999804], [-70.87422205344397, 43.06341967538932], [-70.87429760770121, 43.06341704169535], [-70.87437025284477, 43.063419423321236], [-70.8744526155606, 43.06342462397254], [-70.87447725774379, 43.063429271073744], [-70.87449767752652, 43.063436240165835], [-70.87452014419901, 43.06344794927849], [-70.87452951105242, 43.06345912842884], [-70.87453371659518, 43.06347461153646], [-70.87453282826007, 43.06349430995257], [-70.87452678047028, 43.06351959777172], [-70.87451452293193, 43.06354537460111], [-70.87449409784963, 43.06357075462817], [-70.87447757622152, 43.0635832101305], [-70.87445464218847, 43.063593586870574], [-70.87442920472559, 43.06360130879756], [-70.87435958396108, 43.06361850058602], [-70.87432526202296, 43.06363154124977], [-70.8742684881347, 43.06366394376869], [-70.87423942175515, 43.063675561634334], [-70.87420505788015, 43.06368565843898], [-70.87410039468094, 43.06370652040268], [-70.87400887055946, 43.06372086248617], [-70.87392262392964, 43.06372855554691], [-70.87384867200043, 43.06373333347974], [-70.87381040042919, 43.06373408640737], [-70.87377464462435, 43.06373158106091], [-70.8737439729914, 43.06372533384859], [-70.87370627973436, 43.06371188887968]]]}, "properties": {"Shape_Leng": 545.811294003, "Shape_Area": 17093.9526778, "density": "p", "hectares": 0.158808652172, "acres": 0.392424725753, "year_": 2012.0}}, {"type": "Feature", "geometry": {"type": "Polygon", "coordinates": [[[-70.87916089388132, 43.06133806037993], [-70.87913832312188, 43.06126397914413], [-70.87913712720012, 43.06124260733868], [-70.87914111007179, 43.06122223974852], [-70.87915125856051, 43.06120279494818], [-70.87917222075198, 43.06117705680732], [-70.87918807586435, 43.061157179588285], [-70.87919981926989, 43.061149800745675], [-70.87921117038046, 43.06114832607397], [-70.87923229441265, 43.06114926717539], [-70.87925909107952, 43.061152912688854], [-70.87928720651473, 43.061162003356074], [-70.87931268846118, 43.06117389430845], [-70.87937126484671, 43.06120535655274], [-70.87940091518102, 43.06121797198931], [-70.8794396958671, 43.06122930448411], [-70.87954481412173, 43.06125396741017], [-70.8795736799853, 43.06126351775108], [-70.87959758885535, 43.06127430232147], [-70.87964773533258, 43.06130298164978], [-70.87968383871966, 43.06132899351499], [-70.87970882201468, 43.061354447310485], [-70.87971712111751, 43.06136699684803], [-70.87972264688071, 43.06137945980117], [-70.8797279610527, 43.06139915591119], [-70.87973007487464, 43.06141673353289], [-70.87972896836641, 43.06143202689901], [-70.87972464882608, 43.061444945143215], [-70.87970885091572, 43.06146592462891], [-70.87968523669856, 43.06148430829823], [-70.87967005281364, 43.06149192907756], [-70.87964915610314, 43.06149979141661], [-70.87961071325871, 43.06150876899974], [-70.87956573318999, 43.061511801036154], [-70.87951525828035, 43.061508783068064], [-70.87946232848107, 43.06149988272676], [-70.87943287824021, 43.061492053950914], [-70.87940323111482, 43.06148157553272], [-70.87937431225781, 43.06146877339482], [-70.87934720815811, 43.06145412489807], [-70.87930570348371, 43.06142502511113], [-70.87928718660764, 43.061417675696376], [-70.87924321352375, 43.061405914050354], [-70.87922775496315, 43.061399502936375], [-70.87920780120862, 43.061387209826634], [-70.87919000725789, 43.061372872002316], [-70.87917437065617, 43.06135648944757], [-70.87916089388132, 43.06133806037993]]]}, "properties": {"Shape_Leng": 449.898501193, "Shape_Area": 13075.8731204, "density": "p", "hectares": 0.121479322271, "acres": 0.3001819427, "year_": 2012.0}}, {"type": "Feature", "geometry": {"type": "Polygon", "coordinates": [[[-70.88237819672511, 43.06012172600123], [-70.88262139589271, 43.06010581231983], [-70.88268986073086, 43.06009309938441], [-70.8827831331527, 43.06008230355955], [-70.88288660335648, 43.06007285033569], [-70.8829601410714, 43.06006935095028], [-70.88302557057051, 43.06007075679518], [-70.88308352651217, 43.06007735938218], [-70.88313276299156, 43.06008674045424], [-70.88317496318025, 43.060097155327526], [-70.88321170813663, 43.06010899740361], [-70.88324330087063, 43.06012237948227], [-70.88327203595809, 43.060138059010534], [-70.88330007397258, 43.060156712400826], [-70.88332678067161, 43.060177920336756], [-70.88335130529616, 43.06020100997459], [-70.88336574205137, 43.06022067654795], [-70.88339290945528, 43.06027368409722], [-70.88340319325167, 43.06028611643114], [-70.88341511359631, 43.06029525906591], [-70.88344031628846, 43.06030510921974], [-70.88349869143622, 43.06031660505388], [-70.88352156885686, 43.06032328780385], [-70.8835485329254, 43.06033528157503], [-70.8835916722118, 43.06035787113104], [-70.88364057641158, 43.06038740527139], [-70.88375497332571, 43.060468596877705], [-70.88378975316877, 43.06048825674567], [-70.88382355633122, 43.06050295812237], [-70.88388699634287, 43.06052298774987], [-70.8839587019204, 43.06053944801809], [-70.88403070053823, 43.06054985934668], [-70.88412983558091, 43.060557476656925], [-70.88416494245385, 43.06055809568883], [-70.88426018465877, 43.06055519756244], [-70.88428818682554, 43.060556723954484], [-70.88431269092085, 43.060560421023276], [-70.88436451809984, 43.060572517066625], [-70.8843813789131, 43.06057873633724], [-70.88439469989468, 43.06058587297844], [-70.88442041516365, 43.06060689384809], [-70.88442822672755, 43.06061711099087], [-70.88443251132115, 43.06062694395888], [-70.8844331499542, 43.06064777990716], [-70.88442534687738, 43.060664800868885], [-70.88440591941885, 43.06068694351304], [-70.88438775504112, 43.06070166123839], [-70.88436285287649, 43.06071507447177], [-70.88433512821094, 43.06072618558938], [-70.88426972341618, 43.06074874931368], [-70.88422117576702, 43.06076362924514], [-70.88410414222497, 43.060790716040586], [-70.88407627438042, 43.06079937227063], [-70.88405224629717, 43.06080891530991], [-70.88399226737545, 43.06083968406489], [-70.88396958391824, 43.06084726492527], [-70.88394317352943, 43.06085367708202], [-70.88386715392838, 43.060865569447124], [-70.88379187787623, 43.06087382388707], [-70.88372306003606, 43.060876795296245], [-70.88366019564238, 43.060874501836416], [-70.88360320008064, 43.06086693753749], [-70.88357633058693, 43.0608606118561], [-70.88350080198573, 43.06083884212613], [-70.88344991292277, 43.06083019703809], [-70.8833302631128, 43.060817825375175], [-70.88330164836981, 43.060812916241986], [-70.88327643970415, 43.06080679899507], [-70.88319110459332, 43.06077783353387], [-70.88317066450817, 43.060769461596], [-70.88313304831321, 43.06075794570267], [-70.88301408510749, 43.060727729969926], [-70.88293433319609, 43.06071449329925], [-70.88290790232904, 43.06070863134853], [-70.88287676245484, 43.06069784385062], [-70.8828156150783, 43.06067035351036], [-70.88278863054046, 43.060659966218665], [-70.88274066099639, 43.06064727477541], [-70.8826327370843, 43.06062658508456], [-70.88259232092267, 43.0606155476203], [-70.88256018111873, 43.060603470452065], [-70.88252590282853, 43.06058782837679], [-70.8824139095684, 43.06052755201251], [-70.88236965073533, 43.06050604353829], [-70.8823405126217, 43.06049463499827], [-70.88224839398949, 43.06046321260226], [-70.88222188600024, 43.06045079947489], [-70.8822010285272, 43.06043734307971], [-70.88217836622754, 43.06041851383475], [-70.88216035774623, 43.06040055724192], [-70.88214688186567, 43.06038335185056], [-70.88213795198082, 43.060366905855524], [-70.8821326152671, 43.06034921256242], [-70.88213040124704, 43.06032952521125], [-70.8821313724722, 43.06030832941913], [-70.88213549275187, 43.060286537703625], [-70.88214676006372, 43.06025657109131], [-70.88216429311896, 43.06021495160775], [-70.88217687791014, 43.06019122135498], [-70.88219169626825, 43.060171684070994], [-70.8822087043563, 43.060157274724304], [-70.88223261224748, 43.06014483632141], [-70.8822630131432, 43.06013459741157], [-70.8822988871273, 43.06012692546695], [-70.88233760225636, 43.060122394750984], [-70.88237819672511, 43.06012172600123]]]}, "properties": {"Shape_Leng": 1452.11365293, "Shape_Area": 98965.654393, "density": "sb", "hectares": 0.919424692565, "acres": 2.27194789387, "year_": 2012.0}}, {"type": "Feature", "geometry": {"type": "Polygon", "coordinates": [[[-70.88635995719481, 43.059290628973564], [-70.88634572064063, 43.05926353868887], [-70.88633409622466, 43.05923636629612], [-70.88632508271597, 43.059209111787766], [-70.8863186800883, 43.059181776964536], [-70.88631584884352, 43.059158095054414], [-70.88631595160341, 43.05913314951796], [-70.88631898588586, 43.059106748603305], [-70.88632499328261, 43.05907851632543], [-70.88634443358043, 43.05901925608404], [-70.8863853902616, 43.0589219080944], [-70.88640335255272, 43.05888209750382], [-70.88642439101986, 43.05884152204098], [-70.88647592906081, 43.05875764239783], [-70.88654059558732, 43.05866923798966], [-70.88662086922433, 43.05857290236641], [-70.88665221989665, 43.058540203371756], [-70.88669085135082, 43.05850546561283], [-70.88682852413034, 43.05839687014492], [-70.88687631816427, 43.05835640400723], [-70.88691819464096, 43.05831501626781], [-70.88695038674858, 43.05827508200495], [-70.88696783745029, 43.058246537886674], [-70.88743080486587, 43.05791130891023], [-70.88746619925251, 43.05789734623012], [-70.88750486052355, 43.057884712820275], [-70.88797712231728, 43.057605353255695], [-70.88834822887517, 43.05746783845325], [-70.888405203323, 43.05745852577223], [-70.88846451458369, 43.05744313214295], [-70.88852855489739, 43.057421870964234], [-70.888589342649, 43.057398434442426], [-70.8887397645366, 43.05733658693495], [-70.88882218763689, 43.05730703942098], [-70.88892350015973, 43.057276039538586], [-70.8890294812821, 43.057246276610734], [-70.88914061268606, 43.057217615271924], [-70.88925765181872, 43.05718985721573], [-70.8893803774534, 43.057163023425474], [-70.88951161502796, 43.057136463348726], [-70.8898134310087, 43.057081437718765], [-70.88996595655135, 43.05705612523261], [-70.89011281210095, 43.05703371760381], [-70.89025493241314, 43.0570140726691], [-70.89039289668058, 43.05699711156005], [-70.890527352796, 43.05698275857127], [-70.89065845559522, 43.05697100216287], [-70.89078648529336, 43.0569618172413], [-70.8909116507768, 43.05695518903], [-70.89096802753359, 43.05695105686502], [-70.89103554750551, 43.05694296566376], [-70.8912717710114, 43.05690587024205], [-70.8913570914289, 43.056894082764835], [-70.89143385228533, 43.056886669647234], [-70.89149849769086, 43.056884485380024], [-70.89153571049721, 43.05688586355007], [-70.89156891520895, 43.056889496476785], [-70.89159832511996, 43.05689540811237], [-70.89162406510238, 43.05690362541025], [-70.89164625490253, 43.05691419239171], [-70.89166492248012, 43.056927130852124], [-70.8916801128649, 43.05694247170373], [-70.89169185269698, 43.056960243933524], [-70.89171023437538, 43.05700426941907], [-70.89171855734676, 43.05704470534375], [-70.89171650692276, 43.0570703749414], [-70.8917068100677, 43.0570965346567], [-70.89168941323528, 43.05712334165385], [-70.8916641160223, 43.05715111233002], [-70.89163423875506, 43.05717732710373], [-70.8915965772313, 43.05720561533528], [-70.89145722873697, 43.057297365852705], [-70.8914286393232, 43.05731566335129], [-70.89139798305898, 43.0573325677891], [-70.89136519442503, 43.057348115627356], [-70.89133018448999, 43.05736235036975], [-70.89129289399679, 43.05737529861765], [-70.8912531329893, 43.057387032895186], [-70.8911653655146, 43.05740708701998], [-70.89108276120045, 43.0574206057728], [-70.89098761963508, 43.057431900696386], [-70.89089176929862, 43.05744040652856], [-70.89063964652424, 43.057459408066116], [-70.89050241543595, 43.05747402771548], [-70.8904320224636, 43.05748454125798], [-70.89036788334745, 43.057496749882475], [-70.89030883522618, 43.05751087705258], [-70.89025430552712, 43.05752706201752], [-70.89017948281872, 43.05755367538936], [-70.89009922696339, 43.05758611821179], [-70.89001061530183, 43.05762544543364], [-70.88974797990659, 43.057747314611795], [-70.88966257341814, 43.05778310497446], [-70.88958418256288, 43.0578122681971], [-70.8894632128503, 43.05785033737158], [-70.88916799779781, 43.057930565596536], [-70.88903661573008, 43.057970841890125], [-70.88881479264656, 43.05804743164438], [-70.88793377961836, 43.058568574864644], [-70.88789483823558, 43.05860525348789], [-70.88785600634623, 43.05863773897954], [-70.8878179035687, 43.058664989566516], [-70.887763172315, 43.05869880707684], [-70.88752407831994, 43.05881510900814], [-70.88747692304356, 43.05883121502939], [-70.88726912071066, 43.058892536841654], [-70.8872223425014, 43.058909683214566], [-70.88718183855994, 43.05892759603746], [-70.88710710922406, 43.05896549427993], [-70.8870492475075, 43.05899839715859], [-70.8870008628003, 43.059030516621746], [-70.88696112802906, 43.05906250686621], [-70.88694212419509, 43.05908194424217], [-70.88692439206379, 43.05910497113137], [-70.88690665874641, 43.05913332157791], [-70.88685673553829, 43.05922269981204], [-70.88683732599218, 43.05924954005217], [-70.88681659724432, 43.0592717903658], [-70.88677308163071, 43.0593136286736], [-70.8867476675258, 43.05933507200223], [-70.88672177615426, 43.059351941041044], [-70.88669648965869, 43.059362733590866], [-70.88667558437456, 43.05936820452415], [-70.88665369923262, 43.05937185404479], [-70.88663083667821, 43.05937368306899], [-70.88660699549717, 43.05937369068778], [-70.88655637600232, 43.05936824439858], [-70.88650184076705, 43.0593555151721], [-70.88635995719481, 43.059290628973564]]]}, "properties": {"Shape_Leng": 3610.01384371, "Shape_Area": 358894.490624, "density": "p", "hectares": 3.33425225881, "acres": 8.23911676322, "year_": 2012.0}}, {"type": "Feature", "geometry": {"type": "Polygon", "coordinates": [[[-70.89202734349844, 43.058734089484815], [-70.89184246403963, 43.05825188568206], [-70.89197687842459, 43.05786846528388], [-70.89203120653802, 43.05752210606893], [-70.89198628174917, 43.0571178254194], [-70.89203227388172, 43.05685407810436], [-70.89236277650124, 43.056682750575746], [-70.89291518593971, 43.056685524683424], [-70.89411162607897, 43.0568694217849], [-70.89512599459816, 43.056996176087594], [-70.896255141944, 43.05716096636833], [-70.89685094491676, 43.05735890634846], [-70.89708266493669, 43.05749801267477], [-70.89702616283904, 43.05777293617783], [-70.89692131674059, 43.05806057244517], [-70.89692045824908, 43.05811928977202], [-70.89691609389517, 43.058418032052906], [-70.89690910399835, 43.05843030558011], [-70.89675467680478, 43.05870144929935], [-70.89673116273869, 43.05874273464552], [-70.8963573439157, 43.058737018876364], [-70.89468492725187, 43.05876472976754], [-70.8942598300744, 43.05867646904755], [-70.89351402513357, 43.05872455316055], [-70.89254199847402, 43.05881211198398], [-70.89202734349844, 43.058734089484815]]]}, "properties": {"Shape_Leng": 3854.71435177, "Shape_Area": 876154.441667, "density": "p", "hectares": 8.1397736731, "acres": 20.1138187855, "year_": 2012.0}}, {"type": "Feature", "geometry": {"type": "Polygon", "coordinates": [[[-70.89794717869924, 43.06077150458825], [-70.89747746787586, 43.060290887144824], [-70.89708270938696, 43.05960651295343], [-70.89674753314715, 43.05909695846567], [-70.89668664240327, 43.05908400409736], [-70.89675467680478, 43.05870144929935], [-70.89690910399835, 43.05843030558011], [-70.89691609389517, 43.058418032052906], [-70.89692045824908, 43.05811928977202], [-70.89725715016763, 43.05788822967565], [-70.8979387282145, 43.05786501133491], [-70.89850334180399, 43.05773651911364], [-70.89907420160087, 43.05781043099641], [-70.89940151040923, 43.05788838468697], [-70.8999358525714, 43.057831862090396], [-70.90035948071876, 43.0578724750192], [-70.90070503396024, 43.05807294246541], [-70.90087794154364, 43.058229105216455], [-70.90090554763349, 43.05872109817169], [-70.90123304003325, 43.06029620400951], [-70.90130015368365, 43.06048952918157], [-70.90078175865676, 43.060498106891295], [-70.90004996994593, 43.060474525820894], [-70.8990971053863, 43.060657121600954], [-70.89840477070713, 43.060859211816734], [-70.89794717869924, 43.06077150458825]]]}, "properties": {"Shape_Leng": 3987.12808069, "Shape_Area": 1062535.50678, "density": "p", "hectares": 9.87131735402, "acres": 24.3925564035, "year_": 2012.0}}, {"type": "Feature", "geometry": {"type": "Polygon", "coordinates": [[[-70.89251834371636, 43.059415834963374], [-70.89275610053838, 43.059562035519974], [-70.89310874643303, 43.059901726507505], [-70.89331834236832, 43.060170537652056], [-70.89353598342778, 43.06039059858374], [-70.8934756201466, 43.060612186403546], [-70.89346360320168, 43.0608293335858], [-70.89385852197448, 43.06103311397327], [-70.89431595279618, 43.06141118869854], [-70.89483586893519, 43.06186754087176], [-70.89493471983914, 43.06225454237292], [-70.89436092551679, 43.062103751207516], [-70.89396162702768, 43.062115867902854], [-70.89336535883515, 43.06226664575043], [-70.89268040257677, 43.062281536029815], [-70.89145853029845, 43.06232788726222], [-70.89075073057997, 43.06231946534155], [-70.89073730758761, 43.062264648900026], [-70.89090349093212, 43.06213262792838], [-70.89136679876088, 43.061970065705836], [-70.89168099235141, 43.06170116914149], [-70.89179778695524, 43.061316663988016], [-70.89182378970251, 43.060907900279126], [-70.89182708863424, 43.06053919491899], [-70.89178328379114, 43.06019147476296], [-70.89203297539866, 43.05983247955236], [-70.89230079813076, 43.05948382152104], [-70.89251834371636, 43.059415834963374]]]}, "properties": {"Shape_Leng": 3685.62332115, "Shape_Area": 562681.105033, "density": "h", "hectares": 5.22749943079, "acres": 12.9174324096, "year_": 2012.0}}, {"type": "Feature", "geometry": {"type": "Polygon", "coordinates": [[[-70.8972556816075, 43.06126423738396], [-70.89799490031268, 43.06100181425175], [-70.89843405126219, 43.061018352078015], [-70.89959727694584, 43.06080844426887], [-70.90030657921984, 43.06062988992254], [-70.90066417271144, 43.06063586226152], [-70.90081762105461, 43.0613957083472], [-70.90087994784696, 43.06183543226371], [-70.9006898278529, 43.06251759905878], [-70.90016642819545, 43.063455462781306], [-70.89991971750052, 43.063734896791175], [-70.89953160648975, 43.063942502692434], [-70.89800549368725, 43.06450389164434], [-70.89789413609827, 43.06473993148841], [-70.89788476861187, 43.06475978736473], [-70.89726872939255, 43.06480336115243], [-70.89662035899217, 43.06485223116522], [-70.8959627015747, 43.0648107180038], [-70.8958164642569, 43.064636283313895], [-70.89581622249092, 43.06463549224237], [-70.89578761726656, 43.06438191625934], [-70.8957491571857, 43.064040982353525], [-70.89573557842925, 43.06360044735544], [-70.89572775516456, 43.063574133290786], [-70.89564051432771, 43.06328071433567], [-70.8956086985389, 43.06317370280184], [-70.89558896452189, 43.06237775796841], [-70.89580064903106, 43.06181952643118], [-70.89643279383107, 43.06146227820922], [-70.8972556816075, 43.06126423738396]]]}, "properties": {"Shape_Leng": 4896.43184112, "Shape_Area": 1577131.58114, "density": "sb", "hectares": 14.6520904451, "acres": 36.2061039873, "year_": 2012.0}}, {"type": "Feature", "geometry": {"type": "Polygon", "coordinates": [[[-70.90073599938275, 43.0606272873795], [-70.9007887284723, 43.06062429437936], [-70.90083991912661, 43.060625560535875], [-70.90088957136743, 43.06063108495112], [-70.90093764614532, 43.06064232923165], [-70.90098896041869, 43.06066167953731], [-70.90103956497654, 43.060686372043996], [-70.90113991362685, 43.06074128454012], [-70.90124856543311, 43.060801282599435], [-70.90128966368135, 43.06082724365298], [-70.90132530703197, 43.06085256239961], [-70.90136540840261, 43.06088563885369], [-70.90140587040622, 43.060924368032545], [-70.9014707688897, 43.06096482958349], [-70.90156913225134, 43.06103562261603], [-70.9016072712557, 43.0610921675334], [-70.90165054153218, 43.06123058601733], [-70.90171747980101, 43.06130213471087], [-70.90176209336337, 43.06136749044698], [-70.90180293680694, 43.0614349318501], [-70.90183829950928, 43.061502426624095], [-70.90186903275136, 43.06157160975934], [-70.90189562843672, 43.06164359714906], [-70.90198194509128, 43.06190593342512], [-70.90200766756256, 43.06199535651812], [-70.9020257956121, 43.0620702803353], [-70.90205142324773, 43.0621790013873], [-70.90208112775471, 43.06228497626707], [-70.90211151560162, 43.0623761777194], [-70.9021415001589, 43.062449554132066], [-70.90215734682292, 43.062475628814944], [-70.90218110657243, 43.06249551102516], [-70.90218740826298, 43.062503799520584], [-70.90219335830776, 43.06252270309418], [-70.90219670200285, 43.062553466012375], [-70.9021939266061, 43.0625849567922], [-70.90217135921807, 43.06273754935923], [-70.90216941684051, 43.062771553557674], [-70.9021724376438, 43.06278848600819], [-70.90219291143715, 43.062816242496126], [-70.90222208489845, 43.062849299647105], [-70.90230918182102, 43.062934151127656], [-70.90233358984696, 43.06295809737173], [-70.90234606574603, 43.06297496604585], [-70.90235497312594, 43.06299536833018], [-70.90236761226639, 43.06303665052233], [-70.90238797351878, 43.06308978632828], [-70.90238830000872, 43.063103133430396], [-70.90238295947572, 43.06311263499315], [-70.90237007246228, 43.06311857911774], [-70.90232981092325, 43.06312679424955], [-70.90231859688483, 43.063132764845214], [-70.90231533510038, 43.0631382880649], [-70.90231444242933, 43.06314561303266], [-70.9023209314246, 43.06317756806499], [-70.90232036430062, 43.063189915418064], [-70.90231094403747, 43.06320694029754], [-70.9022929909976, 43.063223903680836], [-70.90227301262533, 43.0632374806207], [-70.90220610101608, 43.06327758510925], [-70.90214698296136, 43.06331815300039], [-70.90208463799283, 43.0633578729506], [-70.90201923689895, 43.06339663447563], [-70.90195100230719, 43.063434304933615], [-70.90187410983809, 43.06347327763542], [-70.90178982674317, 43.06351214507695], [-70.90169695390499, 43.06355147263007], [-70.90159197754858, 43.06359275265694], [-70.90149908707613, 43.06362459417318], [-70.90139378741232, 43.06365394559285], [-70.9012690519291, 43.06368273124201], [-70.90022733083707, 43.06401568490098], [-70.90016240408838, 43.06403908455048], [-70.90008997033573, 43.06406275163302], [-70.89910721556774, 43.0644828279623], [-70.89894266875409, 43.064503983398275], [-70.89889905765715, 43.0645149743551], [-70.89885238862419, 43.0645242713746], [-70.89880216810086, 43.06453197466003], [-70.89874739233991, 43.064538240400545], [-70.89864513375512, 43.06454581854293], [-70.89840540784321, 43.06455730136182], [-70.89829312087261, 43.06456727740995], [-70.898243545538, 43.06457413412806], [-70.89819752165177, 43.06458238832269], [-70.8981544216773, 43.064592152805], [-70.89789413609827, 43.06473993148841], [-70.89800549368725, 43.06450389164434], [-70.89953160648975, 43.063942502692434], [-70.89991971750052, 43.063734896791175], [-70.90016642819545, 43.063455462781306], [-70.9006898278529, 43.06251759905878], [-70.90087994784696, 43.06183543226371], [-70.90081762105461, 43.0613957083472], [-70.90066417271144, 43.06063586226152], [-70.90069650381557, 43.06063256443313], [-70.90073599938275, 43.0606272873795]]]}, "properties": {"Shape_Leng": 4334.99425805, "Shape_Area": 467085.106505, "density": "h", "hectares": 4.33937999081, "acres": 10.7228414796, "year_": 2012.0}}, {"type": "Feature", "geometry": {"type": "MultiPolygon", "coordinates": [[[[-70.90247374293013, 43.062796959874596], [-70.90247634483816, 43.06280512372865], [-70.90246344789395, 43.06280396640882], [-70.90247374293013, 43.062796959874596]]], [[[-70.90247374293013, 43.062796959874596], [-70.90244597068886, 43.06269931821957], [-70.90242428885925, 43.06260138687042], [-70.90240869862886, 43.062503166738665], [-70.9023991987411, 43.06240465781834], [-70.90239583297621, 43.062333661951925], [-70.9023953664642, 43.06226744731236], [-70.90239779092838, 43.06220499936032], [-70.9024031306101, 43.062145848372246], [-70.90244035624474, 43.061859355292384], [-70.90245880342506, 43.06174445648726], [-70.90247853140701, 43.0616393068999], [-70.9025067693673, 43.061508254316145], [-70.90251825339789, 43.06144572552358], [-70.90252577676323, 43.0613831216732], [-70.90252774078515, 43.06132560803159], [-70.9025249267915, 43.06102414514041], [-70.9025388940151, 43.0609586650822], [-70.90257742390546, 43.060806457127654], [-70.90259282001199, 43.06073751376933], [-70.90260445137352, 43.060664781687294], [-70.90260886209154, 43.06059974190113], [-70.90260702765903, 43.06050793185484], [-70.90259858574386, 43.06042604520374], [-70.90258876545496, 43.060383387486425], [-70.90257143922751, 43.06033640657329], [-70.9025506823619, 43.06029195471442], [-70.90249696846601, 43.060187257157104], [-70.90247422096412, 43.06013476342947], [-70.90245930431006, 43.06008464981534], [-70.9024537995253, 43.06003870469951], [-70.90245533338783, 43.059986371316526], [-70.90246199169229, 43.05993202698193], [-70.90247366502304, 43.059876572928246], [-70.90249010784001, 43.05982119573053], [-70.90251645079195, 43.0597578470755], [-70.90255377620808, 43.05969051110692], [-70.9026026993947, 43.05961777776466], [-70.90266959282624, 43.05953014964048], [-70.9027587275705, 43.05942383761801], [-70.90280077500014, 43.05937865731475], [-70.9028423206843, 43.05933749917977], [-70.90288415955513, 43.05929961688243], [-70.9029262140733, 43.05926512602612], [-70.90296869383606, 43.059233855177986], [-70.90301172891984, 43.05920570978821], [-70.90305859922967, 43.05917833350914], [-70.90310796695178, 43.05915219989766], [-70.9031594317222, 43.05912752051833], [-70.90321257612781, 43.05910449602069], [-70.9032669533979, 43.05908331875765], [-70.90332215278472, 43.059064147116906], [-70.90337775386702, 43.059047127720355], [-70.90343335864311, 43.05903238123541], [-70.90350774647573, 43.0590155734878], [-70.90357675521491, 43.0590029047834], [-70.90364149712421, 43.05899417281], [-70.90370234229324, 43.05898933143347], [-70.90382979711609, 43.05898451909004], [-70.90387641134177, 43.058985085458744], [-70.90391783317982, 43.058987608362784], [-70.90395667111655, 43.05899239594609], [-70.90399155273862, 43.05899944626605], [-70.90402279640243, 43.05900882535956], [-70.90405055496537, 43.059020581056764], [-70.90409074575203, 43.059044187437046], [-70.90413294058321, 43.05907596804362], [-70.90415138988094, 43.05909291684211], [-70.90416837410578, 43.05911189294685], [-70.90418404950707, 43.05913306663033], [-70.90419868290962, 43.05915679883633], [-70.9042229495873, 43.05920635881653], [-70.90426429707136, 43.05930852294982], [-70.90429326314472, 43.05938116382043], [-70.90431688403785, 43.05945333339525], [-70.9043349941492, 43.059524524682274], [-70.90434749395014, 43.05959434725019], [-70.90434984862048, 43.059631691833154], [-70.9043477482845, 43.05972710511731], [-70.90435050879142, 43.05975388807947], [-70.90435619589012, 43.05977750125615], [-70.9043743195468, 43.059829575843054], [-70.90439175432861, 43.05986620982787], [-70.9044126146911, 43.05989606138864], [-70.90443727595851, 43.05991915642774], [-70.90446998319823, 43.05993836773475], [-70.90453413750664, 43.05996624280955], [-70.90459537240203, 43.05998987393796], [-70.90466192497257, 43.06000847882148], [-70.90473438359722, 43.06002222609836], [-70.90481386883367, 43.06003133295561], [-70.90489476695053, 43.06003578901458], [-70.90498622897952, 43.06003664716183], [-70.90508190874769, 43.060034456545466], [-70.90534879261864, 43.06002435741103], [-70.90542964917694, 43.06002354235595], [-70.9055013169161, 43.060025024554584], [-70.90558205439814, 43.060030164083926], [-70.90565570336442, 43.060039101917326], [-70.90572369303798, 43.06005201410241], [-70.90578672390345, 43.060069039431134], [-70.90588497011395, 43.06009846275929], [-70.90591254388463, 43.06010924729841], [-70.9059351749871, 43.0601207533112], [-70.90596958347096, 43.060143405123014], [-70.90599936888631, 43.06016803626048], [-70.90602214483793, 43.06019265410527], [-70.90603704566513, 43.060216280730806], [-70.90604253336167, 43.060231948551184], [-70.90604497166044, 43.060249206496024], [-70.9060443685619, 43.060268102327356], [-70.90604072036197, 43.06028873683885], [-70.90602459903789, 43.06033493951212], [-70.90599416544198, 43.06039480515185], [-70.90597909537895, 43.0604171370604], [-70.90593986916525, 43.06046452017675], [-70.90592679542308, 43.060484746363265], [-70.9059116299017, 43.0605209509524], [-70.90590169567811, 43.06056248147953], [-70.90589660988377, 43.06060992230737], [-70.9058952334454, 43.06067388509591], [-70.90589910481692, 43.06071622483097], [-70.90592287390317, 43.06082088375534], [-70.90592815675092, 43.0608688093859], [-70.90592982557196, 43.06089587670126], [-70.90593436028588, 43.060924383526356], [-70.90596054347922, 43.06102413999286], [-70.90596855035717, 43.06106800418577], [-70.90596876810001, 43.06108355686144], [-70.90596597399575, 43.06110172969634], [-70.90593874686257, 43.06118857472987], [-70.90593487519888, 43.06120811224991], [-70.90593425269563, 43.06122450279297], [-70.90593262076248, 43.06127348605333], [-70.90592168534008, 43.06132528889001], [-70.90590175912637, 43.06137834889457], [-70.90587374001342, 43.061430241589804], [-70.9058486860483, 43.0614666099654], [-70.90582104662785, 43.06150010132556], [-70.90579175513419, 43.06152959306928], [-70.9057613646367, 43.06155453797263], [-70.9057424469231, 43.061566733623515], [-70.90572081795776, 43.06157758980248], [-70.90569626396308, 43.06158721940724], [-70.90566833468395, 43.06159579767409], [-70.90561058651157, 43.06160870725074], [-70.90549450372549, 43.06162794131951], [-70.90544786916526, 43.06163699192089], [-70.90540197524786, 43.06164888834661], [-70.9053636697789, 43.06166283360072], [-70.90529197295615, 43.06169340864739], [-70.90525214306025, 43.06171248365573], [-70.90521810619637, 43.06173246585455], [-70.90519154160097, 43.061752973051505], [-70.90510626506823, 43.06179331440997], [-70.90508973249645, 43.06179211788854], [-70.90505309751951, 43.06179814281402], [-70.90502199989399, 43.06180421088372], [-70.90499165614068, 43.061813939526985], [-70.90496173476441, 43.06182743005667], [-70.9049316296271, 43.06184495388846], [-70.90488021064218, 43.06188315931422], [-70.90476406638429, 43.0619835329742], [-70.90473182877575, 43.062006998037035], [-70.90470094646554, 43.06202570484876], [-70.90463916517018, 43.06205593593101], [-70.904566237208, 43.062085537346604], [-70.90449368745367, 43.06211116161151], [-70.90431638719113, 43.062169688452784], [-70.90422877877536, 43.06220235502749], [-70.9041869211105, 43.062220361160854], [-70.90414903087279, 43.062238689868764], [-70.90411448064353, 43.062257645730384], [-70.90408295274655, 43.062277403964046], [-70.90404921010835, 43.06230172116028], [-70.90394793470315, 43.06238047122504], [-70.90386881215773, 43.06243277623701], [-70.9037830332025, 43.06248329320234], [-70.90369044322358, 43.062532114692274], [-70.90359079508283, 43.06257936956602], [-70.90348407244524, 43.062625087401656], [-70.90336946169752, 43.06266963722053], [-70.90324622880235, 43.0627133066551], [-70.90311279167292, 43.06275665852546], [-70.90301984060552, 43.062785634758335], [-70.90296144688953, 43.06280066757227], [-70.90283905806429, 43.062823670847706], [-70.90271972715703, 43.06284025553738], [-70.9026232104304, 43.062847698239594], [-70.90258406004196, 43.06284801294486], [-70.90255133039327, 43.062846048988455], [-70.90253326412603, 43.06284169848619], [-70.90251945600019, 43.062832851293656], [-70.90251140823275, 43.06282280484035], [-70.90250010347731, 43.062798920929566], [-70.90249474837627, 43.062792598428544], [-70.90248616562702, 43.062791425812314], [-70.90247374293013, 43.062796959874596]]]]}, "properties": {"Shape_Leng": 4029.67814314, "Shape_Area": 892521.006986, "density": "p", "hectares": 8.29182464855, "acres": 20.4895449284, "year_": 2012.0}}, {"type": "Feature", "geometry": {"type": "Polygon", "coordinates": [[[-70.90614433716415, 43.06109587952703], [-70.9060913120578, 43.060872741997706], [-70.90645047529108, 43.06049498667303], [-70.90683308622731, 43.06025989082308], [-70.90740345356632, 43.05979294571899], [-70.9082248938368, 43.05925033522723], [-70.90839759492214, 43.0591616847307], [-70.90849723377339, 43.059231497306854], [-70.90846092409261, 43.05931787232366], [-70.90786975555905, 43.059742285302356], [-70.90643851848522, 43.06073819900947], [-70.90614433716415, 43.06109587952703]]]}, "properties": {"Shape_Leng": 1934.60833979, "Shape_Area": 55204.4295521, "density": "p", "hectares": 0.512867984155, "acres": 1.26732438867, "year_": 2012.0}}, {"type": "Feature", "geometry": {"type": "Polygon", "coordinates": [[[-70.8842406366217, 43.0684902803416], [-70.88434116013063, 43.068443118589684], [-70.88438851928008, 43.0684152969772], [-70.88446113675238, 43.06837593688851], [-70.88450438203198, 43.068354062384586], [-70.88454974098616, 43.068333580458884], [-70.88459730007888, 43.068314450292426], [-70.88464717406765, 43.0682966267584], [-70.88469944195904, 43.06828007618753], [-70.88475434538334, 43.068264721013264], [-70.88487307160185, 43.06823731840696], [-70.8849915380269, 43.06821605210931], [-70.88512678158934, 43.06819693103775], [-70.8852523949252, 43.06818231507054], [-70.88559925906081, 43.06814568448314], [-70.88591102801566, 43.06809127644024], [-70.88638530949392, 43.06800329521879], [-70.8865226870184, 43.067986127796324], [-70.8866608935792, 43.06797609604571], [-70.88672949187112, 43.06797381991079], [-70.88679739525878, 43.06797338253143], [-70.88686434098365, 43.06797478571902], [-70.88693009460309, 43.06797802517729], [-70.88696077985156, 43.06797901559907], [-70.88699378296009, 43.0679781782724], [-70.8871332062486, 43.06796581291879], [-70.88719749891617, 43.06796449195049], [-70.88727985641825, 43.06796989577433], [-70.88744959470702, 43.06798754897805], [-70.88751847107727, 43.06799317228821], [-70.88756973801482, 43.06799750455727], [-70.88762756729534, 43.068004556761], [-70.8876870223813, 43.06801372368222], [-70.8877430399919, 43.06802422822004], [-70.8877902868438, 43.06803499349178], [-70.8878278458572, 43.068045723414386], [-70.88785420258476, 43.06805598101344], [-70.88786872670379, 43.06806551266193], [-70.88787168551606, 43.068070854558414], [-70.88787091861617, 43.06807654016562], [-70.88786642710545, 43.06808257939272], [-70.8878581985123, 43.06808898745718], [-70.8878304667676, 43.06810296457353], [-70.88778725004127, 43.06811871582659], [-70.88768937772824, 43.06814699344974], [-70.8874475683227, 43.06820770318849], [-70.88735914992175, 43.06823207428688], [-70.88709233964877, 43.068312573211], [-70.88690727199274, 43.06836512760112], [-70.88673739555982, 43.06840865308221], [-70.88658072547831, 43.068443317124164], [-70.88650975722048, 43.06845642216707], [-70.8863473533714, 43.06848323158974], [-70.88627381236367, 43.06849743784429], [-70.88616462633237, 43.068524433487404], [-70.88591990164976, 43.06859675110326], [-70.88580885397002, 43.06862548812083], [-70.88568093786235, 43.0686534419878], [-70.88556379044697, 43.068676467915736], [-70.88545359983073, 43.068695314054416], [-70.88534887608344, 43.06871022589734], [-70.885211107071, 43.06872529365526], [-70.8850692074893, 43.068736032960025], [-70.8849238139647, 43.06874239593595], [-70.88477572873582, 43.068744345743596], [-70.88469934005742, 43.0687469446396], [-70.88448498541568, 43.068762022855836], [-70.88442447482706, 43.068762750641056], [-70.88437331000621, 43.068759817413174], [-70.88431030491843, 43.068750188822015], [-70.88428593475845, 43.06874487597901], [-70.88427305850621, 43.06874057338417], [-70.88424699554665, 43.06872114431742], [-70.88422633964701, 43.06869988887983], [-70.88421419632856, 43.06868014810688], [-70.88420628456751, 43.068660261635195], [-70.88420227719237, 43.06863940628063], [-70.88420202919919, 43.06861681951483], [-70.88420551172005, 43.06859177831013], [-70.88421285221605, 43.06856323844936], [-70.8842406366217, 43.0684902803416]]]}, "properties": {"Shape_Leng": 2117.3172461, "Shape_Area": 146038.566921, "density": "sb", "hectares": 1.3567481094, "acres": 3.35259759129, "year_": 2012.0}}, {"type": "Feature", "geometry": {"type": "Polygon", "coordinates": [[[-70.88573598016218, 43.06934743309731], [-70.88564587462113, 43.0692702962701], [-70.88566425374566, 43.06924948033593], [-70.88570179227585, 43.06918922852846], [-70.88571268425719, 43.06917702284937], [-70.8857238738798, 43.06916854767209], [-70.88575309568373, 43.069153813399964], [-70.88578801652703, 43.06914055646904], [-70.88582892269325, 43.06912866360679], [-70.88587647841544, 43.069117941303304], [-70.88597273222824, 43.06910206203167], [-70.88618670260115, 43.06907475780732], [-70.88626580167424, 43.06906042388542], [-70.88632479841607, 43.069048006099365], [-70.88639056556718, 43.069036329372864], [-70.88667476104825, 43.06899538220538], [-70.88679930644156, 43.06897300416687], [-70.88692670485139, 43.0689440607463], [-70.88721078536356, 43.06887365905477], [-70.8872928726804, 43.0688555208868], [-70.88737179299548, 43.06884003907524], [-70.88772330824598, 43.06878322058611], [-70.88781209532448, 43.068765661446015], [-70.8878842628982, 43.06874782890463], [-70.88807650741386, 43.06865888680053], [-70.88810581053228, 43.068641059521106], [-70.88813879962998, 43.068625252970755], [-70.88817581448151, 43.068611298427], [-70.88821756446151, 43.06859892706218], [-70.88830040674073, 43.06858094003203], [-70.88845738556813, 43.06855540158053], [-70.88851786930987, 43.06854415938434], [-70.8885770765036, 43.068530073865205], [-70.88862773789782, 43.06851398586197], [-70.88875820949336, 43.06845819594842], [-70.88881067554343, 43.068439491657756], [-70.88885913087663, 43.06842628617863], [-70.88890800743962, 43.06841530424227], [-70.88895662931321, 43.06840669428217], [-70.88900445504346, 43.068400554337394], [-70.88908876709104, 43.06838912270395], [-70.88912730688487, 43.06838630602016], [-70.8891624457184, 43.068388736666535], [-70.8891769398437, 43.06839230977043], [-70.88918958664365, 43.06839749691491], [-70.88922017297165, 43.0684176991236], [-70.88923173440777, 43.068428813659814], [-70.88923962337164, 43.06843955578262], [-70.88924503783629, 43.0684550033456], [-70.88924559960317, 43.06847369903262], [-70.88924126062182, 43.068495267149565], [-70.88923229284035, 43.06851829898907], [-70.88922232438898, 43.0685341443348], [-70.88920719720633, 43.06855073597241], [-70.88918699806456, 43.06856820231234], [-70.8891565369848, 43.068591024203485], [-70.88868523295838, 43.06879893515856], [-70.88864007792452, 43.0688226930995], [-70.88858746204173, 43.06884622386171], [-70.88852749549294, 43.06886974602341], [-70.8884349648667, 43.0689031303164], [-70.88839242643206, 43.06891725261391], [-70.88834355768218, 43.06893136244546], [-70.88813753821074, 43.06898392393955], [-70.88805802339854, 43.06900941653865], [-70.8877787399661, 43.06912123794079], [-70.88775086393946, 43.069131445073694], [-70.88769647660838, 43.069146667471855], [-70.88748940007122, 43.06919708811586], [-70.88738679586791, 43.06922037245979], [-70.88728980124829, 43.06923581669774], [-70.88721117393892, 43.06924373368376], [-70.88702332028821, 43.069257338160526], [-70.88692775149009, 43.06926702806719], [-70.88626548128234, 43.069367769467604], [-70.88611188545586, 43.069395070694775], [-70.88605131897674, 43.06940383110512], [-70.8859907207843, 43.069407930227534], [-70.88596516537388, 43.06940726259449], [-70.88594246548672, 43.06940478260771], [-70.88587962515936, 43.069393613127055], [-70.88582991013598, 43.069381752732546], [-70.88578332594825, 43.06936680182051], [-70.88573598016218, 43.06934743309731]]]}, "properties": {"Shape_Leng": 2121.39065806, "Shape_Area": 109859.367644, "density": "sb", "hectares": 1.02063100518, "acres": 2.52203413872, "year_": 2012.0}}, {"type": "Feature", "geometry": {"type": "Polygon", "coordinates": [[[-70.90120058046759, 43.06673801337879], [-70.9011251490017, 43.06673656001222], [-70.90104431871033, 43.06673820124136], [-70.9010437452129, 43.06673821270714], [-70.90101699174525, 43.066739871842536], [-70.9010165580193, 43.06673989864597], [-70.90089366330879, 43.066747521651784], [-70.90081984770966, 43.0667541416548], [-70.90065621586746, 43.06676881639142], [-70.90054622862516, 43.066778680413854], [-70.9004855761781, 43.06678239258391], [-70.90046065244842, 43.06678391801357], [-70.90038346713887, 43.06678645453854], [-70.90033815659196, 43.066786416666254], [-70.90031227607034, 43.06678639547782], [-70.9002453036823, 43.06678376135673], [-70.90018167503503, 43.0667785175171], [-70.90012089833499, 43.0667706219632], [-70.89999260215573, 43.06675552641827], [-70.89996205495562, 43.06674792422036], [-70.89994116381081, 43.06673786985648], [-70.89992702236596, 43.06672361374581], [-70.89991780327706, 43.0667040112423], [-70.89991367311067, 43.066679390222234], [-70.89991476037046, 43.06665047257744], [-70.89992134713086, 43.06661718368389], [-70.8999330482533, 43.066582743542746], [-70.8999488591415, 43.06655013126145], [-70.89996702135963, 43.0665230167228], [-70.89997730550576, 43.06651222876178], [-70.89999029893404, 43.06650215657737], [-70.90002508876225, 43.066483677069364], [-70.90006689381399, 43.066468352808165], [-70.9001936349061, 43.06642946589348], [-70.90022847642138, 43.0664148114612], [-70.90025564549774, 43.06639909835118], [-70.9002745258419, 43.06638409846259], [-70.90029331435447, 43.06636523445709], [-70.9003474009601, 43.06629771808744], [-70.9003678021227, 43.06627505357918], [-70.90039007175163, 43.066255750184546], [-70.90041325298793, 43.066241618924074], [-70.90044444464709, 43.06622802108151], [-70.90047770426361, 43.06621684951267], [-70.90051303184033, 43.06620810421576], [-70.90055042736941, 43.06620178608906], [-70.90058989087706, 43.06619789333034], [-70.90063142235643, 43.06619642683761], [-70.90067502180105, 43.066197387508765], [-70.90072068922747, 43.066200774441334], [-70.90284952519418, 43.06516474116873], [-70.90285431072257, 43.06516721975366], [-70.90290234531285, 43.065192101305584], [-70.9029058951234, 43.06519393972642], [-70.90290983024657, 43.06519579332109], [-70.90296312894156, 43.06522090171551], [-70.90302122418841, 43.06524562711827], [-70.90307001932936, 43.065264239538685], [-70.90308018331393, 43.0652681159498], [-70.90313811030325, 43.06528563256511], [-70.9031502775049, 43.0652880586707], [-70.90317428246604, 43.0652928456686], [-70.90320047227058, 43.065298067614066], [-70.90324413596494, 43.06530290473655], [-70.90326774554856, 43.06530552058449], [-70.90328617528594, 43.065306168323424], [-70.9033407944488, 43.065308089049665], [-70.90340173772455, 43.065306335157864], [-70.90342230064725, 43.06530574317582], [-70.90343942848781, 43.065304355039714], [-70.90351408701419, 43.06529830606714], [-70.90361298867458, 43.06528655413993], [-70.9036605116774, 43.06528005948057], [-70.90389623017907, 43.06524784689567], [-70.90398310959684, 43.06523909397065], [-70.904059830237, 43.065234456338516], [-70.90414658273565, 43.06523415677477], [-70.90422524590423, 43.06523999457045], [-70.90429739097047, 43.065252090029674], [-70.9043312645423, 43.065260526978776], [-70.90436377743082, 43.06527058054812], [-70.9044292646168, 43.065296751530234], [-70.90456892160604, 43.065362566335], [-70.90459925799667, 43.0653743921662], [-70.9046272839445, 43.065385317743534], [-70.90464179605432, 43.06538953622745], [-70.90465750335132, 43.06539410112943], [-70.90467324121461, 43.06539748701921], [-70.90469277243456, 43.06540168850841], [-70.90476419473626, 43.06541238990914], [-70.9048217585562, 43.06542101504465], [-70.9048708051285, 43.065430581732755], [-70.90491751516569, 43.06544482539628], [-70.90493714739108, 43.06545346441962], [-70.90495463897372, 43.06546325400183], [-70.90495416465687, 43.065463882759055], [-70.904615911961, 43.06591206149977], [-70.90441254597809, 43.06603915760155], [-70.90412419390246, 43.066194531879546], [-70.90346148461055, 43.06655161935824], [-70.90328531366411, 43.066646543857246], [-70.90313785925895, 43.066724039902226], [-70.90307706026884, 43.066755993275706], [-70.90306356407439, 43.06676308561743], [-70.90300940358435, 43.06678810158959], [-70.90299595267713, 43.066794313866296], [-70.90293321213397, 43.0668191753259], [-70.90286586327173, 43.06684180689484], [-70.90284718504222, 43.06684808328165], [-70.90279963299146, 43.06686175620435], [-70.90279957137469, 43.06686177469648], [-70.90276137250865, 43.066872757338984], [-70.90268979827313, 43.066889801192275], [-70.90267695985749, 43.06689285794909], [-70.90261446902589, 43.06690451551275], [-70.90261441610312, 43.06690452596137], [-70.90259476842805, 43.06690819076308], [-70.90255049507833, 43.06691419448306], [-70.90253221142324, 43.06691667296588], [-70.90247040078653, 43.06692229580084], [-70.90247034915848, 43.06692230085705], [-70.90246649952044, 43.066922650516865], [-70.90239751716081, 43.066926136141284], [-70.90232794243263, 43.066927100012286], [-70.90232507516112, 43.066927139371536], [-70.90224921632976, 43.06692567398952], [-70.90216922612144, 43.06692174061576], [-70.90215638007815, 43.06692076543422], [-70.90208450452064, 43.06691531182842], [-70.90203422420147, 43.066910316632175], [-70.90199355262547, 43.06690627588265], [-70.90196192061316, 43.06690166811225], [-70.90191859097625, 43.0668953564663], [-70.90190625248073, 43.06689276255528], [-70.90184443266882, 43.06687976602446], [-70.90183718337522, 43.06687824220686], [-70.90179108871561, 43.06686621760286], [-70.90174911451244, 43.06685526831227], [-70.90166888773172, 43.06683186518759], [-70.90157030534414, 43.06680310753859], [-70.90151702173485, 43.06678856741325], [-70.90149373807203, 43.066782214107434], [-70.90147320825866, 43.06677743829307], [-70.90141250516264, 43.06676331659126], [-70.90137449504536, 43.06675664514077], [-70.90133883216448, 43.06675038544737], [-70.90132658465276, 43.066748969495215], [-70.90127155671352, 43.06674260456974], [-70.90124610527043, 43.06674095806799], [-70.90120058046759, 43.06673801337879]]]}, "properties": {"Shape_Leng": 3173.75112046, "Shape_Area": 476603.163636, "density": "h", "hectares": 4.42780598875, "acres": 10.9413468791, "year_": 2012.0}}, {"type": "Feature", "geometry": {"type": "Polygon", "coordinates": [[[-70.90422524590423, 43.06523999457045], [-70.90414658273565, 43.06523415677477], [-70.904059830237, 43.065234456338516], [-70.90398310959684, 43.06523909397065], [-70.90389623017907, 43.06524784689567], [-70.9036605116774, 43.06528005948057], [-70.90343942848781, 43.065304355039714], [-70.90342230064725, 43.06530574317582], [-70.90340173772455, 43.065306335157864], [-70.90328617528594, 43.065306168323424], [-70.90326774554856, 43.06530552058449], [-70.90324413596494, 43.06530290473655], [-70.90317428246604, 43.0652928456686], [-70.9031502775049, 43.0652880586707], [-70.90307001932936, 43.065264239538685], [-70.90302122418841, 43.06524562711827], [-70.90296312894156, 43.06522090171551], [-70.90290983024657, 43.06519579332109], [-70.90290234531285, 43.065192101305584], [-70.90285431072257, 43.06516721975366], [-70.90379468749583, 43.06453639583966], [-70.9037985128976, 43.064533829771634], [-70.90379903780654, 43.06453347770643], [-70.90379910394039, 43.0645334907496], [-70.90454739151072, 43.06468299696217], [-70.90471469964756, 43.064716424241084], [-70.90471871863744, 43.064716365485495], [-70.90489182887174, 43.06471381831135], [-70.90520206132936, 43.06470925245385], [-70.90520350792941, 43.06470862746467], [-70.90559974162653, 43.06453746255824], [-70.90560452152717, 43.06453672920884], [-70.90572933019456, 43.064517587272846], [-70.9059773937673, 43.06447954200884], [-70.90623528662782, 43.06432215487471], [-70.90674378361707, 43.06421746545368], [-70.90739540305245, 43.064038442813825], [-70.90804105994685, 43.06387511628186], [-70.90811734884413, 43.06390164841963], [-70.90857756279624, 43.0640726577503], [-70.90913595909281, 43.0642719718263], [-70.90925553136776, 43.06445445405036], [-70.90832661546693, 43.06436274245968], [-70.90783204375694, 43.06437293400261], [-70.90727333313792, 43.06445178172478], [-70.9061587849003, 43.06466095669953], [-70.90495416465687, 43.065463882759055], [-70.90495463897372, 43.06546325400183], [-70.90493714739108, 43.06545346441962], [-70.90491751516569, 43.06544482539628], [-70.9048708051285, 43.065430581732755], [-70.9048217585562, 43.06542101504465], [-70.90476419473626, 43.06541238990914], [-70.90467324121461, 43.06539748701921], [-70.90465750335132, 43.06539410112943], [-70.90464179605432, 43.06538953622745], [-70.90459925799667, 43.0653743921662], [-70.90456892160604, 43.065362566335], [-70.9044292646168, 43.065296751530234], [-70.90436377743082, 43.06527058054812], [-70.9043312645423, 43.065260526978776], [-70.90429739097047, 43.065252090029674], [-70.90422524590423, 43.06523999457045]]]}, "properties": {"Shape_Leng": 3824.0908869, "Shape_Area": 275432.984904, "density": "p", "hectares": 2.55886639684, "acres": 6.32309657115, "year_": 2012.0}}, {"type": "Feature", "geometry": {"type": "MultiPolygon", "coordinates": [[[[-70.90590019154322, 43.063470043897375], [-70.90675860047352, 43.06338426467711], [-70.90729630584329, 43.06343486397893], [-70.907636199918, 43.06339345921821], [-70.90794915784087, 43.063531189205136], [-70.90804105994685, 43.06387511628186], [-70.90739540305245, 43.064038442813825], [-70.90674378361707, 43.06421746545368], [-70.90623528662782, 43.06432215487471], [-70.9059773937673, 43.06447954200884], [-70.90572933019456, 43.064517587272846], [-70.90560825899614, 43.06453511216757], [-70.90560452152717, 43.06453672920884], [-70.90559974162653, 43.06453746255824], [-70.90520350792941, 43.06470862746467], [-70.90489182887174, 43.06471381831135], [-70.90471871863744, 43.064716365485495], [-70.90454739151072, 43.06468299696217], [-70.90379910394039, 43.0645334907496], [-70.90455498464392, 43.06409998033661], [-70.90517647893658, 43.06370843469079], [-70.90590019154322, 43.063470043897375]]], [[[-70.90379420372315, 43.06453630169816], [-70.9037985128976, 43.064533829771634], [-70.90379468749583, 43.06453639583966], [-70.90379420372315, 43.06453630169816]]]]}, "properties": {"Shape_Leng": 2593.87024733, "Shape_Area": 289950.09622, "density": "h", "hectares": 2.69373531365, "acres": 6.6563649225, "year_": 2012.0}}, {"type": "Feature", "geometry": {"type": "Polygon", "coordinates": [[[-70.90651035760754, 43.06567925718841], [-70.90613022180521, 43.06599531440851], [-70.90581577558714, 43.06633410055328], [-70.90574048375748, 43.06652595393447], [-70.9055969155073, 43.066611731687104], [-70.90551129340888, 43.06647020930759], [-70.90563198238713, 43.06617038819943], [-70.90578272824337, 43.065907514153835], [-70.9059576474411, 43.065774235928664], [-70.90611250688478, 43.06568588627317], [-70.9062187238388, 43.06565314480384], [-70.90644743224888, 43.06564099452379], [-70.90651035760754, 43.06567925718841]]]}, "properties": {"Shape_Leng": 933.295988004, "Shape_Area": 30450.6416996, "density": "p", "hectares": 0.282896849971, "acres": 0.699053340279, "year_": 2012.0}}, {"type": "Feature", "geometry": {"type": "Polygon", "coordinates": [[[-70.90143717643979, 43.06735155697464], [-70.90073203638471, 43.06690083677589], [-70.90033815659196, 43.066786416666254], [-70.90038346713887, 43.06678645453854], [-70.90046065244842, 43.06678391801357], [-70.9004855761781, 43.06678239258391], [-70.90054622862516, 43.066778680413854], [-70.90065621586746, 43.06676881639142], [-70.90081984770966, 43.0667541416548], [-70.90089366330879, 43.066747521651784], [-70.9010165580193, 43.06673989864597], [-70.90101699174525, 43.066739871842536], [-70.90104431871033, 43.06673820124136], [-70.9011251490017, 43.06673656001222], [-70.90120058046759, 43.06673801337879], [-70.90124610527043, 43.06674095806799], [-70.90132658465276, 43.066748969495215], [-70.90137449504536, 43.06675664514077], [-70.90147320825866, 43.06677743829307], [-70.90151702173485, 43.06678856741325], [-70.90157030534414, 43.06680310753859], [-70.90166888773172, 43.06683186518759], [-70.90174911451244, 43.06685526831227], [-70.90179108871561, 43.06686621760286], [-70.90183718337522, 43.06687824220686], [-70.90184443266882, 43.06687976602446], [-70.90190625248073, 43.06689276255528], [-70.90191859097625, 43.0668953564663], [-70.90196192061316, 43.06690166811225], [-70.90199355262547, 43.06690627588265], [-70.90203422420147, 43.066910316632175], [-70.90208450452064, 43.06691531182842], [-70.90215638007815, 43.06692076543422], [-70.90216922612144, 43.06692174061576], [-70.90224921632976, 43.06692567398952], [-70.90232507516112, 43.066927139371536], [-70.90232794243263, 43.066927100012286], [-70.90239751716081, 43.066926136141284], [-70.90246649952044, 43.066922650516865], [-70.90247034915848, 43.06692230085705], [-70.90247040078653, 43.06692229580084], [-70.90253221142324, 43.06691667296588], [-70.90255049507833, 43.06691419448306], [-70.90259476842805, 43.06690819076308], [-70.90261441610312, 43.06690452596137], [-70.90261446902589, 43.06690451551275], [-70.90267695985749, 43.06689285794909], [-70.90268979827313, 43.066889801192275], [-70.90276137250865, 43.066872757338984], [-70.90279957137469, 43.06686177469648], [-70.90279963299146, 43.06686175620435], [-70.90284718504222, 43.06684808328165], [-70.90286586327173, 43.06684180689484], [-70.90293321213397, 43.0668191753259], [-70.90299595267713, 43.066794313866296], [-70.90300940358435, 43.06678810158959], [-70.90306356407439, 43.06676308561743], [-70.90307706026884, 43.066755993275706], [-70.90313785925895, 43.066724039902226], [-70.90328531366411, 43.066646543857246], [-70.90346148461055, 43.06655161935824], [-70.90412419390246, 43.066194531879546], [-70.90441254597809, 43.06603915760155], [-70.904615911961, 43.06591206149977], [-70.90460787347553, 43.065922712706815], [-70.90426132776474, 43.066806724580545], [-70.90409234690885, 43.06712132443285], [-70.90371172976904, 43.06784240390033], [-70.9035761945619, 43.06808290758939], [-70.90334617872098, 43.06821062336892], [-70.90290358082154, 43.06818939691205], [-70.90238214951704, 43.06814088942545], [-70.90209708228974, 43.06800420291752], [-70.90174177253401, 43.067617012520564], [-70.90143717643979, 43.06735155697464]]]}, "properties": {"Shape_Leng": 3195.81166444, "Shape_Area": 364057.40763, "density": "p", "hectares": 3.38221751919, "acres": 8.35764150284, "year_": 2012.0}}, {"type": "Feature", "geometry": {"type": "Polygon", "coordinates": [[[-70.85859258683986, 43.092581305680156], [-70.85861200396634, 43.092417195445634], [-70.85862167124053, 43.092373590739754], [-70.85864203461448, 43.092326117070364], [-70.8586686538567, 43.092280386169776], [-70.85873486040096, 43.09217992881568], [-70.85876857123193, 43.092130473598296], [-70.85880886146039, 43.0920816922316], [-70.85885468012802, 43.09203486001473], [-70.85890470005954, 43.09199133581284], [-70.85897201909694, 43.091942531847636], [-70.85912739660898, 43.091847004601654], [-70.85919871350751, 43.09179715122579], [-70.85927652425895, 43.09173830153544], [-70.85933584430217, 43.09169726868927], [-70.8593874601061, 43.091666571986245], [-70.85943066310756, 43.09164685905319], [-70.8594646044638, 43.0916367394683], [-70.85950553660506, 43.091628328177656], [-70.85954825639966, 43.091622678565074], [-70.85958867417423, 43.09162032528249], [-70.85962254312149, 43.09162132929612], [-70.85965020739478, 43.09162548510241], [-70.85967083962126, 43.09163266444933], [-70.85968410126581, 43.09164273893103], [-70.8596900091429, 43.09165208913219], [-70.85969461557316, 43.09166420894349], [-70.85969908671338, 43.09169421034493], [-70.85969646895667, 43.091725296853184], [-70.85968734439282, 43.09174989774098], [-70.85967447529566, 43.09176343177873], [-70.85965305844279, 43.09177522133505], [-70.8596271677225, 43.091784531803555], [-70.85955056396739, 43.091807140872746], [-70.8595300705416, 43.091815389395606], [-70.8595140492682, 43.09182418885209], [-70.85948189045274, 43.09184858223272], [-70.8594284812098, 43.091897054352394], [-70.8593275021869, 43.091987778215184], [-70.85924157239143, 43.09206907190282], [-70.85916566347922, 43.092145703209454], [-70.85909842201409, 43.092219071351025], [-70.85903823412198, 43.09229104538269], [-70.85898539894734, 43.09236138888523], [-70.85893956772952, 43.092430566589165], [-70.85890054994913, 43.09249887150976], [-70.8588897713729, 43.09252405925934], [-70.85888146121644, 43.0925540406724], [-70.85886314122737, 43.092679397886485], [-70.85885725857497, 43.09270616396623], [-70.85884994188552, 43.092728774693676], [-70.85883820663166, 43.09275282598508], [-70.85882331269215, 43.09277264133516], [-70.8588049500446, 43.09278863262667], [-70.85878290635779, 43.09280097478988], [-70.85874392985542, 43.09281733542109], [-70.85871419146189, 43.0928270334867], [-70.858688406512, 43.09283180408991], [-70.85866679621446, 43.0928314516608], [-70.85863783224342, 43.09282428531219], [-70.85861034592718, 43.09281291125028], [-70.85859319289057, 43.092801076361134], [-70.85858887605868, 43.092795339773836], [-70.8585875172456, 43.092789855416456], [-70.85858352620926, 43.09269927402736], [-70.85858309728754, 43.09263904051887], [-70.85858610294116, 43.09259876976711], [-70.85858891213394, 43.09258717306489], [-70.85859258683986, 43.092581305680156]]]}, "properties": {"Shape_Leng": 1142.32972189, "Shape_Area": 40376.3196588, "density": "sb", "hectares": 0.375109784469, "acres": 0.926916463834, "year_": 2012.0}}, {"type": "Feature", "geometry": {"type": "Polygon", "coordinates": [[[-70.85520270536966, 43.09373727501805], [-70.85553344484836, 43.0934936626483], [-70.85585751328435, 43.0934598162593], [-70.85612292591672, 43.09363657840435], [-70.85655155016532, 43.093620092941784], [-70.85683374818737, 43.09349162339696], [-70.85686843815333, 43.09352472826897], [-70.85698103583714, 43.09363218118135], [-70.85699919682853, 43.0937024076861], [-70.85702521059257, 43.09380300256853], [-70.85700328389798, 43.09390197190966], [-70.85696799734916, 43.09406123920167], [-70.85716958051917, 43.09427715416784], [-70.85715251077032, 43.09457285857397], [-70.85705371401598, 43.0947460007621], [-70.856841968115, 43.095054395185066], [-70.85667266712117, 43.09547645911777], [-70.85659204569829, 43.09582084409471], [-70.85642274203052, 43.09624290757906], [-70.85597932719499, 43.09663129853093], [-70.85584205569184, 43.09725296928654], [-70.8557851223076, 43.097520730814054], [-70.85559302795043, 43.097619145507764], [-70.85541076646984, 43.09761257223271], [-70.85539101924753, 43.097593232772105], [-70.85527675752455, 43.09748132698792], [-70.85489060785557, 43.09718263173199], [-70.85469046014116, 43.09701433866798], [-70.85466137222618, 43.09692227299285], [-70.85461856889549, 43.096786787199505], [-70.8545683604213, 43.096415935071484], [-70.85424260986876, 43.09596377979957], [-70.8541794071322, 43.09559313764468], [-70.85444580597756, 43.09494078622796], [-70.85468908004263, 43.09438410711953], [-70.85472140608287, 43.09434339732602], [-70.85516503778445, 43.09378471265764], [-70.85520270536966, 43.09373727501805]]]}, "properties": {"Shape_Leng": 3773.57841519, "Shape_Area": 752965.199647, "density": "sb", "hectares": 6.99530358732, "acres": 17.2857716142, "year_": 2012.0}}, {"type": "Feature", "geometry": {"type": "Polygon", "coordinates": [[[-70.85321738155174, 43.09409347128502], [-70.8536569946529, 43.09401010934924], [-70.85393109042795, 43.094043787054595], [-70.85421789530884, 43.09406772911822], [-70.85446283320236, 43.09399704845826], [-70.85475803524912, 43.093868373897074], [-70.85516503778445, 43.09378471265764], [-70.85472140608287, 43.09434339732602], [-70.85468908004263, 43.09438410711953], [-70.85444580597756, 43.09494078622796], [-70.8541794071322, 43.09559313764468], [-70.85424260986876, 43.09596377979957], [-70.8545683604213, 43.096415935071484], [-70.85461856889549, 43.096786787199505], [-70.85466137222618, 43.09692227299285], [-70.85469046014116, 43.09701433866798], [-70.85489060785557, 43.09718263173199], [-70.85527675752455, 43.09748132698792], [-70.85539101924753, 43.097593232772105], [-70.85528958464728, 43.09769077652913], [-70.85509029741698, 43.09755106037076], [-70.85474947026074, 43.09746128764703], [-70.85456404549244, 43.09734993567027], [-70.85438788171119, 43.09711454353901], [-70.85415282731934, 43.09665138831812], [-70.85407024018302, 43.09650024872321], [-70.85405845469462, 43.096109713619114], [-70.85394469796383, 43.095787540466816], [-70.85366283513912, 43.09549668029871], [-70.85334054563079, 43.09515882650501], [-70.85317624078183, 43.09488512049571], [-70.85308934943917, 43.094591100822754], [-70.85309487736257, 43.09434323398133], [-70.85321738155174, 43.09409347128502]]]}, "properties": {"Shape_Leng": 3653.55492108, "Shape_Area": 274459.081285, "density": "p", "hectares": 2.54981849996, "acres": 6.30073873105, "year_": 2012.0}}, {"type": "Feature", "geometry": {"type": "Polygon", "coordinates": [[[-70.85530160956412, 43.097684783033344], [-70.85539101924753, 43.097593232772105], [-70.85541076646984, 43.09761257223271], [-70.85559302795043, 43.097619145507764], [-70.8557851223076, 43.097520730814054], [-70.85597932719499, 43.09663129853093], [-70.85642274203052, 43.09624290757906], [-70.85659204569829, 43.09582084409471], [-70.85667266712117, 43.09547645911777], [-70.856841968115, 43.095054395185066], [-70.85705371401598, 43.0947460007621], [-70.85715251077032, 43.09457285857397], [-70.85716958051917, 43.09427715416784], [-70.85696799734916, 43.09406123920167], [-70.85700328389798, 43.09390197190966], [-70.85702521059257, 43.09380300256853], [-70.85699919682853, 43.0937024076861], [-70.85698103583714, 43.09363218118135], [-70.85686843815333, 43.09352472826897], [-70.8572050333141, 43.0935141862882], [-70.85768046048673, 43.09332539807384], [-70.85810476045339, 43.09316602834042], [-70.85834911431523, 43.0930762896703], [-70.85859519589255, 43.09304370201028], [-70.85868732927997, 43.093080324725584], [-70.85841986185989, 43.09326573888443], [-70.85778555437156, 43.093790656743046], [-70.85745112690421, 43.09471396951778], [-70.85700176162186, 43.09541177057982], [-70.85654301066174, 43.096564972233665], [-70.85638003718576, 43.09719659114869], [-70.85608592605632, 43.09779221704199], [-70.85599478574116, 43.09800383025992], [-70.85585330427824, 43.098163369060835], [-70.85574628346846, 43.09817225315187], [-70.85563602640501, 43.09807397749207], [-70.85557084514173, 43.0978534648389], [-70.85545994199043, 43.097733757081265], [-70.85530160956412, 43.097684783033344]]]}, "properties": {"Shape_Leng": 4549.91859227, "Shape_Area": 238110.17648, "density": "p", "hectares": 2.21212477348, "acres": 5.46627936004, "year_": 2012.0}}, {"type": "Feature", "geometry": {"type": "Polygon", "coordinates": [[[-70.88119276151951, 43.079580873938085], [-70.88112938834928, 43.07966430416626], [-70.88093914426517, 43.07980750349046], [-70.88055260218925, 43.0800350899159], [-70.8799936117741, 43.08026102244481], [-70.87994328975988, 43.08023822918764], [-70.87995515864348, 43.08014166326896], [-70.8800587560147, 43.0800012150034], [-70.88062563084596, 43.07976330745895], [-70.88119276151951, 43.079580873938085]]]}, "properties": {"Shape_Leng": 860.014678019, "Shape_Area": 22767.9751355, "density": "sb", "hectares": 0.211522256562, "acres": 0.522682878964, "year_": 2012.0}}, {"type": "Feature", "geometry": {"type": "Polygon", "coordinates": [[[-70.8703320716355, 43.07073109686533], [-70.8703584290554, 43.070449445052645], [-70.87041857942442, 43.07042688967928], [-70.87042537773664, 43.070336603952], [-70.87076790980883, 43.07031575455188], [-70.8710338495936, 43.07036618832433], [-70.87146613093587, 43.0704952040276], [-70.87190114818999, 43.07047828667441], [-70.87220948566514, 43.07042846590166], [-70.87259635335914, 43.070237427279636], [-70.87285344178825, 43.0701426848196], [-70.87289601744428, 43.0701246879673], [-70.87289606928634, 43.07012466672301], [-70.87374118593797, 43.06977572339603], [-70.87382235077841, 43.069765636855884], [-70.87389980784212, 43.06975601065897], [-70.87424253952979, 43.06971341692378], [-70.87452252852164, 43.06977678158928], [-70.87452356453434, 43.06981074106726], [-70.87471125958596, 43.06988694356907], [-70.87276838573406, 43.0710173328292], [-70.87257154733356, 43.07112885543329], [-70.872236177383, 43.07132096799098], [-70.87211976728703, 43.0713400272413], [-70.8716739268805, 43.071383535713636], [-70.87125013536378, 43.07138194008642], [-70.8710860033809, 43.07153260144486], [-70.87093924928386, 43.071542529724454], [-70.87083535813962, 43.07151693128743], [-70.87056794077537, 43.07128555069898], [-70.87051883992345, 43.0710675671214], [-70.87044233049964, 43.07095023431961], [-70.8703320716355, 43.07073109686533]]]}, "properties": {"Shape_Leng": 2973.29398284, "Shape_Area": 328888.587576, "density": "sb", "hectares": 3.05548718265, "acres": 7.55027325837, "year_": 2012.0}}, {"type": "Feature", "geometry": {"type": "Polygon", "coordinates": [[[-70.87879413311933, 43.06731618604654], [-70.87913122614353, 43.06686274250398], [-70.87913053789512, 43.06641484663643], [-70.87920790349742, 43.06639451507424], [-70.8791896831148, 43.065861806729714], [-70.87931085431497, 43.065935387140314], [-70.87957126185104, 43.065950168802694], [-70.87986802333428, 43.065878583488185], [-70.88009691679694, 43.06571281229945], [-70.88024731892287, 43.065530598990215], [-70.88028100946485, 43.065357179236415], [-70.8801727118023, 43.06521600959347], [-70.88009068908379, 43.06508393836322], [-70.8800866128429, 43.06495058634443], [-70.88020438878591, 43.06486196016248], [-70.8801927441715, 43.06465778172992], [-70.88021175004131, 43.0646544305202], [-70.88025037701976, 43.064647618898775], [-70.88092494440532, 43.06456081682738], [-70.88097134287557, 43.064554845965795], [-70.88159228672345, 43.06445886457795], [-70.88208244581988, 43.064336442888255], [-70.88219848945121, 43.064305943382436], [-70.88298976802065, 43.064254802349794], [-70.8837108402425, 43.06403327246833], [-70.88399051148801, 43.06382853881223], [-70.88454211082966, 43.06359073429842], [-70.8849734329434, 43.06366939773748], [-70.88524701776099, 43.063807013519074], [-70.88536838876034, 43.06378845632712], [-70.88561111779332, 43.06371453560333], [-70.8864636725062, 43.06323437315902], [-70.8867520258899, 43.06317921439933], [-70.88703305312579, 43.063150417586016], [-70.88733665031265, 43.06294555875604], [-70.88773201398418, 43.06271764678913], [-70.88765004525608, 43.06238036026352], [-70.8876726960745, 43.062187457343235], [-70.88803453572145, 43.06185328314506], [-70.8883882260445, 43.06170496129634], [-70.88894231260603, 43.06167135622593], [-70.88971044921918, 43.061674915938745], [-70.89005290616649, 43.061663854195515], [-70.89013759347199, 43.06176755340908], [-70.89020643278414, 43.06185184732674], [-70.89012656249163, 43.06195494027476], [-70.88995408437265, 43.062064648255834], [-70.88919959643222, 43.062043044612146], [-70.88846077214542, 43.06202205650706], [-70.88813118746823, 43.06214360428376], [-70.88807382391828, 43.062443983758904], [-70.88829309693823, 43.062731371772315], [-70.88880477727109, 43.06293711137637], [-70.88945924763773, 43.06302252427693], [-70.89094253911679, 43.062932383436305], [-70.89252181796162, 43.06272519980682], [-70.89357316847949, 43.0626792120368], [-70.89426430485517, 43.06275354000946], [-70.89471155647757, 43.0629272027927], [-70.89493122201193, 43.06288544415345], [-70.89515382142395, 43.06293893674494], [-70.89544518968748, 43.063115178659565], [-70.89564051432771, 43.06328071433567], [-70.89572775516456, 43.063574133290786], [-70.8957491571857, 43.064040982353525], [-70.89578761726656, 43.06438191625934], [-70.89581622249092, 43.06463549224237], [-70.8958164642569, 43.064636283313895], [-70.8959627015747, 43.0648107180038], [-70.89579623419274, 43.06480569093958], [-70.89561885621396, 43.064843767336875], [-70.89569086732756, 43.0650738660834], [-70.89542889215046, 43.065116735370715], [-70.89504209655503, 43.065218442372505], [-70.8947199624685, 43.06530954827447], [-70.89441081813867, 43.06540043667344], [-70.89404941596689, 43.06548266111921], [-70.89356044693207, 43.06564323429495], [-70.89308065564911, 43.06567976467219], [-70.89267822298613, 43.065695953211495], [-70.89213113019579, 43.06565735318232], [-70.8917396380621, 43.06560664845898], [-70.89137383679906, 43.065545986922466], [-70.89130800214294, 43.065518485581464], [-70.89146067335038, 43.06541113220783], [-70.89158648149711, 43.065275633125495], [-70.89168748035479, 43.065178663891096], [-70.89172557469782, 43.065149444235296], [-70.89135279618785, 43.06519217669562], [-70.89080555406714, 43.06524089321634], [-70.88975562036424, 43.06533448102094], [-70.88839243328341, 43.06538558117022], [-70.88774463299373, 43.06545345219097], [-70.88681842805514, 43.06550642966027], [-70.88612477777234, 43.06563354820584], [-70.8847744786232, 43.06608375145174], [-70.88353869307414, 43.06647577259142], [-70.88225471659025, 43.0669924618781], [-70.88148180409705, 43.06720583313504], [-70.88141376668908, 43.06712065469511], [-70.88103945339093, 43.06741242332037], [-70.88049760043735, 43.067764693732194], [-70.87967721117906, 43.06820275543233], [-70.87888886800923, 43.06865390953924], [-70.87835240636093, 43.06883727248837], [-70.87764162046435, 43.06915148394356], [-70.8775124779066, 43.069143646875006], [-70.87764047863504, 43.068961584184436], [-70.87783991642134, 43.06875974935557], [-70.87806108281423, 43.068424165693266], [-70.87825453620229, 43.068256589559226], [-70.87843047049826, 43.06775100481923], [-70.87853178453688, 43.067663572251874], [-70.87852829256802, 43.06754926989806], [-70.8786293156382, 43.0674523115195], [-70.87866668605143, 43.067421447549], [-70.87879413311933, 43.06731618604654]]]}, "properties": {"Shape_Leng": 14522.186454, "Shape_Area": 4322090.02788, "density": "sb", "hectares": 40.153690889, "acres": 99.2219310443, "year_": 2012.0}}, {"type": "Feature", "geometry": {"type": "Polygon", "coordinates": [[[-70.8823763965484, 43.083636259398716], [-70.88263350399501, 43.08354653894952], [-70.88259658227328, 43.08360881197432], [-70.8823192985243, 43.083894507368534], [-70.88163068828489, 43.08433468205774], [-70.88147058045925, 43.08441355462942], [-70.88090631144085, 43.0844561880745], [-70.8805969038544, 43.08454227958063], [-70.88021273036678, 43.08473442812358], [-70.87984125859309, 43.08491683656389], [-70.87943094288553, 43.0851046466689], [-70.87895681372008, 43.08533162305243], [-70.878816576656, 43.08521003802026], [-70.87856137505212, 43.085033817134956], [-70.87829379843237, 43.08490890053067], [-70.87847238513942, 43.08479637401008], [-70.87858890508936, 43.08478016532762], [-70.87871995816985, 43.084681755904406], [-70.87883889079018, 43.08459244721143], [-70.87890030070963, 43.08454633353709], [-70.87895265793395, 43.084528998628606], [-70.87910672999797, 43.084477985793825], [-70.8791577292147, 43.084461100526156], [-70.87920291803515, 43.08444145496811], [-70.87960303126245, 43.08426750995455], [-70.8800280149297, 43.0841200335746], [-70.88005069709496, 43.084112882002366], [-70.88007109591965, 43.084105083717866], [-70.88053262196321, 43.08392865726211], [-70.88084392096931, 43.083904479295995], [-70.88088223693957, 43.083904111404614], [-70.881220331569, 43.08390086059815], [-70.88157111995402, 43.083897487947446], [-70.88191344211509, 43.0838941947852], [-70.88212624607944, 43.083778280344724], [-70.8821527765024, 43.08376382833793], [-70.8823763965484, 43.083636259398716]]]}, "properties": {"Shape_Leng": 2754.59231277, "Shape_Area": 217345.771011, "density": "sb", "hectares": 2.01921636266, "acres": 4.98959229561, "year_": 2012.0}}, {"type": "Feature", "geometry": {"type": "Polygon", "coordinates": [[[-70.87797534673712, 43.08342269646733], [-70.87830852078719, 43.08306506611483], [-70.87830894414434, 43.08306461265045], [-70.87862270906028, 43.08283014974659], [-70.87882840901078, 43.082678275215315], [-70.87892551034513, 43.0826065816466], [-70.87935428434858, 43.08238511545246], [-70.87996468774148, 43.08215113213001], [-70.88073722986857, 43.08190495128552], [-70.88139747772928, 43.081813089545335], [-70.88203679260003, 43.08172596832911], [-70.88223256806609, 43.08169928857598], [-70.88279476896633, 43.08158997301379], [-70.8828284220982, 43.08162753858379], [-70.88281819380654, 43.08166067182887], [-70.88281564217434, 43.08166893762413], [-70.88278702590836, 43.08176163902816], [-70.88278335973882, 43.081825632404126], [-70.88277008252044, 43.08205734528746], [-70.88265378126368, 43.08229274242273], [-70.88263984328917, 43.08234413608283], [-70.88255795430602, 43.08261876201346], [-70.88248140307759, 43.08281972385217], [-70.88244258234046, 43.08300365034392], [-70.88243598697943, 43.08303489470403], [-70.88250121285552, 43.08316124617467], [-70.88251891649313, 43.08319553846425], [-70.8825738575303, 43.08322435279517], [-70.88262462653626, 43.08325097813023], [-70.88272987254128, 43.08325421874577], [-70.88282633885576, 43.08325718848692], [-70.88285020526033, 43.08325679566948], [-70.88284972655147, 43.08326843235851], [-70.88285016113514, 43.08326805906847], [-70.88264042923706, 43.08354412176086], [-70.88263350399501, 43.08354653894952], [-70.8823763965484, 43.083636259398716], [-70.88212624607944, 43.083778280344724], [-70.88191344211509, 43.0838941947852], [-70.88157111995402, 43.083897487947446], [-70.881220331569, 43.08390086059815], [-70.88088223693957, 43.083904111404614], [-70.88084392096931, 43.083904479295995], [-70.88053262196321, 43.08392865726211], [-70.88007109591965, 43.084105083717866], [-70.8800280149297, 43.0841200335746], [-70.87960303126245, 43.08426750995455], [-70.87920291803515, 43.08444145496811], [-70.8791577292147, 43.084461100526156], [-70.87910672999797, 43.084477985793825], [-70.87895265793395, 43.084528998628606], [-70.87890030070963, 43.08454633353709], [-70.87883889079018, 43.08459244721143], [-70.87871995816985, 43.084681755904406], [-70.87858890508936, 43.08478016532762], [-70.87847238513942, 43.08479637401008], [-70.87829379843237, 43.08490890053067], [-70.87794520244029, 43.08477643965141], [-70.87763113437956, 43.08471012098491], [-70.87729282069475, 43.08470137854433], [-70.87724704675209, 43.084692599469946], [-70.87724700084317, 43.08469110578843], [-70.87723483836363, 43.08429291727136], [-70.87722988061218, 43.08413061577984], [-70.87795959018531, 43.08343765924253], [-70.87797062250739, 43.08342718270851], [-70.87797534673712, 43.08342269646733]]]}, "properties": {"Shape_Leng": 4457.46375554, "Shape_Area": 964893.807561, "density": "p", "hectares": 8.96419265669, "acres": 22.1510024598, "year_": 2012.0}}, {"type": "Feature", "geometry": {"type": "Polygon", "coordinates": [[[-70.88281564217434, 43.08166893762413], [-70.88285693859842, 43.08159582683781], [-70.88311793859029, 43.08161419615376], [-70.88317687668031, 43.08161190823138], [-70.8833737558976, 43.08160426706862], [-70.883687547393, 43.08155750978406], [-70.88369730669599, 43.08155605529001], [-70.8839522753576, 43.08151060688351], [-70.88396238168494, 43.08150880547833], [-70.8841762071577, 43.08148622366558], [-70.88397501028045, 43.081708725622434], [-70.88370175692037, 43.081913353914835], [-70.88350340490302, 43.082016683385824], [-70.88325642959687, 43.08223040833158], [-70.88312757240742, 43.0824803070758], [-70.88301098047975, 43.08270617887428], [-70.88292080296674, 43.08281821089719], [-70.8828596594125, 43.08302701898674], [-70.88285021773473, 43.08325649150086], [-70.88272987254128, 43.08325421874577], [-70.8825738575303, 43.08322435279517], [-70.88250121285552, 43.08316124617467], [-70.88244258234046, 43.08300365034392], [-70.88255795430602, 43.08261876201346], [-70.88263984328917, 43.08234413608283], [-70.88277008252044, 43.08205734528746], [-70.88278335973882, 43.081825632404126], [-70.88281564217434, 43.08166893762413]]]}, "properties": {"Shape_Leng": 1812.685064, "Shape_Area": 104353.824951, "density": "h", "hectares": 0.969482635284, "acres": 2.39564376418, "year_": 2012.0}}, {"type": "Feature", "geometry": {"type": "Polygon", "coordinates": [[[-70.87702801883209, 43.081956401759584], [-70.87770480586407, 43.08155456851129], [-70.87900066195974, 43.080990085567656], [-70.88022581164662, 43.08066499827449], [-70.88097249045937, 43.080424004762264], [-70.8820101580808, 43.079920912091296], [-70.8825032221241, 43.07946489328807], [-70.88289611936005, 43.07913441040726], [-70.88333120417953, 43.078908060185995], [-70.883689782557, 43.078730617162634], [-70.88421949779135, 43.07862278253653], [-70.88478560946292, 43.07864204659232], [-70.88523594500758, 43.078701335076566], [-70.88571504507293, 43.07885068293927], [-70.88612844673074, 43.07897728640351], [-70.88647527140276, 43.07905257179378], [-70.8869153952289, 43.079202556242], [-70.8874055960421, 43.07928976886398], [-70.88781031220422, 43.079345035084394], [-70.88816776528358, 43.07934294776641], [-70.88837599261572, 43.07934999379675], [-70.88854583093685, 43.0794459897306], [-70.88882665268261, 43.079540406654154], [-70.88887092417981, 43.079777001531646], [-70.88876921006872, 43.079877177618556], [-70.88873453899149, 43.07988646831951], [-70.88859163066432, 43.07992476260371], [-70.88835500637168, 43.07993642989529], [-70.88811888659065, 43.07986790032752], [-70.88789593798018, 43.079804870775654], [-70.88752917699126, 43.079715622988004], [-70.8872323879956, 43.07978818282696], [-70.88694001971909, 43.0797930052323], [-70.88654369903523, 43.07979954148304], [-70.88636783918797, 43.079788147220064], [-70.8860194026165, 43.07966047287232], [-70.88586806997506, 43.07960102356314], [-70.88575112300222, 43.079602951223094], [-70.88558290254926, 43.07959625091563], [-70.88558190715331, 43.07959621081531], [-70.8855842850673, 43.07946179977027], [-70.88547857878049, 43.07940636283212], [-70.8852446855571, 43.079410217242085], [-70.88503823970618, 43.079461268643215], [-70.88473820829219, 43.07942809311311], [-70.8846764498022, 43.079533939542074], [-70.88459454384072, 43.079830716309154], [-70.88479675813177, 43.08006563308736], [-70.88499838969562, 43.08028149902526], [-70.88502457609856, 43.08072447579807], [-70.88502540491992, 43.08073848975497], [-70.88482947032242, 43.08113244492006], [-70.88455176981032, 43.081403857477646], [-70.8841762071577, 43.08148622366558], [-70.88396238168494, 43.08150880547833], [-70.8839522753576, 43.08151060688351], [-70.883687547393, 43.08155750978406], [-70.8833737558976, 43.08160426706862], [-70.88317687668031, 43.08161190823138], [-70.88311793859029, 43.08161419615376], [-70.88285693859842, 43.08159582683781], [-70.88281819380654, 43.08166067182887], [-70.8828284220982, 43.08162753858379], [-70.88279476896633, 43.08158997301379], [-70.88223256806609, 43.08169928857598], [-70.88203679260003, 43.08172596832911], [-70.88139747772928, 43.081813089545335], [-70.88073722986857, 43.08190495128552], [-70.87996468774148, 43.08215113213001], [-70.87935428434858, 43.08238511545246], [-70.87892551034513, 43.0826065816466], [-70.87882840901078, 43.082678275215315], [-70.87862270906028, 43.08283014974659], [-70.87830894414434, 43.08306461265045], [-70.87830852078719, 43.08306506611483], [-70.87797062250739, 43.08342718270851], [-70.87795959018531, 43.08343765924253], [-70.87722876269949, 43.084128252349515], [-70.87723483836363, 43.08429291727136], [-70.87724700084317, 43.08469110578843], [-70.8767874987686, 43.08472402407785], [-70.87560987116557, 43.08490534662369], [-70.87471580828746, 43.08500577191961], [-70.87394966394153, 43.085037384310056], [-70.87309545282186, 43.08516573310685], [-70.87215172143104, 43.08534319050003], [-70.87136771561427, 43.08555995309026], [-70.87058895963442, 43.08566630626441], [-70.86969417838671, 43.085764580016054], [-70.86936813017627, 43.085731788796885], [-70.86935339681926, 43.08567485007788], [-70.869911868228, 43.08522734607157], [-70.87088473130899, 43.08472541411688], [-70.87221361115921, 43.083960339606385], [-70.87334121477157, 43.0834177339243], [-70.8740076619221, 43.08310186127412], [-70.87495994511933, 43.082862979314065], [-70.87539056466727, 43.082831420499005], [-70.87614592309006, 43.08244736800365], [-70.87702801883209, 43.081956401759584]]]}, "properties": {"Shape_Leng": 12916.504741, "Shape_Area": 2947244.86102, "density": "sb", "hectares": 27.3809102448, "acres": 67.6597027096, "year_": 2012.0}}, {"type": "Feature", "geometry": {"type": "Polygon", "coordinates": [[[-70.88591399819282, 43.080038643014355], [-70.88581894755274, 43.07990679065989], [-70.88564476350743, 43.07973812347568], [-70.88558290254926, 43.07959625091563], [-70.88575112300222, 43.079602951223094], [-70.88586806997506, 43.07960102356314], [-70.8860194026165, 43.07966047287232], [-70.88636783918797, 43.079788147220064], [-70.88654369903523, 43.07979954148304], [-70.88694001971909, 43.0797930052323], [-70.8872323879956, 43.07978818282696], [-70.88752917699126, 43.079715622988004], [-70.88789593798018, 43.079804870775654], [-70.88835500637168, 43.07993642989529], [-70.88858478415061, 43.07992896660855], [-70.8883726814024, 43.080088616928826], [-70.88817981728907, 43.08015851040933], [-70.88798578113277, 43.08019030259668], [-70.88792087115013, 43.080200766321866], [-70.88762355116786, 43.0802486942634], [-70.88738418133664, 43.0802859990273], [-70.88731248276436, 43.08030004292244], [-70.88714510430654, 43.08033282808191], [-70.88711004061129, 43.08034137388256], [-70.88680959242, 43.08041460170888], [-70.88641471660044, 43.08048347176202], [-70.88616305257615, 43.080527363927956], [-70.88600643078968, 43.08050884953331], [-70.88600263039629, 43.08038502364447], [-70.88600238926416, 43.080384091233554], [-70.88599620128208, 43.08036020376828], [-70.88595101395188, 43.080185745942174], [-70.88591399819282, 43.080038643014355]]]}, "properties": {"Shape_Leng": 1933.61054518, "Shape_Area": 139745.563151, "density": "h", "hectares": 1.29828395745, "acres": 3.20812952559, "year_": 2012.0}}, {"type": "Feature", "geometry": {"type": "Polygon", "coordinates": [[[-70.88502457609856, 43.08072447579807], [-70.88499838969562, 43.08028149902526], [-70.88459454384072, 43.079830716309154], [-70.8846764498022, 43.079533939542074], [-70.88473820829219, 43.07942809311311], [-70.88503823970618, 43.079461268643215], [-70.8852446855571, 43.079410217242085], [-70.88547857878049, 43.07940636283212], [-70.8855842850673, 43.07946179977027], [-70.88558190715331, 43.07959621081531], [-70.88558290254926, 43.07959625091563], [-70.88564476350743, 43.07973812347568], [-70.88581894755274, 43.07990679065989], [-70.88591399819282, 43.080038643014355], [-70.88595101395188, 43.080185745942174], [-70.88599620128208, 43.08036020376828], [-70.88600238926416, 43.080384091233554], [-70.88600643078968, 43.08050884953331], [-70.88616305257615, 43.080527363927956], [-70.88641471660044, 43.08048347176202], [-70.88680959242, 43.08041460170888], [-70.88711004061129, 43.08034137388256], [-70.88731248276436, 43.08030004292244], [-70.88792087115013, 43.080200766321866], [-70.88798578113277, 43.08019030259668], [-70.88817981728907, 43.08015851040933], [-70.8883726814024, 43.080088616928826], [-70.88858478415061, 43.07992896660855], [-70.88873453899149, 43.07988646831951], [-70.88869381964057, 43.08017384948712], [-70.88855776116553, 43.080400049286034], [-70.88810647258835, 43.08052185717199], [-70.88753246796995, 43.08066951394733], [-70.88694750824783, 43.08088240882619], [-70.88633006613355, 43.08109913352188], [-70.88570254324385, 43.0814096718902], [-70.88514203174329, 43.08178581177499], [-70.88449376451453, 43.08226822328412], [-70.88415612036611, 43.08249297304422], [-70.8838552692563, 43.08264564204263], [-70.88346170092142, 43.082742656107804], [-70.88285016113514, 43.08326805906847], [-70.88284972655147, 43.08326843235851], [-70.88285020526033, 43.08325679566948], [-70.88285021773473, 43.08325649150086], [-70.8828596594125, 43.08302701898674], [-70.88292080296674, 43.08281821089719], [-70.88301098047975, 43.08270617887428], [-70.88312757240742, 43.0824803070758], [-70.88325642959687, 43.08223040833158], [-70.88350340490302, 43.082016683385824], [-70.88370175692037, 43.081913353914835], [-70.88397501028045, 43.081708725622434], [-70.8841762071577, 43.08148622366558], [-70.88455176981032, 43.081403857477646], [-70.88482947032242, 43.08113244492006], [-70.88502540491992, 43.08073848975497], [-70.88502457609856, 43.08072447579807]]]}, "properties": {"Shape_Leng": 5167.53908713, "Shape_Area": 495597.089007, "density": "p", "hectares": 4.60426603544, "acres": 11.3773891506, "year_": 2012.0}}, {"type": "Feature", "geometry": {"type": "Polygon", "coordinates": [[[-70.88061399568345, 43.07838504122853], [-70.88267091030929, 43.07550652647099], [-70.88357447142613, 43.07444812510356], [-70.88389922738098, 43.07422835465406], [-70.88453668681824, 43.074032021505744], [-70.88535392822418, 43.07397567052046], [-70.886078103837, 43.074063798417804], [-70.88692105293202, 43.07443934250435], [-70.88770080270591, 43.07483754651088], [-70.88849838254546, 43.07541047341414], [-70.88937349776471, 43.07596781932834], [-70.88995321483942, 43.076385047542765], [-70.8898721681243, 43.076331249274126], [-70.8895828896247, 43.07643609202177], [-70.88915542471837, 43.076486035950204], [-70.8887253241941, 43.07645025332708], [-70.88825668193074, 43.076429399836414], [-70.88753335332846, 43.0763698626121], [-70.8870239784886, 43.076292497268], [-70.88653628685903, 43.07628624528104], [-70.88538505440776, 43.07626234027395], [-70.88476312227594, 43.07632976857197], [-70.88421958774606, 43.0764101968016], [-70.88407023330572, 43.07662707923914], [-70.88392700954027, 43.07704399036088], [-70.88394899062857, 43.07736864691413], [-70.88468647916548, 43.07764616048911], [-70.88572430072254, 43.077786301528704], [-70.88690294604626, 43.078067059101194], [-70.88798063740377, 43.07823511149315], [-70.88901276787192, 43.07818948260895], [-70.88980925018893, 43.07809055854], [-70.89054418326832, 43.07789258175935], [-70.89160385526799, 43.077474807925356], [-70.89169358942388, 43.077306329436524], [-70.89202335117496, 43.07737843182489], [-70.89262437707289, 43.07737261061522], [-70.89259786667677, 43.07745836695806], [-70.89202766595106, 43.077939530444596], [-70.89201820356611, 43.07794584222859], [-70.89158817494561, 43.07823269570638], [-70.89114778339436, 43.07848359780996], [-70.8907264745412, 43.078747262258695], [-70.89038110091951, 43.07889729722145], [-70.88984998989774, 43.07909829682984], [-70.88949003809282, 43.07912506294158], [-70.8889503989614, 43.07912438876027], [-70.8877730752541, 43.07909622927757], [-70.88689241920859, 43.078950528429125], [-70.88590754783358, 43.07867432822719], [-70.88541370201366, 43.078468045247604], [-70.88433440627925, 43.07824758006628], [-70.88332235494539, 43.078205391800964], [-70.8827741082131, 43.07834846355166], [-70.88168378586245, 43.078720056828395], [-70.88001423316554, 43.07939077659153], [-70.88061399568345, 43.07838504122853]]]}, "properties": {"Shape_Leng": 12267.6309191, "Shape_Area": 2460256.23531, "density": "p", "hectares": 22.8566197703, "acres": 56.4799374738, "year_": 2012.0}}, {"type": "Feature", "geometry": {"type": "Polygon", "coordinates": [[[-70.88995321483942, 43.076385047542765], [-70.8901113195285, 43.076498836051385], [-70.89046176783764, 43.076752599904275], [-70.89065029731117, 43.07690448181196], [-70.8907096466088, 43.076932090739675], [-70.89149213795451, 43.07723404667231], [-70.89159769973506, 43.07727478107001], [-70.89169358942388, 43.077306329436524], [-70.89160385526799, 43.077474807925356], [-70.89054418326832, 43.07789258175935], [-70.88980925018893, 43.07809055854], [-70.88901276787192, 43.07818948260895], [-70.88798063740377, 43.07823511149315], [-70.88690294604626, 43.078067059101194], [-70.88572430072254, 43.077786301528704], [-70.88468647916548, 43.07764616048911], [-70.88394899062857, 43.07736864691413], [-70.88392700954027, 43.07704399036088], [-70.88407023330572, 43.07662707923914], [-70.88421958774606, 43.0764101968016], [-70.88476312227594, 43.07632976857197], [-70.88538505440776, 43.07626234027395], [-70.88653628685903, 43.07628624528104], [-70.8870239784886, 43.076292497268], [-70.88753335332846, 43.0763698626121], [-70.88825668193074, 43.076429399836414], [-70.8887253241941, 43.07645025332708], [-70.88915542471837, 43.076486035950204], [-70.8895828896247, 43.07643609202177], [-70.8898721681243, 43.076331249274126], [-70.88995321483942, 43.076385047542765]]]}, "properties": {"Shape_Leng": 4721.99420352, "Shape_Area": 1073586.75648, "density": "h", "hectares": 9.97398723401, "acres": 24.6462592021, "year_": 2012.0}}, {"type": "Feature", "geometry": {"type": "Polygon", "coordinates": [[[-70.89074126259487, 43.079862017978044], [-70.89033233420042, 43.07975250247259], [-70.88960681839005, 43.0797521085616], [-70.88932455510785, 43.079760763849954], [-70.88923583313597, 43.079728728410366], [-70.8891815878233, 43.07965576731133], [-70.88912179714792, 43.079613869954485], [-70.88911475346497, 43.0794085737731], [-70.88913736560079, 43.079380130216066], [-70.88916572389168, 43.079351072180174], [-70.8892708468414, 43.079335184726425], [-70.88971102816971, 43.079335835666754], [-70.89042516620817, 43.079095318244995], [-70.89111892916188, 43.07882654444153], [-70.89163287200189, 43.07841779066011], [-70.89201820356611, 43.07794584222859], [-70.89202766595106, 43.077939530444596], [-70.89259786667677, 43.07745836695806], [-70.89262437707289, 43.07737261061522], [-70.89272694421366, 43.07722187477294], [-70.89332727083213, 43.07711706163248], [-70.89421393028705, 43.076745465152], [-70.89482044079824, 43.07617792024826], [-70.8951838134109, 43.0753142084414], [-70.89568525728008, 43.07485794668622], [-70.89621334246432, 43.074553813824814], [-70.89624597685788, 43.07453377090692], [-70.89707449694707, 43.07402492073855], [-70.89740585267656, 43.07307989511505], [-70.89808250729737, 43.07162990272313], [-70.89812856559371, 43.071534420426], [-70.89858136669724, 43.07041190511285], [-70.89982829435746, 43.06911895809259], [-70.90072616486458, 43.067888978034574], [-70.90128064483065, 43.068165661380185], [-70.9020561197503, 43.06865309223632], [-70.90216991038051, 43.06918011085736], [-70.90181635547927, 43.069463557076205], [-70.9014662064366, 43.06969749622969], [-70.90189522697123, 43.070385448909526], [-70.90185797493552, 43.07107222260303], [-70.90162009258539, 43.07157649835519], [-70.90068768327545, 43.072321033780106], [-70.89975165357478, 43.07337131406594], [-70.89892994891335, 43.074122789679706], [-70.89803468268744, 43.07480950716638], [-70.89697016089977, 43.075699152095154], [-70.89601109295282, 43.076215372200096], [-70.89543113056418, 43.07701120137489], [-70.89491898661434, 43.07747712220576], [-70.89460702488087, 43.078111264217355], [-70.8943123466208, 43.078673644118496], [-70.89366902581868, 43.07931326981699], [-70.89335044105388, 43.07973309460783], [-70.89288881246533, 43.07994086185304], [-70.89248301691212, 43.08006193514714], [-70.89230002598714, 43.08029718625301], [-70.89212971138303, 43.08043361142101], [-70.89186853159745, 43.08037229138166], [-70.89143268704018, 43.08015078052266], [-70.89074126259487, 43.079862017978044]]]}, "properties": {"Shape_Leng": 12287.8335779, "Shape_Area": 2974006.0348, "density": "h", "hectares": 27.6295306792, "acres": 68.2740571823, "year_": 2012.0}}, {"type": "Feature", "geometry": {"type": "Polygon", "coordinates": [[[-70.88985720457349, 43.076018627953744], [-70.88838902148375, 43.074708540943114], [-70.88925571268337, 43.0750111604903], [-70.89001142793337, 43.07510024289649], [-70.89048830771895, 43.07496647215034], [-70.89100680346735, 43.07476059863041], [-70.89183523177064, 43.07422275563766], [-70.89236716671302, 43.07381755773198], [-70.89287404484573, 43.07365760074061], [-70.89335907533689, 43.07357809972785], [-70.89416241785132, 43.07351432487706], [-70.89504483429714, 43.07344297525316], [-70.89541727551709, 43.073401067549696], [-70.89567272432197, 43.073253885987995], [-70.89566162362674, 43.073420843393244], [-70.89556894988267, 43.07357724044897], [-70.89558303465554, 43.07363944470868], [-70.895606571408, 43.0737433910371], [-70.89575787945587, 43.073907657472], [-70.89584312384896, 43.07403728157646], [-70.89583727761466, 43.0741334073538], [-70.89567254767823, 43.0743021805803], [-70.89566453655506, 43.074309261284824], [-70.89515053645097, 43.07476350119429], [-70.89466103197061, 43.07530330231842], [-70.894490416495, 43.07548917946869], [-70.89426853803786, 43.07567153908401], [-70.89370668537532, 43.07589526464631], [-70.89275583033977, 43.07632814086784], [-70.89272914430465, 43.07634028899233], [-70.89218315583001, 43.07655183253084], [-70.89177894282597, 43.07661807991734], [-70.89108054533803, 43.07662962702195], [-70.89101758257898, 43.07660891153028], [-70.89073580496786, 43.07651620107065], [-70.8902556399027, 43.0762263256961], [-70.88985720457349, 43.076018627953744]]]}, "properties": {"Shape_Leng": 5178.33123077, "Shape_Area": 1186593.39705, "density": "h", "hectares": 11.0238574783, "acres": 27.2405450742, "year_": 2012.0}}, {"type": "Feature", "geometry": {"type": "Polygon", "coordinates": [[[-70.89141757620246, 43.076935951926025], [-70.89073580496786, 43.07651620107065], [-70.89101758257898, 43.07660891153028], [-70.89108054533803, 43.07662962702195], [-70.89177894282597, 43.07661807991734], [-70.89218315583001, 43.07655183253084], [-70.89272914430465, 43.07634028899233], [-70.89275583033977, 43.07632814086784], [-70.89370668537532, 43.07589526464631], [-70.89426853803786, 43.07567153908401], [-70.894490416495, 43.07548917946869], [-70.89466103197061, 43.07530330231842], [-70.89515053645097, 43.07476350119429], [-70.89566453655506, 43.074309261284824], [-70.89567254767823, 43.0743021805803], [-70.89583727761466, 43.0741334073538], [-70.89584312384896, 43.07403728157646], [-70.89575787945587, 43.073907657472], [-70.895606571408, 43.0737433910371], [-70.89558303465554, 43.07363944470868], [-70.89556894988267, 43.07357724044897], [-70.89566162362674, 43.073420843393244], [-70.89567272432197, 43.073253885987995], [-70.8960660100465, 43.07293705509636], [-70.89646866646206, 43.072612668732965], [-70.89601011256885, 43.07280233492598], [-70.89631473143463, 43.0724689389126], [-70.89658025208153, 43.07159493157257], [-70.8967586104347, 43.07105591659613], [-70.89722561337086, 43.07039298990755], [-70.89785280051039, 43.06965592896821], [-70.89867190889292, 43.068820381375936], [-70.89922779507322, 43.06840613198935], [-70.89969798443502, 43.068197575977344], [-70.89994146709569, 43.0680907002147], [-70.90017242022047, 43.06800643400549], [-70.90038580825961, 43.06793330984281], [-70.90058668816128, 43.067907144942055], [-70.90066635681681, 43.06789676828599], [-70.90072616486458, 43.067888978034574], [-70.89982829435746, 43.06911895809259], [-70.89858136669724, 43.07041190511285], [-70.89808250729737, 43.07162990272313], [-70.89740585267656, 43.07307989511505], [-70.89707449694707, 43.07402492073855], [-70.89624597685788, 43.07453377090692], [-70.89568525728008, 43.07485794668622], [-70.8951838134109, 43.0753142084414], [-70.89482044079824, 43.07617792024826], [-70.89421393028705, 43.076745465152], [-70.89332727083213, 43.07711706163248], [-70.89272694421366, 43.07722187477294], [-70.89210706548528, 43.07716279872919], [-70.89141757620246, 43.076935951926025]]]}, "properties": {"Shape_Leng": 9634.22980695, "Shape_Area": 1230291.39019, "density": "p", "hectares": 11.4298267427, "acres": 28.2437169736, "year_": 2012.0}}, {"type": "Feature", "geometry": {"type": "Polygon", "coordinates": [[[-70.88573708773929, 43.07301307522897], [-70.88542412881598, 43.072875284707315], [-70.88479073464292, 43.07288572136128], [-70.8834781388995, 43.07300263924187], [-70.88270058569906, 43.07316391323508], [-70.88210567751234, 43.07328730069536], [-70.88210251154943, 43.073288303372884], [-70.88150871668111, 43.073476259436084], [-70.88093775208657, 43.07365698514615], [-70.88091476903877, 43.073664259967536], [-70.87991728421635, 43.073990378755404], [-70.87935284542888, 43.07413068994902], [-70.87875373686566, 43.07420009248106], [-70.87855738596244, 43.07415566673803], [-70.87869206285922, 43.073810401158525], [-70.8786930074248, 43.073807979927636], [-70.8793688132348, 43.073058309736105], [-70.87990862867525, 43.072644418580474], [-70.88035499824849, 43.072363096790546], [-70.88207745433161, 43.07183445073901], [-70.8824863107493, 43.07179786578738], [-70.88452431303261, 43.07161548289039], [-70.88531966248213, 43.071513080511686], [-70.88547922031547, 43.071492536271016], [-70.88740964694429, 43.07138922898488], [-70.88946998935346, 43.071283743400215], [-70.89100733571898, 43.07107965489665], [-70.89325374362909, 43.070685127469176], [-70.89465320065928, 43.07055326088491], [-70.8950602703515, 43.070409820992154], [-70.89514540877049, 43.07037982012909], [-70.89525138282673, 43.07012790406527], [-70.89525441183079, 43.06969900710558], [-70.8955036068644, 43.06934941817752], [-70.89594877868396, 43.06903231778578], [-70.89644596862821, 43.06882156619174], [-70.89676483497774, 43.0686343744865], [-70.89699893125584, 43.06831207618497], [-70.8971034260017, 43.06801253335959], [-70.89716067001396, 43.067761423700546], [-70.89738006424793, 43.06763599387689], [-70.89785267527186, 43.06746347360543], [-70.89828507587231, 43.067400853187806], [-70.89876632440165, 43.06732336328885], [-70.89926828166574, 43.06728246412547], [-70.89982840001892, 43.06733595380408], [-70.90019081472217, 43.067496708721926], [-70.90042258026008, 43.06763580749185], [-70.90072616486458, 43.067888978034574], [-70.90066635681681, 43.06789676828599], [-70.90058668816128, 43.067907144942055], [-70.90038580825961, 43.06793330984281], [-70.90017242022047, 43.06800643400549], [-70.89994146709569, 43.0680907002147], [-70.89969798443502, 43.068197575977344], [-70.89922779507322, 43.06840613198935], [-70.89867190889292, 43.068820381375936], [-70.89785280051039, 43.06965592896821], [-70.89722561337086, 43.07039298990755], [-70.8967586104347, 43.07105591659613], [-70.89658025208153, 43.07159493157257], [-70.89631473143463, 43.0724689389126], [-70.89601011256885, 43.07280233492598], [-70.89551664608477, 43.0729348377786], [-70.89498473534745, 43.073074686520336], [-70.89437015137851, 43.073168252047346], [-70.89385007634606, 43.073164950661756], [-70.89313804418386, 43.07326012252035], [-70.89263934108938, 43.073423236149345], [-70.89178846180896, 43.073758944887885], [-70.8912229444725, 43.07415304399041], [-70.89073669049722, 43.074431515522456], [-70.89039782091942, 43.07450859078399], [-70.89000347478765, 43.074429949477086], [-70.88921363266147, 43.074199811210605], [-70.88867687336459, 43.07395034802455], [-70.88802838753548, 43.07368381751739], [-70.88717152298673, 43.07339893653969], [-70.88608899227559, 43.073257386526855], [-70.88566085044572, 43.07322447006356], [-70.88573708773929, 43.07301307522897]]]}, "properties": {"Shape_Leng": 14520.7921139, "Shape_Area": 4393561.59221, "density": "h", "hectares": 40.8176861049, "acres": 100.862698956, "year_": 2012.0}}, {"type": "Feature", "geometry": {"type": "Polygon", "coordinates": [[[-70.87411854087463, 43.075302137837014], [-70.87526685727364, 43.073739471431146], [-70.87622070224175, 43.07269699624826], [-70.8771790632374, 43.07264266310754], [-70.87729944717981, 43.07259091785876], [-70.87741418725253, 43.07254159909888], [-70.87774109410397, 43.07210452769464], [-70.8781698905518, 43.07174774072389], [-70.87821741941768, 43.071719836440884], [-70.87903824493252, 43.07123792455282], [-70.88014452309497, 43.07085761066659], [-70.88215499511766, 43.07029087449057], [-70.88438844088436, 43.07009132180573], [-70.88591804771443, 43.07007642137219], [-70.88697930744787, 43.06992550227462], [-70.88837543010867, 43.069673746734125], [-70.88958672568386, 43.06932972809259], [-70.89076265268639, 43.0686813225561], [-70.89176604736551, 43.06834071649152], [-70.89284585056814, 43.068056241145975], [-70.89367591097205, 43.06788980128339], [-70.89471112885732, 43.06773924115363], [-70.89577408671794, 43.067645391432414], [-70.89670771307443, 43.06757273639734], [-70.89674544731389, 43.067953308054605], [-70.89657414071755, 43.068299226509325], [-70.89624693213145, 43.06864772824551], [-70.89565929616407, 43.06898148442383], [-70.8953572159426, 43.06931035199808], [-70.89504873830118, 43.06964840317872], [-70.895037297662, 43.06988760355086], [-70.89501424978609, 43.069983283902104], [-70.8950602703515, 43.070409820992154], [-70.89465320065928, 43.07055326088491], [-70.89325374362909, 43.070685127469176], [-70.89100733571898, 43.07107965489665], [-70.88946998935346, 43.071283743400215], [-70.88740964694429, 43.07138922898488], [-70.88547922031547, 43.071492536271016], [-70.88531966248213, 43.071513080511686], [-70.8824863107493, 43.07179786578738], [-70.88207745433161, 43.07183445073901], [-70.88035499824849, 43.072363096790546], [-70.87990862867525, 43.072644418580474], [-70.8793688132348, 43.073058309736105], [-70.8786930074248, 43.073807979927636], [-70.87869206285922, 43.073810401158525], [-70.8786899042569, 43.073812796026374], [-70.87855738596244, 43.07415566673803], [-70.87875373686566, 43.07420009248106], [-70.87935284542888, 43.07413068994902], [-70.87991728421635, 43.073990378755404], [-70.88093775208657, 43.07365698514615], [-70.88150871668111, 43.073476259436084], [-70.88210251154943, 43.073288303372884], [-70.88270058569906, 43.07316391323508], [-70.8834781388995, 43.07300263924187], [-70.88479073464292, 43.07288572136128], [-70.88542412881598, 43.072875284707315], [-70.88573708773929, 43.07301307522897], [-70.88569177918119, 43.073136193469615], [-70.88566085044572, 43.07322447006356], [-70.88536303237413, 43.073278077842], [-70.88412685573414, 43.07355577163029], [-70.88320802057181, 43.07372817198267], [-70.88298024131655, 43.07382483878307], [-70.88274866503109, 43.073914546073226], [-70.88227442014906, 43.07421420417296], [-70.88195154826317, 43.074416070615875], [-70.88164547740583, 43.074709272837865], [-70.88072902666173, 43.07551766853988], [-70.87992934395633, 43.07675144393144], [-70.87923759857118, 43.07780754708089], [-70.87857646764103, 43.07909816936562], [-70.87802393485143, 43.0797362158292], [-70.87718144369161, 43.08024559965828], [-70.87609573452968, 43.080454009173536], [-70.8751157157691, 43.08071785485189], [-70.8740121331783, 43.08119337487077], [-70.87155488260424, 43.08247249276882], [-70.87111827786771, 43.08265117347752], [-70.87077925096665, 43.082618598499735], [-70.87035703817888, 43.08241584364276], [-70.87009772636229, 43.08209811509804], [-70.87021360994378, 43.081782606421115], [-70.87069331474318, 43.08091861213309], [-70.87134291509317, 43.07977560374837], [-70.87211576152427, 43.07852805556006], [-70.87308340340098, 43.07716789798115], [-70.87411854087463, 43.075302137837014]]]}, "properties": {"Shape_Leng": 23737.7170459, "Shape_Area": 8883293.428, "density": "sb", "hectares": 82.5288265823, "acres": 203.933171747, "year_": 2012.0}}, {"type": "Feature", "geometry": {"type": "Polygon", "coordinates": [[[-70.8775338430022, 43.07202216064042], [-70.87823099870238, 43.071708869715984], [-70.87821741941768, 43.071719836440884], [-70.8781698905518, 43.07174774072389], [-70.87774109410397, 43.07210452769464], [-70.87741418725253, 43.07254159909888], [-70.87729944717981, 43.07259091785876], [-70.8771790632374, 43.07264266310754], [-70.87622070224175, 43.07269699624826], [-70.87621932726766, 43.072697074066234], [-70.87648283999773, 43.07251113650433], [-70.87690288787724, 43.0722552668282], [-70.8775338430022, 43.07202216064042]]]}, "properties": {"Shape_Leng": 1357.68777157, "Shape_Area": 51192.2520625, "density": "h", "hectares": 0.475593486477, "acres": 1.17521709899, "year_": 2012.0}}, {"type": "Feature", "geometry": {"type": "Polygon", "coordinates": [[[-70.87964527145215, 43.06376731960873], [-70.87993515917944, 43.06371294833228], [-70.88018416994872, 43.06364750693781], [-70.8804566483724, 43.063722715563394], [-70.88106071994035, 43.06371278471553], [-70.88174317481685, 43.063715855602894], [-70.88205276786017, 43.063639288276555], [-70.88252732402542, 43.063534228038144], [-70.88288011539689, 43.06355926241122], [-70.88331674260048, 43.06353271777171], [-70.88349518025515, 43.06362984426988], [-70.88351991744116, 43.06380097611598], [-70.88332549266903, 43.06381847229377], [-70.88326220153029, 43.0639626439047], [-70.88294364171813, 43.06408206655566], [-70.88275037097092, 43.06409745697545], [-70.88252394278068, 43.06416167874596], [-70.88219848945121, 43.064305943382436], [-70.88159228672345, 43.06445886457795], [-70.88092494440532, 43.06456081682738], [-70.88025037701976, 43.064647618898775], [-70.88021175004131, 43.0646544305202], [-70.88009181418286, 43.06450988350435], [-70.87981507873646, 43.06441941579153], [-70.87961541082294, 43.06426545160347], [-70.87950464953634, 43.06421634651881], [-70.87942593630758, 43.06403299637571], [-70.87950838312574, 43.06386207980105], [-70.87964527145215, 43.06376731960873]]]}, "properties": {"Shape_Leng": 2535.98623561, "Shape_Area": 269410.699352, "density": "h", "hectares": 2.5029173095, "acres": 6.18484336544, "year_": 2012.0}}, {"type": "Feature", "geometry": {"type": "Polygon", "coordinates": [[[-70.8710338495936, 43.07036618832433], [-70.87076790980883, 43.07031575455188], [-70.87042537773664, 43.070336603952], [-70.87043702715137, 43.06981608724069], [-70.8704997682449, 43.069314740246064], [-70.87066857009336, 43.06845428491278], [-70.87061959798582, 43.068126303263035], [-70.8705827255546, 43.067555109019544], [-70.8703024461483, 43.06667340688195], [-70.87002825687057, 43.06599173361627], [-70.87017036436117, 43.06595867327222], [-70.87194486166682, 43.06554583500819], [-70.87191284616767, 43.065775077585414], [-70.87197783065781, 43.06598843801501], [-70.87209779646894, 43.06608653900823], [-70.87231258924636, 43.066097318988], [-70.87221819936453, 43.0661989284864], [-70.8720441189916, 43.06634288090591], [-70.87193502539637, 43.06650375557162], [-70.87195799216788, 43.06661773880071], [-70.87217235129309, 43.066614231356716], [-70.87239864364908, 43.066596107587245], [-70.87275479174114, 43.06653322361108], [-70.87306615259129, 43.06651383073577], [-70.87336977979655, 43.066683890084576], [-70.87353645642524, 43.06659189932301], [-70.87384825075725, 43.06658679290106], [-70.8740275538486, 43.06671250945599], [-70.87428346670413, 43.06661782937845], [-70.87462690379337, 43.06657075022529], [-70.87501225443404, 43.066396181950445], [-70.8752261765231, 43.06637838018286], [-70.87575743508549, 43.06589793861694], [-70.87612550805034, 43.0658204286975], [-70.87643250340274, 43.0656581497007], [-70.87704779662607, 43.06537645224693], [-70.87733573739203, 43.06522877859089], [-70.87768475335544, 43.065165870553216], [-70.87787394844356, 43.06497693084393], [-70.87810255217356, 43.06480163970288], [-70.87858840843208, 43.06475077708765], [-70.87895996253125, 43.064787560358596], [-70.8790630694978, 43.06497170070462], [-70.87902933503224, 43.06514379386609], [-70.87900083769655, 43.065487340132], [-70.87900738622895, 43.06570165631378], [-70.87918420821002, 43.065866160947344], [-70.87920790349742, 43.06639451507424], [-70.87913053789512, 43.06641484663643], [-70.87913122614353, 43.06686274250398], [-70.87879413311933, 43.06731618604654], [-70.87866668605143, 43.067421447549], [-70.8786293156382, 43.0674523115195], [-70.87852829256802, 43.06754926989806], [-70.87853178453688, 43.067663572251874], [-70.87843047049826, 43.06775100481923], [-70.87825453620229, 43.068256589559226], [-70.87806108281423, 43.068424165693266], [-70.87783991642134, 43.06875974935557], [-70.87764047863504, 43.068961584184436], [-70.8775124779066, 43.069143646875006], [-70.87712439264004, 43.06916334703707], [-70.87644405789277, 43.069231687438], [-70.87578451611972, 43.06934256872959], [-70.875402163561, 43.06959185026806], [-70.87494229040645, 43.06985669719873], [-70.87471125958596, 43.06988694356907], [-70.87452356453434, 43.06981074106726], [-70.87452252852164, 43.06977678158928], [-70.87424253952979, 43.06971341692378], [-70.87389980784212, 43.06975601065897], [-70.87382235077841, 43.069765636855884], [-70.87374118593797, 43.06977572339603], [-70.87289606928634, 43.07012466672301], [-70.87289601744428, 43.0701246879673], [-70.87259635335914, 43.070237427279636], [-70.87220948566514, 43.07042846590166], [-70.87190114818999, 43.07047828667441], [-70.87146613093587, 43.0704952040276], [-70.8710338495936, 43.07036618832433]]]}, "properties": {"Shape_Leng": 8630.67691791, "Shape_Area": 3065502.90824, "density": "h", "hectares": 28.4795678486, "acres": 70.3745447725, "year_": 2012.0}}, {"type": "Feature", "geometry": {"type": "Polygon", "coordinates": [[[-70.86856777863389, 43.08898298592236], [-70.86799627652549, 43.08863758620798], [-70.86761732065139, 43.08847446837329], [-70.86707589705674, 43.08839462292206], [-70.86685355944327, 43.088317630360585], [-70.86688409468367, 43.08823651082803], [-70.86720144127248, 43.087820162626144], [-70.86780071656084, 43.08727021634229], [-70.86855389952538, 43.086717752393774], [-70.86935398633305, 43.086261263869595], [-70.87056402818594, 43.085902873826015], [-70.87128497167461, 43.08573790208923], [-70.87183148044392, 43.085624153080865], [-70.87257033469471, 43.08549926561742], [-70.87402705025829, 43.08535087253585], [-70.87483038350202, 43.08531313575077], [-70.87525336317408, 43.085255045523596], [-70.87523297763668, 43.08586529366223], [-70.87516866482783, 43.086314254304064], [-70.8746783978516, 43.08686549435922], [-70.87403188156964, 43.08740976299688], [-70.87359503129802, 43.08800777328602], [-70.87332155675344, 43.08818080279158], [-70.87308477233788, 43.08833061624964], [-70.87292714663586, 43.08870486406506], [-70.8727637113585, 43.0888886076099], [-70.87255229028005, 43.088777710057364], [-70.872390241358, 43.088580233679956], [-70.87233841102423, 43.08849109122261], [-70.87235298056254, 43.08848579140531], [-70.8723708118, 43.088482607996795], [-70.87239408218547, 43.08847603633488], [-70.87241423863557, 43.088467603129374], [-70.87243127994495, 43.08845730657324], [-70.87244184960707, 43.088446565425706], [-70.87244894957014, 43.0884320303292], [-70.87245017480681, 43.088424463095286], [-70.87245681342733, 43.08838346732335], [-70.87246700262382, 43.08834951023269], [-70.87248530548273, 43.08832626553557], [-70.87253585726202, 43.088277666628734], [-70.87255189627025, 43.08825520465057], [-70.87256329196339, 43.088229288942394], [-70.87257246503668, 43.08820134775369], [-70.87257843165166, 43.08817442939725], [-70.87258089068573, 43.08814997743927], [-70.87257982789336, 43.088129475243264], [-70.87257765604309, 43.08812123901911], [-70.87257538351068, 43.08811262042879], [-70.87256762914892, 43.08809966913757], [-70.87255663701535, 43.08809073619027], [-70.8727620119478, 43.088104733786295], [-70.87292445647209, 43.088028654969705], [-70.87296151435007, 43.087879381196295], [-70.87288017879789, 43.08771564696732], [-70.87270530261813, 43.08757861861982], [-70.87252401955307, 43.0874951419132], [-70.87239864373467, 43.087499775300806], [-70.87228665521386, 43.08743946499163], [-70.87222867106266, 43.087136648575104], [-70.87236403043994, 43.08704508968948], [-70.87249550864215, 43.08683554504144], [-70.87250493147634, 43.086602025415914], [-70.87238323943134, 43.0863419439107], [-70.87200526180865, 43.086205181499025], [-70.87167116143146, 43.0861749108774], [-70.87137837017073, 43.0862765377804], [-70.87119765158705, 43.08684384381746], [-70.87128181365883, 43.0869509104835], [-70.87127882350097, 43.08695211571595], [-70.87126481091856, 43.08696441350644], [-70.87122435174722, 43.08702215292518], [-70.87120815954823, 43.08704068626243], [-70.871193721181, 43.08705304679578], [-70.87106968209892, 43.08714272605689], [-70.87106092327363, 43.087149058988906], [-70.87102086672832, 43.087170353689025], [-70.87101452390142, 43.087173726590045], [-70.87099243472666, 43.08718546949955], [-70.87097784846114, 43.08719055839143], [-70.87089220978898, 43.08722043505168], [-70.87080247849659, 43.08725005364248], [-70.87076739177306, 43.087263501925655], [-70.87073752270948, 43.087277101710896], [-70.87070325517405, 43.08729566857616], [-70.87066941399478, 43.087316874963044], [-70.87063564011034, 43.08734094431392], [-70.87060126419605, 43.087368349056774], [-70.87054139361832, 43.08742216621543], [-70.87040361827357, 43.087556320554704], [-70.87036510874351, 43.08759041164781], [-70.87032862498944, 43.08761971717748], [-70.87020623329713, 43.08771912957385], [-70.87015459309177, 43.087759776874925], [-70.87012978913164, 43.08777892613124], [-70.8700937647418, 43.08780508422581], [-70.87008080290344, 43.08781473821525], [-70.87006217970747, 43.08782748354443], [-70.87003908551578, 43.08784235092489], [-70.8699983168284, 43.08786593751169], [-70.86995775732521, 43.087887122115696], [-70.86991757533717, 43.08790485722395], [-70.86988144841212, 43.08791712058256], [-70.86978219634827, 43.08794406881308], [-70.86975583389031, 43.08795410562632], [-70.8697345304276, 43.0879653586753], [-70.86970698244492, 43.087987735601914], [-70.86966468108095, 43.08803791649373], [-70.86964420389351, 43.08805600748751], [-70.86963790367533, 43.088061196229006], [-70.86962047035011, 43.08807328275555], [-70.86959495011466, 43.08808456761727], [-70.86950549684978, 43.088125179862665], [-70.86947670130725, 43.08814184283437], [-70.86944734004705, 43.088158468551555], [-70.86942892818583, 43.08817762798154], [-70.86941790476375, 43.08819547784527], [-70.86940844403671, 43.08821641623917], [-70.8693927653876, 43.08827113568241], [-70.86938776720412, 43.088304241109746], [-70.86938688533846, 43.08834060498749], [-70.86939006121673, 43.08838086151962], [-70.86939754692426, 43.08842830164286], [-70.86940796316864, 43.08847014699183], [-70.86942436061557, 43.08851559234004], [-70.8694467452743, 43.08856531194572], [-70.86948182635606, 43.088634199767256], [-70.86952837884341, 43.08872694248736], [-70.86955652795471, 43.088775207062575], [-70.86958900147317, 43.08881836184614], [-70.86962502371581, 43.08885343000705], [-70.86966633102207, 43.08888981229284], [-70.86968057899354, 43.088897971552484], [-70.86969477564342, 43.08890232188074], [-70.86971146014436, 43.08890339135225], [-70.86974351042095, 43.08890152529865], [-70.86979329713135, 43.088898123760416], [-70.86984424957038, 43.08889177059573], [-70.8698961696958, 43.08888248872833], [-70.8699487989633, 43.08887032586545], [-70.8700019539625, 43.088855313134886], [-70.87005512691262, 43.08883758652554], [-70.87006782822627, 43.08883269976902], [-70.8700700349021, 43.088831969799344], [-70.87007519350585, 43.08882986603336], [-70.87010787006933, 43.088817293247], [-70.87013328893377, 43.08880617049563], [-70.87014244181105, 43.08880243733811], [-70.8701494661415, 43.088799091734415], [-70.87015959465145, 43.08879465964218], [-70.87019420977904, 43.08877778046237], [-70.8702310528713, 43.08876023265822], [-70.8702420311647, 43.08875381802223], [-70.87028995414113, 43.08872656168743], [-70.87029626053157, 43.08872212998724], [-70.87030503474878, 43.08871700253568], [-70.8703415247132, 43.08869058747319], [-70.87036281388383, 43.08867096813637], [-70.87037690464368, 43.08865637739965], [-70.87040516755182, 43.08861105123686], [-70.87041181705011, 43.08860127407361], [-70.87042910359136, 43.08858203014277], [-70.87044234178342, 43.08857409014045], [-70.87045764698412, 43.088567952234804], [-70.87053228995273, 43.08854903625555], [-70.87055188417102, 43.088541551834965], [-70.87055372180924, 43.08854096061335], [-70.87055427990964, 43.08854063683835], [-70.87056136345473, 43.088537930734], [-70.87058413203495, 43.08852365418948], [-70.87058541992218, 43.088522552353226], [-70.87059081286952, 43.08851942041236], [-70.87060104844078, 43.088509181200095], [-70.87060608696255, 43.08850487118525], [-70.87061104757588, 43.08849917978434], [-70.87062688242968, 43.08848334182725], [-70.87067689897818, 43.08842706976685], [-70.87070730744747, 43.08839879486074], [-70.8707507475438, 43.08836875446182], [-70.87076768967276, 43.08835741057884], [-70.87082061974947, 43.08832566554694], [-70.87086595722658, 43.08829847380079], [-70.8709444702716, 43.088245264104486], [-70.87108373253668, 43.08813849870455], [-70.87111320499316, 43.088115903485466], [-70.87112286947597, 43.08810916277389], [-70.87115974803807, 43.088084172399874], [-70.87119738601024, 43.08806180585558], [-70.8712010458363, 43.08805963130878], [-70.87125361454876, 43.08803413516681], [-70.87130355524604, 43.088016588941564], [-70.87135201611493, 43.08800624628364], [-70.87140322507574, 43.08800239934824], [-70.87146812266069, 43.088002577611476], [-70.87148733404572, 43.08800453753828], [-70.87150091272709, 43.08800794808344], [-70.87151110838424, 43.08801444786856], [-70.87151641065535, 43.088024300047564], [-70.87151685805654, 43.08803756519942], [-70.8715124606647, 43.08805441352424], [-70.87149349430909, 43.08809246917307], [-70.87143790571064, 43.08818051719117], [-70.87140843456667, 43.08822722506186], [-70.87136891299768, 43.088276991125234], [-70.87132244668416, 43.08832737322201], [-70.87123064882104, 43.08841977286705], [-70.8711716014174, 43.088477989743325], [-70.87110580301982, 43.088538643190965], [-70.8710319953261, 43.08860291986023], [-70.87094584926697, 43.088674591902915], [-70.87091421204038, 43.08869769141396], [-70.87087474362644, 43.08872157270202], [-70.87082817581093, 43.088746156233555], [-70.87068990504638, 43.088814530128715], [-70.87065040527091, 43.08883693215955], [-70.87061855991632, 43.08885806869393], [-70.87058717107797, 43.08888435280336], [-70.87056473163918, 43.08891094761108], [-70.8705507787569, 43.08893840890095], [-70.87054516970598, 43.08896704173702], [-70.87054625704869, 43.08900276040448], [-70.87054324096364, 43.089016389429354], [-70.87053700563196, 43.0890298421292], [-70.87052748773598, 43.08904326568905], [-70.87051449454763, 43.089056936916215], [-70.87048522533222, 43.089080572174176], [-70.87040728935656, 43.08913434546057], [-70.87037559097827, 43.08916279493896], [-70.87032348025458, 43.08922346306384], [-70.87028306987207, 43.08927611386661], [-70.87025075548793, 43.089325459809736], [-70.87022594179112, 43.08937251753678], [-70.87021842994847, 43.089392724226606], [-70.87020364678797, 43.08944585312144], [-70.87018999641312, 43.08947316884399], [-70.87017631815526, 43.08948794425877], [-70.87013634491724, 43.089520675735855], [-70.87012842850064, 43.089529828353776], [-70.87012372287549, 43.08953857934692], [-70.87011938241456, 43.089559999916034], [-70.87012165568399, 43.08958256561774], [-70.87013054269121, 43.08960627645172], [-70.87013318855489, 43.089608430946335], [-70.87014542975308, 43.08961840079995], [-70.87014991433459, 43.08963011967785], [-70.86976143396157, 43.090099834361254], [-70.86975999439153, 43.09009794840502], [-70.86957326428357, 43.089853392529534], [-70.8691522432099, 43.089392668835394], [-70.86856777863389, 43.08898298592236]]]}, "properties": {"Shape_Leng": 9496.10134579, "Shape_Area": 1523338.27274, "density": "sb", "hectares": 14.1523322578, "acres": 34.9711746122, "year_": 2012.0}}, {"type": "Feature", "geometry": {"type": "Polygon", "coordinates": [[[-70.86811549422747, 43.06381084641218], [-70.86742983190847, 43.06327406886086], [-70.86667042945169, 43.062876674993014], [-70.8658323006355, 43.062561563545266], [-70.8645752320565, 43.06203885196391], [-70.86368242003769, 43.06184850551093], [-70.86140873800773, 43.061337550612734], [-70.86046953607675, 43.06122417394378], [-70.85996537124666, 43.06109895225254], [-70.85885686850689, 43.06097401957683], [-70.85143638244205, 43.058470155631646], [-70.85044045721196, 43.05798118098258], [-70.8492770221632, 43.057323365644194], [-70.84924760681274, 43.05720948109294], [-70.8490837148115, 43.05694529152552], [-70.84897120935537, 43.05666121072312], [-70.84883435404029, 43.05621551414117], [-70.84863942426038, 43.05599947417104], [-70.84861169463683, 43.055509129627296], [-70.84844803970024, 43.055468888908266], [-70.84844517804372, 43.05537363562668], [-70.84851447265389, 43.055301040468024], [-70.84949573436197, 43.05530424130125], [-70.84988607818919, 43.05553617999602], [-70.85009672208676, 43.0558424975893], [-70.85056228542166, 43.056306700696716], [-70.85141582589387, 43.05703146344885], [-70.85215734748026, 43.05759602427418], [-70.85280718396156, 43.058028644805056], [-70.85439366413885, 43.05884157701077], [-70.85504972428923, 43.05910254438508], [-70.85581793815281, 43.05936526320141], [-70.85647780449482, 43.05959042375028], [-70.85747942081518, 43.05983504754725], [-70.85841978469082, 43.05998774188733], [-70.85928210283838, 43.060138122566535], [-70.86064286286982, 43.06041261875937], [-70.86101091592576, 43.06049597588054], [-70.86141296147387, 43.06057520432827], [-70.86181716963351, 43.06072587091573], [-70.86219735208148, 43.06072683028289], [-70.86230213781752, 43.060807320419684], [-70.86277449395172, 43.06103549677029], [-70.86330482392525, 43.06116623584722], [-70.8637000557885, 43.06118124029954], [-70.86411542333924, 43.06137817613259], [-70.86472359491347, 43.06166488476848], [-70.86515769455394, 43.06167567644945], [-70.86526151117192, 43.06172401586073], [-70.86542302625249, 43.061746398807806], [-70.86550399943268, 43.06168432518791], [-70.8654825631752, 43.061620347251086], [-70.86532472848376, 43.0615585936251], [-70.86520140239881, 43.061499613631504], [-70.86521937358228, 43.06149972059075], [-70.86524710770769, 43.061497505087004], [-70.86527154689026, 43.0614936849155], [-70.86529669713455, 43.06148692258439], [-70.8653205109207, 43.06147711013829], [-70.86534298700651, 43.06146424846946], [-70.86536412661697, 43.06144833758725], [-70.86538392604393, 43.06142937926674], [-70.86540239024256, 43.061407369942614], [-70.86541952418021, 43.0613823051495], [-70.86543533163224, 43.06135417771305], [-70.86546269358163, 43.06128956294758], [-70.86548506410462, 43.06121258459541], [-70.865502578663, 43.061123304818466], [-70.86551691119544, 43.06101318648833], [-70.86552441414851, 43.060965502464946], [-70.86553031771041, 43.06092798448809], [-70.86553261976779, 43.0608883655213], [-70.86553083984657, 43.06086902745805], [-70.8655267074222, 43.06085179280951], [-70.8655201585578, 43.060836386578096], [-70.86551113353161, 43.06082268142225], [-70.86549648491685, 43.06080745702644], [-70.86547627765167, 43.06079166621577], [-70.865404899305, 43.060748174663765], [-70.8653839149778, 43.06073606186341], [-70.8654240865111, 43.06065639334773], [-70.86553591043952, 43.06064742208277], [-70.86564329727143, 43.06065281866003], [-70.8657101954932, 43.060608842256855], [-70.86572653972132, 43.06050493739443], [-70.86578726604371, 43.06041817799793], [-70.8659075331353, 43.06036618364655], [-70.86598384818979, 43.06031133329055], [-70.86600387142086, 43.06016805757887], [-70.8658877134165, 43.06003415026592], [-70.86554401341846, 43.05995041220819], [-70.86440955050666, 43.05963986482261], [-70.86440468738385, 43.059633320748226], [-70.86439668184069, 43.059626759144045], [-70.86437117910963, 43.05961353158266], [-70.86433361818354, 43.05960026718225], [-70.86427791716916, 43.05958483040698], [-70.86424195446037, 43.059576754922105], [-70.8642051331369, 43.05957116775758], [-70.86416745196703, 43.059568068903964], [-70.86412891215033, 43.059567460169156], [-70.8641092239815, 43.05956839958974], [-70.86408951247817, 43.05956933974344], [-70.86404925294572, 43.05957370762591], [-70.86400813353615, 43.059580564715716], [-70.8639661554834, 43.059589910120366], [-70.86347970188186, 43.05954448087021], [-70.86335356204494, 43.05947692486965], [-70.86272715577574, 43.05939182627961], [-70.8613144326744, 43.05909080070506], [-70.8609051552512, 43.05893452550725], [-70.86118805106865, 43.05883462398103], [-70.8615130477202, 43.05878261051515], [-70.86236692054707, 43.058654353878424], [-70.86291834223553, 43.058772227553774], [-70.8636725281617, 43.05895558797469], [-70.86456885028991, 43.059266525241846], [-70.86549455974045, 43.0597238297481], [-70.86630853488025, 43.059755974149965], [-70.86665880788091, 43.05961364113678], [-70.8677959893007, 43.05972179158669], [-70.86862062331214, 43.05991127139065], [-70.86945533295757, 43.06015254062685], [-70.87003314308654, 43.060529760458664], [-70.87067753601006, 43.06068641173087], [-70.8711455314985, 43.06069893323244], [-70.87169155579396, 43.06057644832196], [-70.87220253672562, 43.06078835501911], [-70.87253449695689, 43.06105092875737], [-70.87271819065262, 43.06142060235239], [-70.87248610387253, 43.061481581151256], [-70.87224199665627, 43.061362306576214], [-70.87187984986899, 43.06120560388444], [-70.87168940547592, 43.06126915219405], [-70.87159259395128, 43.06139564295709], [-70.87163627316062, 43.06174326626358], [-70.87138487435035, 43.06169427705291], [-70.87138399885505, 43.061995172081474], [-70.8718254824498, 43.06217854833931], [-70.87166309476771, 43.062694662071216], [-70.87151574647908, 43.062907892397966], [-70.87139453417866, 43.063195773737235], [-70.87129368863138, 43.063324344348295], [-70.87138733128438, 43.0635564918438], [-70.87143558678737, 43.063690659796556], [-70.87182473346695, 43.06366523330964], [-70.87244887408579, 43.0636740792854], [-70.8728940435085, 43.063781151260265], [-70.87308113814505, 43.06394962711643], [-70.87288314535498, 43.06427688711524], [-70.87279140017074, 43.06467864680927], [-70.87230701809624, 43.06499153327852], [-70.87194486166682, 43.06554583500819], [-70.87017036436117, 43.06595867327222], [-70.87002825687057, 43.06599173361627], [-70.86946523384681, 43.06524211543301], [-70.86885689462397, 43.06447059887329], [-70.86811549422747, 43.06381084641218]]]}, "properties": {"Shape_Leng": 21541.6183615, "Shape_Area": 4413331.9429, "density": "sb", "hectares": 41.0013594078, "acres": 101.316565571, "year_": 2012.0}}, {"type": "Feature", "geometry": {"type": "Polygon", "coordinates": [[[-70.84283561799101, 43.0565804366949], [-70.84218453268117, 43.05644493139058], [-70.8416378501601, 43.05653468939151], [-70.84153150887965, 43.05707590655316], [-70.84161843849895, 43.05751420623268], [-70.84112802124925, 43.05708610378915], [-70.84114202377876, 43.05653470889925], [-70.84120354393724, 43.0560957459848], [-70.84143972100026, 43.05567222020533], [-70.84219495495567, 43.055130844188724], [-70.84347359761276, 43.05461752755223], [-70.84470630248254, 43.05423268005976], [-70.84594665241755, 43.054103180360826], [-70.84890210374418, 43.053909464534755], [-70.85077673375399, 43.053929434468486], [-70.85068916257022, 43.05422161812117], [-70.8506319736107, 43.054412426749536], [-70.85108458134813, 43.05471945325922], [-70.85056739886656, 43.05480684474578], [-70.8502321166322, 43.05489327237123], [-70.8500088161731, 43.05503030336969], [-70.84995852744217, 43.05530272111243], [-70.84988607818919, 43.05553617999602], [-70.84949573436197, 43.05530424130125], [-70.84851447265389, 43.055301040468024], [-70.84844517804372, 43.05537363562668], [-70.84844803970024, 43.055468888908266], [-70.84861169463683, 43.055509129627296], [-70.84863942426038, 43.05599947417104], [-70.84883435404029, 43.05621551414117], [-70.84897120935537, 43.05666121072312], [-70.8490837148115, 43.05694529152552], [-70.84924760681274, 43.05720948109294], [-70.84829170485106, 43.056784401612674], [-70.84763896282243, 43.05659420714966], [-70.84656556502536, 43.05648379576715], [-70.8457247893367, 43.05666160318902], [-70.84491325744646, 43.05698492420507], [-70.84524263451029, 43.05718034970306], [-70.84582896309027, 43.057645361314364], [-70.84613869338442, 43.05804542864034], [-70.8452500967784, 43.05793276788786], [-70.84487827919105, 43.05747820740318], [-70.8443206611448, 43.05714046970246], [-70.84283561799101, 43.0565804366949]]]}, "properties": {"Shape_Leng": 8935.91394928, "Shape_Area": 2018766.64412, "density": "p", "hectares": 18.755030849, "acres": 46.3446905236, "year_": 2012.0}}, {"type": "Feature", "geometry": {"type": "Polygon", "coordinates": [[[-70.85320175265679, 43.067581361352396], [-70.85300486641387, 43.06751784141732], [-70.85274703797243, 43.06758872655552], [-70.85227789743645, 43.0675486738781], [-70.85188412753794, 43.06742162960916], [-70.85148396272294, 43.067513876381675], [-70.85102227774772, 43.067721476494164], [-70.85064580048228, 43.06773709725536], [-70.85041223301019, 43.06775040474555], [-70.85008304145698, 43.068041627716894], [-70.84969958573159, 43.06825748695828], [-70.84932195860905, 43.068235002104196], [-70.84887708048711, 43.068137363400375], [-70.84820847871524, 43.067948038461594], [-70.8475561330819, 43.06743442745884], [-70.8471073428235, 43.06712884077844], [-70.84674550416506, 43.0661943272887], [-70.84697248669995, 43.06596194457529], [-70.8473011963167, 43.065870867243696], [-70.84820319133549, 43.066042132807254], [-70.84879081653426, 43.06613270291776], [-70.84909788815739, 43.06597049609339], [-70.84924734251027, 43.06575365612385], [-70.85008787077435, 43.065825836088656], [-70.85090547363563, 43.0657840209511], [-70.85158322318898, 43.06563010409839], [-70.85189243637427, 43.06553932927435], [-70.85184786918897, 43.06535421674269], [-70.85172836568363, 43.06527038160729], [-70.85135338000848, 43.06511920627474], [-70.85017298581707, 43.064766634733374], [-70.84975989338257, 43.06464465988777], [-70.8493294644696, 43.06459443858809], [-70.84895577789243, 43.06448611959766], [-70.84844568638135, 43.064380003525244], [-70.84836043912867, 43.064138366491704], [-70.84835228024232, 43.06386689478464], [-70.8482635996724, 43.06351095388269], [-70.84800168998433, 43.063229286572465], [-70.84783635421431, 43.06291746835308], [-70.84765282228106, 43.062648829173284], [-70.84715880065426, 43.06242808763471], [-70.84673182097622, 43.062492160507475], [-70.84603074650802, 43.062517770326195], [-70.84540290068534, 43.06238494980378], [-70.84446028091878, 43.062157137084505], [-70.84414507502086, 43.06204785968101], [-70.84385899209371, 43.06160932767566], [-70.84383350967309, 43.06140960898295], [-70.84387076883834, 43.06135182899198], [-70.84458426294182, 43.06128957156688], [-70.84919804862159, 43.061938340913784], [-70.85379659041882, 43.06272161352494], [-70.85575727879392, 43.0630900838689], [-70.85746565070306, 43.063710395306444], [-70.86019575930794, 43.064286198178706], [-70.86031970345435, 43.06440832529433], [-70.86090183256337, 43.0647467010547], [-70.86135925230404, 43.06504421737749], [-70.86172693577902, 43.065276230480364], [-70.86188975241208, 43.065502299206116], [-70.86191572812166, 43.06571630014557], [-70.86177021210692, 43.06606174649095], [-70.86128649245344, 43.0661839769659], [-70.86070905780002, 43.06610785446413], [-70.86035326768697, 43.06627063137181], [-70.85998819526536, 43.06644810619349], [-70.85958889842813, 43.066783380838295], [-70.85940352841358, 43.06710088282431], [-70.85966075479685, 43.06722535590371], [-70.85903974437964, 43.06732121858988], [-70.85781116266315, 43.06731258705759], [-70.85577814277183, 43.06722034390341], [-70.85450613477566, 43.06706466705143], [-70.85354211015324, 43.06688492607358], [-70.85248142381816, 43.06684016169536], [-70.85139938624577, 43.06673378851406], [-70.84923216638012, 43.066740251354986], [-70.84944318357047, 43.0668416693003], [-70.84993509966496, 43.06699096067687], [-70.850483331595, 43.06706786362229], [-70.85112136032572, 43.067105191006185], [-70.8522086087977, 43.06716859776638], [-70.85278182364222, 43.06721173050304], [-70.853504082478, 43.06726197585966], [-70.85595459629278, 43.06774675943158], [-70.85126894644067, 43.06883285482285], [-70.85053670930075, 43.069121070487796], [-70.85021763656275, 43.06931682998721], [-70.85017864558978, 43.06962391375968], [-70.8500902035457, 43.06957583336809], [-70.85002963753787, 43.069290914096776], [-70.85021649545288, 43.06902105394163], [-70.85092303614178, 43.068742786664956], [-70.85160329890735, 43.06845540993813], [-70.85222203804051, 43.068283384499175], [-70.8534554874767, 43.06780597015141], [-70.8535320032129, 43.06775708058851], [-70.8533723690287, 43.06763577724388], [-70.85320175265679, 43.067581361352396]]]}, "properties": {"Shape_Leng": 20799.4618474, "Shape_Area": 5787505.39911, "density": "h", "hectares": 53.7678996308, "acres": 132.86337349, "year_": 2012.0}}, {"type": "Feature", "geometry": {"type": "Polygon", "coordinates": [[[-70.84658409685424, 43.07007692654635], [-70.84632155682974, 43.06938368563132], [-70.84653200106851, 43.06795079639592], [-70.84669813419619, 43.066990354860344], [-70.84674550416506, 43.0661943272887], [-70.8471073428235, 43.06712884077844], [-70.84716185994012, 43.067269640261095], [-70.84713955641642, 43.0673384968442], [-70.84715910435688, 43.06744837196754], [-70.8471944454108, 43.06754310063999], [-70.84735859597941, 43.067734027436366], [-70.84792255856271, 43.06811802933887], [-70.84861313277318, 43.0685923043821], [-70.84905064877871, 43.06922850502076], [-70.84924731581789, 43.06968991148666], [-70.84930510964224, 43.069855750588445], [-70.84927268656776, 43.06999326800698], [-70.84922187502184, 43.07005960791354], [-70.84925904298939, 43.07007985339917], [-70.8494415690941, 43.07007094652999], [-70.84971643407168, 43.06989079478702], [-70.8500902035457, 43.06957583336809], [-70.85017864558978, 43.06962391375968], [-70.85015458597043, 43.06981340702521], [-70.85032109972629, 43.070163322093855], [-70.8507220518799, 43.07052850390744], [-70.85124942981005, 43.07093974814226], [-70.85186750351302, 43.07111938422254], [-70.85259309573132, 43.07136544506854], [-70.8538584157213, 43.0714255480342], [-70.8538584905645, 43.07142555216648], [-70.8552750344553, 43.07150305053251], [-70.85546124401353, 43.07164298025575], [-70.85438535079645, 43.072340961243704], [-70.85381257448203, 43.07253817097335], [-70.85310790840397, 43.07266394680864], [-70.85197050671894, 43.0728432394944], [-70.85112286015716, 43.07279138335555], [-70.84994437740684, 43.07249863189306], [-70.84874879662772, 43.072086438723026], [-70.84760296556547, 43.07159033316005], [-70.84729967777305, 43.07118037809599], [-70.84694611905398, 43.070703032492716], [-70.84658409685424, 43.07007692654635]]]}, "properties": {"Shape_Leng": 8103.2198347, "Shape_Area": 1869491.78923, "density": "p", "hectares": 17.3682165202, "acres": 42.9177976863, "year_": 2012.0}}, {"type": "Feature", "geometry": {"type": "Polygon", "coordinates": [[[-70.85525950203476, 43.11078282490076], [-70.85492264567525, 43.110527052738675], [-70.85496083328127, 43.110126746424356], [-70.85492478638872, 43.10957980292758], [-70.85498631326452, 43.10935155220232], [-70.8551316065681, 43.109212522182546], [-70.85544919174765, 43.10917819096927], [-70.85545782655281, 43.10946394713609], [-70.85537758935237, 43.11003704190906], [-70.85525950203476, 43.11078282490076]]]}, "properties": {"Shape_Leng": 1297.57957498, "Shape_Area": 61306.3046532, "density": "p", "hectares": 0.569556485569, "acres": 1.40740472634, "year_": 2012.0}}, {"type": "Feature", "geometry": {"type": "Polygon", "coordinates": [[[-70.85409378637114, 43.10206952449201], [-70.85453951153565, 43.102041010576514], [-70.85535421138357, 43.10217569602083], [-70.85541977864028, 43.1026363020268], [-70.85554955851359, 43.10319099653322], [-70.85508738970618, 43.102960245400574], [-70.85458640774222, 43.10244898921643], [-70.85409378637114, 43.10206952449201]]]}, "properties": {"Shape_Leng": 1286.16177074, "Shape_Area": 70065.2752972, "density": "p", "hectares": 0.650930311074, "acres": 1.60848382826, "year_": 2012.0}}, {"type": "Feature", "geometry": {"type": "Polygon", "coordinates": [[[-70.85565845531961, 43.10822994722736], [-70.8554575289969, 43.108215534579394], [-70.85543849036932, 43.10812451718588], [-70.85530632905072, 43.10805518719455], [-70.855329476265, 43.10774509015822], [-70.85548478571478, 43.107504323951], [-70.85568050798892, 43.107524973752106], [-70.85565845531961, 43.10822994722736]]]}, "properties": {"Shape_Leng": 650.980990275, "Shape_Area": 20709.8526863, "density": "p", "hectares": 0.192401596856, "acres": 0.47543469986, "year_": 2012.0}}, {"type": "Feature", "geometry": {"type": "Polygon", "coordinates": [[[-70.8554607530424, 43.109130353155365], [-70.85523934534109, 43.10915428826826], [-70.85514316810468, 43.109164685303135], [-70.85499787494186, 43.10930371533987], [-70.85487221685426, 43.1092927736679], [-70.85486718106843, 43.109126082251684], [-70.85495965057811, 43.108957809673996], [-70.85511280508484, 43.108645604994784], [-70.85529917935033, 43.108356685941786], [-70.85544784646436, 43.108254806336895], [-70.855654532536, 43.10827944778791], [-70.85566244818428, 43.10854139067127], [-70.85560895823124, 43.10892345433514], [-70.8554607530424, 43.109130353155365]]]}, "properties": {"Shape_Leng": 978.581890589, "Shape_Area": 47492.0492199, "density": "p", "hectares": 0.441217339703, "acres": 1.09027179037, "year_": 2012.0}}, {"type": "Feature", "geometry": {"type": "Polygon", "coordinates": [[[-70.8087285874649, 43.119530355657545], [-70.80879350180238, 43.11962580673933], [-70.80848178866052, 43.11994826066442], [-70.80830919009941, 43.11999623946544], [-70.80675673588439, 43.11913080897443], [-70.80688452317206, 43.11905255129329], [-70.80782091518763, 43.119276860076994], [-70.8084691540883, 43.11948046522392], [-70.8087285874649, 43.119530355657545]]]}, "properties": {"Shape_Leng": 1320.54951021, "Shape_Area": 68898.7247269, "density": "p", "hectares": 0.640092658293, "acres": 1.58170340502, "year_": 2012.0}}, {"type": "Feature", "geometry": {"type": "Polygon", "coordinates": [[[-70.73952302622637, 43.068749674899415], [-70.73948591461527, 43.06875763047302], [-70.7394494888306, 43.06876138334443], [-70.73941375132169, 43.06876093443433], [-70.7393787008682, 43.068756283733464], [-70.73936051972233, 43.068752145092596], [-70.73935822299708, 43.0687471476966], [-70.73935989590842, 43.06873008162022], [-70.73935696332907, 43.068726296987705], [-70.7393520335045, 43.06872379240023], [-70.73933592566102, 43.06872253216507], [-70.7392577015612, 43.0687360505346], [-70.73920401042795, 43.06874259521947], [-70.73915575719653, 43.06875084385055], [-70.7391274036728, 43.06875828429151], [-70.73909703196901, 43.06876977618854], [-70.73900081273354, 43.06881737078987], [-70.73896506259376, 43.06883265463074], [-70.73892837352939, 43.06884335713603], [-70.7388935508393, 43.06884753690079], [-70.73884797257391, 43.06884815033013], [-70.73882120118108, 43.06884422190222], [-70.73880544759456, 43.06883591711354], [-70.73879292455753, 43.06882140941193], [-70.73878439066064, 43.06880437310091], [-70.73876811361829, 43.06876142591196], [-70.73875814344402, 43.068743643421875], [-70.73873384154504, 43.0687147042536], [-70.73866712132218, 43.06864669801135], [-70.73865147928737, 43.068627097999844], [-70.73863991914217, 43.0686085869776], [-70.73862482196054, 43.06857362655234], [-70.7386072052985, 43.06851637663626], [-70.73859138315375, 43.06844817552344], [-70.73857336803835, 43.068320342632035], [-70.73856410695934, 43.06826981265651], [-70.73855376944967, 43.06822951506865], [-70.73853958506663, 43.068185005935696], [-70.73848153401336, 43.06803146108265], [-70.73846112539078, 43.067971058636445], [-70.73844544339762, 43.06790888520525], [-70.73843790126176, 43.06785233988808], [-70.73843157817245, 43.06780499689219], [-70.73843244332419, 43.067792332358025], [-70.7384359046695, 43.067781735847205], [-70.73844343492402, 43.06777064304778], [-70.7384553782959, 43.06775910625982], [-70.73850061381764, 43.067727777646994], [-70.73852848842337, 43.0677125866982], [-70.73856398592939, 43.06769993300897], [-70.73860048079659, 43.067690749412954], [-70.7386873868598, 43.06767264266754], [-70.73872612517319, 43.067661969456545], [-70.73875666441636, 43.067649757085476], [-70.73878099551935, 43.06763522416296], [-70.7387930018796, 43.06762455200374], [-70.73882068625713, 43.06759420884756], [-70.73883968562302, 43.067581356487146], [-70.7388578139579, 43.067575214955504], [-70.7388934793358, 43.06756729466595], [-70.73894354510695, 43.067557496359356], [-70.73900032987753, 43.0675505790029], [-70.73905788699614, 43.067546504283364], [-70.73921097211299, 43.06753923771719], [-70.73929585531138, 43.067530275942346], [-70.73939271620881, 43.06751416217562], [-70.73948155908931, 43.0674965503058], [-70.7395481954676, 43.06747878275671], [-70.73970974505114, 43.067426179127914], [-70.73975578549481, 43.06741486709456], [-70.73979817606921, 43.06740785704974], [-70.73986944784664, 43.0674007091405], [-70.73993143183228, 43.06739778873398], [-70.73998767251396, 43.0673989355155], [-70.74003892058366, 43.067404196079586], [-70.74006311996486, 43.06740824292088], [-70.74007570073914, 43.06741459910491], [-70.74008611314001, 43.0674254493319], [-70.74009399149337, 43.067439150549866], [-70.74010699843976, 43.06746937972564], [-70.7401128167738, 43.06748747324601], [-70.74011934389945, 43.067531217164905], [-70.74012730162298, 43.06754853496596], [-70.74013491411162, 43.06755567996284], [-70.74014515630311, 43.067561041430416], [-70.74015813047545, 43.06756467600604], [-70.74017406034413, 43.06756664761112], [-70.74021158534417, 43.06756616198618], [-70.74030048246033, 43.06755733008066], [-70.74033810009216, 43.06755550302547], [-70.7403730051948, 43.06755818810683], [-70.74038694506093, 43.06756161533531], [-70.74039876507912, 43.06756647826126], [-70.74041223193154, 43.067574901146806], [-70.74042541585183, 43.067586132940406], [-70.74047311134156, 43.06764086525541], [-70.74049781089685, 43.067662093807165], [-70.7405328021718, 43.067684502043704], [-70.74055899770946, 43.067696480042905], [-70.74058849787585, 43.06770310902442], [-70.74064363355623, 43.0677084358859], [-70.74069228617819, 43.06771200265661], [-70.74074685871099, 43.06771257386671], [-70.74092708148999, 43.067704141940325], [-70.74099271545082, 43.06770312462048], [-70.74106698306585, 43.06770275500117], [-70.74126564547957, 43.067697911204235], [-70.74132370648888, 43.067698290711284], [-70.74137517713972, 43.067700368610765], [-70.74143282907055, 43.0677054165853], [-70.74148524438642, 43.067713337810964], [-70.74153340179836, 43.06772428333296], [-70.74157777475732, 43.06773836590354], [-70.7416461719615, 43.06776170907489], [-70.74166347781859, 43.06777089377616], [-70.74167532308135, 43.067781027211325], [-70.74168250751606, 43.06779125979466], [-70.741688248596, 43.06780366449874], [-70.7416948785738, 43.06783370512184], [-70.74169462536905, 43.06785144162872], [-70.74169071710769, 43.06787056724306], [-70.74168330986821, 43.06789025507885], [-70.74167292833891, 43.067909088023995], [-70.74165362129406, 43.06793067622093], [-70.74162410851713, 43.067951404175176], [-70.74158580997995, 43.06797106281894], [-70.74151894227673, 43.06799972431973], [-70.74147867348285, 43.06801544050035], [-70.7414338285978, 43.06802986394363], [-70.74138398558418, 43.068043137057515], [-70.7413278438932, 43.06805560938268], [-70.74127339522924, 43.06806506453291], [-70.74119593180642, 43.06807527509297], [-70.74113207987166, 43.06808104448416], [-70.74106017159052, 43.06808337037359], [-70.74083330730721, 43.06807892193001], [-70.74075874601253, 43.06807911438973], [-70.74069444044366, 43.068082146980394], [-70.74063631775927, 43.06808820549882], [-70.74055721457253, 43.068097638120626], [-70.74053505283817, 43.06810208108121], [-70.74051644391491, 43.068107687894056], [-70.74049953088277, 43.06811539140004], [-70.7404825029625, 43.06812624003272], [-70.74042799800702, 43.068172442455], [-70.74040433611302, 43.06818885707693], [-70.74036828352554, 43.06820666205897], [-70.74032490871268, 43.068222660544436], [-70.74027913130065, 43.068235957986424], [-70.74015453475502, 43.068267931994676], [-70.74011881857456, 43.0682791270466], [-70.7400880923601, 43.068290789168394], [-70.73999151525642, 43.06833216700675], [-70.73992628808334, 43.068363589947154], [-70.7398715274239, 43.06839510482198], [-70.73982701355119, 43.06842719865338], [-70.73978168303618, 43.068465982142], [-70.7397497496269, 43.068497859186735], [-70.73972600521844, 43.068528039143985], [-70.739710258479, 43.06855699845386], [-70.73970562191325, 43.06857194045555], [-70.73969921433027, 43.06861062783065], [-70.73969420044506, 43.068627876585445], [-70.73968114832763, 43.06865538955837], [-70.73966489701857, 43.06868140935252], [-70.73964595094718, 43.06870513350981], [-70.73962472169303, 43.06872605497257], [-70.73959137915958, 43.06875398325643], [-70.73957841338898, 43.068761669995595], [-70.73956565731868, 43.06876668495745], [-70.7395313640166, 43.06877460306856], [-70.73951993028064, 43.06877456624006], [-70.73951161266196, 43.06877192169068], [-70.73950475787315, 43.06876647149275], [-70.73949920018362, 43.068758866019486], [-70.73952302622637, 43.068749674899415]]]}, "properties": {"Shape_Leng": 2359.47408251, "Shape_Area": 239378.709316, "density": "h", "hectares": 2.22390987631, "acres": 5.49540098334, "year_": 2012.0}}, {"type": "Feature", "geometry": {"type": "Polygon", "coordinates": [[[-70.73686816285769, 43.07021114060397], [-70.73658773093241, 43.070157782068044], [-70.7363830452155, 43.069906022375754], [-70.73621016747275, 43.069732403662954], [-70.73607763652595, 43.06963941334958], [-70.73601287551683, 43.06938492282206], [-70.73628789805677, 43.06947955791837], [-70.73656933035804, 43.069717431049796], [-70.73682678566179, 43.06992656729064], [-70.73686816285769, 43.07021114060397]]]}, "properties": {"Shape_Leng": 808.948160071, "Shape_Area": 25900.3082294, "density": "sb", "hectares": 0.240622699635, "acres": 0.594591639828, "year_": 2012.0}}, {"type": "Feature", "geometry": {"type": "Polygon", "coordinates": [[[-70.73729075336804, 43.07166834192378], [-70.7372464815731, 43.0716693811968], [-70.73720366129847, 43.071673330755864], [-70.737162292552, 43.071680189702555], [-70.73712237531461, 43.07168995893839], [-70.73709463975386, 43.071700437426834], [-70.737035102689, 43.071729797645176], [-70.73700677924332, 43.07173936397558], [-70.73697880631319, 43.071743936362175], [-70.73690309985322, 43.07175046762395], [-70.73686745380343, 43.07175782484158], [-70.73682895634387, 43.07176942923401], [-70.73671140545434, 43.071815729640434], [-70.73667144161091, 43.07182978849913], [-70.73663479194082, 43.071839689439166], [-70.73660030835276, 43.07184559956351], [-70.73654504331088, 43.07185323289618], [-70.73652916133821, 43.071853468366015], [-70.73651598475439, 43.071851643756105], [-70.73649570260707, 43.0718443838338], [-70.73647560356542, 43.071832729918384], [-70.7364593837208, 43.071818854434866], [-70.73644967110054, 43.07180500034177], [-70.73644612618514, 43.0717905599737], [-70.73644702215937, 43.07177369737112], [-70.73645221522693, 43.07175693811226], [-70.73646091580493, 43.07174288533991], [-70.736475906633, 43.07173029064895], [-70.73650558635552, 43.07171361701465], [-70.73654950572165, 43.07169423441705], [-70.73661495576646, 43.071673836788605], [-70.73665592251817, 43.071664740577226], [-70.73674792576365, 43.07165083188679], [-70.73678306417112, 43.07164269554377], [-70.736813761585, 43.07163187303354], [-70.73688060422653, 43.0716031654957], [-70.73691165370485, 43.07159309295199], [-70.73697034025903, 43.07158149143253], [-70.73703312775369, 43.07157525124255], [-70.73709689160238, 43.07157468185209], [-70.73715826088166, 43.071579818889006], [-70.73724270112979, 43.0715882893395], [-70.73728214688141, 43.07159565886732], [-70.73729818200195, 43.07160120986096], [-70.73731009772808, 43.07160789940384], [-70.73731803036281, 43.07161580781818], [-70.73732202584982, 43.07162498228626], [-70.73732370785268, 43.07163661070305], [-70.7373225643018, 43.071644034031635], [-70.73731587334034, 43.071651785872795], [-70.73730396588434, 43.071656899287426], [-70.73728684070637, 43.071659374263874], [-70.7372644965804, 43.07165921078989], [-70.73729075336804, 43.07166834192378]]]}, "properties": {"Shape_Leng": 552.384561498, "Shape_Area": 11378.7170723, "density": "h", "hectares": 0.105712163579, "acres": 0.26122044507, "year_": 2012.0}}, {"type": "Feature", "geometry": {"type": "Polygon", "coordinates": [[[-70.7360352723617, 43.07232114431436], [-70.73604190461597, 43.07232580796828], [-70.73597518446974, 43.07234861456349], [-70.73591498804439, 43.07236475449395], [-70.73586131536453, 43.07237422777021], [-70.7358141664369, 43.07237703530172], [-70.73579303822508, 43.07237593986462], [-70.7357735412776, 43.072373177096765], [-70.73575567435444, 43.07236874788908], [-70.73573943989847, 43.07236265316235], [-70.73572483425465, 43.07235489108721], [-70.73571186109304, 43.072345462594306], [-70.73570051797206, 43.07233436676417], [-70.73569080609226, 43.072321605407325], [-70.73568195133107, 43.072306162247386], [-70.73567700617774, 43.07229322453257], [-70.73567698235458, 43.0722802791487], [-70.73568340374842, 43.072267641847446], [-70.73569627416111, 43.07225530455729], [-70.73571561732392, 43.07224324046437], [-70.73574073422995, 43.07223171662693], [-70.73577232537679, 43.07222028595966], [-70.73586272475043, 43.072195107544324], [-70.73589400462714, 43.072188258822536], [-70.73592752139777, 43.072183291616135], [-70.73596263145535, 43.07218030150625], [-70.73599859221342, 43.07217935266437], [-70.73603461510086, 43.07218046478104], [-70.73606994536166, 43.07218361371498], [-70.73610385588884, 43.07218873324318], [-70.73613572557863, 43.07219573010061], [-70.73619796525959, 43.072209352430704], [-70.73621034753475, 43.072215638108936], [-70.73621449490432, 43.07222312425067], [-70.73621091715319, 43.07223512308722], [-70.7362021736272, 43.072247136629294], [-70.73619580624333, 43.07225134170705], [-70.73618666558609, 43.072254381931685], [-70.73613760826792, 43.07226241120525], [-70.73610939456087, 43.07227346346734], [-70.73608293440893, 43.07228693700878], [-70.73605822660957, 43.07230283002074], [-70.7360352723617, 43.07232114431436]]]}, "properties": {"Shape_Leng": 345.252498271, "Shape_Area": 6701.8408731, "density": "h", "hectares": 0.0622623881201, "acres": 0.153853711675, "year_": 2012.0}}, {"type": "Feature", "geometry": {"type": "MultiPolygon", "coordinates": [[[[-70.73297770647088, 43.072915474451996], [-70.73298054921253, 43.0729150538689], [-70.73298420334103, 43.07291537623634], [-70.73297770647088, 43.072915474451996]]], [[[-70.73298054921253, 43.0729150538689], [-70.73295804062737, 43.0729120257055], [-70.73293695859006, 43.072907314178565], [-70.732917303102, 43.07290091928883], [-70.73289907172256, 43.072892840117], [-70.73287492787632, 43.07287863662033], [-70.73285928550555, 43.072864852657396], [-70.7328510036619, 43.07285223325419], [-70.73284551632887, 43.07283759869523], [-70.73284333330616, 43.07282230788067], [-70.7328446805557, 43.07280789472552], [-70.73285189700655, 43.07278886934296], [-70.73286323218674, 43.07277425864529], [-70.73287708422444, 43.07276516305629], [-70.73290167625967, 43.07275461583419], [-70.73293326663428, 43.07274531032211], [-70.7329713532324, 43.07274031466029], [-70.7330160534617, 43.07273941736269], [-70.73307682341702, 43.072742432724304], [-70.73310691790724, 43.07274544353926], [-70.73313803305079, 43.072750618554004], [-70.7332035591209, 43.072767508094884], [-70.73327390628499, 43.072793183769804], [-70.73335224464475, 43.07282879572468], [-70.73343060353452, 43.072864921784095], [-70.73346732627, 43.07288523721031], [-70.73348300194971, 43.07289643070394], [-70.73349542225635, 43.0729077263707], [-70.73350477251465, 43.072919291352214], [-70.73351112376484, 43.0729312180448], [-70.73352144841343, 43.072961026394026], [-70.73352174020924, 43.07297092782319], [-70.73351896321667, 43.072978749163866], [-70.73350646000354, 43.07298999100722], [-70.7334806532192, 43.073003154216565], [-70.73345486608777, 43.07301138020771], [-70.73342275901106, 43.07301516457422], [-70.73338525364389, 43.0730148622892], [-70.7333248620316, 43.073010280299684], [-70.73328016743562, 43.07300513049488], [-70.7332349053245, 43.07299651853214], [-70.73319043717562, 43.072984702160916], [-70.73314823666048, 43.072970070570975], [-70.73312652415567, 43.072959085227666], [-70.73307456023596, 43.07292533109252], [-70.73305838225434, 43.07291827417673], [-70.73304267519917, 43.07291449047878], [-70.73301254569463, 43.0729125676536], [-70.73298054921253, 43.0729150538689]]]]}, "properties": {"Shape_Leng": 450.715472436, "Shape_Area": 11240.2029424, "density": "sb", "hectares": 0.104425320057, "acres": 0.258040585476, "year_": 2012.0}}, {"type": "Feature", "geometry": {"type": "Polygon", "coordinates": [[[-70.7323636987409, 43.07257692864691], [-70.73244775461721, 43.07256136074758], [-70.73240243144448, 43.07256294045887], [-70.73235817682374, 43.0725670853288], [-70.73231499199098, 43.07257379446855], [-70.73227287568605, 43.07258306966934], [-70.73220456820256, 43.072606879180896], [-70.73218272462694, 43.0726130244164], [-70.73216304198682, 43.072616185264565], [-70.73214037353483, 43.072617546611006], [-70.73204424842484, 43.07261585687412], [-70.73200744379018, 43.07262044322431], [-70.7319558707192, 43.07263551910424], [-70.73190609223215, 43.072643762110104], [-70.73186537857104, 43.072646054382275], [-70.7318320891657, 43.0726424878464], [-70.7318182628903, 43.072638490704975], [-70.73180630819202, 43.07263301818868], [-70.73178641603467, 43.0726190238281], [-70.73178284701794, 43.07261278087105], [-70.73178151797673, 43.0726048981213], [-70.73178520867742, 43.072576157388035], [-70.73179260052514, 43.07254585541109], [-70.7318245039555, 43.0724807392951], [-70.73183369510647, 43.07245153310564], [-70.73183738264733, 43.072420655366265], [-70.73183805318135, 43.07239019315714], [-70.73183569506776, 43.07236067027591], [-70.73183034193325, 43.07233245966298], [-70.73181614093805, 43.07228978952201], [-70.73180761251001, 43.07227531730061], [-70.73179451619252, 43.07226013804131], [-70.7317423657085, 43.07221467340392], [-70.73172631527164, 43.07219868326148], [-70.73171481037005, 43.07218285177778], [-70.73170870398512, 43.072167526183726], [-70.73170232114475, 43.0721373520049], [-70.73170105908362, 43.07211714932192], [-70.73170455984085, 43.07210163037562], [-70.7317130539273, 43.072091220123816], [-70.73172141200561, 43.07208684882838], [-70.73173330555261, 43.0720832517503], [-70.7317776201615, 43.07207594805264], [-70.73181126482459, 43.07207243955483], [-70.73184581239653, 43.0720735868455], [-70.73188163731726, 43.072079393882795], [-70.73191945245622, 43.07208997540807], [-70.73195256331802, 43.072102362020296], [-70.7319891703877, 43.072118673069546], [-70.73211659410754, 43.07218408959804], [-70.73216787515892, 43.07220808356931], [-70.73222082455881, 43.0722278972998], [-70.73226971221759, 43.07224003728773], [-70.73235453210464, 43.07225109340143], [-70.73238719156703, 43.07225731911327], [-70.73241923976387, 43.07226757343848], [-70.73248735964178, 43.07229682574935], [-70.73251860460023, 43.07230774410784], [-70.73255436182767, 43.07231454505779], [-70.73264991025276, 43.0723236163648], [-70.73267486761867, 43.072329672007996], [-70.73269495853759, 43.0723384280106], [-70.73271349755329, 43.07235008875928], [-70.73272811357933, 43.07236175079271], [-70.7327402976561, 43.07237419411741], [-70.73274827501771, 43.07238526997202], [-70.73275302284117, 43.07239822510531], [-70.73275388731703, 43.07241366448956], [-70.73275107947225, 43.072431517834424], [-70.73274379238008, 43.072456813143994], [-70.7327289148075, 43.07248962134158], [-70.73270508028436, 43.07252249415613], [-70.73267528316107, 43.07255133239332], [-70.73264306397334, 43.072572698435124], [-70.73261660128745, 43.07258425921444], [-70.73258772092494, 43.072592668598666], [-70.73255642535837, 43.07259792570604], [-70.7325227133643, 43.07260003052462], [-70.73248658372, 43.07259898304228], [-70.73244803888662, 43.072594783276834], [-70.7324070764015, 43.0725874321059], [-70.7323636987409, 43.07257692864691]]]}, "properties": {"Shape_Leng": 877.230289447, "Shape_Area": 35430.2128669, "density": "sb", "hectares": 0.329158764952, "acres": 0.813369021767, "year_": 2012.0}}, {"type": "Feature", "geometry": {"type": "Polygon", "coordinates": [[[-70.7302451881707, 43.073052132806744], [-70.73023855752595, 43.0730474679308], [-70.73022593676879, 43.07307985588887], [-70.73021028784208, 43.07310750223048], [-70.73019161073181, 43.07313040785453], [-70.73016990545267, 43.073148571859505], [-70.7301574591564, 43.07315554974831], [-70.73014282524822, 43.07316104697331], [-70.73012607163656, 43.07316503888505], [-70.73010729323988, 43.07316750105498], [-70.73006410263156, 43.07316777315942], [-70.73001488921443, 43.07316184606221], [-70.72996046445239, 43.07314956977046], [-70.72990625511758, 43.07313193837011], [-70.72985698227043, 43.0731104892766], [-70.72981719456794, 43.07308719507876], [-70.72978606098083, 43.07306308776596], [-70.72976387974506, 43.07304035177255], [-70.72975533694486, 43.07302741225362], [-70.72974857453603, 43.07301197496756], [-70.72972858107997, 43.072940820222605], [-70.72969869507682, 43.072875773065405], [-70.7296699796013, 43.072823277400666], [-70.72963927941389, 43.07277758688149], [-70.72960587550337, 43.07273778105688], [-70.7295715716832, 43.072702080679534], [-70.72954579566986, 43.07268150889166], [-70.72952342511195, 43.07267048687037], [-70.72946754684094, 43.072651217706294], [-70.72944713595912, 43.07264011540312], [-70.7294286126931, 43.072624716794856], [-70.72941281040313, 43.07260786510947], [-70.72940086465, 43.07259078216346], [-70.72939328581822, 43.07257421927054], [-70.72938946736461, 43.072556724907834], [-70.72938895948168, 43.072538003739815], [-70.7293917974141, 43.07251952961566], [-70.72939777357624, 43.072502677178086], [-70.72940645926023, 43.07248834487461], [-70.72941905746849, 43.07247365124691], [-70.72943533544345, 43.07245888333836], [-70.72945463702395, 43.072444637079556], [-70.72948197084618, 43.072429930009115], [-70.72953166177042, 43.0724101184958], [-70.72956057223217, 43.07239999712684], [-70.72959430341254, 43.072390910803854], [-70.7297423737742, 43.07235993987755], [-70.72977474954737, 43.07235027710356], [-70.72980265491961, 43.07233931119624], [-70.72985415509554, 43.072314932545105], [-70.72988590747427, 43.07229516755083], [-70.7299002443412, 43.07227973647012], [-70.72990986080318, 43.072258618246344], [-70.72991482514202, 43.07223571382916], [-70.72992175007903, 43.07217921081821], [-70.72992928819465, 43.07215395374982], [-70.72993564260626, 43.072143049930546], [-70.72994371591349, 43.072134247650936], [-70.72995364918964, 43.07212739413821], [-70.72996554289242, 43.072122423602444], [-70.72998489830488, 43.072117365618375], [-70.73001342044594, 43.07211458805472], [-70.73005636422316, 43.07211628529672], [-70.73008753503062, 43.07212075047086], [-70.73016433282277, 43.0721418072284], [-70.73020023235134, 43.07214746417585], [-70.73022773058872, 43.07214701769308], [-70.7302901039821, 43.07214055817816], [-70.73031704087248, 43.07214093252639], [-70.73034273184054, 43.07214459125604], [-70.73036933472851, 43.07215045202959], [-70.73039606264103, 43.072158343678836], [-70.73042179463752, 43.07216793837599], [-70.73045792175279, 43.072186313653255], [-70.73049278469486, 43.07221086807103], [-70.73052558983049, 43.07224106674432], [-70.73055481490034, 43.07227552087838], [-70.73056904925954, 43.07229722584112], [-70.73058163845046, 43.072322067900856], [-70.73059280393896, 43.07235042063548], [-70.7306033757591, 43.07238438100476], [-70.73062263826904, 43.072458116682725], [-70.73062925705963, 43.072508252077846], [-70.73062844376366, 43.07252877355377], [-70.73062474170142, 43.072545882300275], [-70.73061813366444, 43.07255966009083], [-70.73060860445376, 43.07257013740605], [-70.73059267664826, 43.072577726876695], [-70.73056909648713, 43.072580823161715], [-70.73053691172372, 43.072579711918095], [-70.73045133340672, 43.072570155118484], [-70.73041259811242, 43.072567910955236], [-70.73037626100304, 43.07257041313687], [-70.73036152575335, 43.07257386710039], [-70.73034886346728, 43.07257883048782], [-70.73031356299373, 43.07259873040532], [-70.73029146322502, 43.0726178192713], [-70.73028269106163, 43.07263082770034], [-70.73027291025703, 43.07265145402266], [-70.73026509805304, 43.07267697621597], [-70.73026314761582, 43.07270628923846], [-70.73026574192224, 43.07273476629711], [-70.73027681531504, 43.072803275303215], [-70.73027813796183, 43.07283721042131], [-70.73027383689778, 43.07289107224885], [-70.73026691197342, 43.072944847792755], [-70.73025736199531, 43.07299853434225], [-70.7302451881707, 43.073052132806744]]]}, "properties": {"Shape_Leng": 1167.50486598, "Shape_Area": 71306.8766972, "density": "sb", "hectares": 0.662465211666, "acres": 1.63698718837, "year_": 2012.0}}, {"type": "Feature", "geometry": {"type": "Polygon", "coordinates": [[[-70.72939462663942, 43.073084053333716], [-70.72940098860822, 43.07307919237547], [-70.72940139091688, 43.073093481194164], [-70.72939602105399, 43.07309971221918], [-70.72938380028319, 43.0731024413202], [-70.7293275263098, 43.07309912236566], [-70.729310568085, 43.073099618964775], [-70.7292866373738, 43.073103785102866], [-70.72926082423969, 43.073110294231725], [-70.72916112826393, 43.07314361330853], [-70.72911713284277, 43.073154957618684], [-70.72907196939711, 43.073160845479414], [-70.72896214934, 43.073167518637106], [-70.72893419520562, 43.073171501404346], [-70.72890976661837, 43.07317715224641], [-70.72885183032017, 43.07319708764462], [-70.72882918660727, 43.07320067283009], [-70.72880332513202, 43.073202133367765], [-70.72873488479173, 43.07319885483033], [-70.7287051381178, 43.073194775427524], [-70.72867282474003, 43.07318710404671], [-70.72856637544638, 43.07315141236783], [-70.72852524176865, 43.0731400770012], [-70.72846939531136, 43.07312869570505], [-70.72840747679747, 43.07311821876276], [-70.72824453411283, 43.07309666863485], [-70.72818745377107, 43.073091400863746], [-70.72812715544502, 43.07308901418415], [-70.72806303669213, 43.073089479345136], [-70.72799390266731, 43.07309280454206], [-70.72786305822304, 43.07310484645711], [-70.7275398419288, 43.07314398054378], [-70.72745117511334, 43.07315123452669], [-70.72737227627242, 43.073154366679724], [-70.72728732264454, 43.073152928474904], [-70.72720921655903, 43.07314588082458], [-70.72713654678275, 43.07313309153444], [-70.72706858848083, 43.07311442684053], [-70.72702935987225, 43.073104595442096], [-70.72702102848338, 43.0731007598633], [-70.72701607804531, 43.07309615900696], [-70.72701350859771, 43.07308648460286], [-70.72701527453688, 43.073067581363205], [-70.72701763941512, 43.07305472220828], [-70.72702273895717, 43.073042893687216], [-70.72703058574132, 43.073032076099445], [-70.7270411948841, 43.07302224436406], [-70.72705457642634, 43.07301338416022], [-70.72707078628817, 43.073005451838334], [-70.727112002483, 43.072992233868554], [-70.72715334582344, 43.07298411452815], [-70.72720404492976, 43.072977717474366], [-70.72740269817645, 43.07296396542289], [-70.72747361348115, 43.07295583125102], [-70.72760828578392, 43.07293673694257], [-70.72774568106581, 43.07292313328412], [-70.72781583348153, 43.07292008573995], [-70.72798242938141, 43.072919370407874], [-70.72802542210069, 43.07291725033956], [-70.72806389689767, 43.07291356202661], [-70.72810335002548, 43.072907638528854], [-70.7281466257126, 43.07289904409177], [-70.72830283415783, 43.07286056694158], [-70.72836751185787, 43.07284703051912], [-70.72841406223337, 43.07283996069705], [-70.72846664778366, 43.0728342419682], [-70.72864696232564, 43.07282169123486], [-70.72871491219846, 43.072815316999595], [-70.7287818702627, 43.07280545998102], [-70.72884044673641, 43.072792235147894], [-70.72888278263676, 43.07277850632401], [-70.72897902452745, 43.072741381215316], [-70.72902711566263, 43.07272746905798], [-70.72907540409433, 43.07271801068366], [-70.72912322801893, 43.07271115354343], [-70.72916991066977, 43.07270699291116], [-70.72921498975111, 43.072705570008864], [-70.72926738277353, 43.072705139569166], [-70.72929308690699, 43.072709154205064], [-70.72929928501176, 43.072712303325446], [-70.72930383066281, 43.0727168062509], [-70.72930816844969, 43.07273011372954], [-70.72930682546757, 43.07274814011567], [-70.72929620689989, 43.07279301607709], [-70.72929356164614, 43.07281229921901], [-70.72929552962708, 43.07282987924346], [-70.72930333430871, 43.072842419381125], [-70.72932015802662, 43.0728533212953], [-70.72937054098888, 43.072873366463746], [-70.72938899927698, 43.07288400900841], [-70.72940733731771, 43.07290189774555], [-70.72942063717856, 43.07292181918055], [-70.72942889761453, 43.07294377420509], [-70.72943212106264, 43.07296776374032], [-70.72943030508931, 43.07299378596644], [-70.7294234509019, 43.073021841793164], [-70.7294115572651, 43.07305193120946], [-70.72939462663942, 43.073084053333716]]]}, "properties": {"Shape_Leng": 1467.60652031, "Shape_Area": 61619.5371529, "density": "h", "hectares": 0.572466522353, "acres": 1.41459558383, "year_": 2012.0}}, {"type": "Feature", "geometry": {"type": "Polygon", "coordinates": [[[-70.7236459835767, 43.07298020816348], [-70.72369199600101, 43.072998575221774], [-70.72365975941959, 43.07299563249351], [-70.72362938958047, 43.072990181994946], [-70.72360088647308, 43.07298222462766], [-70.72357425011393, 43.072971759492994], [-70.72354927046139, 43.07295831137751], [-70.72352133992389, 43.07293920123956], [-70.72349979018567, 43.0729185963145], [-70.7234609053915, 43.07286781829693], [-70.72344084103953, 43.0728498792727], [-70.72342087726189, 43.07283819267781], [-70.72339589250831, 43.072827404456255], [-70.7232831793471, 43.072790309591305], [-70.72311367179057, 43.072723124787906], [-70.72302582922546, 43.07268386732446], [-70.72298499546501, 43.07266259558511], [-70.72294872181145, 43.07264109499212], [-70.72291640593605, 43.072619009520146], [-70.72288775873714, 43.07259613515252], [-70.72285968102732, 43.0725727973921], [-70.72284770972834, 43.072558618366266], [-70.72283951177884, 43.07253778858215], [-70.72283740642595, 43.072514799159805], [-70.72284172814454, 43.07249393761505], [-70.72285193750953, 43.072477549813115], [-70.72286773071026, 43.072465030140165], [-70.72289025134502, 43.07245314745355], [-70.72291393439507, 43.0724461685139], [-70.72294339635424, 43.07244354809075], [-70.72297774890752, 43.07244492419117], [-70.72303318283984, 43.072450994727575], [-70.72306199356257, 43.07245528752555], [-70.72309337741478, 43.072462170587826], [-70.72317718245682, 43.07248694625865], [-70.7232312955638, 43.07250756588036], [-70.72335116530675, 43.072565635888196], [-70.72340751001963, 43.07258830638193], [-70.72343684600989, 43.07259686476799], [-70.7235130627253, 43.07261542865661], [-70.72355164342395, 43.07262902038534], [-70.72357490901682, 43.07264133727687], [-70.7236222822051, 43.072672398818824], [-70.72364420317915, 43.07268480543263], [-70.7236897216445, 43.072702621125096], [-70.72379582146937, 43.072732920707736], [-70.72383448251118, 43.07274864908021], [-70.72387821260006, 43.07277299951896], [-70.72392021034261, 43.07280118654877], [-70.72395917893292, 43.072832341636456], [-70.72399374762158, 43.07286537330206], [-70.72400919982027, 43.07288534640103], [-70.72402195937816, 43.07291012306855], [-70.72405002160265, 43.07299843838815], [-70.72406266995895, 43.073028390048485], [-70.7240805811655, 43.07305432174161], [-70.72409138038444, 43.07306464550418], [-70.72410357428284, 43.07307337847091], [-70.72411678995417, 43.07308001618127], [-70.72413373809512, 43.073085868189665], [-70.72421707249758, 43.073106503891054], [-70.72423498294926, 43.073114301852264], [-70.7242479758973, 43.073123616586024], [-70.72426654302068, 43.0731472960532], [-70.72428206363188, 43.073180283275256], [-70.72429353951134, 43.073219611210206], [-70.72429690596589, 43.0732536100309], [-70.724291983936, 43.073280342021704], [-70.72428645560919, 43.0732908697597], [-70.7242789065013, 43.07329945541534], [-70.72426288022058, 43.07331004252102], [-70.72423987380493, 43.07331956845989], [-70.72421027937527, 43.07332784472344], [-70.72417589003966, 43.07333436308309], [-70.72414573382248, 43.073338354447316], [-70.72412241640465, 43.073339809676824], [-70.72410220274116, 43.07333896085635], [-70.72408493189332, 43.07333573374901], [-70.72405204621374, 43.07332193436915], [-70.72401716115208, 43.073301113472866], [-70.72397911038702, 43.073270618583415], [-70.7239637856533, 43.073254500111915], [-70.72395060955418, 43.07323494633015], [-70.72393849740526, 43.073210066070466], [-70.72390711847493, 43.07313186369126], [-70.72389309424851, 43.073109167661514], [-70.7238765815071, 43.07309109414664], [-70.72385467232348, 43.073073020274606], [-70.72383078749046, 43.07305614983541], [-70.7238049257668, 43.07304048371771], [-70.7237770896217, 43.073026021040455], [-70.72371548791395, 43.07300070685067], [-70.7236459835767, 43.07298020816348]]]}, "properties": {"Shape_Leng": 1115.23367375, "Shape_Area": 38153.6892279, "density": "h", "hectares": 0.35446078949, "acres": 0.875891686022, "year_": 2012.0}}, {"type": "Feature", "geometry": {"type": "Polygon", "coordinates": [[[-70.72263597407607, 43.072670116263716], [-70.72255084672327, 43.072647572483376], [-70.72248414348387, 43.072586632255316], [-70.72244103133414, 43.07253935213251], [-70.72231206463397, 43.072484047899486], [-70.72225952038308, 43.072482742000176], [-70.72220098597359, 43.07248547965883], [-70.72211142544869, 43.07249346385912], [-70.72204549558617, 43.07250132350769], [-70.7219753469723, 43.07251316929979], [-70.72189972919611, 43.07252918983896], [-70.72181403516589, 43.07255035525133], [-70.72176955485169, 43.07256347054609], [-70.7216690630337, 43.07259715638885], [-70.72162072822817, 43.072610444129836], [-70.72153320300269, 43.07262747147993], [-70.72142662123649, 43.07264195502727], [-70.72138582318283, 43.07264563901902], [-70.7213407154625, 43.07264771841617], [-70.72113550781476, 43.07264756133885], [-70.72108680452328, 43.0726491878509], [-70.7210434363539, 43.07265248501795], [-70.72095298395453, 43.072662788751394], [-70.72088154594847, 43.07267397960205], [-70.72084559100644, 43.072681622722335], [-70.72080890979322, 43.072691380602464], [-70.72073151251492, 43.072717767191975], [-70.72065883304528, 43.0727481156245], [-70.72047946801625, 43.07282966599822], [-70.72042768703434, 43.07285055898602], [-70.72037998410096, 43.07286735844576], [-70.72026124338215, 43.07290522099976], [-70.72018017792385, 43.07292754236434], [-70.72012982216384, 43.07293775401807], [-70.72007218704955, 43.07294545069957], [-70.7198847480851, 43.07295916668704], [-70.71982113292748, 43.072965607550344], [-70.71976409766458, 43.07297477269827], [-70.71971386227735, 43.07298696821476], [-70.71965969005117, 43.07300580130532], [-70.71963656552056, 43.073011955146015], [-70.71957280837475, 43.07302242830778], [-70.71952494757026, 43.07302553648774], [-70.71950735779316, 43.073024303502265], [-70.71949406457436, 43.07302121934537], [-70.71948510829009, 43.073016293354435], [-70.71948050474774, 43.07300953556301], [-70.71947920673226, 43.07298818025213], [-70.71948167361977, 43.07297860587858], [-70.71948593701826, 43.07297133367913], [-70.71949679040483, 43.07296349941842], [-70.71952438539509, 43.07295169630498], [-70.71955146081875, 43.07294030295754], [-70.71958376914091, 43.072929961092186], [-70.71969881415885, 43.0729026446246], [-70.71974020873662, 43.07289077832625], [-70.71977814831146, 43.07287530979248], [-70.71980771982878, 43.07285690229738], [-70.71983680154965, 43.07283202580077], [-70.71985836406073, 43.07280849132943], [-70.71986912632362, 43.07279006140907], [-70.71988560787064, 43.072747229593155], [-70.71989521307856, 43.0727316967098], [-70.71990850583995, 43.072717340237745], [-70.71992484012726, 43.072703453607026], [-70.71994416366891, 43.0726900822919], [-70.71996638708546, 43.07267728946277], [-70.72001918259532, 43.07265366409223], [-70.72008095895616, 43.07263360470561], [-70.72011186647728, 43.07262642596302], [-70.72015852224155, 43.07261814335764], [-70.7201976691833, 43.07261340286275], [-70.72024236366258, 43.07261168776326], [-70.72039080316833, 43.072616835575005], [-70.72044316831129, 43.072616619583], [-70.72049244162599, 43.072612179660666], [-70.72053507715782, 43.07260295089859], [-70.7205795252855, 43.07258883394123], [-70.72061723703025, 43.072574501045146], [-70.7206494598457, 43.07255947644419], [-70.7206764103674, 43.072543645813454], [-70.72069045120527, 43.0725328465612], [-70.72070397409136, 43.07251947937275], [-70.72075210008165, 43.072457347668326], [-70.72077729412823, 43.07243253330993], [-70.72082542479839, 43.072395795996805], [-70.72084330775516, 43.072385619887704], [-70.72086028833768, 43.07237887042373], [-70.72088646560154, 43.07237411070782], [-70.72091836171512, 43.07237425190895], [-70.72095280790329, 43.07237839647985], [-70.72102311052075, 43.0723907155544], [-70.72106891421542, 43.072400537634145], [-70.72117624039713, 43.07243337202506], [-70.72122611370136, 43.07244484165259], [-70.72127121577344, 43.0724511877416], [-70.72132064279795, 43.07245582683527], [-70.72144104385713, 43.07246066783115], [-70.72151870438638, 43.072462092445214], [-70.72156448488832, 43.07245881052099], [-70.72159474411544, 43.072451534206614], [-70.72162585589619, 43.07243831667473], [-70.72165676543244, 43.072420360827614], [-70.72174131131439, 43.07236435079893], [-70.72176894583723, 43.07235032857656], [-70.7217951726589, 43.07234097915116], [-70.7218258859895, 43.07233379023982], [-70.7218591258757, 43.07232854222034], [-70.72189519025115, 43.072325183540826], [-70.72193468532497, 43.07232365709254], [-70.72201499873609, 43.07232526350005], [-70.7221784886488, 43.07233520956281], [-70.72233672332733, 43.07233660552071], [-70.722399575698, 43.07234012082229], [-70.72243213132369, 43.07234440957534], [-70.72246122914433, 43.0723504701054], [-70.72248740030825, 43.07235841571695], [-70.72251089654704, 43.072368325002515], [-70.72256073146994, 43.07239398563864], [-70.72257462669766, 43.07240440620137], [-70.7225836969103, 43.07241487877068], [-70.72266663644822, 43.07248858481792], [-70.72270078897655, 43.07254763253705], [-70.72271498368357, 43.07259030374815], [-70.72273249342136, 43.07263530761018], [-70.72270399128439, 43.072661944036234], [-70.72263597407607, 43.072670116263716]]]}, "properties": {"Shape_Leng": 1990.34073852, "Shape_Area": 64507.8818011, "density": "sb", "hectares": 0.599300229527, "acres": 1.48090311831, "year_": 2012.0}}, {"type": "Feature", "geometry": {"type": "Polygon", "coordinates": [[[-70.71840690868036, 43.07296848657845], [-70.71815935915511, 43.07294837951504], [-70.71805333901271, 43.07296879391888], [-70.71794679918976, 43.07298619828538], [-70.71783973848773, 43.07300059170307], [-70.717732156922, 43.07301197417064], [-70.71767179506624, 43.073020102510384], [-70.71752068274394, 43.07304735182032], [-70.7174816727568, 43.07305233647737], [-70.71744743528343, 43.073054787156366], [-70.71740806239387, 43.07305432641781], [-70.71737350280034, 43.073049724358796], [-70.71734311691097, 43.07304089376306], [-70.71731661636734, 43.07302774312589], [-70.71729822922875, 43.073016601438724], [-70.71729009655287, 43.073009080650344], [-70.71728605297234, 43.073000744037344], [-70.7172844486742, 43.07299068855535], [-70.71728549221132, 43.07298019866105], [-70.717289033283, 43.072970977108], [-70.71729779857826, 43.072961776394045], [-70.71732085272103, 43.07294667396356], [-70.71734730696457, 43.07292949246428], [-70.71737697580838, 43.07291365815977], [-70.71741017130024, 43.072899000805634], [-70.7174475573552, 43.07288522525312], [-70.71751981471088, 43.072863723923525], [-70.71769579847681, 43.07281902156076], [-70.71773972407472, 43.0728057178189], [-70.71777801132437, 43.072792096357226], [-70.7178169900339, 43.07277504020918], [-70.71789992152192, 43.072732803773555], [-70.71793694790352, 43.072715825013546], [-70.71797754913693, 43.072701435030915], [-70.71801573681653, 43.07269322621923], [-70.71807131030754, 43.07268935536108], [-70.71815866891846, 43.07269108048931], [-70.71821461635335, 43.072693693805036], [-70.71827383438433, 43.072698643107735], [-70.71833707483489, 43.072705984131794], [-70.71840635147849, 43.072715950496715], [-70.71845617023745, 43.07272496614559], [-70.71851078163725, 43.07273730706437], [-70.71869832593772, 43.07278786824342], [-70.71877284164744, 43.07280574427673], [-70.71884546394698, 43.072819005666716], [-70.7190467860813, 43.07284895963905], [-70.71910639634866, 43.07286153790504], [-70.71915829193387, 43.072876192838116], [-70.7191929420987, 43.07288695309485], [-70.71921080101251, 43.072894464264635], [-70.71923771614222, 43.072913244789376], [-70.71926410758553, 43.07294131241164], [-70.71928726276352, 43.07297437882099], [-70.71930148702317, 43.07300414331675], [-70.71930556041754, 43.07302801864755], [-70.71930380275384, 43.07303762229301], [-70.71929952215447, 43.07304561086958], [-70.71928743688976, 43.0730560147677], [-70.71926757620183, 43.07306597892313], [-70.71924006542432, 43.07307549716826], [-70.7192031331866, 43.07308517864086], [-70.71917332632377, 43.07309062984424], [-70.71914035781202, 43.073093603727514], [-70.71910460397103, 43.073094061996855], [-70.71906682995757, 43.07309199208265], [-70.71900809085082, 43.073083344803244], [-70.71898447398569, 43.07307737829681], [-70.71895947720233, 43.07306853065066], [-70.71886583528338, 43.07302504252998], [-70.71882404555534, 43.073009869867924], [-70.71876648686568, 43.07299618235105], [-70.7187017134186, 43.07298551357954], [-70.71862839756174, 43.07297756629111], [-70.71853698174246, 43.072971297208355], [-70.71847210474007, 43.072968782887855], [-70.71840690868036, 43.07296848657845]]]}, "properties": {"Shape_Leng": 1188.68597289, "Shape_Area": 42218.2588369, "density": "h", "hectares": 0.392222027832, "acres": 0.969201738074, "year_": 2012.0}}, {"type": "Feature", "geometry": {"type": "Polygon", "coordinates": [[[-70.71659813150423, 43.07336731047667], [-70.71659243201357, 43.07339598542041], [-70.71657280850765, 43.073391515230426], [-70.7165624288696, 43.07338455093592], [-70.71655579628765, 43.07337292342473], [-70.71655271202812, 43.07335749519975], [-70.71655158895396, 43.073329888808104], [-70.71655337326723, 43.0732972089576], [-70.71655720278052, 43.073283869796185], [-70.71656298674058, 43.07327253801356], [-70.71657369495446, 43.07325934508084], [-70.71658792173612, 43.07324674035957], [-70.71660397299452, 43.07323621034775], [-70.71662026347944, 43.07322879326845], [-70.7166504999503, 43.07322265497549], [-70.71668895988438, 43.07322101822699], [-70.7167185526794, 43.07322443605867], [-70.71672709312847, 43.073227733127005], [-70.71673084499307, 43.073231898702446], [-70.7167273906579, 43.07324066547741], [-70.71670141227698, 43.073267401466936], [-70.71669319303342, 43.073280113686295], [-70.71669205396215, 43.07329344278228], [-70.71669784073849, 43.073325249323965], [-70.71669478921524, 43.07333726991508], [-70.71668125446932, 43.073349826385176], [-70.71666063408674, 43.073359018645014], [-70.71663292561234, 43.07336484667042], [-70.71659813150423, 43.07336731047667]]]}, "properties": {"Shape_Leng": 185.743235252, "Shape_Area": 1924.36055756, "density": "h", "hectares": 0.0178779660971, "acres": 0.0441774163229, "year_": 2012.0}}, {"type": "Feature", "geometry": {"type": "Polygon", "coordinates": [[[-70.71485584506276, 43.07288834964528], [-70.71487560207463, 43.07289758308021], [-70.71483733864991, 43.07285614735609], [-70.71480824099746, 43.072812822816495], [-70.71479330494226, 43.07277802175546], [-70.71478035923259, 43.07273195735916], [-70.71477105120867, 43.072680449356], [-70.71476693041969, 43.07263190641823], [-70.71476836793136, 43.07259527561128], [-70.7147748689031, 43.0725711127176], [-70.71477987522799, 43.072564266347776], [-70.71478598929255, 43.07256097581828], [-70.71479315784718, 43.07256127039117], [-70.71480133428253, 43.07256514697812], [-70.71482556027111, 43.07258447507116], [-70.7148480077504, 43.072607332290744], [-70.71486385834653, 43.07263349852781], [-70.71488964635807, 43.07270200807446], [-70.71491034784883, 43.0727381181996], [-70.71493317692335, 43.072773137920954], [-70.71495794047898, 43.072806771279296], [-70.71498445692286, 43.07283877191991], [-70.71500994004751, 43.072861852388584], [-70.71506958754604, 43.07290315803349], [-70.71509161451294, 43.072920749379065], [-70.71510919773984, 43.07294072969561], [-70.71511785026661, 43.072960661850054], [-70.71512195036883, 43.072986594412875], [-70.7151190459917, 43.07300352925248], [-70.71510882469813, 43.073015073406886], [-70.71507853948066, 43.07303388152192], [-70.71506813273633, 43.07304241219921], [-70.7150595895677, 43.07305786709173], [-70.71504785161733, 43.073102754010456], [-70.71504093839886, 43.073111108501855], [-70.71503114373101, 43.07311444134827], [-70.71501758809075, 43.07311380832191], [-70.71499852540242, 43.073110165271075], [-70.71497510795562, 43.07310085820673], [-70.71495349717712, 43.07308430008228], [-70.71493359490442, 43.07306072502375], [-70.71491167323562, 43.07302569754865], [-70.7149068621228, 43.07301469179846], [-70.71490410453008, 43.073001588655295], [-70.71490114031565, 43.07294145859918], [-70.71489662172756, 43.07292773680202], [-70.71488912733709, 43.0729164404853], [-70.7148741043973, 43.072901847277265], [-70.71485584506276, 43.07288834964528]]]}, "properties": {"Shape_Leng": 478.369593359, "Shape_Area": 7560.92795573, "density": "sb", "hectares": 0.0702436002049, "acres": 0.173575716243, "year_": 2012.0}}, {"type": "Feature", "geometry": {"type": "Polygon", "coordinates": [[[-70.71433434233987, 43.07236725107773], [-70.71429615773732, 43.07239641348412], [-70.71429005847827, 43.072410799468656], [-70.71428543408139, 43.07241510154638], [-70.71427881192905, 43.07241789993436], [-70.71425940285972, 43.07241903912174], [-70.71423384495014, 43.07241493051017], [-70.7141858429327, 43.072402830698806], [-70.71416375132037, 43.07239641861255], [-70.7141401911886, 43.07238691575465], [-70.71407393435493, 43.072352092455944], [-70.71400802604371, 43.072315225059064], [-70.71395267100073, 43.072280666180745], [-70.71390559643235, 43.07224699086444], [-70.71386650400683, 43.07221395809422], [-70.71383496689039, 43.07218114124938], [-70.71381122322873, 43.0721487016474], [-70.71379523815914, 43.07211659039418], [-70.71378700094074, 43.072084786699854], [-70.71378096040273, 43.07204640133221], [-70.71377991912813, 43.072025325342494], [-70.71378315876107, 43.07200904144064], [-70.71379110814678, 43.071998954744785], [-70.71380548492986, 43.07199380403181], [-70.7138279822322, 43.071992563714126], [-70.71385692393294, 43.07199484536449], [-70.71390818402956, 43.07200196665799], [-70.71395755071708, 43.072012026486014], [-70.7140098795246, 43.07202973979993], [-70.7140658279961, 43.07205506616143], [-70.7141382303885, 43.072093819407634], [-70.71421820197348, 43.0721387134828], [-70.71426644178106, 43.072170728574825], [-70.71428606521815, 43.07218674369769], [-70.71430212054335, 43.072202521184074], [-70.71431478307854, 43.07221823622529], [-70.71432412747433, 43.0722339839604], [-70.71433555980377, 43.07226444236465], [-70.71434107265009, 43.07229680664857], [-70.71434066724599, 43.07233107592305], [-70.71433434233987, 43.07236725107773]]]}, "properties": {"Shape_Leng": 468.83670908, "Shape_Area": 13348.4487553, "density": "h", "hectares": 0.124011642911, "acres": 0.306439443279, "year_": 2012.0}}, {"type": "Feature", "geometry": {"type": "Polygon", "coordinates": [[[-70.71319930166881, 43.07200595943377], [-70.71301401147453, 43.07197700013898], [-70.71294624002026, 43.071966282420526], [-70.7128803735861, 43.071952437185736], [-70.7128164121667, 43.07193546533802], [-70.71275435699783, 43.07191536689086], [-70.7126653167345, 43.07188487884341], [-70.71264076941267, 43.07187255444961], [-70.7126221736004, 43.071858952836635], [-70.7126056698241, 43.071843702468996], [-70.71259926919271, 43.07183348630922], [-70.71259879998237, 43.0718266906982], [-70.71260117760632, 43.071818741415115], [-70.7126172844533, 43.071792695484646], [-70.7126369711304, 43.071762646685954], [-70.71265730277604, 43.07173898538756], [-70.71267913585105, 43.07172071955311], [-70.71270259531855, 43.071707788112555], [-70.71272482908438, 43.07169994314892], [-70.71274969635977, 43.07169393125444], [-70.71276653354, 43.07169219748194], [-70.71278547244891, 43.071693097088776], [-70.71286934456133, 43.07170972812691], [-70.71288886869516, 43.07171160746676], [-70.71290607608258, 43.07171102086141], [-70.71292629785803, 43.071707105385535], [-70.71297070071834, 43.071694156712006], [-70.71299009446847, 43.071690904042015], [-70.71302666173149, 43.071690832528226], [-70.71307646873376, 43.07169638390928], [-70.71313520293133, 43.071707029845], [-70.713181566522, 43.071721330836496], [-70.71321701104159, 43.071737846136756], [-70.7132477465944, 43.07175706947633], [-70.71328079567371, 43.07178459264505], [-70.71329187668478, 43.071797200777254], [-70.71329973864304, 43.07180947063395], [-70.71330661923791, 43.07182706845594], [-70.71331045564985, 43.071847066843524], [-70.71330872439096, 43.071873127322874], [-70.71329832482395, 43.07190146949796], [-70.71327934345975, 43.07193181863849], [-70.713252231221, 43.07196344126708], [-70.71322781936014, 43.071985614016945], [-70.71319930166881, 43.07200595943377]]]}, "properties": {"Shape_Leng": 490.745209341, "Shape_Area": 15780.6397184, "density": "h", "hectares": 0.146607526728, "acres": 0.362275088181, "year_": 2012.0}}, {"type": "Feature", "geometry": {"type": "Polygon", "coordinates": [[[-70.7110348411781, 43.07198303042223], [-70.71102860891853, 43.07199265418215], [-70.71102944236634, 43.0719947252068], [-70.71103281429352, 43.07199581375395], [-70.7110477784241, 43.071995153784435], [-70.71105486184508, 43.07200179129994], [-70.71102173836404, 43.07199886821031], [-70.71099107417034, 43.07199342180136], [-70.71096286923914, 43.071985453875165], [-70.71093712238711, 43.071974961723214], [-70.71092185398936, 43.07196580920578], [-70.71090734798203, 43.0719532658546], [-70.71086377396092, 43.07190035872613], [-70.71084351614415, 43.071881062039644], [-70.71082259212363, 43.07186797448145], [-70.71076104586916, 43.071837298737435], [-70.71074676979089, 43.071826792545664], [-70.71073771136606, 43.071815933869935], [-70.71072988151651, 43.07179689131071], [-70.71072675138386, 43.07177471765275], [-70.71072863310417, 43.07175160739084], [-70.71073532602935, 43.071730199914654], [-70.71074326311123, 43.0717157997665], [-70.71075402160137, 43.07170133047073], [-70.7107684709485, 43.07168733578426], [-70.7107879719075, 43.07167371635315], [-70.71081238791626, 43.071660331509456], [-70.71084988345845, 43.07164271714731], [-70.71088971430837, 43.07162826383318], [-70.71097200507599, 43.07160755346372], [-70.7110046150993, 43.07159751809267], [-70.71103847317094, 43.07158333620122], [-70.71107409714406, 43.071564472917565], [-70.71118244405478, 43.07149473139155], [-70.71122163468189, 43.0714718435272], [-70.71126100229121, 43.0714533688059], [-70.71129922849558, 43.07144063205624], [-70.711369457095, 43.071426060594305], [-70.71146098523803, 43.07141438717047], [-70.71153072231007, 43.071406952467264], [-70.71157180718056, 43.07140407552425], [-70.71160953434723, 43.07140393943124], [-70.7116427637317, 43.07140690284148], [-70.71167487759573, 43.07141409938145], [-70.71173926114179, 43.071435697706704], [-70.71176726381985, 43.07144315966526], [-70.71180399250362, 43.07144770770451], [-70.71184691171025, 43.07144720708636], [-70.7118896249239, 43.07144297087402], [-70.71199343721997, 43.07142862162953], [-70.71204477888007, 43.07142538090821], [-70.71206980481932, 43.071426389024175], [-70.71209231979371, 43.07142953656967], [-70.71211272440146, 43.07143488179755], [-70.71213121917208, 43.07144247859092], [-70.71215433818654, 43.071454807383276], [-70.71217086256152, 43.071465710220906], [-70.7121846583416, 43.07147893070957], [-70.71219489322868, 43.071494774263144], [-70.71220158525927, 43.071513265337266], [-70.71220475795074, 43.07153447074049], [-70.71220446863084, 43.07155801918557], [-70.71220080638697, 43.0715845784333], [-70.71218253227231, 43.07165137082531], [-70.71217349096845, 43.07167626221701], [-70.71216423445388, 43.07169452934359], [-70.71215477197246, 43.071707317284286], [-70.71214241833354, 43.071719525709305], [-70.71212706495383, 43.07173126803208], [-70.71210844962116, 43.071742746400155], [-70.71206825991078, 43.07176237665921], [-70.71197224694771, 43.07180223223179], [-70.7119166647621, 43.07182575232478], [-70.71185419861773, 43.071848602842195], [-70.71178342260013, 43.07187136237811], [-70.71169540121731, 43.07189690976751], [-70.71159840068567, 43.071923952023205], [-70.71153564201853, 43.07193953384217], [-70.71147746247303, 43.07195104912612], [-70.71142412411447, 43.07195814810769], [-70.71137853486627, 43.07196017364959], [-70.71127708519568, 43.07195863085157], [-70.71123571367411, 43.07196096609943], [-70.71119898036591, 43.07196705231594], [-70.71111501069181, 43.07198673794867], [-70.7110740876724, 43.07199197359448], [-70.7110477784241, 43.071995153784435], [-70.7110348411781, 43.07198303042223]]]}, "properties": {"Shape_Leng": 1005.49621886, "Shape_Area": 58450.29728, "density": "sb", "hectares": 0.543023202712, "acres": 1.34183955652, "year_": 2012.0}}, {"type": "Feature", "geometry": {"type": "MultiPolygon", "coordinates": [[[[-70.70867142650022, 43.07169526687437], [-70.7086714902575, 43.071694326742154], [-70.70870155131846, 43.071705206583054], [-70.70867142650022, 43.07169526687437]]], [[[-70.70867142650022, 43.07169526687437], [-70.70867012233013, 43.07171451395438], [-70.70861322807306, 43.07173942480436], [-70.7085742892886, 43.071751747816904], [-70.70853151913204, 43.071761581301864], [-70.70848525647979, 43.071768847078324], [-70.70843609958582, 43.07177344753369], [-70.70840201722206, 43.0717768410722], [-70.70838538948924, 43.071774973520526], [-70.70836877942803, 43.0717654313602], [-70.70835486022851, 43.07175025153388], [-70.70835216752653, 43.07173725319361], [-70.70835850185743, 43.071721182596576], [-70.70837304312353, 43.07170258467068], [-70.7084014073573, 43.07167437178417], [-70.70843275519363, 43.07164647462658], [-70.70846296135518, 43.0716262066482], [-70.70849238448004, 43.0716133251097], [-70.70852092655558, 43.07160789580288], [-70.7085576412669, 43.07160923300022], [-70.70858198476857, 43.07161448311464], [-70.70860720309055, 43.07162442407488], [-70.70863360522021, 43.07163908367172], [-70.70866459113613, 43.07166034739666], [-70.7086826420327, 43.07167190262983], [-70.70868639868792, 43.071678005651364], [-70.70866712874866, 43.071690794910964], [-70.70867142650022, 43.07169526687437]]]]}, "properties": {"Shape_Leng": 252.914172655, "Shape_Area": 3657.80757228, "density": "sb", "hectares": 0.033982280249, "acres": 0.0839720432406, "year_": 2012.0}}, {"type": "Feature", "geometry": {"type": "Polygon", "coordinates": [[[-70.70849008508675, 43.07135803159909], [-70.70844368688698, 43.07136243191895], [-70.70839914044302, 43.07136989296476], [-70.70835644332155, 43.071380412917904], [-70.70831559795836, 43.07139399270105], [-70.70826957919228, 43.07141903227051], [-70.70825977706728, 43.0714226012174], [-70.70825142301494, 43.071423540325576], [-70.70823530145402, 43.071418744273934], [-70.70821799448163, 43.07140610510851], [-70.70820172731386, 43.071387095223834], [-70.70819136418369, 43.07136725713501], [-70.70818725279923, 43.071345708899884], [-70.70819030533528, 43.07132915354146], [-70.70819612021276, 43.071321676018954], [-70.70820612351109, 43.07131441541052], [-70.70824785022714, 43.071294938905886], [-70.70826588069869, 43.07128738546098], [-70.70828709627148, 43.07128076965022], [-70.70837814309485, 43.07126108234725], [-70.7084155762548, 43.07124954973353], [-70.7084405649501, 43.07123749342483], [-70.70849812602971, 43.07120356504868], [-70.70853093094186, 43.07119064700479], [-70.70857042917444, 43.071180536779394], [-70.70858168208036, 43.071179282559214], [-70.70858913835676, 43.07118024784766], [-70.7085945654456, 43.07118567983765], [-70.70859565462524, 43.0711964719607], [-70.70858436112985, 43.0712422639056], [-70.70857599631599, 43.0712751081801], [-70.70856699246052, 43.07129884559647], [-70.7085555363884, 43.07131826332084], [-70.70854139849179, 43.071333440444306], [-70.7085246596422, 43.07134564866741], [-70.70850518029286, 43.07135627936639], [-70.70848295923027, 43.07136533162956], [-70.7084579988963, 43.07137280637588], [-70.70849008508675, 43.07135803159909]]]}, "properties": {"Shape_Leng": 328.172771518, "Shape_Area": 4763.98613887, "density": "sb", "hectares": 0.044259056518, "acres": 0.109366510443, "year_": 2012.0}}, {"type": "Feature", "geometry": {"type": "Polygon", "coordinates": [[[-70.7097071407709, 43.07048215096118], [-70.70975169979641, 43.07047161996679], [-70.70975235284621, 43.070471944984355], [-70.70975994057311, 43.070471638470835], [-70.70977171056585, 43.07046689043924], [-70.70975169979641, 43.07047161996679], [-70.7097500648891, 43.07046677154059], [-70.70975182294096, 43.070452893187316], [-70.70975435269021, 43.07043408121432], [-70.70976000752935, 43.0704146175547], [-70.70976851916102, 43.07039541092539], [-70.70977951721645, 43.07037730167773], [-70.7097924171151, 43.07036116707852], [-70.70980692689632, 43.07034730623907], [-70.70982266276023, 43.07033608141414], [-70.70983933424627, 43.0703276954107], [-70.709863861979, 43.070319577630784], [-70.7098911793282, 43.07031343021443], [-70.70991404450561, 43.07031084350266], [-70.70992989028119, 43.07031204717819], [-70.70993792838762, 43.07031617410127], [-70.70994359266206, 43.07032372608554], [-70.70994684571949, 43.070334659611106], [-70.70994765374931, 43.070348859175105], [-70.70994165634623, 43.070387113501376], [-70.70992670435113, 43.07043121960594], [-70.70991656380133, 43.070448825647084], [-70.70988294876322, 43.07049381808581], [-70.70987361251917, 43.07051228509894], [-70.7098658709781, 43.07053368646143], [-70.70984212946243, 43.070627405138595], [-70.70983342184684, 43.07064823852152], [-70.70982274930039, 43.07066625777899], [-70.709790664954, 43.07071473580161], [-70.7097704027333, 43.07073909479751], [-70.70974714115073, 43.070757442650084], [-70.7097347020417, 43.07076360463405], [-70.7097215833123, 43.070767834592885], [-70.70970111489379, 43.07077174744042], [-70.70968273427971, 43.07077318070369], [-70.7096594292748, 43.070771196283566], [-70.70963473269745, 43.07076521701668], [-70.70961288269673, 43.07075628652684], [-70.70959748230275, 43.07074586440336], [-70.70958959335658, 43.07073388571691], [-70.7095866519133, 43.070717290087615], [-70.70958809282504, 43.07069752024465], [-70.70959509857086, 43.07066013042409], [-70.70960016492079, 43.07063651301821], [-70.70960778394068, 43.07061328692727], [-70.70961795806913, 43.07059045307125], [-70.70963068610381, 43.07056800963916], [-70.70964596801421, 43.0705459584302], [-70.70966380505357, 43.07052429765347], [-70.7097071407709, 43.07048215096118]]]}, "properties": {"Shape_Leng": 433.241971918, "Shape_Area": 8351.38707083, "density": "h", "hectares": 0.0775872350583, "acres": 0.191722233161, "year_": 2012.0}}, {"type": "Feature", "geometry": {"type": "Polygon", "coordinates": [[[-70.71061734828389, 43.0702588846762], [-70.71062344817615, 43.070244498888236], [-70.71061628793886, 43.070220781083556], [-70.71061571556517, 43.07020618202169], [-70.71061879608425, 43.07019086094635], [-70.71062551489793, 43.07017488794765], [-70.7106358298261, 43.07015836979147], [-70.71064979136689, 43.07014129609682], [-70.7106671233078, 43.07012405882447], [-70.71071016151342, 43.070090721820534], [-70.71073441754966, 43.07007795226169], [-70.71079047428809, 43.07005668889699], [-70.71081291543365, 43.07004630038452], [-70.71084512138864, 43.07002436967753], [-70.71090912168152, 43.06996867130579], [-70.71094019819368, 43.069949097656576], [-70.71096709364826, 43.069937529301065], [-70.71099715380288, 43.06992765626454], [-70.71103046381324, 43.06991945045062], [-70.71106719623565, 43.06991286918967], [-70.7111069960323, 43.06990792571649], [-70.71115091937322, 43.06990444521466], [-70.71125734212724, 43.06990146943643], [-70.71132727557472, 43.069897803659], [-70.71135412449931, 43.06989784147622], [-70.71137813234513, 43.06990135448789], [-70.71139403709448, 43.06990895408391], [-70.71140414725821, 43.06992101960279], [-70.71141167820394, 43.06993859416756], [-70.711415824245, 43.06996003366331], [-70.71141551615311, 43.069980108241445], [-70.71141235339, 43.06998935437844], [-70.71140577679941, 43.06999784468815], [-70.71139571238372, 43.07000567937007], [-70.71138194635938, 43.07001302586845], [-70.711350311409, 43.07002460876342], [-70.71125355310147, 43.070052521414624], [-70.71122870077286, 43.070062742255196], [-70.71121014029374, 43.07007371504933], [-70.71119301607479, 43.07008810333479], [-70.71115775638076, 43.070122855711595], [-70.711140399893, 43.070136702854185], [-70.71110382585324, 43.070158607969596], [-70.71105713583405, 43.07018083366614], [-70.71100569211838, 43.07020066302647], [-70.71098221459728, 43.0702068688831], [-70.71095469405874, 43.070211168636895], [-70.71086396304335, 43.07021716561386], [-70.710833946341, 43.07022036069714], [-70.71080791207343, 43.07022540916059], [-70.71078560001033, 43.070232543774594], [-70.7107484758979, 43.07025151506306], [-70.71073428963868, 43.070257135968134], [-70.7107073959123, 43.070263130497324], [-70.71067894151216, 43.07026542042922], [-70.71064892645728, 43.070264004862736], [-70.71061734828389, 43.0702588846762]]]}, "properties": {"Shape_Leng": 551.236523443, "Shape_Area": 14791.9014585, "density": "sb", "hectares": 0.137421810974, "acres": 0.339576690227, "year_": 2012.0}}, {"type": "Feature", "geometry": {"type": "Polygon", "coordinates": [[[-70.71132417181758, 43.06903323960607], [-70.71139338036546, 43.06895119896423], [-70.7113799893129, 43.06893710499893], [-70.71137678324277, 43.068926375339544], [-70.71137940849844, 43.068913393554155], [-70.71138722217711, 43.06889868356892], [-70.71140425288407, 43.06887479688927], [-70.71142312879631, 43.0688528951591], [-70.7114485349509, 43.06883124957349], [-70.71147282755082, 43.068817664615395], [-70.71150455930183, 43.06880779189399], [-70.7115401419063, 43.068801599651955], [-70.71164179294792, 43.06878952178031], [-70.71167040387301, 43.0687832722126], [-70.71169394593666, 43.0687751629141], [-70.71171266298904, 43.06876569911202], [-70.71173210388397, 43.06875294856449], [-70.71179134703495, 43.06870459399271], [-70.71181347857393, 43.06868856049833], [-70.71183683688707, 43.06867575440566], [-70.71185993862944, 43.06866784933544], [-70.71190140922432, 43.068661043592776], [-70.71194800545905, 43.06865908294989], [-70.71199630318588, 43.068662118865454], [-70.71204197488082, 43.0686698901955], [-70.71208096221655, 43.06868124509042], [-70.71212072867812, 43.06869730170262], [-70.71215261288337, 43.06871414680301], [-70.71218356553953, 43.06873484850844], [-70.71221304338114, 43.06875904942585], [-70.71224018555613, 43.06878604925349], [-70.7122653968102, 43.068815400388964], [-70.71228320481762, 43.06884054273942], [-70.71229519665991, 43.06886371923974], [-70.71230143939765, 43.06888519689816], [-70.71230273912388, 43.068905881697795], [-70.71230023829825, 43.06892858176252], [-70.71229401604175, 43.06895247050551], [-70.71228446983228, 43.06897598586414], [-70.71226986161784, 43.06899664330428], [-70.71224621531351, 43.069016454822965], [-70.7122160722871, 43.06903463776966], [-70.71212296217007, 43.06908313853074], [-70.71209836285573, 43.069100112868036], [-70.71208042580328, 43.06911722469183], [-70.71206294500566, 43.0691415658977], [-70.71203301783497, 43.069195671453194], [-70.71201824383928, 43.06921822051223], [-70.71198754480363, 43.069256790067634], [-70.71195638384074, 43.069291261836185], [-70.71192452983533, 43.06932189223494], [-70.71189189184818, 43.06934876601978], [-70.711819898221, 43.06939968771658], [-70.7117878040305, 43.069419208107114], [-70.71175707902992, 43.06943555065013], [-70.71172701829114, 43.069449043423084], [-70.71169785625867, 43.069459532655486], [-70.7116694818355, 43.06946705702789], [-70.7116418395311, 43.06947163228065], [-70.71159734102906, 43.06947414230029], [-70.71154892112287, 43.069472134978334], [-70.71149953817532, 43.069465729520594], [-70.71145290751204, 43.06945539891804], [-70.71140203962362, 43.069439306110944], [-70.7113586609494, 43.06942110011961], [-70.71132492681376, 43.069401693704926], [-70.71130136480006, 43.069381426139415], [-70.71129217139023, 43.06936899829898], [-70.71128503830211, 43.06935466761985], [-70.71127685001638, 43.069320056543695], [-70.711276478305, 43.06927766854097], [-70.71128386423253, 43.069219677134804], [-70.71128982248233, 43.06919660808961], [-70.7113126377358, 43.06914036938655], [-70.71131992792465, 43.069114308528135], [-70.71132447509127, 43.06907402835613], [-70.71132417181758, 43.06903323960607]]]}, "properties": {"Shape_Leng": 893.653852031, "Shape_Area": 53553.2286216, "density": "sb", "hectares": 0.497527764186, "acres": 1.2294178796, "year_": 2012.0}}, {"type": "Feature", "geometry": {"type": "Polygon", "coordinates": [[[-70.7116671651901, 43.06828000387437], [-70.7116924879576, 43.0682558001832], [-70.71167777470892, 43.06825720406374], [-70.71166650239628, 43.06825618822577], [-70.71166198534301, 43.0682541386714], [-70.71165892182127, 43.06825043775305], [-70.71165723925031, 43.068238214848286], [-70.71166173526919, 43.06821963527346], [-70.71167140854837, 43.0681989349228], [-70.71168126637559, 43.06818746184557], [-70.71169711246766, 43.068176275484156], [-70.71171813786744, 43.06816552481274], [-70.71175453712947, 43.06815004157113], [-70.7117945301756, 43.0681367639919], [-70.71184277224813, 43.068127697763884], [-70.711896859068, 43.06812254736737], [-70.71199411043796, 43.06811786688726], [-70.7120813838806, 43.06810811530481], [-70.71210258216672, 43.06810987372051], [-70.71211754408218, 43.068116019696674], [-70.71213012275318, 43.06812985025558], [-70.71214472321458, 43.06815849809971], [-70.71215697546009, 43.0681924156914], [-70.71216177450933, 43.068231756683694], [-70.71215987807193, 43.068275242870214], [-70.71215002712333, 43.068349018780836], [-70.71214734882778, 43.06843481763916], [-70.71214269287586, 43.06846743028387], [-70.71213739598082, 43.068482244130685], [-70.71213007446607, 43.068493657389396], [-70.71212061138428, 43.06850184821579], [-70.71210892720514, 43.06850687805689], [-70.7120909298225, 43.06850945540733], [-70.71206702917364, 43.068509035486834], [-70.71203731872683, 43.06850568748358], [-70.71199822215374, 43.068499005289866], [-70.71196520435763, 43.06849129000681], [-70.71193111414242, 43.06848029008655], [-70.7118960834535, 43.06846604803635], [-70.71186033682235, 43.06844865304431], [-70.71182883886976, 43.06843035102641], [-70.71179417807045, 43.068406758474964], [-70.71175771743721, 43.06837825942726], [-70.71172439487113, 43.0683476342745], [-70.71169421038488, 43.0683148821193], [-70.7116671651901, 43.06828000387437]]]}, "properties": {"Shape_Leng": 469.487585036, "Shape_Area": 14791.3904947, "density": "d", "hectares": 0.137417063946, "acres": 0.339564960066, "year_": 2012.0}}, {"type": "Feature", "geometry": {"type": "Polygon", "coordinates": [[[-70.71285333837946, 43.066299070873235], [-70.71290199563998, 43.066412702128716], [-70.71289523462556, 43.06640327331319], [-70.71289293820233, 43.066401092889116], [-70.71289212982661, 43.06640215644129], [-70.71289498936851, 43.06641394446302], [-70.71291658063485, 43.06646966427816], [-70.7129370682239, 43.06650471532426], [-70.71296863285612, 43.066540610319585], [-70.71300524840687, 43.06657333833092], [-70.7131045680228, 43.06665342867691], [-70.713130071096, 43.06667723167896], [-70.71315045148546, 43.06669964715102], [-70.7132030472094, 43.06676573675009], [-70.71324314059952, 43.06682147473922], [-70.713275132533, 43.06687299367957], [-70.71329960668442, 43.06692136873067], [-70.71331551182833, 43.066962259571085], [-70.7133280921567, 43.067005692665376], [-70.71333740840159, 43.06705186835598], [-70.71334353125494, 43.0671011364945], [-70.71334649930854, 43.067153066226375], [-70.71334649539736, 43.06720940628486], [-70.71333740245689, 43.067344887367966], [-70.7133330541003, 43.06739675434394], [-70.71332666507057, 43.06742605352008], [-70.71331560967558, 43.06745002448134], [-70.71327708221818, 43.067512566136834], [-70.7132655006078, 43.06754640475867], [-70.71324817068886, 43.06763046039517], [-70.71324004630745, 43.067652027138465], [-70.71322948944099, 43.067670523873055], [-70.71320267255655, 43.067704441682444], [-70.71317274652363, 43.06773331878951], [-70.71314272833678, 43.067756258568515], [-70.71311534013671, 43.067772298028494], [-70.71308384132072, 43.06778469898816], [-70.71303804736968, 43.0677972805618], [-70.712996811466, 43.06780586198856], [-70.71294749456801, 43.06781293129372], [-70.71287473316836, 43.067821772015705], [-70.7128306006935, 43.067824510608], [-70.71279166518177, 43.067822665684545], [-70.71275909808185, 43.06781575192833], [-70.71272713851523, 43.067802281064544], [-70.71268657666499, 43.067778717901064], [-70.71266604221657, 43.06776289923525], [-70.7126472941401, 43.067741936644595], [-70.71260007366294, 43.06766592955148], [-70.71258220923498, 43.067641904773275], [-70.71256181619692, 43.067622752176376], [-70.71253888032027, 43.06760938890336], [-70.7125077033018, 43.06760064673993], [-70.71242665087705, 43.06752339249583], [-70.71238804718448, 43.06740552053398], [-70.71239582422598, 43.067373279562176], [-70.71240098296384, 43.067308796442624], [-70.7124017236185, 43.06727157921952], [-70.71239861301198, 43.06723712037429], [-70.71239118265603, 43.067206574505214], [-70.71238415566621, 43.06718761975402], [-70.71237555309499, 43.06717771196934], [-70.7123614213725, 43.06716934775508], [-70.71229517667479, 43.067148251838944], [-70.71227225925998, 43.06713687891859], [-70.71224732724099, 43.06711584488048], [-70.71221882945119, 43.06708526370771], [-70.71220341899759, 43.06706452151506], [-70.71219162383734, 43.06704174901039], [-70.71218331990214, 43.067016712918765], [-70.71217834634182, 43.06698893931535], [-70.71217707204133, 43.06693410086252], [-70.71218631258905, 43.06682890786851], [-70.71218785595698, 43.066787202842235], [-70.71218471057453, 43.066745578427444], [-70.7121758712902, 43.066709471305515], [-70.71214794371659, 43.06662696555725], [-70.71213525898075, 43.06660226648439], [-70.7121203206597, 43.066581647938584], [-70.71210124766642, 43.066563461337566], [-70.71204050957752, 43.066516132845656], [-70.71201387685953, 43.06648833516944], [-70.71198789753757, 43.066456647046856], [-70.71196191725146, 43.066420355493364], [-70.71193259037902, 43.066374797672886], [-70.71191303030673, 43.066344811283024], [-70.71190527982719, 43.066327556266195], [-70.71190174446477, 43.066303794057134], [-70.71190382172381, 43.06627516290506], [-70.71191290765212, 43.06624015138716], [-70.71192808366818, 43.06621285464049], [-70.71194209627417, 43.066197866871306], [-70.71196029395722, 43.06618336859759], [-70.7119816734, 43.066170167891656], [-70.71200457959904, 43.06615929512985], [-70.71202718572705, 43.066152251840215], [-70.71205473395362, 43.06614762799659], [-70.71214709954843, 43.066142867015444], [-70.71219197829338, 43.06614148874954], [-70.71223876664462, 43.06614237319218], [-70.71228770885108, 43.06614552507863], [-70.71233922932113, 43.066150969549405], [-70.71245039505568, 43.06616860625837], [-70.71259056986534, 43.06619817510333], [-70.71267951849235, 43.066216546313946], [-70.71271885628387, 43.066226110797885], [-70.7127563034033, 43.06623828707379], [-70.71278704883964, 43.06625241302926], [-70.7128216933003, 43.066273997795086], [-70.71285333837946, 43.066299070873235]]]}, "properties": {"Shape_Leng": 1632.25369108, "Shape_Area": 146219.938904, "density": "h", "hectares": 1.358433117, "acres": 3.35676133575, "year_": 2012.0}}, {"type": "Feature", "geometry": {"type": "Polygon", "coordinates": [[[-70.71593978636344, 43.05672757789383], [-70.71594893797457, 43.05682274066213], [-70.71596597181785, 43.056841140149835], [-70.71597598227731, 43.05686045526068], [-70.71597901346087, 43.0568776717229], [-70.71597786692635, 43.05689626493028], [-70.7159728645028, 43.0569119302848], [-70.71596471866924, 43.05692256912814], [-70.71595288148781, 43.056927972570826], [-70.71593457162827, 43.05692995023226], [-70.71585429915314, 43.05692422528013], [-70.71574757443464, 43.05692048585662], [-70.71565095343959, 43.05691230969281], [-70.7155628462173, 43.05689955757697], [-70.71548273971916, 43.05688214695019], [-70.71545016062204, 43.056872630587826], [-70.7154148533344, 43.056860215522335], [-70.71529094646158, 43.056809262509205], [-70.71523975990867, 43.05679048985622], [-70.71519516363358, 43.05677706222401], [-70.71514423852544, 43.05676408964075], [-70.71491714983652, 43.05671427746901], [-70.71486235008176, 43.05669896632137], [-70.71481438095601, 43.05668250574851], [-70.71475056254081, 43.05665719705239], [-70.71469574346355, 43.05663330172628], [-70.71464706086579, 43.056609565445356], [-70.71460374497067, 43.05658559834436], [-70.7145807397443, 43.056570604691025], [-70.71455684811787, 43.05655228746385], [-70.71446060837147, 43.05646835409286], [-70.71443567141563, 43.056450483623514], [-70.71441113619096, 43.056436003798666], [-70.71435096199758, 43.056407807781596], [-70.71427963954523, 43.05638079447908], [-70.71424876502591, 43.05637205079689], [-70.7141684969978, 43.056354438069455], [-70.71414708778741, 43.05634776880254], [-70.71412905524294, 43.056340165366386], [-70.71409319386981, 43.056320760028655], [-70.71406953665651, 43.05630293703877], [-70.71404938636555, 43.056279413711124], [-70.71404083512284, 43.05626452496932], [-70.71403472137203, 43.05624807493502], [-70.7140311395529, 43.05623030653813], [-70.71403016028445, 43.056211574130195], [-70.71403182806097, 43.05619217513492], [-70.71403611162037, 43.05617278081226], [-70.7140428777584, 43.056153986860025], [-70.71405190063368, 43.05613642601146], [-70.71406838665999, 43.05611134433003], [-70.71408331501442, 43.05609783565618], [-70.71409711859106, 43.05609259730152], [-70.71411569735568, 43.05609068158267], [-70.71419373429183, 43.05609618120943], [-70.71429757470838, 43.05609821117419], [-70.71441073812434, 43.056104369352305], [-70.71453577652456, 43.05611465984659], [-70.71470155283072, 43.05613145611311], [-70.71477419298897, 43.05613826969209], [-70.7148123697992, 43.05614409083855], [-70.71484621058042, 43.05615327221543], [-70.71491767488752, 43.05617992268043], [-70.71495009642494, 43.056189676427365], [-70.71499726312544, 43.056199105411885], [-70.71508066405539, 43.056211544278526], [-70.71521557431795, 43.05623248851541], [-70.71529593455834, 43.056243272651436], [-70.71537104957909, 43.05625056460909], [-70.71543922890886, 43.056253818351244], [-70.71556913258662, 43.05625187085842], [-70.71564722527857, 43.05625481709987], [-70.71572922883387, 43.05626126140842], [-70.71581571222494, 43.05627124360964], [-70.71590794616588, 43.05628490927519], [-70.71608626550476, 43.056308981133455], [-70.71616641387557, 43.05632435912214], [-70.71620502346906, 43.05633523780472], [-70.71623881862297, 43.05634787050957], [-70.7162683741486, 43.05636247445299], [-70.71629395310077, 43.05637918504677], [-70.71631583902847, 43.05639585686347], [-70.71632722601461, 43.05640727545958], [-70.71633693991546, 43.056426878829605], [-70.71633957355417, 43.05645148140655], [-70.7163348677965, 43.05647981901263], [-70.71632352177501, 43.05650739664637], [-70.71631598392666, 43.05651801986108], [-70.7163054245774, 43.05652820120726], [-70.71627477854611, 43.056547638619044], [-70.71623621368894, 43.05656453210863], [-70.71615054173647, 43.056595760948944], [-70.71611917257738, 43.056605664104815], [-70.71603113429754, 43.056626452932115], [-70.71600774562393, 43.05663530255293], [-70.71598948917287, 43.05664582679838], [-70.71596771586842, 43.0566621485674], [-70.71595356329063, 43.05667504101971], [-70.71594394508486, 43.05668730682328], [-70.71593898932228, 43.05669899925262], [-70.71593762195532, 43.05671289628435], [-70.71593978636344, 43.05672757789383]]]}, "properties": {"Shape_Leng": 1521.90487171, "Shape_Area": 103357.974948, "density": "h", "hectares": 0.960230849008, "acres": 2.37278210241, "year_": 2012.0}}, {"type": "Feature", "geometry": {"type": "Polygon", "coordinates": [[[-70.7185067623505, 43.05697018412009], [-70.71839341565719, 43.05686705679698], [-70.71836743271567, 43.05685309241782], [-70.71834503402681, 43.05683858163262], [-70.71832621838895, 43.05682352263324], [-70.7183109870135, 43.05680791633162], [-70.71829933989801, 43.05679176272916], [-70.71829127582652, 43.05677506091672], [-70.7182867959959, 43.05675781270529], [-70.71828590043097, 43.05674001629519], [-70.71828752510629, 43.05672237219533], [-70.71829159746707, 43.05671134026223], [-70.71829886724275, 43.05670391296887], [-70.71831088638183, 43.05669743959891], [-70.71836224615289, 43.05668168932739], [-70.71838937731049, 43.05667371278891], [-70.71841862389799, 43.05666794116546], [-70.71845029748489, 43.05666430952508], [-70.71848502400249, 43.056662745638235], [-70.71855092429159, 43.0566644942767], [-70.71871462686389, 43.05667630675935], [-70.7187585245683, 43.05667695664529], [-70.71879742717601, 43.05667515270696], [-70.71888172651506, 43.05666729040558], [-70.71895291376995, 43.05665852100816], [-70.71900248767987, 43.05664999835695], [-70.71905607988114, 43.056637850703595], [-70.71911553037828, 43.05662176291911], [-70.71929077657602, 43.05657043382669], [-70.71934703901428, 43.05655674006205], [-70.71939815611809, 43.056547000393714], [-70.71944196542876, 43.05654118612695], [-70.71948839479012, 43.05653741259182], [-70.71953792851298, 43.05653563698528], [-70.7195915307712, 43.05653582317503], [-70.71969140736711, 43.056540314287766], [-70.71992734550001, 43.056557375720075], [-70.71998768336243, 43.05655986875316], [-70.72004164294626, 43.056560368243844], [-70.72009543000294, 43.05655867708944], [-70.72014532654863, 43.056554621411834], [-70.72019210319556, 43.05654813917754], [-70.72023617333434, 43.05653916899772], [-70.72028134856367, 43.05652618691928], [-70.72033024112535, 43.05650783189552], [-70.72048326962165, 43.05643729592625], [-70.72053812307551, 43.05641438127375], [-70.72059120042493, 43.05639672505653], [-70.72064124229091, 43.05638536195322], [-70.7206772877021, 43.05638055602075], [-70.72076432250552, 43.056373416170096], [-70.72080322281286, 43.05636863109581], [-70.72084919046576, 43.05635934330371], [-70.7209629601039, 43.056328925553586], [-70.72101623185709, 43.056317777112156], [-70.7210469413209, 43.056314077374346], [-70.72112491525296, 43.05630815860689], [-70.72116522186371, 43.056301240844846], [-70.7211890808117, 43.05629384421374], [-70.72126171616222, 43.0562664339976], [-70.72130866839154, 43.056254892949134], [-70.72136042162484, 43.056245818376574], [-70.72141752377466, 43.05623910227918], [-70.72148175309438, 43.05623453339618], [-70.72153546229968, 43.056232295423435], [-70.72157268597248, 43.056233164556275], [-70.72161358697724, 43.05623709308973], [-70.72164835851731, 43.0562427281054], [-70.72167823114415, 43.05625027240529], [-70.72170338926578, 43.05625978782686], [-70.72173550034442, 43.05627600294824], [-70.72175921487491, 43.05629135658637], [-70.72177510044942, 43.056306217098374], [-70.72178306331428, 43.05632053420449], [-70.72178460662407, 43.05633514396571], [-70.72178181334623, 43.05635189450988], [-70.7217750574159, 43.056368577227616], [-70.7217653117634, 43.05638274631178], [-70.72174650563812, 43.05639739958004], [-70.72170778715046, 43.05641696712724], [-70.72168622901795, 43.05642641543081], [-70.72166079632133, 43.05643493517296], [-70.72156069339202, 43.05645956863307], [-70.72152089316609, 43.05647219503951], [-70.72147802484336, 43.056491725533085], [-70.72138565443461, 43.05654198009054], [-70.72134142540285, 43.05656066484279], [-70.72129112617715, 43.056573837250596], [-70.7211639856142, 43.05659373088223], [-70.72113438912753, 43.05659992429279], [-70.72110879725514, 43.0566070500469], [-70.72106516736162, 43.05662380249531], [-70.7209719521038, 43.056668450731905], [-70.72092906246553, 43.056685993286294], [-70.72088397424575, 43.056699784684206], [-70.72077209611028, 43.05672696930556], [-70.72072268024891, 43.05674151250903], [-70.72067091337973, 43.0567614219213], [-70.72056830596841, 43.056807252410024], [-70.72052359201167, 43.05682551246016], [-70.72042116164579, 43.05686093301394], [-70.72025955135057, 43.05691048807175], [-70.72011957937617, 43.0569532933444], [-70.72003394812559, 43.05697582446977], [-70.71997238936305, 43.05698771403966], [-70.71981421654863, 43.057009757369336], [-70.71974286065704, 43.05702308522334], [-70.7196603081527, 43.057043363236495], [-70.7195836908256, 43.05706507295906], [-70.71951249452847, 43.05708836137451], [-70.71944647372312, 43.057113310175495], [-70.71935003268395, 43.05715223866339], [-70.7193217072154, 43.05716698105565], [-70.71929894564688, 43.05718223758713], [-70.7192854480346, 43.057194883828316], [-70.71925800413375, 43.05722707232727], [-70.71924208585392, 43.05724027192489], [-70.719214965638, 43.057255660683055], [-70.71919078849588, 43.057264868090876], [-70.71916506713734, 43.05726912982389], [-70.71913542453655, 43.05726919583664], [-70.71910376750259, 43.057265038707726], [-70.71907360740956, 43.057257098886], [-70.71905455712907, 43.0572493653767], [-70.71903410330954, 43.0572386326062], [-70.71901790765943, 43.0572263184054], [-70.71900480645814, 43.057209792769456], [-70.71899459046514, 43.05718964987335], [-70.71897032343328, 43.05712777795612], [-70.71895915425043, 43.057110466271276], [-70.71894567191491, 43.05709701062245], [-70.71890374585932, 43.05706771510234], [-70.71888466678317, 43.05705771201953], [-70.71886639706389, 43.05705055204527], [-70.71885088091106, 43.05704704612571], [-70.71883259074778, 43.05704567671426], [-70.71875088704303, 43.05705067636268], [-70.7187325323189, 43.057050230866075], [-70.7187168732614, 43.057048033479234], [-70.71870078209452, 43.05704352629744], [-70.71868398092454, 43.05703666021003], [-70.71861312690649, 43.056996918907444], [-70.71859538578815, 43.05698891621748], [-70.71857860927113, 43.05698339966057], [-70.71854341632489, 43.05697554852468], [-70.7185067623505, 43.05697018412009]]]}, "properties": {"Shape_Leng": 2123.73012062, "Shape_Area": 132389.496179, "density": "h", "hectares": 1.22994358568, "acres": 3.03925678922, "year_": 2012.0}}, {"type": "Feature", "geometry": {"type": "Polygon", "coordinates": [[[-70.72398880185803, 43.05642550319894], [-70.72418125452538, 43.056336832826844], [-70.72422464492314, 43.05633669149624], [-70.72426555911223, 43.0563307975284], [-70.72428685807486, 43.05632389676135], [-70.72432976002669, 43.05630338701491], [-70.72434906150991, 43.05629618353603], [-70.7243717931677, 43.05629071320529], [-70.72439635725, 43.05628686384673], [-70.72445161499785, 43.05628393963083], [-70.72451520649473, 43.05628710428181], [-70.72460250701995, 43.056297128877986], [-70.72465956720775, 43.05630548312095], [-70.72470046833438, 43.056314712503394], [-70.72474639732323, 43.056330364501264], [-70.72478976397854, 43.05635029996303], [-70.7248278270472, 43.05637324780591], [-70.7248587561207, 43.05639809567372], [-70.72488469341663, 43.056426275356266], [-70.72490553041936, 43.05645661575393], [-70.72491984582392, 43.05648701949844], [-70.72492704689753, 43.05651619178296], [-70.72492835577194, 43.05655114232202], [-70.72492228754192, 43.05657820794692], [-70.72491235394388, 43.056594596451134], [-70.72489596263608, 43.05661144310036], [-70.72487431788477, 43.05662826271418], [-70.72483349108644, 43.05665578669795], [-70.72477700061071, 43.0566895044761], [-70.72471181861202, 43.05671956623965], [-70.72466643673411, 43.0567347924694], [-70.72461646537361, 43.056745669125945], [-70.72456145489069, 43.056752300520884], [-70.72450046814187, 43.056754802253344], [-70.7244433275957, 43.05675375478003], [-70.72437847633341, 43.05674977767157], [-70.7241076286374, 43.056723907951216], [-70.72406089893342, 43.0567198107756], [-70.72400905006818, 43.05671333189186], [-70.72377577624096, 43.05667729391957], [-70.72371391150817, 43.05667116625235], [-70.72365772385515, 43.056668741790524], [-70.72357966711068, 43.05667155964475], [-70.72354730487088, 43.05667040537242], [-70.72349101661537, 43.056663973381085], [-70.72345319152649, 43.056656593548134], [-70.72342593904438, 43.056646741691004], [-70.72341651066537, 43.0566408750372], [-70.72340983828383, 43.05663435597884], [-70.72340272974998, 43.05661817189224], [-70.72340106267339, 43.05659567481852], [-70.72340518890131, 43.05656977697986], [-70.72341393187156, 43.05654852422217], [-70.72342144325296, 43.05654058910245], [-70.72343252947245, 43.05653511928524], [-70.72344732416332, 43.05653204565838], [-70.72346615618162, 43.0565312962176], [-70.72350689597334, 43.05653495179703], [-70.723631741256, 43.05655415676187], [-70.7236660107396, 43.05655597034254], [-70.72369349220996, 43.05655384288072], [-70.72373328980358, 43.056545928941844], [-70.72377226369352, 43.05653569298683], [-70.72381041388957, 43.056523134116375], [-70.72384773914668, 43.05650825322121], [-70.72388424070235, 43.05649104941215], [-70.72391991853931, 43.05647152359001], [-70.72395477266802, 43.0564496748554], [-70.72398880185803, 43.05642550319894]]]}, "properties": {"Shape_Leng": 963.657319394, "Shape_Area": 43712.2675058, "density": "p", "hectares": 0.406101878064, "acres": 1.00349959494, "year_": 2012.0}}, {"type": "Feature", "geometry": {"type": "Polygon", "coordinates": [[[-70.7178195140753, 43.054698066619764], [-70.71760956540307, 43.05485846361367], [-70.7176011549966, 43.0548851799703], [-70.71758905160065, 43.05491010858235], [-70.71757325643912, 43.05493324945882], [-70.71755376952324, 43.05495460169811], [-70.71750923516765, 43.05498862479553], [-70.71741392084712, 43.05505642739467], [-70.71734551279405, 43.05509775973506], [-70.71731195936613, 43.055114284693026], [-70.71727920321516, 43.05512766478999], [-70.71724686016988, 43.055138057068106], [-70.71721471564916, 43.05514552635935], [-70.71715795505845, 43.05515933916862], [-70.7171347584868, 43.055163343246974], [-70.71711560528254, 43.05516289446669], [-70.71710910289138, 43.05516052709565], [-70.71710456601612, 43.055156709670804], [-70.71709922250243, 43.055144709385004], [-70.71709727342662, 43.055128229256944], [-70.71709913415775, 43.05511765969758], [-70.71710449525573, 43.055106086698686], [-70.71712828598673, 43.05507534825758], [-70.71714545784323, 43.0550594966728], [-70.71718819306545, 43.05503047719071], [-70.71720463191238, 43.055017022946345], [-70.71722064780623, 43.05499820292792], [-70.7172508341036, 43.05495303842487], [-70.71726732281714, 43.054935076575816], [-70.71728913508665, 43.05491887189774], [-70.71735029616995, 43.054881415877304], [-70.71738949378032, 43.05485142450243], [-70.71742906148906, 43.05481725223279], [-70.7174698297293, 43.05477822003301], [-70.71751504516146, 43.05473122766911], [-70.71753411747709, 43.054706509893116], [-70.71755111365079, 43.05467529373058], [-70.71756551855655, 43.05464017817741], [-70.71759964188689, 43.05454353808289], [-70.71761185580445, 43.05451692978287], [-70.71762476819983, 43.0544953330731], [-70.71764294741153, 43.0544737584368], [-70.71766375703461, 43.05445792073796], [-70.71768764909659, 43.05444748166238], [-70.71771490769328, 43.05444232654301], [-70.71774805473673, 43.054439548064025], [-70.71776686835813, 43.05444154670121], [-70.71777669580648, 43.0544469499469], [-70.7177962391447, 43.05446785802505], [-70.71780676863155, 43.05447430227524], [-70.71782538365136, 43.05447779802522], [-70.71784665090021, 43.05447789514864], [-70.71786503027568, 43.05447462152298], [-70.71787808134415, 43.054468466407165], [-70.71789067161635, 43.05445398277429], [-70.71790260575044, 43.054446786809834], [-70.71791974400504, 43.05444145051669], [-70.71794129302825, 43.05443823826386], [-70.71796541088237, 43.05443743453231], [-70.71799000719734, 43.05443919572216], [-70.71801115071543, 43.05444333711577], [-70.71802613098184, 43.054449311451606], [-70.71803369536255, 43.054456599756655], [-70.71803517557224, 43.05446680185736], [-70.7180322997981, 43.05448119950784], [-70.71802530081705, 43.054498308470556], [-70.71801580657808, 43.054514048305144], [-70.71800794700346, 43.054522325847714], [-70.71799664815667, 43.05453027422384], [-70.71794494360975, 43.05455560100107], [-70.71792633935695, 43.054567806879476], [-70.71791591386513, 43.05457874022302], [-70.71790697226453, 43.05459254928257], [-70.71788604871837, 43.05464205122591], [-70.7178771516759, 43.05465870156253], [-70.71786563859709, 43.05467281965741], [-70.71785159051048, 43.05468328998119], [-70.7178195140753, 43.054698066619764]]]}, "properties": {"Shape_Leng": 794.018585533, "Shape_Area": 19587.5840976, "density": "h", "hectares": 0.181975338793, "acres": 0.4496708551, "year_": 2012.0}}, {"type": "Feature", "geometry": {"type": "Polygon", "coordinates": [[[-70.71699723221913, 43.05645630831371], [-70.71704709812646, 43.05647962043822], [-70.71720534681275, 43.0565372845467], [-70.71729466708612, 43.05656759320703], [-70.71735959757234, 43.056585807438154], [-70.71737942136006, 43.0565891269544], [-70.71739080156554, 43.05658858674507], [-70.71741102851168, 43.05658303941047], [-70.71743287416496, 43.0565798261155], [-70.71745655021947, 43.056578910808454], [-70.71748250130742, 43.05658027647254], [-70.7175299986247, 43.05658717680199], [-70.7176579033051, 43.05661316666877], [-70.71769067360704, 43.056616426967345], [-70.7177720248054, 43.056620642804134], [-70.71780848236025, 43.05662527398428], [-70.71782764120398, 43.05662992464888], [-70.71784359983215, 43.05663601063777], [-70.71785665967248, 43.056643646971715], [-70.71786694839223, 43.056652913024244], [-70.71788047109492, 43.05667177010345], [-70.71787835930071, 43.05667920232932], [-70.71786697756043, 43.05668493650525], [-70.71780341309837, 43.056696254679494], [-70.71778384028644, 43.05670181110809], [-70.71774783903622, 43.056721318829155], [-70.71768085829515, 43.05677068362931], [-70.71764983403727, 43.056789593478335], [-70.71761352329982, 43.05680687609185], [-70.71757369498987, 43.05682332567557], [-70.71753019833842, 43.05683900758726], [-70.71748268523736, 43.056854047658355], [-70.7174374366686, 43.05686703522295], [-70.71740527402146, 43.056874269471955], [-70.71732604631796, 43.056886036251285], [-70.71729312201336, 43.056888532902306], [-70.7172636767828, 43.056888866515536], [-70.7172372703741, 43.05688700913664], [-70.7172141534951, 43.05688294214407], [-70.71719429065075, 43.056876658944276], [-70.71717767453345, 43.056868155877595], [-70.71715455699669, 43.05684909668136], [-70.71713087724245, 43.0568212085342], [-70.71712178606052, 43.056804345989875], [-70.71711736317314, 43.0567843833192], [-70.71711736999985, 43.05675975766325], [-70.71712432280104, 43.05670558153795], [-70.71712534945753, 43.05668256303049], [-70.71712187693451, 43.056659481985214], [-70.71711283584447, 43.05664040905921], [-70.71709951404489, 43.05662493546263], [-70.71706093915697, 43.056590944827946], [-70.71704602241279, 43.056574701854146], [-70.71702795781654, 43.05654727345562], [-70.71701380438178, 43.05651839854681], [-70.71700356210391, 43.05648807712914], [-70.71699723221913, 43.05645630831371]]]}, "properties": {"Shape_Leng": 633.949495143, "Shape_Area": 18082.6851544, "density": "sb", "hectares": 0.167994314198, "acres": 0.415122990941, "year_": 2012.0}}, {"type": "Feature", "geometry": {"type": "Polygon", "coordinates": [[[-70.72303742221511, 43.05585277554765], [-70.7229146838938, 43.05584212444251], [-70.72279305416411, 43.05582786550054], [-70.72271452613562, 43.05581530051916], [-70.72262964969632, 43.05579751618472], [-70.72253355826385, 43.05577351996058], [-70.72233264624086, 43.05571820173368], [-70.7222451781231, 43.05569557986253], [-70.72215190684258, 43.05567476705973], [-70.72206709572927, 43.05566010730789], [-70.72196916165773, 43.055647342918185], [-70.72186301279177, 43.055636197523626], [-70.72174618742699, 43.0556263861267], [-70.72160778956888, 43.05561698696064], [-70.7215008249909, 43.05561292416592], [-70.72124621489377, 43.05561022772365], [-70.72117973940945, 43.05560739569234], [-70.72112005703531, 43.05560288334131], [-70.7210385284385, 43.055593588808236], [-70.7209654639236, 43.0555818752194], [-70.72089754090781, 43.0555672443462], [-70.72082769250993, 43.055548184926735], [-70.72074799634193, 43.05552318221056], [-70.72070279240774, 43.05551109564017], [-70.7206532308266, 43.05550140436406], [-70.72060169933921, 43.05549521101133], [-70.72051526626716, 43.055492035363855], [-70.72025693393495, 43.055494829335956], [-70.72013670670636, 43.05549234248112], [-70.72007907314213, 43.055488235403544], [-70.72003017335821, 43.055482051860594], [-70.71998933477093, 43.05547370618497], [-70.71995628332594, 43.05546313940786], [-70.71991595770115, 43.05544730410489], [-70.71989702911337, 43.05543543999934], [-70.7198902167965, 43.05542735779694], [-70.71988511080913, 43.05541751459305], [-70.71988047607016, 43.055393557154034], [-70.71988379069224, 43.05536664724337], [-70.71989443305227, 43.055342561455014], [-70.7199060981136, 43.05532843631314], [-70.71992286176487, 43.055313544107], [-70.71993782447765, 43.05530424860618], [-70.71995570369405, 43.0552975895005], [-70.71997668346772, 43.05529349179759], [-70.72000117626506, 43.0552918742927], [-70.72004402249358, 43.05529378511389], [-70.72015029922028, 43.05530669306905], [-70.72019565509005, 43.05530944283831], [-70.72032387840935, 43.05531229911151], [-70.72060702007741, 43.055326211858436], [-70.72073229964248, 43.055329962401984], [-70.72081578784982, 43.05533248973267], [-70.72100318776126, 43.055341925745964], [-70.72109165860044, 43.055343804527176], [-70.72116432694035, 43.05534237870415], [-70.7212314785141, 43.055338018637876], [-70.72129220156637, 43.05533078521797], [-70.72134608532538, 43.055320729071084], [-70.72139990143755, 43.05530820319675], [-70.72143316932346, 43.055297976712], [-70.72146344560927, 43.055282805224195], [-70.72149096882193, 43.055260505113374], [-70.72151565647363, 43.05523221080398], [-70.72156033259319, 43.05516924261989], [-70.72158090509481, 43.05514361749426], [-70.72160578361223, 43.05511967432206], [-70.72163236663816, 43.0551019968433], [-70.72167295864945, 43.05508299298623], [-70.72173833510304, 43.05505751727389], [-70.72177707167114, 43.055043750501696], [-70.72181731580943, 43.055031568746315], [-70.72185915511778, 43.05502094302412], [-70.72190270418407, 43.05501184547423], [-70.72199539595444, 43.05499813159768], [-70.7220972108369, 43.05499015226735], [-70.72218837411448, 43.054987727147356], [-70.72229139647628, 43.05498880873558], [-70.72264371675215, 43.05500431710769], [-70.72277683858329, 43.05500748919144], [-70.72290765305799, 43.05500487655561], [-70.72296696933344, 43.05500097474443], [-70.72302315459251, 43.05499528906786], [-70.7231255327934, 43.0549815434311], [-70.7232382034306, 43.054963641895405], [-70.72367190118942, 43.054884054271156], [-70.723857412337, 43.05485406726603], [-70.72405574224831, 43.054829197651074], [-70.7245040467511, 43.0547819016662], [-70.72470260984305, 43.05475555928404], [-70.72479176066288, 43.05473974992183], [-70.72496970212475, 43.05470222026318], [-70.72504512529588, 43.05468780190559], [-70.72512493112976, 43.0546759157066], [-70.72519727510452, 43.05466947795224], [-70.72523242446083, 43.05466875444482], [-70.72532356386795, 43.05467033865042], [-70.72537263996767, 43.054666833841054], [-70.7253957694573, 43.054662273039824], [-70.72542090613499, 43.05465488783296], [-70.72552282405182, 43.05461650783675], [-70.72554506505489, 43.05461048593678], [-70.72556588663991, 43.054606739670355], [-70.72562583574882, 43.054598262561164], [-70.72565952237865, 43.05459582108722], [-70.72568883893099, 43.054597727456716], [-70.72571202408636, 43.05460453519237], [-70.72572774560942, 43.054613782202985], [-70.72575179534579, 43.05463252508338], [-70.72577503303597, 43.054653721424074], [-70.72579582942699, 43.05467964334065], [-70.72581459454634, 43.05471020779004], [-70.72586367713434, 43.05480263036209], [-70.72588301339974, 43.0548296429562], [-70.72590414609792, 43.05485179954022], [-70.72593146219471, 43.054871355976346], [-70.72599190237166, 43.05490416413059], [-70.72601398286213, 43.05491788226757], [-70.72603247230539, 43.05493364845564], [-70.72604334711967, 43.05494976522455], [-70.72604804380134, 43.05496500666175], [-70.72604995836312, 43.05498317866108], [-70.72604575232931, 43.05503549929498], [-70.72604046940424, 43.05505933446042], [-70.72603031265578, 43.05508313046347], [-70.72601518253411, 43.05510713582923], [-70.72599479091218, 43.05513180997028], [-70.72594755582904, 43.05517634154735], [-70.7258479591009, 43.055255788374176], [-70.72581045116468, 43.055287998337334], [-70.72577686921126, 43.05532210570294], [-70.72575255053229, 43.055354412387516], [-70.72574012516198, 43.05537676475406], [-70.72572884217718, 43.05540267675009], [-70.72569816941325, 43.0554954607456], [-70.72568414729209, 43.055530557966634], [-70.72566520065905, 43.05556427164992], [-70.72564225263056, 43.05559194384633], [-70.72561620637985, 43.05561543901424], [-70.72558526399368, 43.05563906584226], [-70.72554939813396, 43.05566284570542], [-70.72550845995596, 43.05568687909316], [-70.72544679921401, 43.05571682531673], [-70.72535438023549, 43.05575353075807], [-70.72528147604275, 43.05577885389153], [-70.72520294158467, 43.05580118082797], [-70.72511812089333, 43.05582070329391], [-70.72502572544137, 43.055837718527826], [-70.72493290096189, 43.055851402258995], [-70.72482829023205, 43.05586385470595], [-70.72449088685502, 43.05589520506126], [-70.72432924315468, 43.05590940546177], [-70.72418044485877, 43.05591987314148], [-70.72404051430193, 43.05592688324066], [-70.72390784353716, 43.05593051076068], [-70.72378052830855, 43.05593078144403], [-70.72365860839511, 43.05592766413078], [-70.7235415291708, 43.05592114616565], [-70.72342893131115, 43.055911206598516], [-70.72331709176493, 43.05589792547109], [-70.72320567495112, 43.05588173479688], [-70.72309467963021, 43.055862636367216], [-70.72298410583122, 43.05584062928341], [-70.72303742221511, 43.05585277554765]]]}, "properties": {"Shape_Leng": 3705.89922085, "Shape_Area": 429750.253454, "density": "h", "hectares": 3.99252646876, "acres": 9.8657477608, "year_": 2012.0}}, {"type": "Feature", "geometry": {"type": "Polygon", "coordinates": [[[-70.71901446273449, 43.05484953690862], [-70.71948365874542, 43.054502265697224], [-70.7194630783763, 43.05449701753727], [-70.71945850892439, 43.054491242984064], [-70.7194610824875, 43.05448210334075], [-70.71949295934228, 43.054443734051304], [-70.71952154632719, 43.05440928293194], [-70.71955940915963, 43.054374928380184], [-70.71960676110555, 43.05434045071203], [-70.7196649243818, 43.054304877881115], [-70.71969433412788, 43.054290416216475], [-70.71973003379573, 43.054277052581135], [-70.71984927267638, 43.05424333618018], [-70.7198868563582, 43.054231336526165], [-70.71991693341951, 43.05421937107263], [-70.71994229709695, 43.054206436749894], [-70.71997059332523, 43.05418767112994], [-70.71999894035312, 43.05416416567137], [-70.72009370043799, 43.05406676080017], [-70.72013698305643, 43.054029389435534], [-70.7201916212371, 43.05399312375748], [-70.72025750806527, 43.05395717252351], [-70.72032699562659, 43.05392437458986], [-70.72051533845669, 43.053841457195084], [-70.72056910074568, 43.05381495264918], [-70.72061530654004, 43.0537893325772], [-70.72066728847466, 43.053754870238336], [-70.72076398425344, 43.05368083640401], [-70.72080548182439, 43.05365150647661], [-70.72085177154358, 43.05362416499223], [-70.72089696019086, 43.053604011182884], [-70.72093637206954, 43.05359170133319], [-70.7210271141098, 43.05357030544349], [-70.72106588760464, 43.05355911727634], [-70.72110142997364, 43.053545638490334], [-70.72113901474219, 43.05352841119174], [-70.72128722876685, 43.053447361837385], [-70.72132241758062, 43.05343012278578], [-70.72135506067984, 43.053416314814676], [-70.72138775233957, 43.053404858458194], [-70.72142316847993, 43.053394712728625], [-70.72150401322443, 43.05337785613711], [-70.72158435888944, 43.05336655926734], [-70.72177710884056, 43.0533451860442], [-70.72186944469298, 43.05333018749331], [-70.72191230971104, 43.05332031464956], [-70.72195115798372, 43.05330895216747], [-70.72198660355802, 43.05329591968686], [-70.72201896251775, 43.053281096497976], [-70.72204281714473, 43.05326758034703], [-70.72206789869699, 43.05325066000453], [-70.72217299800644, 43.05316972618303], [-70.72220161042989, 43.053152116623906], [-70.72222957146367, 43.05313855961162], [-70.72229262474043, 43.05311554614436], [-70.72235984383171, 43.053097342377534], [-70.72239810701338, 43.05309017867119], [-70.72244174613151, 43.053084877637374], [-70.72258210110193, 43.05307619598213], [-70.72266391496056, 43.05307189302186], [-70.72274744703701, 43.053069525121536], [-70.72283267523373, 43.05306909299532], [-70.72291957131687, 43.05307059730672], [-70.72300811320325, 43.053074037869905], [-70.72309826410992, 43.053079412577375], [-70.72328324215792, 43.05309595686548], [-70.72339918731636, 43.0531090027197], [-70.7234743684326, 43.05312100675109], [-70.72354621497331, 43.05313891081757], [-70.7236788810778, 43.05318165911388], [-70.72373350405087, 43.05319723283826], [-70.7238112879652, 43.05321281643542], [-70.72396192763843, 43.053233245348565], [-70.72402129462579, 43.053243146488725], [-70.72408035728226, 43.05325721104091], [-70.7241304355761, 43.0532747581034], [-70.72419233930496, 43.05330296683879], [-70.72423835458649, 43.053329341585474], [-70.72425619403639, 43.05334260566142], [-70.72427397738005, 43.0533588128021], [-70.72433167966295, 43.053423013143274], [-70.72435755718764, 43.053447705238234], [-70.72437833381505, 43.05346338881199], [-70.72440382248672, 43.05347956846371], [-70.72449645850179, 43.05352968347744], [-70.72452927020083, 43.05354923958991], [-70.7245583434914, 43.05357069036203], [-70.72457966523532, 43.053592305953046], [-70.72459462711157, 43.05361530674167], [-70.724605890058, 43.053642914711695], [-70.72461342019456, 43.053672531717964], [-70.72462915291558, 43.05375631867919], [-70.7246367495833, 43.05378094933421], [-70.72464627318763, 43.05380214553061], [-70.72465979271863, 43.05382347093747], [-70.72469850765223, 43.053875099754194], [-70.72471339888965, 43.053903845678086], [-70.72472900708973, 43.05393851966635], [-70.72473358123794, 43.05395323985747], [-70.72473302889702, 43.05396606981891], [-70.72472593802233, 43.05397471241671], [-70.72469820214359, 43.05398455692271], [-70.72465660845721, 43.05399781868185], [-70.72461224907096, 43.05400988834759], [-70.72451307403684, 43.054031014213535], [-70.72441018041019, 43.05404728090623], [-70.72419356281281, 43.05407581271279], [-70.72409678310635, 43.05408775289018], [-70.72388076545097, 43.05410963504933], [-70.72378895044562, 43.054121518651094], [-70.72369210886437, 43.0541384484732], [-70.72358545226649, 43.05416186580638], [-70.72348547555742, 43.05418696558917], [-70.72325784836322, 43.05424748394523], [-70.72315124612538, 43.05427349738746], [-70.72306058194201, 43.05429259748791], [-70.7229766971677, 43.0543068916497], [-70.7229106231226, 43.05431566882124], [-70.72283724459164, 43.05432346484341], [-70.72253069520141, 43.05434779240196], [-70.72239688503888, 43.05436205498753], [-70.72224292784358, 43.05438592780179], [-70.72185968092316, 43.05445940759735], [-70.72176632177995, 43.054475386063466], [-70.72168214772853, 43.05448769923107], [-70.72151378456708, 43.05450850406937], [-70.72135397225718, 43.05452529706323], [-70.72120102278501, 43.05453825423613], [-70.7210540143802, 43.0545474526139], [-70.7209565110592, 43.05455031952444], [-70.72084747095913, 43.05454948405081], [-70.72049906759125, 43.054535054824896], [-70.72037886182187, 43.05453201210389], [-70.72026816177734, 43.05453287986015], [-70.7201679960873, 43.05453805639913], [-70.72005218055068, 43.054546618525116], [-70.71998438664212, 43.05455552110393], [-70.71992063012048, 43.05456880032526], [-70.71985809034946, 43.054585728031675], [-70.71979811952482, 43.05460593734587], [-70.71974190713651, 43.05462902584062], [-70.71970169835973, 43.054650626450936], [-70.71961860271884, 43.054704490384104], [-70.7195817488298, 43.05472352355062], [-70.71955535517483, 43.0547334949368], [-70.71952421735786, 43.054742421570076], [-70.71938905293017, 43.05477207569256], [-70.71936168121108, 43.054780512263385], [-70.71933801353171, 43.05478994086384], [-70.71927462317502, 43.05482143032483], [-70.71925080529915, 43.05483598858495], [-70.71923082288535, 43.054850576794884], [-70.71921498975827, 43.05486825180328], [-70.71918340246154, 43.054919599239234], [-70.71917138387133, 43.054930530308205], [-70.71915763626923, 43.05493680222582], [-70.71913920064151, 43.054940216918375], [-70.71911757238138, 43.054941472689144], [-70.71909646776928, 43.05494036896748], [-70.71907907335525, 43.05493706806485], [-70.71906607017053, 43.05493222283865], [-70.7190544759892, 43.05492563486375], [-70.71904428710204, 43.05491730591023], [-70.71903550719132, 43.05490723600889], [-70.71902216944524, 43.05488186972321], [-70.71901446273449, 43.05484953690862]]]}, "properties": {"Shape_Leng": 3562.36898584, "Shape_Area": 465401.216704, "density": "p", "hectares": 4.32373608007, "acres": 10.6841845343, "year_": 2012.0}}, {"type": "Feature", "geometry": {"type": "Polygon", "coordinates": [[[-70.72863685891353, 43.05717875160283], [-70.7286796573891, 43.05719767005079], [-70.72871600656877, 43.05722044052177], [-70.72872947578908, 43.05723280481864], [-70.72874088301688, 43.05724837209075], [-70.72875052006388, 43.057267084419635], [-70.72877488817525, 43.05732482606113], [-70.7287854701496, 43.05734154507259], [-70.72879776386146, 43.0573550078256], [-70.7288258664338, 43.057377138171084], [-70.72886737068883, 43.057403988065744], [-70.72889552795216, 43.05741914979256], [-70.72892897807924, 43.05743312616518], [-70.72896940115177, 43.05744667087871], [-70.72909453355963, 43.05748384215878], [-70.72913188708866, 43.057498321237574], [-70.7291628703254, 43.057513883218824], [-70.72922692754199, 43.05755466501201], [-70.72928219578363, 43.05759784931804], [-70.72932364767209, 43.05763372003505], [-70.72934595031074, 43.05765561190952], [-70.72936266684044, 43.0576767468974], [-70.72937269390604, 43.057696546161665], [-70.72938384664467, 43.057740603192], [-70.72938566996307, 43.057760321758266], [-70.72938487401683, 43.057777600137506], [-70.72938153454423, 43.05779197896747], [-70.72937568746852, 43.057803598067274], [-70.7293673719903, 43.057812382144036], [-70.72935662177065, 43.05781829726686], [-70.72933793148515, 43.05782285652014], [-70.72930810768537, 43.05782617776732], [-70.72928523526699, 43.05782653590785], [-70.72926191814835, 43.05782369212766], [-70.7292379259237, 43.05781762203504], [-70.72921280734373, 43.05780821301324], [-70.72917011828258, 43.05778650606229], [-70.72908660899046, 43.05773500957266], [-70.72905157789481, 43.05771569493821], [-70.72897735196732, 43.05767754461068], [-70.72890607571979, 43.05763795924536], [-70.72883822021853, 43.05759720105469], [-70.72877415644265, 43.057555494524905], [-70.72871435125882, 43.05751047786492], [-70.72865491821412, 43.057456676848304], [-70.72859327915775, 43.057392018873095], [-70.7284714028334, 43.05725170263935], [-70.72841675021427, 43.05719243350227], [-70.72835460409927, 43.05713304708498], [-70.7282930486024, 43.05708388050877], [-70.72823789202741, 43.05704858205262], [-70.72812830047371, 43.05698847335864], [-70.72808643704678, 43.056963803140334], [-70.72804674008458, 43.056936488899225], [-70.7280152312578, 43.05690938943493], [-70.72798775518642, 43.05687631806473], [-70.72793518898071, 43.056794676992794], [-70.72791990660282, 43.056776299951714], [-70.72790384608338, 43.05676097347345], [-70.72787465172705, 43.056740525346584], [-70.72779689245448, 43.056698428659544], [-70.72776503865995, 43.056677299766974], [-70.7277313814201, 43.056645324424714], [-70.72767240975827, 43.056572740306706], [-70.72764431240826, 43.056543320210686], [-70.72760625664762, 43.05651298033743], [-70.72751254109114, 43.05644901091377], [-70.72747507470072, 43.05641722117246], [-70.72743869607727, 43.05638236629506], [-70.72743005139958, 43.05637121435395], [-70.72742475644034, 43.05636080013328], [-70.72742048207266, 43.05634230993828], [-70.72742041358023, 43.05632275066595], [-70.72742453721511, 43.05630455083934], [-70.72743249253182, 43.056289208969076], [-70.72745348262895, 43.05626825895597], [-70.72746672422903, 43.05625939482503], [-70.72748020322739, 43.056252750639], [-70.7275039630777, 43.05624624663726], [-70.72753239498365, 43.056243677772684], [-70.72756166017665, 43.05624538520577], [-70.72758737386565, 43.05625113221691], [-70.72760417111046, 43.05625846775105], [-70.72762694672684, 43.05627197704048], [-70.72765082113033, 43.056289258017046], [-70.72766389785758, 43.056305033532915], [-70.72766773745478, 43.05631750977275], [-70.72766745170446, 43.05634436104746], [-70.72767000914787, 43.05635872790747], [-70.72767782196084, 43.05637564844115], [-70.72769130833683, 43.056393781237475], [-70.72771414096448, 43.05641747630498], [-70.72774277578243, 43.0564429652881], [-70.72777436168825, 43.056467725041564], [-70.72780677697838, 43.05649010076181], [-70.72783748583538, 43.05650846575582], [-70.7278664972247, 43.05652295602299], [-70.7278931581664, 43.05653324485006], [-70.72791711099512, 43.056539200581604], [-70.72792693238796, 43.056543391287875], [-70.72793708057948, 43.05655287492345], [-70.72796842166782, 43.056599003349376], [-70.72798090520105, 43.05661368116629], [-70.72799394319766, 43.056622268536344], [-70.72800720342386, 43.05662361052743], [-70.72863685891353, 43.05717875160283]]]}, "properties": {"Shape_Leng": 1613.53914709, "Shape_Area": 43877.7565119, "density": "h", "hectares": 0.407639327389, "acres": 1.00729871496, "year_": 2012.0}}, {"type": "Feature", "geometry": {"type": "Polygon", "coordinates": [[[-70.73359401455522, 43.059455274208666], [-70.73358075441968, 43.05944594483527], [-70.73355414778658, 43.05943953837367], [-70.73353210934367, 43.05943124911309], [-70.73351463786358, 43.05942107704614], [-70.73350173457305, 43.05940902218494], [-70.73349505781665, 43.05939646899986], [-70.73349250407865, 43.059380141754865], [-70.73349392588517, 43.05936013196412], [-70.73349958812047, 43.059332815038104], [-70.73351052802671, 43.05930248510181], [-70.73352841724348, 43.059271996693724], [-70.73355059538841, 43.059245814520736], [-70.73357458034747, 43.05922684836583], [-70.73358662638054, 43.059221199959865], [-70.73360077142299, 43.059217666943326], [-70.73361714983952, 43.059216212604305], [-70.73363603575908, 43.059216812172075], [-70.73367791120187, 43.05922312616564], [-70.73376935557273, 43.05924448717978], [-70.73380750911655, 43.05925160343281], [-70.73384456212949, 43.05925438812777], [-70.73387417656292, 43.05925089836313], [-70.73388894082015, 43.05924595440489], [-70.73390328273045, 43.059238665682756], [-70.73393143613137, 43.059216644077196], [-70.73395541362925, 43.0591901443321], [-70.73400891549427, 43.05912154883321], [-70.73403806720133, 43.0590926184983], [-70.73405361349867, 43.05908167321607], [-70.73406945575321, 43.05907371707866], [-70.7340858401223, 43.05906862696967], [-70.7341029108588, 43.05906636175684], [-70.73413408127671, 43.059065739016354], [-70.73416104986264, 43.05906696696477], [-70.73418116697508, 43.059069917794794], [-70.73419411592374, 43.05907450881514], [-70.73419990160562, 43.05907993082313], [-70.73420240904441, 43.05908757922157], [-70.73420164891775, 43.05909747840199], [-70.73419761531851, 43.05910969402794], [-70.73418112763837, 43.059139259595355], [-70.73414537473398, 43.05918960771909], [-70.73412601672831, 43.05921165244478], [-70.73409882794641, 43.05923312926049], [-70.7340641259174, 43.059254308096286], [-70.73398659919475, 43.05929502245057], [-70.7339549086127, 43.059313269668095], [-70.73392514970783, 43.05933422410385], [-70.73390311185585, 43.05935529007636], [-70.73389324295508, 43.05936923864514], [-70.73388468458666, 43.05938686605246], [-70.73386303286904, 43.05945509370901], [-70.73385264665092, 43.059478952432315], [-70.73384529518101, 43.05948992668147], [-70.73383692306967, 43.05949850538268], [-70.73382735206447, 43.05950486711486], [-70.73381647060468, 43.0595090829812], [-70.73379061537649, 43.059513110167046], [-70.73375801787671, 43.05951311087016], [-70.73372133275275, 43.05950904641673], [-70.73368629346304, 43.05950152524882], [-70.73366156770189, 43.059493403137125], [-70.73363794597357, 43.05948298650937], [-70.73361542825286, 43.05947027716636], [-70.73359401455522, 43.059455274208666]]]}, "properties": {"Shape_Leng": 567.559208145, "Shape_Area": 13053.1822276, "density": "p", "hectares": 0.121268516136, "acres": 0.299661029396, "year_": 2012.0}}, {"type": "Feature", "geometry": {"type": "Polygon", "coordinates": [[[-70.73640621848764, 43.061647209797066], [-70.73639890041451, 43.06164746266159], [-70.73639071777772, 43.0616450566232], [-70.73637184054216, 43.06163230270752], [-70.73634980569831, 43.06160908485219], [-70.73632507494595, 43.06157588389419], [-70.73629716256632, 43.06153161748984], [-70.73626870224423, 43.06148007512345], [-70.73624205108484, 43.061425475210214], [-70.73622122142916, 43.06137598693023], [-70.73621308145222, 43.06135038767935], [-70.73620744227043, 43.06132323888129], [-70.7362042440675, 43.06129427450251], [-70.73620342955613, 43.061262980085516], [-70.7362075253021, 43.061201342461324], [-70.73622862558096, 43.06103485732484], [-70.73622986557073, 43.06098565740619], [-70.73622608537863, 43.060942087682925], [-70.7362153443631, 43.06089934441899], [-70.73619521404962, 43.06085160002732], [-70.73616899540579, 43.060803327239654], [-70.73609329026831, 43.0606772192775], [-70.73607466495513, 43.060640365547926], [-70.73606154336827, 43.06060763070228], [-70.73605207465924, 43.06057062819284], [-70.7360499270081, 43.06053665755244], [-70.73605505926334, 43.06050502982363], [-70.73606753678742, 43.06047539987517], [-70.73608851513164, 43.06043873318346], [-70.73610461409791, 43.060415432907774], [-70.73612184007467, 43.06039675421975], [-70.73614018985948, 43.06038315257437], [-70.73617987266974, 43.06036494813827], [-70.73622488722246, 43.0603521655028], [-70.73624536551421, 43.06034896360506], [-70.73626384668893, 43.06034794005872], [-70.73627986633397, 43.06034911989405], [-70.73629318662333, 43.06035248137495], [-70.73630714059436, 43.06036004905804], [-70.73632107354292, 43.06037241712759], [-70.73635691628205, 43.06041981755562], [-70.7363813282607, 43.060459945361245], [-70.73639960419884, 43.06050676188515], [-70.73641217060006, 43.060560962821214], [-70.73642048591806, 43.0606287963428], [-70.73642025282075, 43.060676854046136], [-70.73640718355499, 43.06079735047773], [-70.73640977188616, 43.06085999842157], [-70.73642108302758, 43.06092991676213], [-70.73643760700993, 43.06099721480012], [-70.73648389956851, 43.06116001075171], [-70.73650155405939, 43.061243728801884], [-70.7365065152327, 43.06128593176753], [-70.73650790713981, 43.06132541063829], [-70.73650575265579, 43.06136284432161], [-70.73650002673268, 43.06139858997762], [-70.7364749610383, 43.06150520022345], [-70.73645154238065, 43.06158032992099], [-70.73643996600306, 43.061607679022146], [-70.73642854942744, 43.0616279496556], [-70.73641729651739, 43.06164113015079], [-70.73640621848764, 43.061647209797066]]]}, "properties": {"Shape_Leng": 1021.75995999, "Shape_Area": 31681.1672819, "density": "p", "hectares": 0.294328852438, "acres": 0.727302433585, "year_": 2012.0}}, {"type": "Feature", "geometry": {"type": "Polygon", "coordinates": [[[-70.73501037518476, 43.060367744140464], [-70.73495814259633, 43.06035900588887], [-70.73491757270824, 43.060361428255455], [-70.73487815663115, 43.06036580525081], [-70.73483989436153, 43.0603721368761], [-70.73480278592332, 43.06038042133233], [-70.73477154376198, 43.06039116778121], [-70.73473920548123, 43.06040798318231], [-70.73471005841374, 43.06042718568636], [-70.73464430927939, 43.06047513107099], [-70.7346112210117, 43.06049550136421], [-70.73457866248509, 43.06050991239581], [-70.73454672320284, 43.06051772398068], [-70.73449917143073, 43.060522274918064], [-70.73445011800953, 43.06052263055431], [-70.73440432267473, 43.06051877295414], [-70.7343645780994, 43.060510955315074], [-70.7343365939305, 43.06050176891759], [-70.73430832809697, 43.06048921631656], [-70.73428051957521, 43.06047362489039], [-70.7342540643319, 43.060455493427725], [-70.73422982756318, 43.06043540688281], [-70.73420872598831, 43.06041411445964], [-70.73419149835607, 43.0603923630123], [-70.7341786734089, 43.06037082387044], [-70.73416738372597, 43.06034226968047], [-70.73416058773695, 43.06031197248975], [-70.73415891451221, 43.060282812539754], [-70.73416246017598, 43.06025670885728], [-70.73416854961613, 43.06023998937897], [-70.73417847303749, 43.06022269173355], [-70.7341922002547, 43.060204863382616], [-70.73420967735139, 43.06018657859882], [-70.73425572296293, 43.06014887247798], [-70.73431432496474, 43.060111456776994], [-70.73434337225254, 43.06009835125102], [-70.7343764382783, 43.06008997279866], [-70.73441383859873, 43.06008623667158], [-70.73445619661722, 43.0600870768313], [-70.7344993227325, 43.06009175071722], [-70.73454898441216, 43.0601003278118], [-70.73475134091207, 43.06014712981676], [-70.73483704602354, 43.06016253998049], [-70.73488160247759, 43.06016696432291], [-70.73492176040358, 43.06016774228785], [-70.73495826594993, 43.060164888956706], [-70.73499147317617, 43.06015837030894], [-70.73502719269733, 43.060146135378346], [-70.73506513282467, 43.06012758408098], [-70.7351001054228, 43.06010662588667], [-70.7351828113003, 43.06005263955939], [-70.73522623782613, 43.06002838893918], [-70.7352698190889, 43.060010619821725], [-70.73529095265017, 43.06000483636486], [-70.73531195194222, 43.06000102946529], [-70.73536367619604, 43.05999499717542], [-70.73540448313695, 43.059992711603506], [-70.73543915829893, 43.05999390745037], [-70.73546784410043, 43.0599986650947], [-70.73548684066805, 43.06000486786045], [-70.7355059204999, 43.060013842896694], [-70.73552500190414, 43.06002555353221], [-70.7355439583861, 43.06003992222401], [-70.73558108503669, 43.06007641078881], [-70.73561423962921, 43.06012033476046], [-70.73562893417773, 43.06014937019314], [-70.735639050558, 43.06018378914597], [-70.73564422042064, 43.06022237880676], [-70.7356441626131, 43.0602631124263], [-70.73563880051502, 43.06030391360968], [-70.73562848398075, 43.06034145640694], [-70.73561395164614, 43.060373088650856], [-70.73559605247767, 43.06039698001868], [-70.73557932102091, 43.06041152461062], [-70.73555993904634, 43.060423885446724], [-70.73553790898218, 43.06043406434572], [-70.73551322838821, 43.0604420603861], [-70.73548589727966, 43.060447872666124], [-70.735455916859, 43.060451502993985], [-70.73542328715618, 43.060452949567576], [-70.73538800691988, 43.06045221417472], [-70.73535007740863, 43.06044929502291], [-70.73530949737224, 43.060444193899684], [-70.73522038948148, 43.060427442157376], [-70.73512068206702, 43.06040195891342], [-70.73501037518476, 43.060367744140464]]]}, "properties": {"Shape_Leng": 1040.94024727, "Shape_Area": 48512.6799526, "density": "p", "hectares": 0.45069934741, "acres": 1.11370234169, "year_": 2012.0}}, {"type": "Feature", "geometry": {"type": "Polygon", "coordinates": [[[-70.73632308882749, 43.05852759808178], [-70.73634933990098, 43.05853672939882], [-70.73635327532625, 43.05849890510635], [-70.73636008952832, 43.0584657004411], [-70.73636978127678, 43.05843711539257], [-70.73638235178375, 43.058413150870166], [-70.73639780107604, 43.05839380507285], [-70.73641612789982, 43.058379079789674], [-70.73643733349832, 43.0583689741292], [-70.73646141664751, 43.05836348807995], [-70.7364879143282, 43.05836336771083], [-70.73652200760954, 43.05836840308822], [-70.73656005013808, 43.05837813879176], [-70.73659212996048, 43.058390094426734], [-70.73660443858041, 43.05839725623239], [-70.7366142085688, 43.05840612481385], [-70.73662143629753, 43.058416696541585], [-70.73662611937903, 43.05842896689591], [-70.73662825539812, 43.05844293315696], [-70.73662784204802, 43.0584585854044], [-70.73661937497728, 43.05849492271632], [-70.73660080104368, 43.05853777336589], [-70.73657214592795, 43.05858714205756], [-70.73653361253454, 43.058642759484236], [-70.73648408657014, 43.0587062242662], [-70.73643853450355, 43.05876227789572], [-70.73642273850396, 43.05877605068046], [-70.73640829339637, 43.058783615230084], [-70.73639973660005, 43.05878535859421], [-70.73638995841502, 43.05878539342408], [-70.73636707160624, 43.05878034919449], [-70.73634052892398, 43.058768657252514], [-70.73631221344066, 43.058751132248474], [-70.73628391501265, 43.05872866459014], [-70.73626002588558, 43.05870450356496], [-70.73624352236999, 43.0586816898159], [-70.73623591795055, 43.05866234112935], [-70.7362350487841, 43.058647081728445], [-70.7362375401808, 43.05863137076563], [-70.73624339462008, 43.058615206460495], [-70.73625260963065, 43.0585985896926], [-70.73626518766451, 43.05858152048105], [-70.7362811262637, 43.058563998804736], [-70.73632308882749, 43.05852759808178]]]}, "properties": {"Shape_Leng": 406.049195237, "Shape_Area": 9820.17089451, "density": "h", "hectares": 0.0912327378725, "acres": 0.225441004943, "year_": 2012.0}}, {"type": "Feature", "geometry": {"type": "Polygon", "coordinates": [[[-70.74220090419185, 43.070122014794556], [-70.74213404930188, 43.070056322906545], [-70.74209425962175, 43.07003534905787], [-70.74206105780299, 43.070012778433096], [-70.74203444139904, 43.069988610117974], [-70.74201441284586, 43.06996284503699], [-70.74200540755633, 43.06994287513936], [-70.74200034823464, 43.06991793583938], [-70.74199937527351, 43.069888652082646], [-70.74200254491464, 43.06985642767272], [-70.74201015453872, 43.06982157196657], [-70.74202126248959, 43.06978987888389], [-70.74203429153796, 43.06976580767282], [-70.74204745562288, 43.069752681693465], [-70.74205741646652, 43.069750167918016], [-70.7420709795441, 43.06975158273971], [-70.74208786286474, 43.06975689957455], [-70.7421075922562, 43.06976597146449], [-70.74215319940946, 43.06979427460257], [-70.74220066203846, 43.06983212000315], [-70.74224104654168, 43.069871839046165], [-70.74227247169159, 43.06991099601261], [-70.74229262995071, 43.06994668185667], [-70.74229823970703, 43.06996278062076], [-70.74230080125724, 43.06997754412875], [-70.74230019488577, 43.07002205842936], [-70.74229631482189, 43.07003939206716], [-70.74228996686321, 43.070053948579805], [-70.74227553051519, 43.07007362647301], [-70.74225587442899, 43.070091529390105], [-70.74223099857477, 43.070107659128475], [-70.74220090419185, 43.070122014794556]]]}, "properties": {"Shape_Leng": 332.364906694, "Shape_Area": 6891.21902839, "density": "h", "hectares": 0.0640217757912, "acres": 0.158201253291, "year_": 2012.0}}, {"type": "Feature", "geometry": {"type": "Polygon", "coordinates": [[[-70.7427492126118, 43.075250323678816], [-70.74245385387133, 43.07537871181348], [-70.74239719239374, 43.07537321147016], [-70.74237318030112, 43.07536841320395], [-70.7423520473253, 43.0753622483438], [-70.7423337922255, 43.07535471778148], [-70.74231841745735, 43.07534582153816], [-70.74230592056512, 43.07533555959517], [-70.74229630400364, 43.07532393197327], [-70.74228663141095, 43.075302635291216], [-70.742282661655, 43.075278124301654], [-70.74228519829387, 43.0752558379554], [-70.74229387459314, 43.075238199217814], [-70.74230620339434, 43.07522655803808], [-70.74233204662666, 43.07520902826566], [-70.74237145280226, 43.075184913560186], [-70.74241542096141, 43.07516330842507], [-70.74246271406992, 43.07514482037297], [-70.74251180664308, 43.075130050087964], [-70.74254612896333, 43.07512417109032], [-70.74262998528295, 43.07511736975568], [-70.74265012890154, 43.075113702241026], [-70.7426671969459, 43.0751086236433], [-70.74268131367, 43.075102281693056], [-70.74269567072173, 43.07509359226683], [-70.74275345420844, 43.07504728027157], [-70.7427819841012, 43.07503063534149], [-70.74281797532187, 43.0750172192033], [-70.74285717691906, 43.07500612977807], [-70.74289740141138, 43.074997978614405], [-70.74293701814918, 43.07499309280798], [-70.74297418045853, 43.07499163028331], [-70.7430086523223, 43.07499352702667], [-70.74303981910121, 43.074998747474034], [-70.74306731583468, 43.07500722837171], [-70.74309823600524, 43.07502118465567], [-70.74312010354514, 43.075035013859235], [-70.74313199024165, 43.075047156622155], [-70.74314157815422, 43.075062743742485], [-70.74314859254724, 43.07508134542802], [-70.743152698981, 43.07510209212696], [-70.74315363054787, 43.07512435967572], [-70.74315114328574, 43.07514566886799], [-70.7431454825015, 43.07516399362529], [-70.74313714788137, 43.0751777032914], [-70.74312998379403, 43.07518370444137], [-70.74312010564935, 43.07518817772016], [-70.74310739717323, 43.07519117979877], [-70.74309159462598, 43.07519277515935], [-70.74305654335815, 43.075192413036014], [-70.74297420605899, 43.075186042317185], [-70.74293844551035, 43.07518458794043], [-70.74290443354774, 43.075186073184945], [-70.74287753433623, 43.07519118857172], [-70.7428438755113, 43.07520243347168], [-70.7428112691488, 43.07521603807395], [-70.74277971403141, 43.075232001469445], [-70.7427492126118, 43.075250323678816]]]}, "properties": {"Shape_Leng": 592.034403925, "Shape_Area": 15829.0708965, "density": "sb", "hectares": 0.147057468895, "acres": 0.363386919489, "year_": 2012.0}}, {"type": "Feature", "geometry": {"type": "Polygon", "coordinates": [[[-70.74440542510743, 43.07543474138644], [-70.74433964221305, 43.07540715420253], [-70.74432338249461, 43.075368658370984], [-70.74431742155568, 43.07533677440273], [-70.74431830372818, 43.07532331243539], [-70.74432176059277, 43.075311503209214], [-70.7443277921483, 43.07530134672401], [-70.74433639960822, 43.07529284388927], [-70.74434725597675, 43.07528683821819], [-70.74436318897254, 43.07528162059588], [-70.744406091944, 43.07527475071329], [-70.74442924732371, 43.07527371942037], [-70.74445029164733, 43.075274508333635], [-70.7444672479822, 43.07527703581026], [-70.74447906523345, 43.075281138553954], [-70.74448901901951, 43.07528962985641], [-70.74449697010186, 43.07530319721759], [-70.74450235537616, 43.07532090623574], [-70.74450461236135, 43.07534096196214], [-70.74450353323915, 43.0753609277923], [-70.7444992651043, 43.0753791009107], [-70.74449216136907, 43.07539402230699], [-70.74448257905905, 43.075404974730866], [-70.74446832978815, 43.07541459511388], [-70.74445072186445, 43.07542276257513], [-70.7444297528189, 43.075429477993325], [-70.74440542510743, 43.07543474138644]]]}, "properties": {"Shape_Leng": 175.41397535, "Shape_Area": 2354.05178414, "density": "h", "hectares": 0.0218699441861, "acres": 0.0540418090077, "year_": 2012.0}}, {"type": "Feature", "geometry": {"type": "Polygon", "coordinates": [[[-70.74060828278613, 43.07940141321098], [-70.74007165223817, 43.07939849939062], [-70.74005965323073, 43.0793738306074], [-70.73975307750186, 43.079380242994446], [-70.73978565350279, 43.079211379737856], [-70.74006343853785, 43.07925677407682], [-70.74012142805425, 43.07927345999404], [-70.74061202739102, 43.07925837146376], [-70.74060828278613, 43.07940141321098]]]}, "properties": {"Shape_Leng": 573.07273683, "Shape_Area": 11257.78985, "density": "h", "hectares": 0.104588708429, "acres": 0.258444326935, "year_": 2012.0}}, {"type": "Feature", "geometry": {"type": "Polygon", "coordinates": [[[-70.72981046752652, 43.08469028985882], [-70.72981653983072, 43.08465970812447], [-70.72982033189294, 43.08464240124276], [-70.72982954141062, 43.08462902109321], [-70.72983733290363, 43.08462391348037], [-70.72984876120441, 43.08462014807113], [-70.72989841423754, 43.08461273490724], [-70.72996763333985, 43.08460023757572], [-70.73004482459999, 43.08459060044578], [-70.73013128516546, 43.08458348305656], [-70.73025098921289, 43.08457691310477], [-70.73039661121342, 43.08456991958753], [-70.73044419650383, 43.08457037824595], [-70.73048661133662, 43.08457334922891], [-70.73056122670047, 43.08457656652518], [-70.730588247308, 43.0845794628407], [-70.7306095523624, 43.084586150664904], [-70.73061572182756, 43.08459094046155], [-70.73061899703609, 43.084596755265125], [-70.73061940842865, 43.08461530727096], [-70.73061306884543, 43.084632416908995], [-70.73060439392505, 43.08464013770565], [-70.7305900085167, 43.0846463967394], [-70.73053062258523, 43.08465907211114], [-70.7304991850785, 43.084664443596374], [-70.73046320860792, 43.0846665841787], [-70.73042652587908, 43.0846659896943], [-70.73032840289682, 43.08466103528271], [-70.7302742098488, 43.08466295022674], [-70.73024263217974, 43.08466744374131], [-70.73020788248776, 43.08467466846919], [-70.73006027218882, 43.08471332380457], [-70.73002456947856, 43.08471974043621], [-70.72999165041682, 43.084723122909246], [-70.72993532552461, 43.08472647579596], [-70.72990155867107, 43.08472448456534], [-70.72987766588182, 43.084719500125416], [-70.72985452038056, 43.084712139082384], [-70.72983212092807, 43.08470240232671], [-70.72981046752652, 43.08469028985882]]]}, "properties": {"Shape_Leng": 476.603436025, "Shape_Area": 7692.93581118, "density": "p", "hectares": 0.0714699982181, "acres": 0.176606211731, "year_": 2012.0}}, {"type": "Feature", "geometry": {"type": "Polygon", "coordinates": [[[-70.72666808049105, 43.084382042173004], [-70.72671602025318, 43.08436099243627], [-70.72692063331885, 43.0844196376866], [-70.72712817644036, 43.0844716499665], [-70.72719263290857, 43.08448522246869], [-70.7273594887696, 43.084516243459895], [-70.72744895765169, 43.08453794972227], [-70.72755413554763, 43.084574902981984], [-70.72759591667491, 43.0845865482513], [-70.72762849548468, 43.084590651183056], [-70.72771538026088, 43.084593568652934], [-70.72773793686702, 43.0845976550252], [-70.72775587978036, 43.08460445891731], [-70.72776984877248, 43.08461326095435], [-70.7277845059725, 43.084625570248036], [-70.72781996379182, 43.08466447162098], [-70.72783002212417, 43.084679091686006], [-70.7278322899062, 43.084690785331354], [-70.72782676357313, 43.08469954442689], [-70.72781344938583, 43.08470536092142], [-70.72779235235207, 43.084708228552245], [-70.727763500799, 43.084708142146525], [-70.72772693526673, 43.08470510113091], [-70.72768272200189, 43.08469911054242], [-70.72756975149976, 43.08467791821129], [-70.72742722933067, 43.084644917085505], [-70.72725709998187, 43.08460049028246], [-70.72707487649308, 43.08454867984611], [-70.7269654845315, 43.084515154443814], [-70.72688183901386, 43.08448632767906], [-70.72680903949973, 43.08445705614552], [-70.72674559521846, 43.084426607492624], [-70.72666808049105, 43.084382042173004]]]}, "properties": {"Shape_Leng": 685.926217431, "Shape_Area": 10107.0303313, "density": "h", "hectares": 0.0938977599052, "acres": 0.232026417803, "year_": 2012.0}}, {"type": "Feature", "geometry": {"type": "Polygon", "coordinates": [[[-70.72561543513405, 43.083863618336856], [-70.72560301281494, 43.08391386017079], [-70.72554377780102, 43.0839099181931], [-70.72548610182118, 43.08390192659831], [-70.72545325756433, 43.08389482064896], [-70.7254175043033, 43.083884486201455], [-70.72529123953194, 43.08383956393674], [-70.72492138814124, 43.08372250128843], [-70.72483004806078, 43.08369184718663], [-70.72474952310344, 43.083662916724066], [-70.72466411088382, 43.08362947218931], [-70.72458642634871, 43.083595750953904], [-70.72451505924128, 43.083561139216734], [-70.72444931114414, 43.08352529277956], [-70.72440770187634, 43.0834995558129], [-70.72431645866874, 43.08343874502758], [-70.72427378229222, 43.08341309013979], [-70.72423467879071, 43.08339365864535], [-70.72413185890717, 43.08334894889564], [-70.72410471875533, 43.08333468108372], [-70.72408223045942, 43.08332033816502], [-70.72406135190577, 43.08330368969703], [-70.72404059843066, 43.08328344972762], [-70.72394863492401, 43.08321615878209], [-70.7238926212538, 43.08316629215659], [-70.7238276813026, 43.08312056199005], [-70.72379651635003, 43.08309544375042], [-70.72379429872248, 43.08306644040982], [-70.72376543001981, 43.083036775484274], [-70.72373939721366, 43.08300725274117], [-70.72372893640043, 43.08298876912232], [-70.72372252290873, 43.08296390433328], [-70.72372157556768, 43.0829441605758], [-70.72372613306347, 43.08293045812969], [-70.72373610492791, 43.082922930372334], [-70.7237521183927, 43.082919195253496], [-70.72376429387678, 43.082919482815555], [-70.72377190014504, 43.082923748327545], [-70.72378336823701, 43.082935888732145], [-70.72379413174828, 43.08294832848319], [-70.72380304695746, 43.082963335554986], [-70.72382612387183, 43.08302624777043], [-70.72384033197093, 43.08305134960808], [-70.72386233251805, 43.08307690721746], [-70.72389645063814, 43.08311069668237], [-70.72394960768531, 43.08315600477907], [-70.72401537686692, 43.08320172460451], [-70.72409211485477, 43.08324754914896], [-70.72422152223564, 43.083318291731075], [-70.72428089261011, 43.083348450790126], [-70.7243499956397, 43.0833791607505], [-70.72457285555478, 43.083466283916835], [-70.72464392076273, 43.08349558760573], [-70.72470177749794, 43.08352196682642], [-70.72475277623985, 43.08354813743915], [-70.72487053134341, 43.083616185513776], [-70.72492821817602, 43.08364132370466], [-70.72499643809, 43.083663666244796], [-70.72506753554332, 43.08368199251713], [-70.72525944238268, 43.0837255872701], [-70.72531476018561, 43.08374096247287], [-70.72536279608336, 43.08375710319048], [-70.72549078986525, 43.083807801504896], [-70.72561543513405, 43.083863618336856]]]}, "properties": {"Shape_Leng": 1292.66430948, "Shape_Area": 16939.2015167, "density": "h", "hectares": 0.157370961091, "acres": 0.388872113722, "year_": 2012.0}}, {"type": "Feature", "geometry": {"type": "Polygon", "coordinates": [[[-70.72867564904809, 43.08476842438042], [-70.72866093161063, 43.08473815657093], [-70.728729100338, 43.08472973269189], [-70.72879684559672, 43.08472539831619], [-70.72886416621367, 43.08472515073452], [-70.72893106216105, 43.084728992647854], [-70.72900197328997, 43.08473062603299], [-70.72902650918185, 43.08473265440822], [-70.72904669098156, 43.08473817751708], [-70.72905280765212, 43.08474231525131], [-70.72905637470845, 43.08474742496715], [-70.72905879832003, 43.08475809638647], [-70.72905853044763, 43.084770184202995], [-70.72905568062893, 43.084780532462936], [-70.729050587948, 43.08478816637386], [-70.7290398096524, 43.084795044372065], [-70.72901636609011, 43.08480392855482], [-70.72899430789776, 43.08481111648699], [-70.72897007124992, 43.084816359326474], [-70.72894358219715, 43.084819674468996], [-70.72891469064406, 43.0848210795862], [-70.72884981929377, 43.0848183128413], [-70.7287668832302, 43.0848076989486], [-70.72871918926113, 43.084801795450936], [-70.72870662629859, 43.08479830338048], [-70.72869715346577, 43.08479350800686], [-70.72868483900761, 43.08478250255856], [-70.72867564904809, 43.08476842438042]]]}, "properties": {"Shape_Leng": 244.482294003, "Shape_Area": 2993.53320706, "density": "p", "hectares": 0.0278109447714, "acres": 0.0687223411669, "year_": 2012.0}}, {"type": "Feature", "geometry": {"type": "Polygon", "coordinates": [[[-70.72786652047556, 43.08215962915234], [-70.72786547975204, 43.08216577859193], [-70.72785428202721, 43.08211634638318], [-70.72785253434864, 43.08209247246715], [-70.727853354522, 43.082069160613614], [-70.7278567413165, 43.08204641081238], [-70.72786269719896, 43.08202422218335], [-70.72787122092511, 43.08200259561605], [-70.72788231249251, 43.08198153110989], [-70.72790294966359, 43.08194349322956], [-70.72791200353062, 43.08193475766475], [-70.72792246251964, 43.08193010774004], [-70.72793982063503, 43.08192819238191], [-70.72795711105665, 43.0819295845451], [-70.72796814333414, 43.081933956198135], [-70.72797840782283, 43.08194236686001], [-70.72798780328631, 43.08195436922225], [-70.7279999751108, 43.081974672208254], [-70.7280050590551, 43.08198682733371], [-70.72800700743889, 43.08200109821257], [-70.7280008347571, 43.08205808156337], [-70.72800297376527, 43.08208134297967], [-70.72801411930368, 43.08211143756071], [-70.72803254905595, 43.082146957731865], [-70.72804569070503, 43.082165274818664], [-70.728084268466, 43.082208473864604], [-70.72809240227808, 43.08222083133314], [-70.72809734586944, 43.082232368694875], [-70.72810284298625, 43.08226250965244], [-70.72810157342403, 43.08229306228924], [-70.72809369683728, 43.08232088816499], [-70.72807969747716, 43.08234443217751], [-70.72805947951085, 43.082365064478495], [-70.72804923571825, 43.082370495716944], [-70.72803640139874, 43.082374596875674], [-70.72800477029428, 43.082378313401406], [-70.72797024457634, 43.08237552143753], [-70.7279547355923, 43.08237181878349], [-70.72794167266467, 43.08236684356783], [-70.72792855725305, 43.082359032423824], [-70.7279133826191, 43.08234694483899], [-70.7278990386176, 43.08233144886891], [-70.7278874125954, 43.08231215312679], [-70.72787824164065, 43.08228898434394], [-70.72786923315711, 43.082256141099506], [-70.72786278980405, 43.08221157364345], [-70.72786547975204, 43.08216577859193], [-70.72786680621965, 43.08216978797474], [-70.72786652047556, 43.08215962915234]]]}, "properties": {"Shape_Leng": 391.782745838, "Shape_Area": 7291.87586344, "density": "h", "hectares": 0.0677440144774, "acres": 0.167399105395, "year_": 2012.0}}, {"type": "Feature", "geometry": {"type": "Polygon", "coordinates": [[[-70.72589446307649, 43.08201547890651], [-70.72581059258063, 43.081991335721604], [-70.72575971881572, 43.081996612706966], [-70.72571490921725, 43.08199851263654], [-70.72567616500709, 43.08199703642769], [-70.72564348496323, 43.081992184076505], [-70.72561686907575, 43.081983956488266], [-70.72559631860189, 43.081972351877226], [-70.7255818322999, 43.081957371136575], [-70.72557341138172, 43.08193901517872], [-70.7255692040773, 43.081917035634405], [-70.72557241324044, 43.08190345794628], [-70.7255842613815, 43.0818943107711], [-70.72561342123277, 43.08188251277915], [-70.72564613867252, 43.08187280269696], [-70.7256854981589, 43.08186865529016], [-70.72572521189237, 43.08186912409049], [-70.72582564660354, 43.08187533106947], [-70.72585277787017, 43.08187523728908], [-70.72587661058195, 43.081873460992604], [-70.7259209168182, 43.08186648987411], [-70.72601916827212, 43.081846358125595], [-70.72606285844397, 43.08184016052402], [-70.72612351036028, 43.08183516091078], [-70.72617502671476, 43.08183306300055], [-70.72622152636858, 43.08183370532339], [-70.72626382166352, 43.081837128767475], [-70.72634854298013, 43.08184410090481], [-70.7263862738946, 43.08185007924913], [-70.7264017859538, 43.08185477051417], [-70.72641322462368, 43.08186050489443], [-70.72642073005048, 43.081867352854864], [-70.72642434697678, 43.08187535977173], [-70.72642411227726, 43.081893035138265], [-70.72641841664674, 43.08191102119464], [-70.72640745640244, 43.08192338661443], [-70.72638808601171, 43.08193385920573], [-70.72636553251839, 43.081941442235426], [-70.72630189470067, 43.0819585146565], [-70.72623103768359, 43.081979167947566], [-70.72615486603965, 43.08199546125657], [-70.7260744874656, 43.082007154334576], [-70.72599147987424, 43.08201401530151], [-70.72589446307649, 43.08201547890651]]]}, "properties": {"Shape_Leng": 509.44275418, "Shape_Area": 10917.8942102, "density": "p", "hectares": 0.101430961976, "acres": 0.250641365518, "year_": 2012.0}}, {"type": "Feature", "geometry": {"type": "Polygon", "coordinates": [[[-70.72718625707404, 43.082097617831494], [-70.72712474564007, 43.0821290368765], [-70.72706611312472, 43.0821323027956], [-70.72701177729311, 43.08212883478332], [-70.72698622047878, 43.08212457600367], [-70.72696173816225, 43.08211863284595], [-70.72693832908983, 43.08211100710088], [-70.72691599573253, 43.082101697889286], [-70.72687598134729, 43.08208256586608], [-70.72686564980134, 43.0820748548775], [-70.72685955876904, 43.082066977980894], [-70.72685648281578, 43.08205306058556], [-70.72685855988291, 43.08203142075343], [-70.72686726930613, 43.08200369451838], [-70.7268847094388, 43.08197512722775], [-70.72689672678686, 43.08196293247241], [-70.72691375990765, 43.081951430622894], [-70.72699261234264, 43.081915034899346], [-70.7270211635446, 43.081896842231345], [-70.72703207966208, 43.08188502548632], [-70.72704217330113, 43.081868688596124], [-70.72706946915117, 43.081803264238644], [-70.7270807466184, 43.081782907960005], [-70.72708817235814, 43.081774644276294], [-70.72709617620218, 43.08176953409036], [-70.72710495034399, 43.08176745655875], [-70.72711461301917, 43.081768389248026], [-70.72713244823574, 43.081775030327464], [-70.72715676166706, 43.08178807970686], [-70.72717335539554, 43.081799378804064], [-70.72718840519667, 43.081812947122394], [-70.72720187955876, 43.081828757398995], [-70.72721374353348, 43.08184676613989], [-70.72722397879866, 43.08186696689406], [-70.72723250644502, 43.08188921948963], [-70.72724420104807, 43.08193921033688], [-70.72724678047449, 43.081966581002014], [-70.7272456280113, 43.081990005343485], [-70.72723895429326, 43.08201800936615], [-70.72722683435498, 43.08204528005472], [-70.72720926821724, 43.08207181560729], [-70.72718625707404, 43.082097617831494]]]}, "properties": {"Shape_Leng": 371.630972592, "Shape_Area": 8877.24786871, "density": "h", "hectares": 0.082472661274, "acres": 0.203794384247, "year_": 2012.0}}, {"type": "Feature", "geometry": {"type": "Polygon", "coordinates": [[[-70.72064819801811, 43.082024542253116], [-70.72072524868771, 43.08198992457129], [-70.7207349415578, 43.08196917595544], [-70.72074697387777, 43.08194954216965], [-70.72077427523408, 43.081916684366696], [-70.7208076830351, 43.08188745515941], [-70.72084393036117, 43.08186467023647], [-70.72088098537972, 43.08184957032142], [-70.7209142602721, 43.08184230742803], [-70.72095387173133, 43.08183816463216], [-70.7209939905861, 43.0818377598693], [-70.72102675440325, 43.081841208194476], [-70.72103967310643, 43.08184489758252], [-70.72105080214317, 43.08185061013607], [-70.72106014272806, 43.081858346765834], [-70.72106769851734, 43.08186810930277], [-70.7210734707249, 43.08187989865741], [-70.72107746535124, 43.0818937238812], [-70.72108013456044, 43.08192753425082], [-70.72107600542877, 43.08196804592328], [-70.72106523557714, 43.082016906588244], [-70.721048646472, 43.0820722047966], [-70.72101951291202, 43.08215616296459], [-70.72100562793662, 43.0821926954262], [-70.7209900667949, 43.08222682411527], [-70.72097287907657, 43.082258438721595], [-70.72095410391196, 43.08228747025574], [-70.72092145331996, 43.08232917564302], [-70.72088383484693, 43.08236891002172], [-70.72084237186813, 43.08240549446472], [-70.72079813382196, 43.082437983641206], [-70.7207753075972, 43.08245166277935], [-70.72074809552716, 43.08246513282683], [-70.72062918373616, 43.082513155240974], [-70.7205809570552, 43.082536928437776], [-70.72053678858968, 43.08256687604297], [-70.72049448789727, 43.082604407598524], [-70.72045115508398, 43.08265218519623], [-70.72036652154502, 43.08275963742308], [-70.7203274456985, 43.08280481451635], [-70.72028121454223, 43.0828487532108], [-70.72025762177215, 43.08286705721405], [-70.72023330753358, 43.08288324527625], [-70.72017240669328, 43.08292505523996], [-70.72014739142085, 43.08294011138818], [-70.7201195680562, 43.08295210447082], [-70.72009294672085, 43.0829577316759], [-70.72006593244238, 43.08295944804119], [-70.72004293048275, 43.08295899490807], [-70.72002420720236, 43.08295638078369], [-70.7200098986366, 43.082951623898566], [-70.71999721837095, 43.08294328525444], [-70.71998554393215, 43.08293111575938], [-70.71997579105413, 43.08291601864635], [-70.71996948616234, 43.082900310047194], [-70.71996763394094, 43.08288517748074], [-70.71996975557565, 43.08286821986677], [-70.71997571436326, 43.08285065848778], [-70.7199848662474, 43.08283444315643], [-70.71999497959155, 43.08282294000091], [-70.72000934238915, 43.08281133247607], [-70.72005533856182, 43.08278450033816], [-70.72007544859419, 43.082776086399534], [-70.72012625425262, 43.082760230931], [-70.72014625140484, 43.08275005443816], [-70.72015857607661, 43.0827361814422], [-70.72016417011005, 43.082717181284764], [-70.72016378684687, 43.0826942952141], [-70.72015397921616, 43.08262340770891], [-70.7201563773938, 43.08260339994448], [-70.72016385036285, 43.082587668497474], [-70.72017840092994, 43.08257207480678], [-70.72019939730541, 43.08255657583729], [-70.72028327494664, 43.08251107351245], [-70.72031160876628, 43.082492949137595], [-70.72037923981526, 43.08243870596982], [-70.72043892487976, 43.08238273266308], [-70.7204757961888, 43.08234281132121], [-70.72050960637293, 43.08230150451788], [-70.72054035669154, 43.082258810465895], [-70.72056804590707, 43.08221473005763], [-70.720592674038, 43.08216926239521], [-70.72061424228956, 43.082122409290946], [-70.72063275069488, 43.08207416894645], [-70.72064819801811, 43.082024542253116]]]}, "properties": {"Shape_Leng": 1079.83436061, "Shape_Area": 37497.0214022, "density": "h", "hectares": 0.34836012136, "acres": 0.860816606765, "year_": 2012.0}}, {"type": "Feature", "geometry": {"type": "Polygon", "coordinates": [[[-70.7290441792611, 43.082355156759164], [-70.72904475113936, 43.08237547440105], [-70.72906315037437, 43.082384211767064], [-70.72907640350422, 43.082393792719216], [-70.72908451176863, 43.0824042163693], [-70.72908747270948, 43.08241548269829], [-70.72908111433912, 43.08243590558367], [-70.72907451009108, 43.08244764893505], [-70.72906499428682, 43.082458979561046], [-70.72905253187122, 43.082469941281424], [-70.72903703448178, 43.082480610784685], [-70.7289975453371, 43.082500978220445], [-70.7289380172547, 43.08252445709861], [-70.72890194618127, 43.08253617949419], [-70.7288623598331, 43.08254592692782], [-70.72882967276587, 43.08255172339264], [-70.72879526350685, 43.08255569821626], [-70.72875964012847, 43.08255779345071], [-70.72872339511282, 43.08255797254415], [-70.72868712904311, 43.08255623141749], [-70.7286515316448, 43.082552599128825], [-70.72861725153187, 43.08254714310683], [-70.72858488165025, 43.082539957329374], [-70.72850007164402, 43.08251610366564], [-70.72846887150727, 43.08250485423298], [-70.72844296362594, 43.08249332592841], [-70.72842160528464, 43.0824810994933], [-70.72840534973795, 43.0824683748009], [-70.72839414967204, 43.08245511365879], [-70.72838798939596, 43.082441297936626], [-70.72838557409226, 43.0824262328982], [-70.72838567958445, 43.082410066933505], [-70.72838828563977, 43.08239436705085], [-70.72839320469743, 43.08238023800584], [-70.72840615250607, 43.08235662862269], [-70.72841278129584, 43.08234923957325], [-70.72841992466603, 43.082344262664215], [-70.72842957119965, 43.08234111019506], [-70.72844244559938, 43.082339933032586], [-70.72848922220342, 43.082343215966944], [-70.7285297434862, 43.08234897073941], [-70.72860891631775, 43.082369940872226], [-70.72864267892628, 43.08237646924291], [-70.72870553823864, 43.082382157724886], [-70.72877410081581, 43.08238332551934], [-70.72884916928858, 43.082380005298745], [-70.72893373094561, 43.08237207120491], [-70.72898911944061, 43.08236467572767], [-70.7290441792611, 43.082355156759164]]]}, "properties": {"Shape_Leng": 456.525128191, "Shape_Area": 10597.5072464, "density": "sb", "hectares": 0.0984544577783, "acres": 0.243286263464, "year_": 2012.0}}, {"type": "Feature", "geometry": {"type": "Polygon", "coordinates": [[[-70.71797498062124, 43.08097612726446], [-70.71784549887224, 43.08099167599532], [-70.71781213296796, 43.08096354484648], [-70.71777752231202, 43.08093729549697], [-70.71774166808909, 43.080912930655984], [-70.7177045690973, 43.080890448512086], [-70.71766622656254, 43.08086984907423], [-70.71762663924086, 43.08085113323105], [-70.71758580837155, 43.080834300091375], [-70.71754373393804, 43.08081935055394], [-70.7175177473791, 43.08081269977724], [-70.71748602410031, 43.080808000658415], [-70.71736787770958, 43.08080068885735], [-70.71732572422519, 43.08079563581685], [-70.71730552996056, 43.080791071904365], [-70.7172886959898, 43.08078520723535], [-70.7172748827748, 43.08077792197372], [-70.71726394053962, 43.08076913386366], [-70.717248106096, 43.080747608438124], [-70.71723534450865, 43.080718107905724], [-70.71722646097699, 43.08068208820214], [-70.71722408643681, 43.080654942249645], [-70.71734441171776, 43.080579971763136], [-70.71737027508931, 43.0805774138448], [-70.71742037090254, 43.08057628296126], [-70.7174757085494, 43.08057836949354], [-70.71753756369944, 43.08058392795797], [-70.71760153461682, 43.08059275530664], [-70.71766537512599, 43.08060454305671], [-70.71772679539589, 43.08061886714794], [-70.71778338163602, 43.08063513956853], [-70.71783381267366, 43.08065295150082], [-70.71787675359788, 43.080671829203276], [-70.71791134451401, 43.08069139288939], [-70.71794702532974, 43.08071561131493], [-70.71797276481342, 43.08073548956249], [-70.71799253975996, 43.08075409954116], [-70.71800638223745, 43.080771590946064], [-70.71801800702467, 43.08079361246016], [-70.71802518794972, 43.08081664761588], [-70.71802792749142, 43.08084069463428], [-70.71802622316117, 43.0808657552953], [-70.71802007742308, 43.080891828719025], [-70.71800948781544, 43.08091891488433], [-70.71799445554579, 43.080947014700094], [-70.71797498062124, 43.08097612726446]]]}, "properties": {"Shape_Leng": 579.534856858, "Shape_Area": 18831.0376644, "density": "sb", "hectares": 0.174946764324, "acres": 0.432302869348, "year_": 2012.0}}, {"type": "Feature", "geometry": {"type": "Polygon", "coordinates": [[[-70.71738189953848, 43.08100547311506], [-70.71736180973132, 43.080999706568484], [-70.7173274875106, 43.08099248610691], [-70.71729748521768, 43.08098353266666], [-70.71727180405323, 43.08097284806142], [-70.71725044157522, 43.08096043137366], [-70.71723340023853, 43.08094628262616], [-70.71722067758583, 43.080930401800444], [-70.71721227605663, 43.08091278981834], [-70.71720776672149, 43.0808844037392], [-70.71721075579629, 43.080858395083126], [-70.71721453664352, 43.0808523656934], [-70.71722090651802, 43.080847982570184], [-70.71722982812531, 43.080845275108814], [-70.71724122252132, 43.08084426605776], [-70.71727105549641, 43.08084739948933], [-70.71730851716183, 43.080857197961514], [-70.7173524488543, 43.080873704063414], [-70.71739521982012, 43.08089436374808], [-70.71743051760261, 43.080916103722814], [-70.71745420641162, 43.08093636654506], [-70.71747483408865, 43.080962654829094], [-70.71749030048608, 43.0809884610196], [-70.71749653750695, 43.08100692187841], [-70.7174962134497, 43.081013196889316], [-70.71749358934466, 43.08101740136223], [-70.7174876483883, 43.08102072857294], [-70.71747941508875, 43.08102267933047], [-70.71745607637327, 43.08102245152461], [-70.71742357077675, 43.081016716118654], [-70.71738189953848, 43.08100547311506]]]}, "properties": {"Shape_Leng": 221.032940232, "Shape_Area": 2931.68305083, "density": "p", "hectares": 0.0272363357191, "acres": 0.0673024512764, "year_": 2012.0}}, {"type": "Feature", "geometry": {"type": "Polygon", "coordinates": [[[-70.71712363485375, 43.08039715602274], [-70.7171607379256, 43.080396598854676], [-70.71719635176431, 43.08037900193502], [-70.71722973989196, 43.0803682790442], [-70.7172609011209, 43.08036442837399], [-70.71728983787594, 43.080367452646875], [-70.71730873797362, 43.08037430392764], [-70.7173288170721, 43.08038623827544], [-70.71734882575409, 43.080402574706696], [-70.71736556314588, 43.08042073291932], [-70.71737374245515, 43.08043412490923], [-70.71737909115497, 43.080449588082786], [-70.71738156221406, 43.080466987026476], [-70.7173811188213, 43.080486081093035], [-70.71737769625892, 43.08050684634138], [-70.71737137510438, 43.080528438191685], [-70.71736237217642, 43.08055009600869], [-70.71734441171776, 43.080579971763136], [-70.71722408643681, 43.080654942249645], [-70.71718364841348, 43.08064624334964], [-70.71715120336484, 43.08063373918322], [-70.71711816156312, 43.080616938103994], [-70.7170889961578, 43.080597940393304], [-70.71706695299356, 43.080578879359415], [-70.7170539866265, 43.080561452721454], [-70.71704814072866, 43.08054495112577], [-70.71704645105218, 43.08052729581379], [-70.71704892002141, 43.08050848860613], [-70.71705554766022, 43.080488527702364], [-70.71706633272241, 43.08046741399154], [-70.71708127520309, 43.0804451474725], [-70.71710037632475, 43.08042172815368], [-70.71712363485375, 43.08039715602274]]]}, "properties": {"Shape_Leng": 302.148187852, "Shape_Area": 6879.79113926, "density": "p", "hectares": 0.0639156068024, "acres": 0.157938904006, "year_": 2012.0}}, {"type": "Feature", "geometry": {"type": "Polygon", "coordinates": [[[-70.71559096201001, 43.079880804379556], [-70.71556870184055, 43.07989217198374], [-70.71555486421913, 43.07988474408604], [-70.71554567211805, 43.07987596675711], [-70.71554260287768, 43.079869170259165], [-70.71554202036067, 43.079860625620974], [-70.71554835525282, 43.07983730928197], [-70.71555862359784, 43.07982041135593], [-70.71557744676429, 43.079801013684076], [-70.71558797143216, 43.07979350383046], [-70.71561572098176, 43.079778228354016], [-70.71562549861449, 43.07976995075457], [-70.71563098570832, 43.07975817458774], [-70.71563069411367, 43.0797433645694], [-70.71561171757142, 43.07969249646233], [-70.71560783633083, 43.07967643059378], [-70.71560488805828, 43.079632042714515], [-70.71560483570573, 43.07956889891278], [-70.71560618741746, 43.07948817949752], [-70.71561242614818, 43.07943638226197], [-70.71562608715392, 43.0793755929274], [-70.71563388959605, 43.079354725506036], [-70.71564350857739, 43.0793366141621], [-70.71565724708246, 43.07931558903796], [-70.71566891528784, 43.07930313241122], [-70.71568943056707, 43.079290315433234], [-70.7157208818274, 43.079277528124365], [-70.71575127816955, 43.07926990614736], [-70.71578762367407, 43.07926659944713], [-70.71582873958941, 43.07926720395403], [-70.71589759045884, 43.07927211931235], [-70.71596072419231, 43.079276296708244], [-70.71597987113915, 43.079279620741346], [-70.71599577151912, 43.07928443906533], [-70.71601265016001, 43.079293336928245], [-70.71605326913816, 43.07932219317979], [-70.7160721705108, 43.07933083869063], [-70.71611994132033, 43.07934833762975], [-70.71614085950178, 43.07935949692056], [-70.716171982595, 43.079384139824235], [-70.7161813750415, 43.07939505124158], [-70.71618730382384, 43.079405692645366], [-70.71619152743502, 43.079422179912385], [-70.71619627572969, 43.07945087947745], [-70.71619697830124, 43.0794731120095], [-70.71619372898917, 43.079492021639155], [-70.71618639149388, 43.07950776656186], [-70.716176957197, 43.07951822904414], [-70.71614233180837, 43.079547045325285], [-70.71612224156031, 43.07957780515902], [-70.71610311127098, 43.0796248685196], [-70.71609900288237, 43.07964080318941], [-70.71609751442274, 43.07965923955791], [-70.71610223059561, 43.07972345548325], [-70.71610173430317, 43.07974697878362], [-70.71609627439905, 43.07976939326327], [-70.71608508393263, 43.07978788315788], [-70.71606564244887, 43.07980900047909], [-70.71604839424292, 43.079821534110465], [-70.71603196243076, 43.07982828380692], [-70.71600364219506, 43.07983599781888], [-70.71598293716228, 43.07984011235072], [-70.71595942128172, 43.079842159267045], [-70.71584610923847, 43.0798391267043], [-70.71581970766161, 43.07984069053307], [-70.71579691795978, 43.07984461487814], [-70.71577447106787, 43.079851781735094], [-70.71572448457114, 43.07987247953566], [-70.71570004342158, 43.07987916802387], [-70.71567380871363, 43.0798827243546], [-70.71564688439942, 43.07988418208121], [-70.71561926801203, 43.0798835420829], [-70.71559096201001, 43.079880804379556]]]}, "properties": {"Shape_Leng": 687.140798222, "Shape_Area": 28604.0495133, "density": "sb", "hectares": 0.265741378574, "acres": 0.656661247241, "year_": 2012.0}}, {"type": "Feature", "geometry": {"type": "Polygon", "coordinates": [[[-70.72324312902533, 43.079786460629116], [-70.72309281331908, 43.079720703304005], [-70.72309464770314, 43.07967774849375], [-70.72310396276018, 43.07964289287833], [-70.72311142507594, 43.0796285023769], [-70.72312075849526, 43.07961613555593], [-70.72313196299032, 43.07960579421507], [-70.72314503734732, 43.07959747744365], [-70.723159756855, 43.07959302511121], [-70.7231796592615, 43.079592443882945], [-70.72320517124052, 43.07959553743903], [-70.72328905858555, 43.079610780115964], [-70.7233128080564, 43.07961157541677], [-70.72333092974092, 43.07960828170851], [-70.72334720465166, 43.07959953671935], [-70.72336163898382, 43.07958501644431], [-70.72337482445977, 43.079564411606846], [-70.72340911566124, 43.079497604614005], [-70.72342299084632, 43.07948102736168], [-70.72343842426345, 43.07947061913216], [-70.72345125894849, 43.079466394268096], [-70.72346627608843, 43.07946447019254], [-70.72348363447594, 43.079464822108946], [-70.72350368152132, 43.079467457380545], [-70.72354319404985, 43.07947669821734], [-70.723638559676, 43.079504810283886], [-70.72368043068217, 43.079513205458326], [-70.72369732211367, 43.07951445995318], [-70.72371216449497, 43.07951384233473], [-70.72372515321636, 43.079511343411845], [-70.72373638559341, 43.079506943283526], [-70.72374838971562, 43.07949834217538], [-70.7237594068105, 43.07948531855819], [-70.72378789091063, 43.07943337201429], [-70.723799190715, 43.07941664567252], [-70.72381186338318, 43.07940432521272], [-70.72382609026195, 43.079396756889146], [-70.72385198061299, 43.07939070781399], [-70.72388415778076, 43.079388294059704], [-70.72392045745683, 43.07938971472775], [-70.72395594818448, 43.079394800464044], [-70.72399193265812, 43.07940428572813], [-70.72402520499841, 43.07941726375547], [-70.72405130522066, 43.07943196770514], [-70.72406877937372, 43.07944751695271], [-70.72407552872109, 43.07945774973587], [-70.72408061618462, 43.07946985195946], [-70.72408531493288, 43.0794983392561], [-70.7240822096745, 43.07952915758833], [-70.72407183079467, 43.079556305470874], [-70.72406042653779, 43.079571197357104], [-70.72404288883727, 43.0795866247195], [-70.72401994296861, 43.0796023774921], [-70.72398098225209, 43.07962569647696], [-70.72395942229952, 43.07963651338695], [-70.72393463358756, 43.07964511090755], [-70.7239063679281, 43.079651577907796], [-70.72387408551454, 43.07965604136063], [-70.7238106625591, 43.079659372364425], [-70.72365918992637, 43.079659421293975], [-70.72362327815983, 43.079661442343], [-70.72359244747778, 43.079665087735016], [-70.72356418055428, 43.07967083361377], [-70.72353965543749, 43.07967865368443], [-70.72351850807738, 43.07968866466982], [-70.72350055902824, 43.07970095690879], [-70.72348450025187, 43.07971802656092], [-70.72345106479952, 43.0797655493442], [-70.72344016380794, 43.07977620017164], [-70.7234286411925, 43.07978366561616], [-70.72341090374911, 43.079791126637495], [-70.72339160844524, 43.07979655575986], [-70.7233707552962, 43.079799952082446], [-70.72334834550404, 43.07980131741463], [-70.72332437785687, 43.079800650845364], [-70.72329885235716, 43.079797952373674], [-70.72324312902533, 43.079786460629116]]]}, "properties": {"Shape_Leng": 706.625301018, "Shape_Area": 19345.903328, "density": "h", "hectares": 0.179730041991, "acres": 0.444122605873, "year_": 2012.0}}, {"type": "Feature", "geometry": {"type": "Polygon", "coordinates": [[[-70.7099050217818, 43.080927764912836], [-70.70985342224384, 43.080962761857656], [-70.70983329771376, 43.08094230763071], [-70.70981775394888, 43.08092168016799], [-70.7098067909167, 43.080900881271454], [-70.70980040864065, 43.080879909142276], [-70.70979902074347, 43.080863038487195], [-70.70980094563434, 43.08084414227525], [-70.70980610544483, 43.08082404169881], [-70.70981421243592, 43.08080386584933], [-70.70982476483938, 43.0807848455464], [-70.70983716523742, 43.08076804518087], [-70.709850753911, 43.080754350391665], [-70.7098649882703, 43.08074430123667], [-70.70987595234858, 43.080739543765816], [-70.70988896677615, 43.08073647142966], [-70.70992189922741, 43.08073523902463], [-70.7099574825673, 43.080739003944295], [-70.71005356907722, 43.080754367317596], [-70.71007951655233, 43.08075660959054], [-70.71010158719406, 43.08075664106775], [-70.71015956025681, 43.080751611320224], [-70.7102194615037, 43.08074246323683], [-70.71028094624023, 43.08072925064346], [-70.7103435314959, 43.08071207481953], [-70.71040691423939, 43.08069099534166], [-70.71047004805796, 43.080666336522484], [-70.71053202361361, 43.08063845262742], [-70.71059161912943, 43.08060788974729], [-70.71061124339758, 43.080595609034944], [-70.71063043847693, 43.080580445129385], [-70.710649375894, 43.080562265340454], [-70.71066837350659, 43.08054076627026], [-70.710702172757, 43.08049507129971], [-70.71077941529352, 43.08037733776591], [-70.71080213766413, 43.080348235551774], [-70.71082380685495, 43.080325501251636], [-70.71085066080109, 43.08030465467879], [-70.71087823794134, 43.08029139706763], [-70.71089250142765, 43.080287514106345], [-70.71090713701268, 43.08028544716859], [-70.71093770652718, 43.08028674218008], [-70.71096372420736, 43.08029196256008], [-70.710992041949, 43.080299790096895], [-70.7110205920415, 43.080309655723624], [-70.7110468814458, 43.08032070237352], [-70.71107701150335, 43.08033660503544], [-70.71110630596391, 43.08035586279994], [-70.71113361976526, 43.08037772167549], [-70.71115787459642, 43.08040132020996], [-70.71117803933862, 43.080425604712325], [-70.71119366285886, 43.08044997191279], [-70.7112043135734, 43.080473745791856], [-70.71120977922953, 43.080496439393656], [-70.71120951592926, 43.080527606950405], [-70.71120139083202, 43.08056265065119], [-70.71118578198886, 43.08059976343423], [-70.71116415804876, 43.080635392036164], [-70.7111476472182, 43.08065626474105], [-70.71112806890982, 43.080676893089866], [-70.71110605099946, 43.080696621608695], [-70.71108223613795, 43.08071487146071], [-70.71105742301368, 43.0807310588115], [-70.71103201692858, 43.08074494310266], [-70.71100651205276, 43.08075625481307], [-70.71098128300417, 43.080764831442494], [-70.71095773942211, 43.080769338128974], [-70.7109293399498, 43.08077062579639], [-70.71083461907082, 43.08076400969414], [-70.71080438392859, 43.0807633088516], [-70.7107798741839, 43.08076518977265], [-70.71075907710741, 43.080769731963834], [-70.71073989222876, 43.08077744537207], [-70.71072043664154, 43.08078890567149], [-70.710700206413, 43.08080422027138], [-70.71064273030457, 43.08085302730303], [-70.71062317523933, 43.08086582798921], [-70.710604281372, 43.08087472481254], [-70.71058554986402, 43.08088052464729], [-70.71056506907686, 43.08088446634024], [-70.71054264686423, 43.08088658699176], [-70.71051790808703, 43.08088692487324], [-70.71046574013931, 43.08088308725252], [-70.71035712478994, 43.08086797958082], [-70.71031149531773, 43.080863321581], [-70.7102653319671, 43.08086243346105], [-70.71022586360235, 43.08086676638641], [-70.71020283258699, 43.080872577929185], [-70.71017775799149, 43.08088171466984], [-70.71009478542172, 43.080921039377266], [-70.71006302407274, 43.08093389545382], [-70.71003023458087, 43.0809424284713], [-70.70999980294357, 43.08094448565605], [-70.70995286934, 43.08093942954233], [-70.7099050217818, 43.080927764912836]]]}, "properties": {"Shape_Leng": 1017.69882462, "Shape_Area": 35890.0523884, "density": "sb", "hectares": 0.333430830986, "acres": 0.823925526838, "year_": 2012.0}}, {"type": "Feature", "geometry": {"type": "Polygon", "coordinates": [[[-70.70525520475788, 43.08200155362717], [-70.70520679921665, 43.08201418749149], [-70.70519232798375, 43.081999895622545], [-70.7051816065372, 43.08198478191087], [-70.70517616490721, 43.08197113031049], [-70.70517405581936, 43.08195498897249], [-70.70517945950803, 43.08190738275532], [-70.70518414250623, 43.081886071275655], [-70.70519189806721, 43.08186334536151], [-70.70521742896764, 43.081811517292714], [-70.70523789083899, 43.081779378073904], [-70.70526217652062, 43.081748041513244], [-70.70528967935994, 43.081718292849516], [-70.70531971733925, 43.08169086808006], [-70.70535903946877, 43.081661150285555], [-70.70540358839204, 43.08163345403163], [-70.7054522728149, 43.081608458765366], [-70.70550372352717, 43.08158686860545], [-70.70556008549997, 43.08156815966982], [-70.70559002339544, 43.081560715679174], [-70.70562229067065, 43.081555640655154], [-70.7056572197683, 43.08155287887757], [-70.70569549434468, 43.081552374874725], [-70.70576750622168, 43.08155629759715], [-70.70593587600314, 43.081572849304244], [-70.7059771254721, 43.08157497974044], [-70.70601372144199, 43.081575097949305], [-70.70604830587111, 43.08157309559192], [-70.70608004626908, 43.08156888646769], [-70.70610939918559, 43.08156240960019], [-70.70613660990648, 43.08155360673966], [-70.70620297588353, 43.08152707178069], [-70.70622412749246, 43.08151590913727], [-70.7062408783052, 43.08150440169871], [-70.70625689564693, 43.081487648285815], [-70.70628260419453, 43.081447964587845], [-70.7062957523196, 43.081432108849036], [-70.70633186910892, 43.08140259785687], [-70.70639935956804, 43.08135908895202], [-70.70646695353388, 43.08131751711391], [-70.70653679031001, 43.081278821153774], [-70.70660796066662, 43.08124350472843], [-70.70667967382464, 43.08121195727039], [-70.70674911286062, 43.081185742125236], [-70.7068239236316, 43.08116209603864], [-70.70690445909418, 43.08114090764057], [-70.70699134321995, 43.081122011122204], [-70.70708374581544, 43.08110548862265], [-70.70718486758945, 43.081090680146865], [-70.70729684589863, 43.08107723272673], [-70.70743124716583, 43.081063749930635], [-70.70757645018527, 43.081044669419356], [-70.70763149668595, 43.08103968213568], [-70.70768938531417, 43.08103985944346], [-70.70771527540288, 43.08104263376463], [-70.70773956512468, 43.08104723549038], [-70.7077771811523, 43.08105625883885], [-70.70779691736168, 43.08106424749311], [-70.70780451109843, 43.08107017565197], [-70.70780995917961, 43.08107769801241], [-70.70781465192525, 43.081097904462084], [-70.70781283985959, 43.08111913299214], [-70.7078002253554, 43.081183322828224], [-70.70779341786573, 43.081266192781094], [-70.70778243164038, 43.0813293610772], [-70.70776545048165, 43.081383217415016], [-70.70775457276373, 43.08140682830191], [-70.70774202852174, 43.08142839716731], [-70.70771600852824, 43.08146212764433], [-70.70768230822418, 43.08149516093797], [-70.70764093758983, 43.08152748632322], [-70.70759190031241, 43.08155910292249], [-70.70753529788182, 43.08158995936748], [-70.70747099010714, 43.08162014628786], [-70.70739887546522, 43.0816497159288], [-70.70731832360269, 43.08167892763696], [-70.70725600143318, 43.08169974514289], [-70.70721355959944, 43.081710272183265], [-70.70718826755272, 43.08171369854579], [-70.70715945530839, 43.08171512043962], [-70.70706228604162, 43.08171250888708], [-70.70702674425145, 43.08171305966972], [-70.70693631454704, 43.08171972484238], [-70.70684619914627, 43.0817298545848], [-70.70675731084557, 43.081743345835726], [-70.70667051497752, 43.08176006813366], [-70.70662680999224, 43.08177086880843], [-70.70657907235002, 43.08178550810741], [-70.70638095586997, 43.081856178693], [-70.70633480650719, 43.08186936756307], [-70.70629190247813, 43.08187888400608], [-70.70623947396409, 43.08188697295531], [-70.70617999972306, 43.08189289007049], [-70.70598217683634, 43.08190290983334], [-70.70591080842581, 43.08190839209031], [-70.70574589368624, 43.08192670994623], [-70.70558165525028, 43.081948343122725], [-70.70541809187814, 43.08197329071204], [-70.70525520475788, 43.08200155362717]]]}, "properties": {"Shape_Leng": 1734.98375047, "Shape_Area": 116431.713237, "density": "h", "hectares": 1.08169033797, "acres": 2.67291503593, "year_": 2012.0}}, {"type": "Feature", "geometry": {"type": "Polygon", "coordinates": [[[-70.70096535515897, 43.07421255862691], [-70.70097254951031, 43.07422333842759], [-70.70098672977498, 43.0742354176014], [-70.70109396135508, 43.074300696417005], [-70.70112168510049, 43.07432130993687], [-70.7011436477886, 43.07434175601865], [-70.70116855646047, 43.07437274350263], [-70.70119068352736, 43.074409782679986], [-70.7012087498186, 43.07444902268432], [-70.7012364089204, 43.0745205332806], [-70.70124664042378, 43.07454035467325], [-70.70126125707176, 43.07455952894116], [-70.70128023403441, 43.074580107333865], [-70.70135619440309, 43.07465008734713], [-70.70138352473667, 43.07467833532667], [-70.7014057006404, 43.07470883612321], [-70.70141785433522, 43.0747379381434], [-70.70142355534816, 43.07477080150259], [-70.70142444617116, 43.074805497515136], [-70.70142048731027, 43.07484039566138], [-70.70141186454056, 43.074873829514715], [-70.70140223495007, 43.07491117056242], [-70.70139623100573, 43.07492678536938], [-70.70138701529758, 43.074939165818876], [-70.70137485846463, 43.07494585496099], [-70.70135411115534, 43.07494832550448], [-70.70132612893613, 43.07494657987895], [-70.70131430855572, 43.07494395971622], [-70.70130313016566, 43.07493931871221], [-70.70128218385665, 43.074923725889114], [-70.70126603898957, 43.07490482588227], [-70.7012259032494, 43.07484800503268], [-70.70120870068877, 43.074826400119775], [-70.70119207570434, 43.074801716135354], [-70.70112800683037, 43.074685637533165], [-70.70111080739936, 43.074658755003576], [-70.70109327761392, 43.07463555223118], [-70.70103952766586, 43.07457394011117], [-70.70099285431938, 43.0745298336534], [-70.70097055092735, 43.07451294209353], [-70.70094367164334, 43.07449570945776], [-70.70083648688478, 43.074437289204404], [-70.7007945787267, 43.074411273759615], [-70.70073817050735, 43.07437016806837], [-70.70068409573697, 43.07432692706868], [-70.70063286979399, 43.07428196288646], [-70.70058497836196, 43.07423570180024], [-70.70042705291301, 43.074076570625216], [-70.70038084916945, 43.07402497856299], [-70.70034810591318, 43.07398305173296], [-70.70032752604837, 43.07394847208717], [-70.70032260118386, 43.073934865110616], [-70.70032124556266, 43.07392369349914], [-70.7003234593524, 43.0739149464524], [-70.70032924503558, 43.07390862219085], [-70.70033860383951, 43.073904720724315], [-70.70035153949019, 43.0739032393829], [-70.7003758325007, 43.07390436989029], [-70.70040781948704, 43.07390838645865], [-70.70047882613815, 43.07392278996006], [-70.70052643769756, 43.073938230908254], [-70.7005759456263, 43.073960596562586], [-70.70062808933788, 43.07398995167319], [-70.70069639338558, 43.074033915927515], [-70.70073087555112, 43.07405981921543], [-70.70080225411225, 43.074121937648115], [-70.70083599592927, 43.0741462008676], [-70.70096535515897, 43.07421255862691]]]}, "properties": {"Shape_Leng": 1006.24548263, "Shape_Area": 29690.2370575, "density": "h", "hectares": 0.275832431425, "acres": 0.681596781882, "year_": 2012.0}}, {"type": "Feature", "geometry": {"type": "Polygon", "coordinates": [[[-70.69760167048427, 43.067294518908206], [-70.69756731687752, 43.06793353909619], [-70.69736210080374, 43.06897535364677], [-70.69733810873933, 43.069518920275215], [-70.69779555544179, 43.070550902766996], [-70.69819367715796, 43.07131692348444], [-70.69846512821107, 43.07173221429968], [-70.69915975889388, 43.07240805962176], [-70.69941533118936, 43.07271875316633], [-70.69936677785019, 43.07284336395731], [-70.69911515302435, 43.07267556154884], [-70.69836959824515, 43.072038592302036], [-70.69801702660338, 43.07151014609325], [-70.69762390240905, 43.07092511972788], [-70.69705383172827, 43.06958031689183], [-70.69673606087765, 43.068898870637454], [-70.69666569081632, 43.06823281351736], [-70.69645543540821, 43.06721875425778], [-70.69760167048427, 43.067294518908206]]]}, "properties": {"Shape_Leng": 4714.81709166, "Shape_Area": 277306.23266, "density": "p", "hectares": 2.57626950758, "acres": 6.36610059432, "year_": 2012.0}}, {"type": "Feature", "geometry": {"type": "Polygon", "coordinates": [[[-70.69760167048427, 43.067294518908206], [-70.69645543540821, 43.06721875425778], [-70.69620813729217, 43.06672432768808], [-70.69591152606954, 43.066337994638026], [-70.69696994159641, 43.06559801974785], [-70.69706209081842, 43.06611127311827], [-70.6972335118778, 43.066671000787], [-70.69760167048427, 43.067294518908206]]]}, "properties": {"Shape_Leng": 1697.398905, "Shape_Area": 141887.597983, "density": "h", "hectares": 1.31818419182, "acres": 3.25730407564, "year_": 2012.0}}, {"type": "Feature", "geometry": {"type": "Polygon", "coordinates": [[[-70.6981241237389, 43.06438293289241], [-70.69844591632939, 43.06421018973929], [-70.69848578083402, 43.064241761678126], [-70.69844897491822, 43.06432092987357], [-70.69841090749695, 43.064707460434285], [-70.69837887412095, 43.06478298552952], [-70.69820422769389, 43.06498928154142], [-70.69803218367291, 43.065113342717055], [-70.69757623211915, 43.065370272016885], [-70.69722391567021, 43.065497006177914], [-70.69705250179479, 43.06546738515786], [-70.6970408428866, 43.065304631126544], [-70.69703349231028, 43.065131734591226], [-70.69721867550814, 43.06495387387205], [-70.69747295534997, 43.064807151314994], [-70.6977458349939, 43.06462798819476], [-70.6981241237389, 43.06438293289241]]]}, "properties": {"Shape_Leng": 1304.75153664, "Shape_Area": 80993.4432965, "density": "h", "hectares": 0.752456720055, "acres": 1.85936104847, "year_": 2012.0}}, {"type": "Feature", "geometry": {"type": "Polygon", "coordinates": [[[-70.6952527551453, 43.06585382536527], [-70.6951839534635, 43.06583340266396], [-70.69513865995755, 43.065821154923924], [-70.69509606744346, 43.065807197291626], [-70.69505617468106, 43.06579153065977], [-70.69501898414087, 43.06577415415193], [-70.69498449459608, 43.06575506776035], [-70.69495270603277, 43.06573427238748], [-70.69492361723742, 43.065711767125094], [-70.69489723065031, 43.065687552896094], [-70.69487100163975, 43.065658727581734], [-70.69484812577197, 43.065628255541476], [-70.6948295744843, 43.06559743765663], [-70.6948159278028, 43.065567249227385], [-70.6948056760933, 43.065529657012625], [-70.69480144049308, 43.065488003963175], [-70.6948032994346, 43.065442919957285], [-70.69481120295787, 43.0653957791139], [-70.6948186043147, 43.06537016582163], [-70.6948292962772, 43.06534383064238], [-70.69484331978572, 43.06531666860421], [-70.69486076977302, 43.06528849867986], [-70.69490589864711, 43.06522891329754], [-70.6949703594561, 43.065157554140164], [-70.69500918647581, 43.06511824620773], [-70.69504455742835, 43.06508578073519], [-70.69507901232458, 43.065057833476175], [-70.69511317742844, 43.065033929963704], [-70.69513355878088, 43.06502240723202], [-70.69515843738559, 43.065011261138125], [-70.69524649861101, 43.06497988654068], [-70.69527707122899, 43.06496749792916], [-70.69530411590289, 43.06495329074475], [-70.69532499204836, 43.06493787448761], [-70.69534189815334, 43.06492103648152], [-70.69535822592309, 43.064901326555386], [-70.69539083798078, 43.06485112871523], [-70.69540263095593, 43.06482253172207], [-70.69541965793593, 43.06475269962981], [-70.69542687073428, 43.064735975571686], [-70.69543601491472, 43.06472180365547], [-70.69545052959057, 43.06470541881935], [-70.69546905232252, 43.06468835687242], [-70.69552174292092, 43.064649058405095], [-70.69554677396629, 43.06463407433838], [-70.69557517026999, 43.06462125760414], [-70.69560719529983, 43.064610483513135], [-70.69564337856512, 43.064601572923], [-70.69567975877418, 43.064595040414154], [-70.6957215512388, 43.06458955929518], [-70.69588558290847, 43.0645752675025], [-70.69595309928873, 43.06456690077564], [-70.69598814389394, 43.06456051256635], [-70.69601966051191, 43.06455293141426], [-70.69604825303051, 43.06454401031755], [-70.69607420896817, 43.0645336563002], [-70.69611128295665, 43.06451248033918], [-70.69617730366573, 43.06446288338027], [-70.6962049555112, 43.064444791540375], [-70.696235821605, 43.064430502222116], [-70.69626613780801, 43.064423598543755], [-70.69628939422212, 43.06442217907425], [-70.69631578318295, 43.06442266029595], [-70.69637352089698, 43.064429153950876], [-70.69640528067175, 43.064438062980045], [-70.69643240893899, 43.06445308622296], [-70.69645523329604, 43.064474392089814], [-70.69647424990575, 43.06450243666997], [-70.69648702567764, 43.06453004576743], [-70.69649837148438, 43.06456370891621], [-70.69652763791842, 43.064686122214894], [-70.69654092287496, 43.06473134904726], [-70.6965581232707, 43.064772197389], [-70.69657884997534, 43.064804927376784], [-70.6965953383861, 43.06482366265496], [-70.69661660006669, 43.0648436455088], [-70.69670815960492, 43.06491635249811], [-70.69674218923609, 43.06494756052551], [-70.69675730781023, 43.06496527148953], [-70.6967684670263, 43.0649824394023], [-70.69677588852599, 43.06499941180483], [-70.69677964794533, 43.06501637477186], [-70.69677995069823, 43.06505705375243], [-70.69677207165309, 43.065095109632686], [-70.69675780196924, 43.06512353724765], [-70.69673352410344, 43.06515320596532], [-70.69670107789631, 43.06518321141149], [-70.69663939686812, 43.065232879659675], [-70.69660644206931, 43.06525636001085], [-70.69656524212708, 43.06527944099504], [-70.69652329649195, 43.06529928046862], [-70.69642351279617, 43.065342830330856], [-70.69637845361738, 43.06536508188398], [-70.69634215077576, 43.06538684416975], [-70.69631281831649, 43.06540926235765], [-70.69628175702022, 43.06544157753437], [-70.6962160312881, 43.0655305482251], [-70.69619838593611, 43.06555113645513], [-70.69618073305087, 43.06556846604084], [-70.69614469317922, 43.065598994446695], [-70.6961088054003, 43.065626183638855], [-70.69607301758094, 43.06565007008191], [-70.69603732476008, 43.06567065733456], [-70.69599086184566, 43.06569260247427], [-70.69593688262987, 43.0657130039712], [-70.69587437070484, 43.065732319474456], [-70.69579588280327, 43.06575285863944], [-70.69573921841592, 43.065764006124816], [-70.69561259475722, 43.06578186022507], [-70.69556300115289, 43.06579204774452], [-70.69552484728295, 43.06580395351628], [-70.69543172353036, 43.065839657428654], [-70.69540459741462, 43.06584733599261], [-70.69537943249335, 43.065851948150474], [-70.6953171494972, 43.06585635684987], [-70.6952527551453, 43.06585382536527]]]}, "properties": {"Shape_Leng": 1614.76070656, "Shape_Area": 168182.761144, "density": "d", "hectares": 1.56247522849, "acres": 3.86096037368, "year_": 2012.0}}, {"type": "Feature", "geometry": {"type": "Polygon", "coordinates": [[[-70.69488788326204, 43.06640958954069], [-70.69480795753643, 43.06633929783023], [-70.69433165816693, 43.06638923778315], [-70.694180868375, 43.06586970310091], [-70.69390556764533, 43.06543063364207], [-70.69365989826147, 43.06500542046491], [-70.69371501937628, 43.06488309747454], [-70.69407939882583, 43.06466327680858], [-70.69435883251003, 43.06454477892997], [-70.69423156729786, 43.064525220821345], [-70.69389672208509, 43.06440152387244], [-70.69370371256099, 43.06411848131733], [-70.69377477951329, 43.06386726585755], [-70.6937799051441, 43.06334542197633], [-70.69361377185459, 43.06297621127251], [-70.69335787043379, 43.06288708131044], [-70.69346190765978, 43.06277118121485], [-70.69381209908228, 43.06274455449445], [-70.6937602321218, 43.06263096252089], [-70.69390157445538, 43.06209995443436], [-70.69499918172907, 43.06160481473845], [-70.69608860242182, 43.061166966725125], [-70.6969407494274, 43.061668950782334], [-70.69690129477851, 43.062005468955796], [-70.696827088858, 43.06214237282681], [-70.69688507133013, 43.06247744562887], [-70.69686854005644, 43.06258490345887], [-70.69677760511182, 43.06282211976048], [-70.6968920806948, 43.06308487989283], [-70.69688470280741, 43.06317075923811], [-70.69657398895728, 43.063568480699516], [-70.69645922756999, 43.06364880478814], [-70.69647389879063, 43.063827275148064], [-70.69653601901919, 43.064312383936375], [-70.69690001641541, 43.064785869351645], [-70.697038801722, 43.06486958107298], [-70.69703349231028, 43.065131734591226], [-70.6970408428866, 43.065304631126544], [-70.69696994159641, 43.06559801974785], [-70.69591152606954, 43.066337994638026], [-70.69576449507747, 43.066382304294876], [-70.69558554891263, 43.06625630191034], [-70.69548790701678, 43.066250600695646], [-70.69534331531399, 43.0663099235697], [-70.69514901537268, 43.066334245522256], [-70.69517145840015, 43.06644112565689], [-70.69518671730054, 43.06664102937648], [-70.69512303482595, 43.066806365580554], [-70.69496751544973, 43.06682296454611], [-70.69479791978868, 43.066682527070625], [-70.69486376837115, 43.066595781653206], [-70.69488788326204, 43.06640958954069]], [[-70.69631578318295, 43.06442266029595], [-70.69628939422212, 43.06442217907425], [-70.69626613780801, 43.064423598543755], [-70.696235821605, 43.064430502222116], [-70.6962049555112, 43.064444791540375], [-70.69617730366573, 43.06446288338027], [-70.69611128295665, 43.06451248033918], [-70.69607420896817, 43.0645336563002], [-70.69604825303051, 43.06454401031755], [-70.69601966051191, 43.06455293141426], [-70.69598814389394, 43.06456051256635], [-70.69595309928873, 43.06456690077564], [-70.69588558290847, 43.0645752675025], [-70.6957215512388, 43.06458955929518], [-70.69567975877418, 43.064595040414154], [-70.69564337856512, 43.064601572923], [-70.69560719529983, 43.064610483513135], [-70.69557517026999, 43.06462125760414], [-70.69554677396629, 43.06463407433838], [-70.69552174292092, 43.064649058405095], [-70.69546905232252, 43.06468835687242], [-70.69545052959057, 43.06470541881935], [-70.69543601491472, 43.06472180365547], [-70.69542687073428, 43.064735975571686], [-70.69541965793593, 43.06475269962981], [-70.69540263095593, 43.06482253172207], [-70.69539083798078, 43.06485112871523], [-70.69535822592309, 43.064901326555386], [-70.69534189815334, 43.06492103648152], [-70.69532499204836, 43.06493787448761], [-70.69530411590289, 43.06495329074475], [-70.69527707122899, 43.06496749792916], [-70.69524649861101, 43.06497988654068], [-70.69515843738559, 43.065011261138125], [-70.69513355878088, 43.06502240723202], [-70.69511317742844, 43.065033929963704], [-70.69507901232458, 43.065057833476175], [-70.69504455742835, 43.06508578073519], [-70.69500918647581, 43.06511824620773], [-70.6949703594561, 43.065157554140164], [-70.69490589864711, 43.06522891329754], [-70.69486076977302, 43.06528849867986], [-70.69484331978572, 43.06531666860421], [-70.6948292962772, 43.06534383064238], [-70.6948186043147, 43.06537016582163], [-70.69481120295787, 43.0653957791139], [-70.6948032994346, 43.065442919957285], [-70.69480144049308, 43.065488003963175], [-70.6948056760933, 43.065529657012625], [-70.6948159278028, 43.065567249227385], [-70.6948295744843, 43.06559743765663], [-70.69484812577197, 43.065628255541476], [-70.69487100163975, 43.065658727581734], [-70.69489723065031, 43.065687552896094], [-70.69492361723742, 43.065711767125094], [-70.69495270603277, 43.06573427238748], [-70.69498449459608, 43.06575506776035], [-70.69501898414087, 43.06577415415193], [-70.69505617468106, 43.06579153065977], [-70.69509606744346, 43.065807197291626], [-70.69513865995755, 43.065821154923924], [-70.6951839534635, 43.06583340266396], [-70.6952527551453, 43.06585382536527], [-70.6953171494972, 43.06585635684987], [-70.69537943249335, 43.065851948150474], [-70.69540459741462, 43.06584733599261], [-70.69543172353036, 43.065839657428654], [-70.69552484728295, 43.06580395351628], [-70.69556300115289, 43.06579204774452], [-70.69561259475722, 43.06578186022507], [-70.69573921841592, 43.065764006124816], [-70.69579588280327, 43.06575285863944], [-70.69587437070484, 43.065732319474456], [-70.69593688262987, 43.0657130039712], [-70.69599086184566, 43.06569260247427], [-70.69603732476008, 43.06567065733456], [-70.69607301758094, 43.06565007008191], [-70.6961088054003, 43.065626183638855], [-70.69614469317922, 43.065598994446695], [-70.69618073305087, 43.06556846604084], [-70.69619838593611, 43.06555113645513], [-70.6962160312881, 43.0655305482251], [-70.69628175702022, 43.06544157753437], [-70.69631281831649, 43.06540926235765], [-70.69634215077576, 43.06538684416975], [-70.69637845361738, 43.06536508188398], [-70.69642351279617, 43.065342830330856], [-70.69652329649195, 43.06529928046862], [-70.69656524212708, 43.06527944099504], [-70.69660644206931, 43.06525636001085], [-70.69663939686812, 43.065232879659675], [-70.69670107789631, 43.06518321141149], [-70.69673352410344, 43.06515320596532], [-70.69675780196924, 43.06512353724765], [-70.69677207165309, 43.065095109632686], [-70.69677995069823, 43.06505705375243], [-70.69677964794533, 43.06501637477186], [-70.69677588852599, 43.06499941180483], [-70.6967684670263, 43.0649824394023], [-70.69675730781023, 43.06496527148953], [-70.69674218923609, 43.06494756052551], [-70.69670815960492, 43.06491635249811], [-70.69661660006669, 43.0648436455088], [-70.6965953383861, 43.06482366265496], [-70.69657884997534, 43.064804927376784], [-70.6965581232707, 43.064772197389], [-70.69654092287496, 43.06473134904726], [-70.69652763791842, 43.064686122214894], [-70.69649837148438, 43.06456370891621], [-70.69648702567764, 43.06453004576743], [-70.69647424990575, 43.06450243666997], [-70.69645523329604, 43.064474392089814], [-70.69643240893899, 43.06445308622296], [-70.69640528067175, 43.064438062980045], [-70.69637352089698, 43.064429153950876], [-70.69631578318295, 43.06442266029595]]]}, "properties": {"Shape_Leng": 7218.87794211, "Shape_Area": 1181768.86075, "density": "sb", "hectares": 10.9790358902, "acres": 27.129788518, "year_": 2012.0}}, {"type": "Feature", "geometry": {"type": "Polygon", "coordinates": [[[-70.68962227261866, 43.06387386935705], [-70.68986352168614, 43.06378453664177], [-70.69010025313538, 43.06378663729331], [-70.69016578587346, 43.06378721904219], [-70.690343077083, 43.06387014857251], [-70.69034353528514, 43.06387036311924], [-70.69030546826876, 43.063549287106056], [-70.69041265319322, 43.063547703647764], [-70.69044192524274, 43.0635443347326], [-70.69058597684707, 43.06352775840312], [-70.6906264337447, 43.06352310219996], [-70.69067360068053, 43.06350400073905], [-70.6908096078117, 43.063448920492775], [-70.69097486349838, 43.06343218333681], [-70.69097602141717, 43.063434568731445], [-70.6910575297724, 43.0636025016649], [-70.69148379592414, 43.063860657977315], [-70.69197906048238, 43.0641463827101], [-70.69248348372932, 43.06441052632026], [-70.69247590201785, 43.06448926175189], [-70.6924289505203, 43.06455428383066], [-70.69201870973565, 43.06452461375647], [-70.69129468897499, 43.06442810650137], [-70.69043582276987, 43.064390767651496], [-70.68949861158498, 43.06434028345298], [-70.68924646663862, 43.06393407174869], [-70.68924362486567, 43.06392949356758], [-70.68941882327218, 43.06391975861586], [-70.68962227261866, 43.06387386935705]]]}, "properties": {"Shape_Leng": 2173.44459807, "Shape_Area": 178138.444173, "density": "h", "hectares": 1.65496692032, "acres": 4.08951232161, "year_": 2012.0}}, {"type": "Feature", "geometry": {"type": "Polygon", "coordinates": [[[-70.69264743403846, 43.06328355999576], [-70.69266155139424, 43.06328826377346], [-70.69267374361104, 43.06329437341599], [-70.69268404360368, 43.06330190360664], [-70.6926924841157, 43.063310879829075], [-70.69270390158536, 43.06333328026811], [-70.69270825941365, 43.06336207476543], [-70.69270677425793, 43.063390281235456], [-70.69270081054347, 43.063424459953964], [-70.69266441105839, 43.063558551200515], [-70.69265324033563, 43.063613071513885], [-70.69265053224511, 43.06364004605575], [-70.69265059016773, 43.06366414742706], [-70.69265341525889, 43.06368576810733], [-70.6926590340888, 43.06370509105499], [-70.69269045201911, 43.06377446193801], [-70.69273055072082, 43.06384252765034], [-70.6927781381341, 43.063907272481735], [-70.69283195957733, 43.06396699074453], [-70.69286576976326, 43.063999185534584], [-70.69290193855188, 43.06403028238698], [-70.69326915897535, 43.06426786320922], [-70.69330253150706, 43.06427560130773], [-70.69331633380722, 43.06428137981546], [-70.69332821427288, 43.06428843190347], [-70.69333854750661, 43.064298144304104], [-70.69334679301515, 43.06431131266243], [-70.69335308921798, 43.06432780133203], [-70.69335921693963, 43.06435230088963], [-70.69336685384548, 43.064389271493475], [-70.69336553204442, 43.06440065177169], [-70.69336079135046, 43.064409457318504], [-70.69334802558417, 43.064419250493536], [-70.69332240437308, 43.0644314682695], [-70.69328716121605, 43.064443254031104], [-70.69324437919822, 43.064450049077756], [-70.69319433286329, 43.064451805327614], [-70.6931376573376, 43.064448497569146], [-70.69309886362942, 43.06444244250663], [-70.6930571645078, 43.064431545056344], [-70.69301207647976, 43.064415714685865], [-70.6929606875854, 43.064393936437334], [-70.69289663298257, 43.06436089200579], [-70.69286773699896, 43.06434281394313], [-70.69284179072368, 43.06432422087985], [-70.6928269159494, 43.06431104377696], [-70.69281393243541, 43.06429588891378], [-70.69280270026825, 43.064278598472455], [-70.69279299284612, 43.064258829364384], [-70.69277976849635, 43.06422011346775], [-70.69275625112681, 43.06412657845582], [-70.69273961070189, 43.064084650515], [-70.6927291182054, 43.06406701529897], [-70.69271701885468, 43.06405154029136], [-70.69270314176217, 43.064038007998846], [-70.69268736955442, 43.0640263103028], [-70.69265959269451, 43.06400920938397], [-70.69263786241055, 43.06399845204312], [-70.69262303941333, 43.063993643238824], [-70.69260547052406, 43.06399051326107], [-70.69251740345588, 43.06398690827443], [-70.69249764479423, 43.06398406299243], [-70.6924813671227, 43.063979324600595], [-70.69245321852533, 43.06396624418093], [-70.6924259371788, 43.063949333756945], [-70.69240153024255, 43.063929840036394], [-70.69238195943119, 43.06390932079698], [-70.69236978399388, 43.06388989790408], [-70.69236134634633, 43.06386608795049], [-70.6923491883209, 43.06378114977572], [-70.69233184641278, 43.06367299914743], [-70.69232683357306, 43.06359526637408], [-70.69232837556488, 43.063559761898446], [-70.69233276511929, 43.06352670039785], [-70.69234005208145, 43.063495724932956], [-70.69235028368837, 43.063466643271205], [-70.69236670673757, 43.063430642586525], [-70.69238450284031, 43.06339840635595], [-70.6924038754554, 43.063369568145745], [-70.6924248936216, 43.063344032225835], [-70.69245487445771, 43.06331038835292], [-70.69247316173495, 43.063292792888475], [-70.69249196720573, 43.06327937587374], [-70.69251062443965, 43.06327128834055], [-70.69253514839579, 43.063267405884645], [-70.69256640733184, 43.0632681751714], [-70.69260409924722, 43.06327359632503], [-70.69264743403846, 43.06328355999576]]]}, "properties": {"Shape_Leng": 1149.55516536, "Shape_Area": 39227.9149594, "density": "h", "hectares": 0.36444071302, "acres": 0.90055261413, "year_": 2012.0}}, {"type": "Feature", "geometry": {"type": "Polygon", "coordinates": [[[-70.68897713228702, 43.06380953730722], [-70.68892664543445, 43.06374595523605], [-70.68844977209935, 43.063774436636876], [-70.68826208471717, 43.06368428872179], [-70.68789841496412, 43.06357529471749], [-70.68778809275888, 43.063462562004034], [-70.68809558992587, 43.063300779640386], [-70.6886221614333, 43.06330730412887], [-70.68912747913656, 43.06324981250245], [-70.68987234405962, 43.06339605799465], [-70.69030559892681, 43.063554050066], [-70.690343077083, 43.06387014857251], [-70.69016578587346, 43.06378721904219], [-70.69010025313538, 43.06378663729331], [-70.68986352168614, 43.06378453664177], [-70.68962227261866, 43.06387386935705], [-70.68941882327218, 43.06391975861586], [-70.68924362486567, 43.06392949356758], [-70.68897713228702, 43.06380953730722]]]}, "properties": {"Shape_Leng": 1596.49220216, "Shape_Area": 106607.018194, "density": "p", "hectares": 0.99041556921, "acres": 2.44737017041, "year_": 2012.0}}, {"type": "Feature", "geometry": {"type": "Polygon", "coordinates": [[[-70.68727795070063, 43.0644379784195], [-70.68727207066344, 43.06422363970238], [-70.68706624795705, 43.06406466503736], [-70.68680104765207, 43.06387320969671], [-70.68655350795983, 43.063614783696984], [-70.68654880620277, 43.06344331341236], [-70.68647068950163, 43.06320144920612], [-70.68627267523904, 43.063090008102996], [-70.6860188079854, 43.063074689567635], [-70.68558500996626, 43.063133496291265], [-70.68527166385158, 43.06331918219321], [-70.68503796361644, 43.063565639745335], [-70.68469902058004, 43.063765996718764], [-70.68476557523337, 43.06406044743343], [-70.68501036778825, 43.06421885228271], [-70.68545210551018, 43.06421234579962], [-70.6858985122784, 43.0641390587824], [-70.68627851967659, 43.064014333142566], [-70.68640818059242, 43.06400289211574], [-70.68670870059303, 43.064060406433825], [-70.68696025621671, 43.06422823839636], [-70.68704901714304, 43.06438417410522], [-70.68645345999545, 43.06446919538884], [-70.68587024050736, 43.06453020584336], [-70.68509967489437, 43.064632093080455], [-70.68433377644993, 43.06466719635007], [-70.68372300358853, 43.06467142119927], [-70.68338350618217, 43.064614472385244], [-70.68307492591357, 43.06449988645905], [-70.68302580385422, 43.06436718938145], [-70.68321275905357, 43.06431202412736], [-70.68349402693842, 43.06414110996922], [-70.68386284885668, 43.06384501658932], [-70.68432222182845, 43.063533294872705], [-70.68431883069196, 43.06340945420011], [-70.68417304717867, 43.063306769915556], [-70.6837282938998, 43.06296547066454], [-70.68335773809672, 43.0627231434293], [-70.68300719544203, 43.0624995798245], [-70.68307591355757, 43.062398503762424], [-70.68333484046904, 43.06236133897753], [-70.68385712479581, 43.06244895384706], [-70.68416101920356, 43.06258266546226], [-70.68462513072011, 43.062918913660276], [-70.68507273901977, 43.062902827300036], [-70.68574828700031, 43.062878544943004], [-70.68587703219046, 43.06283376284615], [-70.68659338626765, 43.06265166445829], [-70.68729635209131, 43.062455463906616], [-70.6874897291323, 43.06243525029444], [-70.68831633909296, 43.06234884252366], [-70.68841090978012, 43.06233895623335], [-70.68925407381974, 43.06227885985077], [-70.68994201723447, 43.06227377078799], [-70.69054702457194, 43.062269292494], [-70.69073571367767, 43.06219113601399], [-70.69081204795428, 43.06221772601738], [-70.69087417680825, 43.06235022737952], [-70.69095657998737, 43.06251101987414], [-70.69098740919885, 43.062686869733255], [-70.69084192879636, 43.06283197002059], [-70.69084389293803, 43.06290341625671], [-70.69097111420648, 43.063039721291965], [-70.69107937129749, 43.063195366467795], [-70.69097602141717, 43.063434568731445], [-70.69097486349838, 43.06343218333681], [-70.6908096078117, 43.063448920492775], [-70.69067360068053, 43.06350400073905], [-70.69058597684707, 43.06352775840312], [-70.69044192524274, 43.0635443347326], [-70.69030546826876, 43.063549287106056], [-70.68987234405962, 43.06339605799465], [-70.68912747913656, 43.06324981250245], [-70.6886221614333, 43.06330730412887], [-70.68809558992587, 43.063300779640386], [-70.68778809275888, 43.063462562004034], [-70.68789841496412, 43.06357529471749], [-70.68826208471717, 43.06368428872179], [-70.68844977209935, 43.063774436636876], [-70.68892664543445, 43.06374595523605], [-70.68897713228702, 43.06380953730722], [-70.68924362486567, 43.06392949356758], [-70.68924646663862, 43.06393407174869], [-70.68949861158498, 43.06434028345298], [-70.68903618557195, 43.06433102994646], [-70.68860757085632, 43.06434212182347], [-70.6883103163259, 43.064403688319274], [-70.68779624501678, 43.06461616921978], [-70.68743520201456, 43.06472155931882], [-70.68738633121224, 43.064598389944415], [-70.68727795070063, 43.0644379784195]]]}, "properties": {"Shape_Leng": 8974.10814801, "Shape_Area": 1022640.99277, "density": "sb", "hectares": 9.50068370835, "acres": 23.4767007195, "year_": 2012.0}}, {"type": "Feature", "geometry": {"type": "Polygon", "coordinates": [[[-70.68664068874769, 43.061848710181266], [-70.68737894357395, 43.061813999352346], [-70.68853294300663, 43.06183271156831], [-70.6889828357795, 43.061803792240994], [-70.68925462860157, 43.061786320453926], [-70.69032350361087, 43.061663320627], [-70.69104567622797, 43.061634780639984], [-70.69110778538298, 43.06163504550668], [-70.69167123000418, 43.06163744510571], [-70.69176513203482, 43.06180283131195], [-70.69167957953317, 43.06194109072558], [-70.69139702220608, 43.062004831171144], [-70.69116351047873, 43.06207975764529], [-70.69108444016041, 43.0621583579511], [-70.69076013485292, 43.06218102035317], [-70.69073571367767, 43.06219113601399], [-70.69054702457194, 43.062269292494], [-70.68994201723447, 43.06227377078799], [-70.68925407381974, 43.06227885985077], [-70.68841090978012, 43.06233895623335], [-70.68831633909296, 43.06234884252366], [-70.6874897291323, 43.06243525029444], [-70.68729635209131, 43.062455463906616], [-70.68659338626765, 43.06265166445829], [-70.68587703219046, 43.06283376284615], [-70.68574828700031, 43.062878544943004], [-70.68507273901977, 43.062902827300036], [-70.68513196809884, 43.062817987605165], [-70.68504636447268, 43.06265843001314], [-70.68515645550737, 43.062525770829936], [-70.68537096334357, 43.06234987936654], [-70.6854326605407, 43.06222984551752], [-70.68567980941773, 43.062059428174884], [-70.68593022094106, 43.06200808890559], [-70.68664068874769, 43.061848710181266]]]}, "properties": {"Shape_Leng": 3946.07716818, "Shape_Area": 380276.145798, "density": "p", "hectares": 3.53289512998, "acres": 8.72997398776, "year_": 2012.0}}, {"type": "Feature", "geometry": {"type": "Polygon", "coordinates": [[[-70.68904916925308, 43.05807235289283], [-70.68970501473908, 43.058057164815516], [-70.69030361660725, 43.05826274765126], [-70.69118476395656, 43.05842650597969], [-70.69275609484103, 43.05898181910277], [-70.69332102632572, 43.05960022191661], [-70.69319022212125, 43.06042177209173], [-70.69282795474068, 43.06079676240683], [-70.69202384739134, 43.06116764257648], [-70.6918577531661, 43.06133091748998], [-70.6914433839131, 43.06162294451959], [-70.69110778538298, 43.06163504550668], [-70.69104567622797, 43.061634780639984], [-70.69032350361087, 43.061663320627], [-70.6889828357795, 43.061803792240994], [-70.68853294300663, 43.06183271156831], [-70.68751698081049, 43.0618119634005], [-70.68735927441043, 43.061689208375576], [-70.68720789076909, 43.06150084057723], [-70.68713754340105, 43.061305321374746], [-70.68716545000001, 43.061138134079634], [-70.68712545973499, 43.06086473630384], [-70.6873399561308, 43.06068884098643], [-70.68739385496677, 43.06058083385077], [-70.68809389536607, 43.06033821260443], [-70.6886611278072, 43.06028814765786], [-70.68885868094752, 43.06021496327085], [-70.68903820651374, 43.06012654234202], [-70.68914144044179, 43.06003089466904], [-70.68985960675316, 43.05965140041023], [-70.68909180558249, 43.05882705435443], [-70.68904916925308, 43.05807235289283]]]}, "properties": {"Shape_Leng": 5238.52595385, "Shape_Area": 1386051.90565, "density": "h", "hectares": 12.8768950708, "acres": 31.8195006858, "year_": 2012.0}}, {"type": "Feature", "geometry": {"type": "Polygon", "coordinates": [[[-70.68513352419679, 43.064950305354195], [-70.68520888995334, 43.065032583642335], [-70.6851540050915, 43.06510486647392], [-70.68474476318217, 43.065289581555774], [-70.68441704698496, 43.06548500746825], [-70.68413462760799, 43.06555468384653], [-70.68374745830144, 43.065655682809464], [-70.683436303956, 43.06586277379311], [-70.68307916940549, 43.065873984720284], [-70.6814730995101, 43.065665306466045], [-70.68107536316711, 43.065677107636255], [-70.68068022984394, 43.0657841694015], [-70.68044457533611, 43.06578167416282], [-70.68044164658762, 43.06567450476641], [-70.680326009783, 43.06560472781539], [-70.68051910877557, 43.065536373195464], [-70.68074599200513, 43.06551517162763], [-70.68094200392022, 43.065256172344], [-70.68115231842006, 43.06522330160034], [-70.68191105136047, 43.064747561463584], [-70.6820992819579, 43.06479840008328], [-70.68247493249274, 43.06487030835066], [-70.68293227494338, 43.06495888202904], [-70.68308998188765, 43.06508164309224], [-70.68347375363419, 43.06515342795143], [-70.6836208976211, 43.06518700064719], [-70.68425395624276, 43.065165770135366], [-70.68476211088854, 43.06503320658504], [-70.68490697122246, 43.064983423972066], [-70.68513352419679, 43.064950305354195]]]}, "properties": {"Shape_Leng": 2962.81754308, "Shape_Area": 269075.290251, "density": "h", "hectares": 2.49980124451, "acres": 6.17714340117, "year_": 2012.0}}, {"type": "Feature", "geometry": {"type": "Polygon", "coordinates": [[[-70.72850847772213, 43.07650684735582], [-70.72851561295937, 43.07641382226717], [-70.72857047274994, 43.07628433864826], [-70.72859886190639, 43.076146244022674], [-70.72868109493126, 43.07605752068191], [-70.72873300851693, 43.075958612816], [-70.72878199447229, 43.075773645572454], [-70.7288855644787, 43.075700605791525], [-70.72884797109928, 43.07580838603833], [-70.72877787536996, 43.07595395228005], [-70.72878186941897, 43.07617393155458], [-70.72873972021087, 43.076235322553586], [-70.72872374403201, 43.07636064489238], [-70.72869198287141, 43.076465349330164], [-70.72861131246766, 43.07652316233815], [-70.72850847772213, 43.07650684735582]]]}, "properties": {"Shape_Leng": 664.378687142, "Shape_Area": 9540.75478015, "density": "h", "hectares": 0.0886368668441, "acres": 0.219026467936, "year_": 2012.0}}, {"type": "Feature", "geometry": {"type": "Polygon", "coordinates": [[[-70.72354091829513, 43.08010428663422], [-70.72348506510406, 43.080140865065694], [-70.72345903038472, 43.08008169553205], [-70.72342470530063, 43.080016693943], [-70.72348901417173, 43.07999189989122], [-70.72360255731301, 43.07998423291415], [-70.72359610395802, 43.08004389259874], [-70.72354091829513, 43.08010428663422]]]}, "properties": {"Shape_Leng": 166.267402274, "Shape_Area": 1625.41570258, "density": "h", "hectares": 0.015100666406, "acres": 0.0373145593265, "year_": 2012.0}}, {"type": "Feature", "geometry": {"type": "Polygon", "coordinates": [[[-70.7431803611346, 43.07509195724519], [-70.74312010354514, 43.075035013859235], [-70.74310878304466, 43.07496252270717], [-70.74312320200208, 43.074897949157375], [-70.74326871115571, 43.07487190624296], [-70.74342700144167, 43.07495284033995], [-70.74357585906874, 43.07496990836021], [-70.7435830619086, 43.0750696284643], [-70.7435445385327, 43.075144417956544], [-70.74330483862605, 43.07508386205017], [-70.7431803611346, 43.07509195724519]]]}, "properties": {"Shape_Leng": 375.238899178, "Shape_Area": 8129.03636627, "density": "h", "hectares": 0.0755215211555, "acres": 0.186617742941, "year_": 2012.0}}]}