{"type": "FeatureCollection", "features": [{"type": "Feature", "geometry": {"type": "Polygon", "coordinates": [[[-70.8712940209454, 43.079878341442196], [-70.87139276273697, 43.079734259213865], [-70.87146374683698, 43.079617235412876], [-70.87170260413697, 43.07932901949251], [-70.87183357941954, 43.07911839850873], [-70.87207258487244, 43.07881843110404], [-70.87224447465113, 43.07857964241525], [-70.87220434785293, 43.078584562804075], [-70.87225374354482, 43.07850947234191], [-70.87229334881138, 43.078430942882555], [-70.87233274517422, 43.078368576964415], [-70.87241322388742, 43.078326702445516], [-70.8724555589584, 43.07825021250027], [-70.8724865819938, 43.078195870914726], [-70.87252563879035, 43.07815977070677], [-70.87253676804576, 43.07815176543883], [-70.87255655734697, 43.07811351087971], [-70.87254592386682, 43.07808312769859], [-70.87257954640043, 43.07804092788129], [-70.87264634780685, 43.07799087577818], [-70.87268285687323, 43.07793859282923], [-70.87274185901144, 43.077852115286234], [-70.87279534857619, 43.077765599467774], [-70.87286514044597, 43.07769738234628], [-70.87288765951038, 43.07766116728874], [-70.87292616804905, 43.07766749628399], [-70.8729256725279, 43.07770588474146], [-70.87292548996722, 43.0777200278573], [-70.87295853830193, 43.07772227771527], [-70.87298675226664, 43.07767195775643], [-70.8729760925681, 43.07764359505704], [-70.87297104958617, 43.077607188810006], [-70.87300461941005, 43.077569029750336], [-70.87301619180425, 43.077526676864814], [-70.87304695321298, 43.07749253956621], [-70.87305270027645, 43.07747439378897], [-70.87301718272639, 43.07744989994553], [-70.87300652305072, 43.07742153724806], [-70.87303200672542, 43.077369177712654], [-70.87307657504, 43.07733311553548], [-70.87310177180441, 43.07730298088182], [-70.87315799048282, 43.077218504436814], [-70.8732111660583, 43.077156233750785], [-70.87323620626726, 43.07713822173833], [-70.87328899067968, 43.07710625769668], [-70.87329455516226, 43.07710225502384], [-70.87334187930068, 43.077066211847864], [-70.87340857476812, 43.07702424106027], [-70.87341172189073, 43.076993953482386], [-70.87340353157522, 43.07698783482675], [-70.87335665064361, 43.0769895304546], [-70.87328712080588, 43.077037543439666], [-70.87326496716638, 43.07704547234617], [-70.87324291779748, 43.0770453194663], [-70.87322125947527, 43.07701485989958], [-70.87323031006744, 43.07695430386573], [-70.87325836703849, 43.07691610650201], [-70.87330873395095, 43.07685785754584], [-70.8733784460175, 43.07679570142475], [-70.87341750139343, 43.07675960089236], [-70.87353445877238, 43.07666746277798], [-70.87359067626555, 43.07658298610171], [-70.87361901945991, 43.076522563739395], [-70.8736388336068, 43.076482288526854], [-70.87369250307151, 43.076381629127226], [-70.87378977559588, 43.07631966373136], [-70.87379562652686, 43.07629343612629], [-70.87379373004782, 43.07622674230962], [-70.87380519743418, 43.076192471112456], [-70.8738219947263, 43.07617238122869], [-70.87383060175979, 43.0761461727169], [-70.87383413935515, 43.07608557842874], [-70.87385109289728, 43.076053365863096], [-70.87388715697207, 43.076035430080125], [-70.87394566070539, 43.0759873403381], [-70.87395704982684, 43.075959130462], [-70.87398879957367, 43.075848215931856], [-70.87401165584107, 43.075785734828635], [-70.87403435581001, 43.07573537639797], [-70.87406246379899, 43.07569313792784], [-70.8741326685048, 43.07559259283578], [-70.87419996065987, 43.07550415128961], [-70.87425042964828, 43.075437820102124], [-70.87428922331054, 43.075421923718686], [-70.87432552117451, 43.07538580377208], [-70.87432583355813, 43.07536155841247], [-70.87431486123732, 43.07535744118438], [-70.87427073766517, 43.075359156281095], [-70.874257347697, 43.0753287541566], [-70.87426894481959, 43.075284380671064], [-70.87428574170879, 43.07526429071288], [-70.87429161835449, 43.075236042628504], [-70.8743142137567, 43.075193765920844], [-70.87434499929498, 43.075157607797735], [-70.87436717814498, 43.07514765822627], [-70.87439481710163, 43.07514178770774], [-70.87444731288556, 43.07513204801675], [-70.87445854544926, 43.0751159607642], [-70.87443400096207, 43.07509558457107], [-70.87441795899984, 43.07505708159572], [-70.87444890057348, 43.07500880076189], [-70.87446000297771, 43.075002815742806], [-70.87448790212346, 43.07497674073262], [-70.8744911006475, 43.074942412215485], [-70.87449715934747, 43.0749000209898], [-70.87453080480253, 43.074855800104444], [-70.87454767956018, 43.07482964876391], [-70.8745592503505, 43.074787295689646], [-70.87458454942318, 43.07474907889419], [-70.87464068562578, 43.07467066298958], [-70.87468512092961, 43.07464470238125], [-70.87471601004543, 43.07460046236258], [-70.8747358488565, 43.074558166488906], [-70.87475555755455, 43.074525972846985], [-70.87476151195979, 43.0744916633911], [-70.87477836050134, 43.0744675324605], [-70.87480638934368, 43.07443135513124], [-70.87485072034873, 43.07441347624448], [-70.87484565047838, 43.074379090500166], [-70.87486260300919, 43.07434687776716], [-70.87487939944513, 43.074326787714995], [-70.87490768828162, 43.07427040588608], [-70.87496052137315, 43.07423440013631], [-70.87497781192621, 43.074175921568845], [-70.87498907018264, 43.07415781381166], [-70.87500901269281, 43.0741074360951], [-70.87503420717148, 43.07407730098102], [-70.87507583382862, 43.074055362042365], [-70.87509273413653, 43.07402719016676], [-70.87511249448413, 43.07399095556255], [-70.87516795323349, 43.07396507101417], [-70.87519057355814, 43.073920773668064], [-70.87521592387887, 43.073878515826145], [-70.87527208446933, 43.07379807913958], [-70.87532522891209, 43.07373782784133], [-70.87540887145184, 43.07366364301252], [-70.87547311769472, 43.07359740652573], [-70.8755593859302, 43.07353334287678], [-70.87559565593445, 43.07349924294855], [-70.87572079388596, 43.07341322097275], [-70.87580141968238, 43.07335922127677], [-70.87585412156658, 43.07333331733883], [-70.87589304337976, 43.07330731815142], [-70.87595130914298, 43.073277411361566], [-70.87599865473908, 43.07323934657897], [-70.87605692038683, 43.07320943973407], [-70.87615652597508, 43.073179818447116], [-70.87619864502558, 43.07311949057032], [-70.87630979367869, 43.07304953633003], [-70.87639333024556, 43.0729834325498], [-70.87655156383958, 43.07289561758223], [-70.87682364857898, 43.072741907561394], [-70.87714851045453, 43.0725562309846], [-70.87739529587617, 43.07244073697125], [-70.87771147188056, 43.072287328923224], [-70.87824109801409, 43.07203840068553], [-70.87850449267141, 43.071916956814654], [-70.8788871421829, 43.07173773515123], [-70.87924745750642, 43.071580585431676], [-70.87954698554385, 43.071435140236396], [-70.87973547410266, 43.07135157019337], [-70.87988785093498, 43.07128997847261], [-70.87998227572355, 43.07123405004922], [-70.88009568166639, 43.07120249956075], [-70.88014575318162, 43.07116647240974], [-70.88019855471369, 43.0711324846278], [-70.88027886361526, 43.07110272711336], [-70.88037581120629, 43.0710650013568], [-70.88045640402838, 43.07101301875348], [-70.88061702119657, 43.07095350329988], [-70.88070276401312, 43.070929844698334], [-70.88075541013588, 43.07090797936204], [-70.8808219131656, 43.07088014727562], [-70.88090237631168, 43.07083826660878], [-70.88099373388957, 43.070806563827766], [-70.88106829793907, 43.070794951972005], [-70.88112367390893, 43.07077512583495], [-70.88116805206839, 43.070753203550964], [-70.8812261838626, 43.07073339628073], [-70.88136176437936, 43.07069189358796], [-70.88140060481786, 43.07067195383895], [-70.88148624377764, 43.070656376450806], [-70.88158027931071, 43.070630753460904], [-70.88171328397468, 43.07057508827673], [-70.88187626799366, 43.07054589671621], [-70.88197859662905, 43.07051830964366], [-70.8821308660977, 43.07046479670169], [-70.88232151150288, 43.0704277116291], [-70.88244586102171, 43.07040229569943], [-70.88284657072622, 43.070318154053226], [-70.88313655543448, 43.07027164486574], [-70.88331586738295, 43.0702587280802], [-70.88347861829429, 43.07024771829899], [-70.88355864151686, 43.07024018343875], [-70.8837159063143, 43.07022711514733], [-70.88378503457731, 43.07020940244002], [-70.88409142478375, 43.07017310621053], [-70.88428974465579, 43.070182544805256], [-70.88446344161058, 43.07017767034701], [-70.88465096927133, 43.07016884888423], [-70.88490456073035, 43.07016654034138], [-70.88524100798016, 43.07015065265661], [-70.88553884723737, 43.07013652107775], [-70.88592211831616, 43.070122971631115], [-70.88607392190366, 43.07010582157901], [-70.88638311746118, 43.07006549708827], [-70.88687716053339, 43.070010266493505], [-70.88714524761951, 43.069951474143814], [-70.88728630863302, 43.06991202238157], [-70.88781153401612, 43.069788298725236], [-70.88818753225884, 43.069695887643064], [-70.88864669039194, 43.069565648789016], [-70.88892612938928, 43.069480661255795], [-70.8891421833292, 43.06939524238285], [-70.88922519047762, 43.06936953816573], [-70.88933590912445, 43.06933189835484], [-70.8896129476346, 43.06921860401918], [-70.89008661813168, 43.06902985965511], [-70.89028059684219, 43.068946309441344], [-70.89050233714502, 43.06884678216008], [-70.89072685803224, 43.068745252671214], [-70.89089041918037, 43.0686695776808], [-70.89099031616998, 43.068615697860544], [-70.8910762046909, 43.06857990867728], [-70.89125635071477, 43.06850030430602], [-70.89160508357959, 43.06838344964596], [-70.89172970525685, 43.06833579852394], [-70.89235181886885, 43.068176338707936], [-70.89272213652556, 43.068095998024305], [-70.89307836942035, 43.06803980848691], [-70.89357818148056, 43.06796236098413], [-70.89380175486548, 43.06793558235143], [-70.89419932250428, 43.06787966847975], [-70.89449993017199, 43.067863511613304], [-70.8947981368581, 43.06781904893944], [-70.89520108772848, 43.06777327104553], [-70.8954771966887, 43.06773269888522], [-70.89572845274853, 43.06769599988824], [-70.89608736054406, 43.067645880885216], [-70.8964127685238, 43.067629885989156], [-70.89670503131062, 43.067619729048296], [-70.8968540448609, 43.06760456653487], [-70.89692574528094, 43.067601007589104], [-70.89699994865471, 43.0676176717363], [-70.89704055203148, 43.067676543100575], [-70.8970973362234, 43.067763812091066], [-70.89712077323607, 43.067873083736984], [-70.89712532428682, 43.067949898290735], [-70.89713045670194, 43.06798024225811], [-70.8971220124244, 43.067994329883945], [-70.89710249446112, 43.06801238430001], [-70.89708454421161, 43.06812541887403], [-70.89707584712134, 43.068159711097394], [-70.8970244227722, 43.068304850616], [-70.89695383397724, 43.06843975805392], [-70.89687560957597, 43.068524098330656], [-70.896747097592, 43.06866265723433], [-70.89664422204687, 43.068734707712125], [-70.896455587038, 43.06883244910264], [-70.8962531470129, 43.068932117869814], [-70.89603103584606, 43.06906196325315], [-70.89586722667873, 43.0691578502193], [-70.89575817922298, 43.0692823946925], [-70.89571335141959, 43.069340690952565], [-70.89568455209009, 43.06943950777854], [-70.89563395913794, 43.06951797145995], [-70.89557798099489, 43.06958629568288], [-70.89555011852447, 43.0696103554889], [-70.89548933777785, 43.06962206967636], [-70.89542069478948, 43.06960140076941], [-70.89537412399247, 43.06957885996222], [-70.89534618543757, 43.06960898109446], [-70.89540087180012, 43.0696437003884], [-70.89547229601587, 43.069662367420904], [-70.8955190695576, 43.06966874451763], [-70.89553560468894, 43.06966885594369], [-70.89551825897497, 43.06973339920119], [-70.89541702135564, 43.069894367295], [-70.8954033124146, 43.07010846162172], [-70.89540485221768, 43.07020546221085], [-70.89538219712873, 43.07025380462216], [-70.89536540847837, 43.070273897758625], [-70.89529891256745, 43.070301738356356], [-70.89530978407261, 43.07031393541403], [-70.89538715150982, 43.070298291860546], [-70.89544017197254, 43.070246112841865], [-70.89543681358661, 43.07007433670911], [-70.89548060891431, 43.06987863080336], [-70.89553416086775, 43.0697840220987], [-70.89567117343742, 43.06962733619582], [-70.89572995801333, 43.06955498957538], [-70.89575246062749, 43.069518769839455], [-70.89583447776337, 43.06957185871147], [-70.89596617635253, 43.06961922024651], [-70.8961648761996, 43.06959833137399], [-70.89636324697936, 43.06960370812626], [-70.89657208469887, 43.069653608825206], [-70.89664320576703, 43.06969652064229], [-70.89665958915084, 43.06970875466242], [-70.8967416832018, 43.06975578151224], [-70.89685967944598, 43.06979698793765], [-70.89701916549548, 43.06982634951982], [-70.89716011895501, 43.06979496737205], [-70.8972788737504, 43.06977555957864], [-70.89735328200223, 43.069776059833906], [-70.89740541594654, 43.06979459597394], [-70.89745446558561, 43.06983937954237], [-70.89746794170453, 43.06986371768164], [-70.89741204107182, 43.069925981431915], [-70.89730643356388, 43.06999599349353], [-70.8973139935607, 43.07005262194686], [-70.89741285124795, 43.070081575350954], [-70.89758136383674, 43.07005037794269], [-70.8976450520654, 43.07002655840673], [-70.89772509866526, 43.07001699316381], [-70.89798382241794, 43.07004499956087], [-70.89801699389797, 43.07003713986021], [-70.8980072328666, 43.069936042817886], [-70.89804126271792, 43.06985948747014], [-70.89821814295209, 43.069820262806815], [-70.8983202613455, 43.06980882473231], [-70.89838966265884, 43.069768878102785], [-70.8983763123783, 43.06973443776797], [-70.89833264766955, 43.06969979389739], [-70.89825834045573, 43.06969121243895], [-70.89808714906243, 43.069716330966756], [-70.8979491036061, 43.06973561001466], [-70.89780306829672, 43.06973260828762], [-70.8976543276661, 43.069725546934826], [-70.89753605310537, 43.0697065663833], [-70.89729401776756, 43.06966654739851], [-70.8971312453082, 43.069679597320935], [-70.89702366577195, 43.06968695634557], [-70.89692159792595, 43.06969435234385], [-70.8967839315112, 43.06968332309135], [-70.8966634579046, 43.06961987299176], [-70.8965677113168, 43.069562651060714], [-70.89647434126884, 43.06953575448924], [-70.8963863564905, 43.06951899723945], [-70.89626785498282, 43.06951819951634], [-70.89616864442199, 43.06951753156076], [-70.89605567993362, 43.06951475026966], [-70.89596772061971, 43.06949597223987], [-70.89589086070274, 43.06947120701476], [-70.89588312485188, 43.06942872168631], [-70.89592241555931, 43.0693724086964], [-70.8960006423538, 43.06928806910215], [-70.89617302287358, 43.069167992102194], [-70.89624245014011, 43.06912602631629], [-70.8963674999488, 43.0690440223225], [-70.89653651612866, 43.06897241723825], [-70.89661946910323, 43.06895074854639], [-70.89670833832083, 43.06889678952336], [-70.89676949745933, 43.06885476778334], [-70.89685823997755, 43.06881091093987], [-70.89694104092437, 43.068801364770756], [-70.89701762235342, 43.06884835434884], [-70.89708583532085, 43.068903370116395], [-70.89719035435584, 43.06892023801027], [-70.89730296402024, 43.06895130461319], [-70.89739337558329, 43.06899434566147], [-70.8974561279256, 43.069045283238886], [-70.8975270468075, 43.069104358190636], [-70.89756810638472, 43.069126861083575], [-70.89764499182527, 43.06914960472541], [-70.89771100553507, 43.06916015148289], [-70.89774405028436, 43.06916239415724], [-70.89800034285528, 43.06916411599375], [-70.89807209553128, 43.069156515423686], [-70.89808587470093, 43.06915660797063], [-70.89813537873508, 43.06916502296709], [-70.89809447039575, 43.06913039751436], [-70.8980782383527, 43.069106040935715], [-70.89811985352009, 43.06908409350569], [-70.89811446808316, 43.06907395418723], [-70.8979734915017, 43.069107357991236], [-70.89770888115815, 43.06910962146206], [-70.89754421338587, 43.06905395782433], [-70.89741853176679, 43.068966225951115], [-70.89734462989485, 43.06892531654584], [-70.89716651243424, 43.06884329375373], [-70.89707076657089, 43.0687860722416], [-70.89704963010296, 43.068713187413834], [-70.8970833318247, 43.06866289831828], [-70.89713642525994, 43.068604657096806], [-70.89719530822698, 43.06852422784962], [-70.89721821397747, 43.068455680447805], [-70.89725578320704, 43.06831650958012], [-70.89727355630085, 43.06821761820254], [-70.8973030095209, 43.06806626896431], [-70.89731736831517, 43.067799642309524], [-70.89729681309916, 43.06768028692566], [-70.89731660886741, 43.067640007409295], [-70.89738598308902, 43.06760208182005], [-70.89754058375519, 43.067580894080265], [-70.8976095283512, 43.06757731618367], [-70.89767028142595, 43.0675676213078], [-70.89779719802686, 43.06755635033299], [-70.89785251528585, 43.0675405569464], [-70.89797389503028, 43.06753126920693], [-70.89805671933556, 43.06751970175295], [-70.89816164017552, 43.06750424137378], [-70.89834109264736, 43.06747917818498], [-70.89845969121346, 43.0674718918871], [-70.898481434506, 43.06749628541477], [-70.89845627941584, 43.067524405374364], [-70.89855465425578, 43.06759174653723], [-70.89873377893015, 43.067592948728], [-70.89893527754752, 43.06756803255048], [-70.89929974405794, 43.067513899498444], [-70.8996400127529, 43.06741110796286], [-70.89984446767772, 43.067370044953776], [-70.8999247371499, 43.06734229398262], [-70.90000217525359, 43.06732058587753], [-70.90009561907168, 43.067341418181186], [-70.90021118451695, 43.06735633668479], [-70.9002603349889, 43.06739303722258], [-70.90033957232447, 43.067448124898945], [-70.90042123838266, 43.067529496978935], [-70.9004561572971, 43.067602473485415], [-70.90043813783113, 43.067721570027594], [-70.90033663953187, 43.06790476773455], [-70.90029755517844, 43.06794491859884], [-70.90028567618569, 43.06801354047498], [-70.90022181483069, 43.06805150474461], [-70.90013605816311, 43.068077198534205], [-70.90004759599775, 43.06809883287411], [-70.89999776517786, 43.06811668470811], [-70.89997794581792, 43.06815898515881], [-70.90006908834378, 43.068143430719694], [-70.90019340099808, 43.06812001586329], [-70.90020169354017, 43.068118050775716], [-70.90021198661533, 43.06817671799433], [-70.90019219255815, 43.06821699802107], [-70.90018910947693, 43.06824324556362], [-70.90025006421597, 43.06821738562822], [-70.90029018085335, 43.06809439585485], [-70.90037145787305, 43.06798582611004], [-70.90047525898873, 43.06783901514005], [-70.90056475232824, 43.06773454152519], [-70.9006235545048, 43.06766017184684], [-70.90063192245425, 43.06765214534132], [-70.90070832921057, 43.067713275703554], [-70.90085836224813, 43.06783753829662], [-70.90096873348124, 43.06804842241822], [-70.90105646598677, 43.068085380762966], [-70.9012453331536, 43.06818969634888], [-70.90124924158432, 43.06836307935448], [-70.90110664039474, 43.06861875997787], [-70.90111619678466, 43.06889059462625], [-70.90104451923237, 43.0690691422617], [-70.90085560476975, 43.06930146234354], [-70.90073642606109, 43.06935543039195], [-70.90061906867997, 43.06939567054733], [-70.90049251860023, 43.0694002785376], [-70.9003753514178, 43.06942434984383], [-70.90017159961282, 43.06949612432927], [-70.90015438962645, 43.06957036468375], [-70.9000343223011, 43.06960613393259], [-70.89978027980837, 43.06964484432395], [-70.8996641559032, 43.06967437549739], [-70.89959508307267, 43.06968805691743], [-70.89959169729086, 43.06973854996405], [-70.89963273285848, 43.069763072583534], [-70.89962952347298, 43.069799422405396], [-70.89975652990682, 43.07000233660889], [-70.89992603397532, 43.07011258646132], [-70.89994070548966, 43.07026221134972], [-70.89982895872598, 43.070382700340375], [-70.89978320186299, 43.07051575525004], [-70.89990750472144, 43.07071460988595], [-70.89995565022879, 43.07083212897514], [-70.89990938953868, 43.07100559313439], [-70.89967653189316, 43.07111314662009], [-70.89948356691264, 43.07111589436689], [-70.89914198380545, 43.07110148004306], [-70.89882846454603, 43.071046840425275], [-70.89855863680683, 43.071024823293506], [-70.89808006653783, 43.07094482608811], [-70.89736211378198, 43.071053156971104], [-70.89712549451373, 43.071064508336555], [-70.89674484387747, 43.071309677996176], [-70.89647557651196, 43.07146275270085], [-70.89629801249147, 43.07167807477499], [-70.89629767375096, 43.07168099468434], [-70.8962703959481, 43.071916125647846], [-70.89623261083258, 43.07203814224205], [-70.89619868400584, 43.072141578345644], [-70.89615408070179, 43.07222899416166], [-70.89608446587434, 43.07228700282499], [-70.89597450538844, 43.07238195263375], [-70.89587242823343, 43.07242645220883], [-70.89575940812007, 43.072476194101874], [-70.89559194022189, 43.07253088514321], [-70.89547176887274, 43.07257260437047], [-70.89538063391143, 43.072611861117664], [-70.89520212240365, 43.07267976747336], [-70.89507473303117, 43.07271877955608], [-70.89496523710704, 43.07277651861677], [-70.89489558718924, 43.072837184377256], [-70.8948117356627, 43.07287383172599], [-70.89478008037572, 43.07292932725954], [-70.89484652575442, 43.07296793876597], [-70.89485683981499, 43.0730245859262], [-70.89471241170416, 43.07311251936483], [-70.8943931206096, 43.07307803495329], [-70.89421947679412, 43.07285863508445], [-70.89415485555607, 43.072736961151996], [-70.89406788210901, 43.072639383812884], [-70.89398060433166, 43.07256605189358], [-70.89393701629123, 43.072525344994986], [-70.89385913793473, 43.07258139667853], [-70.8937568755471, 43.072823181431986], [-70.89379802622847, 43.07305785225896], [-70.89375271133149, 43.07315453635641], [-70.89347548466112, 43.07328198375509], [-70.89312149485549, 43.07337658154699], [-70.89216986203857, 43.073653032651386], [-70.892047985895, 43.07370070278386], [-70.89187292335612, 43.07359444495418], [-70.89182923418208, 43.07356181908814], [-70.89170837633415, 43.07352867063098], [-70.89175104710371, 43.07364211476999], [-70.89186006652632, 43.07373984312344], [-70.89191406731234, 43.07382911637537], [-70.89165816927694, 43.07401328133272], [-70.89127980599564, 43.074291585467485], [-70.89108522560173, 43.07442160764372], [-70.89087436283558, 43.074531312823105], [-70.89062200522177, 43.0746528599793], [-70.89040899683546, 43.07471405468077], [-70.89026815627906, 43.07473532609824], [-70.88995710215728, 43.07470290582474], [-70.88964140418211, 43.07460175183278], [-70.8892828616226, 43.07440129515943], [-70.88888772612962, 43.0742612074803], [-70.88838079614557, 43.0740253886379], [-70.88810641932608, 43.07392653206168], [-70.88796943590901, 43.07386093989858], [-70.88793419583476, 43.07381422564818], [-70.88783847658813, 43.07375497601346], [-70.88770371246085, 43.073731831821505], [-70.88735466928917, 43.073652671427205], [-70.88718435890917, 43.07360705763256], [-70.88682684411047, 43.07354400294458], [-70.88665875232651, 43.073540836673494], [-70.88641408149263, 43.07349067358793], [-70.88627102480756, 43.073469491793816], [-70.8861662191455, 43.07347483888615], [-70.88585999316476, 43.0734969973607], [-70.88507427067535, 43.0735118397249], [-70.88473453520072, 43.07356811698002], [-70.88432561576879, 43.07364614716163], [-70.88420388791607, 43.0736816861796], [-70.88384439561243, 43.07377419699357], [-70.88348742671047, 43.07388490959511], [-70.88313004467271, 43.07402794829316], [-70.88295221610888, 43.074139885680474], [-70.88286358483913, 43.074173629304525], [-70.88281062761321, 43.0742197409963], [-70.88269979319843, 43.07426545616535], [-70.88264982364339, 43.07429340260224], [-70.88244149644248, 43.074419274620034], [-70.8820937670276, 43.07466946946585], [-70.88193517569388, 43.07478557840429], [-70.88170100906642, 43.07499209695117], [-70.88164467518655, 43.07508667998607], [-70.88157226886003, 43.07514478143331], [-70.88149682254401, 43.075225088874255], [-70.88139062034934, 43.07533953587092], [-70.88135427502792, 43.075379698991995], [-70.88105784364096, 43.07571308837718], [-70.88090962673644, 43.07587978276506], [-70.88072748331366, 43.07611292463261], [-70.88059005666399, 43.076297878343205], [-70.8804613109362, 43.07645056149749], [-70.88037406191214, 43.07659140588568], [-70.88023621969018, 43.07680868632376], [-70.88012684273336, 43.07695544031694], [-70.87999165159876, 43.07718082117294], [-70.87987954304984, 43.07732553551391], [-70.87973979445717, 43.07747612154689], [-70.87969731381023, 43.077564736964014], [-70.87963784499873, 43.07767280570762], [-70.87958989345933, 43.07767868885088], [-70.87958903023095, 43.07774613009593], [-70.87945928782652, 43.07786275479243], [-70.8794319697605, 43.07790957372327], [-70.87932914371152, 43.07801071448329], [-70.87930243034842, 43.078010294702146], [-70.87930177532542, 43.07806145027395], [-70.87925268265022, 43.07813945724142], [-70.8791768733759, 43.07821728033206], [-70.87907404638867, 43.07831842085008], [-70.87898230708605, 43.078388299690076], [-70.87895493824234, 43.078439035390865], [-70.87892736863837, 43.07850543865526], [-70.87890300437478, 43.0785648666955], [-70.87885140794651, 43.07859501219645], [-70.87878813007868, 43.07867967826306], [-70.87876985275228, 43.07870413335579], [-70.87871531515202, 43.078789937068485], [-70.87861233584191, 43.0789028278246], [-70.87854786417574, 43.078929804473006], [-70.87851479992682, 43.07900792150179], [-70.87848379127762, 43.07902253473199], [-70.87843294231284, 43.079140543755415], [-70.87834115083157, 43.07921433894769], [-70.87825455184758, 43.07929992155361], [-70.87816800285029, 43.0793815871994], [-70.87798996267706, 43.07951354632885], [-70.87777416604177, 43.079672665549595], [-70.87735900200876, 43.079959678182036], [-70.87723140945303, 43.08001953546908], [-70.87702256109803, 43.080166276327574], [-70.87669464734985, 43.080316785281276], [-70.87654272700962, 43.08037527617492], [-70.87633482212719, 43.08045532118259], [-70.87571235775717, 43.08065471664666], [-70.87529435469803, 43.08074584028099], [-70.8749408256791, 43.080809987834854], [-70.87474431469995, 43.080881488633395], [-70.87439926333118, 43.08095117731151], [-70.87395388220828, 43.08109303055189], [-70.87339033452851, 43.081281069767684], [-70.8728371165694, 43.08149659850864], [-70.87219229454026, 43.08177024713678], [-70.87200385122897, 43.081878621236065], [-70.87201519448182, 43.0818840977744], [-70.87175647559076, 43.08199833735887], [-70.87133215138947, 43.08216383003935], [-70.87122426532514, 43.08224142484042], [-70.87116857118552, 43.08229289776163], [-70.87113328757967, 43.08229667809111], [-70.87108426645958, 43.08232271351154], [-70.87093943052035, 43.082364796023384], [-70.87079500001359, 43.08237554329106], [-70.87058680072599, 43.08235842611473], [-70.87056385477146, 43.08235768625959], [-70.8703738150213, 43.082378046171755], [-70.87018185093196, 43.082265511789345], [-70.87008159058999, 43.08216688301038], [-70.87003324242002, 43.08209888697623], [-70.87005199211798, 43.08195203694235], [-70.87019429835267, 43.08171718549378], [-70.87031535783503, 43.081447738793266], [-70.87042466393378, 43.08126047211935], [-70.87054409853377, 43.0811163653961], [-70.87068597152972, 43.08089015267254], [-70.87086590699487, 43.080613280402545], [-70.87098055337927, 43.080426050306045], [-70.87106849366991, 43.08025606922348], [-70.87114384765047, 43.0801960686977], [-70.87125844172601, 43.08001275518066], [-70.8712940209454, 43.079878341442196]]]}, "properties": {"id": 1, "Hectares": 128.13168140129, "Acres": 316.61979132666, "Year": "2016", "LABEL": "Great Bay", "100 M2?": "y"}}, {"type": "Feature", "geometry": {"type": "Polygon", "coordinates": [[[-70.88133475132096, 43.07972271750675], [-70.88122545699265, 43.07977643942863], [-70.88097877096081, 43.07984597862088], [-70.88081162267243, 43.079953774955214], [-70.88056413198039, 43.08008616009085], [-70.88015082963621, 43.08022159529223], [-70.87978405595128, 43.08029449659664], [-70.87964666307933, 43.08031031236182], [-70.87951514682072, 43.08031359791385], [-70.87948122770507, 43.08028403348148], [-70.87953940443093, 43.08020482067922], [-70.8795744498416, 43.08014639953187], [-70.87962076578481, 43.08010062636463], [-70.8797186305894, 43.080046827379576], [-70.87977044760741, 43.08001785261297], [-70.87981077948628, 43.079992989006186], [-70.8798913895346, 43.07994745153809], [-70.88037883422182, 43.07982509721812], [-70.88070543374272, 43.07976448854477], [-70.88103192556542, 43.079712258514576], [-70.88119217961196, 43.07969659800824], [-70.88131231658099, 43.07968904227159], [-70.88133475132096, 43.07972271750675]]]}, "properties": {"id": 2, "Hectares": 0.39006575253, "Acres": 0.96387197779, "Year": "2016", "LABEL": "Great Bay", "100 M2?": "y"}}, {"type": "Feature", "geometry": {"type": "Polygon", "coordinates": [[[-70.88420893847854, 43.07865684276787], [-70.88421312233025, 43.07865789696843], [-70.88430228782717, 43.07865850662666], [-70.8843597866994, 43.078644892339064], [-70.88442981559515, 43.07864770563459], [-70.88462386115758, 43.07866537389875], [-70.88469716363268, 43.078661205706666], [-70.88485623936226, 43.078673965473], [-70.88504019756896, 43.07873358628932], [-70.88510662672536, 43.07876905849759], [-70.88518278743723, 43.07879058973513], [-70.88530085086208, 43.07877271944128], [-70.88558326218256, 43.0788540226938], [-70.88590022947875, 43.07897291407548], [-70.88620177918258, 43.07905201181509], [-70.8866047601085, 43.07916915329252], [-70.88684910886276, 43.07923852111833], [-70.88704902291363, 43.07929591287126], [-70.88716631737462, 43.07933873411131], [-70.88743956482362, 43.07938962100717], [-70.88765920814886, 43.07939812017077], [-70.88789477415867, 43.07940672727734], [-70.88806028071035, 43.07941485722496], [-70.88845501400438, 43.07942921519685], [-70.88854406254583, 43.079439159016026], [-70.88863254990152, 43.07949345568936], [-70.88860164418654, 43.07967067250519], [-70.88839803408341, 43.079905078964686], [-70.88807158425806, 43.08003125931949], [-70.88802635012586, 43.080082311963544], [-70.88799674309949, 43.08015681657756], [-70.8880045888746, 43.080171255984574], [-70.88794868828252, 43.08028319917694], [-70.88788258141729, 43.080349200806594], [-70.88771924973088, 43.08036137940284], [-70.8876245061143, 43.080397947277675], [-70.88755883659536, 43.08042939690885], [-70.88746707867642, 43.08051648813084], [-70.88736440921069, 43.08060616302823], [-70.8871311406691, 43.080700264347676], [-70.88695984837791, 43.080768206895826], [-70.88677358021557, 43.080873259964996], [-70.88665325176007, 43.08092560101835], [-70.88657683841005, 43.080946344605316], [-70.88650754188635, 43.08097776890312], [-70.88646752221712, 43.080988128293036], [-70.88631066450355, 43.08106148440031], [-70.88625556767518, 43.08111692791984], [-70.88623266526507, 43.081207145769596], [-70.88625121907339, 43.08123146863237], [-70.88611264762659, 43.081306593496734], [-70.88609226546811, 43.08135710061861], [-70.88599576682492, 43.08130122000396], [-70.88580735471768, 43.08128930221818], [-70.88565439145849, 43.08134141951516], [-70.88557787596761, 43.081370135915606], [-70.88539251550989, 43.08140342529727], [-70.88528726273385, 43.08141068081536], [-70.88522223277644, 43.081391630324845], [-70.88518997117569, 43.08136217134599], [-70.88515448909621, 43.0813007936429], [-70.88512249785104, 43.0812500720105], [-70.88501798866677, 43.081198855038245], [-70.88473896342194, 43.081183658439755], [-70.88430734626809, 43.08119134053505], [-70.88404584178832, 43.08122410711512], [-70.8839581773249, 43.0812740106611], [-70.88391388824358, 43.08133484309348], [-70.88386180582755, 43.08143815115403], [-70.8838581460756, 43.08144078417797], [-70.88379179669485, 43.08152538818543], [-70.88370023490371, 43.081596529345774], [-70.88361971992795, 43.08165445572657], [-70.88356794141119, 43.08173384318849], [-70.88352690514655, 43.081823936383195], [-70.88347549878516, 43.08187408769087], [-70.88335899471123, 43.08191050308278], [-70.88327556422615, 43.0819125900068], [-70.8831006384174, 43.08198050188023], [-70.88292896549031, 43.08207767441985], [-70.8827679326761, 43.0821935260066], [-70.88244586522738, 43.08242522847889], [-70.8822779516385, 43.082511793558204], [-70.88220116184084, 43.082561770286084], [-70.88214622954474, 43.0826039226387], [-70.88213785838666, 43.08269158120359], [-70.88213063836113, 43.082702347405416], [-70.882120312009, 43.08268469880121], [-70.88200444171042, 43.082779621431456], [-70.88194842483824, 43.082926314809235], [-70.88178439580658, 43.08305125627291], [-70.88163060581843, 43.08312257278276], [-70.88144196249952, 43.08317964254377], [-70.88129784523065, 43.083241686724726], [-70.88100814809665, 43.083480158100606], [-70.88083682123211, 43.083677419544784], [-70.88070767092631, 43.08381427177946], [-70.8806900759446, 43.083944886463], [-70.88069882442858, 43.08400797975654], [-70.88068807639877, 43.0841012884552], [-70.88060056562746, 43.08421975005412], [-70.88048400347922, 43.084368361309316], [-70.8803324678725, 43.08451206299128], [-70.88012399360282, 43.08462502379238], [-70.87980961367288, 43.084800289209724], [-70.87963090644025, 43.084827074969624], [-70.87952045474324, 43.08474694010661], [-70.87946042192391, 43.084709174128605], [-70.87936502764704, 43.084696845019764], [-70.87929141868058, 43.08472435330228], [-70.87907705070013, 43.08479991863171], [-70.87898013097036, 43.08490664139963], [-70.87900113849463, 43.08500717219862], [-70.87883105736664, 43.08510638752429], [-70.87867476221665, 43.08512398784066], [-70.87855650518527, 43.08515585730515], [-70.8784697968963, 43.08521128958645], [-70.8783802927593, 43.08523635322875], [-70.87824114871864, 43.085158354039066], [-70.87806742129177, 43.08504509791212], [-70.87784889760736, 43.08494787466437], [-70.8776649879577, 43.08488357354732], [-70.8773980042745, 43.08483971023113], [-70.87701237400917, 43.08485806078819], [-70.87646702354108, 43.08491266019968], [-70.87596917396122, 43.08498859630991], [-70.87572667839909, 43.085021938866106], [-70.87557350736532, 43.085044225664475], [-70.87534360037169, 43.08508932724905], [-70.87504717274005, 43.085105953452896], [-70.87484031050224, 43.08509284938548], [-70.87456993267791, 43.08506529792291], [-70.874286605269, 43.08505399808819], [-70.87409227193908, 43.08505732136271], [-70.87375456212298, 43.08506432002675], [-70.87344551549792, 43.08507151639003], [-70.87291671720335, 43.085077187800586], [-70.87268704940746, 43.085103609205156], [-70.87232349882882, 43.085138439090684], [-70.87211930904425, 43.08516503621483], [-70.87184529469563, 43.08517247149848], [-70.87143715591206, 43.085206988849585], [-70.87124564438221, 43.08523834164526], [-70.87093317015045, 43.08526418389253], [-70.87059503577676, 43.085303854147114], [-70.87046397459677, 43.08534029528808], [-70.87027895277909, 43.085362353370925], [-70.87024391977532, 43.08536210954791], [-70.8701965709107, 43.08532909612176], [-70.87018119122435, 43.08528696695348], [-70.87024943320507, 43.085182386633534], [-70.87030709240429, 43.085157107737516], [-70.87036832944389, 43.085101504400924], [-70.87040730299209, 43.08504341154964], [-70.87049792858663, 43.08493198314429], [-70.87060381279399, 43.08487202118886], [-70.87075795220105, 43.08477504178374], [-70.87082862193134, 43.08472884205432], [-70.87098952295575, 43.08460156004783], [-70.87110826605624, 43.08453234878378], [-70.8711916139301, 43.08449090609547], [-70.87129761750813, 43.08442160607153], [-70.87141311475577, 43.0843570410523], [-70.8716120797843, 43.08424169550122], [-70.87172105592587, 43.08418875767306], [-70.87187519186358, 43.08409177672374], [-70.8720194713375, 43.084018072745145], [-70.87214446097775, 43.08395824202597], [-70.87225016092496, 43.08391228463094], [-70.87237809359502, 43.083871150589246], [-70.87255437010894, 43.083785995214], [-70.87257696479668, 43.083762806384456], [-70.87264408547732, 43.083744595648845], [-70.87273031453284, 43.083726517453194], [-70.87278157174335, 43.0837035274458], [-70.8728199694126, 43.08368978645563], [-70.87289700581556, 43.08364362960525], [-70.87295150790028, 43.08361599290421], [-70.87303464236103, 43.08359088932465], [-70.87306024072508, 43.083581728608515], [-70.87316563805757, 43.08355911389448], [-70.87330609742683, 43.08353440761665], [-70.87345941605743, 43.08350045205307], [-70.87361282485756, 43.08345949321947], [-70.87375352468042, 43.08341611155356], [-70.87385901179036, 43.08338649313247], [-70.87393598684082, 43.08334500428007], [-70.87403213026839, 43.08329897902676], [-70.87415702623657, 43.08324614913864], [-70.87423685465254, 43.08323036003874], [-70.87436469435067, 43.083196226813754], [-70.87447024095401, 43.08316193911287], [-70.874540515062, 43.08314608365589], [-70.8746265622996, 43.08314201014843], [-70.87468424787646, 43.083114394653236], [-70.87478014985136, 43.08308704360333], [-70.87493349663912, 43.08305075169144], [-70.87501047055139, 43.083009262104696], [-70.87509390392245, 43.08296081345962], [-70.87518031149402, 43.08292872726826], [-70.87526025944004, 43.08290360002624], [-70.87531475981804, 43.08287596218235], [-70.8753756595762, 43.08284603400132], [-70.87541084140554, 43.082834604464026], [-70.87549424418643, 43.08278848987684], [-70.87560651927413, 43.082726232883964], [-70.87582776398145, 43.08261103397441], [-70.87591792581084, 43.08253461646297], [-70.87604299873885, 43.082467778347635], [-70.87614881330452, 43.08241247987124], [-70.8761874195195, 43.08238239724204], [-70.87630621254176, 43.08230851176425], [-70.87640571728309, 43.082248500339276], [-70.87651135114311, 43.08220720765873], [-70.87662359414897, 43.082147284001586], [-70.87668806712898, 43.082087030458794], [-70.8767171489119, 43.08205454733182], [-70.87680679900278, 43.08201781316163], [-70.87686162776394, 43.08196449664056], [-70.87690969733158, 43.08194148277235], [-70.87694866268404, 43.081883387596335], [-70.87702878844392, 43.081844252956174], [-70.8770641792525, 43.08181648240293], [-70.87713159627637, 43.08177492543153], [-70.87720204797532, 43.081745062175905], [-70.87728208348223, 43.08171293042604], [-70.87734316094905, 43.08166899503217], [-70.87736887775108, 43.081650495908896], [-70.8774265906725, 43.08162054464597], [-70.87749385742407, 43.081590659242494], [-70.87756764316465, 43.081549145933934], [-70.8775996691833, 43.08153535939372], [-70.87766068633478, 43.08149609254064], [-70.8777281625135, 43.08144986649455], [-70.87780825726557, 43.08141306565476], [-70.87797178082126, 43.081327813965196], [-70.8781414037074, 43.08126361514696], [-70.87825664842084, 43.081217717943694], [-70.8783557903474, 43.08118571707766], [-70.87855728842106, 43.08111940266], [-70.87871714691438, 43.08107147768396], [-70.87889277861818, 43.081035333893645], [-70.87907814332891, 43.0809852494375], [-70.87936565394776, 43.080917190992864], [-70.87963709157668, 43.08086069410027], [-70.87982549039326, 43.080822302120275], [-70.8799594821536, 43.08080454687438], [-70.88012243376174, 43.08076364488851], [-70.88024714026795, 43.080724814402814], [-70.88057033541261, 43.080605637742664], [-70.88067274927414, 43.08056665364691], [-70.88102141935333, 43.08044765068545], [-70.8814154173373, 43.08027059360271], [-70.88159476628375, 43.08019244900075], [-70.88166572067911, 43.08012289883372], [-70.8817139956349, 43.08008354239255], [-70.88180060434244, 43.0800351106046], [-70.88198322603625, 43.079949984142374], [-70.88200289932637, 43.07990576231513], [-70.88204510269154, 43.079843018450624], [-70.88211569874787, 43.079801480320455], [-70.88217683044566, 43.07975287356847], [-70.88224150394767, 43.07967627628392], [-70.8822932902782, 43.079611263451035], [-70.88236076092466, 43.07956503461432], [-70.88237715996608, 43.07952779397261], [-70.88244778520851, 43.07948392126974], [-70.88248971988885, 43.07944218647953], [-70.88248424397705, 43.07937211200372], [-70.88252623809414, 43.07932570847645], [-70.88260986894453, 43.079260913706555], [-70.88262936296594, 43.07923069792786], [-70.88271948163965, 43.07915660926799], [-70.88282224883406, 43.0790896108736], [-70.8829121290334, 43.07903419694762], [-70.88304992528205, 43.078967438260555], [-70.8832071256259, 43.07887746660709], [-70.88338962299946, 43.07880167528763], [-70.88361024456376, 43.07873314826323], [-70.88362815247535, 43.078728320788834], [-70.88420893847854, 43.07865684276787]]]}, "properties": {"id": 3, "Hectares": 38.88606838366, "Acres": 96.08941927944, "Year": "2016", "LABEL": "Great Bay", "100 M2?": "y"}}, {"type": "Feature", "geometry": {"type": "Polygon", "coordinates": [[[-70.8896907816868, 43.06873457381075], [-70.88953684224711, 43.068789704484594], [-70.88942552558242, 43.0688404431229], [-70.88922033143321, 43.06890926922892], [-70.88911782294436, 43.068936660747305], [-70.88892748608193, 43.06900870816497], [-70.8888525058052, 43.06904720964268], [-70.88868376609256, 43.06909443634496], [-70.88853654503495, 43.06912308379575], [-70.88842319745302, 43.069166005424925], [-70.88831414561673, 43.06920583527233], [-70.88812435996846, 43.069234192668766], [-70.88775523162396, 43.06930658203733], [-70.88744569237791, 43.06937937599324], [-70.88723673212091, 43.069409161790716], [-70.8869872169251, 43.06944803356006], [-70.88678050313992, 43.06946847116671], [-70.88660370297234, 43.069479749653965], [-70.88646087503304, 43.069497501270256], [-70.88635434546262, 43.06950613756659], [-70.88616706242567, 43.069504860346335], [-70.88608845703119, 43.06949340108071], [-70.88601194027656, 43.06948507689721], [-70.88596937596695, 43.06948478651955], [-70.88591621019127, 43.069481302907896], [-70.88588661323664, 43.06946549653376], [-70.88587016190328, 43.069420131415015], [-70.88587521057782, 43.06935774811033], [-70.8859289703883, 43.06931442247911], [-70.88604224074227, 43.06927774457252], [-70.88613625810102, 43.06924873745316], [-70.88624722183692, 43.06922608760472], [-70.88650546708695, 43.06917011208273], [-70.88661207520491, 43.069155234404434], [-70.88675277410326, 43.069137468087206], [-70.88679772355837, 43.06911748865734], [-70.88686180702615, 43.069099200043425], [-70.88697056291991, 43.06908277622274], [-70.88701980822196, 43.06905970508723], [-70.88708818751681, 43.06903832472613], [-70.88715857632417, 43.069026320676265], [-70.88720340693459, 43.06901570294053], [-70.88725677009874, 43.06900358285897], [-70.88729093991056, 43.06899445292141], [-70.88740196207897, 43.068967121017295], [-70.88753219721825, 43.06893523848857], [-70.8876495444821, 43.068912630740606], [-70.8877883909499, 43.06887300432175], [-70.88798026431758, 43.068847782574174], [-70.88822782599858, 43.06879485134708], [-70.88849038329496, 43.068734219337834], [-70.88888538102431, 43.068635475868085], [-70.88901772317507, 43.06860516641014], [-70.88909666331884, 43.06859009838934], [-70.88915018353278, 43.0685654949373], [-70.88928268315982, 43.06852270268918], [-70.88940022617875, 43.06848449003107], [-70.8895049999651, 43.06844619053205], [-70.88968879220788, 43.06838658126152], [-70.8897913389419, 43.06835606859908], [-70.88991284214097, 43.06834128896064], [-70.89000872835175, 43.06833257711132], [-70.89011970875623, 43.06830836316955], [-70.89020930883653, 43.06829180627316], [-70.89026874022257, 43.06830469306555], [-70.89032811255638, 43.06832226075908], [-70.89042366395219, 43.06834007384209], [-70.89045942950717, 43.06837308577443], [-70.89044792227193, 43.068441667264466], [-70.89035574093815, 43.06849409705205], [-70.89026785520639, 43.06854343502088], [-70.8901395337864, 43.068592498539516], [-70.88994111986678, 43.06863016306968], [-70.88984278971388, 43.068663825376724], [-70.8896907816868, 43.06873457381075]]]}, "properties": {"id": 4, "Hectares": 1.44911392301, "Acres": 3.58083295945, "Year": "2016", "LABEL": "Great Bay", "100 M2?": "y"}}, {"type": "Feature", "geometry": {"type": "Polygon", "coordinates": [[[-70.88745514700824, 43.068465020202794], [-70.88725005081783, 43.06852604122551], [-70.88682330649301, 43.06861051871088], [-70.8866059941194, 43.06862776289214], [-70.8864694735603, 43.06865179929522], [-70.88629902066401, 43.06866624147847], [-70.8861624603078, 43.06869339813148], [-70.88596682542875, 43.06867958006908], [-70.88575341241206, 43.06872493722464], [-70.8855869381564, 43.06876125171294], [-70.88533990954464, 43.06877204887706], [-70.88513958210386, 43.06879252712755], [-70.88501208891782, 43.06877605189972], [-70.88491033238238, 43.068744147913705], [-70.88483462984638, 43.068671850302565], [-70.88483522480846, 43.06862504104798], [-70.88486991036795, 43.06857534381273], [-70.88489178711947, 43.06852867994955], [-70.88497774718508, 43.06846372851993], [-70.88508908659477, 43.06841143391987], [-70.88535397160082, 43.06833522056264], [-70.88570445830814, 43.06822214015904], [-70.88604595584412, 43.068146448017906], [-70.88628880468151, 43.06812937904524], [-70.88643379723523, 43.06810852150685], [-70.88679625841867, 43.06805793716281], [-70.88714137733244, 43.06803220064242], [-70.88749489004782, 43.06801588289904], [-70.88797211269464, 43.067978559726164], [-70.88811257154643, 43.06797951542762], [-70.88826607581665, 43.06795871347518], [-70.88847061642419, 43.06794137928378], [-70.88889242682593, 43.06790991720935], [-70.88905842350258, 43.067911045319846], [-70.88922465683139, 43.067893449465736], [-70.88921488207303, 43.06799325149173], [-70.88902653834774, 43.06807623573979], [-70.88879137435424, 43.06815890142049], [-70.88857678094381, 43.06829788247749], [-70.88847395736684, 43.06835023838677], [-70.88833310279375, 43.06838048931958], [-70.88819220859091, 43.06841386069736], [-70.88806873468049, 43.06841614154634], [-70.88774950776478, 43.06841396910843], [-70.8876004166457, 43.06842231685683], [-70.88745514700824, 43.068465020202794]]]}, "properties": {"id": 5, "Hectares": 1.70351843365, "Acres": 4.20947922547, "Year": "2016", "LABEL": "Great Bay", "100 M2?": "y"}}, {"type": "Feature", "geometry": {"type": "Polygon", "coordinates": [[[-70.90544483003205, 43.06486928303553], [-70.90541086046782, 43.06491317252993], [-70.90539439328451, 43.064957418242955], [-70.90536545135504, 43.06498057057772], [-70.9053178117889, 43.06497091568717], [-70.90527037447055, 43.0649449207114], [-70.90522933342716, 43.0649166337888], [-70.90520392184243, 43.064911795725656], [-70.90518675107022, 43.06490535737342], [-70.90513349930471, 43.06491200800077], [-70.90496728229188, 43.064896201120526], [-70.90483658758623, 43.06492620244577], [-70.90475528477094, 43.0650153350104], [-70.90477019456331, 43.06510657819303], [-70.90475929665365, 43.06517706866438], [-70.90464478740213, 43.065357123962734], [-70.90463791715659, 43.0654261711764], [-70.90464672134489, 43.06552472402587], [-70.90461938398634, 43.06562744639299], [-70.90455198627836, 43.065726961838244], [-70.90435190597107, 43.066016701621756], [-70.90433200436821, 43.06616651545528], [-70.90428312386493, 43.06638963936194], [-70.90426681267398, 43.066573288537015], [-70.90414037945403, 43.0667444434652], [-70.90369597244957, 43.06701050279149], [-70.90347784109682, 43.06713841374051], [-70.90295518559033, 43.06724665159352], [-70.90277857036935, 43.06742188026408], [-70.9027418617232, 43.067471617339606], [-70.90260314091613, 43.06750156251408], [-70.90231629554154, 43.067474595097195], [-70.90220820946686, 43.067532624750584], [-70.9023094906834, 43.067690928353045], [-70.90240841291718, 43.067788279491104], [-70.90242741168025, 43.067855712114806], [-70.90237376836072, 43.06788323188307], [-70.90225567907396, 43.06779155673958], [-70.90212753102124, 43.067633296120924], [-70.9019113525188, 43.06748757976221], [-70.90176708905216, 43.06733574043886], [-70.90169010500844, 43.06723820171361], [-70.90153932465525, 43.06710929823155], [-70.90146224982807, 43.067019109055614], [-70.90139638155962, 43.066995147585374], [-70.90135402318863, 43.067015445185355], [-70.90129590012603, 43.06701358639358], [-70.90117437106608, 43.066951030880006], [-70.90110073961011, 43.06690643643255], [-70.90106744346903, 43.066843000985806], [-70.90105231925587, 43.06676939666972], [-70.90099478190962, 43.066720499640304], [-70.90098278931562, 43.066717479272974], [-70.90085588704716, 43.0666034352742], [-70.90076244556568, 43.066539597219545], [-70.900695524985, 43.06643918504272], [-70.90059584969612, 43.06639294587659], [-70.90046139635022, 43.06640233615186], [-70.9004102496579, 43.066484317193535], [-70.90044500051725, 43.06659186445421], [-70.90055262223116, 43.066644037200746], [-70.90069031708084, 43.06669641114663], [-70.900695745971, 43.066743489488694], [-70.90060718411023, 43.06677082785207], [-70.90040566309719, 43.06669156531332], [-70.90014928864062, 43.06650903062251], [-70.90009653129621, 43.06639842252591], [-70.90023780505287, 43.066324395601164], [-70.90046727351195, 43.06625242910699], [-70.90062418256464, 43.066210847768225], [-70.90070702190833, 43.06615995008117], [-70.90083628362662, 43.0660843719481], [-70.90094474644914, 43.06606892707128], [-70.90104550085178, 43.06602843945148], [-70.90108784034534, 43.0660096118982], [-70.90120465156873, 43.06596776149536], [-70.90132592950117, 43.06588918927556], [-70.90145529960184, 43.06580479078604], [-70.90160661281685, 43.06572935923], [-70.90176193532238, 43.06565395427148], [-70.90194600111975, 43.06552434885536], [-70.90209348608992, 43.06543419043824], [-70.902270951608, 43.06535158241049], [-70.90233948076285, 43.065322638887295], [-70.90243398119199, 43.06530121908528], [-70.90263229396157, 43.065315773876556], [-70.90280879108302, 43.06531107188665], [-70.90289352273898, 43.065269005615114], [-70.9029778710785, 43.06525780804612], [-70.90309589989671, 43.065279176540734], [-70.90335364602853, 43.06535145909562], [-70.90351552595037, 43.065393700530414], [-70.90362303883359, 43.06545469005244], [-70.90374553364931, 43.06543933608065], [-70.90374236255933, 43.06537169204074], [-70.90366495845872, 43.06530796326004], [-70.90356912825592, 43.06527498287931], [-70.90342780741175, 43.06519171687754], [-70.90341249837562, 43.065132812248166], [-70.90343735855258, 43.06506829528131], [-70.90340418862147, 43.06499457089305], [-70.90339744600726, 43.0648916215021], [-70.90345866610747, 43.064805296091485], [-70.90353794747212, 43.06471762102936], [-70.90375858524293, 43.06454856484307], [-70.90390491705264, 43.06455101036764], [-70.90405693527617, 43.064579954738385], [-70.9041510513795, 43.0645894022805], [-70.90419342537864, 43.06456763367489], [-70.90415999973433, 43.06451448868049], [-70.90412668346563, 43.06445252402513], [-70.90415345630544, 43.06439536995554], [-70.90421411010276, 43.06435461232057], [-70.9042407735163, 43.064306277880206], [-70.90422912735336, 43.064275328957436], [-70.90421394528302, 43.064247631616624], [-70.90421075517567, 43.064192281104866], [-70.90422498709432, 43.06410114055874], [-70.90429658894593, 43.06397555526257], [-70.90442549558145, 43.06385035163394], [-70.9046493895386, 43.06376780119017], [-70.90520478256292, 43.06365477377859], [-70.90574593789123, 43.06366304236486], [-70.90596930990347, 43.0636225066442], [-70.90616721280355, 43.06358180123049], [-70.90643498160003, 43.063555566564624], [-70.90672804598015, 43.063543506184075], [-70.90693185412677, 43.06354019046865], [-70.90708483991612, 43.06352719910888], [-70.90732088736202, 43.06349141385761], [-70.90749205279911, 43.06355324619876], [-70.90758733046542, 43.063572554143], [-70.90771473220097, 43.06356873018443], [-70.90789335947036, 43.06354190087093], [-70.90812188809544, 43.06359944363106], [-70.90819748884054, 43.06366531039414], [-70.9081831428045, 43.063795946630925], [-70.90809858432267, 43.06394012438757], [-70.908039839896, 43.064056459356976], [-70.90797484312263, 43.06416341489069], [-70.90785867755206, 43.06428870700315], [-70.90772590846059, 43.06434257418355], [-70.90771148135609, 43.064348427544694], [-70.90748828063487, 43.06437496087062], [-70.90730976602346, 43.064392452342524], [-70.9071552795699, 43.06452682739217], [-70.9071931375971, 43.06455509250174], [-70.90739063939345, 43.06454706514429], [-70.90777820162673, 43.06455692454484], [-70.90800849982827, 43.06459739984368], [-70.90819106335789, 43.06458831957605], [-70.90850670422776, 43.06469032322458], [-70.90850313485507, 43.06469917935887], [-70.9084453686165, 43.06473614842758], [-70.90839419981428, 43.064754485283196], [-70.9082952326002, 43.0648010001328], [-70.90810437873186, 43.06478914366997], [-70.9079479314463, 43.06479398676542], [-70.90771980078111, 43.06475866254871], [-70.90763361236206, 43.06475662084147], [-70.90751332415265, 43.06475582292237], [-70.9074111154614, 43.06475220470594], [-70.90736290947001, 43.06475923517438], [-70.90727077923485, 43.064751273515284], [-70.90724280271765, 43.06474373754229], [-70.90692637062595, 43.06471517603289], [-70.90665964119485, 43.064720755208576], [-70.90650718543856, 43.064727092906665], [-70.90621233419212, 43.064736894420655], [-70.90610976217482, 43.06476267389218], [-70.90589900337919, 43.064781853841005], [-70.9057362143038, 43.06481311288952], [-70.90557945766761, 43.06484294176372], [-70.90544483003205, 43.06486928303553]]]}, "properties": {"id": 6, "Hectares": 10.28751739337, "Acres": 25.42096985489, "Year": "2016", "LABEL": "Great Bay", "100 M2?": "y"}}, {"type": "Feature", "geometry": {"type": "Polygon", "coordinates": [[[-70.90349324371267, 43.06290570913365], [-70.90326025995452, 43.06297472725932], [-70.90303893294181, 43.06301683923142], [-70.90286284360178, 43.06306340402641], [-70.90267000238022, 43.06309117585241], [-70.90244867455966, 43.06313328667571], [-70.90236674194527, 43.06312028558135], [-70.90235078972495, 43.063037152996344], [-70.90236880461184, 43.06295424727437], [-70.90234006606046, 43.0627610197775], [-70.90231649891474, 43.06260726418149], [-70.90230384158484, 43.06248679186819], [-70.90228627095614, 43.062306092845105], [-70.9022383121854, 43.062064996935746], [-70.90224482423844, 43.06199654393987], [-70.9022797964032, 43.06191582714035], [-70.90226636569868, 43.06185761918704], [-70.90224691293936, 43.061828430125665], [-70.9022422317509, 43.06174952409935], [-70.90228325160741, 43.06163771292025], [-70.90236958546376, 43.06152412872586], [-70.90251510210597, 43.06143169619145], [-70.9028509069414, 43.061288642437134], [-70.90312374367389, 43.06120121016872], [-70.90329416645899, 43.06115460715182], [-70.90353869695166, 43.06106698506371], [-70.90375203979613, 43.06098330583909], [-70.90386855341546, 43.06094672081225], [-70.90403575857181, 43.06093123001749], [-70.90417746346083, 43.060917644724256], [-70.90429958626544, 43.060885247935424], [-70.90429986914384, 43.060862417649275], [-70.9041155526568, 43.06088817306873], [-70.90381492836003, 43.06093390943923], [-70.9035422997122, 43.06100473953514], [-70.9032863702063, 43.06109851254741], [-70.90304762904553, 43.061175794468426], [-70.90262433708327, 43.06129750820451], [-70.90243667252396, 43.0613647515948], [-70.90231135632156, 43.06142618418369], [-70.90225461702384, 43.061436183447015], [-70.90223264331996, 43.061382069722235], [-70.90226272767333, 43.06123905071821], [-70.9022174455464, 43.06101042654657], [-70.9022223389555, 43.060844407091935], [-70.90218480085895, 43.06067602852769], [-70.902208708271, 43.06057448129395], [-70.90226629766806, 43.06049599121571], [-70.90232538229486, 43.06029712327838], [-70.90246374511814, 43.06009670909701], [-70.90275417822099, 43.05995957954252], [-70.90298419181956, 43.059900920840505], [-70.90317385764662, 43.059900110752686], [-70.90334576835353, 43.05996145148597], [-70.90365027324597, 43.06005896221046], [-70.90381330752204, 43.06015137783748], [-70.9041024518194, 43.0601180188759], [-70.90424122149041, 43.060112716549206], [-70.90441269677487, 43.06020933886405], [-70.90445721288783, 43.06027190493832], [-70.90465343216059, 43.06054200864214], [-70.90487433804164, 43.060533101148145], [-70.90497726301244, 43.06045076018365], [-70.90516927298694, 43.06048939978162], [-70.90563883089672, 43.0607457529629], [-70.90582379534092, 43.060896429812054], [-70.90593365358423, 43.06116907056175], [-70.90599523198262, 43.0612255224973], [-70.90610704139411, 43.0613404265035], [-70.90617330632816, 43.06147578425539], [-70.9062155933948, 43.0617189165168], [-70.90610906770054, 43.061863504193795], [-70.90595151465965, 43.06201397952772], [-70.90590206085788, 43.062121584649795], [-70.90578510983975, 43.062193454905525], [-70.90570531520076, 43.0622365130047], [-70.90557104659776, 43.06233525135023], [-70.90536338827893, 43.06241689611087], [-70.90523812416727, 43.06247418093871], [-70.90496533608743, 43.06255746724831], [-70.90486881394754, 43.06257965690547], [-70.90465351044867, 43.062592752986646], [-70.9043102138111, 43.06265481168909], [-70.90404606980081, 43.062725699480666], [-70.90366257741667, 43.06283315268361], [-70.90349324371267, 43.06290570913365]]]}, "properties": {"id": 7, "Hectares": 8.13589034807, "Acres": 20.1041918446, "Year": "2016", "LABEL": "Great Bay", "100 M2?": "y"}}, {"type": "Feature", "geometry": {"type": "Polygon", "coordinates": [[[-70.67964248182206, 43.06768088760858], [-70.67967802136037, 43.0677243675108], [-70.67968865128388, 43.06776763255424], [-70.67966994906955, 43.06780400254502], [-70.67962878814961, 43.067828555216124], [-70.6796102190927, 43.067856623776656], [-70.67961442842208, 43.06787658625045], [-70.67964330769692, 43.06791170614297], [-70.6796581203345, 43.067976593944245], [-70.6796731461287, 43.06802819947206], [-70.67968169805559, 43.06805982299482], [-70.67965193952448, 43.06807949247996], [-70.67961988980491, 43.068100802707626], [-70.67960393154372, 43.06810730710839], [-70.67956586087864, 43.06808041048828], [-70.67955712250102, 43.06806040894435], [-70.67953293212379, 43.068015366397994], [-70.6794995238196, 43.06798020740708], [-70.67948404520327, 43.067956826682654], [-70.67947783785021, 43.06792024183034], [-70.67948966671996, 43.06788879411734], [-70.67946081419046, 43.06785201390304], [-70.679445602088, 43.067812030334906], [-70.67944613502267, 43.06777882465791], [-70.67945825698992, 43.0677291138247], [-70.67947911723428, 43.06769940454065], [-70.6794975264305, 43.06768129770423], [-70.6795340783481, 43.067661686861356], [-70.6796044380427, 43.067652330717785], [-70.67964248182206, 43.06768088760858]]]}, "properties": {"id": 8, "Hectares": 0.06516104902, "Acres": 0.16101621018, "Year": "2016", "LABEL": "Gerrish Island Beds", "100 M2?": "y"}}, {"type": "Feature", "geometry": {"type": "Polygon", "coordinates": [[[-70.68398347342273, 43.0665804310305], [-70.68401746874484, 43.06658773073093], [-70.68417155908648, 43.066582411795125], [-70.68423959938387, 43.06657635391087], [-70.68426656095046, 43.066589869497264], [-70.68428393432676, 43.066636513047804], [-70.68423342641746, 43.06667925279594], [-70.68415611594419, 43.06669851519548], [-70.6840695883805, 43.066727661482204], [-70.68405083602798, 43.06676735279716], [-70.68405952265464, 43.066790674587885], [-70.68400448549565, 43.06683337534084], [-70.68398093461226, 43.06684489515272], [-70.68397894323296, 43.06684933679999], [-70.68395621408145, 43.06688831134252], [-70.6839317508202, 43.06692051758498], [-70.68389589055408, 43.0669742368286], [-70.68385829614955, 43.067021187763935], [-70.68380607387738, 43.067061259643474], [-70.68376685318017, 43.06709468977464], [-70.6837311653081, 43.06713760500183], [-70.6837119255969, 43.06718876559133], [-70.68369208158163, 43.067277740038094], [-70.6836644328055, 43.06732537786766], [-70.6836612231089, 43.06733854438752], [-70.68362350519861, 43.06743120915108], [-70.68358162964309, 43.0675005909862], [-70.68352200942067, 43.067546573154644], [-70.68343974399835, 43.06759236071715], [-70.68334921664012, 43.06758826180609], [-70.68328650045206, 43.06754454949427], [-70.6832199454975, 43.067457630793406], [-70.68317587648264, 43.06738086839888], [-70.68312743785732, 43.067294105345205], [-70.68305640749797, 43.067203827051316], [-70.68297000698381, 43.067151919680725], [-70.6828727018709, 43.067136981115326], [-70.68280288003214, 43.06712557536783], [-70.68271283982594, 43.067111294366065], [-70.68265589018556, 43.06710134989336], [-70.68260045845238, 43.06711167865247], [-70.68255031492514, 43.06713691034897], [-70.68247414616323, 43.06717677567221], [-70.68242185804002, 43.06722089839235], [-70.68238614755259, 43.06726516368363], [-70.68234759589106, 43.06725672798865], [-70.68234809293537, 43.067225666615045], [-70.68238553734314, 43.06718816965192], [-70.68237877455786, 43.06715029242927], [-70.68233851066944, 43.067133737920614], [-70.6822298348002, 43.06713280303723], [-70.68220201970064, 43.06712354277913], [-70.68217437008137, 43.06712650029466], [-70.6821249764156, 43.06709950710355], [-70.68212060687493, 43.067089506424274], [-70.68214884369944, 43.06702332880654], [-70.68218550068065, 43.06699707596047], [-70.68229072158341, 43.06692171909496], [-70.68231302129622, 43.06686972130243], [-70.68228401006695, 43.06678537762514], [-70.68220855885912, 43.066688418712396], [-70.68218803982298, 43.06655540104903], [-70.68227131439173, 43.06644652351925], [-70.68242614830808, 43.066394718932095], [-70.68267102938086, 43.06637689877931], [-70.68287509684038, 43.066362048250554], [-70.68291305559681, 43.06636661789706], [-70.68291448413119, 43.066367452424466], [-70.6830060629058, 43.0664006560224], [-70.68309079225548, 43.06640138433881], [-70.68319346602176, 43.066431981791176], [-70.68332205664474, 43.0664546977848], [-70.68340902993369, 43.06645708094044], [-70.68362087217322, 43.0665025701575], [-70.68365629776268, 43.06651970087478], [-70.68370020234816, 43.066538987556534], [-70.68377017475163, 43.06654093928598], [-70.68382331967976, 43.06654604160067], [-70.68384742863991, 43.0665483562346], [-70.68387786481063, 43.06655775397544], [-70.6838969238788, 43.066563638816056], [-70.68393892189862, 43.06658696107366], [-70.68398347342273, 43.0665804310305]]]}, "properties": {"id": 9, "Hectares": 1.31185129426, "Acres": 3.24165014068, "Year": "2016", "LABEL": "Gerrish Island Beds", "100 M2?": "y"}}, {"type": "Feature", "geometry": {"type": "Polygon", "coordinates": [[[-70.68374085488321, 43.06604633831978], [-70.68373939194278, 43.06604632575349], [-70.68370623716439, 43.06604604095736], [-70.68369158802837, 43.066040512396874], [-70.68367903979261, 43.0660187937133], [-70.68367601347346, 43.06600822555654], [-70.68365820834134, 43.06599775996464], [-70.68363388458656, 43.065952341849695], [-70.68362878193378, 43.06590991442642], [-70.68362513185596, 43.065897167993164], [-70.68362556075995, 43.065870328738534], [-70.68361613082537, 43.06585753265148], [-70.68360080816413, 43.06585174987101], [-70.68357394836387, 43.06584445518498], [-70.68357025315086, 43.06583453393464], [-70.68357628133303, 43.06581904507479], [-70.68359559266867, 43.06581638540762], [-70.6836283000372, 43.06581949196468], [-70.68366671954693, 43.0658268859409], [-70.68370708825731, 43.065832883861624], [-70.68378845766549, 43.06580532707248], [-70.68382744141641, 43.06577740618363], [-70.68387204700498, 43.065759423069295], [-70.68391087271846, 43.065741390298626], [-70.68394371546357, 43.06573602121026], [-70.68401497770158, 43.065738045971656], [-70.68408855013493, 43.06571607315809], [-70.68411729143367, 43.06572620945151], [-70.68410684609533, 43.065776980070304], [-70.68403882780656, 43.065813128452675], [-70.68397284888745, 43.06584223037634], [-70.6839337974596, 43.065874389092116], [-70.6839003453148, 43.06591789817324], [-70.68386897772407, 43.06595153564379], [-70.6838530005222, 43.06598671807713], [-70.68387766297597, 43.06601094726066], [-70.68392181737727, 43.06602121597787], [-70.68396025961597, 43.06602719726442], [-70.68398519291746, 43.066034475315675], [-70.68399650445086, 43.06605011310281], [-70.68398281497561, 43.066062710619754], [-70.68390584018665, 43.06605639841828], [-70.6838037741363, 43.06605269622667], [-70.68374602049656, 43.06604937458266], [-70.68374085488321, 43.06604633831978]]]}, "properties": {"id": 10, "Hectares": 0.07921175117, "Acres": 0.19573619773, "Year": "2016", "LABEL": "Gerrish Island Beds", "100 M2?": "y"}}, {"type": "Feature", "geometry": {"type": "MultiPolygon", "coordinates": [[[[-70.69326551350625, 43.06022755408442], [-70.69329565424248, 43.06029651377963], [-70.69336821382892, 43.06046623196763], [-70.69311004756146, 43.06052089008444], [-70.69301023314688, 43.06057306170551], [-70.69284147297886, 43.06065278597069], [-70.69326551350625, 43.06022755408442]]], [[[-70.69270812414557, 43.06078650788971], [-70.69269206405052, 43.06080455336119], [-70.69272696911257, 43.0609704936238], [-70.69283475451776, 43.06111918549758], [-70.69289749457693, 43.06123006152027], [-70.69299201932665, 43.06137478317932], [-70.69288867141832, 43.06147775604399], [-70.69276484565997, 43.06152442477292], [-70.69265350313786, 43.061701805725995], [-70.69254381681817, 43.06182064762051], [-70.69244853644858, 43.061918490177874], [-70.69237834599613, 43.061985967749735], [-70.69234095928117, 43.06202169307163], [-70.69227252828968, 43.06208346904914], [-70.69224310197767, 43.0620805171139], [-70.69221162038016, 43.06205951340436], [-70.69221029149614, 43.06205862680672], [-70.69219001011383, 43.06205980477794], [-70.69214195172663, 43.06207020096654], [-70.6921269604798, 43.06208628147892], [-70.69212640428492, 43.062121394470324], [-70.6921426169981, 43.06214449413402], [-70.69214489358633, 43.062149959356695], [-70.69215503912433, 43.062174314923496], [-70.69219286173387, 43.06222866429239], [-70.69222188170166, 43.06225727573496], [-70.69221582147465, 43.06229099117411], [-70.69216170264889, 43.062335102807104], [-70.69212634429229, 43.062357763278136], [-70.6920395003313, 43.062374582512774], [-70.69198638689038, 43.062355220581125], [-70.69196075109552, 43.062345547450334], [-70.69194231144046, 43.06234674106495], [-70.69191602797748, 43.06235242672511], [-70.69187968449269, 43.06238495535018], [-70.69177681958516, 43.062553613526255], [-70.69178865033037, 43.06277976028291], [-70.69182812845229, 43.062818134025754], [-70.69178840183879, 43.0628931484286], [-70.69173373880575, 43.06295178188693], [-70.69169050774983, 43.06296717333508], [-70.69157230905716, 43.06296616619807], [-70.69152401748964, 43.06296181474017], [-70.69141106658299, 43.062968732044716], [-70.69140733067452, 43.062969131989966], [-70.69130879853402, 43.0629796802381], [-70.69122808358777, 43.062986872121606], [-70.69115848875141, 43.06297051908073], [-70.69111613208686, 43.06293075854672], [-70.6911008261836, 43.062879408784404], [-70.69109626430712, 43.06286807045213], [-70.69108014765027, 43.06282801321526], [-70.69107489993502, 43.062820088587], [-70.69112962593711, 43.06275751603528], [-70.69124326352919, 43.062707265473165], [-70.69133072471848, 43.0626134523014], [-70.69133254900218, 43.062599379329505], [-70.69135082972838, 43.062590226746664], [-70.69136445047114, 43.062544419658956], [-70.69135393471697, 43.06251056298897], [-70.69131375701066, 43.06248860963434], [-70.69125657464134, 43.06249352495427], [-70.69122946114864, 43.06250014893876], [-70.69120849435083, 43.062505271244405], [-70.69116930918254, 43.062513799767295], [-70.69113085909618, 43.06252216828663], [-70.69106421053954, 43.062543210990626], [-70.69103992407196, 43.062564614837356], [-70.6910448070815, 43.06260517692053], [-70.69104798377857, 43.062640076079624], [-70.69102898248074, 43.062666039275655], [-70.69095264092147, 43.06273630736284], [-70.69087717394058, 43.0627514236355], [-70.6908552459633, 43.06277881625716], [-70.69085744689943, 43.06279919372321], [-70.69085993129524, 43.062822195598436], [-70.69092927596522, 43.06285430646498], [-70.69099287319709, 43.06291000795066], [-70.6909970213439, 43.0629228047684], [-70.69104112348812, 43.06295362138483], [-70.69107168527226, 43.06300115580336], [-70.69105253866569, 43.06304691574011], [-70.69103731130987, 43.06307785159097], [-70.69097194709126, 43.063134022909836], [-70.69093635222924, 43.063171538489634], [-70.69089244743729, 43.06326841318665], [-70.69078628359036, 43.06334179534416], [-70.6906354014609, 43.06333105373517], [-70.69059901432574, 43.06330237905592], [-70.69059019073795, 43.063277991524984], [-70.6906116509902, 43.063202536408305], [-70.6906222743559, 43.06311348203768], [-70.69052033083676, 43.0630369742927], [-70.6905006062455, 43.063003038991965], [-70.6905006537482, 43.063000045202074], [-70.69084536527112, 43.06265439957791], [-70.69112232030487, 43.062376690635794], [-70.69135741138209, 43.0621409569289], [-70.69145145203642, 43.06204665920286], [-70.69270812414557, 43.06078650788971]]], [[[-70.69005853141923, 43.063443357989705], [-70.69005924496804, 43.063454453950214], [-70.69006920775307, 43.06345874176694], [-70.69006528044115, 43.063504479467596], [-70.69008494063264, 43.06354246633519], [-70.69015514570417, 43.06352955864588], [-70.69019783002487, 43.06350966266786], [-70.69021686345309, 43.06350100821624], [-70.69023865102437, 43.063491101455796], [-70.69025919011972, 43.06347371785261], [-70.69029814778561, 43.06345649140132], [-70.6903127969197, 43.06346201911824], [-70.69035104730426, 43.0634893591033], [-70.69038000269644, 43.063522022500095], [-70.69038983350282, 43.06358072720574], [-70.6903917812923, 43.0635923584269], [-70.69040203951612, 43.063642421158974], [-70.69041454680784, 43.06366684012993], [-70.69048378763591, 43.06371470467798], [-70.6905382507752, 43.0637651444898], [-70.69061646546355, 43.06382794300179], [-70.690667952109, 43.06383378487634], [-70.69066829491555, 43.063812176897514], [-70.69068265653989, 43.06379723545531], [-70.69068889827456, 43.063790741721974], [-70.69072590703668, 43.06378025191105], [-70.69083646197178, 43.06377849337825], [-70.69087325649352, 43.063781508506935], [-70.6909357514985, 43.06379014549552], [-70.6909928708429, 43.06378928184551], [-70.69099357638812, 43.06379023907582], [-70.69101090400706, 43.06381374786617], [-70.69102171962886, 43.06382869757699], [-70.69102349724578, 43.06383276477731], [-70.69103979565038, 43.063850462595525], [-70.69110014905615, 43.063877990775076], [-70.69112094521279, 43.06388604631153], [-70.69116789141937, 43.06390423123081], [-70.69120982620645, 43.0639316023362], [-70.69121031588759, 43.06393413141777], [-70.69121323157646, 43.0639491902232], [-70.6912294444136, 43.063972290010334], [-70.69129949986835, 43.06396883511452], [-70.69130859264004, 43.06396601017155], [-70.69132911973139, 43.06395963280968], [-70.69133830768986, 43.06396106180312], [-70.69134958595633, 43.06396503858061], [-70.69139326417313, 43.06398043973975], [-70.69140253777391, 43.06397646673234], [-70.69139397068948, 43.06393587327488], [-70.6913747244955, 43.06390495824195], [-70.69138587778913, 43.063878302171325], [-70.69143973196464, 43.06388441229903], [-70.69151571969344, 43.06395287364695], [-70.69164493504088, 43.06406699767063], [-70.69169191607149, 43.064140721805494], [-70.69169648980947, 43.064142404077295], [-70.69171478018875, 43.06415066400111], [-70.69171989917919, 43.06417637056081], [-70.69172250671915, 43.06418872552337], [-70.69174269890027, 43.064220411625556], [-70.69180981706994, 43.064362262126494], [-70.69183285378955, 43.064433324472056], [-70.69183553399888, 43.06443533584209], [-70.69186453342152, 43.064465297871934], [-70.69187511397038, 43.064495102992566], [-70.69186736121696, 43.06451934921287], [-70.69181902263982, 43.06454730172882], [-70.6918003017467, 43.06454612445829], [-70.69176933436765, 43.064544177055986], [-70.6917177185978, 43.06454643866447], [-70.69168064532441, 43.064560980288675], [-70.69166823839397, 43.06456201019614], [-70.69163637570156, 43.06456465513292], [-70.69163562223514, 43.06456322606664], [-70.69162922218172, 43.064551087366965], [-70.69161285920842, 43.064537441128046], [-70.69156867522368, 43.06453571395074], [-70.69155650848293, 43.064550197746634], [-70.6915461443955, 43.06456253558226], [-70.69152219979937, 43.06456233153617], [-70.69146353756659, 43.06454427276285], [-70.69144839000823, 43.0645369017482], [-70.69143246091338, 43.06452915042288], [-70.69140102030818, 43.06453698655424], [-70.69139343864323, 43.06455042875002], [-70.69140787930604, 43.06456545406876], [-70.69141699786242, 43.06457494180143], [-70.69142033909561, 43.064596581177625], [-70.69140513293591, 43.0646261665684], [-70.69132391831508, 43.06463627981998], [-70.69130499337952, 43.06463120026411], [-70.6911991834638, 43.06460280023306], [-70.69119370061361, 43.06460005213175], [-70.69116806401756, 43.0645903788192], [-70.69113874364497, 43.06458067409653], [-70.69107260685846, 43.06456930480805], [-70.69101171733233, 43.064575539076735], [-70.69098274138962, 43.06457529201957], [-70.69098040516654, 43.064575272099944], [-70.69097793821138, 43.06457428740183], [-70.69094928577941, 43.06456285062707], [-70.69092579101374, 43.06453428598534], [-70.69088541936394, 43.064524486964], [-70.6908539786942, 43.06453232294439], [-70.69082895866754, 43.06454934921974], [-70.69080494937562, 43.064545836074494], [-70.69069697109146, 43.064550566335626], [-70.6904889512541, 43.06453894305594], [-70.69047996775487, 43.06453588634716], [-70.6903809128752, 43.064509378342585], [-70.69033214921089, 43.064503379338184], [-70.6901973151867, 43.06446718766372], [-70.6901478955364, 43.06446158016404], [-70.69014215321374, 43.06446411927446], [-70.69011060529336, 43.06447870754158], [-70.69010482236796, 43.06449486636472], [-70.69010450079361, 43.064515123839044], [-70.69010983351939, 43.064527325480036], [-70.69010736991983, 43.064566474211325], [-70.69007243830158, 43.064562124053666], [-70.69005969513844, 43.06455256052949], [-70.69003052504341, 43.064533402036915], [-70.68999028218742, 43.06451549971167], [-70.68997406967937, 43.06449239975428], [-70.68999096829252, 43.06447228376784], [-70.68999867889579, 43.06445073867819], [-70.68998917508645, 43.06444538457291], [-70.68983109520961, 43.06443360435454], [-70.68977769525837, 43.06444615100441], [-70.68977399003774, 43.06444747005435], [-70.68971504963518, 43.06444696686641], [-70.68970037887615, 43.06444278957028], [-70.68968035403768, 43.06442776111035], [-70.68965223934725, 43.064420275627356], [-70.68964366643718, 43.06441799310458], [-70.68959798391022, 43.06439464147154], [-70.68958521940641, 43.06438642839343], [-70.68954838169327, 43.064386113844115], [-70.68947275712281, 43.06439222147126], [-70.68942300475403, 43.06439314727601], [-70.68939715399199, 43.064396978550235], [-70.68938937479649, 43.06440068587309], [-70.68936931116036, 43.06441024757408], [-70.68933015953414, 43.064439628179755], [-70.6892729966645, 43.064443191989426], [-70.68920880956615, 43.06442508487063], [-70.68919703202538, 43.06441895644094], [-70.68916130677523, 43.064400366833674], [-70.68914475126186, 43.06439887472859], [-70.68912793079215, 43.064410923674984], [-70.68912618218609, 43.0644081708699], [-70.68910600948315, 43.06439841703354], [-70.68938212128162, 43.06412157332703], [-70.68950607429439, 43.06399729093436], [-70.68988418045717, 43.06361817623498], [-70.69005853141923, 43.063443357989705]]]]}, "properties": {"id": 11, "Hectares": 3.20265914147, "Acres": 7.91393087153, "Year": "2016", "LABEL": "Portsmouth Harbor", "100 M2?": "y"}}, {"type": "Feature", "geometry": {"type": "Polygon", "coordinates": [[[-70.68524542936439, 43.06312466781026], [-70.68528294090083, 43.0631334250006], [-70.68534185842518, 43.0631352809556], [-70.68540255317816, 43.063141204164566], [-70.68542769579265, 43.06315917739256], [-70.68547036859673, 43.063163722250316], [-70.68554398248702, 43.06313892326805], [-70.6856679114806, 43.06310042772257], [-70.68573016481977, 43.06309579118519], [-70.68578588771904, 43.063053218145434], [-70.68583767465095, 43.06304015522669], [-70.6859260831314, 43.063040912972916], [-70.68606610628413, 43.0630394116041], [-70.68627633469727, 43.06302500475564], [-70.68641023104446, 43.06302927014899], [-70.68665609764226, 43.06299587205224], [-70.68673782199399, 43.0629457115923], [-70.68676497341707, 43.06293464180326], [-70.6868653329655, 43.06292419886619], [-70.68698849591628, 43.062933730089085], [-70.68710018969104, 43.062937511851864], [-70.68716596161069, 43.06292112141636], [-70.68717828544978, 43.06287319214326], [-70.68717896014752, 43.062830814305165], [-70.68723299286317, 43.06282562564379], [-70.68730955923354, 43.062857362278045], [-70.687385631009, 43.06292017594458], [-70.68741618567604, 43.062937390867056], [-70.68748581057501, 43.06292103321958], [-70.68754342662761, 43.06293282851933], [-70.6876326315036, 43.06289685929618], [-70.68770601944802, 43.0628861848582], [-70.68783639414086, 43.06292685818129], [-70.68790149165915, 43.06295284516721], [-70.68805924254094, 43.06296832222225], [-70.6881100513686, 43.062923547537125], [-70.68808388883113, 43.062872463469], [-70.68801493826207, 43.06284644363408], [-70.68782242030834, 43.06283632027425], [-70.68762260094948, 43.06280070395339], [-70.68745808881867, 43.06272583137959], [-70.68718909513682, 43.062678320046146], [-70.68697672779551, 43.062704757826225], [-70.68687954676884, 43.06275761169105], [-70.68684482432963, 43.06276013995809], [-70.68666458607262, 43.0627049106072], [-70.68666915916634, 43.06265974058331], [-70.68672409177778, 43.0625980483828], [-70.6867598041, 43.062533365993595], [-70.68674130391403, 43.06248517280568], [-70.68666079526739, 43.06245905317666], [-70.68656088652381, 43.0624412440535], [-70.6865110672038, 43.06242386389284], [-70.6864533618086, 43.06241771845648], [-70.68643028865661, 43.062414695236065], [-70.68627298984994, 43.062370964065074], [-70.68626242124155, 43.062308710880636], [-70.68632134200895, 43.0622385763155], [-70.68644630399321, 43.06213510055417], [-70.6864623461952, 43.0620956799274], [-70.68663036571793, 43.06195018916005], [-70.68665474377798, 43.06187128185111], [-70.6865346885462, 43.061666812233874], [-70.68646704529837, 43.061558860992214], [-70.68638507075455, 43.061382973143516], [-70.68637749994784, 43.061273652259025], [-70.68637730990928, 43.061273461870314], [-70.68637576565105, 43.06126812697905], [-70.68777709902105, 43.060295692036135], [-70.68783890529869, 43.060304791766654], [-70.68795937508074, 43.06028317200827], [-70.68813696774335, 43.06026208617305], [-70.68814209437122, 43.06026146003445], [-70.68824737622155, 43.060206219693974], [-70.68834726072593, 43.06018006004286], [-70.68846491859948, 43.06019457270423], [-70.68854214368686, 43.060203336917276], [-70.68871462515467, 43.06024533156603], [-70.68890227019321, 43.06026044187744], [-70.68903541928805, 43.06027702582254], [-70.68916237654362, 43.060236943150144], [-70.68923343413117, 43.06013017824545], [-70.68923413918775, 43.060085796159356], [-70.68921854498778, 43.0600632428865], [-70.68920861009146, 43.05999292254777], [-70.68923983737213, 43.0598824333355], [-70.6893703472904, 43.05978359752884], [-70.68957773825821, 43.05971513306476], [-70.68962708207768, 43.0597053350254], [-70.68968781592211, 43.05966501291824], [-70.69012050200007, 43.05959524124217], [-70.69072208521759, 43.05956646657163], [-70.69156890733316, 43.05962454600907], [-70.69219280204186, 43.0596468140923], [-70.69270102193998, 43.05967374544138], [-70.69299877339253, 43.05985146502049], [-70.69318828817121, 43.06005086770552], [-70.69326551350625, 43.06022755408442], [-70.69284147297886, 43.06065278597069], [-70.69283430937591, 43.06065617012982], [-70.69276337749474, 43.06072442392734], [-70.69270812414557, 43.06078650788971], [-70.69145145203642, 43.06204665920286], [-70.69135741138209, 43.0621409569289], [-70.69112232030487, 43.062376690635794], [-70.69084536527112, 43.06265439957791], [-70.6905006537482, 43.063000045202074], [-70.69050067053092, 43.06299898749554], [-70.69049381743909, 43.062966512675864], [-70.69048497251013, 43.062943475635095], [-70.6905008332566, 43.06289680090046], [-70.69050236337537, 43.06289229808903], [-70.6904974807046, 43.06285173598799], [-70.69049566029283, 43.0628503697771], [-70.69046272146157, 43.0628365819668], [-70.690411364252, 43.06282263701442], [-70.69037589747799, 43.062818741219374], [-70.69035803663844, 43.06281677931768], [-70.69033237948325, 43.06280845632224], [-70.69029370086785, 43.0628081263073], [-70.6902529446429, 43.06282263604958], [-70.6902215047695, 43.062830471866256], [-70.69020520579745, 43.06283155722894], [-70.69014958728819, 43.062835260895945], [-70.69014937292758, 43.06284876588295], [-70.69017712652003, 43.06286959499289], [-70.69018214021055, 43.06287335777245], [-70.690183467603, 43.06290578545841], [-70.69014074082769, 43.06292838243457], [-70.69013645082157, 43.062929343130854], [-70.69010007023634, 43.0629374901263], [-70.69009407308681, 43.06296715394111], [-70.69011600371336, 43.062978146551025], [-70.69013042108818, 43.06298576032325], [-70.6901835946142, 43.06301384107037], [-70.69022745594076, 43.06303582625219], [-70.69024713752249, 43.06307246259583], [-70.69025045683753, 43.06309545250565], [-70.690231180985, 43.06314931528995], [-70.69019417252298, 43.06315980494489], [-70.69015644326129, 43.063167592860076], [-70.6900999166505, 43.06317926081778], [-70.6900846673462, 43.06321154703471], [-70.69007290878669, 43.06325601917446], [-70.69005191950399, 43.06330176321469], [-70.69003482828867, 43.0633340337044], [-70.69003401360767, 43.06338535264855], [-70.69005703714933, 43.063420121502276], [-70.69005853141923, 43.063443357989705], [-70.68988418045717, 43.06361817623498], [-70.68950607429439, 43.06399729093436], [-70.68938212128162, 43.06412157332703], [-70.68910600948315, 43.06439841703354], [-70.68910058892354, 43.06439579610194], [-70.68906212393534, 43.06438196068205], [-70.68904179881308, 43.06438583908246], [-70.68903252500111, 43.06438981189616], [-70.68901622896142, 43.06439722131959], [-70.68901211402573, 43.06439909228276], [-70.6889991349757, 43.06440438411873], [-70.68896595956676, 43.064405451352854], [-70.68891622864795, 43.06440502643923], [-70.68885553227787, 43.06439910507978], [-70.68882231393732, 43.06440287326786], [-70.68877810867987, 43.064402495512454], [-70.68871165051374, 43.0644113823316], [-70.68868393634719, 43.064416548200676], [-70.68862865829489, 43.06441742643453], [-70.68860276453402, 43.0644239585241], [-70.68854016187476, 43.06442207274757], [-70.688459247731, 43.06441327699703], [-70.68836882351519, 43.064423309422665], [-70.68830784797541, 43.06443494424176], [-70.68824696992675, 43.064420983893896], [-70.68824035994633, 43.064422215953854], [-70.6880853014213, 43.06447230230591], [-70.68804749750262, 43.064473238439646], [-70.68800125695749, 43.06448499910881], [-70.68794383615224, 43.06450476822243], [-70.68789917961234, 43.0645327505723], [-70.68789033133838, 43.06454299569186], [-70.68781417534822, 43.064565500940155], [-70.68773366402806, 43.064574241002035], [-70.68771989314487, 43.064570386683265], [-70.68768134240115, 43.064561952790825], [-70.68764435415747, 43.06457109110862], [-70.6876001487947, 43.06457071289702], [-70.68757821806399, 43.0645597198068], [-70.68755427349727, 43.064559514930515], [-70.68753019996176, 43.064567413032634], [-70.68752996351834, 43.06458226850221], [-70.6875388505503, 43.064602604761845], [-70.68753692695697, 43.06460682306938], [-70.68748172404827, 43.06463047039447], [-70.68742007337124, 43.06462994283211], [-70.68732034078585, 43.06460083358795], [-70.68718297630917, 43.06451489068008], [-70.68713958462448, 43.06446443978906], [-70.68713960888343, 43.06446291622838], [-70.68715338584623, 43.06444136447249], [-70.68716422551071, 43.06443554734388], [-70.68720455278881, 43.064433922558194], [-70.6872319184882, 43.06440263724649], [-70.68722742377581, 43.0643474395741], [-70.68717473088907, 43.064281979492186], [-70.68711107303088, 43.064230215323704], [-70.68704779166319, 43.064154814684144], [-70.686984886856, 43.0640557775739], [-70.68697229665428, 43.064036762986724], [-70.68692665894837, 43.06402301518035], [-70.68691551157636, 43.06402563403352], [-70.68687499633633, 43.0640390769378], [-70.68682661017978, 43.064040632602044], [-70.68679471876213, 43.06401868983275], [-70.68678478897, 43.063967385542334], [-70.68678869890405, 43.06389059013088], [-70.68679478593914, 43.06382941371451], [-70.68678325856708, 43.06381274192508], [-70.68675978754285, 43.06378282594896], [-70.68676741313905, 43.063766683073226], [-70.68677490966627, 43.063758643179625], [-70.68679356493413, 43.06374394543187], [-70.68682142951546, 43.063729326538606], [-70.68685790829603, 43.063715711799794], [-70.68692327671258, 43.06366542225527], [-70.68695486862393, 43.06357878743488], [-70.6870069758473, 43.063512254505014], [-70.6870344980525, 43.06347112071628], [-70.68699270833478, 43.06339590402345], [-70.68693433012413, 43.06335009486593], [-70.68685955092543, 43.06332495516136], [-70.68681736971763, 43.06327415936265], [-70.68668636494495, 43.06327303752058], [-70.68653197163138, 43.063288668645114], [-70.6864933507853, 43.06329398898777], [-70.68639353077444, 43.06327052933145], [-70.68623206157223, 43.06324654139988], [-70.68602345489965, 43.06327866077377], [-70.68595355900081, 43.063311968650304], [-70.68576581820078, 43.06348554507263], [-70.68552377242092, 43.063681260166256], [-70.68550021781465, 43.06371591367634], [-70.6854749408206, 43.06372319166927], [-70.6853974102244, 43.06373333230433], [-70.68539188463295, 43.06373328492106], [-70.68538083345013, 43.06373319015371], [-70.68535314086724, 43.06373700472035], [-70.68527177570006, 43.06375656715533], [-70.68521972950717, 43.06378583576707], [-70.68517115153655, 43.06382864091524], [-70.685157698265, 43.0638636432358], [-70.68515533928252, 43.06389603935203], [-70.68516028313616, 43.06393255015053], [-70.68519814366742, 43.06398420077194], [-70.68521268472965, 43.06399648162018], [-70.6852270534378, 43.0640195664381], [-70.68524170223748, 43.064025094800556], [-70.6852898279018, 43.06401065005069], [-70.68534001084038, 43.06398271611088], [-70.68538936844566, 43.06397511691102], [-70.68539502305168, 43.06401260558031], [-70.68536862276424, 43.06406753839063], [-70.68533185395351, 43.06409874261861], [-70.6853233392224, 43.06412723418419], [-70.68531738518126, 43.06416362759515], [-70.68531947096719, 43.06419689930487], [-70.68532000866762, 43.06419730288777], [-70.68540257004477, 43.0642182711139], [-70.68542092420556, 43.064222480546185], [-70.68544844468136, 43.06422946993738], [-70.68547581438567, 43.06424591279739], [-70.6854825388211, 43.064275520001985], [-70.6855098882451, 43.06428078315345], [-70.6855602823764, 43.06426284521447], [-70.68561012081419, 43.06425651910264], [-70.68569056053772, 43.06429502778645], [-70.6857057769573, 43.064323894283405], [-70.68578321945881, 43.06432771517588], [-70.685918491882, 43.064322679319375], [-70.68593902069206, 43.06430931361264], [-70.68596864149646, 43.064300112705475], [-70.68602569675586, 43.0643033030305], [-70.68606439089945, 43.064302500151314], [-70.68620859651443, 43.064235291157395], [-70.68627898615418, 43.06421255551547], [-70.68628885804566, 43.064204256860705], [-70.68633000347738, 43.064165439608864], [-70.68637266793418, 43.06414689557333], [-70.68645707149412, 43.06416787882043], [-70.68647604427241, 43.06417843728232], [-70.68650649199049, 43.06417787148764], [-70.68654875656054, 43.064194327097624], [-70.68662414448333, 43.06420307686978], [-70.68662827897629, 43.064204126861505], [-70.68664065684808, 43.06420727033243], [-70.68664904861144, 43.064218158028694], [-70.68666344723813, 43.064227885181516], [-70.68682356923692, 43.064336628173045], [-70.68699103818501, 43.06446803842629], [-70.68706684166732, 43.064547803433136], [-70.68711199995387, 43.064616003769174], [-70.68713054271926, 43.064636922502665], [-70.68713116906596, 43.064638285455786], [-70.68712886751125, 43.064670926884745], [-70.68712878958114, 43.06467203211535], [-70.68708614648469, 43.06468922593277], [-70.68706224488152, 43.064686319958994], [-70.68704644696926, 43.06468152905865], [-70.68703474551761, 43.06467798045568], [-70.68701816848069, 43.06467783853976], [-70.68700891217841, 43.06468635732895], [-70.6870050816717, 43.064689882632], [-70.68698280689611, 43.06470049738033], [-70.68695177185117, 43.064693707523105], [-70.6869102854796, 43.06469904406584], [-70.68684074840954, 43.064709750960795], [-70.68660955812568, 43.06470777113299], [-70.6864477249409, 43.06470638497567], [-70.68618453859337, 43.064777595109035], [-70.68599922590045, 43.06479861171964], [-70.68574464599365, 43.06481338313195], [-70.68568772340699, 43.06482989011084], [-70.68568755824192, 43.06482987176725], [-70.6856525406667, 43.064830922247744], [-70.68561544428574, 43.06484681238672], [-70.68561416603652, 43.06484760565015], [-70.68558584470318, 43.06485466270209], [-70.68557800012238, 43.06485756867], [-70.68553973265016, 43.064858319390055], [-70.68551203956864, 43.06486213398952], [-70.68544740082473, 43.064872385191705], [-70.68541793045783, 43.0648721324854], [-70.68537158141584, 43.064890644564635], [-70.68534571564255, 43.06490432212825], [-70.68531146775723, 43.06491138965397], [-70.68523207322974, 43.064915183230326], [-70.68522189209386, 43.06492042647474], [-70.68519214160226, 43.0649377301608], [-70.68517736331069, 43.06494030476796], [-70.68514806529296, 43.06492924802231], [-70.68511861644953, 43.06492764474247], [-70.68509272211473, 43.06493417603137], [-70.68507231037572, 43.0649434557067], [-70.68504448793067, 43.06495537316913], [-70.68502970962902, 43.06495794775713], [-70.68497089812891, 43.06494933914434], [-70.68495243602572, 43.06495188211906], [-70.68492467821115, 43.06495974806381], [-70.68490612989206, 43.06496769301536], [-70.6848637877347, 43.064965979050584], [-70.68480675348708, 43.06496143764506], [-70.6847758479064, 43.064953140462976], [-70.6847755705166, 43.06495306599244], [-70.6847443228859, 43.06494874581946], [-70.68471474470395, 43.064955245411774], [-70.68470569849711, 43.064958465317595], [-70.6846962179171, 43.06496183983304], [-70.68463342084108, 43.06497210637887], [-70.68455235566093, 43.06497276133647], [-70.68451378754362, 43.06496686205436], [-70.68440874059348, 43.064971458067255], [-70.68432101480545, 43.065021691478194], [-70.68431555726008, 43.06503556142582], [-70.68431544943124, 43.06504231390495], [-70.68430390199813, 43.06507328043509], [-70.68426294878627, 43.0650999424716], [-70.68422988078345, 43.065094255849026], [-70.68420236006638, 43.065087266163346], [-70.68417900045664, 43.06508092213597], [-70.68417668125912, 43.06508029228553], [-70.68412151043604, 43.06507441585664], [-70.68411212835768, 43.0650851407456], [-70.68410115203675, 43.065100776106476], [-70.68410081809003, 43.065101251800996], [-70.68407648505831, 43.06512535511784], [-70.68402671048601, 43.06512762906518], [-70.68401501825845, 43.06511940130899], [-70.68399756360152, 43.06510711855668], [-70.68397743209518, 43.06509884159045], [-70.68397188481009, 43.06510014463307], [-70.68394555880647, 43.06513368557346], [-70.68393238500666, 43.065151131289014], [-70.68393149263494, 43.06515281578919], [-70.68392098838171, 43.065172644308404], [-70.68390374240461, 43.06521436730438], [-70.68385334204962, 43.06525580554788], [-70.6837851051243, 43.065260622181825], [-70.68374164660187, 43.06524958446335], [-70.6837410719455, 43.065249438510364], [-70.68373758233642, 43.06523725240747], [-70.68369727615735, 43.06522339937129], [-70.68368592259623, 43.06524221137501], [-70.6836593734255, 43.06527783939722], [-70.68363295703034, 43.065286911515685], [-70.68361355786519, 43.0652938161855], [-70.68360403696343, 43.065294184486], [-70.68355601781977, 43.065301876032535], [-70.68348219034087, 43.06531069649781], [-70.68345792173923, 43.06533074819281], [-70.68342242896999, 43.06536150888625], [-70.68342546522625, 43.06540205540094], [-70.68346307890029, 43.06542388689987], [-70.68347814682403, 43.06544843120338], [-70.68348488853526, 43.0654876588724], [-70.68346794435763, 43.06551047486147], [-70.6834605227876, 43.065530376196115], [-70.68345639640724, 43.06554144129851], [-70.68345789296448, 43.06556306505031], [-70.68347965062262, 43.06558486288747], [-70.68349010789612, 43.06558880949912], [-70.68351261089597, 43.06559730220514], [-70.68351789923102, 43.06561220512982], [-70.68351119311494, 43.065614734897075], [-70.68348639234816, 43.065624090555666], [-70.6834842914153, 43.06564028067411], [-70.68350448778165, 43.06564450624138], [-70.68352832482407, 43.06565146444593], [-70.6835440520914, 43.06565363898622], [-70.68355957271935, 43.06565578495313], [-70.68357599892532, 43.06566538084026], [-70.68358497112354, 43.06568031541035], [-70.68359353326586, 43.065720909391814], [-70.68355611207981, 43.065757056280475], [-70.68349987793327, 43.06577085802828], [-70.68347103824811, 43.06577793624219], [-70.68343576107979, 43.065795191981984], [-70.68344659677243, 43.06580879189368], [-70.68346692270104, 43.06580491449621], [-70.68349097564538, 43.06579836775588], [-70.6834939601211, 43.06579888100397], [-70.68350750979855, 43.06580121117631], [-70.68350714286899, 43.06582416959664], [-70.68349756630877, 43.06584704888937], [-70.68346859218236, 43.065857750198184], [-70.68344942385792, 43.06586482982432], [-70.68339275582647, 43.065848549526294], [-70.68335238713853, 43.06584255149488], [-70.68334696856473, 43.065819900351755], [-70.683347194367, 43.06580577442928], [-70.68332822173451, 43.0657872451708], [-70.68331693300021, 43.06577019472681], [-70.68332141849584, 43.065730675256205], [-70.68334331125645, 43.06568706701176], [-70.68334380802078, 43.06565598998157], [-70.68332508382117, 43.06562192220739], [-70.68332555801302, 43.0655922577693], [-70.68332587414054, 43.065572481477155], [-70.6833322862232, 43.0655329785606], [-70.6833480829593, 43.065509096937575], [-70.68336757484263, 43.06549513656925], [-70.68339298201448, 43.0654727503082], [-70.68339916825522, 43.0654473733103], [-70.68337450621371, 43.065423144025374], [-70.68332282655572, 43.06540150813835], [-70.68325027043198, 43.065359913807754], [-70.68311169045383, 43.06535024604721], [-70.68299582317955, 43.0653662035198], [-70.68296853448186, 43.06538574794568], [-70.68296436503086, 43.06540549111225], [-70.68293299719946, 43.06543912832672], [-70.68290983274305, 43.06544175475716], [-70.68281762674039, 43.06542400858946], [-70.68278761438633, 43.06537289023616], [-70.68276499218702, 43.06534161442666], [-70.68269993957229, 43.06531279934152], [-70.68264277419219, 43.065272749753326], [-70.68258216243903, 43.06520724034288], [-70.6825099460355, 43.0651444566676], [-70.68242544698339, 43.06512677646688], [-70.68235545664851, 43.065165732462894], [-70.6823197381414, 43.06523041338721], [-70.68224925031139, 43.06530044633813], [-70.68213768827958, 43.06528818425107], [-70.68203319961779, 43.0653155409377], [-70.68199829467417, 43.06532936845113], [-70.68185980544533, 43.0653140488099], [-70.68173337346725, 43.06526775148174], [-70.68162203780065, 43.06524136297666], [-70.68148708535469, 43.06524585233898], [-70.68145237714783, 43.06524180414062], [-70.6819266382537, 43.06476004592893], [-70.68193768338502, 43.06476176469373], [-70.68201698004592, 43.06475351715213], [-70.68212493597595, 43.064751216347624], [-70.68220829143233, 43.064729328248426], [-70.68233970597497, 43.06470502858935], [-70.68251318885001, 43.06470086960456], [-70.68260539368022, 43.06471861600823], [-70.68269741781053, 43.06474766307596], [-70.68290136471087, 43.06476637003817], [-70.68294016748199, 43.064749750182735], [-70.68296654277079, 43.06474880555289], [-70.68299542034205, 43.06470611784155], [-70.6830472178531, 43.06465928378437], [-70.68309888931624, 43.06462032850472], [-70.68314256450263, 43.064577364531694], [-70.68322941088526, 43.06452295174325], [-70.68330178612685, 43.06453342358254], [-70.68328747253807, 43.064588459772075], [-70.68323861357058, 43.06461955942329], [-70.68319519033345, 43.064646765828414], [-70.68316491565491, 43.06469181496698], [-70.68316951912895, 43.06473672467], [-70.68319089451509, 43.064734951897904], [-70.68326020639462, 43.0647383731524], [-70.68331083952036, 43.064704901400916], [-70.68336981112775, 43.064631943255456], [-70.68340140408296, 43.06458417998439], [-70.68344047753142, 43.06455060884521], [-70.68349523446938, 43.06450021900459], [-70.68353484960939, 43.06443274560788], [-70.68350143548813, 43.064353342473986], [-70.68345202189796, 43.064310534312355], [-70.6834452186837, 43.064253964391156], [-70.6834458959853, 43.06421158661071], [-70.6833966631686, 43.06415747768413], [-70.68337349921391, 43.06416010421396], [-70.68330364605958, 43.064190585257386], [-70.68325323916972, 43.06420993108677], [-70.68316878633875, 43.06418942625751], [-70.68311932794401, 43.064149443139726], [-70.68314684187375, 43.064115772741985], [-70.68319339558954, 43.064096393843116], [-70.68322870603484, 43.06405713928528], [-70.68325250222442, 43.06401496019022], [-70.68328364333978, 43.063995448797726], [-70.68335712361595, 43.06397912680061], [-70.6834580723769, 43.06393195946524], [-70.68353880728209, 43.06394395541873], [-70.68358849152243, 43.063969812429626], [-70.68363840152576, 43.06398154349102], [-70.68366215226276, 43.063942189492835], [-70.68370521369714, 43.06390017579662], [-70.68376677329799, 43.06390635572464], [-70.68382788155792, 43.06394078747805], [-70.68386514901293, 43.064020223617284], [-70.68392952386566, 43.06409141582613], [-70.68402898321193, 43.0641374791198], [-70.68410142563647, 43.064186135921226], [-70.68413941553494, 43.06422036899782], [-70.68422386874488, 43.0642408731142], [-70.6842705124559, 43.06421584340302], [-70.6842793917237, 43.06414245472321], [-70.68424257482576, 43.064034766853275], [-70.68422788419547, 43.063989431552855], [-70.68423282012397, 43.06392166016555], [-70.68422270451751, 43.063831154964966], [-70.68423548200373, 43.063754974178174], [-70.6842986656033, 43.06365944711176], [-70.68442462624189, 43.063493819542856], [-70.68451097289778, 43.06339566560308], [-70.68453015191481, 43.06334208851619], [-70.6845972356627, 43.06330407626809], [-70.68473860221916, 43.06324780363583], [-70.68487332135305, 43.06319865951752], [-70.68504715886714, 43.06315464129632], [-70.68517484835576, 43.06313657465178], [-70.68524542936439, 43.06312466781026]]]}, "properties": {"id": 11, "Hectares": 23.08601662769, "Acres": 57.04670138785, "Year": "2016", "LABEL": "Gerrish Island Beds", "100 M2?": "y"}}, {"type": "Feature", "geometry": {"type": "MultiPolygon", "coordinates": [[[[-70.68637576565105, 43.06126812697905], [-70.68633889932626, 43.06114076598969], [-70.68635184364065, 43.061022016872535], [-70.68636050184391, 43.06094105012851], [-70.68645140315166, 43.06078514971098], [-70.68652640806803, 43.0607020498899], [-70.68671260737271, 43.06057668047766], [-70.68676473615943, 43.060542009145436], [-70.68690236041897, 43.060459445278426], [-70.68705827294032, 43.060385141897456], [-70.68726532448478, 43.06033828964639], [-70.68742029052933, 43.060323407682915], [-70.68766781737912, 43.06027960242558], [-70.68777709902105, 43.060295692036135], [-70.68637576565105, 43.06126812697905]]], [[[-70.68145237714783, 43.06524180414062], [-70.68135630284793, 43.06523059843861], [-70.6812857418594, 43.06519872484924], [-70.68125589679799, 43.0651264863808], [-70.6812323283128, 43.06507716897556], [-70.68121628177927, 43.06500559638389], [-70.68121527772917, 43.0650011179989], [-70.68120424443511, 43.064929583788775], [-70.68118024696119, 43.064907052374636], [-70.68113798322332, 43.06488436363926], [-70.68105302668388, 43.064865772123746], [-70.68090080772735, 43.06486446092863], [-70.68074242847453, 43.06486756140412], [-70.6806384902511, 43.06489345553047], [-70.68059551113036, 43.064915409926265], [-70.68060711618486, 43.06495122952518], [-70.6806617719706, 43.06496063038606], [-70.6806793942888, 43.06500096677532], [-70.68067301930067, 43.06501877164315], [-70.68065453831512, 43.06503200724802], [-70.68059365057405, 43.06503148258066], [-70.68056320670414, 43.06503122023483], [-70.68052051372158, 43.06503531726977], [-70.68047151725213, 43.06505275481194], [-70.680434197308, 43.06510154761508], [-70.68029301004331, 43.06517176987777], [-70.68021392739703, 43.06516662321986], [-70.68016557506121, 43.06514388163925], [-70.6801175807355, 43.06509881837791], [-70.68007546046191, 43.06506720058916], [-70.67997216607766, 43.065052915115146], [-70.6798935132803, 43.065020982245926], [-70.67983950209774, 43.064971402032334], [-70.67982188034078, 43.06493106551904], [-70.67982259649817, 43.064886422200296], [-70.67982352750035, 43.06482838588541], [-70.67987366975593, 43.064739519307324], [-70.67991722187202, 43.064681850526014], [-70.68004565816896, 43.06464723837983], [-70.68013118683109, 43.06463011597802], [-70.68017380796567, 43.0646304834181], [-70.68025231724867, 43.064671344758594], [-70.680306614829, 43.06470306744987], [-70.68036707278551, 43.06473037826331], [-70.68048261578608, 43.06474030399292], [-70.68060439068941, 43.06474135340778], [-70.68068375903849, 43.06472864245846], [-70.68078167976762, 43.06469823149611], [-70.68086749446341, 43.06466325120913], [-70.68094671959341, 43.064659468742775], [-70.68102587318688, 43.06466015055516], [-70.68106820825487, 43.06467837499717], [-70.68111656056868, 43.06470111619786], [-70.68120180296229, 43.06470185032914], [-70.68130574063278, 43.064675955684685], [-70.6814162674509, 43.064618863029644], [-70.68167786861677, 43.06463450997414], [-70.6817747166192, 43.06467106317486], [-70.68181074876648, 43.064702627943085], [-70.68184656654537, 43.06474758570433], [-70.6819266382537, 43.06476004592893], [-70.68145237714783, 43.06524180414062]]]]}, "properties": {"id": 11, "Hectares": 1.06324807761, "Acres": 2.62733916218, "Year": "2016", "LABEL": "Atlantic Coast", "100 M2?": "y"}}, {"type": "Feature", "geometry": {"type": "Polygon", "coordinates": [[[-70.69284786875775, 43.064979799045084], [-70.69278007083459, 43.064972107879356], [-70.6927611182771, 43.064943489868675], [-70.69272293167325, 43.06490403688528], [-70.69267966913223, 43.064878769039666], [-70.69265078991646, 43.06486429487322], [-70.69261683471525, 43.06486400584699], [-70.69258265424934, 43.06487794324799], [-70.69256759516233, 43.06490982885579], [-70.6925961928011, 43.06494208608962], [-70.69265389498011, 43.064974591052284], [-70.69265333185562, 43.0650101571455], [-70.69263364726919, 43.06502777503531], [-70.69259472859022, 43.065034557930474], [-70.69255067755351, 43.06505908256518], [-70.69252157300403, 43.06505883480269], [-70.69249765714258, 43.06503728867355], [-70.69247831043938, 43.065033566881354], [-70.69243995498934, 43.065004783632695], [-70.69241677141673, 43.0649370015686], [-70.6923642581199, 43.06488319813429], [-70.6922726009912, 43.06485040389911], [-70.69219053276096, 43.06482480542599], [-70.69212250972629, 43.06483134030851], [-70.69202019340466, 43.0648589255999], [-70.69190862634754, 43.06485797528983], [-70.6918415613541, 43.064804047658534], [-70.69182322924647, 43.064736306801855], [-70.69182943260734, 43.06465098951821], [-70.69192244169567, 43.06459842549388], [-70.69199046449141, 43.06459189072771], [-70.69202526475547, 43.064538830804466], [-70.6920843748652, 43.064482420825414], [-70.69212318056263, 43.064482751318494], [-70.69213265662081, 43.06449706037604], [-70.6921863524993, 43.064476175123374], [-70.69222543987487, 43.06445872253585], [-70.69227964268558, 43.064405827755344], [-70.69233390173238, 43.06434937633836], [-70.6923967355552, 43.064364139681906], [-70.69239651025087, 43.064378366119655], [-70.69239634127251, 43.06438903594794], [-70.6923516710084, 43.06445268321564], [-70.69232172178847, 43.06450578454469], [-70.69232121481195, 43.06453779402806], [-70.69234027970134, 43.06455929889187], [-70.69237919810514, 43.06455251608003], [-70.6923988826091, 43.06453489823178], [-70.69242866280405, 43.06449246671048], [-70.69245404283062, 43.064421541008386], [-70.6924693834616, 43.0643718723647], [-70.69252291016232, 43.06436165678012], [-70.69254693840918, 43.06437608968484], [-70.6925563582337, 43.06439395531796], [-70.69257508526715, 43.06443679980105], [-70.69256950244674, 43.064482994433675], [-70.69254457306918, 43.06452546728577], [-70.69251953101802, 43.06457505335068], [-70.6925234806312, 43.064632000395505], [-70.6925327315304, 43.064660535858295], [-70.69256640503423, 43.06467860795553], [-70.6926532676504, 43.06470780405745], [-70.6927158766843, 43.06473679366723], [-70.69274921244543, 43.064776205368666], [-70.69285057120328, 43.06480908178475], [-70.69293241451184, 43.064848906225876], [-70.6929900041995, 43.06488852423987], [-70.69295514826402, 43.064945141069195], [-70.69284786875775, 43.064979799045084]]]}, "properties": {"id": 12, "Hectares": 0.32423981319, "Acres": 0.80121279038, "Year": "2016", "LABEL": "Portsmouth Harbor", "100 M2?": "y"}}, {"type": "Feature", "geometry": {"type": "Polygon", "coordinates": [[[-70.69300951088819, 43.065495173815684], [-70.6929562929021, 43.065485828265736], [-70.69295632105005, 43.065484049961064], [-70.692912917262, 43.06546767372454], [-70.69288398141627, 43.06545675622448], [-70.69285504558091, 43.06544583871718], [-70.69284066212087, 43.065435045046954], [-70.69283614914909, 43.06541366411024], [-70.69282661648562, 43.065402911719495], [-70.69282681354696, 43.065390463587114], [-70.69284897989024, 43.06536930969688], [-70.69287579994867, 43.06536064521444], [-70.69289568162175, 43.065330579151585], [-70.69292007626706, 43.065321894019114], [-70.69294433016483, 43.06532210040491], [-70.69295146559452, 43.065331053843224], [-70.69294633333321, 43.06534879561384], [-70.6929336152607, 43.06538603682028], [-70.69294309164395, 43.065400345811696], [-70.69295521860836, 43.065400449002944], [-70.69298223569575, 43.06537933636267], [-70.69300671478778, 43.06536531629768], [-70.69303347853173, 43.06536020838754], [-70.69305276908247, 43.0653674866965], [-70.69306458644888, 43.06538715122842], [-70.69305440641352, 43.06541729986549], [-70.69305875059186, 43.06544935062272], [-70.69307065240935, 43.0654636802397], [-70.69306303848467, 43.065484957989106], [-70.69300951088819, 43.065495173815684]]]}, "properties": {"id": 13, "Hectares": 0.02324447291, "Acres": 0.05743825478, "Year": "2016", "LABEL": "Portsmouth Harbor", "100 M2?": "y"}}, {"type": "Feature", "geometry": {"type": "Polygon", "coordinates": [[[-70.69840801525716, 43.065106371179205], [-70.69838779072394, 43.06511968527498], [-70.6983376213903, 43.06515862373036], [-70.69825826194328, 43.06521548266703], [-70.69821212628494, 43.065260511046375], [-70.69820528910176, 43.06530133012547], [-70.69821423969287, 43.06531605923378], [-70.69819324361644, 43.06534352340398], [-70.69810790363371, 43.065406774953225], [-70.6980635433023, 43.06541305641484], [-70.69800697570118, 43.065424154847676], [-70.69798125475025, 43.06548182344281], [-70.6979818348672, 43.06548301388902], [-70.69800310583727, 43.06552666358177], [-70.69799341536809, 43.06557713017336], [-70.69799457803975, 43.06558677869881], [-70.69799928803697, 43.06562586496465], [-70.69795975801017, 43.06568847425219], [-70.6979483927624, 43.06570647497396], [-70.69790255509919, 43.06575239598286], [-70.69785210233762, 43.06580489347958], [-70.69781384733147, 43.06586052368924], [-70.69768436869141, 43.06592613508138], [-70.69758567113658, 43.06603201193369], [-70.69740756635682, 43.06625104294861], [-70.69735535891166, 43.066485368542686], [-70.69731240447295, 43.066748229190296], [-70.69732008860686, 43.06687634944702], [-70.69740594788236, 43.06696956101754], [-70.69752147330789, 43.067027452900504], [-70.6976268488688, 43.06711371541582], [-70.6977111402532, 43.067306511930916], [-70.69768035380274, 43.06741296386502], [-70.6977163601829, 43.06759112313324], [-70.69762680160363, 43.06773264824624], [-70.69771232636656, 43.06784719926625], [-70.69766168742511, 43.067981939777034], [-70.6976601186151, 43.068081524932836], [-70.69773616598724, 43.068181767324546], [-70.69778209908154, 43.06834578225517], [-70.69778142681038, 43.068388461606666], [-70.69777015609962, 43.06848796461031], [-70.6977948925836, 43.068765626827016], [-70.6977535069648, 43.06892890239679], [-70.69777678687592, 43.069299036510685], [-70.69782148836467, 43.069541296865594], [-70.69783051833811, 43.069584058354614], [-70.69781010542674, 43.069647913075634], [-70.6979880627599, 43.07005492748621], [-70.6980546347575, 43.070140861080446], [-70.69807157501195, 43.07029751625173], [-70.698127548906, 43.07044027346378], [-70.6981655743686, 43.070490394507964], [-70.69836294130923, 43.07089757255941], [-70.69836036557702, 43.07106117669328], [-70.69843294628272, 43.07138192852782], [-70.69858337230038, 43.07168911056635], [-70.69892359912373, 43.072268236165975], [-70.69910492839071, 43.072461852121926], [-70.69914027016831, 43.072682690191606], [-70.69932059435766, 43.07294032481418], [-70.6994246399712, 43.07311194438134], [-70.69944071244416, 43.07314241578416], [-70.69945316132157, 43.07315345719335], [-70.69948201727111, 43.0731834711684], [-70.69948857631486, 43.07319675775048], [-70.69951289489474, 43.07322838725946], [-70.69953495779768, 43.073259997698585], [-70.69953666738597, 43.07329474389852], [-70.69951830969073, 43.073314435455934], [-70.69950484925144, 43.073313956003624], [-70.69945743169816, 43.07331226700776], [-70.69945095067249, 43.07329401940493], [-70.69944957923315, 43.07323777545428], [-70.69939645676861, 43.07317282459698], [-70.69935808388495, 43.07317415411615], [-70.69935290086113, 43.073197909458905], [-70.69934835881048, 43.07321872701473], [-70.69930088506175, 43.07322494125926], [-70.69927425886915, 43.07319659998237], [-70.69927681325892, 43.073150878274674], [-70.6992692272359, 43.07312130185764], [-70.69925021324987, 43.073096241519636], [-70.699236218522, 43.073060552360786], [-70.69924659268447, 43.07301795505702], [-70.69923750531588, 43.07297875030198], [-70.69920912429917, 43.072932268257595], [-70.69918999849476, 43.072914321132124], [-70.69916579750989, 43.072910559429936], [-70.69913702490696, 43.07288897364673], [-70.69913234138178, 43.07287826279303], [-70.69912788167241, 43.0728533254942], [-70.69911851463206, 43.07283190378584], [-70.69908990994917, 43.07279964815725], [-70.69908093462256, 43.07275333016707], [-70.6990813263147, 43.07272843388822], [-70.69906716389485, 43.07270341454204], [-70.69902880060299, 43.07267463346376], [-70.69899021350264, 43.07266007881771], [-70.69894711083641, 43.07262414346399], [-70.69894783836159, 43.072577907518266], [-70.69892419717198, 43.07253857965395], [-70.69889531289397, 43.07252410703351], [-70.69881858672976, 43.07246654475101], [-70.69877598805596, 43.07239859983342], [-70.69872842618338, 43.07233772708569], [-70.69864656916901, 43.072297906708535], [-70.69863297936699, 43.072273196324545], [-70.69863491687713, 43.072250128003105], [-70.69862371664361, 43.072245071572766], [-70.69858337499431, 43.07222819135297], [-70.69856772510222, 43.072226142802414], [-70.69852934320242, 43.07222111865194], [-70.69850017577772, 43.07221094851548], [-70.69846662720435, 43.0721924718363], [-70.69844892034695, 43.07217082140348], [-70.6984371987301, 43.07215230749063], [-70.69842470686385, 43.0721325769804], [-70.69840710417704, 43.072104311849614], [-70.69842318016445, 43.07208625505294], [-70.69842779561695, 43.072079678533825], [-70.6984167776726, 43.07206304637318], [-70.69837869185639, 43.07204618516878], [-70.69834995031529, 43.07203534385052], [-70.6983604166199, 43.07198246216645], [-70.69833666403512, 43.07195024740453], [-70.69831771114221, 43.07194450256639], [-70.69828546448531, 43.0719494704428], [-70.69824265915939, 43.071945800398765], [-70.6982203630284, 43.07192907276999], [-70.6982186281686, 43.071895980222635], [-70.69823071625135, 43.07188130500763], [-70.69822566148653, 43.071873025977396], [-70.69823729831342, 43.07185644479431], [-70.69824201792363, 43.07184325359091], [-70.6982286402657, 43.071833217014124], [-70.69820170268311, 43.07182471956605], [-70.69818045800555, 43.071825281119274], [-70.69815430802956, 43.07182597232713], [-70.69811816557352, 43.07182897420301], [-70.69807126574183, 43.07179880714602], [-70.69805799229691, 43.0717821558583], [-70.69803813423152, 43.07175387157827], [-70.69801604658466, 43.07172391452783], [-70.69801531664251, 43.0716993424857], [-70.69797729726353, 43.07166263898766], [-70.69794425116567, 43.07161528908363], [-70.69787830656827, 43.07158878310858], [-70.6978064908153, 43.07156502056773], [-70.69779798927337, 43.07153187071922], [-70.69778261662852, 43.07150527826506], [-70.69777616233334, 43.07148537689558], [-70.69777755470065, 43.07147834214399], [-70.69778106436898, 43.07146061000164], [-70.69778124672565, 43.07144903429223], [-70.6977701509135, 43.07143736308864], [-70.69774801140538, 43.07141071333275], [-70.69772120433781, 43.071393947409554], [-70.69769431912525, 43.071382142498415], [-70.69769305398498, 43.07138173224895], [-70.69767152188918, 43.07136125492013], [-70.69762396190181, 43.0713003817208], [-70.69755315448884, 43.07117528408437], [-70.69751501702883, 43.07113227606457], [-70.69743801364727, 43.07109249592495], [-70.69739729524194, 43.07106871909903], [-70.69739048380858, 43.07105044446685], [-70.69736162987134, 43.071020429972954], [-70.69733510976675, 43.070985473561194], [-70.69731302273398, 43.07095551637709], [-70.69729982786409, 43.070933903984695], [-70.69729360835433, 43.07089911953386], [-70.69726249892192, 43.070869085907184], [-70.69722995769062, 43.070861768538556], [-70.69716605498989, 43.070833537064445], [-70.69708112384211, 43.07078320064973], [-70.69709326215965, 43.0707287250135], [-70.69709941804018, 43.0707189611853], [-70.69712334102567, 43.07068101695873], [-70.69713540108143, 43.0706315023346], [-70.69716306786334, 43.07059369719291], [-70.69716382379916, 43.0705457406838], [-70.69716071105748, 43.07054090858702], [-70.69712418749565, 43.070484210795414], [-70.69715180208262, 43.07044971300043], [-70.69719049553981, 43.07043593653183], [-70.69719263742354, 43.07043517393222], [-70.69723593685879, 43.070407424575876], [-70.69724335525679, 43.07036614008248], [-70.69721206365742, 43.07034768215194], [-70.69720225403292, 43.070342523009344], [-70.69720109785165, 43.070332927948826], [-70.69722173765538, 43.07030641676913], [-70.6971719500079, 43.07027392804846], [-70.69717038036872, 43.070272903786076], [-70.69716812477807, 43.070272884675695], [-70.69714572527361, 43.07026277153269], [-70.69712112232192, 43.07024933192845], [-70.69710779732716, 43.070235987877425], [-70.697117002158, 43.07022448861372], [-70.69713515113745, 43.07021802681211], [-70.69715545143491, 43.07021819880953], [-70.697160695256, 43.07021735829197], [-70.69718485228469, 43.07021348622536], [-70.6971966515376, 43.07018050831797], [-70.69719240101924, 43.070163933369706], [-70.69717689863892, 43.07014560919806], [-70.69716876111761, 43.0701333243434], [-70.69717233922123, 43.070094261361966], [-70.69717775099203, 43.07005873635371], [-70.69717864796401, 43.070001830578455], [-70.69720408097996, 43.069927347248104], [-70.69718128280412, 43.069834669860306], [-70.69716350401183, 43.06973136373508], [-70.69714064990242, 43.069642242948525], [-70.69713234921473, 43.069553245464654], [-70.69713190867358, 43.0695466559893], [-70.69709951436387, 43.06947347266378], [-70.69709733700518, 43.069468492533254], [-70.6970687446232, 43.0694219412357], [-70.69705124759139, 43.06938706120462], [-70.69703584972146, 43.06936212232165], [-70.69700717922483, 43.06932053202786], [-70.69698084253213, 43.069273999821675], [-70.69696785669618, 43.0692391580052], [-70.69696148110287, 43.06921429556778], [-70.69695720463908, 43.0691993742823], [-70.6969463179535, 43.06917447361554], [-70.69693713817239, 43.06915347706468], [-70.6969017099045, 43.06910309820457], [-70.6968118946827, 43.068952939373546], [-70.6968132405954, 43.06886758070314], [-70.69679484578747, 43.068803397236785], [-70.69676100425364, 43.06876843913878], [-70.69673622612987, 43.068764181203846], [-70.69669801242291, 43.06875558781996], [-70.69666102442014, 43.068669271791336], [-70.69667025978046, 43.06865449955508], [-70.69667028125062, 43.0686544652129], [-70.69667741293645, 43.06863137114892], [-70.69666642214773, 43.06861308514738], [-70.69665312367931, 43.06859808737098], [-70.69663780440071, 43.06856818741536], [-70.69663140292658, 43.06854497863171], [-70.69661139006165, 43.06852661614313], [-70.69661395854378, 43.0685067911872], [-70.696614297579, 43.068485293437405], [-70.69658736168428, 43.068476795620796], [-70.69654701104197, 43.06847075092525], [-70.69647176173012, 43.068370250923735], [-70.69641026925746, 43.068270131109614], [-70.69637342475336, 43.068145320653734], [-70.69634047760192, 43.06808101371177], [-70.69633686092166, 43.06800272712813], [-70.69633452355204, 43.06794243059018], [-70.69636181300473, 43.06790263590858], [-70.69639681937389, 43.06782850749412], [-70.69640043128125, 43.0677425356144], [-70.6963519320373, 43.06767100691584], [-70.69626794219013, 43.067645872318224], [-70.696226824445, 43.067593866851155], [-70.69617796025172, 43.06754548950404], [-70.69617716582917, 43.067452864679474], [-70.69617784417956, 43.06740986917741], [-70.69622168978353, 43.06734739303715], [-70.69623767004734, 43.0673386463271], [-70.69626037213546, 43.06732622045504], [-70.6962743224305, 43.0672998764459], [-70.69621771964847, 43.06728646898228], [-70.69621978306826, 43.06725535612854], [-70.69622776608584, 43.06724821089995], [-70.69624617515603, 43.06722521249595], [-70.69624869151723, 43.06720869489087], [-70.69626258961391, 43.06718565822895], [-70.69625629276833, 43.067155834728446], [-70.6962638157422, 43.06710793558476], [-70.69623004583816, 43.06710287650683], [-70.69621545381591, 43.06708752611977], [-70.69615051472026, 43.0670733249484], [-70.69614726164356, 43.0670606380648], [-70.69613847457487, 43.067045678487716], [-70.6961182275137, 43.067042198973525], [-70.69610453813286, 43.067052006232444], [-70.69609974017558, 43.0670701583774], [-70.6960903529918, 43.06709323328079], [-70.69608918515077, 43.067102900623105], [-70.69606925268623, 43.06712897118638], [-70.696016693758, 43.06712012589329], [-70.69599761763803, 43.06710898562409], [-70.69596656291982, 43.06707564430389], [-70.69594224855281, 43.06704401404899], [-70.69592653854328, 43.06703891909457], [-70.69591125593388, 43.067042900613956], [-70.69588350190479, 43.067050131257716], [-70.69584028255694, 43.06707291911618], [-70.69579708927755, 43.06709405328486], [-70.69574904569959, 43.067136646911926], [-70.69573024493937, 43.067184450329925], [-70.69574309914957, 43.067227560653194], [-70.69569324370461, 43.06724202267636], [-70.69566423573231, 43.067221929797974], [-70.6956268846005, 43.06715876485698], [-70.69565336549996, 43.067053140319096], [-70.69573552824873, 43.0669926433951], [-70.69575640170225, 43.06695643482272], [-70.69572114948419, 43.06690321108583], [-70.69567018738812, 43.06684489234907], [-70.69565699395457, 43.06682327976609], [-70.69569808824319, 43.06679220447117], [-70.6956852863561, 43.06674578679456], [-70.69568575620983, 43.066716020678435], [-70.69570196206485, 43.06668969587566], [-70.69575383760566, 43.06669013603844], [-70.6958078381077, 43.06669886367961], [-70.69589616635986, 43.0666764585222], [-70.69593985513542, 43.0666239045193], [-70.6959344322659, 43.06661033227861], [-70.69591747901175, 43.06660123475456], [-70.69587917709639, 43.06656889602958], [-70.69574181359646, 43.06635786241221], [-70.69570864347862, 43.066307781731204], [-70.69559757897522, 43.066274825486985], [-70.69555871596033, 43.06627805277271], [-70.69552787095179, 43.06628044836744], [-70.69552110310214, 43.066286264701695], [-70.69549613657927, 43.06629597618204], [-70.69548475492886, 43.066302495164365], [-70.69545465089358, 43.06635185650612], [-70.69542965822416, 43.066363221644565], [-70.69540912421841, 43.066377932411086], [-70.69541513337, 43.0664259463613], [-70.69540304670828, 43.06647711450771], [-70.69536315355016, 43.06650705484575], [-70.69537524699332, 43.06652904887282], [-70.6954133801483, 43.06657205759766], [-70.69543656761756, 43.06663983907365], [-70.69520711556554, 43.06673037564699], [-70.6950728072916, 43.06663319398353], [-70.69505402169327, 43.066593906512864], [-70.69507398698148, 43.06655850515511], [-70.69510314843642, 43.06655519566439], [-70.69513941404362, 43.066553842702504], [-70.69516927280894, 43.066567748140386], [-70.69521653286998, 43.066574764940384], [-70.6952279668295, 43.06656493863993], [-70.69522482161317, 43.06655267157005], [-70.69522371707518, 43.06654836361577], [-70.69519678222187, 43.06653986547913], [-70.69514962665882, 43.066526233979566], [-70.69513638124052, 43.066507928683635], [-70.69512819520364, 43.066454934553505], [-70.69509501642959, 43.06641330548692], [-70.6950481483043, 43.06638148354433], [-70.69503067937782, 43.06634494953264], [-70.69502978370808, 43.06634108386724], [-70.69493774994467, 43.06627633837971], [-70.6948998420448, 43.06621910305549], [-70.69478432063912, 43.06616120855644], [-70.69477579897479, 43.066086437329425], [-70.69476163979641, 43.066061417453575], [-70.69473287191964, 43.06603983058363], [-70.69466507257457, 43.06603214052251], [-70.69465096965254, 43.066003564022495], [-70.69463686674342, 43.06597498752072], [-70.69460313571585, 43.06596047263477], [-70.69456889887176, 43.06597796723564], [-70.69453911940525, 43.06602039931044], [-70.6944901051615, 43.06605199669985], [-70.69441762363496, 43.06603359544881], [-70.69439393158473, 43.06599782326731], [-70.69435579949743, 43.065954814208894], [-70.69432223720219, 43.06592962940929], [-70.69427925438083, 43.06588657910699], [-70.69427619585291, 43.065864017182804], [-70.69428960914807, 43.065849101813235], [-70.69430573694413, 43.06582773822596], [-70.69430610289342, 43.06580458680807], [-70.69429752556441, 43.06577639771076], [-70.69425746730293, 43.06578256822766], [-70.69424219066472, 43.06577599441167], [-70.6942034965759, 43.0657685514083], [-70.69413670970846, 43.06569684204897], [-70.69409857798532, 43.065653832906186], [-70.69404076193204, 43.065628441882986], [-70.69399577035774, 43.06559614777806], [-70.69398275315501, 43.065568639549475], [-70.69396984821171, 43.06552883637676], [-70.69395655105966, 43.06551383829188], [-70.69394328006275, 43.06549718653285], [-70.69392319053628, 43.06548378459979], [-70.69391061918073, 43.065468922565955], [-70.69390769029219, 43.06546545999142], [-70.69390782963315, 43.06545664822346], [-70.6939081348354, 43.06543734755693], [-70.69390195253743, 43.06543078828471], [-70.69389404269342, 43.065395983971605], [-70.69389968085673, 43.065346232662314], [-70.6939157516889, 43.065250327887384], [-70.69395528898171, 43.06520442182698], [-70.69400909734765, 43.065176422500286], [-70.694101543118, 43.065159422806154], [-70.69412557204949, 43.065173855384025], [-70.6941591338564, 43.0651990402398], [-70.69420724801185, 43.065224348755926], [-70.6942283631445, 43.065224528195465], [-70.69423624021138, 43.06523170931218], [-70.694279616086, 43.06524986335465], [-70.69431830985937, 43.065257306329876], [-70.69438627694355, 43.06525432675577], [-70.69443500954713, 43.065240512456086], [-70.694488986351, 43.06520184306876], [-70.69448921117795, 43.06518761662423], [-70.69455294564064, 43.06514547301604], [-70.69462632534697, 43.065106968393316], [-70.69470037929294, 43.065025784384986], [-70.69472056903001, 43.064976156630294], [-70.69470612915298, 43.06496891980308], [-70.69469637145014, 43.06497239401076], [-70.69463291825605, 43.064996754645776], [-70.69458129283146, 43.065013055342455], [-70.6945598759004, 43.0650139196069], [-70.69449681605231, 43.06501338388637], [-70.69444362634766, 43.065002260723624], [-70.69441006452864, 43.06497707595037], [-70.69439161711331, 43.06491644870152], [-70.69431466860594, 43.06488222180196], [-70.69430509065585, 43.06486591424252], [-70.69424845586829, 43.064765834492995], [-70.69419097791814, 43.06471910388252], [-70.69415295920071, 43.06466898153386], [-70.69414427950204, 43.06465753855497], [-70.69413248316083, 43.064658616035175], [-70.69407166626053, 43.06465313745785], [-70.69406946316707, 43.06464981094255], [-70.69406954160064, 43.06464484992375], [-70.69408110609797, 43.064626755368224], [-70.69409718135023, 43.06460869914932], [-70.69410418938486, 43.064604685232446], [-70.69410856282855, 43.064602180301485], [-70.69413591496642, 43.06458421991976], [-70.69413835334473, 43.064572663377014], [-70.69413423472614, 43.06454781994592], [-70.69412314083355, 43.06453614839367], [-70.69407349636796, 43.0645373803516], [-70.69403727958937, 43.06454534200096], [-70.694001298118, 43.06453842058244], [-70.69396282595133, 43.06454636303732], [-70.6939453398081, 43.06456952622951], [-70.69387662472592, 43.064577054271105], [-70.69382881718894, 43.064604764061166], [-70.69376329576262, 43.06464534906793], [-70.69372553251668, 43.06470091905141], [-70.69373450273777, 43.06474723747534], [-70.69378106942628, 43.064747633392784], [-70.69379058663485, 43.06474005843673], [-70.69379522816577, 43.0647318284228], [-70.69380889123512, 43.06472367510756], [-70.69383375277133, 43.06472057868027], [-70.69385845740356, 43.06472740428438], [-70.69387862512089, 43.06473584520958], [-70.69391232515831, 43.064744401167694], [-70.69395945293155, 43.064759686838194], [-70.69398602077726, 43.06479133667935], [-70.69400141629266, 43.06481627596921], [-70.69400786870197, 43.0648361775558], [-70.69400350575125, 43.06485821644108], [-70.69400296572626, 43.06486094430679], [-70.69400469818702, 43.064894036934255], [-70.69402163984374, 43.06489711209522], [-70.69403254919945, 43.064920511450836], [-70.69406577344706, 43.064967035998286], [-70.69409944757561, 43.06498510764945], [-70.69411388738365, 43.06499234455255], [-70.69410802451712, 43.065056322320736], [-70.69402990625629, 43.06508767215705], [-70.69387389446665, 43.06513614522476], [-70.69373322224936, 43.06513494926227], [-70.69366102330576, 43.06509876449005], [-70.69361319076215, 43.06505567269539], [-70.69356964644592, 43.0650481882337], [-70.69349197804092, 43.06505108481862], [-70.69341498485197, 43.06501130202954], [-70.69339625706341, 43.06496845768075], [-70.69339670721884, 43.064940004799695], [-70.69343133767823, 43.06489761427265], [-70.69344622751731, 43.064876398377415], [-70.69343697616237, 43.0648478629851], [-70.69341351020292, 43.06479786416227], [-70.69338502473694, 43.064758493907895], [-70.69338592505093, 43.064701588143734], [-70.69343589529619, 43.064609528838716], [-70.69353454134126, 43.064507212197796], [-70.69361790360946, 43.06445100766468], [-70.69370622893389, 43.06438773109091], [-70.69375050402355, 43.06434897955578], [-70.69376651855248, 43.064256631395935], [-70.69372872545742, 43.06419228246462], [-70.69364231306868, 43.06413463429149], [-70.6935263466668, 43.06410519143822], [-70.69344941089261, 43.064061852066345], [-70.69350829419902, 43.06401966777306], [-70.69359560639944, 43.06402041027125], [-70.6937032213129, 43.0639644119017], [-70.69373401279239, 43.06385796102455], [-70.69372543642628, 43.06378674631634], [-70.69362018452425, 43.06369336704526], [-70.69355497576475, 43.06352207223592], [-70.69345073730858, 43.06336467380985], [-70.6933072443038, 43.063235398108226], [-70.69321192029396, 43.063127874542424], [-70.69317446612557, 43.06304218576132], [-70.69322409763973, 43.062971466179306], [-70.69329290630982, 43.062915138060674], [-70.69331410931515, 43.062801491535964], [-70.69319803302469, 43.062779161591926], [-70.69313971351187, 43.06278577963212], [-70.69310023348523, 43.062828128828], [-70.6930998957908, 43.062849468494825], [-70.69302127326802, 43.06291282717637], [-70.69286684254547, 43.06286171382957], [-70.69281912487236, 43.06281150848697], [-70.69274286684112, 43.062725489320776], [-70.69261844120459, 43.06261771756604], [-70.6925037171175, 43.06251002826501], [-70.69238989459186, 43.06234543308006], [-70.69234386745416, 43.062188529220535], [-70.69231656670775, 43.0620744698746], [-70.6927404678692, 43.06165122761776], [-70.69290684810224, 43.06156015919922], [-70.69303588740465, 43.061376288469205], [-70.69287502452985, 43.06111880912264], [-70.69274191436932, 43.0609469359331], [-70.69271517639923, 43.06079731053591], [-70.6928531273529, 43.06066331511345], [-70.69312677640536, 43.06053758824852], [-70.69337030927109, 43.0604756322229], [-70.69352552201623, 43.060476952274236], [-70.69401922994581, 43.06083570094034], [-70.69403687682197, 43.06086688708163], [-70.69410739826573, 43.061018994470174], [-70.69411828324588, 43.061099297099084], [-70.6941652743337, 43.06120218716819], [-70.694231756809, 43.06128177396954], [-70.69426526294447, 43.061412474401905], [-70.69429702984567, 43.06144618016636], [-70.69429609524988, 43.06144804267654], [-70.69431664642421, 43.061503196355496], [-70.69436920352234, 43.06156647613108], [-70.69450675832692, 43.061673675839565], [-70.69466087494342, 43.061749599463695], [-70.69487950030059, 43.06181036242637], [-70.69516780345418, 43.06186778946689], [-70.69553138751199, 43.06190621931117], [-70.69595511647628, 43.06186661672335], [-70.69622188057457, 43.06180509651128], [-70.69633738182746, 43.06181106184092], [-70.69652288874234, 43.06180149441375], [-70.69659541957087, 43.06182661794759], [-70.6966188471927, 43.0618825180141], [-70.69661481531396, 43.06190010335015], [-70.69661541271157, 43.06190070168933], [-70.69662934169045, 43.06192531487661], [-70.69663378241295, 43.06194634832937], [-70.69663556145291, 43.061984855726195], [-70.69660859982845, 43.06203011808909], [-70.69657483917297, 43.06205257734772], [-70.69645307744375, 43.062056794001634], [-70.6963290953866, 43.06205049379427], [-70.69626953161989, 43.06204473974774], [-70.69621181323846, 43.062028189796614], [-70.69610893396212, 43.06203861451046], [-70.69600768829612, 43.06210014138339], [-70.6958686478162, 43.06224601375549], [-70.69578267692049, 43.06231815034884], [-70.69576086804884, 43.06233644973322], [-70.69577410043944, 43.06234375884955], [-70.6957354253609, 43.062459238421255], [-70.69590499467924, 43.06278081519121], [-70.69601230241808, 43.062910007510865], [-70.69605758642098, 43.06293045577482], [-70.69607262596298, 43.062926921141965], [-70.69610656012472, 43.062920593380056], [-70.69612698844637, 43.06291249716449], [-70.69618580937176, 43.06290141876423], [-70.69622858219213, 43.062906743195484], [-70.69630277300526, 43.06292225741014], [-70.69635428023712, 43.062945848713575], [-70.69640159877028, 43.06296487151374], [-70.69642605324883, 43.06296308883956], [-70.69660947872615, 43.0630215573635], [-70.69664334629029, 43.06304697102978], [-70.69669539441732, 43.06305624387945], [-70.69672691683454, 43.06305981886472], [-70.69676953339223, 43.063075065143344], [-70.69680087333599, 43.063090215831366], [-70.69684773990423, 43.06312203705855], [-70.69689033046818, 43.063138936967476], [-70.69692161834152, 43.063157394972386], [-70.69694134285632, 43.06319394783003], [-70.69694069120544, 43.063235289698845], [-70.69694271194379, 43.06325019188393], [-70.69693747142489, 43.06329645655169], [-70.69692818942151, 43.06331291684865], [-70.69689669156885, 43.063345111343075], [-70.69689609338073, 43.06334572276098], [-70.69688017568646, 43.06335385734016], [-70.69687765967099, 43.0633703749733], [-70.69691358866773, 43.06338060283463], [-70.69694306161, 43.063381990832404], [-70.69695641402, 43.063382619647825], [-70.69699908298757, 43.06339455849341], [-70.69701460971375, 43.063411229018726], [-70.69701434907127, 43.06342776576602], [-70.69697583586972, 43.06344557843469], [-70.69697572158064, 43.06344563129427], [-70.69693945367376, 43.06345690122301], [-70.69691537832523, 43.0634731913496], [-70.69687867474465, 43.063486260776386], [-70.69679085858415, 43.06351753032186], [-70.69673220228043, 43.063545489876546], [-70.69667828441678, 43.06358060374656], [-70.69657134583805, 43.063593925578964], [-70.69654714868005, 43.06359016335411], [-70.69647974440248, 43.063557578089096], [-70.69644623860685, 43.063528837292075], [-70.69640275109664, 43.06351779729952], [-70.69635859045776, 43.06354943666032], [-70.69630918643772, 43.06360593116925], [-70.6963475989576, 43.063631156522945], [-70.69629373690114, 43.06366271359436], [-70.69620547136122, 43.06372243559559], [-70.69620981707983, 43.0637544862574], [-70.69615945892882, 43.063871443130765], [-70.696187440828, 43.063942822237244], [-70.69630267895391, 43.064018498383156], [-70.69633144645628, 43.06404008486212], [-70.69637392460048, 43.064115143932945], [-70.69639767319865, 43.064147359106485], [-70.69644037586389, 43.06420819169763], [-70.69647794746136, 43.06428676621608], [-70.69651591176873, 43.06434044442548], [-70.69656380190587, 43.064379978412624], [-70.6966737419621, 43.064484065979585], [-70.6967550826967, 43.06455589723364], [-70.69682638573681, 43.06464898589181], [-70.69685007870542, 43.06468475758672], [-70.69686435056815, 43.0647026639874], [-70.69680563708542, 43.0647341801772], [-70.69684382622899, 43.06477363182371], [-70.69686244423455, 43.06482358886022], [-70.69682713092618, 43.064876381392544], [-70.69678450552799, 43.064944952239436], [-70.69683102308926, 43.064962449713114], [-70.69689218737658, 43.064966023325496], [-70.69696734973137, 43.064892591564885], [-70.69697941549909, 43.06486703957305], [-70.69702737771671, 43.06483716677576], [-70.69706878831337, 43.064829947859586], [-70.69709771608015, 43.064828679006325], [-70.69713055825983, 43.064841068960135], [-70.697182196249, 43.06483999249978], [-70.69719892747207, 43.064826508600575], [-70.6972219000911, 43.06481004965349], [-70.69726131764598, 43.064798271899754], [-70.69727149734288, 43.064807441902886], [-70.69728170089638, 43.06481509814623], [-70.697287727616, 43.064825746927426], [-70.69730201259867, 43.064836465665856], [-70.69736815024208, 43.0648324840279], [-70.69740989470368, 43.06480407236246], [-70.69744544543687, 43.064775608221325], [-70.6974770101046, 43.06473802654243], [-70.69751253692057, 43.06471107613848], [-70.69763299681664, 43.06466667746027], [-70.69767656716549, 43.06465342076892], [-70.69775739492356, 43.064634423688716], [-70.6978488314968, 43.064597348837616], [-70.6978716369856, 43.0645914860715], [-70.6980192216436, 43.064529149092635], [-70.69809017919724, 43.06448130296513], [-70.6981071722873, 43.06445116757635], [-70.69808275515692, 43.06442825148725], [-70.69807278990343, 43.06440545772081], [-70.69807929339402, 43.06438583127455], [-70.69809424574576, 43.06435416465244], [-70.69812732620358, 43.064351416726666], [-70.69817234116091, 43.064377535061716], [-70.69820271365307, 43.06441564114523], [-70.69821272661717, 43.06443540738195], [-70.69825909134835, 43.06450695593892], [-70.69834314241574, 43.06454551624358], [-70.69840054494898, 43.06457173931225], [-70.69846179075513, 43.064616162403055], [-70.6984940136905, 43.064667909714224], [-70.69854820837, 43.06476677569752], [-70.69855347299325, 43.06482586471758], [-70.69855316330337, 43.06484554359071], [-70.69854589759173, 43.06491361036586], [-70.69852180559407, 43.06500121627443], [-70.69846499005544, 43.06506886381426], [-70.69840801525716, 43.065106371179205]]]}, "properties": {"id": 14, "Hectares": 21.39774872642, "Acres": 52.87490699042, "Year": "2016", "LABEL": "Portsmouth Harbor", "100 M2?": "y"}}, {"type": "Feature", "geometry": {"type": "Polygon", "coordinates": [[[-70.70035335818599, 43.074602175113014], [-70.70032223118442, 43.07455668522713], [-70.70028222537762, 43.074518307843334], [-70.70024890889943, 43.07448494861877], [-70.70023135669085, 43.07445337641924], [-70.70020032200841, 43.0744183825591], [-70.70017379884783, 43.074383426795954], [-70.70017001506355, 43.07433708584393], [-70.70016366367065, 43.07431056991606], [-70.7001570783762, 43.074298937045775], [-70.7001392663653, 43.07428390156322], [-70.70011689090337, 43.07427213531686], [-70.70007423979264, 43.074258543904214], [-70.70004956067464, 43.0742475390067], [-70.70004101301112, 43.0742369721972], [-70.70000937070968, 43.074148938981956], [-70.70001819688999, 43.07411269661175], [-70.70009662322809, 43.07411335910059], [-70.70011707150098, 43.07412563746757], [-70.7001494273149, 43.07416828051712], [-70.70014833348152, 43.07423787872801], [-70.70017665677499, 43.074274434886796], [-70.70024208198787, 43.074314330805585], [-70.70034494204403, 43.074336384356585], [-70.70050444926305, 43.07443154998115], [-70.70064720838518, 43.074541706047704], [-70.70083072263235, 43.07468549645396], [-70.70101433276986, 43.0748232345514], [-70.70119319836708, 43.075000275657544], [-70.7012574848973, 43.07511279523661], [-70.70128955699433, 43.075173594027156], [-70.70135436638222, 43.07525282744574], [-70.70137438779005, 43.07529233967884], [-70.70141428818874, 43.07538044216353], [-70.70141756102191, 43.07543494515708], [-70.70137196530678, 43.0754466661706], [-70.70135137384217, 43.075443466052775], [-70.70135161134641, 43.07542833600484], [-70.70136442222373, 43.07540120638366], [-70.70135256136156, 43.075367815812676], [-70.70130720319915, 43.075364406752875], [-70.70129064454541, 43.07536729346701], [-70.70124950918616, 43.07535786718936], [-70.7011883525215, 43.075308928636105], [-70.70113127622297, 43.0752630508901], [-70.70110707969098, 43.075226529794705], [-70.70101750401575, 43.07514708723852], [-70.70089946190383, 43.07504016666589], [-70.70083878108579, 43.07496096783486], [-70.70055753109911, 43.07473161281754], [-70.70041856662363, 43.07464267355949], [-70.70035335818599, 43.074602175113014]]]}, "properties": {"id": 15, "Hectares": 0.30042633742, "Acres": 0.74236850108, "Year": "2016", "LABEL": "Portsmouth Harbor", "100 M2?": "y"}}, {"type": "Feature", "geometry": {"type": "Polygon", "coordinates": [[[-70.70451772455097, 43.08213190742146], [-70.70448207918373, 43.08212286374694], [-70.70447828582188, 43.08211117325331], [-70.70447865069544, 43.08208785912912], [-70.7044867847236, 43.08207626892987], [-70.70449103417072, 43.0820588167678], [-70.70447142885423, 43.08204116401706], [-70.70443975933931, 43.08203215376153], [-70.7044080442214, 43.08202605776281], [-70.70438035051563, 43.08201708092491], [-70.7043725813883, 43.082005356992774], [-70.70436887928263, 43.081987837964576], [-70.7043732199845, 43.08196455727588], [-70.70439739400487, 43.08194435802578], [-70.70443715187668, 43.08194469236218], [-70.70446082416095, 43.08195655001974], [-70.70447256908798, 43.081968307377885], [-70.70448847224317, 43.08196844110371], [-70.7044966062533, 43.08195685090336], [-70.70449678868567, 43.08194519384089], [-70.7045048770834, 43.08193651790548], [-70.70453663777155, 43.08193969961145], [-70.70454847392138, 43.081945628430624], [-70.70457593959866, 43.08196917655627], [-70.70457973297086, 43.081980867047044], [-70.70457936813699, 43.08200418117237], [-70.70456323694698, 43.0820186187873], [-70.70455487491361, 43.082044780320416], [-70.70455455567505, 43.082065180179704], [-70.70455409961937, 43.0820943228357], [-70.70454975897582, 43.08211760353131], [-70.70451772455097, 43.08213190742146]]]}, "properties": {"id": 16, "Hectares": 0.02072652767, "Acres": 0.0512162862, "Year": "2016", "LABEL": "Portsmouth Harbor", "100 M2?": "y"}}, {"type": "Feature", "geometry": {"type": "Polygon", "coordinates": [[[-70.70529103984876, 43.08188980785411], [-70.70531698581605, 43.081876306746636], [-70.70532909544163, 43.081864749887565], [-70.70539307249557, 43.08184197016901], [-70.70542903678594, 43.08183061369461], [-70.70544561930883, 43.081824709292654], [-70.70547968335677, 43.08183755358874], [-70.70549544964635, 43.08183933991555], [-70.70550818091598, 43.08181877322251], [-70.70550954165275, 43.08178960488579], [-70.70552532115522, 43.08177604415204], [-70.70554935805248, 43.08176458745336], [-70.70560488226346, 43.081773797758565], [-70.70566049759685, 43.08177717950359], [-70.70570057423055, 43.08175711353294], [-70.70577973843193, 43.08168754056718], [-70.70578106136728, 43.081682965156844], [-70.705800793152, 43.08164757219968], [-70.70582356003945, 43.08163453224986], [-70.70584514722428, 43.08162479017123], [-70.70586210608454, 43.08162245173444], [-70.705899878033, 43.08163547676814], [-70.70591372304187, 43.0816402509867], [-70.7059543829642, 43.08163728458792], [-70.70597232612576, 43.08161093084231], [-70.70598124654921, 43.081607908535254], [-70.70601405447061, 43.0815440616873], [-70.70604247675699, 43.08150640985632], [-70.70613866901913, 43.08145766831889], [-70.70623965632696, 43.081356503255684], [-70.7063400060261, 43.08129613784388], [-70.7064995820768, 43.081262501178955], [-70.70658704847966, 43.081263235084805], [-70.70662251164711, 43.0812839351742], [-70.7066415257798, 43.08133947304333], [-70.70665697373502, 43.081368749143884], [-70.7066604489367, 43.08140083944458], [-70.70674334827591, 43.08143942535847], [-70.70678717260331, 43.0814339636921], [-70.7068350181763, 43.081425621090396], [-70.70687161888873, 43.081373464406], [-70.70688834078962, 43.081321140973536], [-70.70696560865726, 43.081211032362454], [-70.70704562386015, 43.08117964227791], [-70.70715730845093, 43.08115726164935], [-70.70725665646381, 43.081161009323594], [-70.707331922687, 43.08117912826499], [-70.70737199681811, 43.08119423805996], [-70.70739356997264, 43.081225135760455], [-70.70745220015144, 43.081227281149815], [-70.7074779294526, 43.08121854321114], [-70.70751633901563, 43.08120549890796], [-70.70754822671827, 43.081182653351156], [-70.7075994592069, 43.081188822111834], [-70.70767609865423, 43.08119359916582], [-70.7077426634973, 43.08119333006858], [-70.70778909199565, 43.08118214190418], [-70.70785595339873, 43.08116285548022], [-70.70794310583584, 43.08114456597236], [-70.70800963195042, 43.08114677723167], [-70.70804553451961, 43.08115948219631], [-70.70805437802383, 43.08117113351986], [-70.70805480746147, 43.08120310635989], [-70.70803503825648, 43.081222911346565], [-70.7079825356241, 43.08127493517846], [-70.7079171513033, 43.081388058696355], [-70.70790486047211, 43.081411272911105], [-70.7078764848102, 43.081446010947964], [-70.70786401216081, 43.08148088223279], [-70.70779551520071, 43.081538601254714], [-70.70776098792537, 43.081544621905785], [-70.70774066985344, 43.08153814961183], [-70.70770679100102, 43.0815403465296], [-70.7076851912379, 43.081550915800065], [-70.70768405033535, 43.08155173318387], [-70.70767771817789, 43.08155383494533], [-70.70763666644571, 43.08152561142927], [-70.70761724222157, 43.0814963021348], [-70.70752539052452, 43.08152176410377], [-70.70755029834072, 43.0815731234134], [-70.70754521680318, 43.08157783148746], [-70.70751255394426, 43.081579949494916], [-70.70749665087546, 43.08157981619029], [-70.70741284148092, 43.081599516182834], [-70.70727657394109, 43.08166832534065], [-70.7071843580071, 43.081717101175876], [-70.70716764459272, 43.08173135152788], [-70.70714875410529, 43.08173165457029], [-70.70711701500421, 43.08174131176434], [-70.70708050575462, 43.081767467854604], [-70.70707306662658, 43.08181040662905], [-70.70707293828099, 43.081818629716395], [-70.70703904669676, 43.0818557857992], [-70.7069827943428, 43.08189320447181], [-70.70693896970332, 43.08189866620968], [-70.70693526687072, 43.08188114725722], [-70.7069079822929, 43.08184594261833], [-70.70690003072549, 43.08184587592396], [-70.70683623619904, 43.081856999419784], [-70.70683226041469, 43.08185696607018], [-70.70680808722, 43.08187716584303], [-70.70675599249947, 43.0819029606826], [-70.70654066284327, 43.08194195919697], [-70.70634525740013, 43.081978209871174], [-70.70624147709157, 43.08200357069463], [-70.70614176355403, 43.082023136262926], [-70.70609766555872, 43.08204608327857], [-70.70604164013923, 43.082068930145596], [-70.70600567581836, 43.08208028681183], [-70.70594540129682, 43.08212058585311], [-70.70592493026625, 43.08215830441572], [-70.7058925317947, 43.0821959228272], [-70.70584066414906, 43.08220714590904], [-70.70581274241623, 43.08221274074843], [-70.70578870539032, 43.08222419750034], [-70.70574549574752, 43.08223126797965], [-70.7057491750678, 43.082209292299005], [-70.70579743130064, 43.08217472174017], [-70.70580561064001, 43.08216021717843], [-70.70582973872806, 43.082142931889265], [-70.70585775151537, 43.082131508511964], [-70.70591400476484, 43.0820940904027], [-70.70593027228219, 43.08207090979433], [-70.7059745525096, 43.082036305776725], [-70.70600265629537, 43.0820190538293], [-70.70601083556522, 43.08200454925184], [-70.70601101771082, 43.081992892184296], [-70.70598734510796, 43.08198103484452], [-70.70596349035984, 43.08198083456734], [-70.70592341366316, 43.08200090062873], [-70.70588772261466, 43.08199477165742], [-70.7058680713698, 43.081980033408925], [-70.7058603019615, 43.08196830957505], [-70.70585655388942, 43.0819537048576], [-70.70584106063096, 43.08192734292097], [-70.70581743363195, 43.08191257127971], [-70.70580162157738, 43.081906609205184], [-70.7057738821681, 43.081900546969685], [-70.70572617273756, 43.08190014632196], [-70.70571803896536, 43.08191173661215], [-70.70572969302755, 43.08192932237692], [-70.70574536843411, 43.08194402726142], [-70.70576095275176, 43.08196456067718], [-70.70577260683604, 43.08198214643764], [-70.70577371878449, 43.08198468832097], [-70.70575997182782, 43.0819955205873], [-70.70575049213977, 43.081999160102896], [-70.70573396975632, 43.08200550350202], [-70.70571217122264, 43.082000948466344], [-70.70570605483607, 43.08199054133386], [-70.70570090594241, 43.08199028825679], [-70.70566530602899, 43.08197833068315], [-70.70564149683806, 43.08197521607227], [-70.70563322637697, 43.08199554915574], [-70.70565269535608, 43.08202194451032], [-70.70565630672368, 43.082045292033555], [-70.70564415156896, 43.08205976319369], [-70.70561225408987, 43.08206532459361], [-70.70559242066436, 43.0820622433644], [-70.7055805843897, 43.082056314652135], [-70.70554155537185, 43.08200935244882], [-70.70549443815158, 43.08197106623959], [-70.70548662325488, 43.08196225664748], [-70.70546276851755, 43.08196205626599], [-70.70541492234985, 43.08197039828729], [-70.7053825692361, 43.08200510228718], [-70.70537818334617, 43.082031297284], [-70.7053058443687, 43.08208023858239], [-70.70527810493243, 43.08207417622659], [-70.7052571646714, 43.082053967718224], [-70.7052598083508, 43.08204657747913], [-70.70527247509523, 43.08203014499763], [-70.70528314439406, 43.08199715682636], [-70.7052948899767, 43.08196748547773], [-70.70531438941309, 43.08194697567035], [-70.70531553035416, 43.0819461583106], [-70.70533366904884, 43.08194052208346], [-70.70534643917935, 43.081917474899356], [-70.70531507464652, 43.08190315332505], [-70.70529152863041, 43.08189385910298], [-70.70529103984876, 43.08188980785411]]]}, "properties": {"id": 17, "Hectares": 1.08580337473, "Acres": 2.68307442913, "Year": "2016", "LABEL": "Portsmouth Harbor", "100 M2?": "y"}}, {"type": "Feature", "geometry": {"type": "Polygon", "coordinates": [[[-70.70873975090676, 43.08100474932957], [-70.70867211806437, 43.08100709777015], [-70.70862815796409, 43.08102130297225], [-70.70858044917587, 43.081020903521], [-70.70850477401324, 43.08102901382436], [-70.7084890981693, 43.08101430931148], [-70.70847785224241, 43.08097049539345], [-70.70850229703284, 43.08093280963865], [-70.70853437533583, 43.080915590345455], [-70.70864217402497, 43.08088734642738], [-70.70869029137911, 43.080861517424204], [-70.70877793888145, 43.08085059257088], [-70.70882551133674, 43.080859734748195], [-70.70886485996479, 43.080886295968575], [-70.7088644513702, 43.080912524397526], [-70.7088601124474, 43.08093580527789], [-70.70885554652152, 43.08097365750717], [-70.70883141973759, 43.08099094345049], [-70.70873975090676, 43.08100474932957]]]}, "properties": {"id": 18, "Hectares": 0.04320385533, "Acres": 0.10675888671, "Year": "2016", "LABEL": "Portsmouth Harbor", "100 M2?": "y"}}, {"type": "Feature", "geometry": {"type": "Polygon", "coordinates": [[[-70.71107139309642, 43.0804104017822], [-70.71104655752524, 43.080455680766434], [-70.71106593778028, 43.08048790376849], [-70.71103724725509, 43.080543042519466], [-70.71100878316417, 43.0805836099029], [-70.71096852780477, 43.080615334848076], [-70.71092809119895, 43.080658716865585], [-70.71087938598178, 43.08072243235335], [-70.71086009074962, 43.080734872973586], [-70.71085948740729, 43.080773683670806], [-70.71084300139293, 43.08081820102338], [-70.7108176199463, 43.080854374611256], [-70.71081728573036, 43.08087587240416], [-70.71081700293198, 43.080894062844244], [-70.71081433559816, 43.080920502820945], [-70.71076607103134, 43.08094930831032], [-70.71076425997352, 43.080966301273065], [-70.71071207703542, 43.08099792648404], [-70.71067200250543, 43.08101799423305], [-70.71063188263356, 43.08104097623903], [-70.7105437819626, 43.081081045224956], [-70.71049611842369, 43.08107773230069], [-70.71045215868156, 43.08109193820697], [-70.71043191738279, 43.08111508625689], [-70.71039188801345, 43.08113223963471], [-70.71033622763152, 43.081131774463195], [-70.7102927211356, 43.081116837597364], [-70.71024912399284, 43.081107729257084], [-70.71021790743663, 43.08106957788634], [-70.71021040932065, 43.08104036871341], [-70.7101674469745, 43.08099046054918], [-70.71011219478818, 43.08096376683157], [-70.71008499945862, 43.08092273438929], [-70.71006132646332, 43.0809108778866], [-70.71001763881242, 43.08090759800129], [-70.70993410320544, 43.0809098142345], [-70.70980697066399, 43.08090292189961], [-70.70969619465536, 43.08086701971728], [-70.7096453721325, 43.080811216320114], [-70.70964243974696, 43.08074415484476], [-70.70968301339, 43.080692030479426], [-70.70977911082349, 43.080649114376236], [-70.70980784787682, 43.0805910616822], [-70.70982081812666, 43.080524133188106], [-70.70987386277653, 43.08043713723322], [-70.70993458656861, 43.080367693359634], [-70.70998672401427, 43.080338982769625], [-70.71008250329895, 43.08031646629996], [-70.71024171217755, 43.08030613853679], [-70.71029055370555, 43.08023368050473], [-70.71031124805833, 43.080181389759275], [-70.71042749458985, 43.08012115360354], [-70.71049928336745, 43.0801071802496], [-70.71060283219475, 43.080096386867304], [-70.71069372898141, 43.08013212209781], [-70.71076872315584, 43.08016772441045], [-70.71077197390971, 43.080214385972184], [-70.71081082461512, 43.080273003520816], [-70.7108777317421, 43.08031728215774], [-70.71097274060448, 43.08034430756227], [-70.71106854888573, 43.08039961521163], [-70.71107139309642, 43.0804104017822]]]}, "properties": {"id": 19, "Hectares": 0.8026766618, "Acres": 1.98345416514, "Year": "2016", "LABEL": "Portsmouth Harbor", "100 M2?": "y"}}, {"type": "Feature", "geometry": {"type": "Polygon", "coordinates": [[[-70.71145352640887, 43.079726044190494], [-70.71140609024876, 43.07970816029076], [-70.71140225042977, 43.07969938428326], [-70.71139854644403, 43.079681865457665], [-70.71142696457544, 43.07964421223719], [-70.71146328868599, 43.07960953965693], [-70.71151949096654, 43.079575032993475], [-70.71157921613816, 43.07956970221379], [-70.71163080895185, 43.07957596213168], [-70.71165055136827, 43.0795848708566], [-70.71166997693973, 43.07961417948868], [-70.71168551741012, 43.079637626392], [-70.71168117965226, 43.07966090739557], [-70.71166875479827, 43.07969286485715], [-70.71162850036669, 43.079724590048265], [-70.71157288650804, 43.07972121121751], [-70.71152526923038, 43.07971498445797], [-70.71145352640887, 43.079726044190494]]]}, "properties": {"id": 20, "Hectares": 0.03044503672, "Acres": 0.07523120799, "Year": "2016", "LABEL": "Portsmouth Harbor", "100 M2?": "y"}}, {"type": "Feature", "geometry": {"type": "Polygon", "coordinates": [[[-70.71185412377247, 43.07953410598656], [-70.71178658315253, 43.0795306277391], [-70.71178274328963, 43.079521851743706], [-70.71177519934483, 43.079495556933274], [-70.71177542564091, 43.07948098556787], [-70.71177985386714, 43.07945187601334], [-70.71182385738902, 43.07943475530563], [-70.71187549537099, 43.07943810083929], [-70.71191109506461, 43.07945005648347], [-70.71191073304263, 43.079473370669156], [-70.7118904023246, 43.079502347540284], [-70.71185412377247, 43.07953410598656]]]}, "properties": {"id": 21, "Hectares": 0.0096556055, "Acres": 0.02385948397, "Year": "2016", "LABEL": "Portsmouth Harbor", "100 M2?": "n"}}, {"type": "Feature", "geometry": {"type": "Polygon", "coordinates": [[[-70.71603030242747, 43.07995716643476], [-70.716014054052, 43.079957031445865], [-70.71598983636608, 43.079956830244925], [-70.71596271433364, 43.079970413969264], [-70.71595794053012, 43.07998215613864], [-70.71595058906937, 43.07998209505953], [-70.71591060701282, 43.07999633611677], [-70.71589854479537, 43.080004979845654], [-70.71589407340699, 43.08003700385131], [-70.71588580659571, 43.08005733771749], [-70.71586579300465, 43.0800659153743], [-70.71585114871216, 43.08005712626834], [-70.71584866135471, 43.08003653889929], [-70.71581419877421, 43.08000271624226], [-70.71579279394543, 43.07999464748168], [-70.71577168310769, 43.08000555896678], [-70.71575162510754, 43.0799921004042], [-70.71576409298133, 43.079957228205025], [-70.7157925536582, 43.07991665960155], [-70.71579277900562, 43.07990208822019], [-70.71577312601605, 43.07988735165124], [-70.71572564337144, 43.07987238380587], [-70.71570467650153, 43.07986306526667], [-70.71566929559332, 43.07986277122416], [-70.71564246713163, 43.07984683628177], [-70.71564490564518, 43.07983650060377], [-70.71564850347684, 43.079821251131065], [-70.7156555654815, 43.079802290070624], [-70.71567177917548, 43.07977513561082], [-70.71567111159304, 43.07974536001373], [-70.71566917536063, 43.07972467027672], [-70.71567289179002, 43.079703200572574], [-70.71565853505533, 43.079683234554984], [-70.7156419223826, 43.07966324978609], [-70.71562413059023, 43.07964656299798], [-70.71561931730572, 43.07964388697174], [-70.7156142708171, 43.07961788357275], [-70.71559868376565, 43.07959735146497], [-70.71558743300102, 43.07955353818911], [-70.71560027480362, 43.07951905864675], [-70.71560359187124, 43.07951573485182], [-70.71561282026855, 43.07950258041979], [-70.71561876706477, 43.07948278314575], [-70.71561946122785, 43.079475535542784], [-70.71563269770235, 43.079454816270285], [-70.71564557121009, 43.0793937155928], [-70.71566196957468, 43.0793617907189], [-70.71571012789933, 43.07933304444084], [-70.7158100144326, 43.079301813347904], [-70.71583382314336, 43.079304925839345], [-70.71594898122596, 43.07931462663779], [-70.716028178436, 43.07933568717551], [-70.71604742580462, 43.079376652191854], [-70.71604919294165, 43.07937886767343], [-70.71604789135753, 43.07938132682272], [-70.71605669778941, 43.07939545806237], [-70.71606992812774, 43.079394822504796], [-70.71607137416777, 43.07939475303999], [-70.71609053685538, 43.07939573917634], [-70.71611971065622, 43.079405904876474], [-70.71612960673032, 43.07942252599969], [-70.71612714627288, 43.079435736694606], [-70.71610329273533, 43.07944628883898], [-70.71607609362903, 43.07945433234799], [-70.7160649739853, 43.07945423997258], [-70.7160539352722, 43.07946997510332], [-70.71601368322399, 43.07950170186136], [-70.7160018914727, 43.079492859942974], [-70.71597004127563, 43.07949550997783], [-70.71595766373865, 43.07952455365104], [-70.71593733489784, 43.07955353125902], [-70.7159487661588, 43.07958568739658], [-70.71595467954009, 43.079596126911326], [-70.7159789918187, 43.07960568368171], [-70.71599228458905, 43.079621506090824], [-70.71599759206349, 43.07964305077717], [-70.71598373677183, 43.07966360931146], [-70.71596777795706, 43.07966898914042], [-70.71596219020796, 43.07967087280929], [-70.71594516832006, 43.079677346950625], [-70.71592107173663, 43.079703609007545], [-70.71591894596192, 43.07972164267619], [-70.71590657624192, 43.07974272800462], [-70.71587829598323, 43.07977163953352], [-70.71588482027786, 43.0797814818762], [-70.71589510558819, 43.07977781838198], [-70.71590639813195, 43.07977708526475], [-70.71592775296087, 43.07978222437162], [-70.71594341677317, 43.079790623973906], [-70.71595895274133, 43.07980729196987], [-70.7159571076768, 43.07982607914486], [-70.71595627488725, 43.07983455893253], [-70.71595457048647, 43.07983932613794], [-70.71595037930328, 43.07985104886533], [-70.71593783091764, 43.079860041010534], [-70.71589878263663, 43.07986513421472], [-70.7158927114925, 43.079867942790216], [-70.7158766736313, 43.07987655348342], [-70.71588417431376, 43.07990576231523], [-70.71590387240033, 43.079917584589026], [-70.71595551104205, 43.07992092828708], [-70.71599933352891, 43.07991546307281], [-70.71605490278745, 43.07992175403246], [-70.71605860811589, 43.079939272719386], [-70.71603030242747, 43.07995716643476]]]}, "properties": {"id": 22, "Hectares": 0.196964322, "Acres": 0.48670868788, "Year": "2016", "LABEL": "Portsmouth Harbor", "100 M2?": "y"}}, {"type": "Feature", "geometry": {"type": "Polygon", "coordinates": [[[-70.71715384333793, 43.08053417084904], [-70.71716677100883, 43.08053140358047], [-70.71719739033489, 43.08052049708412], [-70.71725288847894, 43.08053913188603], [-70.71731310603856, 43.08051151534637], [-70.71737018213395, 43.080468160744196], [-70.71739507345895, 43.08044844734266], [-70.71741358186937, 43.080433789062255], [-70.71744745981539, 43.080431589260854], [-70.71745529190859, 43.08043578895954], [-70.7174559683555, 43.080438703128635], [-70.71745740747059, 43.080444902911886], [-70.71745611353698, 43.08045564247284], [-70.71744903924191, 43.080475430486686], [-70.71744879670472, 43.08049114044361], [-70.7174564089242, 43.080502623316335], [-70.717455168925, 43.08051682862096], [-70.71745270870393, 43.080530039344175], [-70.7174356356683, 43.080539821064825], [-70.71742227573684, 43.08053905678674], [-70.7174187285794, 43.08053885386518], [-70.71734649890321, 43.08054073548787], [-70.71729653538405, 43.080561821554525], [-70.71727028517772, 43.08058145045825], [-70.71725980129831, 43.08060286406212], [-70.71725971104615, 43.080608708810104], [-70.71725952040852, 43.08062105453715], [-70.71724783191891, 43.080647419819286], [-70.71722309269971, 43.080642252877645], [-70.71722115456704, 43.08064119485845], [-70.71719848117027, 43.08062881753312], [-70.71716365388218, 43.08061943214319], [-70.71712493467135, 43.08062904464575], [-70.71711757722768, 43.080627178835144], [-70.71709743313538, 43.080630693227576], [-70.71705855910263, 43.08063096421714], [-70.71702686039333, 43.08063814366303], [-70.71699736657594, 43.08064864918205], [-70.71698648622517, 43.08065226169633], [-70.71696182626893, 43.08064672204823], [-70.71695134879191, 43.080633382233486], [-70.71695160422927, 43.080616845439515], [-70.71695625668528, 43.08060778765081], [-70.71696108794407, 43.080587154106006], [-70.71694894825251, 43.08056968749037], [-70.71690863435363, 43.080550333136635], [-70.71689640527617, 43.08053865439343], [-70.7168886370722, 43.0805303204583], [-70.71685707890008, 43.080528404620964], [-70.71683436582133, 43.08053813943616], [-70.71681610082817, 43.0805520458986], [-70.71679106788332, 43.08056589617665], [-70.71677644232857, 43.080563293929956], [-70.71677218585148, 43.080546719681585], [-70.7167791198567, 43.080536026948366], [-70.71678607940758, 43.08052368053534], [-70.71677046639012, 43.08051197368792], [-70.71673987015056, 43.08052081609782], [-70.71671484997668, 43.08053383951957], [-70.71668560717484, 43.08054284131577], [-70.71663416094059, 43.0805182388729], [-70.71659110362927, 43.080474161623236], [-70.71656810503039, 43.08041859230558], [-70.71657275623245, 43.080374911165855], [-70.71662859615265, 43.080363716190604], [-70.71665633598822, 43.08036977579975], [-70.71667969487568, 43.08040203088663], [-70.71669474710532, 43.080422815716474], [-70.7167209332511, 43.080432175698235], [-70.71679636794191, 43.080441898315605], [-70.71684244941017, 43.08045303112679], [-70.71686375346232, 43.08046147742014], [-70.71687263687032, 43.08047064755941], [-70.71687586756306, 43.08048059772411], [-70.71687453293434, 43.08048817315297], [-70.71687339444647, 43.080494635273496], [-70.71688114987117, 43.080503796049335], [-70.71689654683091, 43.080494062604224], [-70.71691675142617, 43.08050018217778], [-70.71692072713446, 43.08050021517621], [-70.7169521276618, 43.080526707651174], [-70.71697241754434, 43.08053268628], [-70.71700896163902, 43.08055530054796], [-70.71705280002108, 43.08056558771273], [-70.71713181044541, 43.08056293559768], [-70.71714780662141, 43.080549837203826], [-70.71715384333793, 43.08053417084904]]]}, "properties": {"id": 23, "Hectares": 0.06971827201, "Acres": 0.17227733605, "Year": "2016", "LABEL": "Portsmouth Harbor", "100 M2?": "y"}}, {"type": "Feature", "geometry": {"type": "Polygon", "coordinates": [[[-70.71769630251781, 43.08047438434655], [-70.71770430163814, 43.080483398953135], [-70.71777581940889, 43.080486906688755], [-70.71784313661371, 43.08050495280202], [-70.71794252935752, 43.08050577691686], [-70.71801404717048, 43.08050928450394], [-70.718108744845, 43.08055670395993], [-70.71813219448832, 43.080583130201376], [-70.71814782759502, 43.08060074769303], [-70.71823091304172, 43.08062766823597], [-70.71826651469092, 43.08063962191864], [-70.71832994639203, 43.080651806240205], [-70.71838167569695, 43.080649320293915], [-70.71839714670885, 43.08065860491469], [-70.71839489727793, 43.080662906919386], [-70.71834946539485, 43.080675285210326], [-70.71829556596835, 43.080686954611934], [-70.71828060111405, 43.08068658117938], [-70.71824454359324, 43.080683801487744], [-70.71820397410333, 43.08068098438611], [-70.71818816944415, 43.08068168032935], [-70.71817786444099, 43.080691518260096], [-70.71818783780712, 43.08070317816895], [-70.71822155006538, 43.08071172705945], [-70.71822714146663, 43.08071177340436], [-70.71824749392087, 43.08071194209551], [-70.71826561834592, 43.08070713064234], [-70.71828135924085, 43.08071056888849], [-70.71829024289758, 43.08071973891966], [-70.71829233308489, 43.080730506537385], [-70.7182930603705, 43.08075123446141], [-70.71830040818398, 43.080762318153674], [-70.71830018342402, 43.080776889543415], [-70.71829191730164, 43.08079722358746], [-70.71827967544328, 43.08081752467951], [-70.7182689976914, 43.08082234510826], [-70.71826828095975, 43.08082705983764], [-70.71826248792857, 43.08083693517188], [-70.71824996518185, 43.08084427389046], [-70.71821636798009, 43.08084610455689], [-70.71821044705177, 43.08084642717929], [-70.71819362915127, 43.08083967221351], [-70.71817337624461, 43.08083619655512], [-70.71815770461244, 43.0808326762458], [-70.7181604035349, 43.08081653607704], [-70.71805314875006, 43.08080981767311], [-70.71796586257159, 43.08079743542648], [-70.71786655930087, 43.080790782772326], [-70.7178591816535, 43.0807898184567], [-70.71785508487001, 43.08077319074287], [-70.71783948434387, 43.0807606571994], [-70.71781020752901, 43.080757106650395], [-70.71778998019364, 43.08075197724479], [-70.7177674713514, 43.0807484828074], [-70.71775169917004, 43.08074892982558], [-70.71771638122847, 43.08073124442755], [-70.71768145435486, 43.08067557641245], [-70.71768632969373, 43.080617323834545], [-70.71767105656856, 43.080576392061005], [-70.71763563500747, 43.0805527810844], [-70.71762018199614, 43.08052350641413], [-70.71758891613513, 43.08048827128729], [-70.71757734889668, 43.08046485814133], [-70.7176095594092, 43.0804388934434], [-70.71765726787123, 43.080439289126176], [-70.7176658636062, 43.08044654118828], [-70.71766372728958, 43.08045322977733], [-70.71766230576938, 43.080472237739876], [-70.71768023873759, 43.08047982897739], [-70.71769630251781, 43.08047438434655]]]}, "properties": {"id": 24, "Hectares": 0.14880532446, "Acres": 0.36770539701, "Year": "2016", "LABEL": "Portsmouth Harbor", "100 M2?": "y"}}, {"type": "Feature", "geometry": {"type": "Polygon", "coordinates": [[[-70.71766885558348, 43.079430916021934], [-70.71760524534395, 43.07943038845674], [-70.7175855920632, 43.0794156521952], [-70.7175698694454, 43.07940386318357], [-70.71757000439875, 43.079395120349474], [-70.71760998568777, 43.07938087870352], [-70.71765818811144, 43.07934921731901], [-70.71773788071305, 43.079338219619395], [-70.71776955086146, 43.07934722620377], [-70.7177651254754, 43.07937633601772], [-70.71773291559242, 43.079402300770155], [-70.71766885558348, 43.079430916021934]]]}, "properties": {"id": 25, "Hectares": 0.01046810216, "Acres": 0.02586720384, "Year": "2016", "LABEL": "Portsmouth Harbor", "100 M2?": "y"}}, {"type": "Feature", "geometry": {"type": "Polygon", "coordinates": [[[-70.71894770936089, 43.07952603985193], [-70.71891197345339, 43.0795228292211], [-70.71888802972477, 43.07952846020523], [-70.71888771526928, 43.079548860158745], [-70.7188992828429, 43.07957227317905], [-70.71890714430137, 43.07957816759505], [-70.71898661240454, 43.07958174042238], [-70.71902207885495, 43.079602436705194], [-70.71902194410707, 43.079611179542646], [-70.71900166158849, 43.07963724342894], [-70.71894189200633, 43.07964549236747], [-70.7188625585947, 43.07963317667135], [-70.71882316145359, 43.07960953312891], [-70.71881145912461, 43.079594862938215], [-70.7187960507099, 43.07956267413988], [-70.71879274896114, 43.07951892702228], [-70.71878113651074, 43.07949842827047], [-70.7187733649297, 43.07948670528795], [-70.71876952406801, 43.07947792951749], [-70.71877385913241, 43.079454648218814], [-70.71877828404786, 43.079425538361775], [-70.71881839986027, 43.079402553453974], [-70.71887017302019, 43.07939715299701], [-70.71895388603967, 43.07938327309979], [-70.71900186320059, 43.0793661825389], [-70.71908119629828, 43.07937849813599], [-70.71908458807206, 43.079416416689604], [-70.71904009247255, 43.079465597280745], [-70.7189996622822, 43.07950898222074], [-70.71894770936089, 43.07952603985193]]]}, "properties": {"id": 26, "Hectares": 0.04742359628, "Acres": 0.11718607759, "Year": "2016", "LABEL": "Portsmouth Harbor", "100 M2?": "y"}}, {"type": "Feature", "geometry": {"type": "Polygon", "coordinates": [[[-70.71855878834266, 43.08025148078638], [-70.71853931433077, 43.08022508757233], [-70.71853967384902, 43.080201773344854], [-70.71853623743698, 43.08016676906147], [-70.71853641719638, 43.08015511194763], [-70.71858448495139, 43.080132193013874], [-70.71863205838311, 43.08014133112364], [-70.71865166721236, 43.08015898148673], [-70.71862329816607, 43.080193722259516], [-70.71861525691288, 43.0801994849382], [-70.71862293867963, 43.08021703648761], [-70.71860667641899, 43.08024021895815], [-70.71855878834266, 43.08025148078638]]]}, "properties": {"id": 27, "Hectares": 0.00840278856, "Acres": 0.02076371067, "Year": "2016", "LABEL": "Portsmouth Harbor", "100 M2?": "n"}}, {"type": "Feature", "geometry": {"type": "Polygon", "coordinates": [[[-70.71849467099608, 43.081164334676906], [-70.71847857658393, 43.08116288867381], [-70.71845160654986, 43.081156049621164], [-70.71842925054693, 43.0811426332327], [-70.71840425734165, 43.0811238939132], [-70.71840249397923, 43.08110417828987], [-70.71840280861277, 43.08108377834479], [-70.71842295703152, 43.081066457411815], [-70.71847857254114, 43.08106983292748], [-70.7185141744944, 43.08108178653508], [-70.71853342405288, 43.08112275114182], [-70.71849467099608, 43.081164334676906]]]}, "properties": {"id": 28, "Hectares": 0.00847423463, "Acres": 0.02094025748, "Year": "2016", "LABEL": "Portsmouth Harbor", "100 M2?": "n"}}, {"type": "Feature", "geometry": {"type": "Polygon", "coordinates": [[[-70.72105098768681, 43.08240371648276], [-70.72103921003266, 43.08240588456086], [-70.72103577806392, 43.082410294824165], [-70.7210343415646, 43.08241620111984], [-70.72104484171513, 43.08241855941527], [-70.72104574024499, 43.08241876122174], [-70.72105573276703, 43.08242525514684], [-70.72106103885379, 43.08243023080146], [-70.72106365397504, 43.08243518421819], [-70.72106354779211, 43.082442087868856], [-70.72105806725972, 43.082448453926155], [-70.72104856544456, 43.0824538003904], [-70.72103774848289, 43.08245716326311], [-70.7210303103989, 43.08245956769711], [-70.72102829525905, 43.082461011853574], [-70.72102622843896, 43.08246249304674], [-70.72102547226419, 43.082467911783965], [-70.72102472830045, 43.08247408939645], [-70.72102470091964, 43.08247431675699], [-70.72102451045032, 43.082474588287084], [-70.72102259769753, 43.08247731507753], [-70.72098677598385, 43.08250041610587], [-70.7209750901286, 43.08250645667275], [-70.72097428843735, 43.08251483411687], [-70.7209792946085, 43.0825199581449], [-70.7209815748267, 43.08252229204437], [-70.72099022187328, 43.08252877485534], [-70.72098871710055, 43.08253911921123], [-70.72098114247142, 43.0825503997638], [-70.72096056147562, 43.08255138925658], [-70.72091414174899, 43.08255948913741], [-70.72089055153064, 43.08255640644273], [-70.72087129872745, 43.08256120898322], [-70.72085186783731, 43.082577587285314], [-70.72084028010455, 43.08260530747158], [-70.72082864683335, 43.08261364443316], [-70.72076503324304, 43.082613118593386], [-70.72074895049042, 43.08262464424419], [-70.72074479528418, 43.0826362684937], [-70.72072455730999, 43.08265941839019], [-70.7206910533161, 43.082679418648326], [-70.72067316426208, 43.08268030517091], [-70.72063925972762, 43.08268415959644], [-70.72061772535683, 43.082690597122046], [-70.7205938458531, 43.08270280387251], [-70.72058573332933, 43.082716794871374], [-70.72058644147118, 43.08274408992661], [-70.7205873270951, 43.08274611318495], [-70.72059189077214, 43.082756539163185], [-70.72060053331563, 43.08278141898273], [-70.7205889985128, 43.082797862522966], [-70.72055276149645, 43.08280665931048], [-70.72054203744896, 43.082797545386], [-70.72052763263217, 43.08279477882054], [-70.72051588445035, 43.08278302308144], [-70.7205002949663, 43.08276249162949], [-70.72049238810014, 43.082759511599676], [-70.72046044667421, 43.082767991426294], [-70.72046040182147, 43.08277090570504], [-70.72045737348701, 43.08277379684144], [-70.72042914874488, 43.08277504019569], [-70.72042012448662, 43.08277496557039], [-70.7204041665916, 43.082785583897156], [-70.72039614219962, 43.08280101010114], [-70.72038834293912, 43.08280237096627], [-70.7203719909246, 43.08283138223449], [-70.72033580442901, 43.08285731481743], [-70.72032929675619, 43.082875519685125], [-70.72032796006333, 43.082899072146304], [-70.72031414364045, 43.082917150679634], [-70.72029819841794, 43.08292694215069], [-70.72027781741855, 43.082931735260026], [-70.72026652433917, 43.08293246880325], [-70.72025641020849, 43.082929904314604], [-70.72024917867036, 43.08292482136758], [-70.7202314000841, 43.08292348826616], [-70.72022433348758, 43.082919511343384], [-70.72021952873304, 43.08290727173961], [-70.72020502976146, 43.08289640152407], [-70.72018926273806, 43.08289461721783], [-70.720172316763, 43.082896130939304], [-70.7201620753453, 43.08290183484378], [-70.72015730861173, 43.08291833432328], [-70.72016710449496, 43.08294156982397], [-70.72016736653643, 43.08294476598145], [-70.72016995395654, 43.08297632510156], [-70.72015383047788, 43.08299769231376], [-70.72012332257748, 43.083000747736655], [-70.72011905230842, 43.08298500044974], [-70.72011798832838, 43.08297860082345], [-70.7201169871916, 43.08297257918558], [-70.72010371810293, 43.08295510356765], [-70.7200824000061, 43.08294748470888], [-70.72004741817973, 43.082948022265086], [-70.7200280484299, 43.08294943778779], [-70.72000675798084, 43.08295099366948], [-70.71998886219961, 43.082940922270005], [-70.71999230952508, 43.08292455585237], [-70.7199889169752, 43.08291856775699], [-70.72000124845239, 43.08289243793147], [-70.72002198038531, 43.08283723110548], [-70.72005875033338, 43.08277341300367], [-70.7201075823767, 43.08270095072078], [-70.72017245230089, 43.08261987712719], [-70.7201693737774, 43.082561558668566], [-70.72015115463103, 43.08245356592413], [-70.72020387241052, 43.08238696503731], [-70.72027208964549, 43.08234672416687], [-70.72033561323514, 43.082353078835766], [-70.72042719193468, 43.08234509222202], [-70.72047919170458, 43.082325119667104], [-70.72053575029977, 43.08226729433437], [-70.72055232632044, 43.08222371164226], [-70.72059221909686, 43.082215297530375], [-70.72061191883523, 43.08222711900453], [-70.72063939085746, 43.08225066333273], [-70.72071086604208, 43.08225708353303], [-70.72074691750879, 43.08223989366171], [-70.72077488279629, 43.08223138088592], [-70.72081928939114, 43.082188028208215], [-70.72085578911785, 43.08214169550793], [-70.72088795432167, 43.08211864416924], [-70.72096773963919, 43.082101815694934], [-70.72105552136846, 43.08208213859657], [-70.72114267557218, 43.08210326134567], [-70.72118975793424, 43.08214445548333], [-70.72122491289255, 43.08218555105297], [-70.72121204428511, 43.082246652375716], [-70.72117554476118, 43.08229298519077], [-70.72111947976735, 43.08231875377022], [-70.72108351800117, 43.08233011520024], [-70.72104742174908, 43.0823502194572], [-70.72105908030478, 43.0823678037017], [-70.72105461140737, 43.0823998279198], [-70.72105098768681, 43.08240371648276]]]}, "properties": {"id": 29, "Hectares": 0.43483532682, "Acres": 1.07449983434, "Year": "2016", "LABEL": "Portsmouth Harbor", "100 M2?": "y"}}, {"type": "Feature", "geometry": {"type": "Polygon", "coordinates": [[[-70.72521382622892, 43.08214265862678], [-70.72513028929566, 43.08214488594322], [-70.72508275793808, 43.08213283623171], [-70.72501552603083, 43.082108965780094], [-70.72490080754294, 43.08207013122007], [-70.72482986782603, 43.08202874224138], [-70.72478662495985, 43.08199632515293], [-70.7247792983871, 43.081955459741756], [-70.72480735229432, 43.081941117407865], [-70.72484304530181, 43.08194724049516], [-70.72487855974833, 43.08196502070286], [-70.72492184728195, 43.081994523474094], [-70.7249809488468, 43.082029985673174], [-70.72510795182048, 43.08204560403407], [-70.72517558534906, 43.082043245883696], [-70.72527520390668, 43.0820294922375], [-70.7253346180561, 43.08204455427366], [-70.72535007512873, 43.08207382793266], [-70.72528976849209, 43.0821170515673], [-70.72521382622892, 43.08214265862678]]]}, "properties": {"id": 30, "Hectares": 0.04262200316, "Acres": 0.10532110091, "Year": "2016", "LABEL": "Lower Piscataqua River South", "100 M2?": "y"}}, {"type": "Feature", "geometry": {"type": "Polygon", "coordinates": [[[-70.7261364644963, 43.08264365942474], [-70.7261320123641, 43.08264547598491], [-70.72607699685315, 43.082642333014626], [-70.7260217807408, 43.08261273262445], [-70.7259945294259, 43.082574618151604], [-70.72595584110431, 43.08250434849746], [-70.72590500236824, 43.082448552186065], [-70.72582602065278, 43.08241292700908], [-70.7257231393881, 43.08238001990191], [-70.7257037954316, 43.08234488503145], [-70.7257646818149, 43.082263775494845], [-70.72582110163363, 43.08221469035201], [-70.72588082826478, 43.08220935212213], [-70.72588475949911, 43.082212299093754], [-70.72591236733692, 43.082227099324214], [-70.72594210476437, 43.082244941927264], [-70.72596193480155, 43.08224510495173], [-70.72598885557356, 43.08225524961168], [-70.72600865398356, 43.082288490192745], [-70.72601935230433, 43.08232661763696], [-70.72601423296443, 43.08236626894243], [-70.72599560259171, 43.08240415528673], [-70.72599340291698, 43.08240941852097], [-70.72600448766384, 43.082443540761126], [-70.7260356701871, 43.08248460219852], [-70.7260534191494, 43.082507974169495], [-70.72605261547432, 43.08251212688576], [-70.72605444142275, 43.08254025804522], [-70.72606544341724, 43.08255854128598], [-70.72609672466744, 43.082578645110615], [-70.72613259395743, 43.08259382496476], [-70.72613350986792, 43.08259478750572], [-70.7261548004022, 43.08261716196484], [-70.72615467391225, 43.08262543038088], [-70.72614088455181, 43.08264185595221], [-70.7261364644963, 43.08264365942474]]]}, "properties": {"id": 31, "Hectares": 0.06496472746, "Acres": 0.16053108979, "Year": "2016", "LABEL": "Lower Piscataqua River South", "100 M2?": "y"}}, {"type": "Feature", "geometry": {"type": "Polygon", "coordinates": [[[-70.72628079937671, 43.08283637498953], [-70.72626913923156, 43.082818791263584], [-70.72627329340968, 43.082807166804095], [-70.72626181158326, 43.08277792594293], [-70.72626198989433, 43.08276626880847], [-70.72628222583637, 43.082743117913644], [-70.72631394359857, 43.08274920787247], [-70.72634128433637, 43.08278149370334], [-70.72636469380696, 43.08281083257247], [-70.72634834459544, 43.082839844721306], [-70.72628079937671, 43.08283637498953]]]}, "properties": {"id": 32, "Hectares": 0.00618545851, "Acres": 0.01528457725, "Year": "2016", "LABEL": "Lower Piscataqua River South", "100 M2?": "n"}}, {"type": "Feature", "geometry": {"type": "Polygon", "coordinates": [[[-70.72696714400281, 43.082863266020375], [-70.72699614429922, 43.082862654168075], [-70.72705185105681, 43.082860196966884], [-70.7272030678169, 43.08285269463119], [-70.72725055562857, 43.08286765775395], [-70.72729799893482, 43.0828855351416], [-70.72736188008133, 43.082868571645555], [-70.72742160722906, 43.08286323261673], [-70.72746511922946, 43.08287816301594], [-70.72748464244039, 43.08290164045817], [-70.72748026588263, 43.08292783638634], [-70.72744403776666, 43.08295668552911], [-70.72736469828715, 43.0829443756787], [-70.72734888382696, 43.08293841656072], [-70.72731314545426, 43.0829352085328], [-70.72721732359766, 43.082960653721095], [-70.72718542749573, 43.082966221148205], [-70.72712163527497, 43.08297735597558], [-70.72708134200252, 43.083012000924256], [-70.72697372591476, 43.0830286051125], [-70.72691815264315, 43.08302231942202], [-70.72684623034934, 43.083045045925296], [-70.72673432636793, 43.08308201721927], [-70.72663144348925, 43.08304911091749], [-70.7266160301277, 43.083016923144704], [-70.72659226395992, 43.08301089859635], [-70.72654455337961, 43.083010506619885], [-70.72648058273178, 43.083033298223015], [-70.72641679032044, 43.083044432655434], [-70.72638507239574, 43.083038342723924], [-70.72636184112423, 43.08299734672487], [-70.72637819037257, 43.08296833457523], [-70.72638672156789, 43.08293051423038], [-70.72644667169787, 43.08291060429353], [-70.7264739308875, 43.08289284492172], [-70.72647998752439, 43.08289438024497], [-70.72653177604874, 43.08290142131715], [-70.72660407153582, 43.08289539971203], [-70.72667083172645, 43.08288659657524], [-70.72675714641036, 43.08288983777391], [-70.72679507272699, 43.082883020449685], [-70.72680050157952, 43.08288708994824], [-70.72682481277643, 43.08292036745176], [-70.72683368539269, 43.08293036367285], [-70.72685617029884, 43.08293551002125], [-70.72691515685145, 43.08291449389019], [-70.72694707048632, 43.08289325539811], [-70.72696096079675, 43.08287021499479], [-70.72696714400281, 43.082863266020375]]]}, "properties": {"id": 33, "Hectares": 0.12338297141, "Acres": 0.3048854915, "Year": "2016", "LABEL": "Lower Piscataqua River South", "100 M2?": "y"}}, {"type": "Feature", "geometry": {"type": "Polygon", "coordinates": [[[-70.723861568765, 43.08345914787963], [-70.7238335809832, 43.083469118547384], [-70.72379980811141, 43.08346738294181], [-70.72376592349882, 43.08347293302919], [-70.72374425714467, 43.08345963856899], [-70.72371877134104, 43.083436111356846], [-70.7236990035621, 43.08342866183244], [-70.72367338368427, 43.08341387745374], [-70.72364792027803, 43.083388893085484], [-70.72364240345259, 43.08335970112462], [-70.72364658051539, 43.08334661962607], [-70.72367059237116, 43.08333661623808], [-70.72367854417008, 43.08333668176896], [-70.72370827401691, 43.083342756067225], [-70.72373757923565, 43.08337651602921], [-70.72375911146725, 43.08339855333418], [-70.72380043384848, 43.08342658300491], [-70.72382422223964, 43.08343115099103], [-70.72384597798806, 43.08343861687373], [-70.72386771139567, 43.08344753989296], [-70.723861568765, 43.08345914787963]]]}, "properties": {"id": 34, "Hectares": 0.01174581921, "Acres": 0.02902450656, "Year": "2016", "LABEL": "Lower Piscataqua River South", "100 M2?": "y"}}, {"type": "Feature", "geometry": {"type": "Polygon", "coordinates": [[[-70.72595236596814, 43.08434176090313], [-70.7259366919927, 43.0843683176926], [-70.72592526837309, 43.08437238755998], [-70.72591249564007, 43.08437181412427], [-70.72589757038273, 43.084363415893996], [-70.72588780885363, 43.084351677041546], [-70.72588389978321, 43.084347272928575], [-70.72586618632612, 43.084335468695414], [-70.7258403648437, 43.084333799066904], [-70.72579461892911, 43.08433488025479], [-70.72575702566475, 43.084322912541275], [-70.72570171900048, 43.08429914055723], [-70.72553591080225, 43.08422053874088], [-70.72539766697976, 43.084159651326075], [-70.72512477672245, 43.084062680113824], [-70.72496647538402, 43.08401328573235], [-70.72482021374701, 43.083956703608045], [-70.72474706070467, 43.0839298696174], [-70.72464205557286, 43.0839056880092], [-70.7245687463615, 43.083889053891426], [-70.72438683600679, 43.08382343375581], [-70.7243749528804, 43.083820421250714], [-70.7243216128403, 43.083798122118246], [-70.72429391534807, 43.08378915006784], [-70.72425636739078, 43.083774267584616], [-70.724206981023, 43.08375345828544], [-70.72415953797281, 43.08373557962098], [-70.72408859686091, 43.0836941901812], [-70.72407307297374, 43.083669287783806], [-70.72405942535009, 43.08365168746378], [-70.72405547177168, 43.083650197570776], [-70.72402565237056, 43.083649951923896], [-70.72398200662398, 43.08364376306523], [-70.72395839689172, 43.083627537986224], [-70.72394262728447, 43.08361866411838], [-70.7239250484824, 43.08359811674502], [-70.72392940426067, 43.083573378111275], [-70.72395946940864, 43.083557595235845], [-70.72400546053659, 43.08354048622906], [-70.72402927133005, 43.08354359703235], [-70.72404095330647, 43.08355972383893], [-70.72405060264745, 43.08357874854942], [-70.72410532715912, 43.08364040698022], [-70.72415261374323, 43.083668485651486], [-70.72422762014511, 43.083704079235545], [-70.72435607829117, 43.08375468620826], [-70.72456959489577, 43.083833682540266], [-70.72490368618476, 43.083958847964844], [-70.72507181560276, 43.08401560993049], [-70.72536060937291, 43.08411271209753], [-70.72567279143138, 43.084240609689274], [-70.7257674339167, 43.084292394309706], [-70.72585463752218, 43.084310599224004], [-70.72591211062749, 43.08432273034881], [-70.72594867152904, 43.084334045754595], [-70.72595236596814, 43.08434176090313]]]}, "properties": {"id": 35, "Hectares": 0.08057510148, "Acres": 0.19910510451, "Year": "2016", "LABEL": "Lower Piscataqua River South", "100 M2?": "y"}}, {"type": "Feature", "geometry": {"type": "Polygon", "coordinates": [[[-70.72701876070279, 43.08463494680458], [-70.72698306591083, 43.0846288243821], [-70.72694145169507, 43.08461973868638], [-70.72688802091263, 43.084603269304544], [-70.72686829691904, 43.08459290603885], [-70.72684086600705, 43.0845664489002], [-70.72681115752398, 43.08455891826708], [-70.72674778687771, 43.084542367176994], [-70.72666478145484, 43.08450962418558], [-70.72658153101213, 43.08449290969113], [-70.72655584314093, 43.084482497374324], [-70.72648653096563, 43.08446444000004], [-70.72642521535306, 43.084443533642585], [-70.72642543821611, 43.08442896222808], [-70.72645947912929, 43.084413211366446], [-70.7265569350181, 43.08441109744073], [-70.72662041688477, 43.08442036292746], [-70.72666187495172, 43.08443964872938], [-70.7266714583996, 43.08446304464954], [-70.72669522513435, 43.08446906918528], [-70.7267860265315, 43.084512077461916], [-70.72684734233813, 43.084532983627575], [-70.72693425705151, 43.08457013056552], [-70.72702329349703, 43.084598550913206], [-70.72703517690779, 43.08460156314549], [-70.72705280158202, 43.08461919576663], [-70.72705059087257, 43.0846337508588], [-70.72701876070279, 43.08463494680458]]]}, "properties": {"id": 36, "Hectares": 0.02895633265, "Acres": 0.07155254579, "Year": "2016", "LABEL": "Lower Piscataqua River South", "100 M2?": "y"}}, {"type": "Feature", "geometry": {"type": "Polygon", "coordinates": [[[-70.72775732253248, 43.084834833511515], [-70.72765416908332, 43.084819413809214], [-70.72754516298954, 43.084796659357615], [-70.7274460301828, 43.084778357816816], [-70.72734691970122, 43.084758599048875], [-70.72725783833755, 43.08473309323367], [-70.72722426506593, 43.084718244356345], [-70.72721850148615, 43.08470508111636], [-70.72723650478669, 43.084697942300494], [-70.7272801961618, 43.08470121564325], [-70.72739114545386, 43.084726900947295], [-70.72757151894515, 43.08476335719935], [-70.72773404517187, 43.08479675207263], [-70.72789473934097, 43.08481993041292], [-70.72794234009062, 43.08482760754951], [-70.72798808634931, 43.08482652550614], [-70.72803385485518, 43.08482398630244], [-70.72806168685972, 43.08482421460324], [-70.72807153787105, 43.08483012470576], [-70.72807328114844, 43.08484616957493], [-70.72804321640174, 43.08486195353179], [-70.7280113416301, 43.084866064036724], [-70.72794573757622, 43.084865525859], [-70.72787441429472, 43.0848489101517], [-70.72775732253248, 43.084834833511515]]]}, "properties": {"id": 37, "Hectares": 0.02841772627, "Acres": 0.0702216225, "Year": "2016", "LABEL": "Lower Piscataqua River South", "100 M2?": "y"}}, {"type": "Feature", "geometry": {"type": "Polygon", "coordinates": [[[-70.72911187255386, 43.084929007555246], [-70.72908620628677, 43.08491713865912], [-70.72906840314768, 43.08491116348529], [-70.72904459155235, 43.084908053724014], [-70.72901269459346, 43.08491362165068], [-70.72896480469159, 43.08492488780867], [-70.72890911834948, 43.08492588878109], [-70.72887357879108, 43.08490956694883], [-70.72887779931219, 43.08489357096861], [-70.7289059203172, 43.08487485621364], [-70.7289199252445, 43.08486914168942], [-70.7289577417413, 43.08486653694759], [-70.72900744179715, 43.084866944221936], [-70.72906893652394, 43.08487619206681], [-70.7291166930323, 43.084873668719375], [-70.72914838996252, 43.08488121504566], [-70.7291598735424, 43.08491045562313], [-70.72915165486269, 43.0849278761808], [-70.72911187255386, 43.084929007555246]]]}, "properties": {"id": 38, "Hectares": 0.01183362117, "Acres": 0.02924146959, "Year": "2016", "LABEL": "Lower Piscataqua River South", "100 M2?": "y"}}, {"type": "Feature", "geometry": {"type": "Polygon", "coordinates": [[[-70.72967277856485, 43.08491465675392], [-70.72965097714967, 43.084910106254824], [-70.72964912240725, 43.08490134711938], [-70.72964731208593, 43.08488967369854], [-70.72964945556096, 43.08487948997919], [-70.7296595288361, 43.084870828519584], [-70.72968137465699, 43.08487246473156], [-70.72969714542498, 43.08488133781735], [-70.72969482428437, 43.084903178679255], [-70.72967277856485, 43.08491465675392]]]}, "properties": {"id": 39, "Hectares": 0.0015542278, "Acres": 0.00384057461, "Year": "2016", "LABEL": "Lower Piscataqua River South", "100 M2?": "n"}}, {"type": "Feature", "geometry": {"type": "Polygon", "coordinates": [[[-70.73098272649919, 43.08480441797038], [-70.73084341113514, 43.08481347995356], [-70.73078363798896, 43.0848217350381], [-70.7307437892162, 43.08482723841037], [-70.73073994631837, 43.08481846303066], [-70.73070420665891, 43.08481525605104], [-70.73070003098822, 43.084828337817086], [-70.73066418039461, 43.084832416540564], [-70.73063608212381, 43.084849674589925], [-70.73059223512716, 43.08485660252761], [-70.73055448526262, 43.084854836381155], [-70.73049464546938, 43.08486746274308], [-70.7304547966428, 43.084872966014125], [-70.73041894600817, 43.08487704466034], [-70.73037337728228, 43.08486647053174], [-70.73036763520524, 43.08485185030127], [-70.73036982294602, 43.08483875228124], [-70.73040375213623, 43.08483028595493], [-70.73046944496168, 43.08482499415102], [-70.73054518872928, 43.084812497913454], [-70.73064072373033, 43.08480599282108], [-70.730710436884, 43.084797819116325], [-70.7307800169196, 43.084798388227966], [-70.7308678438679, 43.084775789331154], [-70.73092757259904, 43.08477044848852], [-70.73097738349861, 43.08476356919031], [-70.731009280211, 43.08475800071339], [-70.73101913149965, 43.08476391056477], [-70.73102690607992, 43.08477563273301], [-70.73102471848141, 43.084788730767094], [-70.73098272649919, 43.08480441797038]]]}, "properties": {"id": 40, "Hectares": 0.02186402365, "Acres": 0.05402709564, "Year": "2016", "LABEL": "Lower Piscataqua River South", "100 M2?": "y"}}, {"type": "Feature", "geometry": {"type": "Polygon", "coordinates": [[[-70.73453169006204, 43.0840216534554], [-70.73450586844193, 43.08401998578139], [-70.73450000393369, 43.084013380044794], [-70.73449614949898, 43.084005333357915], [-70.73450130724655, 43.08399298811328], [-70.73451538879303, 43.08398217288933], [-70.7345452526318, 43.083979501514435], [-70.73455511518887, 43.083984682491696], [-70.7345559876644, 43.083992704885866], [-70.7345488088101, 43.084007219656485], [-70.73453169006204, 43.0840216534554]]]}, "properties": {"id": 41, "Hectares": 0.001679378, "Acres": 0.00414982701, "Year": "2016", "LABEL": "Lower Piscataqua River South", "100 M2?": "n"}}, {"type": "Feature", "geometry": {"type": "Polygon", "coordinates": [[[-70.72250102372286, 43.080300231046266], [-70.72239730445555, 43.08035399213892], [-70.72239016929927, 43.08035653406563], [-70.72232942059553, 43.080384641618096], [-70.72227616649123, 43.08038680292171], [-70.7222443977709, 43.08037613749585], [-70.72222709911507, 43.08034738584258], [-70.7222453564325, 43.08031372603733], [-70.72226341401284, 43.080293068616186], [-70.72231706744718, 43.08026490254247], [-70.72237406874176, 43.08024976810693], [-70.72240978439535, 43.0802344579955], [-70.72241042338835, 43.08019285035356], [-70.72244283101455, 43.08016190809048], [-70.72251027531141, 43.080159863795], [-70.7225312414446, 43.080180843245095], [-70.72255523609051, 43.08023565817223], [-70.72250102372286, 43.080300231046266]]]}, "properties": {"id": 42, "Hectares": 0.03376198022, "Acres": 0.08342754122, "Year": "2016", "LABEL": "Portsmouth Harbor", "100 M2?": "y"}}, {"type": "Feature", "geometry": {"type": "Polygon", "coordinates": [[[-70.72344053786011, 43.079354845889505], [-70.72344591281653, 43.07935421413637], [-70.72345219267201, 43.079356179882474], [-70.72348388130291, 43.07937204592952], [-70.72350078138525, 43.07942680218863], [-70.72348958025049, 43.07946312116926], [-70.72345729319572, 43.0794862623048], [-70.72343218102522, 43.079504260959254], [-70.72340682947629, 43.07953786248008], [-70.72335373571988, 43.07952962237822], [-70.72332228642772, 43.079498153423344], [-70.7232868906193, 43.079492659998934], [-70.72324770785363, 43.079502740186655], [-70.72317679654127, 43.079499554716435], [-70.72313458496326, 43.079475799393876], [-70.72312402209741, 43.079470510680444], [-70.72310265693082, 43.079475536121606], [-70.72305613957528, 43.07950116060809], [-70.7229955516672, 43.07951886661569], [-70.72295310066863, 43.07951071409698], [-70.72291435690107, 43.07949218890822], [-70.72289327111983, 43.07947901096177], [-70.72283308236996, 43.079470712100225], [-70.72279389954667, 43.07948079213202], [-70.72277946978767, 43.07949627795035], [-70.72278967334748, 43.07952497099934], [-70.7228105595258, 43.07955115135584], [-70.72277783304509, 43.07960289755657], [-70.72268204876092, 43.079602107412626], [-70.7226395178957, 43.079599155733746], [-70.72262959388266, 43.07955225932568], [-70.72264442295446, 43.07951076874577], [-70.72268023666048, 43.07946726702367], [-70.72268147261467, 43.079448160432236], [-70.72274260625974, 43.07940027211887], [-70.7228119925859, 43.079363777778724], [-70.72287441986381, 43.07932310747712], [-70.72290310903637, 43.07928421814561], [-70.72294819314018, 43.07927532330268], [-70.7229915409895, 43.079288036361284], [-70.72307033150274, 43.079279419438976], [-70.72310410111602, 43.079275579384145], [-70.72316840493231, 43.079295672587904], [-70.72321478286581, 43.0792939957207], [-70.72326644682353, 43.07931398465354], [-70.72331669058468, 43.079334991485204], [-70.72335727706579, 43.07934459274917], [-70.72339516524352, 43.07934696434298], [-70.72342328554609, 43.07934513688518], [-70.72344053786011, 43.079354845889505]]]}, "properties": {"id": 43, "Hectares": 0.14050320956, "Acres": 0.34719045598, "Year": "2016", "LABEL": "Portsmouth Harbor", "100 M2?": "y"}}, {"type": "Feature", "geometry": {"type": "Polygon", "coordinates": [[[-70.72844906951626, 43.07650507296446], [-70.72844516985995, 43.07652195063842], [-70.72842991547921, 43.076564645447796], [-70.72840284950244, 43.07661580738218], [-70.72837889969963, 43.0766541488967], [-70.72832604152369, 43.07667298440681], [-70.7283001187656, 43.076649220895526], [-70.72829207675396, 43.076602053075455], [-70.72831064346808, 43.07653369351696], [-70.72833190170168, 43.07648034298512], [-70.72835287254256, 43.076447502345204], [-70.72836121043854, 43.076426415715154], [-70.72838766899696, 43.07631999949327], [-70.72838977196963, 43.07618217384681], [-70.72841949999435, 43.07609399008669], [-70.72846648865253, 43.07603715755082], [-70.72851682622158, 43.075993356498145], [-70.72858115481313, 43.07596267416899], [-70.72860949404088, 43.07596550729962], [-70.72860889900531, 43.07600451456236], [-70.72859363846408, 43.07607461131177], [-70.72857447347748, 43.07616808333316], [-70.72855590350511, 43.076222548088936], [-70.72851943790533, 43.07628726936155], [-70.72849759818237, 43.07632350163489], [-70.72846515595445, 43.076357046165036], [-70.72845758507334, 43.07638819380141], [-70.728467830477, 43.076414285895694], [-70.72848840065949, 43.07646126911365], [-70.72847018759882, 43.076492329496574], [-70.72844906951626, 43.07650507296446]]]}, "properties": {"id": 44, "Hectares": 0.08194679033, "Acres": 0.20249461624, "Year": "2016", "LABEL": "Portsmouth Harbor", "100 M2?": "y"}}, {"type": "Feature", "geometry": {"type": "Polygon", "coordinates": [[[-70.7405734033781, 43.0792810882735], [-70.74060031773688, 43.07931418819429], [-70.74060284697626, 43.079381829684216], [-70.74058078828197, 43.079396062537015], [-70.74053688675991, 43.0793878184324], [-70.7405031844623, 43.079378449247244], [-70.7404659363297, 43.07937980165297], [-70.74043776182947, 43.079377919707696], [-70.74041065302809, 43.079380181113244], [-70.74038226677328, 43.079392355526586], [-70.74036710040386, 43.0794027354654], [-70.7403292922094, 43.07940562356941], [-70.74029034727131, 43.079400106672246], [-70.74021616171981, 43.07937869959595], [-70.74018458624002, 43.079355036669064], [-70.74018119540786, 43.07934460598081], [-70.74016720105692, 43.07933148863004], [-70.74011757429098, 43.079328485993614], [-70.74009640644742, 43.07932051216559], [-70.74004685807424, 43.07931230851631], [-70.74001843834823, 43.07931467918299], [-70.74001363911299, 43.079321043193694], [-70.73999745831615, 43.079325565029926], [-70.73999049108029, 43.07933873974731], [-70.73998921356647, 43.07934865275665], [-70.73998796112231, 43.079352578813825], [-70.73998194592794, 43.079357609496476], [-70.73995996235155, 43.07935695728816], [-70.7399497430035, 43.079347763270256], [-70.73994998365716, 43.079331796127654], [-70.73994900522645, 43.07932186484855], [-70.73993674704558, 43.079311842217564], [-70.73991079115721, 43.0793124589494], [-70.73990046490398, 43.07932395256397], [-70.73989223713237, 43.0793325209424], [-70.73987633968719, 43.07932653241024], [-70.73985883703713, 43.07931078579843], [-70.73984827273405, 43.079305498615646], [-70.73984250623774, 43.07930484701727], [-70.7398424232478, 43.07925447826129], [-70.73978171453075, 43.079246869876485], [-70.73971742315284, 43.079233637904984], [-70.73971818889952, 43.079226420663865], [-70.73972902760067, 43.07921350442197], [-70.73976679433775, 43.079210650023924], [-70.73978040104744, 43.0792063806667], [-70.73984027086445, 43.07920107698235], [-70.73993846682627, 43.079197737560676], [-70.74006701836458, 43.07920125943799], [-70.74017415088916, 43.07920378080282], [-70.74031161412994, 43.079214817077066], [-70.74041641601083, 43.079222281024975], [-70.74049182832866, 43.07923364173459], [-70.74056029847785, 43.079256523457246], [-70.7405734033781, 43.0792810882735]]]}, "properties": {"id": 45, "Hectares": 0.10281305542, "Acres": 0.2540562006, "Year": "2016", "LABEL": "Lower Piscataqua River South", "100 M2?": "y"}}, {"type": "Feature", "geometry": {"type": "Polygon", "coordinates": [[[-70.74572980864639, 43.07663317264594], [-70.74561985728573, 43.07666008600921], [-70.74558629295879, 43.07665054973673], [-70.7454566187662, 43.07658773182935], [-70.7453863878295, 43.076494505354766], [-70.74527875029061, 43.07636700191964], [-70.74518717789446, 43.076292135687865], [-70.74515421548014, 43.07624245100827], [-70.74515884485884, 43.076214689970215], [-70.74522662078454, 43.07619052613926], [-70.7452727770983, 43.07620325261243], [-70.74529791541792, 43.076212721132364], [-70.74536953398908, 43.07621329777423], [-70.74544985586887, 43.07619541222522], [-70.74547925333383, 43.07620182629161], [-70.74552105806735, 43.076223783739465], [-70.74553744689018, 43.07625480268846], [-70.74550707788045, 43.07631324356023], [-70.74548087541629, 43.076374806667296], [-70.74549680162481, 43.076436708917434], [-70.74561004035463, 43.07647159617209], [-70.745660548602, 43.07647509141185], [-70.74574549987605, 43.07642944459869], [-70.74583054351741, 43.076377621061106], [-70.74586813562647, 43.07639954448174], [-70.74584628509629, 43.07645187658538], [-70.74583295277668, 43.076498099828484], [-70.74581906546842, 43.07658138302714], [-70.74572980864639, 43.07663317264594]]]}, "properties": {"id": 46, "Hectares": 0.12950618766, "Acres": 0.32001626502, "Year": "2016", "LABEL": "Lower Piscataqua River South", "100 M2?": "y"}}, {"type": "Feature", "geometry": {"type": "Polygon", "coordinates": [[[-70.74465163600442, 43.07604072562615], [-70.74456802744588, 43.07599681008672], [-70.74437178403198, 43.07587785785416], [-70.74421688207501, 43.07581174649663], [-70.74401082419175, 43.07578537559363], [-70.74393541038621, 43.07575696917739], [-70.74390638403759, 43.075725848088624], [-70.74388578335802, 43.075694794939075], [-70.74389036692025, 43.075670122283235], [-70.74392439385358, 43.075648775760975], [-70.74395823540618, 43.07563978254305], [-70.74400804781231, 43.075689603436004], [-70.74403295404552, 43.07571451387448], [-70.74404948098737, 43.07573626804501], [-70.74410846050934, 43.075736743569045], [-70.74419253166099, 43.07574977615172], [-70.74426803822739, 43.075772005741776], [-70.74432248071285, 43.075794065499004], [-70.74442706033939, 43.075844327641384], [-70.74454025104849, 43.075882304271644], [-70.74459872133565, 43.075916751164165], [-70.74464459947869, 43.075948007862856], [-70.74478709520903, 43.0759985751815], [-70.74486250971206, 43.07602698104161], [-70.74488699978886, 43.076079686260485], [-70.74483195499558, 43.076097775048474], [-70.74473959643286, 43.07607541005985], [-70.74465163600442, 43.07604072562615]]]}, "properties": {"id": 47, "Hectares": 0.06931524313, "Acres": 0.17128143154, "Year": "2016", "LABEL": "Lower Piscataqua River South", "100 M2?": "y"}}, {"type": "Feature", "geometry": {"type": "Polygon", "coordinates": [[[-70.74332041465718, 43.07546630336722], [-70.74316535255862, 43.0754109997502], [-70.74308563404641, 43.075388735436626], [-70.74297026918346, 43.075355372869616], [-70.74288844441902, 43.07533309141645], [-70.74277907417185, 43.07532139796767], [-70.74263808482502, 43.07531099344211], [-70.74254737056688, 43.07531952698546], [-70.74243093857905, 43.07535719541248], [-70.74234809278104, 43.07540285677898], [-70.74232040785601, 43.075422709711894], [-70.74221024831267, 43.07546351728356], [-70.74210217181071, 43.07550588593044], [-70.74202175702915, 43.07552994578505], [-70.74199666594134, 43.075517388224455], [-70.74200541661249, 43.07549583801976], [-70.74203321776048, 43.07546826434681], [-70.74209493023282, 43.07542706551031], [-70.7421182631396, 43.0754164435764], [-70.74223092367323, 43.07534940232733], [-70.74238534051877, 43.07530740787258], [-70.742482652443, 43.0752803955291], [-70.74260318102449, 43.075250481886705], [-70.74274236542995, 43.07524079531563], [-70.74286858668006, 43.07525262484054], [-70.74291462581097, 43.07527307307587], [-70.74299647369925, 43.07529381034585], [-70.74308670084689, 43.07531770389069], [-70.74317472891195, 43.075347757021746], [-70.74328581151849, 43.07538571788102], [-70.74334821520743, 43.07543872936904], [-70.74332041465718, 43.07546630336722]]]}, "properties": {"id": 48, "Hectares": 0.08786553387, "Acres": 0.21712012747, "Year": "2016", "LABEL": "Lower Piscataqua River South", "100 M2?": "y"}}, {"type": "Feature", "geometry": {"type": "Polygon", "coordinates": [[[-70.73709376993263, 43.07165686213528], [-70.73713282784942, 43.07166216954364], [-70.73714395623081, 43.07167218330835], [-70.73715270398414, 43.07169044720708], [-70.73714348136596, 43.07170360344809], [-70.73711861901741, 43.07170670927583], [-70.73710057366286, 43.07170656268673], [-70.73708796001232, 43.071705070629], [-70.73704460056196, 43.071709047102686], [-70.73697932955368, 43.07170697247438], [-70.73696039647245, 43.0717052742988], [-70.73686142516662, 43.0717029257943], [-70.73675395875216, 43.071705141225166], [-70.73664417591182, 43.0717212368964], [-70.73656165776559, 43.07174527583714], [-70.73647317105879, 43.07174610092071], [-70.7364649328145, 43.071733679136436], [-70.73646933219023, 43.07172136008306], [-70.73653696634175, 43.071706466339016], [-70.73658356112762, 43.07168985719756], [-70.73670202583317, 43.07165684426956], [-70.73676968320639, 43.07164040622433], [-70.7369444566777, 43.071644915063665], [-70.73705402925023, 43.071642716563844], [-70.73708969575837, 43.071652272419975], [-70.73709376993263, 43.07165686213528]]]}, "properties": {"id": 49, "Hectares": 0.03315687867, "Acres": 0.08193230504, "Year": "2016", "LABEL": "Lower Piscataqua River South", "100 M2?": "y"}}, {"type": "Feature", "geometry": {"type": "Polygon", "coordinates": [[[-70.73295885453736, 43.07289736401444], [-70.73292316453032, 43.07288935103227], [-70.73293210553291, 43.07285544825577], [-70.73293676358306, 43.072826143584884], [-70.73301109376261, 43.07278659694351], [-70.73304046480969, 43.07279455834238], [-70.73308256745281, 43.07279644619989], [-70.73313529537674, 43.07279224331842], [-70.73316447893642, 43.07281255796869], [-70.73317259945988, 43.072832700785305], [-70.73317021189563, 43.07285121352705], [-70.73313409998202, 43.072870995497276], [-70.73309417391323, 43.07286449236153], [-70.7330752640353, 43.07286124938078], [-70.73305200089949, 43.07286723698885], [-70.73303903487795, 43.072888752122225], [-70.73295885453736, 43.07289736401444]]]}, "properties": {"id": 50, "Hectares": 0.01691968906, "Acres": 0.04180939765, "Year": "2016", "LABEL": "Lower Piscataqua River South", "100 M2?": "y"}}, {"type": "Feature", "geometry": {"type": "Polygon", "coordinates": [[[-70.73157375949272, 43.07210197380016], [-70.73162276779914, 43.07210037920209], [-70.73167947302184, 43.07211165300762], [-70.73172768272275, 43.07212749042857], [-70.7317631608703, 43.07214940121864], [-70.73186149891848, 43.07219344645731], [-70.73195340091372, 43.07224516079746], [-70.73199105589762, 43.07226245624284], [-70.73204324370971, 43.072293769541275], [-70.73208937082687, 43.07230804544806], [-70.7321209416668, 43.07230984764269], [-70.73215850288524, 43.07233331967388], [-70.73217301227159, 43.072348881683034], [-70.7322022656877, 43.072364564095096], [-70.73222328165386, 43.072367824418706], [-70.73224631006731, 43.07237727857863], [-70.73225466484237, 43.07238197985755], [-70.73227551659517, 43.07239604929239], [-70.73230699364845, 43.0724040280766], [-70.73232793925686, 43.07241192086152], [-70.7323255514572, 43.07243043358477], [-70.73232332787016, 43.072438137187056], [-70.73232996371266, 43.072458560663605], [-70.73230852997719, 43.07247628872689], [-70.73226985655155, 43.07249747356295], [-70.73222248695248, 43.0724970867478], [-70.73219904405698, 43.07249593979909], [-70.73212479680002, 43.072472036053306], [-70.732122643579, 43.07247510717135], [-70.7320509826974, 43.07247761059968], [-70.73188659799118, 43.07248244525963], [-70.73173312031166, 43.07246265917216], [-70.73165568050335, 43.07242959504888], [-70.73150482587809, 43.0723758543519], [-70.73143937529011, 43.07234772134265], [-70.73143629683587, 43.072347602090794], [-70.73138902795623, 43.07234060017703], [-70.73134644651007, 43.072322059298266], [-70.73128490552926, 43.0722893053235], [-70.73125083527194, 43.072230313572945], [-70.73124925868655, 43.07218564554034], [-70.7312836472527, 43.072149540974316], [-70.73129641877561, 43.07214546196109], [-70.73133918810076, 43.072131802131494], [-70.73140925253017, 43.07212327838522], [-70.73148278847098, 43.07210899433722], [-70.73153580953446, 43.072108600695586], [-70.73157375949272, 43.07210197380016]]]}, "properties": {"id": 51, "Hectares": 0.21774402902, "Acres": 0.53805638291, "Year": "2016", "LABEL": "Lower Piscataqua River South", "100 M2?": "y"}}, {"type": "Feature", "geometry": {"type": "Polygon", "coordinates": [[[-70.72956615527718, 43.07279769927897], [-70.72945644402128, 43.07284402225989], [-70.72898783228736, 43.072906590349284], [-70.7288041598489, 43.07293288344564], [-70.72869853837656, 43.07295209429316], [-70.72849595602821, 43.072975143186966], [-70.7283336054297, 43.072984622470685], [-70.72821785275241, 43.07297749582283], [-70.72815283999184, 43.07295843041056], [-70.72815525263358, 43.07293837362995], [-70.72818914203896, 43.072926296763], [-70.72826728740542, 43.072913038472066], [-70.72838947667665, 43.072912496090446], [-70.72850984230598, 43.07289340640995], [-70.72861972344656, 43.07287114195263], [-70.72875701000297, 43.07284755766713], [-70.72883328432145, 43.07281884013867], [-70.72892247891642, 43.07277169622319], [-70.72901553283721, 43.07274774913388], [-70.72913152058456, 43.072739433385564], [-70.72922438608038, 43.07272783939429], [-70.72933003054509, 43.072707083896724], [-70.72938954817548, 43.0726720513284], [-70.72944482961343, 43.07263852838436], [-70.72949379210468, 43.07260495366165], [-70.72952368024511, 43.07257894446401], [-70.72959744403752, 43.072569860549045], [-70.72956615527718, 43.07279769927897]]]}, "properties": {"id": 52, "Hectares": 0.16004927544, "Acres": 0.39548976208, "Year": "2016", "LABEL": "Portsmouth Harbor", "100 M2?": "y"}}, {"type": "Feature", "geometry": {"type": "Polygon", "coordinates": [[[-70.7302727126782, 43.07242827837644], [-70.73024429573654, 43.07244497603406], [-70.73022456898636, 43.07247966647256], [-70.73012430350082, 43.072562240884935], [-70.72997611031167, 43.072610447160294], [-70.7298764322998, 43.072654417373535], [-70.7297661285576, 43.07270447790703], [-70.72959637765894, 43.07278493856265], [-70.72956615527718, 43.07279769927897], [-70.72959744403752, 43.072569860549045], [-70.72960599043063, 43.07256880806861], [-70.7296165689569, 43.07256580599226], [-70.72974222824035, 43.0724757181895], [-70.72970274978124, 43.07243987485534], [-70.72967157889451, 43.07241182129137], [-70.72967818006809, 43.07239334312503], [-70.72968459303476, 43.07238721822998], [-70.72970170211457, 43.07237037045503], [-70.72968721687937, 43.0723532639794], [-70.72966622458657, 43.07234845903232], [-70.72965588136074, 43.072336019524066], [-70.72965824643293, 43.072319051022724], [-70.7296945002685, 43.072290005201054], [-70.72980293225797, 43.07222448589128], [-70.72989224285271, 43.07216962040443], [-70.72994333452365, 43.07213451856464], [-70.72995854884698, 43.07210375607471], [-70.73000299235319, 43.072090220710194], [-70.7300450944017, 43.072092109680185], [-70.73006612266872, 43.07210003417761], [-70.73008045319784, 43.0720994273849], [-70.73010207143338, 43.07210901417399], [-70.73012372810616, 43.07213588338193], [-70.7301405657755, 43.072189405103614], [-70.73021025647057, 43.07224983014468], [-70.73027380858318, 43.07227865986951], [-70.73029476353474, 43.072351627592155], [-70.73029542341585, 43.07238075149068], [-70.7302727126782, 43.07242827837644]]]}, "properties": {"id": 52, "Hectares": 0.24542321702, "Acres": 0.60645304042, "Year": "2016", "LABEL": "Lower Piscataqua River South", "100 M2?": "y"}}, {"type": "Feature", "geometry": {"type": "Polygon", "coordinates": [[[-70.72755618933189, 43.07299059974975], [-70.72754158665693, 43.072981213797895], [-70.72754591716912, 43.07297352758153], [-70.72756286194145, 43.07296748924024], [-70.72758827909377, 43.072958431723556], [-70.72765795224582, 43.072948193023365], [-70.72769591290881, 43.07294541581971], [-70.72772533046944, 43.07295029026103], [-70.72772923660803, 43.07297039888054], [-70.72772705957607, 43.07297501407131], [-70.72767629601888, 43.072988496687074], [-70.72762150844505, 43.07298959144692], [-70.72755618933189, 43.07299059974975]]]}, "properties": {"id": 53, "Hectares": 0.00548488158, "Acres": 0.01355341663, "Year": "2016", "LABEL": "Portsmouth Harbor", "100 M2?": "n"}}, {"type": "Feature", "geometry": {"type": "Polygon", "coordinates": [[[-70.72367102573655, 43.072983327943085], [-70.7236660562129, 43.0729603087022], [-70.72367237443981, 43.072944760601295], [-70.72369594627492, 43.072918700878965], [-70.72371048659289, 43.07291740135596], [-70.72371903535873, 43.072909440759986], [-70.72374952540481, 43.07290721116645], [-70.72377313424434, 43.072912367386216], [-70.72378991258998, 43.07292160205382], [-70.72379422117744, 43.07293486870609], [-70.72379001093485, 43.07295486669647], [-70.72379643329546, 43.07295968204498], [-70.72381534268729, 43.07296292655477], [-70.72384286667906, 43.072953887230334], [-70.72390179585159, 43.07295746145592], [-70.72394150792186, 43.07297786519687], [-70.72397513962098, 43.07300159872232], [-70.72398362430178, 43.073014989144006], [-70.72399125313216, 43.07303241787568], [-70.7240055730552, 43.073054863409084], [-70.72402105886455, 43.07307483770431], [-70.7240671125927, 43.07309997702731], [-70.72409067691848, 43.07314125090863], [-70.72406892746982, 43.07318585793778], [-70.72402658821461, 43.073199408326325], [-70.72393414716672, 43.073183203270496], [-70.72390925015932, 43.073158288532824], [-70.72388856579248, 43.07313340849749], [-70.72384899567537, 43.0731037398008], [-70.72377768892886, 43.073083075694726], [-70.72375279202527, 43.07305816092358], [-70.7237303092284, 43.07301318947371], [-70.72369892772356, 43.07299903171392], [-70.72367102573655, 43.072983327943085]]]}, "properties": {"id": 54, "Hectares": 0.05271950256, "Acres": 0.1302725268, "Year": "2016", "LABEL": "Portsmouth Harbor", "100 M2?": "y"}}, {"type": "Feature", "geometry": {"type": "Polygon", "coordinates": [[[-70.72312847337137, 43.07276582101183], [-70.72312996894846, 43.07277888915172], [-70.72312413941854, 43.072791245287355], [-70.72311046567677, 43.07280022895388], [-70.72309912374612, 43.07280427016511], [-70.72308229479387, 43.07279834276651], [-70.72306914117604, 43.072773425893814], [-70.72307626348295, 43.07275033011141], [-70.72309694015057, 43.07273128668625], [-70.72309638669806, 43.07272843640148], [-70.72309913749413, 43.07271891150789], [-70.7231084267996, 43.07271255576903], [-70.72313903093364, 43.07270288475646], [-70.7231707502217, 43.0726940498773], [-70.72318105307117, 43.07268421146303], [-70.72317097854665, 43.07267916671526], [-70.72312597879498, 43.07267135315124], [-70.72312374847, 43.07266968086697], [-70.72310916256176, 43.07266459891445], [-70.72310335748533, 43.072663444327254], [-70.72307879947537, 43.072658559915205], [-70.7230721719362, 43.07264940884796], [-70.7230779634047, 43.07263953324161], [-70.72309045852485, 43.07263384764759], [-70.72310557359259, 43.072621810393564], [-70.72310878974346, 43.07260653491991], [-70.7231175939569, 43.072581897895475], [-70.72312209082197, 43.072563402758895], [-70.72315598098159, 43.07255132738925], [-70.7231745822563, 43.07257464603208], [-70.72316156548371, 43.07259924832722], [-70.723169422111, 43.07263637753942], [-70.72317768145963, 43.07264725609872], [-70.72320061380086, 43.072662888690594], [-70.72323220820671, 43.07266314918086], [-70.7232469048885, 43.07266635905209], [-70.7232678020203, 43.072677341797075], [-70.72327170668291, 43.07269745055576], [-70.72328398915784, 43.072720717085815], [-70.72330500757323, 43.07274241307832], [-70.72332668408275, 43.072749913977184], [-70.72335460130643, 43.07276833695164], [-70.72335761564923, 43.07276942453762], [-70.72339481759369, 43.07277413867228], [-70.72344328612222, 43.07277299384965], [-70.7234811757984, 43.07277485051328], [-70.7235526715236, 43.07278316155176], [-70.72360066648875, 43.07281289978555], [-70.72362998893213, 43.07282395190086], [-70.72364023629987, 43.07284256856672], [-70.72364605797597, 43.07287504792087], [-70.72363917081108, 43.07291205559385], [-70.72360087850963, 43.072936449635925], [-70.72345791039164, 43.07291828341558], [-70.72340132442432, 43.072899284764226], [-70.7233426558761, 43.0728787245654], [-70.72332599494987, 43.07286623240587], [-70.72333262176005, 43.07284621046954], [-70.72333523846785, 43.07283818825367], [-70.72333775876163, 43.072836834700446], [-70.72335029194576, 43.07282866855133], [-70.7233528647057, 43.07280801608755], [-70.72334740300717, 43.072796393806435], [-70.72333395758277, 43.0727904943375], [-70.7233181803643, 43.07278953732529], [-70.72329673852998, 43.0727901875051], [-70.72328188622994, 43.07280246926361], [-70.72327346831534, 43.0728174080907], [-70.72325497290473, 43.072827038105316], [-70.72322120105115, 43.07283139272254], [-70.72320870538408, 43.07282202359006], [-70.72320499024194, 43.072789561581885], [-70.72315687704129, 43.072767543963856], [-70.72312847337137, 43.07276582101183]]]}, "properties": {"id": 55, "Hectares": 0.06576586833, "Acres": 0.16251074894, "Year": "2016", "LABEL": "Portsmouth Harbor", "100 M2?": "y"}}, {"type": "Feature", "geometry": {"type": "Polygon", "coordinates": [[[-70.7194492480467, 43.07334693276283], [-70.71941029112114, 43.07333611696609], [-70.71938775941655, 43.07333427655057], [-70.7193391341243, 43.07334214347317], [-70.71929272632659, 43.07335250957434], [-70.71928824680566, 43.07335353121511], [-70.7191579421931, 43.07335841932705], [-70.71888888121478, 43.07332067102916], [-70.71871048720857, 43.073277495835484], [-70.71857847989715, 43.07323161600194], [-70.71837055043164, 43.07319128426416], [-70.71807640554948, 43.07314097136977], [-70.71798815503527, 43.073126340600865], [-70.717993582441, 43.07304762369279], [-70.71804645439735, 43.07303416285483], [-70.71804901324286, 43.073004841397186], [-70.71808735539078, 43.0729773609274], [-70.71820130999475, 43.07296440635566], [-70.71826897356434, 43.072947979314065], [-70.71837017122878, 43.07294264059837], [-70.71837652445016, 43.07294269324852], [-70.71839203466799, 43.072948941577245], [-70.7184224484097, 43.07295167445218], [-70.71846867757152, 43.07295288447823], [-70.71850334060788, 43.0729511670337], [-70.71851316159417, 43.07295926900801], [-70.71851905198632, 43.072987116135174], [-70.71852314555987, 43.0729948718095], [-70.71854837357591, 43.07299816954449], [-70.71856333193816, 43.07298439432304], [-70.71857833790303, 43.07296753079179], [-70.71859518831374, 43.072967670402406], [-70.71860545797654, 43.072984743350546], [-70.71860488667984, 43.073021803043694], [-70.71858784581838, 43.0730340166653], [-70.71858557288293, 43.07304480829098], [-70.71858744114179, 43.07306026728094], [-70.7185957711426, 43.07306651370144], [-70.71861039625601, 43.073074356628155], [-70.7186440733333, 43.07307617999189], [-70.71865280799125, 43.0730561757923], [-70.71865742524692, 43.073029960076326], [-70.71869548152124, 43.073021009247384], [-70.71871218913903, 43.073030413764414], [-70.7187452711822, 43.07307084094626], [-70.71875331559616, 43.07309561720252], [-70.7187677503366, 43.07311581334072], [-70.71878649289924, 43.073129867756904], [-70.71879678644109, 43.07314539653423], [-70.71881988442804, 43.073150220916396], [-70.71883884119774, 43.073150377938674], [-70.71889202242487, 43.0731168427078], [-70.71892593749591, 43.07310322444897], [-70.71894494184286, 43.073100293145544], [-70.71898063007343, 43.07310831047125], [-70.71903527507382, 43.073116484775554], [-70.71914487439707, 43.07311275930308], [-70.71919437951807, 43.073118835914975], [-70.71922981296228, 43.07311630885628], [-70.71927044120766, 43.07311499134419], [-70.71934141963783, 43.07312054065619], [-70.719390739594, 43.07314079567391], [-70.71941088816268, 43.07315088582899], [-70.71942395918768, 43.073155619282176], [-70.71943893172732, 43.07316104133437], [-70.7194504311142, 43.073158615648694], [-70.7194790637125, 43.07316185657518], [-70.71952779418123, 43.07314372771812], [-70.71953200679714, 43.07314376258617], [-70.71959758769515, 43.07312577316965], [-70.7196781742519, 43.0730909200374], [-70.71977551605991, 43.07306238290192], [-70.71980323086503, 43.07304099132022], [-70.71986469405799, 43.07301679027278], [-70.71997548847166, 43.072982253064865], [-70.71997637366344, 43.0729810797953], [-70.71998907277622, 43.07296216507912], [-70.72001442006906, 43.07292764300832], [-70.7200883285538, 43.072889387914095], [-70.72011454909317, 43.07287141198119], [-70.72015095844529, 43.072851039480085], [-70.72020104194286, 43.072821683654055], [-70.72023185016351, 43.07279878395826], [-70.72025645215554, 43.07278771006232], [-70.72025803245067, 43.0727832885163], [-70.72026841211935, 43.07276848931924], [-70.72028880246039, 43.07276286932956], [-70.72033373828414, 43.07277481821469], [-70.7203933743298, 43.07278440780601], [-70.72042212077986, 43.072780639442534], [-70.72044084576103, 43.07277818478624], [-70.72044523393122, 43.07277654908796], [-70.72049076369241, 43.072759577773], [-70.7205090891218, 43.0727415364669], [-70.72054548554777, 43.07272199067953], [-70.72059162875388, 43.072713572194935], [-70.72062816549537, 43.072684891870516], [-70.72067275392449, 43.07266209522549], [-70.7207029596694, 43.07265303824283], [-70.72070679728375, 43.07264807215215], [-70.72074209118054, 43.07262686329366], [-70.72075458650956, 43.07262117795672], [-70.72078828251324, 43.072601059634124], [-70.72078981118842, 43.0725843009699], [-70.7207755421453, 43.07255329599502], [-70.7207799922128, 43.072537889267004], [-70.72079564026681, 43.072532314119556], [-70.72081326385401, 43.07254641082067], [-70.7208278937354, 43.072550841895286], [-70.72083305641691, 43.07257965229695], [-70.720836753971, 43.072632607460974], [-70.72087710213059, 43.07264947989433], [-70.72100813577279, 43.07263733169734], [-70.721038171731, 43.07259127088793], [-70.72100063866381, 43.07253803611181], [-70.72095162379244, 43.072497937581495], [-70.72094774336315, 43.07248819749895], [-70.72095418462672, 43.072478112019795], [-70.72100191004391, 43.072455351927225], [-70.72101477313551, 43.07245277220627], [-70.72102439062697, 43.07246049939002], [-70.7210528246358, 43.0725186206487], [-70.7210887122536, 43.07253214835928], [-70.7211430521868, 43.07251936622933], [-70.72115253256597, 43.072489674475776], [-70.72114166090836, 43.07246312234285], [-70.72114360044834, 43.07243899009933], [-70.72114818718629, 43.07243964071789], [-70.72115103958495, 43.072440045324164], [-70.72120710124719, 43.07246200916076], [-70.72126797937, 43.072464166036696], [-70.72132262423413, 43.0724315396142], [-70.72132285300418, 43.072416656459396], [-70.7213346852035, 43.07240728345269], [-70.7213662447947, 43.0723822831555], [-70.72140443892194, 43.07239252203364], [-70.72145865405986, 43.072422118667006], [-70.7215399170959, 43.07243606377778], [-70.72154275131484, 43.072437885767236], [-70.72152971530208, 43.07246136647859], [-70.7215292959813, 43.072488652263765], [-70.72156090102528, 43.0724872594095], [-70.72157681790131, 43.07247912140121], [-70.72159028849771, 43.072483367390724], [-70.72160242796055, 43.072500833535734], [-70.72160885197366, 43.072523214157926], [-70.72161997795403, 43.07253322940847], [-70.72165710789832, 43.07253932467871], [-70.72167626855769, 43.072540309861374], [-70.72170204383484, 43.072551273027926], [-70.72173144403365, 43.072546554131144], [-70.72173396650726, 43.07252920907586], [-70.72172952607787, 43.07252036562158], [-70.72174794109559, 43.07247021313523], [-70.72179461152223, 43.07244897759519], [-70.7218493986688, 43.07244788562168], [-70.72191474096199, 43.07244533641642], [-70.72195861879385, 43.07245834331828], [-70.72200897262456, 43.07247028561183], [-70.72202459733724, 43.07248116490872], [-70.7220322382465, 43.07249776692464], [-70.72203021703075, 43.07250251144877], [-70.72204114670252, 43.07250528298751], [-70.7220558975777, 43.07249961612787], [-70.72208100223698, 43.07248080358369], [-70.7220863910411, 43.0724748076673], [-70.722129416085, 43.07245791907439], [-70.72223257667821, 43.07246185925111], [-70.72238548206589, 43.072518717789706], [-70.72247496196505, 43.07259049631176], [-70.7225652717238, 43.07260822931383], [-70.72259890127697, 43.072613139823936], [-70.72263711837081, 43.0726384922556], [-70.72264678312041, 43.07265830446942], [-70.72266562654804, 43.07267996054227], [-70.72269932238213, 43.072689334931795], [-70.72271293356265, 43.072680974795254], [-70.72271526454476, 43.072679543080056], [-70.722754942265, 43.07266663923204], [-70.72277870320532, 43.07266187354863], [-70.72280716934468, 43.072670938225585], [-70.72288218433003, 43.07268497243009], [-70.7229098741997, 43.072665124238554], [-70.72293749296658, 43.072649908507806], [-70.7229629343443, 43.07263930786735], [-70.72298617464597, 43.07263486647464], [-70.72304673590382, 43.07266934162653], [-70.72305908936363, 43.07268797571214], [-70.72304933742178, 43.07277437896854], [-70.72304271052782, 43.07279440088793], [-70.7230530761731, 43.07280529682516], [-70.72307378378294, 43.07282863285276], [-70.72305167833022, 43.072896402023524], [-70.72302820100484, 43.07291628498722], [-70.7229731054259, 43.07293745154735], [-70.72290979785798, 43.072944651191456], [-70.72270974646595, 43.07293991238866], [-70.72254211932957, 43.07288138847056], [-70.72239964955688, 43.07283079366341], [-70.72226079981343, 43.07281883733715], [-70.72202266950677, 43.072824593513765], [-70.72175483746092, 43.07284400309457], [-70.72157717274057, 43.07289041076031], [-70.72152221908217, 43.07290231168609], [-70.72121571350553, 43.07297081980638], [-70.72095798470927, 43.07301810931703], [-70.72077430873118, 43.073044389487634], [-70.72060982689351, 43.07305538454292], [-70.72051667432815, 43.073085501378465], [-70.72046780164582, 43.07311289558817], [-70.72036567721265, 43.073178458188444], [-70.72026376642539, 43.07323012330374], [-70.72016642456971, 43.073258660853384], [-70.72001204578693, 43.073297536934156], [-70.71981128034027, 43.07333911768662], [-70.71961979593114, 43.07332517826149], [-70.7194847540031, 43.073339504048555], [-70.71945095783708, 43.073345401701566], [-70.7194492480467, 43.07334693276283]]]}, "properties": {"id": 56, "Hectares": 1.45206034738, "Acres": 3.58811372139, "Year": "2016", "LABEL": "Portsmouth Harbor", "100 M2?": "y"}}, {"type": "Feature", "geometry": {"type": "Polygon", "coordinates": [[[-70.7169269066008, 43.07323259151731], [-70.71691242474888, 43.073215483458924], [-70.71691149082811, 43.073207753952474], [-70.71691269898587, 43.07319772569864], [-70.71691914906633, 43.07318928530317], [-70.71693295929862, 43.073181678170535], [-70.7169624833742, 43.07317960668278], [-70.71699010382048, 43.073164392405154], [-70.71701219620103, 43.0731661201043], [-70.71702263236135, 43.07317238411817], [-70.71702782659854, 43.0731770602779], [-70.71702970639066, 43.073191747212675], [-70.7170368877204, 43.073204161617646], [-70.71703556036468, 43.07322191063857], [-70.7170195842163, 43.07323336068613], [-70.71700263836266, 43.07323939745524], [-70.71697634525947, 43.07323686271545], [-70.71696793194384, 43.073236020714376], [-70.7169269066008, 43.07323259151731]]]}, "properties": {"id": 57, "Hectares": 0.00633255835, "Acres": 0.01564806831, "Year": "2016", "LABEL": "Portsmouth Harbor", "100 M2?": "n"}}, {"type": "Feature", "geometry": {"type": "Polygon", "coordinates": [[[-70.71574903413094, 43.07345600632899], [-70.71570094701548, 43.0734324414464], [-70.71570104252467, 43.07342626483654], [-70.71570535066398, 43.073420123235756], [-70.71571387143216, 43.073414016643575], [-70.71573067419813, 43.073417244982075], [-70.71575159409207, 43.07342668493548], [-70.71576416035695, 43.07343142241421], [-70.71579135145835, 43.07344400317552], [-70.71582045789276, 43.07346895465295], [-70.7158831221974, 43.073503451063296], [-70.7159166323107, 43.073516084298845], [-70.71592680582762, 43.073539334089695], [-70.71589107001772, 43.07353440411857], [-70.71584286341698, 43.07351856005741], [-70.71581988490831, 43.07350601431301], [-70.7157845072557, 43.073477922021425], [-70.71574903413094, 43.07345600632899]]]}, "properties": {"id": 58, "Hectares": 0.00627957788, "Acres": 0.01551715092, "Year": "2016", "LABEL": "Portsmouth Harbor", "100 M2?": "n"}}, {"type": "Feature", "geometry": {"type": "Polygon", "coordinates": [[[-70.71556221676614, 43.073412756230105], [-70.71555357657833, 43.07342658357285], [-70.7155218624415, 43.07343404172089], [-70.71540577624789, 43.07344852025173], [-70.71532793810881, 43.07344169574494], [-70.71530067544315, 43.073433747331265], [-70.71530084265454, 43.07342293826526], [-70.71532006224433, 43.073406110195975], [-70.71537307838653, 43.073383385688786], [-70.7154173109729, 43.07338375340304], [-70.71544251508566, 43.073388595974876], [-70.71546769531936, 43.07339498269358], [-70.71551184237815, 43.07337995249382], [-70.71561536667599, 43.0733799091224], [-70.71562581215493, 43.07338703083533], [-70.715604366941, 43.07341156221268], [-70.71556221676614, 43.073412756230105]]]}, "properties": {"id": 59, "Hectares": 0.01360913046, "Acres": 0.03362884182, "Year": "2016", "LABEL": "Portsmouth Harbor", "100 M2?": "y"}}, {"type": "Feature", "geometry": {"type": "Polygon", "coordinates": [[[-70.71381887943433, 43.07229582403323], [-70.71380011602032, 43.07228397055573], [-70.71376433267817, 43.07226382585411], [-70.71372607589035, 43.07225771863911], [-70.71369001072458, 43.07225576439749], [-70.7136774738489, 43.07225604281673], [-70.71366292982103, 43.07225636580912], [-70.71364710166343, 43.07225871482659], [-70.71361893135996, 43.0722568263143], [-70.71358551908769, 43.072229258783196], [-70.71358011054656, 43.0722143286924], [-70.71358599318206, 43.072198665699126], [-70.71359757905934, 43.07217891547313], [-70.71361930263429, 43.072160076626986], [-70.71366672296897, 43.072157163779444], [-70.7136834867546, 43.07216722675386], [-70.71368771144131, 43.0721750501315], [-70.7137022872412, 43.07217724456859], [-70.71374479547309, 43.07215288894937], [-70.71375164535652, 43.07215334815323], [-70.71375368159026, 43.07215044544085], [-70.71376058952245, 43.07214140655131], [-70.71377980115082, 43.07213908569328], [-70.7137932967396, 43.07214167891477], [-70.71379884624176, 43.072147513754246], [-70.71379822855025, 43.072158137984815], [-70.71380556630815, 43.07217347157374], [-70.71381059770128, 43.07218010031649], [-70.7138139569902, 43.07219146776503], [-70.71382508162861, 43.0722014837614], [-70.71384420360438, 43.07220495077393], [-70.71385899357261, 43.07219680445671], [-70.71386273575055, 43.07217368110472], [-70.71386069784315, 43.07215960603959], [-70.7138633634213, 43.07213316593564], [-70.7138647858764, 43.07211415800225], [-70.71389006485181, 43.07208820125211], [-70.71394366995918, 43.07209740392994], [-70.71393694450494, 43.0721236019048], [-70.71394517822102, 43.07213602526726], [-70.71401470905147, 43.07213505979816], [-70.71401475688857, 43.07213197149403], [-70.71404431642118, 43.07212758452687], [-70.71406339243605, 43.07212002157681], [-70.71410996952807, 43.07210496580107], [-70.71415408160367, 43.07211305475549], [-70.71416872983062, 43.07211935409151], [-70.71421269844319, 43.07213670793632], [-70.71424805069576, 43.07216634485833], [-70.71425417820898, 43.072178750668186], [-70.71426861125194, 43.07219894736099], [-70.7142706218756, 43.072205141500156], [-70.71430630895348, 43.07221316027424], [-70.71435685950335, 43.072213580979835], [-70.71439455723471, 43.07222779386424], [-70.71440475387818, 43.07224949963588], [-70.71441923480414, 43.07226660800568], [-70.71442957491212, 43.07227904886187], [-70.71446698581258, 43.07231179154932], [-70.71448749871907, 43.07234748231781], [-70.71448682932626, 43.07239071857965], [-70.7144842210005, 43.07242312824917], [-70.71437787887686, 43.072488650409646], [-70.71438201971272, 43.072493317923225], [-70.71440064152723, 43.07251509380857], [-70.71446854465017, 43.07248322749652], [-70.71447692196466, 43.07248638590843], [-70.71449987591062, 43.07250047607065], [-70.71451438082744, 43.0725160402763], [-70.71452256689977, 43.07253155190235], [-70.71453060954049, 43.072556328440875], [-70.71453678496006, 43.072565645931306], [-70.71455361133555, 43.07256733028815], [-70.71459150056445, 43.07256918989179], [-70.71459975837588, 43.07258006905583], [-70.71463532619846, 43.07259580849029], [-70.71467723680195, 43.07261005633128], [-70.71470009523316, 43.07263032306283], [-70.71471247004172, 43.07264741387325], [-70.71473733918361, 43.07267387472893], [-70.71475409389336, 43.07268019151333], [-70.71478571213056, 43.07267891018333], [-70.71479217439487, 43.072669697833156], [-70.71481965174485, 43.072663748994685], [-70.71484473602332, 43.07267631245694], [-70.71485275491418, 43.072702633125914], [-70.71485656122991, 43.07272891875453], [-70.71488346506673, 43.07276002955571], [-70.71491020165426, 43.07280194941662], [-70.71487537777648, 43.07287424426464], [-70.71483708207458, 43.07289863534106], [-70.71480910273645, 43.07293701137876], [-70.71481894115423, 43.07298187939623], [-70.71488512397144, 43.07306119180084], [-70.71489749891636, 43.07307828259129], [-70.71490743300737, 43.07311697399213], [-70.71493012442585, 43.073148049743814], [-70.71495434867325, 43.073216202661975], [-70.71495786831072, 43.07326101811177], [-70.7150030601676, 43.07333552280809], [-70.71500456911157, 43.07337414412982], [-70.71496658378948, 43.073378461266984], [-70.7149248159769, 43.07335494861541], [-70.71489379483138, 43.07331762617719], [-70.71488596702852, 43.07327895229585], [-70.71485508933455, 43.07323236493438], [-70.71480458259649, 43.07309295322771], [-70.71474335338209, 43.07296580710507], [-70.71468863451815, 43.072826360301185], [-70.7146202502969, 43.07275320686895], [-70.71454133479243, 43.07267996576852], [-70.71438927327911, 43.07256905149108], [-70.7143460694468, 43.072502284844724], [-70.71421607776078, 43.072462594156754], [-70.71407787637983, 43.07240893581808], [-70.71387493085105, 43.07231921816457], [-70.7138498947645, 43.07230356618833], [-70.71381887943433, 43.07229582403323]]]}, "properties": {"id": 60, "Hectares": 0.28885323174, "Acres": 0.71377077829, "Year": "2016", "LABEL": "Portsmouth Harbor", "100 M2?": "y"}}, {"type": "Feature", "geometry": {"type": "Polygon", "coordinates": [[[-70.71341815379306, 43.07208605080936], [-70.71342141111266, 43.072086877078306], [-70.71343371365741, 43.0721086004796], [-70.71344180367169, 43.07213028878815], [-70.71345185636562, 43.072161259552495], [-70.71347682049576, 43.0721815440701], [-70.71349113362355, 43.072209461617554], [-70.71347177032503, 43.07223555429265], [-70.71341040119891, 43.07225357528572], [-70.71339781142487, 43.07225038170331], [-70.71334132500692, 43.072225201503386], [-70.71330999421595, 43.07220795261564], [-70.71325769647821, 43.072184351622965], [-70.71320941981136, 43.07217313892034], [-70.71316741409407, 43.072165067153435], [-70.71312167466724, 43.07212607723483], [-70.71311377629593, 43.072092035691405], [-70.71311616985678, 43.07207352342311], [-70.71314185205236, 43.07204748346232], [-70.71314639974918, 43.072025900440984], [-70.71314893693834, 43.071998123261444], [-70.71318275687224, 43.07199068331542], [-70.71320796023132, 43.07199552637349], [-70.71321605015153, 43.07201721469752], [-70.71323053069058, 43.07203432321476], [-70.71329582494076, 43.07203486723394], [-70.71331887418899, 43.07204278102291], [-70.71333167728889, 43.07205460536926], [-70.71334007372425, 43.07205438231754], [-70.71336140002721, 43.072061175562695], [-70.71338272633494, 43.07206796880393], [-70.7134107683872, 43.072078125774404], [-70.71341815379306, 43.07208605080936]]]}, "properties": {"id": 61, "Hectares": 0.04860424973, "Acres": 0.1201035313, "Year": "2016", "LABEL": "Portsmouth Harbor", "100 M2?": "y"}}, {"type": "Feature", "geometry": {"type": "Polygon", "coordinates": [[[-70.7126004851231, 43.07189180314113], [-70.7125859390904, 43.07188409239298], [-70.71257675037808, 43.07187334671954], [-70.71257170135887, 43.07186377867516], [-70.71257337268734, 43.07185655289105], [-70.71257772514663, 43.07184401493158], [-70.7125788827067, 43.0718364038258], [-70.71257610240941, 43.07182894986548], [-70.71257891739135, 43.07182145504988], [-70.71259956462394, 43.071799299634634], [-70.7126348479539, 43.07177892013572], [-70.71267132728988, 43.071785021746145], [-70.71267620256077, 43.07178260696492], [-70.71268343954993, 43.07178453192884], [-70.71268800297328, 43.07179308647887], [-70.7126947988748, 43.07180334085147], [-70.71271865266111, 43.07180281130424], [-70.71274149041732, 43.07180373009869], [-70.71274831488155, 43.07180475137474], [-70.71276726330137, 43.07180758698953], [-70.71280285760461, 43.07181880982787], [-70.71282232891649, 43.07183179215614], [-70.7128294093252, 43.071836512955045], [-70.71284120632974, 43.07184462378101], [-70.71285806088697, 43.07184694949576], [-70.7128849175922, 43.071844988127594], [-70.71289910808414, 43.07182689619803], [-70.71289945954226, 43.07182505282579], [-70.7129073161527, 43.07182159794008], [-70.712935200368, 43.0717893989732], [-70.71297325667041, 43.07178045004612], [-70.71303251918918, 43.07176241172959], [-70.71305561618576, 43.071767237267224], [-70.71307213105385, 43.07178899581216], [-70.71306332294901, 43.07181363202965], [-70.71306526161261, 43.07182445864427], [-70.71308199197468, 43.07183231982229], [-70.71310753043574, 43.07181554477771], [-70.7131321812191, 43.07180060211659], [-70.71313864102859, 43.07180544686422], [-70.71313957656962, 43.071817858863206], [-70.71313261730688, 43.07183020507545], [-70.71312454303134, 43.071841715048954], [-70.71313010526224, 43.07184672308025], [-70.71314690733226, 43.07185430561201], [-70.71314776596095, 43.07187167865118], [-70.71316342499462, 43.071883422641335], [-70.7131653565736, 43.071890155497115], [-70.71315240778688, 43.07191012416443], [-70.71312505032427, 43.07190835184639], [-70.71311250851798, 43.071902069929784], [-70.71309166137677, 43.07188799704509], [-70.71307265714377, 43.071890927377886], [-70.71304304977485, 43.071898402398006], [-70.71302586447966, 43.07191988009614], [-70.71301713741492, 43.07193232057017], [-70.71302044009761, 43.071952928538536], [-70.71302628051065, 43.07195611757381], [-70.71303807120664, 43.07196255563463], [-70.71304719678558, 43.0719699478293], [-70.71305444233401, 43.07197880360283], [-70.71304802777097, 43.071984927550844], [-70.7130097798026, 43.07200622971452], [-70.7129590139384, 43.07201970578007], [-70.71291887516557, 43.07202709299368], [-70.71286832479011, 43.07202667165434], [-70.7128035334828, 43.0719937002088], [-70.71276394555542, 43.0719655718825], [-70.71272438161505, 43.07193589939117], [-70.7127248366795, 43.07190656051194], [-70.71271421467927, 43.071898024482685], [-70.71271444846334, 43.071882952120006], [-70.71270464427, 43.07186054282055], [-70.71269682641396, 43.07185551596407], [-70.71266848959638, 43.07186437613897], [-70.712654693998, 43.07187955539654], [-70.71265357129651, 43.071880790701385], [-70.71262856664708, 43.07189298643448], [-70.7126163707353, 43.07189092375038], [-70.7126004851231, 43.07189180314113]]]}, "properties": {"id": 62, "Hectares": 0.07564002797, "Acres": 0.18691029112, "Year": "2016", "LABEL": "Portsmouth Harbor", "100 M2?": "y"}}, {"type": "Feature", "geometry": {"type": "Polygon", "coordinates": [[[-70.71215057105115, 43.07162372576297], [-70.71217501188232, 43.07163634715906], [-70.71218499196773, 43.07167195048455], [-70.71213154478204, 43.07172246824809], [-70.7120976769419, 43.071732996186576], [-70.71199394312768, 43.07176610652009], [-70.71193506383767, 43.071759437876175], [-70.7118738865295, 43.07176510483722], [-70.71179774965204, 43.071784546095614], [-70.7116960738985, 43.07182076203455], [-70.71158372285521, 43.07186615488921], [-70.71151596284147, 43.071888754578886], [-70.71147568009751, 43.07190540619149], [-70.71138915552399, 43.07191549435912], [-70.7112843701929, 43.07188064381804], [-70.71125548224799, 43.071841793846644], [-70.71122429617569, 43.07181527948877], [-70.71118880166051, 43.07179490655192], [-70.71111989496524, 43.071755722384914], [-70.71105759502895, 43.07169806113552], [-70.71103933454299, 43.071653122453995], [-70.71102772873697, 43.071586618427645], [-70.71102598238431, 43.071563438574614], [-70.71103682553424, 43.07154345256286], [-70.71107495392435, 43.07152987181528], [-70.7111109520598, 43.071517817617305], [-70.71112189113651, 43.07149165499326], [-70.71112024071303, 43.07146229853721], [-70.71115018395433, 43.07143320590087], [-70.71122627261599, 43.07141685337197], [-70.71128541534648, 43.07140653671582], [-70.71134237985949, 43.07140083489794], [-70.71137385358733, 43.071408819411204], [-70.7113862512093, 43.07142436642268], [-70.71140678601469, 43.071458513577916], [-70.71144656485053, 43.0714742891585], [-70.7114655690271, 43.071471359095085], [-70.71147971320623, 43.07151008594485], [-70.71148145972886, 43.07153326579279], [-70.7115086251227, 43.07154739171062], [-70.71153210559989, 43.07152751113645], [-70.71153464349297, 43.07149973399711], [-70.71156887098849, 43.071466043957464], [-70.71161341386457, 43.07144633916389], [-70.71164687401026, 43.07146206193759], [-70.71168442678282, 43.07148554061339], [-70.71170769139665, 43.07147955736298], [-70.71174158313622, 43.07146748538755], [-70.71179670513224, 43.07144478010325], [-70.71180522600619, 43.07143867380114], [-70.71183890195118, 43.07144049915778], [-70.71187904046288, 43.071433112319845], [-70.71188765721254, 43.07142082940631], [-70.71192571343215, 43.071411880826346], [-70.711968813884, 43.07143041710793], [-70.71196094431193, 43.071449239200746], [-70.71196910563042, 43.07146629515612], [-70.71199569070477, 43.07148250268558], [-70.71200249397408, 43.07148665028072], [-70.71201711785952, 43.071494494040664], [-70.7120250634876, 43.07152544735412], [-70.71203327276928, 43.0715394150023], [-70.71205629769874, 43.07154887319429], [-70.71208573724861, 43.07155220748804], [-70.7120918642646, 43.07156461341024], [-70.7121001214989, 43.07157549275104], [-70.71211888602083, 43.071588004092696], [-70.71213142766021, 43.07159428611696], [-70.71214183908647, 43.071602094721754], [-70.71215002443981, 43.071617606513115], [-70.71215057105115, 43.07162372576297]]]}, "properties": {"id": 63, "Hectares": 0.34654882721, "Acres": 0.85633947948, "Year": "2016", "LABEL": "Portsmouth Harbor", "100 M2?": "y"}}, {"type": "Feature", "geometry": {"type": "Polygon", "coordinates": [[[-70.70998470481186, 43.072011865700254], [-70.70996103149052, 43.07204409915075], [-70.70990392213473, 43.072059065174756], [-70.70982357176128, 43.07207846988729], [-70.70971380569172, 43.07209299549531], [-70.70957670616916, 43.072104203681185], [-70.70948998877248, 43.07212664360704], [-70.70938831112737, 43.07216285747468], [-70.70932287259753, 43.07217157612438], [-70.70930851330634, 43.07214674637348], [-70.70935944829482, 43.07212246288676], [-70.70941047937976, 43.07209200277688], [-70.70947206577043, 43.07206008658801], [-70.70951402284403, 43.072071248006424], [-70.70954387101644, 43.0720483324039], [-70.70961804681703, 43.07201961013935], [-70.70968575959893, 43.072000099882494], [-70.70978312818107, 43.071970027120074], [-70.70980162807764, 43.071999524489705], [-70.70978444163022, 43.072021001689485], [-70.7097926504643, 43.07203496949298], [-70.7098305872404, 43.07203374236836], [-70.70985818487786, 43.072020073971494], [-70.70989842008171, 43.07200651123407], [-70.70991342815894, 43.071989648856835], [-70.70994942678627, 43.07197759503], [-70.70997036930808, 43.07198549187924], [-70.70998470481186, 43.072011865700254]]]}, "properties": {"id": 64, "Hectares": 0.04108436669, "Acres": 0.10152152431, "Year": "2016", "LABEL": "Portsmouth Harbor", "100 M2?": "y"}}, {"type": "Feature", "geometry": {"type": "Polygon", "coordinates": [[[-70.70850126246818, 43.07170672273274], [-70.70847228547524, 43.07173667149175], [-70.70843389175516, 43.07176723701094], [-70.7084038267805, 43.071804049668984], [-70.70831115155114, 43.071803273543324], [-70.7082904258672, 43.07178147904662], [-70.70825333142606, 43.071728660427], [-70.70822020891316, 43.07169131857468], [-70.7082126983334, 43.07163257032369], [-70.7082304146075, 43.071577122071574], [-70.70829417951016, 43.07154059170732], [-70.70837407250784, 43.07155052690878], [-70.70840312689877, 43.071578568542996], [-70.70843337544706, 43.07159603381853], [-70.7084447631239, 43.07161242488735], [-70.70845923160084, 43.07162495024673], [-70.70847298697537, 43.07162747335081], [-70.7084828514934, 43.07162928276646], [-70.7085199151093, 43.07163951647773], [-70.70853991968238, 43.07165870375652], [-70.7085430068951, 43.071677749382964], [-70.70851216918457, 43.07170229957749], [-70.70850126246818, 43.07170672273274]]]}, "properties": {"id": 65, "Hectares": 0.0510831519, "Acres": 0.1262290225, "Year": "2016", "LABEL": "Portsmouth Harbor", "100 M2?": "y"}}, {"type": "Feature", "geometry": {"type": "Polygon", "coordinates": [[[-70.70817302795284, 43.07147471422164], [-70.70810141566356, 43.071474114354], [-70.70808485451579, 43.0714554434073], [-70.7080768627501, 43.071427578138184], [-70.70808605785587, 43.07137823592812], [-70.70813694454448, 43.07135704128012], [-70.70822947471794, 43.07136708243843], [-70.70830108688527, 43.07136768222477], [-70.70834708732845, 43.07138968839389], [-70.70834675048532, 43.07141130648979], [-70.70829567132978, 43.07144485442855], [-70.70823224341258, 43.07145976670029], [-70.70817302795284, 43.07147471422164]]]}, "properties": {"id": 66, "Hectares": 0.02163930646, "Acres": 0.05347180823, "Year": "2016", "LABEL": "Portsmouth Harbor", "100 M2?": "y"}}, {"type": "Feature", "geometry": {"type": "Polygon", "coordinates": [[[-70.70812899776772, 43.07108148628953], [-70.70812115973996, 43.07109783449383], [-70.70811972265369, 43.071117669181284], [-70.70812701154075, 43.071140131775806], [-70.70810988576604, 43.071167202037024], [-70.70807020855865, 43.07118258320782], [-70.70806517725178, 43.0711849818655], [-70.70803432817316, 43.071183214319845], [-70.70800512972401, 43.071164437491184], [-70.70799268487673, 43.07115197842061], [-70.70799331066769, 43.07111183053051], [-70.70802758800046, 43.071075053265226], [-70.70806152835276, 43.071059894084456], [-70.70811629032201, 43.07106035282637], [-70.70812899776772, 43.07108148628953]]]}, "properties": {"id": 67, "Hectares": 0.01209626623, "Acres": 0.02989047867, "Year": "2016", "LABEL": "Portsmouth Harbor", "100 M2?": "y"}}, {"type": "Feature", "geometry": {"type": "Polygon", "coordinates": [[[-70.70985301672735, 43.07035248625279], [-70.70982443395134, 43.0703982228894], [-70.70981254626547, 43.07041059512963], [-70.70980457836663, 43.07041315346822], [-70.70977613890331, 43.070428627647075], [-70.70975442764927, 43.070446638924345], [-70.70974208279155, 43.0704591934751], [-70.70973265206064, 43.07046878439451], [-70.70971441424221, 43.07048103608196], [-70.70967485107123, 43.07048649384541], [-70.70966160193124, 43.070482940441686], [-70.70965790828983, 43.070488006043256], [-70.70964647586933, 43.07049783379413], [-70.70960788609274, 43.070513223039335], [-70.70957182210302, 43.07051126751018], [-70.70955397024422, 43.07049871398995], [-70.70956216080275, 43.07047976271592], [-70.70957706670755, 43.07046417539663], [-70.70959695891709, 43.070455524743366], [-70.70960318630082, 43.07045281659968], [-70.70962491046664, 43.07043397851216], [-70.7096286927122, 43.07040837478762], [-70.70962104936305, 43.07039421824933], [-70.70963090309571, 43.07038116093759], [-70.70963410402548, 43.070372567659156], [-70.70961475177903, 43.07036194915777], [-70.70959809208561, 43.07034527087986], [-70.70960292494019, 43.07032463762506], [-70.7096404511264, 43.070305104750446], [-70.70966082871885, 43.0703003134932], [-70.70966731047928, 43.07029761363121], [-70.70968643044121, 43.070273345356085], [-70.70970361147918, 43.07027047381965], [-70.70977550738453, 43.07026691693714], [-70.70981133675467, 43.07027276070251], [-70.70985064489605, 43.070298038092375], [-70.7098502999505, 43.07032021183382], [-70.70985301672735, 43.07035248625279]]]}, "properties": {"id": 68, "Hectares": 0.03892517541, "Acres": 0.0961860547, "Year": "2016", "LABEL": "Portsmouth Harbor", "100 M2?": "y"}}, {"type": "Feature", "geometry": {"type": "Polygon", "coordinates": [[[-70.71110244965071, 43.06975739779448], [-70.71105967908512, 43.06977620555898], [-70.71096076444428, 43.0698026617902], [-70.71090582291184, 43.06981664648856], [-70.71086466179474, 43.069789020375595], [-70.71083225544808, 43.069761467376765], [-70.71078840696875, 43.069765915627194], [-70.71069421876062, 43.06976994332269], [-70.71052971827858, 43.06979103671794], [-70.71031224015194, 43.069840574278956], [-70.71008177929318, 43.06988037384512], [-70.70995304610754, 43.069853620147946], [-70.70992715627553, 43.06982933105972], [-70.70995173100059, 43.06979743968681], [-70.71006412754039, 43.06974862924763], [-70.71017197186681, 43.06971101453998], [-70.71021380633341, 43.06969531579836], [-70.71026200720974, 43.06969250898742], [-70.71032110158514, 43.06969300288277], [-70.71037171567092, 43.06967577261651], [-70.71042059009538, 43.069629640635036], [-70.71045590830293, 43.06961067766659], [-70.71051570104858, 43.06956624172206], [-70.71055120515909, 43.06953812265463], [-70.7105578097073, 43.06953289188334], [-70.7105711163585, 43.069521769171175], [-70.71059335229863, 43.06949948716892], [-70.71062217918353, 43.06947565538674], [-70.71062518802809, 43.06944661745069], [-70.71069151833433, 43.069364576989685], [-70.71079477437996, 43.069226447903326], [-70.7108470980989, 43.06911260293033], [-70.71092086712564, 43.068974227418266], [-70.71095169696022, 43.068888001203376], [-70.7109443760055, 43.068816899868864], [-70.71091613750637, 43.06873635771423], [-70.71090024804745, 43.06867445092045], [-70.71093423435758, 43.06865620255855], [-70.71100560351374, 43.06867224213883], [-70.71108879397875, 43.06874088835993], [-70.71120630674295, 43.06876966795541], [-70.71126092281443, 43.06877939008351], [-70.71134856584948, 43.0688326297708], [-70.71148244294818, 43.06884779395883], [-70.71150637566296, 43.068839524189954], [-70.71155559249547, 43.06879420479041], [-70.71166932482144, 43.06879515402044], [-70.71170423186805, 43.06878327013468], [-70.71170566087297, 43.06878340967543], [-70.71180182962414, 43.068764365463096], [-70.71188675909919, 43.06874274655041], [-70.7119309410981, 43.068717696736044], [-70.71198237780762, 43.068711282519125], [-70.71203713774871, 43.06871173936499], [-70.71208031689346, 43.0687353182171], [-70.71208077441088, 43.06874188436466], [-70.7120851058519, 43.068753497759964], [-70.71210191276087, 43.06876809811705], [-70.71207337096658, 43.068820146274554], [-70.71200128235955, 43.06885043191789], [-70.71195143467065, 43.06886560477854], [-70.71192652304737, 43.06886960125975], [-70.71189482985092, 43.06887677935078], [-70.71187652876054, 43.0688931655958], [-70.71186031635477, 43.06892031958037], [-70.71183408230608, 43.06893912046728], [-70.71181142396416, 43.068969975164435], [-70.71177998874941, 43.068993754584916], [-70.71175801618013, 43.06905225660158], [-70.71179946823774, 43.06909584436161], [-70.71184679891375, 43.06911276779586], [-70.711941012421, 43.06909878654113], [-70.71200434769317, 43.06908773768797], [-70.71202469903805, 43.06908459968348], [-70.71205098828786, 43.06910431754621], [-70.71205002170603, 43.069114898223134], [-70.71200368036504, 43.069130733377314], [-70.71200353593207, 43.069140039123816], [-70.71205972199016, 43.06915670113828], [-70.71212673591506, 43.069181969797725], [-70.71216014704777, 43.06920078072096], [-70.71220499713748, 43.06929690464183], [-70.71219005222362, 43.069326516150284], [-70.71219455337972, 43.06933244685604], [-70.7122101113923, 43.06934746167577], [-70.71220513835594, 43.06937719029538], [-70.7121866832252, 43.069403498670155], [-70.71213502745887, 43.069427740063155], [-70.71212966906394, 43.06944392120417], [-70.71213183100453, 43.06944935016867], [-70.71213605984974, 43.06946757828246], [-70.71212903650239, 43.0694840586401], [-70.71208789725802, 43.06951844724452], [-70.71201894732336, 43.06952890401284], [-70.71200734675185, 43.06954544086607], [-70.71195651081253, 43.06956354896546], [-70.71187628418582, 43.06957523440625], [-70.71180491374929, 43.06955919535933], [-70.71176383597587, 43.069567608562316], [-70.71173256566262, 43.06959321553906], [-70.71170085923256, 43.06960122041172], [-70.71167373173901, 43.06960412909231], [-70.71165792626736, 43.069605823793104], [-70.7116282699813, 43.06962707691033], [-70.71162643209259, 43.06963221730752], [-70.71161883683853, 43.06965346048963], [-70.71154640156732, 43.06966939485522], [-70.71146725088647, 43.06968196532979], [-70.7113396880684, 43.06969179836608], [-70.7112800866007, 43.06971542731421], [-70.71114892737953, 43.0697513966193], [-70.7111361463267, 43.06976055600401], [-70.71110244965071, 43.06975739779448]]]}, "properties": {"id": 69, "Hectares": 1.15441701377, "Acres": 2.85262216188, "Year": "2016", "LABEL": "Portsmouth Harbor", "100 M2?": "y"}}, {"type": "Feature", "geometry": {"type": "Polygon", "coordinates": [[[-70.71097239683091, 43.06743250991285], [-70.71106102171728, 43.0673713940518], [-70.71114141574088, 43.06727354231069], [-70.71121294710206, 43.06718204192994], [-70.71121945411193, 43.06713926013756], [-70.71117929375963, 43.067091805072366], [-70.71109488801505, 43.06707182400339], [-70.71096169269167, 43.06699574843879], [-70.7109417790177, 43.06696131322185], [-70.71092229791962, 43.066899038133], [-70.710914988189, 43.06686904663491], [-70.71097695654896, 43.066719941631085], [-70.71110452087103, 43.06664378931124], [-70.7112230369838, 43.06660771446638], [-70.71132992372077, 43.06658715831519], [-70.7113641038041, 43.06659162889027], [-70.711479132525, 43.06659258912739], [-70.71153800571079, 43.06657819548776], [-70.7115721457909, 43.0665586337003], [-70.71157670807021, 43.06655536398883], [-70.71159541802028, 43.066535286095686], [-70.71168730655793, 43.06654560159352], [-70.71170193864187, 43.066551894970026], [-70.71172793238544, 43.066563075079614], [-70.71176573712346, 43.0665740995907], [-70.7117975672174, 43.06659364145953], [-70.71180878520441, 43.06662372035719], [-70.7118085192669, 43.06664085258921], [-70.71182275784065, 43.06666453127118], [-70.71183424922226, 43.066674590276904], [-70.71186232639015, 43.0666748245549], [-70.71194326820537, 43.06661681450332], [-70.71199826592701, 43.06660182982371], [-70.71205302399065, 43.066602286644155], [-70.7120801978001, 43.06660918065137], [-70.71210622891098, 43.06659286028512], [-70.71211994133222, 43.06658139740441], [-70.71214531597802, 43.066545223374625], [-70.71214126693876, 43.066515419485626], [-70.71213232206975, 43.06651038318587], [-70.7120827532174, 43.06650666190166], [-70.7120761664655, 43.066495029688056], [-70.71211943081987, 43.06646892827086], [-70.71219847459373, 43.06646297202216], [-70.7123121070303, 43.066452826607765], [-70.71235888663249, 43.06643804774609], [-70.7124343699478, 43.06646029815937], [-70.71244078959336, 43.066464045702844], [-70.71244629313067, 43.0664832316585], [-70.71245498150193, 43.06650480474729], [-70.71250439647405, 43.06651844795857], [-70.71252710500592, 43.06650871393631], [-70.71253062570091, 43.06650125380215], [-70.71253643465491, 43.06648894498492], [-70.71257485445665, 43.06648430363923], [-70.71259051444841, 43.06649270368304], [-70.7125833633334, 43.06651745248842], [-70.71258137536512, 43.06653226120294], [-70.71257826248664, 43.066555449549604], [-70.71258446461142, 43.06659188695575], [-70.71260621415054, 43.06660306604189], [-70.71260893322022, 43.06661310025694], [-70.71266704134396, 43.06666918140768], [-70.71271289621642, 43.0667004507385], [-70.7127498957743, 43.06675944457776], [-70.71278263533777, 43.06682149159879], [-70.71279857413987, 43.06688030985869], [-70.71279345205764, 43.066938952558054], [-70.71275424933634, 43.06702202079988], [-70.71273256578623, 43.06706199320493], [-70.71272768308954, 43.067105194370335], [-70.71280321524657, 43.06712435624111], [-70.71281582452379, 43.06712875128452], [-70.71283958460806, 43.0671596459096], [-70.7128499416195, 43.0671819663238], [-70.71285268161672, 43.067187871293974], [-70.7128658299204, 43.06721278931418], [-70.71285170722177, 43.067250711183966], [-70.71283561108099, 43.067270423756874], [-70.71283128441789, 43.06727396705228], [-70.712830306202, 43.067279017306], [-70.71284600572174, 43.06735327708451], [-70.71282795965894, 43.06743034428253], [-70.71277621577595, 43.06750713057722], [-70.71272497261158, 43.06757343321527], [-70.71272662682466, 43.06760690984805], [-70.71271932175124, 43.06764158074324], [-70.71269415215001, 43.0676645254435], [-70.71262076220489, 43.067665083184835], [-70.71260494870384, 43.06768484764148], [-70.71262083964486, 43.06774675422312], [-70.71260724492221, 43.06780841497011], [-70.71258015169312, 43.06784255807668], [-70.71257576125329, 43.067880198622646], [-70.71254564440784, 43.06793121825248], [-70.71248633405601, 43.06797372497279], [-70.71240669830574, 43.06801771606059], [-70.71230091023286, 43.06804041764379], [-70.71220257738973, 43.06809537857386], [-70.71211316138917, 43.06815640680697], [-70.71205729957985, 43.06822698100558], [-70.71197132858511, 43.068337457133396], [-70.71182791939226, 43.06834861539313], [-70.71169719493378, 43.068356790629025], [-70.71157857979553, 43.068399042532356], [-70.71141856107523, 43.068394618125616], [-70.71120407057114, 43.06837120645786], [-70.7111285853826, 43.06834895522213], [-70.71114366893137, 43.0681915572589], [-70.7111334308866, 43.06803703655236], [-70.7109979770844, 43.06780734125952], [-70.71091608356852, 43.06765531077354], [-70.71097239683091, 43.06743250991285]]]}, "properties": {"id": 70, "Hectares": 2.54532679901, "Acres": 6.28962978669, "Year": "2016", "LABEL": "Portsmouth Harbor", "100 M2?": "y"}}, {"type": "Feature", "geometry": {"type": "Polygon", "coordinates": [[[-70.71212170317517, 43.05968532789911], [-70.7120625150042, 43.05966255863277], [-70.71198546927504, 43.05954627903446], [-70.71190099115617, 43.05944746551473], [-70.71181509973249, 43.05943974108418], [-70.71170955344635, 43.059466891392944], [-70.71154558591238, 43.05956363164966], [-70.71127617981276, 43.059680514710976], [-70.71104640993094, 43.05970662720262], [-70.71100927578007, 43.05963623944485], [-70.71099147055372, 43.05955199757062], [-70.71104131616836, 43.05941926630994], [-70.71122417759088, 43.0593367000582], [-70.71138673080767, 43.0593310493983], [-70.71147452120798, 43.059328564921515], [-70.71151029284687, 43.059355399446716], [-70.7115598045667, 43.05936242829388], [-70.711627717252, 43.05934645613194], [-70.71170972574065, 43.05929421582274], [-70.71178307259633, 43.05921874861564], [-70.71183848038038, 43.059136516088586], [-70.7118982957519, 43.05906093589741], [-70.71194422062949, 43.059008394347714], [-70.71205138686317, 43.05895435635013], [-70.71218592877739, 43.058945283425814], [-70.71224184883346, 43.05903685079304], [-70.71220199642173, 43.0591416348796], [-70.71219081050069, 43.05924665805937], [-70.71221839022876, 43.0593169657495], [-70.71228364886335, 43.059422626511136], [-70.71233978684144, 43.05950018011124], [-70.71232838372137, 43.05961921701664], [-70.71221273827723, 43.05968132238779], [-70.71212170317517, 43.05968532789911]]]}, "properties": {"id": 71, "Hectares": 0.42467928693, "Acres": 1.04940375197, "Year": "2016", "LABEL": "Portsmouth Harbor", "100 M2?": "y"}}, {"type": "Feature", "geometry": {"type": "Polygon", "coordinates": [[[-70.71646473203344, 43.05637769954123], [-70.71652152749087, 43.05641154950598], [-70.71679551898562, 43.056553175585485], [-70.7171771196381, 43.05661765711631], [-70.71740996538932, 43.05663445302702], [-70.71774175812301, 43.05664277891604], [-70.71802322612258, 43.0566283904349], [-70.71824835736562, 43.056652552763886], [-70.71844305903758, 43.056678320526345], [-70.71860289394975, 43.056664780692024], [-70.71880893141365, 43.056612604936134], [-70.71893850805033, 43.05658952390108], [-70.7191041818766, 43.05652586520073], [-70.71919299465753, 43.056517310480686], [-70.71933483765645, 43.05652034282814], [-70.71944781214455, 43.05658816672286], [-70.71957690242269, 43.056596667267534], [-70.71970434557626, 43.056547555436126], [-70.71981371155235, 43.056520590120805], [-70.72015513324249, 43.05639706930465], [-70.72026199391601, 43.056368224818016], [-70.72038900753715, 43.05634697896034], [-70.72063751072544, 43.05633416946548], [-70.7208427173376, 43.056335865737], [-70.72103753336884, 43.05635419795302], [-70.72128600793503, 43.056343244832455], [-70.72140009725744, 43.05633861325379], [-70.7216208182656, 43.056319998069135], [-70.72170200166084, 43.05631323641259], [-70.7218337677572, 43.0563124664095], [-70.7220869951867, 43.05632198900619], [-70.72254864689637, 43.056288638337804], [-70.72294425844628, 43.05626588931593], [-70.72332435597473, 43.05626344925127], [-70.72370209088979, 43.056249840337586], [-70.72396300404698, 43.05625384805558], [-70.72422380343919, 43.056265286320176], [-70.7243577956407, 43.05626928102937], [-70.72444127886679, 43.05629308945379], [-70.72455781600294, 43.05629404893953], [-70.72480019934251, 43.056349926744495], [-70.72487529205058, 43.0564100014114], [-70.72489741046796, 43.05645477591469], [-70.72489132005515, 43.05652161449636], [-70.72484261628892, 43.056558374050866], [-70.7248017686675, 43.056578476070015], [-70.72481119150552, 43.05662500411441], [-70.72484856740883, 43.05666618816357], [-70.724843216205, 43.05668472431683], [-70.72474449765635, 43.056678337731626], [-70.72472186739466, 43.056667003338745], [-70.72467384595262, 43.05665917596841], [-70.72462070077995, 43.05665502243724], [-70.72458537495577, 43.05664544152309], [-70.72452975325831, 43.05663755152249], [-70.72450191397076, 43.05663546429741], [-70.72447444447222, 43.056609225856434], [-70.72441643162836, 43.05659202601551], [-70.7243660190998, 43.056574888730005], [-70.72432289393356, 43.05657824964776], [-70.72420376593311, 43.05658098462311], [-70.72414808743605, 43.056576810008245], [-70.72404219573392, 43.056542493443274], [-70.72387535965018, 43.05651696478777], [-70.72377203009646, 43.05648081106207], [-70.7236862353354, 43.056457807875155], [-70.7235271422683, 43.056423052419625], [-70.72341800584601, 43.056435159023145], [-70.7232801473154, 43.05650276932777], [-70.72315034452367, 43.0565407175739], [-70.72302355931193, 43.056547104224656], [-70.72290685079366, 43.05655728987911], [-70.72281564747028, 43.05655653766796], [-70.72273460635006, 43.05655401119041], [-70.72266165000983, 43.0565199650189], [-70.72259563847837, 43.05652871054356], [-70.72250913149686, 43.05655215108578], [-70.72242276698562, 43.05656630264071], [-70.72241177806153, 43.05662195254914], [-70.72250491630241, 43.05666173945517], [-70.72254001377188, 43.05668618328271], [-70.72254451056371, 43.056723380771615], [-70.72250363359072, 43.0567453397459], [-70.72243793537034, 43.056733649550466], [-70.72234983541816, 43.05669576218632], [-70.72229714656484, 43.056661883030806], [-70.7223029261922, 43.05661548024148], [-70.72234400271446, 43.05658051684892], [-70.72234243860953, 43.05651733127982], [-70.72231272177298, 43.05647249358021], [-70.72226985318406, 43.056459133666095], [-70.72218855559532, 43.0564733268607], [-70.72210162079249, 43.05652463385594], [-70.72208305982578, 43.05657836321147], [-70.72208482328584, 43.0566285442927], [-70.72208160544018, 43.05667311019741], [-70.72206839645192, 43.05670830353259], [-70.72205020613808, 43.05673788168849], [-70.72197377535268, 43.056765121038985], [-70.7219564406159, 43.056738965661246], [-70.72197241127196, 43.05668893098272], [-70.72197497322307, 43.05668709411321], [-70.72200622997885, 43.056631611562686], [-70.72197918936352, 43.0565775057728], [-70.72187062286245, 43.0565524552153], [-70.72175140926613, 43.05656076098873], [-70.721625959014, 43.05664519392938], [-70.72160534920557, 43.05666731995577], [-70.7214576112963, 43.05671812429383], [-70.72143130672156, 43.056781079676185], [-70.72140036329155, 43.056816126442925], [-70.72127135789138, 43.0568020545983], [-70.72120845018644, 43.05677366457691], [-70.72112726613477, 43.056780425876475], [-70.72109877032666, 43.05682106684359], [-70.72112598154628, 43.056864026132246], [-70.7211432303242, 43.05689575498256], [-70.72113779234752, 43.05691986430133], [-70.7211095248566, 43.05694564300226], [-70.72108401916607, 43.05695658036301], [-70.72106138949002, 43.056945245252166], [-70.72108222796996, 43.05690825706028], [-70.72106520760678, 43.056861665933816], [-70.72103022482966, 43.05682979052564], [-70.7209313066362, 43.05683640513609], [-70.72086728544106, 43.05688046847839], [-70.72087354370939, 43.056967847109966], [-70.72079887454647, 43.05704526675334], [-70.7207277096392, 43.05705954266001], [-70.72062380984359, 43.05706054176666], [-70.72058327472799, 43.05706020664781], [-70.72050701429988, 43.05707629830872], [-70.72041060053864, 43.057084791194505], [-70.72039816186, 43.057069824183856], [-70.72040983832645, 43.05696958769866], [-70.72045125895518, 43.05691233160351], [-70.72045968770274, 43.05685851873858], [-70.72041454293655, 43.05682841713572], [-70.72038382745897, 43.05684860135705], [-70.72032524415825, 43.05686855511212], [-70.72027426113218, 43.05688857169348], [-70.72025339360314, 43.05692741751675], [-70.72018703841707, 43.05695845503909], [-70.7201467034067, 43.05694511528593], [-70.72011621640003, 43.05695043717056], [-70.72011037793513, 43.057000555396506], [-70.72011470181303, 43.05704889966221], [-70.72004831784713, 43.05708179488436], [-70.72002266901524, 43.05710202091988], [-70.72004993675829, 43.057141264890845], [-70.72009761501931, 43.0571713875926], [-70.72014016927358, 43.057205183930044], [-70.72016242738454, 43.0572406703984], [-70.72003725937805, 43.057306523726], [-70.71992057755998, 43.057314848532236], [-70.71975621748102, 43.05729305039607], [-70.71970583430554, 43.057274053283855], [-70.71964591777548, 43.057215958852105], [-70.71961110709822, 43.05717293632188], [-70.71957367724164, 43.05713546616104], [-70.71950319825652, 43.057105154522034], [-70.71946556832917, 43.05708068880391], [-70.71940220361307, 43.057082022315655], [-70.71936878263607, 43.05711333198231], [-70.71936590599175, 43.05713560439902], [-70.71935260955085, 43.05717637074935], [-70.71936740984411, 43.05720250553791], [-70.71939220095693, 43.0572380131242], [-70.7194015339919, 43.057290114917976], [-70.71937816091886, 43.05732708181838], [-70.7192286584857, 43.05732770214575], [-70.71918058005778, 43.057323588037235], [-70.71913739690346, 43.05733066255704], [-70.71911926221476, 43.05735652466424], [-70.7191366245143, 43.057380822676976], [-70.71913625262252, 43.05740497384567], [-70.71902714227578, 43.05741521845233], [-70.71890878509289, 43.057367787780024], [-70.71880839120787, 43.05730564162497], [-70.71872285479859, 43.05726591468823], [-70.7186195557272, 43.05722789854929], [-70.71854714478611, 43.057158551914895], [-70.71852961103133, 43.057145400506386], [-70.71848887549982, 43.05715806911883], [-70.71845093104719, 43.05715403867202], [-70.7184111116131, 43.0571072582354], [-70.71838703685529, 43.057025305893724], [-70.71834796194308, 43.05693022310501], [-70.71825292254151, 43.05684954064025], [-70.71815457678332, 43.056818997209426], [-70.71810174698133, 43.05679440505313], [-70.71804612603673, 43.05678651190773], [-70.71795483657532, 43.05679132916505], [-70.71790416794167, 43.05679090908468], [-70.71785597545049, 43.05679422555098], [-70.71780012536532, 43.0568011945399], [-70.71774899835204, 43.05683049889735], [-70.71767253694698, 43.05685959313681], [-70.71760344655394, 43.05690361261077], [-70.71752635457553, 43.056973577943744], [-70.71746213023073, 43.05703064382536], [-70.71743841220486, 43.05708990369784], [-70.71742485657508, 43.057147389844786], [-70.71737646316244, 43.05716371057547], [-70.71733874807447, 43.057144817509894], [-70.71733673052907, 43.05711135642876], [-70.7173420267055, 43.05709653621249], [-70.717357571294, 43.05707436893813], [-70.71732477984338, 43.057064806808434], [-70.71721906868929, 43.057101090158966], [-70.71717346669915, 43.05710071179231], [-70.71710287428962, 43.057077829811256], [-70.71707281700371, 43.05705528416363], [-70.71705323753875, 43.05701052922825], [-70.71696352465484, 43.05691316772456], [-70.71690363975868, 43.05685321410011], [-70.71683822930324, 43.05682294288718], [-70.7167723600672, 43.05682239613533], [-70.71665064060244, 43.05682881777193], [-70.71661563147195, 43.05679879881699], [-70.7165347337903, 43.056786979042855], [-70.71638745055326, 43.056808052295835], [-70.71632112227822, 43.056837229778736], [-70.71629999405472, 43.056892794885414], [-70.71628421959328, 43.056929824260216], [-70.71625859829679, 43.05694819166054], [-70.71621316860181, 43.05693666622754], [-70.71619324545597, 43.05691420451987], [-70.71612726134485, 43.056921088518855], [-70.71606640149008, 43.05692429900897], [-70.71602045523824, 43.05694621355238], [-70.7159638585602, 43.05700148393845], [-70.71595292112657, 43.05705341760472], [-70.71596173457192, 43.057138959703174], [-70.71595586400339, 43.05719093546361], [-70.71592454412054, 43.05725013186232], [-70.71582764150656, 43.057290203146025], [-70.71557383701958, 43.057317822276595], [-70.71545747055553, 43.057305706942685], [-70.71533643934184, 43.05726754044494], [-70.71521062863874, 43.0572107538902], [-70.71503921616831, 43.05715358798134], [-70.71491807058291, 43.05712285216564], [-70.71479646531604, 43.05712184070208], [-70.71467520495297, 43.057098535750555], [-70.71460950792383, 43.057086841071765], [-70.71458394355629, 43.05710149253151], [-70.71453258481853, 43.05714565767187], [-70.71451248974675, 43.057134342356456], [-70.7144979790106, 43.05708962916147], [-70.71444759766517, 43.05707062975045], [-70.71442255074938, 43.05705184113782], [-70.71437262946661, 43.05700311721776], [-70.71426708769117, 43.05694649829744], [-70.71420236859379, 43.05687163887623], [-70.71416338653648, 43.05677098137957], [-70.7141335030339, 43.056737288292], [-70.71413402066726, 43.05670384825684], [-70.71414018029066, 43.05663329480217], [-70.71406100890115, 43.05651000649971], [-70.71403221428243, 43.05645468345435], [-70.71405705092833, 43.05645189354452], [-70.71396139809224, 43.056335968279186], [-70.71395370906437, 43.056249901559845], [-70.71392331559073, 43.05617356919886], [-70.71379708205363, 43.05616921034498], [-70.71370206118938, 43.05618826585982], [-70.71366182819928, 43.056164776230766], [-70.71363599651433, 43.056085173987015], [-70.71362676257985, 43.05604343600898], [-70.71430866264915, 43.055846020920136], [-70.7143159504622, 43.05586921242599], [-70.71438950093227, 43.05607160010118], [-70.71444275285295, 43.056128275773574], [-70.71464976004323, 43.05615976830295], [-70.7149434837626, 43.0561258257674], [-70.71511953373303, 43.05611736641911], [-70.7153353570718, 43.05616216220293], [-70.71558751771269, 43.05619072060941], [-70.71589402012324, 43.05624553041963], [-70.71589790207676, 43.05624622459796], [-70.71601906374818, 43.05628692476157], [-70.7161489905133, 43.056344236584856], [-70.71632437696402, 43.05637877122605], [-70.71646473203344, 43.05637769954123]]]}, "properties": {"id": 72, "Hectares": 5.26703125635, "Acres": 13.015097586, "Year": "2016", "LABEL": "Little Harbor/Back Channel", "100 M2?": "y"}}, {"type": "Feature", "geometry": {"type": "Polygon", "coordinates": [[[-70.71362676257985, 43.05604343600898], [-70.71361913398597, 43.05600895423196], [-70.71365716162563, 43.05588357466746], [-70.7137129735764, 43.055774882172045], [-70.71372317183892, 43.05569888777577], [-70.7137239913019, 43.055645969853074], [-70.71378308392235, 43.055616691759795], [-70.71396384750469, 43.05559504225051], [-70.71419304495771, 43.05564987492378], [-70.71428155844127, 43.0557597689112], [-70.71430866264915, 43.055846020920136], [-70.71362676257985, 43.05604343600898]]]}, "properties": {"id": 72, "Hectares": 0.17021885838, "Acres": 0.42061931, "Year": "2016", "LABEL": "Odiorne Point Beds", "100 M2?": "y"}}, {"type": "Feature", "geometry": {"type": "Polygon", "coordinates": [[[-70.73562352401086, 43.06051612703456], [-70.73561451717983, 43.06051491927934], [-70.73552509115775, 43.06050054913531], [-70.73551011394225, 43.06048848778572], [-70.73546600657427, 43.06048052794993], [-70.73544632829666, 43.06048124184049], [-70.73544318906988, 43.06048135572537], [-70.73544128612083, 43.06047945158317], [-70.73542889331875, 43.06046705100702], [-70.73542006402103, 43.0604568445962], [-70.73536372621365, 43.06043510353524], [-70.73532705089323, 43.06043835214566], [-70.73524818778675, 43.06044379100707], [-70.73522103269164, 43.06045725163124], [-70.7351938469028, 43.06047273891086], [-70.73518693980914, 43.060477212409616], [-70.73514872899536, 43.060485116307724], [-70.73505994060945, 43.06049182558347], [-70.73499899363809, 43.06050061948641], [-70.7349250691958, 43.060529745897], [-70.73485415658956, 43.060527310467435], [-70.73481378784612, 43.06051583363046], [-70.73477316587528, 43.06052107688507], [-70.73475762662764, 43.060543246562716], [-70.73470428036096, 43.060552102206245], [-70.73465636711882, 43.06053684783241], [-70.73463108742311, 43.06053292589905], [-70.73457532012632, 43.060534329688934], [-70.73454764756393, 43.060521098153195], [-70.73454055338374, 43.06048759603098], [-70.73451786360333, 43.06047997913172], [-70.73448236511811, 43.06048154798066], [-70.73439340777657, 43.06049940347469], [-70.73433516321299, 43.06049707092816], [-70.73427984639167, 43.06046874994572], [-70.73422979388992, 43.060427465701345], [-70.73417709523993, 43.06039359194669], [-70.73413165953163, 43.06038207357926], [-70.73407561077431, 43.060402055018905], [-70.73405503228146, 43.06042232551426], [-70.73401939301648, 43.06043318316558], [-70.73395354775349, 43.06043078847757], [-70.73386504098606, 43.06041891893479], [-70.73380690919197, 43.06040915496401], [-70.73374379474045, 43.06039377628627], [-70.73372375136556, 43.06037874872989], [-70.7337727064687, 43.06032526529673], [-70.7338160873118, 43.06030518073775], [-70.7338847758334, 43.06028716047545], [-70.733993832732, 43.06028061730946], [-70.73405458250247, 43.060284828465406], [-70.73411778139632, 43.06029463360395], [-70.73416591956308, 43.06029502588679], [-70.73421923752475, 43.060288028281775], [-70.73424260288967, 43.06025105829581], [-70.73435427772927, 43.06023896206138], [-70.73447042861127, 43.06026592057437], [-70.73450057833809, 43.06028288834562], [-70.73453092509784, 43.06028685158273], [-70.73458463702333, 43.060253844754136], [-70.73461033874254, 43.06022989985398], [-70.73462114850118, 43.0601853954488], [-70.7345934479412, 43.060174021714246], [-70.7345628479358, 43.0601867785998], [-70.73453224791783, 43.06019953547702], [-70.73449424415689, 43.06019922590392], [-70.73446668434977, 43.0601785631915], [-70.73445973098588, 43.06013577211569], [-70.7344908094722, 43.06009143283596], [-70.73451383685263, 43.06007675626544], [-70.73461326557045, 43.06003668973958], [-70.73466652697884, 43.060033407502495], [-70.73475745438391, 43.06005272821382], [-70.73481567041051, 43.06005691833148], [-70.73487154980957, 43.060048083261336], [-70.73491735114848, 43.06003545006787], [-70.73493015714493, 43.06002382358735], [-70.73562352401086, 43.06051612703456]]]}, "properties": {"id": 73, "Hectares": 0.42075570045, "Acres": 1.0397083736, "Year": "2016", "LABEL": "Little Harbor/Back Channel", "100 M2?": "y"}}, {"type": "Feature", "geometry": {"type": "Polygon", "coordinates": [[[-70.73557426584773, 43.05949800446606], [-70.73559135693905, 43.059533696885474], [-70.73563133163395, 43.05957118250944], [-70.73563603330757, 43.05959537500942], [-70.73565810447545, 43.059643863072544], [-70.73577932195924, 43.05967086147976], [-70.73585924369974, 43.05974769037498], [-70.73586859104601, 43.05979979093706], [-70.73577158465332, 43.05984731033789], [-70.73569956933808, 43.059871050062696], [-70.73562506403532, 43.05987932261486], [-70.7355888883504, 43.059895243574985], [-70.73553563868428, 43.05994345618697], [-70.73553520930267, 43.05997182946064], [-70.7355402770056, 43.060002274375336], [-70.73554754196628, 43.06000928268505], [-70.73554147141733, 43.0600268661933], [-70.73550056014611, 43.060042359850755], [-70.73545193608237, 43.060039801580125], [-70.73536838424357, 43.06003540559658], [-70.73531444795447, 43.060083275119645], [-70.73530361059375, 43.06012963738589], [-70.73529803723672, 43.06016303636298], [-70.73533525360222, 43.06021536378686], [-70.73549771234265, 43.06019624766287], [-70.73566003043116, 43.06018642025771], [-70.73575050865483, 43.06023546482622], [-70.73584000332521, 43.0603495319794], [-70.735891343795, 43.06046511212818], [-70.73587800172437, 43.06049283839716], [-70.73579409345386, 43.060536818418804], [-70.73570302444608, 43.06052678747319], [-70.73562352401086, 43.06051612703456], [-70.73493015714493, 43.06002382358735], [-70.7349558893224, 43.0600004614937], [-70.73494871057784, 43.05997253276164], [-70.73488629962854, 43.05991070996976], [-70.73490493490745, 43.05985140510369], [-70.73510336907282, 43.05979913811875], [-70.73528133752444, 43.05975971034994], [-70.73534290236485, 43.05971004490652], [-70.73534140924455, 43.05964128605328], [-70.73526588047508, 43.05960908500705], [-70.735205609387, 43.05957329206826], [-70.73522137321198, 43.05953626000165], [-70.73529003235281, 43.05952009667161], [-70.73531305932919, 43.05950541993503], [-70.73532127864902, 43.05946461041223], [-70.73530404994654, 43.05943102584789], [-70.73530967946866, 43.05939391128529], [-70.73535311539707, 43.05937011054917], [-70.73537594547065, 43.059368438330345], [-70.73541786013438, 43.059367316458584], [-70.73547454718897, 43.05941393502706], [-70.7355066092656, 43.05948716476272], [-70.73557426584773, 43.05949800446606]]]}, "properties": {"id": 73, "Hectares": 0.44992685953, "Acres": 1.11179176624, "Year": "2016", "LABEL": "Sagamore Creek", "100 M2?": "y"}}, {"type": "Feature", "geometry": {"type": "Polygon", "coordinates": [[[-70.7369754886299, 43.062006825119745], [-70.73693489391755, 43.06201021134277], [-70.73692988274568, 43.062006454591746], [-70.7369199165532, 43.06199522550869], [-70.73691757941697, 43.061982200391824], [-70.7369202815243, 43.06197107423638], [-70.73692543306538, 43.06196554203691], [-70.73695344367763, 43.06195647952274], [-70.7369711792849, 43.06195662361535], [-70.73698880260187, 43.06196419886608], [-70.73699367341166, 43.06197724456566], [-70.7369754886299, 43.062006825119745]]]}, "properties": {"id": 74, "Hectares": 0.00285442451, "Acres": 0.00705342569, "Year": "2016", "LABEL": "Little Harbor/Back Channel", "100 M2?": "n"}}, {"type": "Feature", "geometry": {"type": "Polygon", "coordinates": [[[-70.73639665701641, 43.061584642090175], [-70.73638811797674, 43.06163788000841], [-70.73639392113286, 43.06175684035948], [-70.73641537567137, 43.061846199650255], [-70.73644488066472, 43.0619058960857], [-70.73651985112865, 43.061975252172516], [-70.7365904846402, 43.06199626448543], [-70.7366354165128, 43.06204122210899], [-70.7366222988656, 43.062070843788604], [-70.73654868222016, 43.062079535540164], [-70.73652106470945, 43.062062588894854], [-70.7365059189107, 43.06205874974718], [-70.73649299132393, 43.062056363340716], [-70.7364916372886, 43.062073914283545], [-70.73647763358308, 43.06208596191982], [-70.7364528344405, 43.0620806930537], [-70.73644343632162, 43.06206237445519], [-70.73643385435173, 43.06205621582897], [-70.73642688522963, 43.06203336472249], [-70.736423319402, 43.06202167269704], [-70.73637999990946, 43.06196152665315], [-70.7363349302769, 43.06191365998161], [-70.73625693549425, 43.06176687477022], [-70.7362402113652, 43.06169985013104], [-70.73622627377337, 43.0616161259805], [-70.73618916820375, 43.06155636768438], [-70.73615710188548, 43.06149850837096], [-70.73614905919037, 43.06148883565564], [-70.73615378585905, 43.061474242130856], [-70.73616368954687, 43.06145912082665], [-70.73615696359535, 43.06144690466587], [-70.73612252235321, 43.06145166485379], [-70.73610246555785, 43.061416667642355], [-70.73611057429251, 43.06140700266752], [-70.73612040134881, 43.06139694802245], [-70.73610948352307, 43.06138773813832], [-70.73610304904892, 43.061386502867336], [-70.73608743330718, 43.06138350500253], [-70.73608207402185, 43.06137231340685], [-70.73608699280294, 43.061352855693315], [-70.73605820105581, 43.06133605651186], [-70.73601987728202, 43.06130588747759], [-70.73602126417713, 43.06128329198769], [-70.73603899982471, 43.061265295657066], [-70.7360594093571, 43.061256171544166], [-70.73606230828422, 43.06123204087895], [-70.7360073553177, 43.06117956945208], [-70.73598221577842, 43.061166358864625], [-70.73596036865128, 43.06110300854966], [-70.73594024018998, 43.061093554746016], [-70.73593075208714, 43.06105074314885], [-70.73591833692271, 43.061033920002785], [-70.73594417897526, 43.06100068585459], [-70.73593366420252, 43.06097311755046], [-70.73589621887602, 43.06095141013421], [-70.7358897532599, 43.060931510773166], [-70.73591055105412, 43.06089860198538], [-70.73591290639261, 43.06089200555249], [-70.73591925715452, 43.06085783550104], [-70.73592272800141, 43.06083916071417], [-70.73591390705263, 43.060825857787336], [-70.73589593994639, 43.060820749955404], [-70.73584850423394, 43.06082532580675], [-70.73583712532134, 43.060827792114736], [-70.73581908565356, 43.06083170209693], [-70.73576510930187, 43.060821339630486], [-70.73576442272633, 43.06081691373468], [-70.73576305419652, 43.06080809173146], [-70.73577460576304, 43.06078999282842], [-70.73578858772866, 43.060760336411406], [-70.7357866076795, 43.06074212743031], [-70.73575996983054, 43.06071379447558], [-70.73572173040455, 43.06070686780216], [-70.7356963970216, 43.060741393555], [-70.73569832699962, 43.0607629099255], [-70.7356859660385, 43.060779580464356], [-70.73567542400833, 43.06078587816246], [-70.73565081624812, 43.060772446777335], [-70.7356373597146, 43.06076737560238], [-70.73562605835389, 43.06076893755114], [-70.73562474170981, 43.06076931135584], [-70.73560340558129, 43.06077536883326], [-70.7355765175487, 43.06076357277671], [-70.73557674277785, 43.060748689530705], [-70.7355814284883, 43.06073715037284], [-70.73559779092353, 43.06069924385951], [-70.73561615835848, 43.06067789263319], [-70.7356199747681, 43.060675155634726], [-70.73563267755027, 43.06065441843568], [-70.7356816823855, 43.06062233351704], [-70.73570749314831, 43.06061884815276], [-70.73572030370023, 43.060618400106684], [-70.73575333258007, 43.060627789905], [-70.73577381657088, 43.06064417183481], [-70.73579669323748, 43.06063907854922], [-70.73609573649226, 43.06085139984969], [-70.73610810072627, 43.06088496380156], [-70.73612769551114, 43.06092298468284], [-70.73615756325151, 43.06095031620977], [-70.73618196346507, 43.06098193174786], [-70.73618132061563, 43.061024438791726], [-70.73618131981611, 43.06102449165836], [-70.73618770858005, 43.061059001104546], [-70.73620406226449, 43.06107433591607], [-70.73621484901517, 43.06108203775909], [-70.73622397776552, 43.0610977201634], [-70.73625517303134, 43.06121317095344], [-70.7362515718267, 43.061283746375814], [-70.73625146911841, 43.06129053818319], [-70.73624628164875, 43.06130880211857], [-70.73624471459263, 43.061310801654045], [-70.73623329106157, 43.06133503170994], [-70.73623025128508, 43.06135324919759], [-70.73624230590603, 43.061378683605284], [-70.73626408049118, 43.06139358942795], [-70.73627376942004, 43.061400221994084], [-70.73629023047921, 43.061408463475324], [-70.7363108681017, 43.061414711998935], [-70.73633417773432, 43.061427062976655], [-70.73635595218151, 43.06144953602632], [-70.7363651663173, 43.061480014606914], [-70.73638279487572, 43.06150245394644], [-70.73639632349195, 43.061521819585906], [-70.73640576748163, 43.061537098195586], [-70.73640813306903, 43.06156346727506], [-70.73639665701641, 43.061584642090175]]]}, "properties": {"id": 75, "Hectares": 0.26012925144, "Acres": 0.64279238677, "Year": "2016", "LABEL": "Little Harbor/Back Channel", "100 M2?": "y"}}, {"type": "Feature", "geometry": {"type": "Polygon", "coordinates": [[[-70.73579669323748, 43.06063907854922], [-70.73580016567107, 43.060638305442396], [-70.73580722874668, 43.06062822833887], [-70.73580870268518, 43.060622159593464], [-70.73583951956934, 43.060595046961815], [-70.73587971882343, 43.06058726629928], [-70.73592936179767, 43.06059476427154], [-70.73596076349088, 43.060620356069364], [-70.73598943195911, 43.06064389871757], [-70.73603023148917, 43.06068780913364], [-70.73604805643164, 43.06071105620033], [-70.73605725521371, 43.060728476754036], [-70.73608132683677, 43.06081228334935], [-70.73609573649226, 43.06085139984969], [-70.73579669323748, 43.06063907854922]]]}, "properties": {"id": 75, "Hectares": 0.02660862252, "Acres": 0.06575123668, "Year": "2016", "LABEL": "Sagamore Creek", "100 M2?": "y"}}, {"type": "Feature", "geometry": {"type": "Polygon", "coordinates": [[[-70.73368521045336, 43.0592441140003], [-70.73359915447118, 43.05923783829009], [-70.7335462317903, 43.0592188265652], [-70.73353637935975, 43.05920016603487], [-70.7335346628683, 43.05914626948555], [-70.73352506402202, 43.05911088885026], [-70.73356852860033, 43.059085231005646], [-70.73360180176475, 43.059080632837976], [-70.7337980954102, 43.05922001273882], [-70.73375890857395, 43.059229850690514], [-70.73373610668165, 43.05922966479742], [-70.73368521045336, 43.0592441140003]]]}, "properties": {"id": 76, "Hectares": 0.02352918329, "Acres": 0.05814178837, "Year": "2016", "LABEL": "Little Harbor/Back Channel", "100 M2?": "y"}}, {"type": "Feature", "geometry": {"type": "Polygon", "coordinates": [[[-70.73360180176475, 43.059080632837976], [-70.73360661617892, 43.05907996751164], [-70.7336399747274, 43.05905236921803], [-70.73368053947667, 43.05905084193504], [-70.73371330643529, 43.05906225719755], [-70.73375130948558, 43.059062567023446], [-70.73380417576607, 43.05908529423228], [-70.73384443072213, 43.05910420257569], [-70.73388243379974, 43.0591045123583], [-70.73392342101397, 43.059075118146566], [-70.73396421106162, 43.05905872844665], [-70.73401527602951, 43.05903313237954], [-70.73403081515201, 43.059010962795846], [-70.73406431426427, 43.058974075427855], [-70.73410226095027, 43.05897810071603], [-70.73416275604957, 43.058999031910666], [-70.73420537567473, 43.05902910751157], [-70.73423000720568, 43.059075758697304], [-70.73421435552346, 43.059105359467075], [-70.73413057980788, 43.059115824909014], [-70.73409252040607, 43.05911923078797], [-70.73404680406482, 43.05912629028932], [-70.7339981599318, 43.05915933817694], [-70.73397760999724, 43.05917775087686], [-70.73391931037833, 43.05917913370904], [-70.73388372814132, 43.05918627574797], [-70.73383775824237, 43.05921005527022], [-70.7337980954102, 43.05922001273882], [-70.73360180176475, 43.059080632837976]]]}, "properties": {"id": 76, "Hectares": 0.05926830262, "Acres": 0.14645493919, "Year": "2016", "LABEL": "Sagamore Creek", "100 M2?": "y"}}, {"type": "Feature", "geometry": {"type": "Polygon", "coordinates": [[[-70.73848163850856, 43.05723929762622], [-70.73852178164582, 43.05726563550254], [-70.73852634418948, 43.05729911686512], [-70.7384799010832, 43.05735448076285], [-70.73837321509149, 43.057372195566884], [-70.73829670646418, 43.05740501925453], [-70.73822537682524, 43.05743045283074], [-70.73818472913362, 43.0574375551133], [-70.73818478519775, 43.057433839528656], [-70.73819063703576, 43.057381862454854], [-70.7383030627158, 43.05731960191026], [-70.73835919139084, 43.05729404497291], [-70.73848163850856, 43.05723929762622]]]}, "properties": {"id": 77, "Hectares": 0.02531491206, "Acres": 0.06255441345, "Year": "2016", "LABEL": "Sagamore Creek", "100 M2?": "y"}}, {"type": "Feature", "geometry": {"type": "Polygon", "coordinates": [[[-70.7421552562058, 43.054901917870154], [-70.74214044671945, 43.05487578593378], [-70.74215085929927, 43.05485728985021], [-70.74220191740794, 43.05483169004705], [-70.74225798639645, 43.05480984674075], [-70.74228382237749, 43.05477661106893], [-70.74230937928112, 43.054761953344475], [-70.74231439020318, 43.05476570986222], [-70.7422986319019, 43.05480274298755], [-70.74227786265527, 43.05483601959121], [-70.74226711524142, 43.054876809230464], [-70.74223125735077, 43.05490253185546], [-70.7421552562058, 43.054901917870154]]]}, "properties": {"id": 78, "Hectares": 0.00911711749, "Acres": 0.02252885317, "Year": "2016", "LABEL": "Sagamore Creek", "100 M2?": "n"}}, {"type": "Feature", "geometry": {"type": "Polygon", "coordinates": [[[-70.72884652028844, 43.0576837728471], [-70.72871664851439, 43.05756007915255], [-70.7286638987332, 43.05752991846826], [-70.72845898677939, 43.05734243669462], [-70.72826871017301, 43.05719223495556], [-70.72815336126646, 43.05711325217418], [-70.72808401145217, 43.05700863429571], [-70.72808534326782, 43.05692131830051], [-70.72812422332771, 43.056864038580485], [-70.72824349343172, 43.05685201059102], [-70.7283694006699, 43.05690320956443], [-70.72842901362974, 43.056981735166744], [-70.72846098538741, 43.05704516996241], [-70.72847550629129, 43.05708988148265], [-70.72851288494509, 43.05713106435737], [-70.72864664822413, 43.057165605254156], [-70.72873446963482, 43.05722206568404], [-70.72890220112016, 43.057355359722614], [-70.72893949528675, 43.05740211582261], [-70.7289695005221, 43.057428373969266], [-70.72906996163874, 43.057486795731634], [-70.72912564133404, 43.05749096796183], [-70.72914773492847, 43.05753759945547], [-70.72918519921441, 43.057573208751656], [-70.72922032818997, 43.0575957927687], [-70.72923766626876, 43.05762194707351], [-70.72920461789188, 43.057629108416705], [-70.72917942466853, 43.05761961192897], [-70.72913874755831, 43.05762856877441], [-70.72911352603951, 43.057620930059734], [-70.7290829545096, 43.057631827699296], [-70.72923250065769, 43.05779470055707], [-70.72926492648337, 43.05782841053151], [-70.72926433214651, 43.05786742406842], [-70.7292462298264, 43.05789143002933], [-70.72920014592884, 43.05792263883574], [-70.72910899703022, 43.05791817604628], [-70.72903597887007, 43.057887849473204], [-70.72896839578884, 43.05783341313921], [-70.72894413679568, 43.057762609617825], [-70.72890670084965, 43.05772514245679], [-70.72884652028844, 43.0576837728471]]]}, "properties": {"id": 79, "Hectares": 0.34145308955, "Acres": 0.84374765693, "Year": "2016", "LABEL": "Little Harbor/Back Channel", "100 M2?": "y"}}, {"type": "Feature", "geometry": {"type": "Polygon", "coordinates": [[[-70.72673691695721, 43.05496118779964], [-70.7267115833295, 43.054960979713385], [-70.72670156338357, 43.05495346532912], [-70.72671203734464, 43.05493125512045], [-70.72674243768324, 43.054931504823024], [-70.72675223063293, 43.054953881500396], [-70.72673691695721, 43.05496118779964]]]}, "properties": {"id": 80, "Hectares": 0.00107360454, "Acres": 0.0026529305, "Year": "2016", "LABEL": "Little Harbor/Back Channel", "100 M2?": "n"}}, {"type": "Feature", "geometry": {"type": "Polygon", "coordinates": [[[-70.72762895947128, 43.05428475985373], [-70.72763442300655, 43.05425879240152], [-70.72765485976362, 43.054247811978655], [-70.72768030648868, 43.05424058870215], [-70.72769527972707, 43.05425557572673], [-70.72769488288874, 43.05428158475596], [-70.7276743894349, 43.054296280761434], [-70.72762895947128, 43.05428475985373]]]}, "properties": {"id": 81, "Hectares": 0.0023857877, "Acres": 0.0058954007, "Year": "2016", "LABEL": "Little Harbor/Back Channel", "100 M2?": "n"}}, {"type": "Feature", "geometry": {"type": "Polygon", "coordinates": [[[-70.72727477455781, 43.054748215987956], [-70.7272646411402, 43.054748132802075], [-70.72725968786824, 43.05474066005914], [-70.72725479131617, 43.054729471741155], [-70.72725245647841, 43.0547164464324], [-70.72725789185455, 43.054692336789394], [-70.72727607905777, 43.05466275776584], [-70.72728399105273, 43.054642384492425], [-70.727350567064, 43.054596480484754], [-70.72736892432818, 43.05455575472009], [-70.72738212981199, 43.05452056072696], [-70.72743555688942, 43.05450613508565], [-70.72745571023377, 43.05451373257587], [-70.72746299838711, 43.05453423061597], [-70.72746023821777, 43.05454907212456], [-70.72746251638804, 43.05456581300496], [-70.7274750413606, 43.054575205902864], [-70.7274900146285, 43.05459019295372], [-70.72748981616371, 43.05460319746683], [-70.7274617792115, 43.0546141154819], [-70.72743146408507, 43.054608292609224], [-70.72741634905557, 43.054602594488564], [-70.72739858726113, 43.054604306722574], [-70.72737308364162, 43.05461524550928], [-70.72736263832986, 43.05463559799493], [-70.72736491647633, 43.054652338876814], [-70.72735185273494, 43.054678243929374], [-70.7273390441933, 43.05468742889294], [-70.72732114058589, 43.054698430052], [-70.7273030668249, 43.054720577932855], [-70.72727477455781, 43.054748215987956]]]}, "properties": {"id": 82, "Hectares": 0.01701151868, "Acres": 0.04203631323, "Year": "2016", "LABEL": "Little Harbor/Back Channel", "100 M2?": "y"}}, {"type": "Feature", "geometry": {"type": "Polygon", "coordinates": [[[-70.71756495849367, 43.055586318393686], [-70.71755133755251, 43.0555508817421], [-70.71759499330756, 43.0554802996402], [-70.71779311238146, 43.055448498242875], [-70.71789479114726, 43.05542704507254], [-70.71811300508251, 43.05540655784366], [-70.7184832785824, 43.05538361420602], [-70.71902645061331, 43.055321224860435], [-70.71920931104732, 43.05529301068815], [-70.71946817241749, 43.0552654253281], [-70.71973808181735, 43.0551784741704], [-70.72012953475266, 43.05509624382259], [-70.72028700327682, 43.055071533933614], [-70.72044003339255, 43.05500591069027], [-70.72062904426058, 43.05490714034502], [-70.72090885549099, 43.054835132434775], [-70.721132361481, 43.05479981901834], [-70.72144678250416, 43.054783836355206], [-70.72213693777448, 43.05471893016656], [-70.72306972330155, 43.05469318114484], [-70.72320652415593, 43.05469430909171], [-70.72372839415443, 43.05469861049857], [-70.7240717915338, 43.05477576038703], [-70.7245149312953, 43.0549577796055], [-70.72461023207623, 43.05502173687255], [-70.7247813634435, 43.05509746635281], [-70.72499433684627, 43.055088070980034], [-70.725125649739, 43.05508144012699], [-70.72520491776667, 43.05499816815573], [-70.72513702235625, 43.05491339884597], [-70.72505328022761, 43.05491038611643], [-70.72496063230506, 43.05497259637902], [-70.72484415452236, 43.054967921754795], [-70.72476900671097, 43.05491156264147], [-70.72471998881377, 43.054803394003095], [-70.72469072602783, 43.05472883232233], [-70.72467867118384, 43.05468128110615], [-70.72463956735959, 43.054644247624715], [-70.72450496454601, 43.05461582184793], [-70.72435877004025, 43.05456630957787], [-70.72423250110926, 43.05453925746392], [-70.723929069088, 43.05449959771156], [-70.72386339570117, 43.054483380068675], [-70.72377441781477, 43.05448634364643], [-70.72370557838109, 43.05446727725666], [-70.72367754711654, 43.054472425904954], [-70.723663514464, 43.05449167564257], [-70.72353683763855, 43.05450390418751], [-70.72331064900216, 43.05451308153788], [-70.72253538952133, 43.05451040397381], [-70.72230715474103, 43.054494395327296], [-70.72204557058447, 43.054497564469756], [-70.72192226399768, 43.05450905981662], [-70.721809695832, 43.05451437890535], [-70.72173800645824, 43.05450426028947], [-70.72168051318035, 43.054447673126205], [-70.72166586314896, 43.05444687355927], [-70.72163468075807, 43.05443588698562], [-70.72157121094702, 43.054429282074715], [-70.72153500380777, 43.05444722525892], [-70.72152071883646, 43.05447751097539], [-70.72150630390387, 43.054491590627364], [-70.72133452903624, 43.054504206086165], [-70.72086321362822, 43.05450774368994], [-70.72068587984626, 43.054506277879234], [-70.72050994566753, 43.05457439915784], [-70.72043531008538, 43.05456974853184], [-70.72036060503669, 43.05453766279592], [-70.72026017566138, 43.054496962706686], [-70.72020989775818, 43.054483761933405], [-70.72021007855452, 43.054422401674636], [-70.72014218979679, 43.054395828351275], [-70.72003677723173, 43.05439769492542], [-70.71993841813308, 43.05444130094772], [-70.7198882837188, 43.054469794905074], [-70.71983969107463, 43.05445814406735], [-70.71982070168586, 43.05443289735628], [-70.71975884487637, 43.05438610339805], [-70.71964242159918, 43.05436762743472], [-70.71961367237256, 43.05437050140605], [-70.7195468465754, 43.054357961199926], [-70.71948808874227, 43.054365744366805], [-70.71946282534596, 43.054395305437154], [-70.71946001035768, 43.054431667912056], [-70.7194599164623, 43.05443776832439], [-70.71945962856279, 43.05445647323492], [-70.71943907879691, 43.05447284212474], [-70.71940750843058, 43.05447258079666], [-70.71939203215061, 43.05445366308468], [-70.71938979913506, 43.05445093351643], [-70.71936752889191, 43.05443255627515], [-70.71932263205251, 43.05441895341369], [-70.71927091924634, 43.05440860190337], [-70.71923542576714, 43.05441952080834], [-70.71916166797243, 43.054437927070595], [-70.71906548153194, 43.05444594728314], [-70.718980534366, 43.05449393987301], [-70.7189687249265, 43.05451467127795], [-70.71895248240347, 43.05453074432006], [-70.71892463646944, 43.05453242279937], [-70.71891400138607, 43.05453336040549], [-70.71890853659296, 43.05452900489435], [-70.7189078863678, 43.05451238660788], [-70.71890373476847, 43.054487765129764], [-70.71887968096308, 43.05446098526712], [-70.71884533326276, 43.05445538465249], [-70.71880908138321, 43.05445574889973], [-70.7187774722839, 43.05444884191643], [-70.718762255507, 43.05444288685334], [-70.71877182045515, 43.054416118298306], [-70.71880803110257, 43.0543681097169], [-70.71890014663438, 43.05430941603283], [-70.71890452186013, 43.05430276762701], [-70.71891622998083, 43.05430146926261], [-70.71895715139604, 43.054280307483495], [-70.71897377690223, 43.054225866505824], [-70.71896924187737, 43.05420442166718], [-70.71896536802069, 43.05418610329265], [-70.71898642712318, 43.0541366607264], [-70.71901637891533, 43.05409556129298], [-70.71904161693486, 43.05406765400863], [-70.71906885531003, 43.05405630227269], [-70.71908235991134, 43.054058067998795], [-70.71909321614875, 43.05407723938164], [-70.7190955335017, 43.05408133166896], [-70.71910214576285, 43.05409130981534], [-70.71916075061439, 43.054093448973155], [-70.71918819265932, 43.05406886770348], [-70.71921596565163, 43.054022788480374], [-70.71923689720255, 43.05398161430526], [-70.71923715178815, 43.05396507742304], [-70.7192479627303, 43.05395792323698], [-70.71926677237809, 43.053945475867586], [-70.71927059562425, 43.053946445750654], [-70.71930720975995, 43.05395573403545], [-70.71932535164187, 43.053949268628166], [-70.71939148025227, 43.053957407721335], [-70.7193739435997, 43.05401582684566], [-70.71943398889461, 43.054070902555075], [-70.71950584384497, 43.05409134410228], [-70.71960957441058, 43.05409220262382], [-70.71966397462656, 43.05407445993846], [-70.71967479537268, 43.05407322925382], [-70.71973175220623, 43.05406675131866], [-70.71976775605724, 43.0540720109395], [-70.71979658778083, 43.05410367358815], [-70.71979424059283, 43.0541195855482], [-70.71978903398266, 43.05415488195317], [-70.71978827066505, 43.0542044926059], [-70.71978725290519, 43.05427064014222], [-70.71981662950117, 43.05429958699066], [-70.71981732669198, 43.05430957655232], [-70.71985193585313, 43.05436560351217], [-70.71988227868923, 43.054369570601565], [-70.71993305967838, 43.05436255865288], [-70.71996886928999, 43.05434055866578], [-70.7200106028665, 43.054262867070655], [-70.72005539381529, 43.05419898507408], [-70.72005462039763, 43.054195813158394], [-70.72004949844865, 43.05416942091552], [-70.72003906751844, 43.05412879636174], [-70.72003928573741, 43.05411460977338], [-70.72007561779864, 43.05408856044166], [-70.7201999486266, 43.05409161574338], [-70.72023789387501, 43.05410124133791], [-70.72029684980664, 43.05410172891846], [-70.72037695149187, 43.05411168405722], [-70.72035933369351, 43.054151714369056], [-70.72040889157456, 43.05416428565499], [-70.72044949065429, 43.054120699265006], [-70.7204890395851, 43.054125614407866], [-70.72070661988086, 43.0541459934256], [-70.72084831476285, 43.054158312767704], [-70.72113625757659, 43.054216432908994], [-70.72140456208129, 43.0542335136652], [-70.72157170473682, 43.05423861023483], [-70.72166791419632, 43.05424312081485], [-70.7218000466648, 43.05421819960803], [-70.72194720788075, 43.05420455044145], [-70.72197665016378, 43.05420584743882], [-70.72199172139482, 43.05422398216394], [-70.72202199664127, 43.054232339741304], [-70.72208844765807, 43.05422478061626], [-70.72209797477538, 43.05421119197456], [-70.72212235748457, 43.05417641459246], [-70.7221507089461, 43.05413002959414], [-70.72221464505459, 43.05410623433035], [-70.7223640350743, 43.0540973326164], [-70.7225379554604, 43.054110929143654], [-70.72268992253373, 43.0541142097467], [-70.7229683005978, 43.05416515169449], [-70.7231913448315, 43.05421969059452], [-70.72327658174102, 43.05424877010386], [-70.72342823858439, 43.05427231630359], [-70.72358262810152, 43.05429791173655], [-70.72362961847712, 43.05432282111137], [-70.72368837336492, 43.05433410876807], [-70.72378885284965, 43.05439067731729], [-70.72390521560095, 43.054402784148046], [-70.7239961311874, 43.054422113318765], [-70.72413794124701, 43.054426997455764], [-70.7242085902274, 43.05444615953142], [-70.72435535325764, 43.05445851627146], [-70.72442628678878, 43.054459100353824], [-70.72454310486093, 43.05444148196165], [-70.72467461103842, 43.05445742872367], [-70.72478027206554, 43.054506606974556], [-70.72498692592316, 43.05457891248582], [-70.72512321497521, 43.05461347829243], [-70.72514845189448, 43.054611739876314], [-70.72518903972686, 43.054623284021254], [-70.72523602140227, 43.05462367054147], [-70.72526997105268, 43.05461619591813], [-70.72528039446104, 43.05461390101578], [-70.72529439860874, 43.054601854738884], [-70.72532212788157, 43.05459600210535], [-70.72534687652356, 43.054604313340704], [-70.72535476441, 43.05463072809938], [-70.72535507005297, 43.05463200224], [-70.72536255930473, 43.054663222832644], [-70.72538128473735, 43.05470391512913], [-70.72538935864232, 43.054718169934915], [-70.72544149569492, 43.05474292173669], [-70.72549943901431, 43.054749479048404], [-70.7255713244882, 43.05474804333718], [-70.72562878233956, 43.054752350753425], [-70.72563206245223, 43.05475259665125], [-70.72565653229113, 43.05477914774708], [-70.72565634078941, 43.05477993575878], [-70.72565415721304, 43.05478892097107], [-70.7256385268917, 43.0548001289486], [-70.72551540553724, 43.05481365463218], [-70.7253785474946, 43.05481624501552], [-70.72537302612315, 43.054845927920795], [-70.72550385149883, 43.05490646061255], [-70.725563913456, 43.05495526309899], [-70.72562796270371, 43.05507470310541], [-70.72555157798328, 43.05516010190184], [-70.7254152630353, 43.05517542850955], [-70.72538173187942, 43.0552165156694], [-70.72534463914029, 43.05528236650795], [-70.72534312139973, 43.055381587952226], [-70.72538741324044, 43.0554348770461], [-70.72560207872093, 43.05555572329392], [-70.72563694601415, 43.05563539716534], [-70.72550083231407, 43.05568720253298], [-70.72529326426911, 43.05569211078747], [-70.72501282527084, 43.05574272821104], [-70.7247960342235, 43.05576079085787], [-70.72461532429433, 43.05577915012937], [-70.72446533310057, 43.05579986700692], [-70.72431309329302, 43.05577996947631], [-70.72415538985916, 43.05576874729979], [-70.72395577865423, 43.05579350677074], [-70.72378535460057, 43.05577893016805], [-70.72338927226015, 43.05572274119089], [-70.7231455213807, 43.05573396288226], [-70.72275446839971, 43.055800782431675], [-70.72262599168481, 43.05578591066613], [-70.72246828858442, 43.055774686167226], [-70.72232360845302, 43.055796646893185], [-70.72223775957028, 43.05582818669011], [-70.72215166423922, 43.055831613595075], [-70.7221154814643, 43.05583793053763], [-70.7218083846261, 43.05586185768405], [-70.72138506347558, 43.05593716394056], [-70.72124165134124, 43.0559242778926], [-70.72102382069478, 43.05584214580413], [-70.7206994963082, 43.055813002856716], [-70.72014283881916, 43.05576810419063], [-70.71977684322484, 43.05580923646571], [-70.71959674014067, 43.05580159911405], [-70.7188218084136, 43.055776602844745], [-70.71833067425071, 43.05575023753081], [-70.71788041846875, 43.05570191281014], [-70.71762834043989, 43.055618069655324], [-70.71756495849367, 43.055586318393686]]]}, "properties": {"id": 83, "Hectares": 7.4213283437, "Acres": 18.3384734037, "Year": "2016", "LABEL": "Little Harbor/Back Channel", "100 M2?": "y"}}, {"type": "Feature", "geometry": {"type": "Polygon", "coordinates": [[[-70.71821110833892, 43.05463071871474], [-70.71820874678977, 43.05461955102209], [-70.7182038518994, 43.05460836233233], [-70.71820143308737, 43.05460091020476], [-70.71820425275315, 43.054582353375686], [-70.7182247199033, 43.05456951687207], [-70.71824754859851, 43.054567848056735], [-70.71826767216945, 43.05457730493715], [-70.71825969994772, 43.05460139312433], [-70.71826194698278, 43.0546199919466], [-70.71825164182658, 43.054631054658685], [-70.71821110833892, 43.05463071871474]]]}, "properties": {"id": 84, "Hectares": 0.00301205711, "Acres": 0.00744294372, "Year": "2016", "LABEL": "Little Harbor/Back Channel", "100 M2?": "n"}}, {"type": "Feature", "geometry": {"type": "Polygon", "coordinates": [[[-70.71791920109584, 43.05466545934423], [-70.717919258378, 43.05466174377934], [-70.71786073368068, 43.0546779807276], [-70.71778942764648, 43.054701543744194], [-70.71775617904795, 43.054721706263194], [-70.7177097766846, 43.054773346031666], [-70.71766386127487, 43.05479340348173], [-70.71762295523517, 43.054817218497675], [-70.71755577012857, 43.054902130198194], [-70.71749129011818, 43.054975916176645], [-70.71744275516166, 43.05500152586839], [-70.71739151486202, 43.05503826121607], [-70.71734818982895, 43.05505462398688], [-70.71726919709975, 43.055083696968744], [-70.7172384528244, 43.055105738132276], [-70.71722296602827, 43.055124189838494], [-70.71717722218322, 43.05513310039669], [-70.717146993818, 43.05512170146107], [-70.71713216629244, 43.05509742417156], [-70.71714016768686, 43.05507147828795], [-70.71718619812701, 43.05504398992488], [-70.71721990568598, 43.054994103064814], [-70.71729431883395, 43.0549334057868], [-70.71735381830464, 43.05485400454249], [-70.71742296385872, 43.05480626961916], [-70.71749797830944, 43.05470655877694], [-70.71760287690293, 43.05464054009133], [-70.71768468872874, 43.05459291005523], [-70.71783162251216, 43.054594128458746], [-70.71786444137697, 43.054601832653056], [-70.71788735601861, 43.05459459056247], [-70.71794852853048, 43.05457094347238], [-70.71797633799548, 43.05457489006407], [-70.71799631833281, 43.05459363590433], [-70.71800098407573, 43.05461968686265], [-70.71799298310532, 43.054645632812516], [-70.71794718244284, 43.05465825924864], [-70.71791920109584, 43.05466545934423]]]}, "properties": {"id": 85, "Hectares": 0.11946832097, "Acres": 0.29521219453, "Year": "2016", "LABEL": "Little Harbor/Back Channel", "100 M2?": "y"}}, {"type": "Feature", "geometry": {"type": "Polygon", "coordinates": [[[-70.74083964466172, 43.067784370240666], [-70.74085932146988, 43.067781444957184], [-70.74090003164524, 43.06777062621714], [-70.74096084525681, 43.0677711181934], [-70.7410064554665, 43.06777148715439], [-70.7410578603188, 43.067723594537355], [-70.74108375839677, 43.06768664368621], [-70.74114473964472, 43.06767598882082], [-70.74121546514961, 43.0676914249619], [-70.7412456483214, 43.06770653319461], [-70.74125004532804, 43.06775116115249], [-70.74119908781923, 43.0677693292082], [-70.74118998122228, 43.06778161123145], [-70.74115151959928, 43.06778833139407], [-70.74110653504906, 43.067800740453215], [-70.74104645495429, 43.067823975590876], [-70.74098355686951, 43.06786908430362], [-70.74096572573335, 43.067896310561586], [-70.74096313519384, 43.06789804444131], [-70.74095126635257, 43.06790598839968], [-70.74091174375778, 43.06790824217819], [-70.74086633211604, 43.06789469987457], [-70.74084446225439, 43.06787830765967], [-70.74077382171558, 43.067887870656634], [-70.7407279830146, 43.0679027015746], [-70.74069985251202, 43.06793490449886], [-70.74069761615188, 43.06799163986555], [-70.7407015794617, 43.06800383339266], [-70.74070757775839, 43.06802880675764], [-70.74071328635118, 43.068052573948165], [-70.7406922952001, 43.0680696328195], [-70.74066046062761, 43.06807241557405], [-70.74063845346109, 43.06806514330127], [-70.74061281925442, 43.068050720772824], [-70.74061103985902, 43.06804971963425], [-70.74058923103637, 43.068029274046246], [-70.74054391092018, 43.068009651627484], [-70.74047787428796, 43.06798884806128], [-70.74040323979952, 43.0679882439556], [-70.740361532038, 43.068004121618856], [-70.74032339071813, 43.06805853941581], [-70.74032302446524, 43.06808285936306], [-70.74030738392052, 43.068112112859204], [-70.74026096070088, 43.0681370575416], [-70.74009305067285, 43.068180290453256], [-70.73993037618878, 43.0682124174204], [-70.73987559275753, 43.068230292422584], [-70.73982866815791, 43.0682329014794], [-70.73975793544417, 43.068248543829064], [-70.73970878223531, 43.06829983185554], [-70.73969646082894, 43.06833434150272], [-70.73959799887898, 43.068406674864455], [-70.73948104624753, 43.068431739534404], [-70.73939405255275, 43.06848677511707], [-70.73937310895371, 43.06853119779309], [-70.73927046326108, 43.06861583470329], [-70.73919889683474, 43.0686561310335], [-70.73914788195351, 43.068678013738634], [-70.73911179050992, 43.068718597550756], [-70.73907987038187, 43.06881867168268], [-70.73907437338542, 43.068902436403114], [-70.73906895313414, 43.06890825680722], [-70.73902156139187, 43.06891517143004], [-70.738994187785, 43.068914949519645], [-70.73897928424371, 43.068913003998105], [-70.73895661248164, 43.0689310671946], [-70.738953821277, 43.06895111626377], [-70.7389411310588, 43.06896743567919], [-70.73891873445282, 43.06896725410071], [-70.73889633784704, 43.06896707251785], [-70.73886015951688, 43.06898228288566], [-70.73882924609747, 43.06896899714814], [-70.73883994236199, 43.06893192355329], [-70.7388909015186, 43.06891375656731], [-70.73889901897407, 43.06886022789527], [-70.73893031208345, 43.06885969067623], [-70.7389755454885, 43.06883086219527], [-70.73900850142098, 43.06879098596767], [-70.73899187986329, 43.06873793492381], [-70.73896981354449, 43.06871585963442], [-70.73895526777841, 43.06869019591164], [-70.73896076760666, 43.068655571201525], [-70.73899328319362, 43.06864488660572], [-70.73900857189116, 43.06862128944901], [-70.73900749920278, 43.06861925846969], [-70.73901295082949, 43.068610390923276], [-70.7390079113348, 43.068577919523804], [-70.73896921161564, 43.068577605789386], [-70.73891933256331, 43.06858530904249], [-70.73889427559136, 43.068575868250356], [-70.73888359580519, 43.06857184439204], [-70.73886456692954, 43.068550407562235], [-70.73886080265501, 43.06852504067745], [-70.73886808014689, 43.06850077677354], [-70.73888113070699, 43.06846034440305], [-70.73889826646504, 43.06842547238289], [-70.73890394785882, 43.06841391048756], [-70.73890993489516, 43.06838355539042], [-70.73890747631873, 43.068363266365445], [-70.73889806125374, 43.0683459613034], [-70.73889314561976, 43.06834119827111], [-70.73885498641, 43.06827059174743], [-70.73882357822924, 43.068254869513986], [-70.73873361234006, 43.06825139006297], [-70.73865378540738, 43.068228446708034], [-70.73864191195128, 43.068190852595144], [-70.73865061747532, 43.06816355992109], [-70.73865953498722, 43.06815021238546], [-70.73865919055947, 43.06814637497649], [-70.73865398821484, 43.06814127115945], [-70.73866252710765, 43.06813311344319], [-70.73866280236284, 43.06811486867482], [-70.73865049760671, 43.06810564538559], [-70.738602551825, 43.06809080886932], [-70.73859426181369, 43.06808267584395], [-70.73855901130028, 43.06806752581403], [-70.73850923012586, 43.068007665520874], [-70.73850494722532, 43.06795560632174], [-70.73846980524672, 43.067923395021154], [-70.73847700935659, 43.0678925730817], [-70.73845541155639, 43.067839481588464], [-70.7384235020183, 43.06781002754625], [-70.73842076800518, 43.06780720625155], [-70.73838429232119, 43.06776956607426], [-70.73836996728832, 43.06772930646276], [-70.73836075686336, 43.067679964839925], [-70.73839327203292, 43.067669280408985], [-70.73839689879898, 43.06766200394647], [-70.73839810929765, 43.067646308961095], [-70.73837001491789, 43.06760394739767], [-70.73837203231771, 43.067592470700205], [-70.73837493377653, 43.06756512373426], [-70.73835281302635, 43.067546697281095], [-70.73831570650016, 43.06753179864916], [-70.73830960477595, 43.06752671594083], [-70.73829358577972, 43.06751337218473], [-70.7382939162101, 43.06749147846259], [-70.73830912227382, 43.067473354825026], [-70.73832651389534, 43.06747532061887], [-70.73834387798367, 43.06747911088696], [-70.73837109512054, 43.067490207143], [-70.73840324288845, 43.067503313572935], [-70.73844795243424, 43.06750915034822], [-70.73848298348057, 43.06749666159884], [-70.73849838096766, 43.067493881115745], [-70.73855249751152, 43.06749148786794], [-70.73866426882823, 43.06747381418906], [-70.73884208925085, 43.06744552785634], [-70.73884843876856, 43.067442048804324], [-70.73887560677923, 43.067451912224925], [-70.73890323364554, 43.067453149671046], [-70.73893400680542, 43.06742907624977], [-70.73895106585601, 43.067397797454596], [-70.73895901073199, 43.06737100775929], [-70.7389612602088, 43.06736342263974], [-70.738968445821, 43.06734523870818], [-70.73899069704203, 43.0673362980047], [-70.73901964483774, 43.06734159995034], [-70.73901939927045, 43.06735788361721], [-70.73901927807862, 43.067365919891685], [-70.73902427164637, 43.06740143128925], [-70.7390471714885, 43.067441141661504], [-70.73908564128475, 43.067456655326325], [-70.73913814609728, 43.06745809437421], [-70.73918806403356, 43.067449059617864], [-70.7392473989394, 43.06745624551701], [-70.73937882496162, 43.067479606797505], [-70.73945923991843, 43.06745677595434], [-70.7395080816925, 43.06748881500004], [-70.7395525938293, 43.06752886914365], [-70.73955633559254, 43.06753223615753], [-70.73956040089494, 43.06754972525466], [-70.73953665739666, 43.06760008781619], [-70.73953876086699, 43.067625650662194], [-70.73956588642005, 43.06764229273417], [-70.73961844651545, 43.06762264685222], [-70.73965892173315, 43.06757918194348], [-70.73966116007885, 43.06757625076487], [-70.73971150923917, 43.06755771154023], [-70.73978348200187, 43.067571067438756], [-70.73985506994156, 43.06760996597895], [-70.73993234956271, 43.06760146836234], [-70.73999196259454, 43.06760924993144], [-70.7400198028692, 43.06757845547681], [-70.74002273107999, 43.06754928398446], [-70.74002051747173, 43.06753101905609], [-70.7400234731641, 43.06750002308573], [-70.73993681709803, 43.067470126122274], [-70.73986257054202, 43.06746770938551], [-70.73979302428917, 43.06744150646841], [-70.73973944016512, 43.06740468672386], [-70.73971713423236, 43.067387967078], [-70.73969061633551, 43.06735136655715], [-70.73968921839311, 43.06734668990691], [-70.73967099818387, 43.06732154198563], [-70.73967431214315, 43.06728508445909], [-70.73968291018073, 43.06726488501443], [-70.73970528343328, 43.06724783752181], [-70.73974393651504, 43.06725119099294], [-70.73975754377638, 43.06726548958179], [-70.73976609391788, 43.067280354793546], [-70.73977101362111, 43.06728890814909], [-70.7397858350427, 43.06731436457196], [-70.73981986853516, 43.067349097697665], [-70.73983746715655, 43.06735269161048], [-70.73984183996824, 43.06736072878468], [-70.73990181345812, 43.067416955019084], [-70.7400734460202, 43.067462937323114], [-70.74015730931865, 43.06746361636609], [-70.74017773553548, 43.067450300832796], [-70.74019854346629, 43.06744540202794], [-70.74021502192673, 43.06745262962468], [-70.74021712308738, 43.06745355886299], [-70.74021944723299, 43.06748002873149], [-70.74022323490492, 43.067503875583974], [-70.74023400943683, 43.067522711728145], [-70.74025729164165, 43.0675370885849], [-70.74029179860813, 43.06754040830489], [-70.74033481188012, 43.06752960850753], [-70.74036954773926, 43.067517728235465], [-70.74037744689905, 43.06749802980928], [-70.74038744210543, 43.067476828167074], [-70.74039611623267, 43.067451562011236], [-70.74040144167417, 43.0674422730743], [-70.7404539767014, 43.0674362897283], [-70.74051952209143, 43.06745911643808], [-70.74049835588798, 43.067518401660884], [-70.74045703039876, 43.06757009164435], [-70.74043124389374, 43.06759961119057], [-70.74040540141385, 43.06763284631094], [-70.74028822674556, 43.06767277414701], [-70.74025731636287, 43.067705968206], [-70.7402869956862, 43.06775451691064], [-70.74041819896132, 43.067792739326485], [-70.7405599855405, 43.06780131897951], [-70.74063757100744, 43.067793427384146], [-70.74067808328218, 43.067774095769146], [-70.74071438437802, 43.0677500666022], [-70.74073376449398, 43.06774819651095], [-70.74075864256179, 43.06774839781217], [-70.74076659968368, 43.06777075820038], [-70.74076196916563, 43.067791805383955], [-70.74075769686232, 43.06781122435352], [-70.74076844873137, 43.067831580445336], [-70.74080997324403, 43.06782786260705], [-70.74083260567957, 43.06779358826213], [-70.74083964466172, 43.067784370240666]]]}, "properties": {"id": 86, "Hectares": 1.65804992266, "Acres": 4.09712426139, "Year": "2016", "LABEL": "Little Harbor/Back Channel", "100 M2?": "y"}}, {"type": "Feature", "geometry": {"type": "Polygon", "coordinates": [[[-70.73732840977098, 43.069624962364436], [-70.73732917997185, 43.069625710093426], [-70.73734894651984, 43.06965931490961], [-70.73740830242703, 43.06975641376188], [-70.73745307207565, 43.06981251778981], [-70.73750133813954, 43.06997269907423], [-70.7374790455003, 43.070106295191245], [-70.7374379402526, 43.07014312171891], [-70.73741037734882, 43.07012932425868], [-70.7374105444727, 43.07011826247694], [-70.7373884506749, 43.070098011364074], [-70.73736154517634, 43.070066772974045], [-70.73732941449508, 43.07005191443653], [-70.73730589298681, 43.07005100445621], [-70.73726252562308, 43.07001163603406], [-70.73723575120809, 43.06996333348927], [-70.73724394168443, 43.06994356297787], [-70.73725176573313, 43.06991990543301], [-70.73721515432086, 43.06987216587985], [-70.73718565017803, 43.06984820513808], [-70.73716505162247, 43.06983996649036], [-70.73715284998383, 43.069819483911324], [-70.73715628391733, 43.06981512201125], [-70.737151720407, 43.069787714449824], [-70.73713482447721, 43.0697529079131], [-70.7371101872126, 43.069736285483614], [-70.7371084431462, 43.06968700442918], [-70.73710130840733, 43.069665050076765], [-70.73704910424466, 43.06966097659018], [-70.73703129433086, 43.069658556393684], [-70.7369919781658, 43.06965321369341], [-70.73700348660452, 43.06962722884383], [-70.73700486207507, 43.069624123173746], [-70.73705977533645, 43.06961362109233], [-70.73706522117318, 43.06958264544065], [-70.73701580895154, 43.06955852292475], [-70.7369416769032, 43.069523251349125], [-70.73687733358719, 43.06949900746017], [-70.73684794007654, 43.06946774873079], [-70.73682866619976, 43.0694256240266], [-70.73678425883587, 43.06939971737899], [-70.73676772633185, 43.0693921243953], [-70.7367300264638, 43.06936072032634], [-70.73670502389545, 43.06933822094537], [-70.73673109379352, 43.06929012439431], [-70.73674674694735, 43.06926052334536], [-70.73680277489625, 43.06924239848297], [-70.73689889681255, 43.069254327625885], [-70.73704001231344, 43.069307498573124], [-70.73709029845924, 43.06933391930688], [-70.73709663439679, 43.06934556542449], [-70.73711351655696, 43.06935130092107], [-70.73713320418872, 43.06936605844478], [-70.73716257022669, 43.069399141577996], [-70.73717722568664, 43.06941750761746], [-70.73726308362114, 43.06950031646856], [-70.73730948358886, 43.06955908370559], [-70.73732840977098, 43.069624962364436]]]}, "properties": {"id": 87, "Hectares": 0.22105268132, "Acres": 0.54623222818, "Year": "2016", "LABEL": "Little Harbor/Back Channel", "100 M2?": "y"}}, {"type": "Feature", "geometry": {"type": "Polygon", "coordinates": [[[-70.73796696581707, 43.07136070057746], [-70.73803023282271, 43.071366788072844], [-70.73802499642645, 43.07137789366975], [-70.7380195356225, 43.07140386156788], [-70.73797330561094, 43.07144436272003], [-70.73794512248128, 43.07146457215587], [-70.73790418491367, 43.07149025211087], [-70.73786130242722, 43.0714768979434], [-70.73783384871301, 43.07144880487432], [-70.73784204004099, 43.07140985304169], [-70.73787286944665, 43.0713822330488], [-70.73796696581707, 43.07136070057746]]]}, "properties": {"id": 88, "Hectares": 0.01429129466, "Acres": 0.03531450367, "Year": "2016", "LABEL": "Lower Piscataqua River South", "100 M2?": "y"}}, {"type": "Feature", "geometry": {"type": "Polygon", "coordinates": [[[-70.74213461040266, 43.06989885823045], [-70.74210987993796, 43.069921818646705], [-70.74205112418598, 43.069940635090916], [-70.74201747119083, 43.069938010635944], [-70.74200449633436, 43.069933970549236], [-70.74199408103124, 43.06993072745005], [-70.74198890664633, 43.06992461847229], [-70.74198457345618, 43.06991950262407], [-70.74197257577498, 43.06989001549618], [-70.7419590131277, 43.06987267717322], [-70.74194679140547, 43.06986393335901], [-70.74195254411721, 43.069843234719805], [-70.74195421573724, 43.069823992594564], [-70.74194536006573, 43.069814790940086], [-70.74193652185951, 43.06980560742984], [-70.74193109985808, 43.06979846943289], [-70.74193412317449, 43.06978126513994], [-70.74195499270095, 43.069772312698476], [-70.74196532723772, 43.06977408427634], [-70.74197981065933, 43.06977656706698], [-70.74200737770961, 43.06978185709865], [-70.74202280998306, 43.069766779982345], [-70.74199676679791, 43.0697508034594], [-70.7420160036448, 43.06973242432461], [-70.74206155946828, 43.06973650845914], [-70.74208678758596, 43.0697441443649], [-70.74211663686977, 43.069781545858206], [-70.74212690467229, 43.06979928206542], [-70.74213149803836, 43.069801102168405], [-70.7421519867602, 43.069817482974535], [-70.74216535144565, 43.06984799458271], [-70.7421523941161, 43.06988234734735], [-70.74213461040266, 43.06989885823045]]]}, "properties": {"id": 89, "Hectares": 0.02918914669, "Acres": 0.07212784093, "Year": "2016", "LABEL": "Little Harbor/Back Channel", "100 M2?": "y"}}, {"type": "Feature", "geometry": {"type": "Polygon", "coordinates": [[[-70.74293031992906, 43.06997682863627], [-70.74295440433448, 43.07002242160772], [-70.74295390212801, 43.07005586184072], [-70.74292304775439, 43.070085341026974], [-70.74287793661907, 43.07008243030999], [-70.74286279009893, 43.07007456022497], [-70.74283658978841, 43.070070294887884], [-70.74283192674986, 43.07007071245403], [-70.74280180655958, 43.07005835001667], [-70.74278164621361, 43.07005075518484], [-70.74277724795904, 43.070006127291734], [-70.74275235452299, 43.069976198049154], [-70.74269716484679, 43.06993859211416], [-70.74266191224517, 43.06992344333384], [-70.74263690725925, 43.06990094522898], [-70.74262766442372, 43.069841414081], [-70.74264715680319, 43.06980679759291], [-70.74265576356433, 43.06977696001667], [-70.74266431532048, 43.069759800345345], [-70.74269627246537, 43.06974891038924], [-70.7427125048298, 43.06975029577442], [-70.74271647068493, 43.069750634248294], [-70.74272250307288, 43.06975114909427], [-70.74273483596684, 43.0697583428538], [-70.74274297671599, 43.06976854312757], [-70.7427497048636, 43.069780758904194], [-70.74276044250688, 43.06980212814273], [-70.74276431500985, 43.06982040158859], [-70.74276695756458, 43.06982853055967], [-70.74276899789608, 43.069851245229536], [-70.74277051042642, 43.06986808396716], [-70.74276993202103, 43.06990659056465], [-70.74278059358738, 43.06993302645863], [-70.7428009759824, 43.06995650047075], [-70.74282286232173, 43.06997187898601], [-70.74286292990615, 43.06997321591513], [-70.74290032447568, 43.069968450525366], [-70.74293031992906, 43.06997682863627]]]}, "properties": {"id": 90, "Hectares": 0.03795391538, "Acres": 0.0937860226, "Year": "2016", "LABEL": "Little Harbor/Back Channel", "100 M2?": "y"}}, {"type": "Feature", "geometry": {"type": "Polygon", "coordinates": [[[-70.74246220830341, 43.07075031594411], [-70.74244520052439, 43.070762513258835], [-70.74242808905491, 43.07076372982797], [-70.74240868348853, 43.07076510949668], [-70.74238120733122, 43.0707537395707], [-70.74237865615858, 43.07073953060465], [-70.74239136990508, 43.07072139112012], [-70.74240681755262, 43.07070530062451], [-70.74240952511762, 43.07070277809439], [-70.74242753123134, 43.07067962097462], [-70.74245471081015, 43.07067322185834], [-70.74245847599576, 43.07067126041591], [-70.7424765052575, 43.07066735221257], [-70.74249722274861, 43.07066853298858], [-70.74252044576562, 43.07068696271816], [-70.74252018692803, 43.070704189350224], [-70.74250466318011, 43.070725346517854], [-70.74248642073454, 43.070743441363376], [-70.74246220830341, 43.07075031594411]]]}, "properties": {"id": 91, "Hectares": 0.00820329525, "Acres": 0.02027075273, "Year": "2016", "LABEL": "Little Harbor/Back Channel", "100 M2?": "n"}}, {"type": "Feature", "geometry": {"type": "Polygon", "coordinates": [[[-70.74411876465926, 43.07186585435969], [-70.74410641211102, 43.07186390223518], [-70.74407257196326, 43.07184486559709], [-70.74402172333343, 43.07185560371047], [-70.74398106671394, 43.071862707952214], [-70.74389997643613, 43.071862054067125], [-70.74389496404127, 43.07185829761617], [-70.74389346966774, 43.07185309817104], [-70.74388397446825, 43.0718492504898], [-70.74387442064287, 43.07184106581309], [-70.74386637066128, 43.07182478563031], [-70.74386520131215, 43.071810587843], [-70.74387373782093, 43.0717944414183], [-70.74388496271932, 43.07178338394306], [-70.74390581744888, 43.071775444484054], [-70.74394754209477, 43.07175855222296], [-70.74398923631372, 43.071743686609445], [-70.7439989725629, 43.07173971129831], [-70.74403791754717, 43.071723810045334], [-70.74407244228321, 43.07172611531488], [-70.74411102243836, 43.071734533994274], [-70.74414258517749, 43.071749990265964], [-70.74415325256284, 43.07176200525895], [-70.74417504939656, 43.071771371159926], [-70.74421013624554, 43.07179766622733], [-70.7442156556267, 43.07180740211166], [-70.74422737006708, 43.071811481008304], [-70.74424646260834, 43.07182886363445], [-70.7442503812645, 43.071844097034116], [-70.74422815954466, 43.07185101208226], [-70.74421022123228, 43.07184884056917], [-70.74418804216089, 43.07184436988178], [-70.74417894719863, 43.07184943923024], [-70.74411876465926, 43.07186585435969]]]}, "properties": {"id": 92, "Hectares": 0.03301719158, "Acres": 0.08158713125, "Year": "2016", "LABEL": "Lower Piscataqua River South", "100 M2?": "y"}}, {"type": "Feature", "geometry": {"type": "Polygon", "coordinates": [[[-70.7505976064653, 43.07630418963865], [-70.75060020621063, 43.07633053213051], [-70.75060494262617, 43.076352866218556], [-70.75059926524163, 43.07639369708065], [-70.75052301594081, 43.076407950751296], [-70.75046213826627, 43.07641117936372], [-70.75033559120865, 43.07639901797828], [-70.75033581267716, 43.07638415563824], [-70.75034110266837, 43.076369333886014], [-70.75036165358749, 43.07635091830991], [-70.75036870621496, 43.0763311578806], [-70.75037958547622, 43.07630314269937], [-70.75038440908689, 43.076262063708626], [-70.7504290196216, 43.07620272115309], [-70.75049734957794, 43.076206677476264], [-70.75058056632139, 43.07623341977694], [-70.75060187591346, 43.07625894980491], [-70.75059547702624, 43.07628450902888], [-70.7505976064653, 43.07630418963865]]]}, "properties": {"id": 93, "Hectares": 0.03884793244, "Acres": 0.09599518346, "Year": "2016", "LABEL": "Lower Piscataqua River South", "100 M2?": "y"}}, {"type": "Feature", "geometry": {"type": "Polygon", "coordinates": [[[-70.75517744617719, 43.072067637010804], [-70.75509384882317, 43.072065113073485], [-70.75508886325571, 43.072059499310214], [-70.75508894586312, 43.07205392592106], [-70.75509420678658, 43.07204096172049], [-70.75514001308284, 43.07202832050245], [-70.75517301126705, 43.072024867322554], [-70.75520846093696, 43.072027007706936], [-70.75523371920245, 43.07203278293813], [-70.75524614185422, 43.07204960402516], [-70.75521545749162, 43.07206793978194], [-70.75517744617719, 43.072067637010804]]]}, "properties": {"id": 94, "Hectares": 0.00482695988, "Acres": 0.01192765921, "Year": "2016", "LABEL": "South Mill Pond", "100 M2?": "n"}}, {"type": "Feature", "geometry": {"type": "Polygon", "coordinates": [[[-70.86154031484091, 43.08458872919022], [-70.86156185434926, 43.08455356574396], [-70.86154504566039, 43.084478460272706], [-70.86153247119084, 43.08441968615747], [-70.8615063830109, 43.084373858208075], [-70.86144886244435, 43.08435063126684], [-70.86136399621701, 43.08432990379389], [-70.86133493335447, 43.08429636163573], [-70.86132108828079, 43.08419221533306], [-70.86139834476815, 43.0840998582608], [-70.86147077504884, 43.08398888701968], [-70.8614774016272, 43.08387002065539], [-70.86147784150131, 43.08386646789329], [-70.8614979707655, 43.0838478692031], [-70.86165845611099, 43.08378768381316], [-70.8618143096648, 43.083694021338346], [-70.86188437431552, 43.08357002707795], [-70.86202516509388, 43.08346511027998], [-70.86206659587923, 43.08344465838422], [-70.86225961493967, 43.083370141819884], [-70.8623790756221, 43.083151735673155], [-70.86255337342536, 43.08300431935637], [-70.86266581948765, 43.08293450487309], [-70.86286897666959, 43.08290620385325], [-70.86314724912835, 43.08294903455652], [-70.86325862620103, 43.08296096468194], [-70.86346964012496, 43.08310737124857], [-70.86361533733546, 43.0832087266789], [-70.86357839657077, 43.08331994837513], [-70.8634842375732, 43.083542249398946], [-70.86337613233152, 43.08366783562151], [-70.86325272167578, 43.083800746342256], [-70.86291991484562, 43.08405109932338], [-70.86273518473543, 43.08422073906296], [-70.8625446066498, 43.08444979389574], [-70.86239477643504, 43.08466427068406], [-70.86214209890927, 43.08498950513073], [-70.8620177102225, 43.08519672821278], [-70.8618881053446, 43.085415062556315], [-70.86177031528571, 43.085530148429065], [-70.86174365444809, 43.08553645449732], [-70.86168391767245, 43.08552139119491], [-70.86168513404849, 43.085428499000585], [-70.86173762834106, 43.08529137515905], [-70.86178437192095, 43.08520623526361], [-70.86180533058166, 43.085154358259324], [-70.86179085211589, 43.08509851596683], [-70.86175556098041, 43.085083403607975], [-70.86165427050297, 43.08507525901033], [-70.86161815222255, 43.085123313305054], [-70.86162302698258, 43.08513821172167], [-70.86162736650729, 43.08519398270513], [-70.861601630238, 43.08522352988236], [-70.86156531718018, 43.08528644690935], [-70.86154911823873, 43.085320958744305], [-70.86153310330967, 43.085325394416145], [-70.86145881098597, 43.08528941353219], [-70.86145481228839, 43.085207632730324], [-70.86149653546612, 43.08511874159376], [-70.86158607269316, 43.08486296548519], [-70.86156871486243, 43.084639881530336], [-70.86154031484091, 43.08458872919022]]]}, "properties": {"id": 95, "Hectares": 2.39910427769, "Acres": 5.92830662539, "Year": "2016", "LABEL": "Great Bay", "100 M2?": "y"}}, {"type": "Feature", "geometry": {"type": "Polygon", "coordinates": [[[-70.86485668864209, 43.08190381422825], [-70.86473656070501, 43.08217424279737], [-70.86449438364326, 43.082473543964014], [-70.86421155359675, 43.0827799915863], [-70.86394012055375, 43.0829899016157], [-70.86384332017761, 43.08302638283561], [-70.8638080782325, 43.083007555418575], [-70.86378843215651, 43.08295910916348], [-70.86379939548026, 43.08289601354467], [-70.86378988786099, 43.08284763842244], [-70.86381162035157, 43.08273630994582], [-70.86384315150111, 43.08265106243333], [-70.86387502218555, 43.08253980506846], [-70.86391669149361, 43.08245462865725], [-70.86396820795122, 43.08239181749841], [-70.86401450961094, 43.08234011783385], [-70.86405608157453, 43.08226237275032], [-70.86412406624305, 43.0821030601852], [-70.86421208460719, 43.08196246822786], [-70.86438690798313, 43.08177417640705], [-70.86447410110769, 43.08169675100846], [-70.86451523574837, 43.08165244697678], [-70.86461208203039, 43.0816122494662], [-70.86468319493028, 43.08160159978534], [-70.8647489479212, 43.081613208694804], [-70.8648192854549, 43.081662010018846], [-70.86486886207645, 43.08174782615836], [-70.86489859842419, 43.08180005897031], [-70.86485668864209, 43.08190381422825]]]}, "properties": {"id": 96, "Hectares": 0.62927707843, "Acres": 1.55497512465, "Year": "2016", "LABEL": "Great Bay", "100 M2?": "y"}}, {"type": "Feature", "geometry": {"type": "Polygon", "coordinates": [[[-70.86355819825714, 43.08139219802103], [-70.86356873249967, 43.08142798552648], [-70.86357491396708, 43.08146552253388], [-70.86354981428214, 43.08151425110402], [-70.86353837628653, 43.081538623190355], [-70.8635045519828, 43.08157424925533], [-70.86341382103475, 43.08160881213547], [-70.86336337116435, 43.08165639628161], [-70.86312188773985, 43.08175577056818], [-70.8629476695981, 43.081813232718034], [-70.86278707060565, 43.0818495982313], [-70.86256012175565, 43.08185778461662], [-70.86241238560297, 43.08185253893056], [-70.86209532631298, 43.081784099182116], [-70.86192914129698, 43.08170397870584], [-70.86172474009616, 43.08162531939898], [-70.86158579792148, 43.081536313440125], [-70.86152868552328, 43.08148211640927], [-70.86150931240874, 43.08143307537112], [-70.86150338835743, 43.08137597817391], [-70.8615021579573, 43.08131249608325], [-70.86146367349096, 43.08124083148476], [-70.86139794877705, 43.08111295701131], [-70.86136921134585, 43.08109301672381], [-70.86130966233407, 43.081055104008904], [-70.86127237178624, 43.08101571776926], [-70.86120850362445, 43.08096799365582], [-70.86117095694195, 43.08094816747172], [-70.86111117327799, 43.08092818473541], [-70.86108726784185, 43.08088563234602], [-70.86107238536957, 43.08083336252772], [-70.86108204899573, 43.08077474488257], [-70.86111086332716, 43.08069684997764], [-70.86111087698352, 43.08069580763647], [-70.86105170395325, 43.080569045934354], [-70.86102738128477, 43.080490837998056], [-70.86105857429509, 43.0804316010749], [-70.86110497424565, 43.0803724711968], [-70.86109059484254, 43.08030919740233], [-70.86112690536757, 43.08024628045179], [-70.86114752207781, 43.08022041334907], [-70.861208739332, 43.08019111599749], [-70.86128998911174, 43.0801805397735], [-70.86137484255691, 43.080155788842326], [-70.86139504235348, 43.08013955621572], [-70.86141518348694, 43.08012991700421], [-70.86143062110894, 43.08013980658578], [-70.86141242613158, 43.08017065154783], [-70.86141136519076, 43.080171888540555], [-70.86139435922297, 43.08019171646076], [-70.86137394053657, 43.0802225457676], [-70.86135339373558, 43.080263155116164], [-70.86136209630328, 43.08027788778161], [-70.8613798003276, 43.08028453300394], [-70.8613975683993, 43.08028628820068], [-70.86140979077355, 43.080284697209], [-70.86142022553295, 43.080300369389725], [-70.86145083998163, 43.08030449450679], [-70.86145743692265, 43.080299750754726], [-70.86148206814596, 43.08028688281126], [-70.86150430492182, 43.08028703927735], [-70.86153755336528, 43.08029542400679], [-70.86155955536539, 43.08031351054666], [-70.86156372525755, 43.08033473193706], [-70.86156751863815, 43.08034377041666], [-70.86158672393216, 43.0803609974518], [-70.86161137198502, 43.08039580933962], [-70.86161628256298, 43.080397047702874], [-70.86164940303392, 43.080415212446354], [-70.86167352208938, 43.08044146464657], [-70.86169323647717, 43.080464425540896], [-70.86171517456454, 43.08048740207424], [-70.86174602875023, 43.08050881116311], [-70.86178787336405, 43.080540078495304], [-70.86182518529745, 43.08057783456282], [-70.86182476597796, 43.08060986822639], [-70.86186689165308, 43.08064538676884], [-70.86201384472088, 43.080650136244074], [-70.8620748675073, 43.08063570119648], [-70.86218107391417, 43.08065502808083], [-70.86233212390572, 43.08073412661295], [-70.86244837143175, 43.080760955894334], [-70.86269621966736, 43.08080357387376], [-70.86279726036798, 43.080830295958606], [-70.86298988390315, 43.08083164897236], [-70.86322373953702, 43.08078126670628], [-70.8633054196315, 43.08076087236649], [-70.86331292711624, 43.0807513046562], [-70.86334653810525, 43.08073197872282], [-70.86336223174469, 43.08072230794713], [-70.86338679885982, 43.08071432961762], [-70.86344478525749, 43.080701695394815], [-70.86350942141925, 43.0806907379736], [-70.86353778104734, 43.08068963841896], [-70.8635881395582, 43.08070008650928], [-70.8635958686905, 43.080712536744116], [-70.8636088915121, 43.08073708050435], [-70.8636171042851, 43.08075446034664], [-70.86361971193733, 43.08075997864928], [-70.86364592793849, 43.0807960260957], [-70.86365498505725, 43.08080505696156], [-70.86366568575588, 43.08081572663888], [-70.86368730539603, 43.08086315292528], [-70.86367794226533, 43.080898950692415], [-70.86367552697318, 43.080913605163296], [-70.86366793913682, 43.08092801603628], [-70.86366734544295, 43.08097347444928], [-70.86367461159082, 43.080983695522164], [-70.86368987949228, 43.081006624868806], [-70.86370072128109, 43.081027892997305], [-70.86372462858805, 43.08107044485467], [-70.86373098041085, 43.08109494178985], [-70.86373309768621, 43.081103107434814], [-70.86374624836046, 43.08111787112892], [-70.86373243780268, 43.08115363769265], [-70.86368113976843, 43.08117481073756], [-70.86365865088614, 43.08118409291589], [-70.86367251404388, 43.081182389357835], [-70.86361836981648, 43.08122996078627], [-70.86358177003335, 43.08131517268587], [-70.86355819825714, 43.08139219802103]]]}, "properties": {"id": 97, "Hectares": 2.31916316825, "Acres": 5.7307681469, "Year": "2016", "LABEL": "Great Bay", "100 M2?": "y"}}, {"type": "Feature", "geometry": {"type": "Polygon", "coordinates": [[[-70.86359173320575, 43.07533076348885], [-70.86354703603051, 43.07508115907878], [-70.86345972610619, 43.07481045603217], [-70.8634770881717, 43.07464038403848], [-70.86343249133516, 43.07457717327588], [-70.86341705044065, 43.07455004642453], [-70.86338808787875, 43.07449916438629], [-70.86344931641325, 43.07446739603409], [-70.86347955233501, 43.07445170813769], [-70.86358663911906, 43.074367362786546], [-70.86358784686895, 43.074274874593776], [-70.86358341743063, 43.07424670881507], [-70.86388262434515, 43.07410864851249], [-70.86404244871707, 43.07402663943734], [-70.86412279462894, 43.07395238577942], [-70.86452397919246, 43.07362267790622], [-70.86476674712115, 43.07326691952357], [-70.86500875378505, 43.07296934641548], [-70.86507938388829, 43.07277032868656], [-70.86510411882365, 43.072612554542594], [-70.86523187260343, 43.07238068473812], [-70.86548326260252, 43.07223281069187], [-70.8658460849409, 43.07223535036888], [-70.8660374276487, 43.07234475855035], [-70.86630510993868, 43.07268746497885], [-70.86650692801592, 43.07286344980665], [-70.86672008559546, 43.07303951354448], [-70.8667855210993, 43.0732394834618], [-70.86685916055262, 43.07368058826849], [-70.86681973984437, 43.074095963733974], [-70.86677070978573, 43.07437826367873], [-70.86663809148521, 43.07498418695275], [-70.86662048077304, 43.07546621887445], [-70.86657802901631, 43.07611433740811], [-70.8664243493234, 43.076595417748024], [-70.86639572172045, 43.07705243340923], [-70.86636332220039, 43.07714572824183], [-70.86632149865262, 43.077309617779186], [-70.86627338317791, 43.07752126312208], [-70.8663139576863, 43.07767118117761], [-70.86632761779954, 43.0777107635369], [-70.86623508631472, 43.07806757593631], [-70.86613248592795, 43.07832663989039], [-70.86605844954131, 43.07856927756359], [-70.86590919756699, 43.07870955445562], [-70.86578932196691, 43.0787710631305], [-70.86560745835942, 43.0788030422112], [-70.86543704229332, 43.07882678814456], [-70.86531252541141, 43.07880929019993], [-70.86491792213218, 43.0786319528593], [-70.86472273529371, 43.0783811947423], [-70.86437878371822, 43.07823330604212], [-70.86414130932562, 43.07818176275526], [-70.86398795764578, 43.07820146970179], [-70.86376689569686, 43.07819576233607], [-70.86358389290841, 43.0783150168501], [-70.86358223735448, 43.078441778680876], [-70.86349594374005, 43.07853677268148], [-70.86343875835551, 43.0785737798501], [-70.86339836477984, 43.07862753088976], [-70.86335224714625, 43.078685398237624], [-70.86330650952411, 43.0787141726902], [-70.86324397998834, 43.078726203203765], [-70.86312513366195, 43.0787087426922], [-70.86294484431946, 43.07862018991212], [-70.86280446056115, 43.07851529116043], [-70.86270381927154, 43.078406514956406], [-70.86262612867642, 43.07827711739332], [-70.86252030761325, 43.07813089606903], [-70.86246507882946, 43.07801828226299], [-70.86244964627923, 43.07789763510836], [-70.86244462894011, 43.07784772176464], [-70.86237768081386, 43.07776412109544], [-70.86238400274176, 43.07771428744655], [-70.86245247278323, 43.07768151661488], [-70.8624756403559, 43.07764427087008], [-70.86249924271804, 43.077573776119586], [-70.86258504737124, 43.07751618798328], [-70.8626479018484, 43.07747922106662], [-70.86272247575808, 43.07741324090138], [-70.86275687353367, 43.07738438701014], [-70.86280817131666, 43.077363964843684], [-70.86289294321128, 43.077385342856275], [-70.8629378651944, 43.07741891044092], [-70.86299483251885, 43.077398528011855], [-70.86305730643316, 43.07739065374695], [-70.86308614309645, 43.077353447688076], [-70.86305245157861, 43.07732827204439], [-70.86301314484268, 43.0772989004477], [-70.86303118552713, 43.077220053507844], [-70.86307130691502, 43.07718708320957], [-70.86314010185345, 43.07712937519966], [-70.86310155554854, 43.077041817867894], [-70.86301770742378, 43.07694978586918], [-70.86293423979873, 43.07682866092716], [-70.86296584653908, 43.0765794924578], [-70.86303616167471, 43.076405412960305], [-70.86313929844803, 43.07632300706575], [-70.8634006370814, 43.07628327678535], [-70.86345733177343, 43.07628367474719], [-70.8636149914298, 43.076367911433515], [-70.86370548599366, 43.076385172498796], [-70.86375073329502, 43.076393803004734], [-70.86384272039308, 43.07638182620465], [-70.86393351704469, 43.07640472299278], [-70.86408554334064, 43.07635769110161], [-70.86415740295031, 43.076265698439066], [-70.86418321532466, 43.07622148107204], [-70.86418398776111, 43.07616228863942], [-70.86409368006025, 43.07612095677354], [-70.86402216893008, 43.076128154328046], [-70.86392185429901, 43.0761382508602], [-70.86388614175021, 43.07616759925325], [-70.8638201978483, 43.07619303567132], [-70.86375963861664, 43.07619261077391], [-70.86371984545814, 43.07614793317159], [-70.86371658999657, 43.076081396088796], [-70.86371586157598, 43.0760665081736], [-70.86374273685706, 43.07594090131749], [-70.86375090921848, 43.07591602942199], [-70.86375850453409, 43.0758929136978], [-70.86380921181087, 43.07587477014525], [-70.86385262455595, 43.07587340042023], [-70.86395065682375, 43.07584654652821], [-70.86400200511254, 43.07580040577693], [-70.86406279603366, 43.07578035251375], [-70.86409375139613, 43.075728771503265], [-70.86401877721894, 43.07567274765391], [-70.86399917042776, 43.075628211734724], [-70.86395908771446, 43.07560573137621], [-70.86388838765593, 43.07560893527773], [-70.86385014569687, 43.07562954486659], [-70.86382739431878, 43.07564180616473], [-70.86379706667454, 43.07564529325115], [-70.86373228258408, 43.07558194097651], [-70.86369777790982, 43.07551880114003], [-70.86369849243255, 43.07546407844605], [-70.86359173320575, 43.07533076348885]]]}, "properties": {"id": 98, "Hectares": 16.05568595793, "Acres": 39.67440278634, "Year": "2016", "LABEL": "Great Bay", "100 M2?": "y"}}, {"type": "Feature", "geometry": {"type": "Polygon", "coordinates": [[[-70.86031862685363, 43.07527829502025], [-70.86036120546466, 43.07529858238858], [-70.86045918877916, 43.075331548944085], [-70.86056546371223, 43.07532470323877], [-70.8606716888605, 43.075321654282796], [-70.860718053644, 43.075340966835995], [-70.86071999641224, 43.07539034410238], [-70.86073780050549, 43.07541515128757], [-70.86075552997652, 43.075445653742385], [-70.8607559143185, 43.07544737142035], [-70.86076531636502, 43.075489390449476], [-70.86077487886216, 43.07555021297238], [-70.86083673202096, 43.075573431752446], [-70.86090159774758, 43.07556439552394], [-70.86095889347645, 43.07554011716434], [-70.86098787801485, 43.07552022145405], [-70.86107458975997, 43.075520831933254], [-70.86123333284186, 43.0755219493665], [-70.8612859940539, 43.07555475323351], [-70.86129907017606, 43.07562403978017], [-70.86138413490511, 43.0756801364197], [-70.86149482010705, 43.07570681434549], [-70.86150945050795, 43.0757089071623], [-70.86157285423025, 43.07581490255603], [-70.86156338927823, 43.07586639102151], [-70.86159847312888, 43.07588513718318], [-70.8616532105868, 43.07594472011856], [-70.86165511747672, 43.075947584294184], [-70.86160339064108, 43.07601687056157], [-70.86157398485724, 43.0760681545513], [-70.86154804459647, 43.07607555010562], [-70.86151877897503, 43.07606845717081], [-70.86151682776016, 43.07604434746067], [-70.86148554708777, 43.07599497698372], [-70.86143216474358, 43.075926727020075], [-70.86133697476207, 43.07588158775337], [-70.86127331051867, 43.075867096722504], [-70.86115537541058, 43.07585222364292], [-70.8610338187283, 43.075870091864836], [-70.86095351797336, 43.0759069744026], [-70.86090796566512, 43.07597218749797], [-70.86092644553993, 43.07602380849382], [-70.86095439086549, 43.07603988249082], [-70.86096764030724, 43.076047503491274], [-70.86100248093334, 43.0760688132429], [-70.86100200846215, 43.076104876240464], [-70.8609594541898, 43.07612113091817], [-70.86092393414427, 43.076135680278966], [-70.86090321454685, 43.07617623290423], [-70.86089988254126, 43.07618061045896], [-70.86087240171977, 43.07621671445211], [-70.86081611343079, 43.07627551591706], [-70.8607652110262, 43.07630845622763], [-70.86070445777922, 43.07632282780786], [-70.86059828500937, 43.07633687942393], [-70.86053263057644, 43.076340116792295], [-70.8604989871334, 43.07633987977941], [-70.86040732763203, 43.07636543078617], [-70.86029948447302, 43.0763459874549], [-70.86011199260105, 43.07628716174935], [-70.85989218650788, 43.076197249538346], [-70.85985262778051, 43.07610518121064], [-70.85983368821029, 43.076088664214026], [-70.85982767184049, 43.07606053586382], [-70.85983464006651, 43.07601611560646], [-70.85979669958733, 43.07598776215953], [-70.85975890953378, 43.07595548029668], [-70.85975372781807, 43.07593548934064], [-70.85978872599004, 43.075860918980034], [-70.85982616164655, 43.075863471920194], [-70.85983995110614, 43.07585465895324], [-70.85989449830862, 43.075833979090504], [-70.85997421630205, 43.07584156257878], [-70.8600729352646, 43.07586098241664], [-70.86013979161474, 43.075875496613584], [-70.86015204332668, 43.07591685071154], [-70.86018471369472, 43.075930214610096], [-70.86021731401364, 43.07594245244188], [-70.86028805481791, 43.07601229015994], [-70.86032584210945, 43.076052344835546], [-70.860424561525, 43.076071764372976], [-70.86051738703425, 43.07605369439698], [-70.86055606415154, 43.076025880933805], [-70.86055643228175, 43.07599779759666], [-70.86052165320972, 43.075971807154346], [-70.8604803359456, 43.07595747311013], [-70.86043938688348, 43.075915055714376], [-70.86041427717679, 43.07588211188158], [-70.86039973659581, 43.07584907888422], [-70.86041356160615, 43.07577387993165], [-70.8604063097174, 43.07573997652182], [-70.86035383671447, 43.07566306153438], [-70.86032383119328, 43.07558121033567], [-70.86027793933565, 43.07552582756968], [-70.86022161427651, 43.075476067056236], [-70.86023067776733, 43.07537740376512], [-70.86025473140353, 43.07532061529583], [-70.86029308720136, 43.075282904383194], [-70.86031862685363, 43.07527829502025]]]}, "properties": {"id": 99, "Hectares": 0.84008054868, "Acres": 2.07588103982, "Year": "2016", "LABEL": "Great Bay", "100 M2?": "y"}}, {"type": "Feature", "geometry": {"type": "Polygon", "coordinates": [[[-70.8624194822943, 43.076735679344665], [-70.86218190662616, 43.07669244428886], [-70.86218234160141, 43.07665919528558], [-70.86219476802522, 43.076576152492116], [-70.86227522825659, 43.07649358795806], [-70.86238883542859, 43.07647776046879], [-70.86251334671942, 43.07649526155726], [-70.86261496275681, 43.07652922767018], [-70.86261354985112, 43.07663728694411], [-70.8624194822943, 43.076735679344665]]]}, "properties": {"id": 100, "Hectares": 0.07679711224, "Acres": 0.1897695042, "Year": "2016", "LABEL": "Great Bay", "100 M2?": "y"}}, {"type": "Feature", "geometry": {"type": "Polygon", "coordinates": [[[-70.86126389280065, 43.07531603522141], [-70.86125881019042, 43.075267828096244], [-70.86119922788818, 43.0751854914114], [-70.86112610990574, 43.07516157177551], [-70.86109052275721, 43.07516821013545], [-70.86106815100113, 43.07514670083567], [-70.86093328431123, 43.075054308103226], [-70.86085511146456, 43.07496231445489], [-70.86078827752104, 43.07487040060605], [-70.86073545168988, 43.07476791558176], [-70.8607586137561, 43.07470024724766], [-70.8607985472453, 43.07457648225768], [-70.86080709650696, 43.07455708312383], [-70.86085309299203, 43.074555801921626], [-70.86088659702051, 43.074567552576355], [-70.86089326615263, 43.07464668845141], [-70.86092597516976, 43.07474667498367], [-70.86100403895782, 43.07484698083679], [-70.86121871156553, 43.074906683174234], [-70.86139969505452, 43.07494120898695], [-70.86151264659868, 43.07497525585319], [-70.86160175990527, 43.0750112453363], [-70.8616634083686, 43.07509045699601], [-70.86168808662259, 43.07514539065136], [-70.86167935400924, 43.075234132246344], [-70.8615189792315, 43.075357699209995], [-70.86142805145231, 43.07537368543443], [-70.86130365161178, 43.075347870931495], [-70.86126389280065, 43.07531603522141]]]}, "properties": {"id": 101, "Hectares": 0.27491200406, "Acres": 0.67932130763, "Year": "2016", "LABEL": "Great Bay", "100 M2?": "y"}}, {"type": "Feature", "geometry": {"type": "Polygon", "coordinates": [[[-70.86107395284998, 43.074450222045854], [-70.86104920519169, 43.074451860482995], [-70.86100125888237, 43.0744562039132], [-70.86093750420748, 43.074448733541395], [-70.86087374954862, 43.07444126313416], [-70.86074924859929, 43.07444038636954], [-70.86065974061819, 43.07444911792917], [-70.86061207034943, 43.07443239868704], [-70.86057611163945, 43.07437609936627], [-70.86055681177255, 43.07436167618729], [-70.86056869511388, 43.074320194806184], [-70.86062647740715, 43.07423747164514], [-70.86074127902265, 43.0741302109896], [-70.86091386186015, 43.07394022689782], [-70.86106158901065, 43.07391632794077], [-70.86108426600153, 43.073916487585414], [-70.8611627645017, 43.073983544328], [-70.86117312317951, 43.07405843441467], [-70.86115434052147, 43.07415464509129], [-70.86112946900042, 43.07417390663031], [-70.86110356259634, 43.07420181020005], [-70.86109057873018, 43.07421810226175], [-70.86108704920004, 43.07424382285889], [-70.86110893563526, 43.074279084357336], [-70.86119069288739, 43.07431044768671], [-70.86125967375216, 43.074376539480575], [-70.86128758091462, 43.074405792348436], [-70.86127642180462, 43.074444942614726], [-70.86123601682345, 43.07445119013904], [-70.86114522016382, 43.07445726289456], [-70.86107395284998, 43.074450222045854]]]}, "properties": {"id": 102, "Hectares": 0.2197277617, "Acres": 0.54295828555, "Year": "2016", "LABEL": "Great Bay", "100 M2?": "y"}}, {"type": "Feature", "geometry": {"type": "Polygon", "coordinates": [[[-70.86136965582503, 43.072301114399295], [-70.86135684576733, 43.07230390563794], [-70.86132137891944, 43.07233057173766], [-70.86131318384875, 43.07234689753255], [-70.86132719644661, 43.07237391185034], [-70.86133843052241, 43.072369309920376], [-70.86135911869839, 43.07237413650489], [-70.86137009230931, 43.07238942695223], [-70.86136023984388, 43.07241042207807], [-70.86134158791062, 43.072438673374], [-70.8613327688285, 43.07243597420258], [-70.86128976568294, 43.072428650066605], [-70.86122081097422, 43.07245273994566], [-70.86119851134401, 43.07244907224129], [-70.86115219337346, 43.07245108670378], [-70.86106891953216, 43.07247156495117], [-70.86103928959588, 43.07247458102817], [-70.86103250011527, 43.07244907384575], [-70.8610599252785, 43.07242703221423], [-70.86107614697514, 43.0724072522011], [-70.86107659145591, 43.072373318142816], [-70.8610706514896, 43.07233933913843], [-70.86106783837072, 43.07232886517183], [-70.86111920411443, 43.072265237781714], [-70.86112430403465, 43.07226482097327], [-70.86116931693253, 43.07224056262582], [-70.86122352334485, 43.07224562516723], [-70.86126351801511, 43.07223888517935], [-70.86133079974807, 43.072220634739], [-70.86137383339602, 43.07222561857856], [-70.86139423043161, 43.07225267781762], [-70.86137486262173, 43.07226892499288], [-70.86134449056901, 43.072272221996], [-70.86134909503876, 43.072286297374454], [-70.86136965582503, 43.072301114399295]]]}, "properties": {"id": 103, "Hectares": 0.051774308, "Acres": 0.12793690378, "Year": "2016", "LABEL": "Great Bay", "100 M2?": "y"}}, {"type": "Feature", "geometry": {"type": "Polygon", "coordinates": [[[-70.86188886293188, 43.07385435106143], [-70.86192374986729, 43.07388914226104], [-70.86193345685562, 43.07401390581281], [-70.86193280425093, 43.07406377933777], [-70.86194316387956, 43.07413866936137], [-70.86211150206557, 43.07427286134988], [-70.86234624182478, 43.07453221510975], [-70.86238909599365, 43.074723715736425], [-70.862218146427, 43.07478901824305], [-70.8620148118778, 43.07472939750564], [-70.86193674657709, 43.07462909232793], [-70.86207411513773, 43.07453030205658], [-70.86207596388552, 43.074388993741366], [-70.86178203099483, 43.07432042252], [-70.86170320499042, 43.07427830295733], [-70.86164738262671, 43.07421140611504], [-70.86164923233436, 43.07407009780674], [-70.8615827245902, 43.073953247645086], [-70.8614927783485, 43.073894423660235], [-70.86126742364445, 43.07378476853164], [-70.8612223963455, 43.07375951255192], [-70.86122045683305, 43.07375203041077], [-70.86120702348356, 43.07374927735159], [-70.86118163836854, 43.07373739619322], [-70.86115355140548, 43.07368804808783], [-70.86114458757835, 43.07364117508562], [-70.86119980668686, 43.07356900842553], [-70.86126475575438, 43.07348520774389], [-70.86122079938387, 43.07342872647309], [-70.86120891911159, 43.07336076848834], [-70.86124777809763, 43.073318913084606], [-70.86134075243145, 43.073289140998334], [-70.8613982439827, 43.07328720509045], [-70.86145908100454, 43.07327359021762], [-70.86157430915583, 43.07325099601524], [-70.8616573388325, 43.07324923964892], [-70.8617113623926, 43.0732683436451], [-70.86177760377177, 43.07332966246983], [-70.86177042288153, 43.07339046483915], [-70.8617955323219, 43.07342340838626], [-70.86186861788987, 43.07344966786693], [-70.86189992823107, 43.07349669797314], [-70.86184200773313, 43.0735313980496], [-70.86178770824976, 43.073533356632225], [-70.86174623916558, 43.073530724448936], [-70.86167920117026, 43.07353025288078], [-70.86165679390623, 43.07353477624218], [-70.86163708878479, 43.07357676653251], [-70.86164934184303, 43.07360938805411], [-70.86164942906966, 43.07360962027886], [-70.86169685394, 43.07364506132616], [-70.86172040630481, 43.073656813055194], [-70.86175394763325, 43.073673548878844], [-70.86182691097193, 43.073709169506294], [-70.8618743666465, 43.073742270201095], [-70.86188928690049, 43.07382195196847], [-70.86188886293188, 43.07385435106143]]]}, "properties": {"id": 104, "Hectares": 0.56723274035, "Acres": 1.40166046304, "Year": "2016", "LABEL": "Great Bay", "100 M2?": "y"}}, {"type": "Feature", "geometry": {"type": "Polygon", "coordinates": [[[-70.86323437863214, 43.06925707788464], [-70.86323668899452, 43.06927792227213], [-70.8632299841706, 43.0692914362849], [-70.86321700979373, 43.069310013852395], [-70.86321923892508, 43.06933429876328], [-70.86325595794857, 43.06935808529254], [-70.86326390584838, 43.06938874426479], [-70.86322945854917, 43.06942175451825], [-70.8632157319856, 43.069419641357776], [-70.86321557119024, 43.06942014885353], [-70.86319752893428, 43.069436823969866], [-70.8631591177406, 43.069453356061835], [-70.86312584753156, 43.06946619050839], [-70.86309010435285, 43.069473406981196], [-70.86306491145103, 43.069452694540786], [-70.86309849869282, 43.06941559307878], [-70.86312395983671, 43.06941577186831], [-70.86315451320966, 43.06941598640826], [-70.86315586092812, 43.06940822867939], [-70.86316001998104, 43.06938428835087], [-70.86314484084355, 43.06937671430313], [-70.86313722689069, 43.0693747939734], [-70.86308116363715, 43.0693781340255], [-70.86305325394859, 43.069370470566945], [-70.86304331338228, 43.06935173209702], [-70.86302076421248, 43.06932357074793], [-70.86299787360761, 43.06932154312238], [-70.86298756721587, 43.069330805070365], [-70.86298984503713, 43.069351356595234], [-70.86299457141294, 43.06937939278088], [-70.86299547658362, 43.069398977612835], [-70.86299163894493, 43.06939930197018], [-70.86295735441215, 43.06941984374593], [-70.86292317847268, 43.06943207324826], [-70.86289505152777, 43.06941524963806], [-70.8628882006732, 43.06938882188992], [-70.86291084240003, 43.06935640232183], [-70.86292089728204, 43.06931629453038], [-70.86294717092079, 43.069304385228726], [-70.86298839647526, 43.06926733744541], [-70.86303393762316, 43.0692074954163], [-70.86303503124365, 43.06920605837421], [-70.86304313558071, 43.06920508405605], [-70.86312629955418, 43.06919508589678], [-70.86314101564801, 43.06920061028965], [-70.86317788138999, 43.0691865259531], [-70.86322371127936, 43.06918684773701], [-70.863253898812, 43.069215062674516], [-70.86325358184789, 43.06923932970946], [-70.86323437863214, 43.06925707788464]]]}, "properties": {"id": 105, "Hectares": 0.05452075001, "Acres": 0.13472349931, "Year": "2016", "LABEL": "Great Bay", "100 M2?": "y"}}, {"type": "Feature", "geometry": {"type": "Polygon", "coordinates": [[[-70.86172317662907, 43.06879256286539], [-70.86191634132611, 43.06882230270766], [-70.86205806081463, 43.068823299260465], [-70.86221684100502, 43.0688202590601], [-70.86229026339267, 43.06884155775214], [-70.86232394999824, 43.06886673361731], [-70.86233965203479, 43.06896660030194], [-70.86232117826088, 43.06907869630701], [-70.86231431378818, 43.069170091344255], [-70.86233034196601, 43.06924502123962], [-70.86230074782542, 43.06934041302004], [-70.86222661822669, 43.069373144032156], [-70.86205671641368, 43.06935947999421], [-70.86194944365269, 43.069325473577166], [-70.86181993078026, 43.06925805853598], [-70.8613680032338, 43.06913434020903], [-70.86128891202112, 43.0691130010293], [-70.86118692795219, 43.06910812670943], [-70.86113018547694, 43.0691118838056], [-70.86103354361806, 43.069131986032545], [-70.86094876480175, 43.069155362720615], [-70.86088352388296, 43.0691946624519], [-70.86079649168187, 43.06922952003577], [-70.86068938404632, 43.06924183376616], [-70.86056239679131, 43.06921667003761], [-70.86055862654838, 43.06921592830302], [-70.86048366327842, 43.06920118045712], [-70.86043528730538, 43.06920083963744], [-70.86035126588055, 43.06920024763885], [-70.86028758881584, 43.069201665807654], [-70.8602036408161, 43.06919547361981], [-70.86009971564954, 43.06915927070813], [-70.8600414735372, 43.06913459092201], [-70.85996521292111, 43.06912471901425], [-70.85996124128314, 43.06912469101594], [-70.85984860832221, 43.06907361840563], [-70.85976544230422, 43.06901876604534], [-70.8596791689279, 43.068995755280646], [-70.85962173679249, 43.06899183820308], [-70.85956161750975, 43.068971979433194], [-70.85935367238527, 43.06883334766306], [-70.85931502741067, 43.06875410127189], [-70.85930559916153, 43.06860855679206], [-70.8593693191433, 43.06850509350637], [-70.85951714285059, 43.06847288416261], [-70.85981791338732, 43.06845006615731], [-70.86038413392855, 43.068503935237224], [-70.86074044826324, 43.068568792929], [-70.8609160163289, 43.06858249881829], [-70.86112812038328, 43.0686457875357], [-70.861281856501, 43.06872141574461], [-70.8613883521677, 43.06875576880785], [-70.8614670853493, 43.06877125776429], [-70.8615528395216, 43.06876168062489], [-70.86156143715525, 43.06876072042608], [-70.86161245660696, 43.068753611901464], [-70.86172317662907, 43.06879256286539]]]}, "properties": {"id": 106, "Hectares": 1.47871267852, "Acres": 3.65397296426, "Year": "2016", "LABEL": "Great Bay", "100 M2?": "y"}}, {"type": "Feature", "geometry": {"type": "Polygon", "coordinates": [[[-70.85481264228545, 43.06999744336695], [-70.85502569727683, 43.06986679961594], [-70.85539124561105, 43.0696615661608], [-70.85582372170762, 43.06953993602755], [-70.85590330455726, 43.06952387385459], [-70.85615360958671, 43.06945914280708], [-70.85650584345474, 43.06940344591518], [-70.85672114937391, 43.06941328305697], [-70.85690123867182, 43.06951431386837], [-70.85714968290371, 43.06959088889519], [-70.85730808240149, 43.06961694840318], [-70.85743246894397, 43.069642767167885], [-70.85753374280615, 43.06970167447311], [-70.85761157607676, 43.069818607134415], [-70.8573833997157, 43.06992506298798], [-70.85706441101328, 43.0700391889545], [-70.85686980851565, 43.07017913340075], [-70.856717912313, 43.07026086567885], [-70.85667308033962, 43.07033230988099], [-70.85661894844073, 43.07035643415538], [-70.85655928344927, 43.070366922207235], [-70.85648918767447, 43.07035665487757], [-70.85648751882404, 43.07036057295328], [-70.85644133092892, 43.070358395520714], [-70.85637267088593, 43.07037689719391], [-70.85636573897732, 43.07040390270714], [-70.8562767386933, 43.07044095169165], [-70.85592395084215, 43.070538209053154], [-70.85571957486121, 43.07055910255833], [-70.85562465765541, 43.07052821028684], [-70.85553917023533, 43.07054438761727], [-70.85546966915369, 43.070593180778324], [-70.85541816072295, 43.070710495536], [-70.85544372466279, 43.07076029449084], [-70.85548732632435, 43.07078580305721], [-70.85555906644797, 43.07080034022429], [-70.85566272920939, 43.07078963323988], [-70.85581834675614, 43.07075408414178], [-70.85596733018694, 43.07068815079873], [-70.856055698691, 43.070634000834275], [-70.85612693691068, 43.07062277723842], [-70.85628379635796, 43.07057035058599], [-70.85634189862012, 43.0705355696634], [-70.85633738231405, 43.07050692805459], [-70.85641167826466, 43.07047282456408], [-70.85647510263608, 43.070499273736914], [-70.85653401538993, 43.070505911434815], [-70.85657938497, 43.07049272961049], [-70.85658118028029, 43.07046948054971], [-70.85663384876074, 43.070434971786156], [-70.85671791284366, 43.07040945300915], [-70.85679285711981, 43.07039901526928], [-70.85683932134462, 43.070420001921164], [-70.85688818824828, 43.07041555135096], [-70.85690199247591, 43.07039440523307], [-70.85692560669342, 43.070368872731706], [-70.85706271873553, 43.07028895831441], [-70.85714057371042, 43.07025572785624], [-70.85728207900736, 43.070112169547855], [-70.85739961899608, 43.07005273352861], [-70.85755192993562, 43.07000276238148], [-70.85772712224664, 43.0699778922859], [-70.8578374945135, 43.069981088399416], [-70.85796107855168, 43.06997071206695], [-70.85807389715056, 43.069984637980895], [-70.85818786442799, 43.06994295744249], [-70.85831115544, 43.06997136491284], [-70.85833445996921, 43.07003154134225], [-70.85827580467263, 43.07018076143218], [-70.8580463167458, 43.070386965621225], [-70.85789586449415, 43.07061866703537], [-70.85774562974113, 43.07083374373267], [-70.85754001633994, 43.070948672393875], [-70.85722124136967, 43.07104617423824], [-70.85691358450286, 43.07116037991171], [-70.85663928365646, 43.0713246990082], [-70.85636689439688, 43.071425558266924], [-70.85613695291921, 43.07152832649386], [-70.85583786660523, 43.07161581719117], [-70.85559553443711, 43.07164770342479], [-70.85526633560049, 43.07170137561784], [-70.85503159216529, 43.07173704819493], [-70.85474170112414, 43.07173214473949], [-70.85453577231536, 43.07168125819333], [-70.85425967713047, 43.07162783058872], [-70.854186761869, 43.07157332887826], [-70.85393996102074, 43.07137206378622], [-70.85359090030212, 43.07118669766029], [-70.85343359747505, 43.071077510584], [-70.85336644908202, 43.07101052918633], [-70.8533457516984, 43.07086074768202], [-70.85346066940858, 43.070745182078674], [-70.85372308884453, 43.0706223513001], [-70.85383039342943, 43.070588296082256], [-70.85390413334832, 43.0705342521342], [-70.85398901970545, 43.07046951471996], [-70.85413024175317, 43.07038090801913], [-70.85437580604233, 43.0702967755854], [-70.8545963025722, 43.070182594882965], [-70.85468180378598, 43.07007118967221], [-70.85481264228545, 43.06999744336695]]]}, "properties": {"id": 107, "Hectares": 5.98900482501, "Acres": 14.79913037284, "Year": "2016", "LABEL": "Great Bay", "100 M2?": "y"}}, {"type": "Feature", "geometry": {"type": "Polygon", "coordinates": [[[-70.84891146560969, 43.05416709206011], [-70.8494162131448, 43.05433331424691], [-70.85011564525173, 43.054645646746245], [-70.85069765452562, 43.05498140226987], [-70.85069049469145, 43.05502897855523], [-70.8507728689221, 43.05515702028429], [-70.85093263125437, 43.05527236120133], [-70.85115290837759, 43.05558449143059], [-70.85124974746049, 43.055804852975285], [-70.85154933004115, 43.056133616868], [-70.85181074611631, 43.05647319289741], [-70.85196072306935, 43.05670003996651], [-70.85214814117684, 43.05692817476511], [-70.85237684442305, 43.057218926669485], [-70.85269670756546, 43.05735576892927], [-70.8528715770105, 43.057472876615165], [-70.8532357533448, 43.05774200173304], [-70.85376292127418, 43.05816971280727], [-70.85436892715205, 43.05834183928773], [-70.85467056239573, 43.05849127547996], [-70.85484371094333, 43.05864089113642], [-70.85491015591326, 43.05867954904881], [-70.85546330640798, 43.05903802213088], [-70.85593568372998, 43.059324013052525], [-70.85616130466437, 43.05940874165784], [-70.85623028804702, 43.059423063522694], [-70.85626127509788, 43.05945268217057], [-70.85636204596003, 43.05953367113213], [-70.85656197668683, 43.05962469635866], [-70.85667092596829, 43.05966467182371], [-70.85672844521574, 43.05974348744032], [-70.85672479377185, 43.0598274707015], [-70.85664202849166, 43.059925828937544], [-70.85652519796372, 43.05993627820816], [-70.85621141458803, 43.059907878885355], [-70.85614856749467, 43.05989704135951], [-70.85604121460305, 43.05992344140205], [-70.85590092959615, 43.059942983138164], [-70.85547836507101, 43.05993812165288], [-70.85512505202558, 43.05989454549181], [-70.85497811466077, 43.05983936416301], [-70.85478552718556, 43.0597707906995], [-70.85455465598672, 43.05970941270626], [-70.85435252226885, 43.05967115949536], [-70.85397009113872, 43.05965090530687], [-70.85308886274109, 43.05942019157316], [-70.85268330302033, 43.059226107640164], [-70.85226817039658, 43.05889894551161], [-70.85213379246291, 43.05877329352062], [-70.8517497049206, 43.05852652363555], [-70.8517552981681, 43.05846671306877], [-70.85169029788538, 43.05837664044968], [-70.85165058118652, 43.0582998159512], [-70.85158790433685, 43.058226561643316], [-70.85155535496467, 43.058185258677426], [-70.85155327914228, 43.058149773373884], [-70.85148242159802, 43.05811753186235], [-70.85144198813353, 43.05809484139468], [-70.8514145881656, 43.05808019301559], [-70.85138185737453, 43.0580216051098], [-70.85133892784303, 43.05799516308367], [-70.85126522812575, 43.057985303620114], [-70.85124437465504, 43.05798798200249], [-70.85122469588003, 43.05797007984909], [-70.85116693795936, 43.05790992844431], [-70.85110174119265, 43.05783478903918], [-70.85092846529706, 43.05784662208613], [-70.85084633699137, 43.05789644209226], [-70.8507311400889, 43.05794415939279], [-70.85061589349768, 43.05799560996119], [-70.85059006214132, 43.05801816036413], [-70.85012519741282, 43.058068996765805], [-70.84992204025477, 43.05800104266242], [-70.84980923666498, 43.05795867231003], [-70.84970898267706, 43.05782494799393], [-70.84958451294693, 43.05780743325555], [-70.84941403894496, 43.05783946809063], [-70.84922239956163, 43.05781276503368], [-70.84922578305964, 43.0578741032745], [-70.84916337234988, 43.05790731802246], [-70.84900496690227, 43.05791136330136], [-70.8488299673744, 43.05775060700467], [-70.84873013598848, 43.05763870797671], [-70.84863873880181, 43.05761655410932], [-70.84856324074299, 43.05754902515962], [-70.84867384297652, 43.05748099062475], [-70.84875177573088, 43.05746144504098], [-70.84879300171175, 43.057424402300654], [-70.84878276412532, 43.05737648364066], [-70.84877862124796, 43.05735709222011], [-70.84877846728315, 43.057355556699775], [-70.84877412549804, 43.057312255219585], [-70.84877437360717, 43.05729358829745], [-70.8487289497361, 43.0572633937239], [-70.84869360906133, 43.05724073868425], [-70.84864215110399, 43.057281441988124], [-70.8486211907055, 43.057326097023484], [-70.84861847083832, 43.057353686041715], [-70.84855876187457, 43.057383976316714], [-70.84854320024111, 43.05738117361554], [-70.84849171195684, 43.057292529856085], [-70.84840257622301, 43.057175509957574], [-70.84837702941367, 43.0570973443407], [-70.84839051985064, 43.057059352361954], [-70.8483858258226, 43.05702944888336], [-70.84834025339465, 43.05701045431002], [-70.84829036635405, 43.057010097559335], [-70.84825775901108, 43.05698327441256], [-70.84817252749777, 43.05689226078547], [-70.84810645221249, 43.05695332488276], [-70.84809683780111, 43.056954604461154], [-70.84798586994164, 43.056969373069336], [-70.84789801433423, 43.056756248947934], [-70.84779081958628, 43.05667696844016], [-70.84774784276324, 43.05665836940758], [-70.84767540572072, 43.0566735988637], [-70.84762445612975, 43.05676156946298], [-70.8475886769931, 43.05689431981084], [-70.84754916713935, 43.0569627873642], [-70.84752139677916, 43.05703456383763], [-70.84749068195813, 43.05710270643793], [-70.84743122619484, 43.0571495622466], [-70.84729758989478, 43.05719265830293], [-70.84722788274378, 43.05714824373446], [-70.84727975025667, 43.057055246376514], [-70.84735666347886, 43.05697215029913], [-70.84739267485058, 43.056791312522606], [-70.84734983245791, 43.05674848440906], [-70.8472842730329, 43.0568813990678], [-70.84720610832917, 43.056945093759865], [-70.84705655317077, 43.05711867157706], [-70.8470548380534, 43.057119068572405], [-70.84696530990139, 43.05713979146078], [-70.84697180365492, 43.057035375504626], [-70.84697708743877, 43.05695748221961], [-70.84676271292766, 43.05688112911098], [-70.84674126059132, 43.056789531952376], [-70.84679970902125, 43.056656942049635], [-70.84681210614617, 43.05659349782638], [-70.84683424042808, 43.05654415877887], [-70.8468246550071, 43.05649928523402], [-70.84680977950586, 43.05646930874631], [-70.84677024421727, 43.0563794157477], [-70.84673984667224, 43.05636799673687], [-70.84670415902808, 43.05637147477142], [-70.84666807339607, 43.056404819859296], [-70.84664676363293, 43.05647560821145], [-70.84662575432151, 43.05653951242751], [-70.84658555732483, 43.05656396411917], [-70.84626169233842, 43.056888442080115], [-70.84612818466384, 43.05685787845583], [-70.84604133164001, 43.05693495636045], [-70.84597849294617, 43.0569524699706], [-70.8459160045873, 43.05705656650699], [-70.84589988450583, 43.057119924453936], [-70.84595455909435, 43.057162514023254], [-70.84595402547711, 43.05716628865887], [-70.8462009653191, 43.057350946295244], [-70.8464939131269, 43.057486054904324], [-70.84676341604413, 43.057679186069606], [-70.84697513589147, 43.05795503311566], [-70.84713017979539, 43.05823047388549], [-70.84725989726188, 43.058705246025134], [-70.84728748431735, 43.05918759979201], [-70.84751690351045, 43.05983765919196], [-70.84786145715562, 43.0603555333473], [-70.84819755538601, 43.06065720701229], [-70.84851308484004, 43.06080078494], [-70.84864900684833, 43.06081006967003], [-70.84980230408034, 43.06104275996282], [-70.85114942629896, 43.061193689724306], [-70.85194207446835, 43.061265840047724], [-70.8529798327438, 43.06166393638478], [-70.85402111785064, 43.06179603121405], [-70.85474565020283, 43.06187599141839], [-70.85609258462158, 43.06204348772946], [-70.85673733090746, 43.06215612229075], [-70.85676947971469, 43.06229767142269], [-70.85631547865941, 43.062336022564956], [-70.85502401255408, 43.06226036569273], [-70.8524430706055, 43.06195938775739], [-70.85132177173693, 43.06187658671314], [-70.84922721693906, 43.06166213106221], [-70.8484573500593, 43.06158181178761], [-70.84833220977735, 43.06161416910554], [-70.84833099364054, 43.06170560379177], [-70.84844380302044, 43.061747975621905], [-70.84840791505142, 43.06188904060106], [-70.84793135042504, 43.061918884100024], [-70.84729596715052, 43.06195590159122], [-70.8466858036503, 43.061801896480375], [-70.84634560617543, 43.0618077713279], [-70.84615333381171, 43.06177314073201], [-70.8461449138943, 43.06177122257024], [-70.84599120158151, 43.06171170457936], [-70.84587544905527, 43.06167762225726], [-70.84583891137527, 43.06165449933768], [-70.84576830970578, 43.0616352885705], [-70.84573424568461, 43.061639200724265], [-70.84570007074593, 43.06165142510658], [-70.84566011677802, 43.061671921051875], [-70.84561160517153, 43.06169651210062], [-70.8455843129093, 43.06170918496524], [-70.84556312125946, 43.0617190250688], [-70.8454778223727, 43.06173919557774], [-70.84531386349327, 43.0617068450054], [-70.84522100570682, 43.06165630027705], [-70.84517871695725, 43.06163937063967], [-70.84512211926094, 43.06163272955441], [-70.84506296030328, 43.06163977193798], [-70.84502890098304, 43.06160919944368], [-70.8449613279431, 43.061575462113865], [-70.84492842958839, 43.06149209553562], [-70.84487302556798, 43.061396097776495], [-70.84472170883805, 43.06126615898296], [-70.84450132098792, 43.06121469759374], [-70.84431355307, 43.06126738313418], [-70.8442000807869, 43.06127488067672], [-70.84409244323112, 43.06126995049558], [-70.84393973910572, 43.06124391362998], [-70.84378131147385, 43.06122199192117], [-70.84357765074591, 43.061191431621666], [-70.84342011314098, 43.06110301153564], [-70.84330747532418, 43.06104816643465], [-70.84331470062503, 43.06093183592983], [-70.84334348567178, 43.06089879089218], [-70.84337254874924, 43.06084496525922], [-70.84331142410964, 43.060753082097435], [-70.84321023428231, 43.06069000623003], [-70.84299568470846, 43.06062611439708], [-70.84293995063146, 43.06055505242293], [-70.84287271377751, 43.06049637716892], [-70.84278763834558, 43.0604999212147], [-70.84275807404677, 43.06059115175324], [-70.84279608048028, 43.06071612091728], [-70.84284070110115, 43.06077047688287], [-70.8429529485057, 43.06085441525801], [-70.84300818212965, 43.060962882278226], [-70.84302963025746, 43.06105448003638], [-70.84305074463913, 43.06117101449138], [-70.84305479928693, 43.06129158267624], [-70.8430022845235, 43.06140343066979], [-70.84297866636585, 43.061473921463566], [-70.84300028153268, 43.06155305087036], [-70.84306146211632, 43.061640778071684], [-70.84318488071294, 43.06173726616007], [-70.84338865426378, 43.06175951493528], [-70.8440056439429, 43.061826299838195], [-70.8442542630106, 43.06188627810649], [-70.8443355742926, 43.061949844878], [-70.84435810182204, 43.062067836834515], [-70.84427663692918, 43.06222519904927], [-70.84424107246979, 43.06234132592463], [-70.84418283520094, 43.06245728983073], [-70.84410303632139, 43.062489968390636], [-70.84385397031238, 43.062463238716056], [-70.84379773332628, 43.062429582212154], [-70.84377717301052, 43.0622714867362], [-70.84377839593853, 43.062180052163335], [-70.84376772671324, 43.06213009724076], [-70.84366670095324, 43.06205455341849], [-70.84351910715445, 43.062070117913684], [-70.84345019982703, 43.06213612649869], [-70.8433928510923, 43.062185592130895], [-70.84318902050367, 43.062167499469496], [-70.84305387533249, 43.062100022610515], [-70.8429751891642, 43.06204957805988], [-70.84288483299215, 43.06202398854702], [-70.8427941429743, 43.06202333565978], [-70.84270289636079, 43.06206424386027], [-70.84269111481557, 43.06209741116256], [-70.84257764082707, 43.06210490708087], [-70.84240882179165, 43.062012247855996], [-70.84226278710797, 43.06191143949162], [-70.8419582687938, 43.061792862821164], [-70.84141847908958, 43.0614647630676], [-70.84129556561518, 43.061330868062065], [-70.8413095778559, 43.06113145629989], [-70.84123189799482, 43.06100620049078], [-70.84107442004874, 43.06091362108927], [-70.84097317650938, 43.060854699377295], [-70.8408169266065, 43.06067068509479], [-70.84069591295399, 43.06039548153842], [-70.84058668265472, 43.06008711076042], [-70.84064570548797, 43.05991296305968], [-70.84076107238712, 43.05976416109455], [-70.8409663443348, 43.05967419900488], [-70.84123951896716, 43.05959303938739], [-70.84131976154357, 43.059527113858735], [-70.84158137637058, 43.059462496121846], [-70.84196746126352, 43.05941540094418], [-70.84248901803662, 43.0594108454148], [-70.84285064980014, 43.05949657973355], [-70.84313359947554, 43.05953186847832], [-70.84350745830088, 43.059551184415824], [-70.84375651237885, 43.0595779147595], [-70.84393788525315, 43.05957921887786], [-70.84390476702048, 43.059512476473], [-70.8434771206773, 43.0592766359547], [-70.84333109064634, 43.059175828945015], [-70.84333186921157, 43.05911764328283], [-70.84343400188753, 43.05911006501937], [-70.84359181242547, 43.05917770448002], [-70.8436483798955, 43.0591864243645], [-70.84348023438295, 43.05904389329795], [-70.84330108764998, 43.058876343714], [-70.84327886122112, 43.05884293163984], [-70.84315695002584, 43.05863422844147], [-70.84307049274595, 43.05831771077126], [-70.84312995178215, 43.05811031270963], [-70.84322219331982, 43.05799459394005], [-70.84327909332818, 43.05797837728252], [-70.84335833067168, 43.057987260423005], [-70.84349302242785, 43.05808798585611], [-70.84360548826035, 43.05815529911845], [-70.84369628376652, 43.058147639076395], [-70.84376440817233, 43.058139815937494], [-70.8438659834385, 43.05817379847293], [-70.84399011879198, 43.058216256143695], [-70.84408069210748, 43.05822522027763], [-70.8440361277573, 43.05816670865756], [-70.84392355028696, 43.05810770805474], [-70.84384486845173, 43.05805726410347], [-70.8438004156022, 43.05799044015258], [-70.84379833977785, 43.057982421126255], [-70.84369010603079, 43.057880671597246], [-70.84350881873843, 43.05773001817002], [-70.84339816014246, 43.05762841118908], [-70.84327327732548, 43.057448293243155], [-70.8432997824295, 43.05737007543893], [-70.8434220712906, 43.05736348776575], [-70.84356891727886, 43.05742428389185], [-70.84371571363023, 43.05748881321082], [-70.84392774777808, 43.057624752421496], [-70.8439063345906, 43.05770300697804], [-70.84391087673238, 43.05774411075811], [-70.84392704773518, 43.05776296046052], [-70.84392060995604, 43.05777778438266], [-70.84393533460175, 43.05781896136883], [-70.84396583215646, 43.05782291436424], [-70.8440117531869, 43.057815777013424], [-70.84404784108472, 43.057782432790106], [-70.84409456058017, 43.05771556132982], [-70.84413608893465, 43.057656120014414], [-70.84414141551783, 43.057593590252345], [-70.84415737185239, 43.057577354354], [-70.84414670305958, 43.0575273994309], [-70.84396153450318, 43.05738682773067], [-70.84396786877463, 43.05728400079063], [-70.843992896691, 43.05716052005176], [-70.84379971909179, 43.05698299705902], [-70.84361473065003, 43.056828911526914], [-70.84350042090226, 43.056657169113564], [-70.84346098325035, 43.05650898948181], [-70.84346093429609, 43.056508950894035], [-70.84345597531978, 43.0565089152211], [-70.84345533120408, 43.05640380433593], [-70.84349767687932, 43.05630522330601], [-70.84354226764657, 43.056101523369335], [-70.84370240503777, 43.05599460555663], [-70.84369975531371, 43.055862203763134], [-70.84361664396967, 43.05575937947932], [-70.843586796599, 43.0557068924502], [-70.8436128511331, 43.0556622749664], [-70.84364143369092, 43.05563036269312], [-70.84363170846132, 43.055601569411756], [-70.84376299922062, 43.0554375577917], [-70.84383503914425, 43.05519024027008], [-70.84406677985606, 43.05470872153951], [-70.8441259296261, 43.054692294719736], [-70.8441298407859, 43.054695219678436], [-70.84419557455772, 43.054729295798985], [-70.84429190424693, 43.05475985801665], [-70.84433253241124, 43.05476761745633], [-70.84438374164334, 43.05474558298884], [-70.84437949867937, 43.0546820789132], [-70.84435590514549, 43.054628426531735], [-70.84447710536261, 43.05459476689012], [-70.84487614741558, 43.05467779226046], [-70.84518973973796, 43.05481246706746], [-70.84537919883935, 43.05479295425559], [-70.84557484822867, 43.054640209447946], [-70.84601608437549, 43.05469153028889], [-70.84653678801739, 43.054747738862346], [-70.84692948050004, 43.05478357892274], [-70.84714973801997, 43.054723348528135], [-70.84735854080358, 43.054701672528665], [-70.84747893150997, 43.05487358263348], [-70.84754772505202, 43.054987197936214], [-70.84754866441838, 43.05498734076253], [-70.84765461650692, 43.05502746863992], [-70.84777021452973, 43.05498883295362], [-70.84791056733579, 43.05496072146497], [-70.84802513330067, 43.054870097601295], [-70.8481170290622, 43.05477931146645], [-70.84826436840069, 43.05467489533042], [-70.84853896317887, 43.05459112869646], [-70.84866054867938, 43.05447873346701], [-70.84865155787688, 43.0543932331718], [-70.84855256693815, 43.05427953894113], [-70.84865177162082, 43.05420443334708], [-70.8487306552338, 43.05414312178209], [-70.84891146560969, 43.05416709206011]]]}, "properties": {"id": 108, "Hectares": 49.88599726844, "Acres": 123.27079355018, "Year": "2016", "LABEL": "Great Bay", "100 M2?": "y"}}, {"type": "Feature", "geometry": {"type": "Polygon", "coordinates": [[[-70.85468143020414, 43.0564432664713], [-70.8546160799272, 43.05640548960412], [-70.85446774698026, 43.056456709283665], [-70.85434531307875, 43.05647450895685], [-70.85408610828598, 43.05643906504851], [-70.85400988904163, 43.056427322591254], [-70.85389229966825, 43.056463824882286], [-70.85388632093783, 43.056530989737375], [-70.85393120445066, 43.05660224957037], [-70.85389462946249, 43.056672930862895], [-70.85386329349409, 43.05673244813465], [-70.8538619620637, 43.05683324965101], [-70.85389626891633, 43.05693430428822], [-70.85395637699168, 43.05700940597614], [-70.85402142850035, 43.05709574395526], [-70.85408598719638, 43.057219415791884], [-70.85404832736626, 43.057372231689534], [-70.85404082032181, 43.05755513160783], [-70.85411541412194, 43.05769007589641], [-70.85413953933733, 43.05779105815168], [-70.8541181883454, 43.05786558133343], [-70.85409248553657, 43.057884067523865], [-70.85409046969984, 43.057884625962444], [-70.85403478041015, 43.057866135378546], [-70.85368034730892, 43.057664104942795], [-70.85340537449042, 43.057454325090326], [-70.85319841595269, 43.05724502807094], [-70.85285119587778, 43.056926663735425], [-70.85254442265926, 43.05655039478812], [-70.85219770492928, 43.05619462331884], [-70.85202487023881, 43.055977253958794], [-70.85171271439883, 43.05558016180311], [-70.85142785401217, 43.055262237149684], [-70.85132738460385, 43.05471701693494], [-70.85121326913453, 43.05434627330635], [-70.85119874504214, 43.054159126278975], [-70.85114642176947, 43.05383038809168], [-70.85118378540649, 43.0535771064319], [-70.85126015929627, 43.053373981000476], [-70.85130709482496, 43.053253776240155], [-70.85147678444062, 43.05327992428816], [-70.85152052672817, 43.053400775060865], [-70.85183360594255, 43.05372721355519], [-70.85246417314795, 43.05404759745567], [-70.8528535753619, 43.054175063029895], [-70.85317475029856, 43.05431866838589], [-70.85347799081003, 43.05453280628682], [-70.85416530459368, 43.05484942749114], [-70.85452604891299, 43.055001623025824], [-70.85471803092719, 43.0550570201276], [-70.85489273665513, 43.05513307696912], [-70.85507332957812, 43.05519254920594], [-70.85527092541363, 43.05525214171537], [-70.85569809696668, 43.05552534367145], [-70.85579406190426, 43.0555551193547], [-70.85610996661443, 43.05566958345298], [-70.85636947042812, 43.05576286471983], [-70.8565364882436, 43.05599265592773], [-70.8569347309359, 43.056311370184105], [-70.85718758701738, 43.0564794199428], [-70.85736774887391, 43.0565721376754], [-70.85776752932826, 43.056774477282175], [-70.85795733506428, 43.056996114417174], [-70.8582536819518, 43.05730579086659], [-70.85847842542137, 43.05745701306761], [-70.85860158726615, 43.05757426540478], [-70.85889303621096, 43.057825714295625], [-70.85972205517918, 43.05814745870313], [-70.8601960799265, 43.058308748091896], [-70.86043729076948, 43.058501647683826], [-70.86049664203719, 43.058730674437804], [-70.86030818699408, 43.05883741619483], [-70.86009226363474, 43.05887745971452], [-70.8599045053376, 43.058905204303684], [-70.85975197400816, 43.0588916868353], [-70.85961044101036, 43.05887821920309], [-70.85935593261011, 43.05883485880174], [-70.85896109218294, 43.05868659442852], [-70.85866805626728, 43.058555673630345], [-70.85859464739003, 43.05853437268582], [-70.85844832109568, 43.05845436544278], [-70.85834959887993, 43.058387072991806], [-70.85835342559508, 43.05833615634089], [-70.85832855759314, 43.058291175815455], [-70.85830833952001, 43.058279831782535], [-70.85826325352697, 43.05822350720653], [-70.85820264848414, 43.058185741670385], [-70.85813151754645, 43.05817403790675], [-70.85798925575416, 43.05815063024744], [-70.85791846837905, 43.05811279260522], [-70.85787284308257, 43.058097535193745], [-70.85781189488141, 43.058085903199036], [-70.85773617543073, 43.05808536797455], [-70.85761925122517, 43.05803452822074], [-70.85743352938123, 43.05787979977648], [-70.8572905070446, 43.05772993641064], [-70.85720526735776, 43.05759643001998], [-70.85698278755169, 43.057424739637305], [-70.85677417719134, 43.05730099223246], [-70.85660808152565, 43.057251971356195], [-70.85640504159812, 43.05725585005738], [-70.85630327662098, 43.057276394026104], [-70.8561799048088, 43.05728615259815], [-70.85611564469201, 43.057211271508585], [-70.8561183663085, 43.05718982717975], [-70.85613840869645, 43.05718356560921], [-70.85617987594357, 43.057127853211156], [-70.85616551203623, 43.05705867729447], [-70.85611009898099, 43.05701347993795], [-70.85606758610743, 43.0569553058432], [-70.85611664086197, 43.05690338095082], [-70.85606617162577, 43.05686941980838], [-70.8560157270362, 43.05683359194821], [-70.85598589312512, 43.0567792413768], [-70.85599416926395, 43.05673076138705], [-70.85597921544793, 43.05670638614295], [-70.85589765838272, 43.05671327582841], [-70.85583930671393, 43.05669792743825], [-70.85577559333068, 43.05670307659513], [-70.85570906375278, 43.05672874132891], [-70.85554340390568, 43.05674250221238], [-70.85538335196867, 43.056717098344066], [-70.85527732351126, 43.0566491392994], [-70.85518642106375, 43.056592488637015], [-70.85505459260344, 43.05655048261125], [-70.85489890287944, 43.056531408518005], [-70.85478427291434, 43.056468206368734], [-70.85468143020414, 43.0564432664713]]]}, "properties": {"id": 109, "Hectares": 12.81654331306, "Acres": 31.67031935374, "Year": "2016", "LABEL": "Great Bay", "100 M2?": "y"}}, {"type": "Feature", "geometry": {"type": "Polygon", "coordinates": [[[-70.8885210757106, 43.06012910411247], [-70.88851646101675, 43.06014159976706], [-70.88850382293181, 43.06014895124124], [-70.88842909954018, 43.06021434454579], [-70.88836822051935, 43.06024324798038], [-70.88832035750335, 43.060235889541254], [-70.88829831711641, 43.06020859231916], [-70.8882988564773, 43.0601659560274], [-70.88839059617317, 43.060083449557254], [-70.8884046519146, 43.0600798095679], [-70.88840484220066, 43.06007944772999], [-70.8884310442745, 43.06006058772719], [-70.88846909882058, 43.0600520596556], [-70.8884850749971, 43.060052168297084], [-70.88850498965954, 43.06005669714789], [-70.88852089176113, 43.06006266318718], [-70.8885688202998, 43.0600629890833], [-70.88859468900533, 43.06007048735564], [-70.8886005689704, 43.06007931419427], [-70.88859221053063, 43.06010854689627], [-70.88854611231362, 43.06012141374497], [-70.88853610867316, 43.06012281020023], [-70.8885210757106, 43.06012910411247]]]}, "properties": {"id": 110, "Hectares": 0.02787602611, "Acres": 0.06888305432, "Year": "2016", "LABEL": "Great Bay", "100 M2?": "y"}}, {"type": "Feature", "geometry": {"type": "Polygon", "coordinates": [[[-70.89410818039056, 43.062156713719965], [-70.89406457253858, 43.06213005704949], [-70.8940647361418, 43.06211702862486], [-70.89407076967903, 43.0620879737176], [-70.89410587483978, 43.06200092379289], [-70.89410697077871, 43.061913644263335], [-70.89420390394521, 43.06186857689733], [-70.89431133855167, 43.0618900846538], [-70.89439589181492, 43.06192806397827], [-70.89442953578614, 43.06195738666329], [-70.89445147825113, 43.06201572601942], [-70.89441668657028, 43.06207783904397], [-70.89429120349199, 43.06213933997733], [-70.89420035562371, 43.06215119633015], [-70.89410818039056, 43.062156713719965]]]}, "properties": {"id": 111, "Hectares": 0.07255148018, "Acres": 0.1792783351, "Year": "2016", "LABEL": "Great Bay", "100 M2?": "y"}}, {"type": "Feature", "geometry": {"type": "Polygon", "coordinates": [[[-70.87044538976166, 43.09044881788653], [-70.87033969340932, 43.09042185153161], [-70.87016663821032, 43.090333929589356], [-70.87005536925099, 43.09029702273801], [-70.86996391239416, 43.09025302726433], [-70.86988572608854, 43.09019948884686], [-70.86979439440626, 43.090145858832386], [-70.86969354729479, 43.09006566546111], [-70.86961892893552, 43.08999047233773], [-70.86944321442876, 43.08985435438946], [-70.86927476083547, 43.08966529274274], [-70.86908336638814, 43.08947125330485], [-70.86895992330881, 43.089359587127625], [-70.86887560401314, 43.08927228178693], [-70.86865454134814, 43.08908526122956], [-70.86841000665864, 43.08893420879438], [-70.86816847787662, 43.08880485618601], [-70.86802807429412, 43.08873402057314], [-70.86778958297351, 43.08862395891896], [-70.86764276420851, 43.08854103394595], [-70.86758091960793, 43.088494834509866], [-70.86756780576732, 43.088492334111706], [-70.86752527190595, 43.08847758415456], [-70.86747616549235, 43.088462788277745], [-70.8674206118031, 43.08843831206894], [-70.86733235192814, 43.08840156327145], [-70.86727698629285, 43.088362635387945], [-70.86722493833193, 43.08832132183632], [-70.8671991493258, 43.08828260054493], [-70.86718318784828, 43.088246356730274], [-70.86714406583843, 43.088221995189585], [-70.86714766539512, 43.08819793214194], [-70.86716422206578, 43.08818841254407], [-70.86715461387561, 43.088169074853425], [-70.86711499065308, 43.08818325091774], [-70.86703950041473, 43.0881754969564], [-70.86698407249919, 43.08814138613448], [-70.8669581583768, 43.08811229919277], [-70.86690629886763, 43.088056533892754], [-70.86689356120624, 43.08802513020803], [-70.86689108973609, 43.08796248361719], [-70.86690725115179, 43.087940298748144], [-70.8669053675641, 43.08792417553947], [-70.8669449203807, 43.087827765767955], [-70.86698422964423, 43.08775006773873], [-70.86704477317572, 43.08767563699105], [-70.86713964036116, 43.08757961366882], [-70.86730813955441, 43.08738429953294], [-70.86747197726048, 43.087220141687226], [-70.86761344482788, 43.08714003797251], [-70.86776342191898, 43.087059993492375], [-70.86787097079346, 43.08697029591094], [-70.86797860039262, 43.086874360969176], [-70.86811613567812, 43.08676927789581], [-70.8682409057368, 43.0866641055862], [-70.86842552760592, 43.0865375182978], [-70.86857578559386, 43.08643564232623], [-70.868875571561, 43.086288025090006], [-70.86914123610798, 43.08614640707694], [-70.8693805612458, 43.08606698314503], [-70.86952238764417, 43.08595880934958], [-70.86980855551955, 43.085876591917376], [-70.87018480201905, 43.085738860392546], [-70.87058151337096, 43.08566364822717], [-70.87108483711295, 43.085570462501], [-70.87151124953229, 43.085501691426494], [-70.8718822674955, 43.08543877184712], [-70.87255140509367, 43.08535608796002], [-70.87319890453792, 43.08530132032109], [-70.87388032084037, 43.08525614073809], [-70.87431046037662, 43.08522793089608], [-70.87456972347364, 43.08525155823036], [-70.87464594875972, 43.08528015605322], [-70.87472947853473, 43.085402371727355], [-70.87479161388981, 43.0855337960209], [-70.87484572182699, 43.085627737792656], [-70.87488726618352, 43.08570599804862], [-70.87491636737828, 43.08575922090192], [-70.87492475660771, 43.085768635682086], [-70.87496746589868, 43.085756455536426], [-70.87501471116178, 43.085722474375736], [-70.87490565127881, 43.08560008226992], [-70.87485607929955, 43.085484339532314], [-70.87477323209778, 43.08530910717747], [-70.8747780091701, 43.08526859438465], [-70.87481204780191, 43.08526882993824], [-70.874892568222, 43.08529433840755], [-70.87510543023964, 43.08528645433735], [-70.87520361254923, 43.08526218217481], [-70.87538291749449, 43.085216638541056], [-70.87555772655894, 43.08518977701411], [-70.87577957925164, 43.08514452690429], [-70.8759630981455, 43.085102130396386], [-70.87597586260148, 43.08510221859771], [-70.87600978082222, 43.08511180969838], [-70.876018089915, 43.085127461669465], [-70.87606489294039, 43.08512778504502], [-70.87606521379487, 43.085102835967106], [-70.87612506198487, 43.08508141706436], [-70.87630416526665, 43.08505146515047], [-70.87648748310617, 43.08502466097102], [-70.87679852529644, 43.084992500383855], [-70.87708825306879, 43.08496331079217], [-70.87730520835329, 43.084967926519425], [-70.8777205789291, 43.08509554757012], [-70.87789744073574, 43.08524023677457], [-70.87809180278784, 43.085347619363155], [-70.87822230284222, 43.085457680525906], [-70.87825522171282, 43.08554523686872], [-70.87816800463872, 43.08570993823335], [-70.8778899980152, 43.085820303049644], [-70.87757795137924, 43.08593043245686], [-70.87743152384157, 43.08606665472105], [-70.87736377638618, 43.086371840745386], [-70.87723107325374, 43.086433303539685], [-70.87700653283339, 43.086687504946546], [-70.87682052549464, 43.08692325841563], [-70.87672920792961, 43.087075454691494], [-70.87653139549039, 43.08723627232067], [-70.87637328011743, 43.08728820190077], [-70.87619766334622, 43.08737743729183], [-70.87614411705597, 43.087570439839745], [-70.87613392259095, 43.08770136365222], [-70.87600920389188, 43.08780342600673], [-70.87595770254813, 43.08783737815513], [-70.87581636445415, 43.087908136350975], [-70.87565836714933, 43.08795070901984], [-70.87548342983608, 43.08798692652394], [-70.87535927153561, 43.0880453272949], [-70.87529011188731, 43.08804484901464], [-70.8752538255758, 43.088083257050506], [-70.8752257367171, 43.08822277434725], [-70.8752173034249, 43.088367245223985], [-70.87512367454354, 43.088491856239486], [-70.87499749248566, 43.08859215376235], [-70.87481308738857, 43.08861978365289], [-70.87465484840722, 43.08865722963634], [-70.8745496867282, 43.088656501715555], [-70.8744642428669, 43.08865591020877], [-70.87440440644687, 43.088708489975815], [-70.87438419189091, 43.088746891133596], [-70.87429837532237, 43.088775202760615], [-70.87425862911661, 43.088799015726515], [-70.87407366404535, 43.088869999302275], [-70.87402647539439, 43.08896120759025], [-70.87409120793309, 43.08903873820369], [-70.87413578789688, 43.08914985268043], [-70.87413112377159, 43.08916999576994], [-70.87416077423138, 43.08925119615958], [-70.8740939294906, 43.089337450694366], [-70.87391522464297, 43.0894325655618], [-70.87361839716397, 43.08951240863904], [-70.87345990651335, 43.08956912177277], [-70.87339293610187, 43.08966501029861], [-70.87337823638889, 43.0897853493632], [-70.873423126424, 43.08987237805855], [-70.87346764359324, 43.08998830998241], [-70.87351284470901, 43.09005125260326], [-70.8735120987654, 43.09010905909563], [-70.87341865025094, 43.09021921700715], [-70.87324601710291, 43.09035291400858], [-70.87315269211953, 43.090453437277475], [-70.87317861016481, 43.09048252283561], [-70.87316409638458, 43.090588410230104], [-70.8730908625422, 43.090660166936416], [-70.87297893804474, 43.09067384358136], [-70.87284704617937, 43.09070665215102], [-70.87272693087395, 43.090845530312926], [-70.87255385878386, 43.09101294667086], [-70.87247473556035, 43.091031668090224], [-70.87182595412222, 43.09087781658031], [-70.87133467434151, 43.09074432676761], [-70.87097454107239, 43.09063583505718], [-70.87044538976166, 43.09044881788653]], [[-70.8729882047238, 43.08806755726845], [-70.87308261441434, 43.08798223813685], [-70.8731079930256, 43.08787494673772], [-70.87308747456112, 43.08781227795173], [-70.87310120662195, 43.08778110993987], [-70.87311768003184, 43.0877440990787], [-70.8731076478139, 43.08769518068522], [-70.8730174430584, 43.08766133788416], [-70.87291126948726, 43.087625430289506], [-70.87279689711511, 43.087605097338724], [-70.87273329907899, 43.08757534680506], [-70.87267472964405, 43.08756907856273], [-70.8726294886603, 43.08756290277926], [-70.87250747282262, 43.08751516115952], [-70.87245722868595, 43.08748354919739], [-70.87240678264371, 43.0874675674348], [-70.8723269383761, 43.08745724343613], [-70.87224666489031, 43.08748013360103], [-70.87209738659392, 43.08747909714044], [-70.87183932053203, 43.087438225833864], [-70.87164723983234, 43.087448615187654], [-70.87143345447839, 43.08748816267522], [-70.87125190989336, 43.08750839435049], [-70.87117430163678, 43.08753130228881], [-70.87116041695376, 43.087574192725675], [-70.87118943611277, 43.08759784189656], [-70.87133071759914, 43.08759882396051], [-70.87162412023588, 43.08758718520905], [-70.87175385466526, 43.08765647487042], [-70.87178722015955, 43.087756358241435], [-70.87187354609227, 43.08788396480212], [-70.8721090256918, 43.08802237683457], [-70.87234249707112, 43.088109971670455], [-70.87255291158816, 43.088125109772385], [-70.87273709807664, 43.08810684831912], [-70.87277954759266, 43.088122774456565], [-70.87282737902036, 43.08813483000963], [-70.87290217035404, 43.08812362512836], [-70.8729882047238, 43.08806755726845]], [[-70.87218977499337, 43.08706568247729], [-70.87241246213253, 43.08697270351426], [-70.87247220875413, 43.08690530688905], [-70.87248144174768, 43.086841669433234], [-70.87246520562795, 43.08679634920356], [-70.87243807468859, 43.08672629469284], [-70.87241158095746, 43.08660692727674], [-70.87238439706255, 43.08654098216041], [-70.87236068029782, 43.08642368889299], [-70.87226743793231, 43.08626276031413], [-70.87211468891346, 43.08615073580413], [-70.87182465752267, 43.08603159292036], [-70.87156696482562, 43.08601336354771], [-70.87135615778008, 43.086055051239555], [-70.87122397638149, 43.08608701068574], [-70.87108592228691, 43.08613947803354], [-70.87101194552912, 43.08622321410574], [-70.87108980048193, 43.086273072748455], [-70.87112568536122, 43.086316474892946], [-70.87112475469247, 43.08638838951782], [-70.87110753581857, 43.08641909313229], [-70.87109125883867, 43.086593645478594], [-70.8711565714479, 43.086746161286584], [-70.87135673796742, 43.08687701063206], [-70.87157145367934, 43.08696686295512], [-70.87170807437025, 43.08702534903692], [-70.87179161734018, 43.08706908204781], [-70.87185276005282, 43.08711060452092], [-70.87197840691638, 43.08715052006153], [-70.87208234407308, 43.08713480273476], [-70.87218977499337, 43.08706568247729]]]}, "properties": {"id": 112, "Hectares": 32.20981152192, "Acres": 79.59205476124, "Year": "2016", "LABEL": "Great Bay", "100 M2?": "y"}}, {"type": "Feature", "geometry": {"type": "Polygon", "coordinates": [[[-70.71257132809065, 43.040996982415784], [-70.71248992592726, 43.040988329504884], [-70.71246102138527, 43.04098277235567], [-70.71240331529758, 43.040965013719216], [-70.71237296983361, 43.04093552190229], [-70.71232281950415, 43.04089789070733], [-70.71230355016677, 43.040855200889744], [-70.71234577489906, 43.04081966907412], [-70.71242946218948, 43.04079777333638], [-70.71248739466448, 43.04080091446221], [-70.71251615496934, 43.04081577364746], [-70.71253939788213, 43.040835902964176], [-70.71258411325806, 43.04087348875277], [-70.71261804097166, 43.04090566844891], [-70.71264834535823, 43.04093781792869], [-70.71265145395348, 43.040971069718886], [-70.71257132809065, 43.040996982415784]]]}, "properties": {"id": 113, "Hectares": 0.04069007441, "Acres": 0.10054720837, "Year": "2016", "LABEL": "Atlantic Coast", "100 M2?": "y"}}, {"type": "Feature", "geometry": {"type": "Polygon", "coordinates": [[[-70.71857485974442, 43.054514510356555], [-70.71858248423884, 43.05451832982641], [-70.71859051578363, 43.0545263705599], [-70.71859661241345, 43.054542369454865], [-70.71859182629902, 43.05455894270348], [-70.71855790266241, 43.0545684044401], [-70.71850219208353, 43.05458271697896], [-70.71848511012954, 43.05460697709917], [-70.71845342298013, 43.05460081250355], [-70.71843393722096, 43.05458698444437], [-70.71843641082985, 43.05457146338779], [-70.71846057819846, 43.05455474927037], [-70.71849277579958, 43.05455884066394], [-70.71852595767714, 43.05453993080842], [-70.71855741755478, 43.05451839124631], [-70.71857485974442, 43.054514510356555]]]}, "properties": {"id": 114, "Hectares": 0.00583519039, "Acres": 0.01441904721, "Year": "2016", "LABEL": "Little Harbor/Back Channel", "100 M2?": "n"}}, {"type": "Feature", "geometry": {"type": "Polygon", "coordinates": [[[-70.84822292687059, 43.05822062805091], [-70.84799764131749, 43.05826154569046], [-70.84792166796066, 43.058250369878756], [-70.84784953134852, 43.05822327305601], [-70.84787202111285, 43.05816761452612], [-70.84793043762504, 43.05813613565743], [-70.84792424952293, 43.05805634931445], [-70.84784504096888, 43.05801591154596], [-70.84773331815397, 43.05796726683908], [-70.84769141599757, 43.05784735386023], [-70.84779375058459, 43.05778429252713], [-70.84785738273159, 43.05763323790221], [-70.84796657676574, 43.057599464253535], [-70.848074816053, 43.05763745153979], [-70.84816433207341, 43.057720491983034], [-70.84813402810043, 43.05781862378835], [-70.84817631998231, 43.0579093006342], [-70.84830211687176, 43.05798994238682], [-70.84837784257246, 43.05801972265861], [-70.84846398243067, 43.058084132238086], [-70.84845979247599, 43.05812663138449], [-70.84832842655311, 43.0581921437771], [-70.84822292687059, 43.05822062805091]]]}, "properties": {"id": 115, "Hectares": 0.24339495852, "Acres": 0.60144111225, "Year": "2016", "LABEL": "Great Bay", "100 M2?": "y"}}, {"type": "Feature", "geometry": {"type": "Polygon", "coordinates": [[[-70.86202067330136, 43.079832813957], [-70.86198538672805, 43.07987261255429], [-70.8619469539435, 43.079916740643505], [-70.86189866938992, 43.079942300118816], [-70.86185785831427, 43.0799753118622], [-70.8618044783383, 43.08000453532335], [-70.8617456881681, 43.08006146967579], [-70.86168216579, 43.080094321598565], [-70.8616519811412, 43.080086709528366], [-70.86161427456007, 43.080075344668415], [-70.86155880689803, 43.0800712545601], [-70.86152347847107, 43.08007100599128], [-70.86146041621927, 43.080068712330245], [-70.86142552384226, 43.080035168032786], [-70.86138551191289, 43.080007137491314], [-70.86133538197183, 43.07998088565976], [-70.86131805697762, 43.07995486468853], [-70.86130806007424, 43.079947394604915], [-70.86128047168602, 43.079934250914505], [-70.86127823174195, 43.079923780295715], [-70.86127333745415, 43.07990090193458], [-70.86127629703195, 43.079867623997295], [-70.86127406433249, 43.07984540910448], [-70.86125149699157, 43.07981463573712], [-70.86125269975354, 43.07980111173763], [-70.86124418944172, 43.079771708994016], [-70.8612515223091, 43.079721225708404], [-70.86127651630171, 43.07968064767477], [-70.86130202265824, 43.079600949448526], [-70.86133140141581, 43.079541069008265], [-70.86135642545713, 43.07954423620906], [-70.86144163524484, 43.07953236632877], [-70.86154390871604, 43.07951645993919], [-70.86166858912907, 43.079521493617115], [-70.86168930848521, 43.07953045125299], [-70.86168989853108, 43.0795303215588], [-70.8617388188388, 43.07953066568486], [-70.8617811108704, 43.079527702851806], [-70.86181234865599, 43.07951977177867], [-70.86187037690438, 43.079503878328566], [-70.86192861845483, 43.07947168476806], [-70.8619666551305, 43.07945402051738], [-70.86200683010729, 43.079442891922675], [-70.86204020614782, 43.07944149645546], [-70.8620934457112, 43.07945165174954], [-70.86213105577245, 43.07946658760666], [-70.8621774538146, 43.07948973602502], [-70.8623259052441, 43.07953153355005], [-70.86237471895353, 43.07954002744538], [-70.86239015658512, 43.07954991689857], [-70.86240771127083, 43.07956797201954], [-70.86240732750102, 43.07959731216766], [-70.86238051573575, 43.07960690467007], [-70.86232945699675, 43.079600025154924], [-70.8622497466784, 43.07957338231048], [-70.86219870930876, 43.07956487272914], [-70.8621430966853, 43.07956611190647], [-70.8621073476276, 43.079578901825485], [-70.86204482940151, 43.07959802414034], [-70.86198904609283, 43.07961230330706], [-70.8619622342572, 43.079621895710844], [-70.86193984838856, 43.07963314939186], [-70.86193762473438, 43.07963313375411], [-70.86190624331229, 43.079643690604485], [-70.8618996519411, 43.07964590796959], [-70.861895386419, 43.0796530146518], [-70.86185435553523, 43.07966449872253], [-70.86187160804423, 43.079696068899054], [-70.86188917530899, 43.07970359217559], [-70.86192685750585, 43.07971680670561], [-70.86197941410384, 43.07975047507018], [-70.86199700560492, 43.079756148568954], [-70.86200685731936, 43.07977471716127], [-70.86198650028759, 43.079787523532595], [-70.86201413717784, 43.07979696753109], [-70.86202675441841, 43.07979705625237], [-70.86204165304602, 43.07981566032983], [-70.86203159522434, 43.07983147572967], [-70.86202067330136, 43.079832813957]]]}, "properties": {"id": 116, "Hectares": 0.35099643881, "Acres": 0.86732975012, "Year": "2016", "LABEL": "Great Bay", "100 M2?": "y"}}, {"type": "Feature", "geometry": {"type": "Polygon", "coordinates": [[[-70.86064375510931, 43.07903309459894], [-70.860624368236, 43.079156683458834], [-70.86064713760919, 43.07917369812949], [-70.86064708924708, 43.07917738750779], [-70.86064676874325, 43.07920183762236], [-70.86063524457617, 43.07923272945296], [-70.86064144541682, 43.079268636609264], [-70.86064339128508, 43.07928984237104], [-70.86064766763137, 43.07930291375746], [-70.86065628442964, 43.079324166507], [-70.8606293656796, 43.07934190863626], [-70.86062902379936, 43.079367988757575], [-70.86063999244811, 43.079379477125784], [-70.86066667617987, 43.07937966507778], [-70.86067433363868, 43.07937756784864], [-70.86068187069407, 43.079386346468006], [-70.86067941972031, 43.07940371346452], [-70.86068804981588, 43.07940377424996], [-70.86071056672976, 43.07941873229645], [-70.86073558284191, 43.079435557871975], [-70.86078590603061, 43.079447011875786], [-70.86086634075212, 43.07947162742334], [-70.86091901775268, 43.079496047465256], [-70.86097184022363, 43.079509368917236], [-70.8610220665719, 43.07952822186184], [-70.86105198427475, 43.07955618146721], [-70.8610518842774, 43.079563813650324], [-70.86105154803214, 43.07958947716521], [-70.86101766873952, 43.07962786894579], [-70.86098136816594, 43.0796329255431], [-70.86096122712958, 43.079642564679865], [-70.86093388113224, 43.07969290703171], [-70.8609177601784, 43.079735177626986], [-70.86087692261968, 43.079796836070074], [-70.86085175742045, 43.07985045407334], [-70.86085219965351, 43.07986412111406], [-70.86082142141152, 43.079914369713336], [-70.86081836461291, 43.07995504667966], [-70.86083085615172, 43.07997859173752], [-70.86084791879429, 43.080010752748684], [-70.86087254731922, 43.08005717446695], [-70.8608821805684, 43.080092390999575], [-70.86087410111845, 43.0801311826666], [-70.86085876641592, 43.080145874133564], [-70.86083076590883, 43.08016417626743], [-70.8607954374348, 43.080163927473436], [-70.86076792179573, 43.08014523437796], [-70.8607254593762, 43.080111636553994], [-70.86070362111235, 43.0800448852111], [-70.86070903172336, 43.0800171743473], [-70.86072256971659, 43.07999185846755], [-70.860729728535, 43.079978471556466], [-70.86073251869185, 43.07995814196123], [-70.86070223724484, 43.079957928684706], [-70.86067430952035, 43.079970681499105], [-70.86063143504441, 43.07996852957243], [-70.86061122316084, 43.07997023713178], [-70.86059600968552, 43.079975679760445], [-70.86054292013475, 43.07998270550049], [-70.86052780365767, 43.079980749077464], [-70.86049747369562, 43.079984235267915], [-70.86048201767503, 43.08000817548736], [-70.86047279602856, 43.0800224591177], [-70.86046656164228, 43.08003211570452], [-70.86043120899252, 43.08003371655924], [-70.86040610555399, 43.08003062950395], [-70.86030942513266, 43.080042473946804], [-70.86025575115143, 43.08004904957802], [-70.86020525043708, 43.080040449004116], [-70.86013964055635, 43.08003998659187], [-70.86008926847857, 43.080032231822884], [-70.86008215914859, 43.07999703301399], [-70.8601304444891, 43.07997147431189], [-70.86018600900411, 43.07996816606926], [-70.86025205549049, 43.07993533276507], [-70.86026011104485, 43.07989839090415], [-70.86021017576982, 43.07985734049948], [-70.86015240332551, 43.07983658408276], [-70.86001623417371, 43.079828224544926], [-70.8599533906601, 43.079809282211805], [-70.85993584787613, 43.079799908879465], [-70.8599258026279, 43.079796138197295], [-70.85989845731322, 43.0797644965721], [-70.85982326367925, 43.079725117847836], [-70.85978046223121, 43.0797174163227], [-70.85967700105125, 43.07971668673735], [-70.85960884380196, 43.07971805598792], [-70.85958846835632, 43.079717358854765], [-70.85957264038971, 43.07971102678975], [-70.85954765710683, 43.07970032688467], [-70.85954588822305, 43.07967487957376], [-70.8595664416475, 43.07962098997335], [-70.8595953905807, 43.07957547259288], [-70.8596125635361, 43.079563124195204], [-70.85964677305446, 43.079548817693706], [-70.85967264155225, 43.07952198284279], [-70.85969289481277, 43.07949095188139], [-70.85968174620521, 43.07947632549072], [-70.85969638423545, 43.07944109842315], [-70.85974479532194, 43.07942481378858], [-70.85978164872115, 43.079425073659316], [-70.8598695571726, 43.07942361524267], [-70.85992374701227, 43.07939905826436], [-70.85997491109245, 43.079389027699314], [-70.86003744191699, 43.07937699898418], [-70.8601226789704, 43.07936305202526], [-70.86015402612968, 43.07935080344929], [-70.86020843383447, 43.07930962184864], [-70.86023171240522, 43.0792640643416], [-70.86024645908421, 43.07922052495628], [-70.86025823460936, 43.07918735589494], [-70.86024433281631, 43.07916647539748], [-70.8602391536572, 43.07912903034664], [-70.86025670790535, 43.0790875889976], [-70.86027404410795, 43.07906277213231], [-70.86027150902801, 43.07903989348551], [-70.86026902845549, 43.079012858716816], [-70.86026654788498, 43.07898582394796], [-70.86026709294201, 43.0789442627301], [-70.86026755623958, 43.07890893569468], [-70.86027355297722, 43.078884038918225], [-70.86027935894354, 43.07887368856786], [-70.86029781840075, 43.078853808027546], [-70.86033456118459, 43.07883982966089], [-70.86036868782904, 43.078835445298594], [-70.8604217157709, 43.07883304403253], [-70.86048454631332, 43.078852910985255], [-70.86051943751144, 43.078886455566945], [-70.86054537555637, 43.07892918672564], [-70.86060665354853, 43.07897124185563], [-70.86064375510931, 43.07903309459894]]]}, "properties": {"id": 117, "Hectares": 0.79034930923, "Acres": 1.95299266057, "Year": "2016", "LABEL": "Great Bay", "100 M2?": "y"}}, {"type": "Feature", "geometry": {"type": "Polygon", "coordinates": [[[-70.86243636354516, 43.068837813622], [-70.86239317764522, 43.0688300426407], [-70.86238313973405, 43.06881877089293], [-70.8623833838132, 43.06880010394559], [-70.86237858453283, 43.06877766781872], [-70.86242725307476, 43.06875560747706], [-70.86245775730337, 43.06875955558996], [-70.86246772200286, 43.068776427415685], [-70.86246740473345, 43.06880069444784], [-70.86243636354516, 43.068837813622]]]}, "properties": {"id": 118, "Hectares": 0.0049633519, "Acres": 0.01226469071, "Year": "2016", "LABEL": "Great Bay", "100 M2?": "n"}}, {"type": "Feature", "geometry": {"type": "Polygon", "coordinates": [[[-70.90111867582365, 43.06047444142364], [-70.90109353354457, 43.060486614429735], [-70.90104481374674, 43.06047434303956], [-70.90096122156875, 43.06044018008204], [-70.90092569700201, 43.060430608026635], [-70.90083474646899, 43.06037399329628], [-70.90078036618853, 43.060242948444184], [-70.90074644510153, 43.060104573017426], [-70.90068734556053, 43.05994362660438], [-70.90064896082315, 43.05975481576445], [-70.90060529892955, 43.059580904542926], [-70.90061907338628, 43.05949698758117], [-70.90064966858655, 43.0594934586433], [-70.90069509662533, 43.059525499519474], [-70.90070439651184, 43.05959650284403], [-70.90073088916192, 43.059718026742296], [-70.90076111269123, 43.05974436521344], [-70.90084386741052, 43.05984573004898], [-70.90091132469567, 43.05994885933101], [-70.90093795728205, 43.06005918288916], [-70.9008828934811, 43.06018762847507], [-70.90088969438014, 43.06025488131358], [-70.90092179028345, 43.06033537150565], [-70.9010686082883, 43.06040356116531], [-70.90111403721282, 43.06043560187694], [-70.90111867582365, 43.06047444142364]]]}, "properties": {"id": 119, "Hectares": 0.12590361025, "Acres": 0.31111411611, "Year": "2016", "LABEL": "Great Bay", "100 M2?": "y"}}, {"type": "Feature", "geometry": {"type": "Polygon", "coordinates": [[[-70.88252134874348, 43.062456497443556], [-70.88235500412279, 43.06245535747847], [-70.88231181269505, 43.06243915089645], [-70.88230505357173, 43.062401979950984], [-70.88232100562989, 43.0622854119181], [-70.88234432517139, 43.06215828734243], [-70.88225868647253, 43.06206754056612], [-70.88225294157701, 43.06195082381016], [-70.88243530413685, 43.06183009279832], [-70.88254358590234, 43.06184674535914], [-70.88273189607214, 43.06182682145533], [-70.88286937735855, 43.06182245966485], [-70.88294088976025, 43.06188659165712], [-70.8829252767526, 43.06197664452178], [-70.88286606704489, 43.06208230933623], [-70.88281381922499, 43.06220923587333], [-70.88276941164828, 43.062288484438476], [-70.88267376922545, 43.062415113639545], [-70.88252134874348, 43.062456497443556]]]}, "properties": {"id": 120, "Hectares": 0.28886650674, "Acres": 0.71380358148, "Year": "2016", "LABEL": "Great Bay", "100 M2?": "y"}}, {"type": "Feature", "geometry": {"type": "Polygon", "coordinates": [[[-70.86843445315392, 43.0658247621685], [-70.86840238966765, 43.06593369068812], [-70.86839267353636, 43.06596669898952], [-70.86831923736565, 43.066001859050864], [-70.86828561766967, 43.06601500163509], [-70.86824620618853, 43.06600580857224], [-70.86821299156884, 43.06598774064309], [-70.86817682322543, 43.06596296352576], [-70.86815598918075, 43.065933936437034], [-70.8680829084235, 43.065904700699384], [-70.86799763002901, 43.065787428276266], [-70.86796277449571, 43.065686418267276], [-70.86791979124854, 43.0656542971785], [-70.86778409112496, 43.06552076210083], [-70.86760485766534, 43.065397529912566], [-70.86719734930608, 43.06502874128304], [-70.86695433451669, 43.06480429570622], [-70.8668618271705, 43.06468697189921], [-70.86685521505704, 43.06463919406555], [-70.86694951465667, 43.06461863905732], [-70.86705001288726, 43.064677679985394], [-70.86722228617352, 43.06477965037778], [-70.86765989460577, 43.0650584893812], [-70.86816053621148, 43.06549687193879], [-70.86831104665774, 43.065603992334225], [-70.86841747311124, 43.06576384015056], [-70.86843445315392, 43.0658247621685]]]}, "properties": {"id": 121, "Hectares": 0.46387014265, "Acres": 1.146246316, "Year": "2016", "LABEL": "Great Bay", "100 M2?": "y"}}, {"type": "Feature", "geometry": {"type": "Polygon", "coordinates": [[[-70.87541979760417, 43.06006932561386], [-70.87544277783022, 43.06007640525731], [-70.87546630801155, 43.060072590392636], [-70.87547780376383, 43.06008019519526], [-70.87549694484085, 43.06008173253291], [-70.87556454217483, 43.06010563147883], [-70.87562019510342, 43.06012651886609], [-70.87569969935318, 43.0601563579442], [-70.87572326320695, 43.06018212913954], [-70.87580194202724, 43.06020134180271], [-70.87601187731742, 43.06018688191736], [-70.87607843958519, 43.06015500347466], [-70.87609947954334, 43.06012983095587], [-70.87616786731893, 43.060092227000894], [-70.87625170443226, 43.06009573505254], [-70.87631960303268, 43.06009620401233], [-70.8763700432195, 43.06011140406978], [-70.87646845292754, 43.06011578630444], [-70.87674408930701, 43.06005404706758], [-70.87685826219419, 43.060048051648764], [-70.87703407902974, 43.06008431906263], [-70.87703971999115, 43.060125033092724], [-70.87702670885115, 43.06014596650167], [-70.87702941386267, 43.06018897267787], [-70.87703721402245, 43.06020367126398], [-70.8770448638477, 43.06023008462268], [-70.87704045637037, 43.06026227268914], [-70.8769843893652, 43.06027360161377], [-70.87692866065116, 43.06025857227215], [-70.8769007399173, 43.06025545063098], [-70.87681675216066, 43.06026365782535], [-70.87671686339432, 43.060265897289305], [-70.8766532594727, 43.060242026592995], [-70.87653900916652, 43.06020643329679], [-70.87649622354697, 43.06020613787316], [-70.87634081716767, 43.06022623025389], [-70.87625815000617, 43.06021586662968], [-70.87619409481754, 43.060227139992314], [-70.8760858040759, 43.060261539346065], [-70.87607328010323, 43.06027454077581], [-70.87604936844733, 43.06029936400722], [-70.87601719025974, 43.060316715404085], [-70.87592905771004, 43.06033660911971], [-70.87585267286676, 43.06032204440895], [-70.87566978722352, 43.060354230430846], [-70.87547445190707, 43.060358183594495], [-70.87525694275448, 43.06039910770383], [-70.87513358738558, 43.06043007564869], [-70.87502401384984, 43.06051417397985], [-70.87503718176724, 43.06061503191053], [-70.87507955125808, 43.06069487776751], [-70.8751887583561, 43.060715213715284], [-70.875362204644, 43.06067766335058], [-70.87538000344344, 43.060713686627494], [-70.875271454317, 43.06078634684155], [-70.87527965125423, 43.06085041148345], [-70.87530648690158, 43.060966859991204], [-70.87524576222259, 43.06101014055711], [-70.87514490944173, 43.060969126625274], [-70.87502071962605, 43.06097720172773], [-70.87496555390001, 43.06096114486086], [-70.87484244789182, 43.06096760721053], [-70.87470973818755, 43.06103698371368], [-70.87460472296699, 43.06112705441612], [-70.87443173221048, 43.061222512350895], [-70.87419125594384, 43.061285284227324], [-70.87393137463447, 43.06130398689433], [-70.87381622471773, 43.06125046801652], [-70.87374467046361, 43.06122361167247], [-70.87368875297929, 43.06122322420702], [-70.87359662429321, 43.06124308842961], [-70.87349665835107, 43.06125118244918], [-70.87345283643828, 43.06124209184832], [-70.87342985350254, 43.06116577978808], [-70.8734685072088, 43.06106471358763], [-70.8734952693232, 43.06104907513488], [-70.87354753232086, 43.06102307679823], [-70.87362368432514, 43.061003101896056], [-70.87369199908032, 43.06097135682723], [-70.87375161672638, 43.06091336747674], [-70.87376069118334, 43.06091032481089], [-70.87390866077511, 43.060893293506055], [-70.87394866426081, 43.06087370505854], [-70.87417870926548, 43.060798896363956], [-70.87422320090941, 43.0607687097216], [-70.87425392512098, 43.06076143577706], [-70.87436248173529, 43.060706537337076], [-70.87435890250536, 43.06067429408111], [-70.87419533420297, 43.060658516718945], [-70.87404736498463, 43.06067213669114], [-70.87396277259893, 43.06072720083684], [-70.87386521563992, 43.060789587307575], [-70.87385402691105, 43.060796742347996], [-70.87372553702369, 43.060848573232995], [-70.87368156437988, 43.06085119748349], [-70.87358197658727, 43.060830004677825], [-70.87354670939719, 43.060777039117525], [-70.87353548221238, 43.06071838226084], [-70.87354799295433, 43.0606774636388], [-70.87361604314567, 43.060666219445245], [-70.8737120517965, 43.06065516894625], [-70.87378618689962, 43.06063826102406], [-70.87379938203263, 43.060612940299876], [-70.87393114198387, 43.060570250704934], [-70.87416325346408, 43.0605188232099], [-70.87436636776782, 43.060472498001346], [-70.8745565661974, 43.06040975621191], [-70.87464088839073, 43.06036454513139], [-70.87471504140102, 43.06034121354147], [-70.8748335583801, 43.06031234749273], [-70.87489363859599, 43.06029219957803], [-70.87487645924763, 43.06026556800191], [-70.87482681609781, 43.060213079961294], [-70.87485601830942, 43.06017352926889], [-70.87490513995041, 43.06018053574714], [-70.87497202213262, 43.06020725278287], [-70.87504379500936, 43.06020615175698], [-70.87515980361799, 43.060150856882885], [-70.87516614750494, 43.06014840852928], [-70.87520899771627, 43.06010903092816], [-70.87528537407044, 43.06007148275118], [-70.87533349079304, 43.060057170729564], [-70.87536399067304, 43.06005738163485], [-70.87536924875975, 43.06007206275656], [-70.87541979760417, 43.06006932561386]]]}, "properties": {"id": 122, "Hectares": 1.30254870338, "Acres": 3.21866297349, "Year": "2016", "LABEL": "Great Bay", "100 M2?": "y"}}, {"type": "Feature", "geometry": {"type": "Polygon", "coordinates": [[[-70.88919390165347, 43.077653828049414], [-70.88918320631522, 43.077882564443854], [-70.88919962708148, 43.07827439992191], [-70.88916327168143, 43.07841121630182], [-70.88920536132791, 43.078666162766204], [-70.88898806072336, 43.07894672736986], [-70.88851645622864, 43.07905320403172], [-70.88796084405195, 43.079041589952624], [-70.88734150876452, 43.078998201304536], [-70.88664925536901, 43.078805457223325], [-70.88594761271315, 43.07851079668979], [-70.88546900220749, 43.078327337340006], [-70.88498979707612, 43.07819087878879], [-70.88464802516398, 43.078172874688725], [-70.88430051148441, 43.07818616822151], [-70.8838404891972, 43.07822219451261], [-70.88341747038508, 43.07828981014652], [-70.8830850373973, 43.078377630740746], [-70.88283305286429, 43.07844249802236], [-70.8824093320829, 43.07856494645252], [-70.88210880629346, 43.078664734590596], [-70.88175474608434, 43.07877198921917], [-70.88144388166502, 43.078844284022644], [-70.88105805938473, 43.07892781510675], [-70.88094544844485, 43.07895837984214], [-70.88076876709133, 43.0789845872187], [-70.88063423166453, 43.07905809068753], [-70.88052666318566, 43.07911219307363], [-70.88042483857242, 43.07913499692085], [-70.88016810603203, 43.0791528188422], [-70.88025615491742, 43.07895364484771], [-70.88051084842078, 43.078677271006654], [-70.8806636161428, 43.07843153442881], [-70.88099491337951, 43.078014665041124], [-70.88118598090195, 43.0776986803907], [-70.88132805698844, 43.077452869489], [-70.88150204114909, 43.07721902905676], [-70.88167298083452, 43.0768049744506], [-70.88198888266733, 43.07633707232231], [-70.88221754138063, 43.076005674650204], [-70.88252789205393, 43.07555340186831], [-70.88292282805594, 43.07517221789268], [-70.88318807997057, 43.07490374467975], [-70.88359319489567, 43.07456180044177], [-70.88397563740253, 43.074321547947676], [-70.88460385226655, 43.074082974104165], [-70.88505405332364, 43.073976367255845], [-70.885503655822, 43.07391676144693], [-70.88591516084502, 43.07391173532822], [-70.88620837577615, 43.07396465964748], [-70.8866974419645, 43.07416385624286], [-70.88724444010329, 43.07443003845042], [-70.88761547134307, 43.074667599504075], [-70.88783784344133, 43.0748297200829], [-70.88826695865879, 43.075122515693984], [-70.88861677447022, 43.0753481774423], [-70.8891358875407, 43.07570817474924], [-70.8893359542863, 43.07594456840597], [-70.88941406757391, 43.076528767814246], [-70.88935835846186, 43.0767085824538], [-70.88924783057666, 43.07699770736579], [-70.88938447635692, 43.07717882865051], [-70.88938140669926, 43.07742167665797], [-70.88926137952103, 43.07761672327571], [-70.88919390165347, 43.077653828049414]]]}, "properties": {"id": 123, "Hectares": 27.81731686815, "Acres": 68.73798084704, "Year": "2016", "LABEL": "Great Bay", "100 M2?": "y"}}, {"type": "Feature", "geometry": {"type": "Polygon", "coordinates": [[[-70.88858987011133, 43.074940601440645], [-70.88839876055518, 43.074841370809146], [-70.88822437475015, 43.07468741224595], [-70.88802307651729, 43.07454893925952], [-70.88794916744519, 43.07447792598238], [-70.88795322723685, 43.074451107979264], [-70.88799067243566, 43.07444274827322], [-70.88810935770537, 43.07448685045616], [-70.88850280548458, 43.07464229907742], [-70.88878954370168, 43.074785269288576], [-70.88926813690082, 43.074968714724825], [-70.88952761877185, 43.075154587563766], [-70.88954211349589, 43.07527612047344], [-70.88943455939717, 43.07533023138179], [-70.88932245422636, 43.07532163541736], [-70.88919486463354, 43.075269844489334], [-70.88904585354186, 43.075221825092484], [-70.88891282227625, 43.07517783135271], [-70.88876955103798, 43.07509851267859], [-70.88858987011133, 43.074940601440645]]]}, "properties": {"id": 124, "Hectares": 0.36028273902, "Acres": 0.89027666226, "Year": "2016", "LABEL": "Great Bay", "100 M2?": "y"}}, {"type": "Feature", "geometry": {"type": "Polygon", "coordinates": [[[-70.73613332834051, 43.06026200925379], [-70.7361085831272, 43.06025767328613], [-70.7361132061728, 43.06025026834022], [-70.73611329370989, 43.060244480409814], [-70.7361058630398, 43.06021382287526], [-70.73608705610089, 43.06018968841889], [-70.7360424514214, 43.060156247724514], [-70.73602036171029, 43.06012547096859], [-70.73601734153361, 43.06010146488808], [-70.73603230076584, 43.06008173977223], [-70.73608201614526, 43.06007552848416], [-70.7361123243582, 43.06008487138886], [-70.7361234255, 43.06009653894622], [-70.73612644571791, 43.06012054502435], [-70.73612832581055, 43.06014536878002], [-70.7361336763081, 43.06016443211355], [-70.73615606620267, 43.060175364514805], [-70.7361840567082, 43.060188823298446], [-70.736191512423, 43.060217827133954], [-70.73617860838519, 43.06025080016388], [-70.73613332834051, 43.06026200925379]]]}, "properties": {"id": 125, "Hectares": 0.01447448157, "Acres": 0.03576716768, "Year": "2016", "LABEL": "Sagamore Creek", "100 M2?": "y"}}, {"type": "Feature", "geometry": {"type": "Polygon", "coordinates": [[[-70.7366231678341, 43.06122587169237], [-70.7366222681536, 43.06123473527075], [-70.73660943500299, 43.06124981555543], [-70.73660483829411, 43.06126001600381], [-70.73659706976524, 43.06126434598542], [-70.7365922933581, 43.061267008233436], [-70.73657703043948, 43.06127093800307], [-70.73656682126187, 43.061273465285744], [-70.73656040647393, 43.06127223381927], [-70.7365591414534, 43.061265725324056], [-70.73656766304046, 43.06125059275046], [-70.73656932074472, 43.06123236402008], [-70.73656674063604, 43.061220181579785], [-70.73655324266844, 43.061198789297016], [-70.73654791807597, 43.06119479749414], [-70.7365469895241, 43.061185814942164], [-70.73652232439997, 43.061154274235165], [-70.7366231678341, 43.06122587169237]]]}, "properties": {"id": 126, "Hectares": 0.00346707631, "Acres": 0.00856731892, "Year": "2016", "LABEL": "Little Harbor/Back Channel", "100 M2?": "n"}}, {"type": "Feature", "geometry": {"type": "Polygon", "coordinates": [[[-70.73649222790485, 43.060574783929404], [-70.73651484922213, 43.060630006134865], [-70.73651084220099, 43.060641766420474], [-70.73649931155028, 43.06065209823529], [-70.73648934679886, 43.06067127289804], [-70.73648778100754, 43.060683421640874], [-70.73647482253762, 43.06071777380553], [-70.73647453145757, 43.060737027100906], [-70.73648649414467, 43.060768541473415], [-70.73651226109574, 43.060801181507685], [-70.73654094517944, 43.0608237106884], [-70.73657534093782, 43.06083412481539], [-70.73658081171398, 43.06083578122063], [-70.73659597839848, 43.06084037328667], [-70.73660414760353, 43.06084854732971], [-70.73660947630457, 43.060861765565114], [-70.7366033461959, 43.0608739242404], [-70.73660370383907, 43.060874529605144], [-70.73660013823257, 43.06089444831124], [-70.73658810356127, 43.06090415700062], [-70.73657953607353, 43.060922329571135], [-70.73659573663964, 43.060947797640935], [-70.73661775610104, 43.06095405734063], [-70.73664292838319, 43.06096439226183], [-70.73665626617154, 43.06099718520872], [-70.73663715480978, 43.06108807279628], [-70.7366231678341, 43.06122587169237], [-70.73652232439997, 43.061154274235165], [-70.73652213072353, 43.06115402656984], [-70.73648468809202, 43.061116561847605], [-70.73647514343179, 43.06107746587265], [-70.73646835710255, 43.06102352817004], [-70.73643874014166, 43.06097126289631], [-70.7364192576907, 43.0609190800005], [-70.73640771317963, 43.060844665407764], [-70.73635070418827, 43.0607605911114], [-70.7362782408861, 43.06069311330439], [-70.73623375975004, 43.060618430897634], [-70.73624211909079, 43.06056833236086], [-70.7362331302524, 43.060547802852604], [-70.73624326728977, 43.06052421903486], [-70.73621234387909, 43.06048096625993], [-70.73617407953463, 43.06047569343265], [-70.73616781728886, 43.06047564251202], [-70.73615378222196, 43.06047552838644], [-70.73613122965251, 43.06047534499755], [-70.73608153896556, 43.060479902609266], [-70.73604761005953, 43.06048624228008], [-70.73602736277033, 43.06048276982282], [-70.73602312740145, 43.0604645425032], [-70.73603708415834, 43.06043653974664], [-70.73604828123487, 43.06042056437167], [-70.73604209492255, 43.06040350254213], [-70.73603600450537, 43.06035879777262], [-70.73603773187901, 43.060353382310524], [-70.73606638788577, 43.060363179607265], [-70.73607312863236, 43.06036488832247], [-70.73608065934943, 43.060388931081], [-70.73609627104736, 43.0604006353209], [-70.73614353134577, 43.06040763522388], [-70.73616189850402, 43.0603862839063], [-70.736166834169, 43.06035820777856], [-70.73616594535018, 43.060354382692864], [-70.73617953266547, 43.060350435276995], [-70.73622527778294, 43.06034151714094], [-70.73628614015571, 43.06033829595264], [-70.73630891438381, 43.060340339131855], [-70.7363364187074, 43.06036471698724], [-70.73635629418295, 43.06039089083434], [-70.73640589867911, 43.06046189880838], [-70.73640684579627, 43.06046304588935], [-70.73641706536851, 43.06051562657786], [-70.73645669765412, 43.06054533897171], [-70.73649222790485, 43.060574783929404]]]}, "properties": {"id": 126, "Hectares": 0.15366379842, "Acres": 0.37971092909, "Year": "2016", "LABEL": "Sagamore Creek", "100 M2?": "y"}}, {"type": "Feature", "geometry": {"type": "Polygon", "coordinates": [[[-70.73754066332695, 43.070350635374815], [-70.73750895973949, 43.070358647425536], [-70.73749327032785, 43.07035190444879], [-70.7374889089827, 43.07034194566478], [-70.73748682824058, 43.070330351504225], [-70.73748928371894, 43.07031714028296], [-70.73750547276059, 43.07029080941747], [-70.73753492069599, 43.070282779052555], [-70.73755474662073, 43.070314364034786], [-70.73754066332695, 43.070350635374815]]]}, "properties": {"id": 127, "Hectares": 0.00328622183, "Acres": 0.00812041845, "Year": "2016", "LABEL": "Little Harbor/Back Channel", "100 M2?": "n"}}, {"type": "Feature", "geometry": {"type": "Polygon", "coordinates": [[[-70.71833469107223, 43.0809830760289], [-70.71830087661847, 43.080981141890334], [-70.71829421065817, 43.08097447107768], [-70.71829656868677, 43.08096787505559], [-70.71831489724285, 43.080949834155916], [-70.71834453127255, 43.08093023305721], [-70.71837611521002, 43.080930494806594], [-70.71838032113409, 43.080950376358516], [-70.71836868406987, 43.08097343439767], [-70.71833469107223, 43.0809830760289]]]}, "properties": {"id": 128, "Hectares": 0.00281700283, "Acres": 0.00696095484, "Year": "2016", "LABEL": "Portsmouth Harbor", "100 M2?": "n"}}, {"type": "Feature", "geometry": {"type": "Polygon", "coordinates": [[[-70.70512633765553, 43.081996666213854], [-70.70510603342203, 43.08199649559322], [-70.7051038032597, 43.08199482296187], [-70.70509929120794, 43.08199478504559], [-70.70509503779455, 43.0819782103963], [-70.70509744900235, 43.081968307314824], [-70.70511790840565, 43.08195855589709], [-70.70513139282734, 43.08196197698972], [-70.70514023588795, 43.08197362853268], [-70.70512633765553, 43.081996666213854]]]}, "properties": {"id": 129, "Hectares": 0.00114604247, "Acres": 0.00283192825, "Year": "2016", "LABEL": "Portsmouth Harbor", "100 M2?": "n"}}, {"type": "Feature", "geometry": {"type": "Polygon", "coordinates": [[[-70.73279484475974, 43.07265915436448], [-70.73279554543454, 43.07265964988617], [-70.73281885987528, 43.072679115936545], [-70.73283366159671, 43.07269379191265], [-70.73285040636821, 43.0727218587752], [-70.73283771988645, 43.07274457147576], [-70.73282639312481, 43.072748412873466], [-70.73281193679617, 43.07274632798051], [-70.73279913782629, 43.072741109545234], [-70.73278586803295, 43.07273156004989], [-70.7327726221349, 43.07272043721485], [-70.73276148053263, 43.07271208523529], [-70.73273596624031, 43.07269614166863], [-70.73270878862752, 43.07268372497012], [-70.73267844563676, 43.072667741979345], [-70.73266887015812, 43.07265695376226], [-70.73265091543024, 43.07265050497958], [-70.73264447317084, 43.07263780516957], [-70.73262677917825, 43.072614506224056], [-70.7326226947379, 43.07258635668339], [-70.73264429710792, 43.07256957858455], [-70.73268780591918, 43.07257392689239], [-70.7327193065679, 43.07258036140403], [-70.732757008872, 43.072594568279776], [-70.73278389833256, 43.072627219117464], [-70.73279484475974, 43.07265915436448]]]}, "properties": {"id": 130, "Hectares": 0.01736327806, "Acres": 0.04290552825, "Year": "2016", "LABEL": "Lower Piscataqua River South", "100 M2?": "y"}}, {"type": "Feature", "geometry": {"type": "Polygon", "coordinates": [[[-70.71728662434829, 43.05241176615547], [-70.71726325615599, 43.052415517247745], [-70.71722693695098, 43.052455579497305], [-70.7172252033539, 43.05245925443076], [-70.71721309637742, 43.052484919165884], [-70.71719339048612, 43.05250875563035], [-70.71716501283616, 43.05251615652713], [-70.71713076987993, 43.0525180542115], [-70.71710225837957, 43.05252821471414], [-70.71708290505784, 43.05253511155586], [-70.71704396437927, 43.05255224293657], [-70.71699015005889, 43.05256925087051], [-70.7169261261627, 43.05257308315646], [-70.71688944710598, 43.05254005151177], [-70.71691380036627, 43.052504253688944], [-70.71693918648705, 43.05249791893436], [-70.7169824040929, 43.0524928230653], [-70.71698576593589, 43.052467760093194], [-70.71696391000084, 43.05243812420897], [-70.71690098644204, 43.05246705648476], [-70.7168575668439, 43.05248524153614], [-70.71683326406128, 43.052517767043675], [-70.71677346659993, 43.052536907029], [-70.71675017552333, 43.05253807908677], [-70.71667773099364, 43.05247502149279], [-70.71663697731691, 43.05241686506909], [-70.71661764681254, 43.05241278115637], [-70.71662948501043, 43.052389357603296], [-70.71663442354055, 43.052389571180846], [-70.71665254122719, 43.052372267072315], [-70.71664614694159, 43.05235638957698], [-70.71665329967794, 43.052342236847885], [-70.71669013619623, 43.052331693183696], [-70.71670809536548, 43.052338910127006], [-70.71676463174211, 43.052338288532674], [-70.71680683325856, 43.05230263888542], [-70.71681297394349, 43.052285111298346], [-70.71688740313608, 43.05224147395397], [-70.71696443247501, 43.05217522451006], [-70.7171316263853, 43.05217661194464], [-70.71721462285939, 43.052216024178904], [-70.71721524371739, 43.052249300963204], [-70.71722204105956, 43.05229081184537], [-70.71723539360438, 43.05229310444349], [-70.71728315723976, 43.05228259163994], [-70.71729335027841, 43.05228267620402], [-70.71731713757607, 43.05230449650045], [-70.71731919866386, 43.052380652828724], [-70.71728662434829, 43.05241176615547]]]}, "properties": {"id": 131, "Hectares": 0.15568287876, "Acres": 0.38470017756, "Year": "2016", "LABEL": "Odiorne Point Beds", "100 M2?": "y"}}, {"type": "Feature", "geometry": {"type": "Polygon", "coordinates": [[[-70.69901398485955, 43.06292812160364], [-70.69909569450098, 43.06299235363335], [-70.69911662968748, 43.06303874236217], [-70.69912717358706, 43.06311970201185], [-70.69910881436013, 43.06315998202828], [-70.69903932230413, 43.06319549732732], [-70.69894432053943, 43.063225020392224], [-70.69883170884658, 43.06324717385842], [-70.69877659205571, 43.0632452635633], [-70.69871611270125, 43.063208649097085], [-70.69868526327929, 43.063166508779936], [-70.69869416267966, 43.063101598839374], [-70.69871501393641, 43.06302812530009], [-70.69870609907899, 43.06296884113267], [-70.6987069623697, 43.06291397202465], [-70.69876674431164, 43.06286971009805], [-70.69889067116235, 43.062879422943304], [-70.69896133727298, 43.062894461724035], [-70.69901398485955, 43.06292812160364]]]}, "properties": {"id": 132, "Hectares": 0.11657587119, "Acres": 0.2880648065, "Year": "2016", "LABEL": "Portsmouth Harbor", "100 M2?": "y"}}, {"type": "Feature", "geometry": {"type": "Polygon", "coordinates": [[[-70.87943552467591, 43.063636065438274], [-70.87963449456565, 43.06365648808844], [-70.88004100692504, 43.0635426058365], [-70.88051984265553, 43.063429219007425], [-70.88068367361889, 43.06337368936107], [-70.88078027990053, 43.06342570435051], [-70.88124883441321, 43.063550902067455], [-70.88141423434044, 43.06362628637964], [-70.88202068314561, 43.06371530247333], [-70.88212930623004, 43.063705440186595], [-70.88239170507829, 43.06354813335696], [-70.88255278021026, 43.06339543520599], [-70.88264666736286, 43.06340668551828], [-70.88272595442788, 43.06342844276788], [-70.88279645501233, 43.06357212063978], [-70.88290872966894, 43.06384336895446], [-70.88312401734176, 43.06397743113135], [-70.88338324152524, 43.06406936552338], [-70.88379509292804, 43.064104004913915], [-70.88413603557714, 43.064026784131144], [-70.88430332865671, 43.06395367877835], [-70.88455687256054, 43.063923590821474], [-70.88491120019549, 43.06393131545426], [-70.88501834383713, 43.06388738980296], [-70.88520195562876, 43.06388571745948], [-70.885498187812, 43.06377135749886], [-70.88573910719214, 43.06354854983075], [-70.88578540334714, 43.06347404841874], [-70.88588817153357, 43.063416558378805], [-70.8861266625734, 43.06338493317916], [-70.88620717885881, 43.063294038922095], [-70.88628727316085, 43.0632363938807], [-70.88646929117594, 43.06318775676272], [-70.88666443702645, 43.06299788718684], [-70.8870524078273, 43.06280101805525], [-70.8874063667067, 43.06260391599592], [-70.88770406205519, 43.062373177702874], [-70.88784188813898, 43.0622327941328], [-70.88817516682312, 43.06187760116322], [-70.88852838090618, 43.06173868180849], [-70.8887216239694, 43.061698430456595], [-70.88885765980609, 43.06169935516173], [-70.889039776342, 43.0616424015642], [-70.88927815394034, 43.061619082047194], [-70.88940348336786, 43.06157005512752], [-70.88956271647673, 43.06152957134725], [-70.88967555452406, 43.061571902750686], [-70.88976540523328, 43.06163901710638], [-70.88984412971459, 43.061689429782206], [-70.8898654380428, 43.06179764395419], [-70.88980833651839, 43.06183050849012], [-70.88972887712642, 43.06183828208405], [-70.88962684999683, 43.06183758934527], [-70.88954623567503, 43.06193679841302], [-70.88945491473072, 43.06198605646585], [-70.88929610046809, 43.061993290776655], [-70.88905793153877, 43.06199998566597], [-70.88867154879712, 43.062072176836175], [-70.88850076704911, 43.06212920691938], [-70.88835255265074, 43.06219470327688], [-70.88820423276498, 43.06226851176329], [-70.8880776386778, 43.06241728522924], [-70.88808708170522, 43.06256698418245], [-70.8881988688515, 43.06269244027544], [-70.88834477118225, 43.06280981525484], [-70.88859354396519, 43.062861385224345], [-70.88876348687064, 43.06287085362], [-70.8889897973122, 43.0629056439548], [-70.88926208441363, 43.062890867956625], [-70.88942090099812, 43.06288363371226], [-70.88955672949142, 43.06290118225811], [-70.8897603674151, 43.062935817101824], [-70.8900888126261, 43.062962985576675], [-70.89027051222081, 43.062939279361366], [-70.89044066538341, 43.06293212061506], [-70.89061039910607, 43.062958210926816], [-70.89080270127484, 43.06299276704057], [-70.89110826458626, 43.06303640352709], [-70.89126697660406, 43.06303747905087], [-70.89144836177795, 43.063038707951414], [-70.89163068938457, 43.06296512559663], [-70.89186980397716, 43.0628836144074], [-70.89194936914203, 43.06286752700607], [-70.89216518203983, 43.06283573568038], [-70.89229009321066, 43.062819954935875], [-70.89240345856965, 43.06282072201582], [-70.89261895734319, 43.06281386682638], [-70.89280096924332, 43.062765219584776], [-70.89289187054472, 43.06274920818705], [-70.8931078915908, 43.06270079041], [-70.89338028141322, 43.062677692263954], [-70.89347097351369, 43.062678305071344], [-70.89389032010844, 43.06268945070534], [-70.89413941034914, 43.062716071646946], [-70.89442303207036, 43.062701359881444], [-70.89466078608135, 43.062727903187486], [-70.89484029346684, 43.06287874875637], [-70.89492973468651, 43.06297910844515], [-70.89492848347174, 43.063078856479514], [-70.89497278721123, 43.06316228564252], [-70.89516509257224, 43.06319683444793], [-70.89526680942055, 43.06322245927635], [-70.89532297143293, 43.06326440304215], [-70.89534470677025, 43.06333936689703], [-70.89533253641402, 43.06340578917661], [-70.89544538193594, 43.06344811493417], [-70.89558256784898, 43.06335759597033], [-70.8956517335962, 43.06326661857025], [-70.89554097197616, 43.06305804627174], [-70.8953383723714, 43.062940298316754], [-70.89528408658884, 43.06274873248896], [-70.89535293944942, 43.06268269227044], [-70.8954906447259, 43.0625506117034], [-70.89549137405687, 43.06249242533714], [-70.89549231176493, 43.06241761429392], [-70.89528014959859, 43.06215848009359], [-70.89510999903634, 43.06216564605786], [-70.89477032352109, 43.06213010320349], [-70.8947378786307, 43.06200518873926], [-70.89469388890855, 43.06189682246536], [-70.89463845868428, 43.06179669203218], [-70.89467382361609, 43.06168886107729], [-70.89483326222296, 43.061631745263526], [-70.89494725102263, 43.061582635777604], [-70.89515067929995, 43.06163388570349], [-70.895240848796, 43.061676058790134], [-70.89530667833884, 43.06185107640255], [-70.89538446986332, 43.061976296349705], [-70.8955201939759, 43.062002150156154], [-70.8956439567996, 43.06207780145687], [-70.89575711257565, 43.06209518988242], [-70.8960300193879, 43.062030523700464], [-70.89625726782519, 43.061990488614896], [-70.89637063176191, 43.061991251753284], [-70.89658591921358, 43.06200101374781], [-70.89676875777677, 43.06188586141543], [-70.89667952315395, 43.06176887845119], [-70.89669252390698, 43.06163595726267], [-70.8967855028037, 43.06145369590968], [-70.89693495447548, 43.06128844042692], [-70.89697021110214, 43.061188921062296], [-70.8968804570998, 43.06111349996001], [-70.89654078628625, 43.061077962391536], [-70.89593986224172, 43.061082229781306], [-70.89588699619755, 43.06108832509699], [-70.89575360004126, 43.061056115060865], [-70.89555136336926, 43.06103353840994], [-70.89534142926227, 43.061048034153494], [-70.89523964611092, 43.061089776218196], [-70.89516692477727, 43.06112110708551], [-70.89515226080756, 43.06113691878068], [-70.89501538028851, 43.06109356771209], [-70.89495772193912, 43.06107726834478], [-70.8949408250329, 43.06107249177219], [-70.89484240533304, 43.061044669523575], [-70.89479324332491, 43.060927660513286], [-70.89480877217093, 43.0608429089467], [-70.89476664298817, 43.060741857914735], [-70.89470275085965, 43.06064596357832], [-70.89461903752138, 43.060573001391006], [-70.89461689624729, 43.06057113511374], [-70.89460249844174, 43.06056573445755], [-70.8943134777856, 43.06054257008113], [-70.89402419098725, 43.0605406172559], [-70.89383568832181, 43.060576469014826], [-70.89368019556791, 43.06060385991134], [-70.89353099197002, 43.06060876332802], [-70.89348747283144, 43.06054895573695], [-70.89348887720912, 43.06054760874006], [-70.89348941031851, 43.06050518418624], [-70.8934906098104, 43.06040972893896], [-70.89347044606912, 43.06028761175129], [-70.89342825281544, 43.06019186330633], [-70.89339992411522, 43.060143940209166], [-70.893364829881, 43.060058846747665], [-70.89336616284334, 43.05995278535652], [-70.89335383140921, 43.05978298938452], [-70.89344348191513, 43.05955554380046], [-70.8935035372955, 43.05938093339292], [-70.89347827418793, 43.05908906907002], [-70.89340895310217, 43.05884994224176], [-70.89339654085252, 43.058846814872474], [-70.89338782366225, 43.05880471953755], [-70.89330870528018, 43.0587697119983], [-70.89307349990577, 43.058781381047815], [-70.89297906550196, 43.05878256463439], [-70.8928876771175, 43.05876341153155], [-70.89276710867384, 43.0587024083694], [-70.89264824842611, 43.05866447984343], [-70.89256448061322, 43.05871164491844], [-70.89256312600156, 43.05871384711651], [-70.89253448012485, 43.058714965539785], [-70.89234009823767, 43.058846659153836], [-70.8921234623925, 43.05894494963453], [-70.89186106383244, 43.05907618204808], [-70.8916218593978, 43.059166005723384], [-70.89130403634138, 43.059197104932885], [-70.89110082893616, 43.05912922356595], [-70.89102336403008, 43.05897906373741], [-70.89101992712011, 43.058924617775844], [-70.89102495046687, 43.05891866480166], [-70.89104379912627, 43.05885780206643], [-70.89103047158532, 43.05876755188077], [-70.89101893529084, 43.058723123535096], [-70.89106093386751, 43.05869667485306], [-70.89116057679506, 43.058669344790104], [-70.8912035228268, 43.05863355478563], [-70.89119170372476, 43.05858325070588], [-70.89115826358956, 43.05856807781182], [-70.8909942814177, 43.05858815350252], [-70.89093472519004, 43.05863432121951], [-70.89093786009943, 43.05865555019456], [-70.8909187439764, 43.05873762518486], [-70.89085643661389, 43.05880349680561], [-70.89080906111309, 43.058832344982505], [-70.89062752634038, 43.058889452793814], [-70.89062029437065, 43.058889403750655], [-70.89051509635584, 43.058915207908655], [-70.8903010506212, 43.0589694429337], [-70.88994926210933, 43.05904926033648], [-70.88977867433884, 43.05909848581724], [-70.88965529518565, 43.05913212103364], [-70.88948838993701, 43.05917606756403], [-70.88928147392454, 43.05923830437825], [-70.88922563799218, 43.059252616877416], [-70.88906605865407, 43.059293521874714], [-70.88877540382956, 43.05923813555553], [-70.8887421318592, 43.059179718073246], [-70.88866477777029, 43.05902124436406], [-70.88864347244764, 43.058913029940285], [-70.88851898882078, 43.05889555745119], [-70.88833698512562, 43.05894419797767], [-70.88814406600568, 43.05895951177864], [-70.88808770247122, 43.05893418918451], [-70.88799680562579, 43.05895019681084], [-70.88783642089324, 43.059082114083154], [-70.88772190504585, 43.05917277813734], [-70.88740344851725, 43.05925374046099], [-70.88725387115605, 43.05942729571855], [-70.88699146030044, 43.05955851685749], [-70.88681952518141, 43.05970698007722], [-70.88663730702044, 43.059772242513795], [-70.88623907246334, 43.05988590993633], [-70.88613757587564, 43.059843652493974], [-70.88617400888036, 43.05965270099937], [-70.88619959141873, 43.059626563473785], [-70.88622972872588, 43.05951893554479], [-70.8862786155882, 43.05933400483344], [-70.88634741571832, 43.05915164756735], [-70.88639900781634, 43.059015488953484], [-70.88644117281301, 43.05894515856105], [-70.88644031841578, 43.058903637071964], [-70.88654552768342, 43.058733716333165], [-70.88664362478885, 43.058600312303064], [-70.88681879229789, 43.05841867970219], [-70.88689934148873, 43.058358286440914], [-70.88706255904384, 43.05833258393935], [-70.88715283295944, 43.05829175823669], [-70.88723953572676, 43.05827040962801], [-70.88728570171979, 43.05829997628841], [-70.88732662273753, 43.05832874826264], [-70.88737000105408, 43.05831413867394], [-70.88756776774397, 43.05814471506881], [-70.88757456228718, 43.05806548768422], [-70.88763221244685, 43.05797568576701], [-70.88776136365107, 43.0577522977633], [-70.88808413824263, 43.057464409573], [-70.88819497085709, 43.057374969182014], [-70.88829866188114, 43.05732448309136], [-70.88836129346363, 43.057366349748335], [-70.88848403432976, 43.05738668595829], [-70.88865780616028, 43.05731473689939], [-70.88871434468376, 43.05731268358149], [-70.88871058928632, 43.057346785663285], [-70.88871538420365, 43.05734748923762], [-70.88878026971295, 43.057357010085155], [-70.88884197535597, 43.05727426791711], [-70.88898749404575, 43.05719009836789], [-70.88900202463473, 43.057170815389426], [-70.88912658245549, 43.05704733974638], [-70.88930343021788, 43.056994912094], [-70.8894837555671, 43.0569303193515], [-70.88985370007791, 43.05685482520799], [-70.89020305409757, 43.056830381583175], [-70.89043216122641, 43.05685143735942], [-70.89052474774684, 43.05687932621001], [-70.89075968541027, 43.05683635692578], [-70.89081503118722, 43.05680528002082], [-70.89093207640016, 43.05675000669896], [-70.89119547071056, 43.056708147630076], [-70.89134418865343, 43.05665703511201], [-70.8913857310471, 43.056626321274585], [-70.89149261935246, 43.05658560468761], [-70.8915791647446, 43.056576440149115], [-70.89168193077697, 43.056599075325494], [-70.89175145740795, 43.05662148533215], [-70.89180402673179, 43.05667059503465], [-70.89184973340042, 43.05673672205631], [-70.89191535322499, 43.05680542156212], [-70.89200411818938, 43.056884028456786], [-70.89205595155941, 43.056991637543476], [-70.89205275934037, 43.05707060225366], [-70.8920901168256, 43.057090914643055], [-70.89224787206939, 43.0571667997429], [-70.89231792173116, 43.05718014643998], [-70.89233628051329, 43.057169048165036], [-70.8924162706612, 43.05715252557885], [-70.8924763475759, 43.0571334305342], [-70.8925829601046, 43.057114650247705], [-70.89265264094644, 43.05712487231498], [-70.8926488877427, 43.05715897454418], [-70.89262189733927, 43.05719048191342], [-70.89257922225731, 43.05721528414959], [-70.89262131604949, 43.057219204595015], [-70.89294994119241, 43.05722973997643], [-70.89305196076252, 43.05723042969383], [-70.89336572412061, 43.05709647819026], [-70.89337114050544, 43.057088289084874], [-70.89348565630354, 43.056969616201144], [-70.89366972990636, 43.05687091456467], [-70.89385312947698, 43.05682583719105], [-70.89419986169888, 43.05674529685505], [-70.89457589695122, 43.05671370691434], [-70.8947353550674, 43.05672209570685], [-70.8949176223904, 43.05676720340734], [-70.89506311247419, 43.05682912665776], [-70.89514547807687, 43.05688818647487], [-70.89515102296929, 43.05695625672066], [-70.89529560552958, 43.05694663792051], [-70.89538797477047, 43.05690200953904], [-70.89552502099582, 43.05684199094235], [-70.89574159769505, 43.05680200947589], [-70.89586098549785, 43.056824752874284], [-70.89584698741015, 43.05688072538878], [-70.8957963035111, 43.05694620153168], [-70.89577436389526, 43.05696724718993], [-70.89572564513438, 43.05701398077546], [-70.89580520672824, 43.05703158054874], [-70.89581462904175, 43.057075522382995], [-70.89576757428027, 43.057116646087806], [-70.89570694869381, 43.05717961752912], [-70.89578992608207, 43.05718992726421], [-70.89598879812588, 43.05717333679746], [-70.89606762383069, 43.0572175242257], [-70.89630556556666, 43.057227439286976], [-70.89641871263899, 43.057244827005384], [-70.89645786348747, 43.05731355079442], [-70.89645642952767, 43.057323612469816], [-70.89642925792955, 43.05736974563958], [-70.89636238143245, 43.057400985424415], [-70.89632868379209, 43.05743732389372], [-70.89634444940219, 43.05750568524951], [-70.89640053023506, 43.0575401903541], [-70.89647295657242, 43.05759674462298], [-70.89650444684058, 43.0576409387089], [-70.89660036600611, 43.05777555318459], [-70.89658501029093, 43.05781224496156], [-70.89656665413189, 43.05785610610002], [-70.89643191562138, 43.0580014031762], [-70.89642983468062, 43.05816765010307], [-70.8963818905684, 43.058375153555716], [-70.89651313358607, 43.058758437005984], [-70.89664729080638, 43.05890897462185], [-70.89683916790858, 43.05897676992672], [-70.8973279601375, 43.05887198745454], [-70.89738862670237, 43.05884797293997], [-70.89746242448958, 43.058753987800074], [-70.89761020667795, 43.05863309673208], [-70.89777085809502, 43.058546419548264], [-70.89800113146097, 43.05847483592455], [-70.89822076247324, 43.058456809474535], [-70.89831661213343, 43.05850133142427], [-70.8984143252385, 43.05866287474988], [-70.89846946495308, 43.05877294079394], [-70.89854584513351, 43.05890839558874], [-70.89870947833288, 43.05899764949031], [-70.8989562297842, 43.059163514920314], [-70.89905460879267, 43.059189671809825], [-70.89924953448852, 43.05927872207255], [-70.89943441752382, 43.05935650344956], [-70.89957053665974, 43.05946569445827], [-70.89959291294676, 43.05950878247002], [-70.89969073038885, 43.05962705094036], [-70.89980889083292, 43.059747322519264], [-70.90012568936572, 43.059863324095176], [-70.90052033805051, 43.060065722056514], [-70.90070913144756, 43.06023873792913], [-70.90072324411643, 43.06033217589933], [-70.90061113765157, 43.06033889297464], [-70.9004205774827, 43.06030774724969], [-70.90017648681354, 43.06028184328464], [-70.90004436318668, 43.060260422675675], [-70.89982549779596, 43.06025335564854], [-70.89981514541964, 43.06029235334156], [-70.89987853997006, 43.0602873147374], [-70.89994209090263, 43.06029520802844], [-70.90013008176271, 43.06032820421007], [-70.9002874306767, 43.060368462358355], [-70.90029974098164, 43.06040214846283], [-70.90027141205796, 43.06042809492557], [-70.90032515340002, 43.06044612051416], [-70.90044150605469, 43.060462988299975], [-70.90050749414252, 43.06048381499253], [-70.90072052530374, 43.060550581510384], [-70.9007832746238, 43.06056106126079], [-70.90100000256356, 43.060597256655676], [-70.90127112307457, 43.06070174819844], [-70.90147760172607, 43.060886082293415], [-70.90160039684027, 43.061108884671135], [-70.90173503598591, 43.06131091770664], [-70.90177212644865, 43.06156978401132], [-70.90174543089265, 43.061919235149745], [-70.90179467260849, 43.06251810326961], [-70.90182897699397, 43.06295061066782], [-70.90183709701073, 43.06300204655972], [-70.9016447838382, 43.0630023634274], [-70.9014945077178, 43.06300695931357], [-70.9013189818464, 43.06299458430985], [-70.90117197160869, 43.06294132866453], [-70.90102021835246, 43.06286003805556], [-70.90077519809765, 43.06270344829038], [-70.90063106028163, 43.062624075000706], [-70.90061289064624, 43.06265195641281], [-70.90081486296066, 43.06278958974496], [-70.90112325167206, 43.062969005791665], [-70.90135656619174, 43.06304337427198], [-70.90157287263253, 43.06305228813785], [-70.90178688854965, 43.063040650722286], [-70.90184411686269, 43.06304651343879], [-70.90186050679657, 43.063150334361715], [-70.90184679349393, 43.06334144263058], [-70.90175418831623, 43.06349461490869], [-70.90156589254012, 43.06359311261516], [-70.90139480803754, 43.06367509903047], [-70.90120671798289, 43.06375697143909], [-70.90096189196977, 43.06384262044093], [-70.90076261929651, 43.06391194773247], [-70.90046662128871, 43.06400972272829], [-70.90007374171803, 43.06414841318653], [-70.89978294363235, 43.06428362991344], [-70.8995207973562, 43.06439409886145], [-70.8992981676557, 43.064447797730104], [-70.89894670405836, 43.064573000008934], [-70.89864035282027, 43.06463815162922], [-70.89839799914175, 43.06467572906788], [-70.89824001098157, 43.064685869504515], [-70.89813562743954, 43.06468516852519], [-70.89811280726087, 43.06467754779054], [-70.89808765103822, 43.064653109543315], [-70.89808080614492, 43.0645895900338], [-70.89809441151246, 43.06453199836297], [-70.89808547429534, 43.064419736328325], [-70.89804204976167, 43.06422715717799], [-70.89799059125282, 43.0640662608116], [-70.89798344330836, 43.06402700855042], [-70.8979720898629, 43.063916787019025], [-70.89797348929687, 43.06380478428085], [-70.89792528040829, 43.063791392355135], [-70.89791421042257, 43.063862259011195], [-70.89793782680636, 43.064009900306], [-70.89796345275455, 43.064200493075404], [-70.89799762625532, 43.064318335363964], [-70.89802596169608, 43.064495878227994], [-70.89803137584677, 43.06464304210676], [-70.89787904004112, 43.06466988092458], [-70.89719227445919, 43.06473592590798], [-70.89659557846394, 43.06485245113326], [-70.89613575644681, 43.06490339065124], [-70.89591432182743, 43.06493099506729], [-70.89579101256787, 43.06494896578445], [-70.8957874025669, 43.06494193685861], [-70.8957752809984, 43.06489331661939], [-70.89577213059668, 43.064738345302636], [-70.89578201395955, 43.06455919249079], [-70.89579014660947, 43.06431655434146], [-70.89582831558015, 43.06411518962529], [-70.89587594290373, 43.06397176153283], [-70.89586695204817, 43.06387649066004], [-70.89586111182197, 43.06393619112667], [-70.89583198416913, 43.06402560463246], [-70.89580031051486, 43.06411500097883], [-70.8957609990107, 43.0642043458619], [-70.89572350814525, 43.06435157592711], [-70.89571301643562, 43.0645792632275], [-70.89568633471688, 43.06498113949687], [-70.89555601023014, 43.065024181094195], [-70.89535688408017, 43.06508103037975], [-70.89502727814684, 43.06514531259704], [-70.8945731733811, 43.0651921278628], [-70.89428329771084, 43.06525251947018], [-70.89386294156851, 43.06532034228802], [-70.89355049506186, 43.06537226657218], [-70.89337440571954, 43.06540017240952], [-70.8931700781889, 43.065419574073424], [-70.89301702846285, 43.06541853946443], [-70.89288056605507, 43.06545086895487], [-70.89275585881535, 43.0654500256396], [-70.89268222046637, 43.06544537108894], [-70.89250675816398, 43.065423401617615], [-70.89238215561167, 43.06541424556771], [-70.89225183227332, 43.06540920718576], [-70.89212145663049, 43.06540832481916], [-70.89172819647354, 43.065381323570264], [-70.8917134055627, 43.06535686805206], [-70.89168799295496, 43.065352962218086], [-70.89163445716393, 43.06535820025343], [-70.8915986490391, 43.065371025808076], [-70.89158748333202, 43.06537533697731], [-70.89148700298547, 43.065370776650994], [-70.89147667234487, 43.06536228850301], [-70.89147912984464, 43.06535901503028], [-70.89149963868505, 43.06534795274681], [-70.89150998718729, 43.06533495476775], [-70.89150246690565, 43.06532556948514], [-70.8914720564895, 43.06531416227543], [-70.8914468791463, 43.06529158929846], [-70.89143461980966, 43.065254168882404], [-70.89142776462901, 43.06524088212176], [-70.89144364516835, 43.06521253525978], [-70.89148941202801, 43.06517959314907], [-70.89157485820724, 43.06514691978355], [-70.89160918326745, 43.06512221316195], [-70.89162072967052, 43.06510566529237], [-70.8915868235326, 43.06509712261122], [-70.8915190112854, 43.06508003721895], [-70.89142285670971, 43.06506275978349], [-70.89136092253348, 43.06502908804662], [-70.89115134632502, 43.06501519840301], [-70.89100932020024, 43.06503917492291], [-70.89084467249046, 43.06505884138522], [-70.89077011655604, 43.06506866073452], [-70.89074171548177, 43.065079587720476], [-70.89059890669321, 43.065097287999585], [-70.89049164696209, 43.0651226966974], [-70.89039725824505, 43.0651369913959], [-70.89033368006451, 43.06513095948977], [-70.8903175656395, 43.06512537314475], [-70.890300724012, 43.065119534698866], [-70.89026512778393, 43.065115559459116], [-70.89025605517874, 43.06512856145541], [-70.89024697628157, 43.06514157246243], [-70.89020343589374, 43.06516181259171], [-70.89009692629205, 43.06516271662461], [-70.8899247533967, 43.065181453055004], [-70.88974325699463, 43.06518853401368], [-70.8894312804292, 43.06520304157866], [-70.88909657725917, 43.06522155038817], [-70.88865957834687, 43.06526014537415], [-70.88839294911531, 43.06527495840123], [-70.88817177287211, 43.065281766995795], [-70.88797284967994, 43.065321978731], [-70.88785396918706, 43.065308700169844], [-70.88771771490114, 43.06532439884716], [-70.88766045105635, 43.06536973073439], [-70.88747291689954, 43.06540586261131], [-70.88727446676477, 43.06540866769468], [-70.88714981244013, 43.0654036621124], [-70.88706473228731, 43.065407239040766], [-70.88699056772757, 43.06544414241691], [-70.88697308813762, 43.06548143197861], [-70.88688774446045, 43.065505789566544], [-70.88681410654375, 43.065501131242634], [-70.88672881547039, 43.065521332553], [-70.88660421367152, 43.06551217021686], [-70.88656485033525, 43.06548696277917], [-70.8865365605115, 43.0654826134062], [-70.88647966462098, 43.065498851587364], [-70.88645100581974, 43.06552359529898], [-70.88642218885568, 43.065560807476785], [-70.88625701113232, 43.0656220288916], [-70.88608674465672, 43.06563749366655], [-70.88597883182285, 43.0656533835901], [-70.88593883570384, 43.0656780498272], [-70.88588792516087, 43.06567770247934], [-70.88583042118991, 43.065660380888005], [-70.88580493776593, 43.06566207386872], [-70.88575998552754, 43.06568588934692], [-70.88572894209382, 43.06568908718967], [-70.88567760880133, 43.065713675966094], [-70.88561504394875, 43.065729875026676], [-70.88554114200694, 43.06574599666698], [-70.88542761310005, 43.0657576912177], [-70.88540298140035, 43.06576493173341], [-70.88537115036988, 43.06573565461797], [-70.88533805268482, 43.065735428640394], [-70.88533020137622, 43.065752176845315], [-70.88534040319638, 43.0657833266349], [-70.88534245708482, 43.06578959788379], [-70.88532692041584, 43.06581002735064], [-70.88526060641071, 43.06581890888998], [-70.88516872055428, 43.06580754654747], [-70.88510948904882, 43.06580955367799], [-70.88496163186716, 43.06584595240971], [-70.88486494982983, 43.06587023103278], [-70.8847908362331, 43.06590297680947], [-70.8846545799002, 43.065918671821386], [-70.88458104735635, 43.06590569974655], [-70.88450147639828, 43.06592178197016], [-70.8844503538163, 43.06592974556696], [-70.88439970687645, 43.06590030374029], [-70.88435446425584, 43.06589168142158], [-70.88430318310975, 43.06591211341939], [-70.8842627632789, 43.06597002830672], [-70.88426244611937, 43.06599496523931], [-70.8842557203608, 43.066078049590196], [-70.88416486484698, 43.066089897906785], [-70.88402855507458, 43.06610974832341], [-70.88397118203874, 43.06616339064124], [-70.88389690896412, 43.0662086042956], [-70.8837831144496, 43.066241077978795], [-70.88368653713712, 43.0662570432866], [-70.88357904588013, 43.0662396816951], [-70.88345449606201, 43.066226359768166], [-70.88336883246731, 43.0662756516357], [-70.88332825274664, 43.06634603464326], [-70.88325922413993, 43.066424535913235], [-70.88318479142974, 43.06648221755885], [-70.8829912650733, 43.06654324014923], [-70.88282057162719, 43.06659194926445], [-70.88268410142635, 43.06662426652604], [-70.88255409434083, 43.06659428016656], [-70.88246917126969, 43.06658538520255], [-70.88240676366722, 43.06658911403342], [-70.88232184062609, 43.06658021896028], [-70.88225879706397, 43.06663382154658], [-70.88218425716578, 43.066699814835665], [-70.88216142370953, 43.06671212785133], [-70.8821094520731, 43.06678658883776], [-70.88208651255276, 43.06680721414328], [-70.88200149090454, 43.06688003079056], [-70.88200011370972, 43.06688391499676], [-70.88197672328351, 43.066921091958044], [-70.8819175456071, 43.0669692247083], [-70.88180487746082, 43.067018857435684], [-70.88177610004375, 43.067022609561725], [-70.881768019619, 43.067013937466506], [-70.88178503323562, 43.06697765024523], [-70.88180321266688, 43.06694977192081], [-70.88180402889708, 43.06694799061241], [-70.8818398810862, 43.06686974810822], [-70.88185104160505, 43.06679328308155], [-70.88182879430038, 43.066740858210906], [-70.8817296664418, 43.06672711023417], [-70.88164495713214, 43.06678066831591], [-70.88162910929847, 43.06682536441889], [-70.88167638789453, 43.06691156465384], [-70.88161883002508, 43.06697028746985], [-70.88159641298111, 43.06699315818645], [-70.88152688405123, 43.067054287791], [-70.88150589634647, 43.06710268234439], [-70.88141621340293, 43.067146871790065], [-70.88137233510518, 43.067193242372284], [-70.88125671490201, 43.06727459104415], [-70.88114409334388, 43.06732048970219], [-70.88101567086613, 43.067407350849194], [-70.88093105537288, 43.06745344156945], [-70.88084660667904, 43.06748646530106], [-70.88078050489119, 43.06747854389054], [-70.88074005436657, 43.06745586367799], [-70.88070714659857, 43.06744070272598], [-70.88066153248467, 43.06742358762263], [-70.88060285423201, 43.06743251890449], [-70.88059983110918, 43.067469835483976], [-70.88061974625165, 43.06750544276117], [-70.8806699993211, 43.067558060222055], [-70.88065672047499, 43.06760090696143], [-70.88058490627199, 43.06764148474921], [-70.88043873152753, 43.06772262269357], [-70.88036677387149, 43.06777440056077], [-70.8802622184801, 43.067786750160344], [-70.88023383000088, 43.067816424942116], [-70.88022300139073, 43.0678667559364], [-70.88005126951069, 43.06795518520636], [-70.87994887783029, 43.0679974192657], [-70.87987216157711, 43.068023027964664], [-70.87968181814661, 43.068172935322984], [-70.87950263751262, 43.06824637760029], [-70.87933344962461, 43.06833482328446], [-70.87915662300217, 43.0684232161486], [-70.87893601038587, 43.06855051153957], [-70.87880287260113, 43.06860746785001], [-70.87855297305632, 43.06863561691364], [-70.87824187136114, 43.068670811244004], [-70.87807068484668, 43.06871630334492], [-70.87798337566021, 43.06877357450844], [-70.87782463189487, 43.06884155439661], [-70.87772185415004, 43.06891365365995], [-70.87760317692931, 43.06903418173195], [-70.87750642484347, 43.06903351454763], [-70.87748406072286, 43.06899042238327], [-70.87750795758652, 43.06891404564866], [-70.87754974892837, 43.06883219170686], [-70.87755832117543, 43.06875944301572], [-70.87747211315693, 43.068730845510196], [-70.87732636293514, 43.06877837878241], [-70.87725488057256, 43.06879282062268], [-70.87710706316281, 43.068803002019514], [-70.87705847164379, 43.06881946854187], [-70.87691517113139, 43.06887448565924], [-70.87682812432173, 43.06891122221538], [-70.87681236830676, 43.068948450797656], [-70.87678570872139, 43.06904161011586], [-70.87674184955877, 43.06908611216769], [-70.87662986870845, 43.06908160538485], [-70.87651051332392, 43.06905651203885], [-70.87640369671085, 43.06904644009341], [-70.87631917148016, 43.069085060541006], [-70.87628232663634, 43.06917814939278], [-70.87621204632289, 43.06929714341064], [-70.87615533601428, 43.069350890797104], [-70.87608908891572, 43.06935416687277], [-70.87606917582487, 43.06931855883457], [-70.8760468366083, 43.06927359969782], [-70.87601647516698, 43.069258454994184], [-70.87592767307736, 43.06923357213748], [-70.87584417928578, 43.06919192409712], [-70.87580396949916, 43.06915057514466], [-70.87571761774905, 43.06913317652566], [-70.87567935407759, 43.06913851264548], [-70.87565326882724, 43.069186870867135], [-70.87565742484057, 43.069259707391346], [-70.87565886670521, 43.06934559321901], [-70.87565283824402, 43.06941835934192], [-70.87564190956589, 43.06947615665888], [-70.87563427119194, 43.069476103858065], [-70.87549457048816, 43.06944900194617], [-70.87541355078686, 43.06941297129802], [-70.8753269105967, 43.06941797278821], [-70.87528084022964, 43.06943632285387], [-70.8752718809069, 43.06953893854945], [-70.87525360167616, 43.069574282595475], [-70.87516924314973, 43.06959983527649], [-70.87510076190371, 43.069578826062966], [-70.87502142349312, 43.06961001395956], [-70.87499247905245, 43.06968262150933], [-70.8749258470956, 43.0697157641106], [-70.87486231389296, 43.069705990187465], [-70.87482979089829, 43.06966096035124], [-70.87475602517642, 43.069654849296086], [-70.87469407679376, 43.069719760902515], [-70.87464015127883, 43.069754858141735], [-70.87456590468466, 43.06978608096291], [-70.87446929573896, 43.069774211001985], [-70.87443641235431, 43.06975718155524], [-70.87436788310067, 43.069739905304075], [-70.87434744188552, 43.069745364372956], [-70.87429349210524, 43.069782328146744], [-70.87423459427893, 43.06980805643245], [-70.87415556781062, 43.06981497662456], [-70.87411752006048, 43.069803511919275], [-70.87407670970276, 43.0698088298639], [-70.87404087133852, 43.069823516564384], [-70.87404565090128, 43.06984781893226], [-70.87407574754445, 43.06988349785248], [-70.87404706646173, 43.06993557145334], [-70.87401845749736, 43.069982044947224], [-70.87400764745874, 43.070030508591316], [-70.87394807565086, 43.07010850431417], [-70.87384790961055, 43.070175017568666], [-70.87377911536798, 43.070178274658154], [-70.87372816825223, 43.07017978850911], [-70.87368221717477, 43.07018880442321], [-70.87363854749447, 43.07021837165713], [-70.87359708696376, 43.070274090310924], [-70.87357931200764, 43.07027023338926], [-70.87353891049646, 43.07024381724995], [-70.87349809979908, 43.07024913498508], [-70.87348743373433, 43.07028639837832], [-70.8735380920948, 43.07030728502721], [-70.8735581965862, 43.0703279598961], [-70.87353496823829, 43.07035206816341], [-70.87349413339658, 43.07035925259575], [-70.87346833477802, 43.07038520990009], [-70.87341758008037, 43.07037179001727], [-70.873402495717, 43.07035675052253], [-70.87337453611151, 43.070352822967386], [-70.87332603869478, 43.0703618210858], [-70.87333314748155, 43.070402941424014], [-70.87335481857181, 43.070499578971976], [-70.87337710048797, 43.07054886168527], [-70.87332528627314, 43.07061757652343], [-70.87324897339904, 43.07061144683773], [-70.87325173628578, 43.07059466419963], [-70.87326730225229, 43.07057236973169], [-70.87325726205454, 43.07056109892308], [-70.87323437062187, 43.070559073339346], [-70.87322147121843, 43.07057205196178], [-70.87315947212551, 43.070640696104945], [-70.87310537634151, 43.070688859494965], [-70.87304366603293, 43.07073510318442], [-70.87305574659527, 43.0707855923475], [-70.8729838514351, 43.07083176536973], [-70.87293552221084, 43.070827696426214], [-70.87292269495704, 43.070835074916786], [-70.87284357066443, 43.07084946098529], [-70.87281234189855, 43.0709015165931], [-70.8727535387653, 43.07091977730291], [-70.87273023759028, 43.07094948549636], [-70.87266096047468, 43.070990075880225], [-70.87256917729545, 43.07099877332478], [-70.87247220530469, 43.071014902147624], [-70.87242315282026, 43.07106683394458], [-70.87238702405617, 43.0711039204975], [-70.87239403586828, 43.07115250767855], [-70.87238082277777, 43.07118975328317], [-70.87231940072328, 43.071213596187874], [-70.87228884638913, 43.07121338408771], [-70.87224798672447, 43.071222434767016], [-70.87215574498968, 43.0712665991461], [-70.87210734313942, 43.071268129945935], [-70.87206660399328, 43.07126784706813], [-70.8720587001232, 43.07128832770859], [-70.87210143083279, 43.07133156233076], [-70.8720931652346, 43.071380043448244], [-70.87206996002953, 43.071402284707716], [-70.87199417692611, 43.07135508681691], [-70.87198449861803, 43.071315815424725], [-70.87196429786466, 43.07130260707766], [-70.8719158959825, 43.071304137796254], [-70.87188514863293, 43.071318859173964], [-70.87184688328539, 43.071324193996716], [-70.87177311589606, 43.07131808100688], [-70.8717421754975, 43.071347735931205], [-70.87170907490129, 43.07134750598814], [-70.87170619092149, 43.071373622073885], [-70.87169819040793, 43.071401569480535], [-70.87165461543043, 43.07142366914418], [-70.87159569080782, 43.071451262741014], [-70.87155946479251, 43.07149581581657], [-70.87155919934341, 43.071516349494935], [-70.87149249116345, 43.0715550901498], [-70.87145398428669, 43.07157909181922], [-70.87138797594626, 43.071563698171374], [-70.87134493178593, 43.071544730360294], [-70.87134543868919, 43.07150552970377], [-70.87133059594925, 43.0714718229613], [-70.87127731877514, 43.071456517733544], [-70.87119574367938, 43.071463418162054], [-70.87113725341752, 43.07145741095912], [-70.87109418526401, 43.07144030975243], [-70.87106127779754, 43.0714251460389], [-70.87099015317084, 43.0714115834555], [-70.87096997675202, 43.07139650823679], [-70.8709471333914, 43.071390748798315], [-70.87089856235902, 43.071405345970234], [-70.870842811612, 43.07138442274167], [-70.87082813825326, 43.07133764905144], [-70.8708212242765, 43.07128159499462], [-70.87077868774973, 43.071223426319335], [-70.87075884962516, 43.07118221729495], [-70.87071847290387, 43.071153933471116], [-70.87069366325119, 43.07110335552593], [-70.87067156893367, 43.07103972840209], [-70.87064125629013, 43.07102084888495], [-70.87062115256384, 43.07100017351208], [-70.87058101763458, 43.07095322266255], [-70.87050101375526, 43.07083878724615], [-70.87047647020925, 43.07076767557791], [-70.87038649958066, 43.07063636893861], [-70.87036432462712, 43.0703823208578], [-70.87033104686883, 43.070199136410054], [-70.87031304616305, 43.07001605826295], [-70.87031410956607, 43.06993392355229], [-70.8703046983959, 43.06987411834073], [-70.87029504555638, 43.069832980108025], [-70.87027733507765, 43.06962750156854], [-70.8702753848004, 43.06938479537564], [-70.8702733378492, 43.069149555965474], [-70.8702801701995, 43.06901518913068], [-70.87027531968094, 43.068996486709224], [-70.87026595701606, 43.068932948089596], [-70.8702770598131, 43.068862084432006], [-70.87029820194905, 43.06880249183817], [-70.87027836490435, 43.068761282721965], [-70.87026837388609, 43.0687462782576], [-70.87026919561664, 43.068682810513295], [-70.87025983300104, 43.06861927189015], [-70.87027622125441, 43.06853351008015], [-70.87027689796217, 43.06848124252403], [-70.87025196887534, 43.06843999796336], [-70.8702331682697, 43.06834044644659], [-70.87020413510663, 43.06834393878982], [-70.87020166412997, 43.06830458794477], [-70.87021958517967, 43.06823405193308], [-70.87018611091067, 43.0681922538076], [-70.87016370506228, 43.068171315284715], [-70.87018119559262, 43.06813402839557], [-70.87020457007988, 43.068080156398764], [-70.87021666090311, 43.06802204934925], [-70.87021196081874, 43.067947199377016], [-70.87016720311125, 43.067901166196634], [-70.87012779126204, 43.067880109296624], [-70.87010036268595, 43.06780925762408], [-70.8700902093477, 43.06771774362588], [-70.87009085519435, 43.067667869945986], [-70.870102946038, 43.06760976290454], [-70.87008107863716, 43.06754726296446], [-70.87005883452365, 43.06751385600059], [-70.8700597495021, 43.067443201618616], [-70.87006012625697, 43.06741410863754], [-70.87003296707778, 43.06732247624435], [-70.86998313340183, 43.06723068598664], [-70.86997832599364, 43.06716414827781], [-70.86998501733777, 43.067085221077065], [-70.86996881886036, 43.067022760576776], [-70.86994128317706, 43.066960221140846], [-70.86991930850078, 43.06690603344677], [-70.8699197929761, 43.06686862818312], [-70.86992011595913, 43.06684369134055], [-70.86988777312071, 43.06671461417522], [-70.86985575342005, 43.066560600155526], [-70.86977303980227, 43.06638129401944], [-70.86974064366028, 43.06625637294728], [-70.86963552586784, 43.06605612809808], [-70.8695858553395, 43.06595186923783], [-70.86947512391018, 43.06574742861442], [-70.86936390841778, 43.06558039314981], [-70.86930306336978, 43.06546358675333], [-70.86922532089139, 43.06533834954047], [-70.86913025007134, 43.06523793060387], [-70.86910892328997, 43.065133869058336], [-70.86909817910134, 43.065088072494916], [-70.86901952141254, 43.06503348953667], [-70.86896434597594, 43.06491672246931], [-70.86889168042549, 43.064837242092395], [-70.86877987519668, 43.06471592360957], [-70.86857856219119, 43.06450253743658], [-70.86847172555395, 43.064435288018075], [-70.86829217108227, 43.06429271388778], [-70.86823635040427, 43.064225820159024], [-70.86779270525443, 43.06390267209239], [-70.86749509096494, 43.063684455147765], [-70.86711256241738, 43.06345733112456], [-70.8669716114395, 43.0633981549702], [-70.86676890404833, 43.063292825288876], [-70.86636289665555, 43.063127882395094], [-70.86610404950822, 43.062980593726806], [-70.86594048173114, 43.062917101557], [-70.86542165583388, 43.062709800667186], [-70.86475006288583, 43.06248064439936], [-70.86424792404675, 43.06229839422364], [-70.86399966272776, 43.06220936626404], [-70.86276856287851, 43.06185157696379], [-70.86198291149306, 43.06169894611644], [-70.8619553361114, 43.061685502018015], [-70.86187927972203, 43.06166069787034], [-70.86177521968693, 43.061635696708834], [-70.86166462607268, 43.06163711010749], [-70.86158678226336, 43.06163810489586], [-70.86146734992809, 43.06162046277961], [-70.86124415118438, 43.06155541853775], [-70.86102910828599, 43.06148228853738], [-70.8606884598648, 43.06139635453731], [-70.86029463474328, 43.06116912810838], [-70.860264226989, 43.06103693874844], [-70.86028367561585, 43.06102033061845], [-70.86030710125205, 43.06098129144471], [-70.86054838629552, 43.06102592936889], [-70.86063954477481, 43.0610639088565], [-70.86076088583525, 43.06113010386563], [-70.86088247162718, 43.061177631782], [-70.86095152525722, 43.0611538487026], [-70.86092205161448, 43.06107149895765], [-70.86088464739558, 43.061011495787014], [-70.86089541716994, 43.06096676677068], [-70.86099293836828, 43.060907713603264], [-70.86108221108876, 43.0608952740056], [-70.86114081245923, 43.060891952786314], [-70.86124041478347, 43.06086838456341], [-70.86130224603033, 43.06081281366747], [-70.86152920926718, 43.060784540846726], [-70.8617296061639, 43.0607673711202], [-70.86213641652913, 43.06077475262464], [-70.86282780868537, 43.06078792436312], [-70.86338425339174, 43.0607170143532], [-70.86346722695725, 43.06071759675861], [-70.86347783438377, 43.06071235831245], [-70.86358521899933, 43.06067764145422], [-70.86365400305841, 43.06067439040664], [-70.8637431044147, 43.06067501561153], [-70.86380643159077, 43.06069972921858], [-70.86383640799437, 43.06072018737293], [-70.863864472459, 43.06073934065682], [-70.86395389666681, 43.06075693296569], [-70.86417604373386, 43.06085557822328], [-70.86444540062118, 43.06106529275451], [-70.8645264010566, 43.06117875395413], [-70.86453842176921, 43.061186514573805], [-70.86458902091582, 43.06121113852922], [-70.86470830741666, 43.061239977579085], [-70.86480730078837, 43.061263073704005], [-70.86492901165323, 43.061301263855356], [-70.86496927724288, 43.06131042967093], [-70.86497987860275, 43.06130535395744], [-70.86503101309248, 43.061288910354506], [-70.86506001847094, 43.06127852899563], [-70.86508728775132, 43.0612687689963], [-70.86515112675418, 43.061254281198345], [-70.86521276036875, 43.06121364175586], [-70.86526256464832, 43.06110384529115], [-70.86527085843444, 43.061053497914095], [-70.86527665506574, 43.06099939931069], [-70.86531833552111, 43.060926883304234], [-70.86534737964136, 43.0608668887933], [-70.8654240971468, 43.06078119314767], [-70.8653591117401, 43.06054797303812], [-70.86517990059603, 43.06038045723479], [-70.86485288939446, 43.0602451578105], [-70.86468007141808, 43.06020326785154], [-70.86466856928689, 43.060186784997924], [-70.86464599833272, 43.060160490643945], [-70.8646006861493, 43.0601209688129], [-70.86450132964539, 43.06012587299837], [-70.86442486036717, 43.060132804418195], [-70.86434337263306, 43.06013409999451], [-70.86430460245336, 43.06017863302376], [-70.86433745356834, 43.06019753204507], [-70.86441132939237, 43.060219134986724], [-70.86443897248765, 43.06022721842934], [-70.86442974967906, 43.060299052966485], [-70.86437870667493, 43.060321180060384], [-70.86433070687724, 43.06032443184063], [-70.86421115453058, 43.06031612609018], [-70.86408704641923, 43.06026671714399], [-70.86402396307952, 43.06022333671013], [-70.86398202788034, 43.060199142903166], [-70.86376604497974, 43.06012946796066], [-70.8632921052273, 43.059959880945144], [-70.86312579383748, 43.05990154215641], [-70.8630789266286, 43.05987040016436], [-70.86293724415235, 43.059802197865416], [-70.86287363433894, 43.05979006123034], [-70.86285391831683, 43.05974934026492], [-70.86289584459124, 43.059658158161774], [-70.86282037559093, 43.05958855389691], [-70.86270373646212, 43.059552263996856], [-70.86258939923933, 43.05953465884478], [-70.86243285864224, 43.05943461473986], [-70.86243577031806, 43.05940663216309], [-70.86243250961363, 43.059377206055856], [-70.86243619728809, 43.05937396495084], [-70.86251278780567, 43.05935770136379], [-70.86259033401566, 43.05936571374175], [-70.86265691243432, 43.05933631162292], [-70.86260139496484, 43.05929858416442], [-70.86248584638759, 43.059276303223854], [-70.86240187507161, 43.05927291279238], [-70.86234232540909, 43.059266356823166], [-70.86233834252167, 43.05926406534999], [-70.86233082744704, 43.059254678182185], [-70.86232096189482, 43.059230339538026], [-70.86230852625691, 43.059207849697415], [-70.86227562749175, 43.059192683495354], [-70.8621794281713, 43.059150936124915], [-70.86213604704552, 43.0591225589618], [-70.86204758936074, 43.059108938091036], [-70.86199496146885, 43.05908232064647], [-70.86195400925132, 43.059061608338695], [-70.86191883351863, 43.05902589045872], [-70.86202379240412, 43.05898182364804], [-70.86215881117639, 43.058975305460734], [-70.86231790732462, 43.058961626252476], [-70.86237318524955, 43.058935741227515], [-70.86250585337591, 43.05891427115364], [-70.86265849658328, 43.05892281118085], [-70.8627399583416, 43.058923383489564], [-70.86283165159435, 43.0589202938712], [-70.86295898435704, 43.05891745448897], [-70.8630859758157, 43.058940748741065], [-70.86313365854366, 43.05895865168963], [-70.86375812456018, 43.05899883894812], [-70.86406440677575, 43.05898436140477], [-70.86450574260019, 43.05904564717475], [-70.86520422933062, 43.059383062855574], [-70.86564210644929, 43.05971033730708], [-70.86582077599527, 43.05991941381392], [-70.86603388729633, 43.06009547884959], [-70.86628381910919, 43.06005566199238], [-70.8666154800426, 43.05983352913124], [-70.86678703158863, 43.05971834580514], [-70.86715021227866, 43.05968763161918], [-70.86765914004621, 43.05978262960611], [-70.86798809721859, 43.05976829988251], [-70.86826188473879, 43.05963720174751], [-70.86853265210958, 43.0597388470259], [-70.86880417487912, 43.05978230564687], [-70.86911996429806, 43.05990920254691], [-70.86943521652425, 43.060077660032064], [-70.8695797843919, 43.060294806131], [-70.86970232717222, 43.060461920415634], [-70.86999512693775, 43.0606135938998], [-70.87016387671527, 43.06071452504152], [-70.87052480308498, 43.060858358287014], [-70.87090969350183, 43.0609026005667], [-70.87113673842052, 43.06087924004068], [-70.87147703691737, 43.06086497913609], [-70.87178182350138, 43.06096685310298], [-70.8721105715394, 43.0609691361614], [-70.87239182894874, 43.06113734944348], [-70.87249825642111, 43.061172161067006], [-70.87249106776542, 43.061188732542334], [-70.87246090678487, 43.061283986528196], [-70.87261823620089, 43.06142296975837], [-70.87291993773253, 43.061584168322085], [-70.87303442255329, 43.0616804256549], [-70.87316008938528, 43.06203132919804], [-70.87311136043114, 43.062444665552434], [-70.87291880367424, 43.06279336213623], [-70.8731615589913, 43.063039007399325], [-70.87390076998325, 43.06292745344545], [-70.87433649060794, 43.06279257973059], [-70.87493453953522, 43.06282449181383], [-70.87512216149105, 43.0630048540075], [-70.87514822573122, 43.06322778194108], [-70.8751454966852, 43.06343990367667], [-70.87534595979027, 43.06360039551519], [-70.87551981250235, 43.06358038352015], [-70.87569339238674, 43.06358158343548], [-70.87580461307758, 43.06393238412629], [-70.87595936679561, 43.064272878467825], [-70.87617566272046, 43.06432740794477], [-70.87642225177004, 43.064276075920155], [-70.87662639838913, 43.064150201149744], [-70.87690368658564, 43.063961188637926], [-70.87739509129052, 43.063996400065065], [-70.87749797955223, 43.06386982529373], [-70.87781838690319, 43.06370232196418], [-70.87819488540569, 43.06367309561835], [-70.87845444049347, 43.06373852587685], [-70.87861165390854, 43.06388810705879], [-70.87897192280073, 43.06399665778386], [-70.87924893168045, 43.06382885171358], [-70.87943552467591, 43.063636065438274]]]}, "properties": {"id": 133, "Hectares": 172.82214569637, "Acres": 427.05216312302, "Year": "2016", "LABEL": "Great Bay", "100 M2?": "y"}}, {"type": "Feature", "geometry": {"type": "Polygon", "coordinates": [[[-70.87886485823014, 43.06162524907369], [-70.87860476818322, 43.06160224418471], [-70.878503856099, 43.06157503162099], [-70.8782518141236, 43.06148843915319], [-70.87794901120195, 43.06141210331834], [-70.8777693610229, 43.061320705188855], [-70.87779221360901, 43.061230702932235], [-70.87795227422393, 43.06115755697204], [-70.8781255755181, 43.06117996534118], [-70.87830638095757, 43.06118121107499], [-70.87860337736498, 43.06114613211135], [-70.87880676214101, 43.061078586815974], [-70.87912504712796, 43.061075474167666], [-70.87937702082105, 43.0611673677655], [-70.8796136489428, 43.06132810099473], [-70.87964838562672, 43.06143971376488], [-70.87954543805549, 43.061571593640885], [-70.87907466197966, 43.061621389705444], [-70.87886485823014, 43.06162524907369]]]}, "properties": {"id": 134, "Hectares": 0.65253562498, "Acres": 1.61244815611, "Year": "2016", "LABEL": "Great Bay", "100 M2?": "y"}}, {"type": "Feature", "geometry": {"type": "Polygon", "coordinates": [[[-70.85117181372961, 43.06996169496743], [-70.8512218720799, 43.06996971379901], [-70.8512491259783, 43.06998331690384], [-70.85127321343327, 43.07000583670458], [-70.8513000230219, 43.07005295887471], [-70.85130555612716, 43.07009545980764], [-70.85130203420067, 43.070131191772155], [-70.85128324279529, 43.07016904975176], [-70.85126116640161, 43.07022476284969], [-70.85126030730149, 43.07028956639615], [-70.85116771253817, 43.07037606438963], [-70.85111288442741, 43.07039913579845], [-70.85099145785126, 43.07045023136919], [-70.85078833482618, 43.07045980739347], [-70.85059018095451, 43.07042479085314], [-70.85031524650543, 43.070419096096245], [-70.85026372889841, 43.07046353333186], [-70.85034456154756, 43.07051264849165], [-70.85068994669572, 43.07058231898016], [-70.8509334863244, 43.07065126246497], [-70.85106534197156, 43.07069327335992], [-70.85113154212435, 43.070693745172704], [-70.851223203877, 43.070694398388746], [-70.85128960200305, 43.07067993659822], [-70.85138397798498, 43.070638842829794], [-70.85140197941234, 43.070654601161614], [-70.85149940985032, 43.07067279916783], [-70.85153284584193, 43.07077127908335], [-70.8515729907498, 43.070816369806565], [-70.85167513417107, 43.070794694936694], [-70.85179299965979, 43.070739528357564], [-70.8518352000553, 43.07070665776104], [-70.85185475050574, 43.07069142956963], [-70.8519827508183, 43.07064006868848], [-70.85205943223474, 43.07061821219905], [-70.85218698728724, 43.0706004514958], [-70.85219839783244, 43.07060129395643], [-70.85221155194007, 43.070594346142585], [-70.85230629597686, 43.07057902536494], [-70.85292106960594, 43.070392199228145], [-70.8534256488075, 43.069963509028845], [-70.85388267352582, 43.069700739294156], [-70.85456699610698, 43.069398015892176], [-70.85481285240536, 43.06931659472655], [-70.85502156155873, 43.06921670860579], [-70.85525728033652, 43.069106368301576], [-70.85544716861303, 43.06899570262411], [-70.85563646550258, 43.06892983722221], [-70.85582962382156, 43.06895734216903], [-70.85583412544034, 43.06900217885051], [-70.85583642090474, 43.069024326653235], [-70.85583729501104, 43.06903276046944], [-70.8557720348673, 43.06907641352167], [-70.85556074427203, 43.0692653364078], [-70.85535454459814, 43.0694542949902], [-70.85528229104227, 43.06949222564968], [-70.85461995322595, 43.069681034533716], [-70.85387937833987, 43.06995010660757], [-70.85346605444585, 43.07033788222678], [-70.85274535740707, 43.07079049325646], [-70.85261213088268, 43.07104809512605], [-70.85242904142137, 43.071130116280884], [-70.8521606651315, 43.07130122181247], [-70.85195481965843, 43.07143276480573], [-70.85139727385821, 43.07157842833008], [-70.85121575506076, 43.07158544798241], [-70.85082145972564, 43.071391438047215], [-70.85075383351372, 43.071227253564786], [-70.85054916661717, 43.07118827603014], [-70.85034724952835, 43.07123842180078], [-70.85025643542167, 43.071246086951085], [-70.84994975829095, 43.07128546367931], [-70.84983648889275, 43.07127634218537], [-70.84967819886832, 43.071241960100096], [-70.84901135824865, 43.071079249851714], [-70.84865119745965, 43.07087716330641], [-70.84839440681417, 43.07057605857405], [-70.8482904355131, 43.07046639900974], [-70.84813809604067, 43.07034561625871], [-70.84798921587708, 43.07027944829948], [-70.84796406292381, 43.07019640919089], [-70.8480907583947, 43.07008296222705], [-70.84821211465811, 43.06994919941082], [-70.84826197421835, 43.06988037874015], [-70.84832518335152, 43.069819799326254], [-70.8484397413159, 43.06970926018814], [-70.84840086970685, 43.069698527394486], [-70.84832481416434, 43.069746547713734], [-70.84820135696242, 43.06980254927503], [-70.84814237539017, 43.06982727920115], [-70.84810012846913, 43.06979070913799], [-70.84799962449742, 43.06974840555368], [-70.84790280281165, 43.069651910024774], [-70.84780008240344, 43.069571647069886], [-70.84775765611587, 43.06948613342837], [-70.84769865618757, 43.06941008829727], [-70.8476847502688, 43.06937182773069], [-70.84774009046912, 43.06933690652025], [-70.84778189023783, 43.069273208998204], [-70.84775137501286, 43.06920648490999], [-70.84763886165331, 43.06922810368187], [-70.84758972867168, 43.069243336288544], [-70.84748558953497, 43.069071363191775], [-70.84738988832233, 43.06901202593932], [-70.84732366422223, 43.06900813994075], [-70.84729311010196, 43.06898039082873], [-70.84731656025856, 43.068922367566636], [-70.84722818540241, 43.068747161248034], [-70.84724140535741, 43.06860593449474], [-70.84722446120975, 43.068558048982], [-70.84720336366424, 43.06849842552978], [-70.84723272547168, 43.06840635974297], [-70.84724669065291, 43.06826228050529], [-70.84729953474204, 43.06822245960295], [-70.8472452046983, 43.06814219199713], [-70.84715718398259, 43.06811902052645], [-70.84704408701481, 43.06809742684959], [-70.8470218913276, 43.06808763914372], [-70.84687476675035, 43.06811996330916], [-70.84666159527801, 43.06806616371496], [-70.84661152043442, 43.06800233143268], [-70.84657697081899, 43.06791994173049], [-70.84648601021381, 43.06786701757176], [-70.84630813596212, 43.067839606424585], [-70.84616520921784, 43.06786471783476], [-70.8461296144657, 43.06786072887788], [-70.84595752982958, 43.06778108644954], [-70.84580566444151, 43.06771278999844], [-70.84578025393336, 43.06770887398683], [-70.84563288301763, 43.067685414333724], [-70.84545585698964, 43.06759453449936], [-70.84526909606086, 43.06746998092301], [-70.8451742916604, 43.06732368481886], [-70.84511478282478, 43.067203778163545], [-70.84506990203005, 43.06713251502405], [-70.84515721419558, 43.06707713587725], [-70.8452844646611, 43.06708178306164], [-70.84540627423208, 43.06711252718472], [-70.84546722890343, 43.06712416582304], [-70.8455183982542, 43.06710586435146], [-70.84557131173335, 43.06695689472923], [-70.84556736589235, 43.06687099056424], [-70.84556749965373, 43.066860969469545], [-70.84552554078833, 43.06688040801439], [-70.84547770373861, 43.0669200594746], [-70.84538863256542, 43.06690614745816], [-70.84540580898093, 43.06681378802622], [-70.84555552184025, 43.06664028881025], [-70.84587604702718, 43.06627863569629], [-70.84583704015273, 43.06593570111646], [-70.84568529449487, 43.065697190929164], [-70.84549369593239, 43.0654856296077], [-70.84524394956216, 43.06534953334871], [-70.84482570683741, 43.06525508705632], [-70.84406602662453, 43.065257941691364], [-70.84377124261088, 43.06527855225408], [-70.84375360957934, 43.06528805203343], [-70.84368736537034, 43.065362001474604], [-70.84363590520034, 43.06541479268351], [-70.84350483861786, 43.06545637899803], [-70.84338180425442, 43.06543954551029], [-70.84327312739548, 43.06543344746048], [-70.84314296672737, 43.065425688670466], [-70.84299746916795, 43.06546639418784], [-70.84287880741746, 43.06551006393035], [-70.84285846137918, 43.06553678564766], [-70.84277053736203, 43.065605262347766], [-70.84263932739641, 43.06565747889726], [-70.84254422427504, 43.065720587594726], [-70.84228948056268, 43.06579317853752], [-70.84211312079319, 43.06580441077249], [-70.84202881983809, 43.06583350422945], [-70.84189344508144, 43.06578265043661], [-70.84191790200967, 43.06564981825627], [-70.84203227400855, 43.06557582524906], [-70.8421694309203, 43.06549368326592], [-70.84210263513913, 43.0654017586679], [-70.84211430624872, 43.06537690367892], [-70.84217132480299, 43.06535237542601], [-70.8422739135307, 43.0653115493885], [-70.84228669843898, 43.065203572117156], [-70.84235605600514, 43.06510431539988], [-70.84227725522264, 43.06506218259527], [-70.84219823174936, 43.06503667419001], [-70.84210395672953, 43.06497623744496], [-70.84205939622261, 43.06491542586126], [-70.8419479265144, 43.064873551487835], [-70.84181548898353, 43.06487633067479], [-70.84171849397386, 43.064894300152375], [-70.84169595901984, 43.064910501229676], [-70.84167221693343, 43.06492757013772], [-70.84161091469335, 43.06494206310646], [-70.8415096289045, 43.06490026173099], [-70.84149964555488, 43.06488525480788], [-70.84148508961246, 43.06486198435357], [-70.84144214120728, 43.06485210271889], [-70.84119448665078, 43.06485691780533], [-70.84104672356007, 43.064863319283745], [-70.84092467011983, 43.06485123742356], [-70.8408948207651, 43.06479874975761], [-70.84091629049475, 43.064716762541], [-70.84099306852657, 43.06468744667182], [-70.8411152719551, 43.06468832833957], [-70.84122235023824, 43.06467789957425], [-70.84133467055288, 43.064656307314266], [-70.84143660685983, 43.064649574996565], [-70.84150799230753, 43.06464262229633], [-70.84151010384589, 43.064642928375], [-70.84158931099883, 43.06465440984096], [-70.84160992857518, 43.064635889823876], [-70.84158466982886, 43.06462077277248], [-70.8414982593793, 43.064608948508635], [-70.8414873158105, 43.06460618588591], [-70.84146747186853, 43.06457419029258], [-70.84127563984394, 43.06450630256664], [-70.84116372277771, 43.06439742588741], [-70.84099523434395, 43.06427982790375], [-70.84080373851991, 43.06418700272019], [-70.84077162559609, 43.06404544944516], [-70.84089822511719, 43.06390504155356], [-70.84114751864489, 43.063915153240785], [-70.8413400177598, 43.06393316781441], [-70.84153318590342, 43.06390130870472], [-70.84176047507353, 43.06386138220667], [-70.84180132795424, 43.063810138437375], [-70.84179696167105, 43.063801564017126], [-70.84163699878937, 43.06376904871436], [-70.84145583665914, 43.063751116394485], [-70.84144651810371, 43.06374613378166], [-70.84137224975179, 43.06375301467067], [-70.84126023163778, 43.06375220674574], [-70.84118400593432, 43.06374045570566], [-70.84115874765838, 43.06372533856181], [-70.8411591484186, 43.06369547157701], [-70.8412307832393, 43.06366985217387], [-70.8412870426562, 43.06365158929757], [-70.84138887713928, 43.063652323754084], [-70.84146634108568, 43.063650413704046], [-70.8415482014275, 43.063627086956664], [-70.8416062262196, 43.0636079559141], [-70.84159848900137, 43.063590361755985], [-70.84157827233199, 43.06357901478868], [-70.84154283058922, 43.06356382430433], [-70.84153289751535, 43.06354508400881], [-70.84157383151835, 43.063530444219786], [-70.84160433173723, 43.06353439786284], [-70.84163992367529, 43.06353838820722], [-70.84172648283408, 43.06353901223282], [-70.8418585671215, 43.06356236674148], [-70.84196539309747, 43.06357060413108], [-70.84200652719028, 43.0635410306907], [-70.84205764450982, 43.06352646411318], [-70.84210050533096, 43.06353427376498], [-70.84214130755775, 43.063553203098174], [-70.84220255825683, 43.06354244320351], [-70.8423041674691, 43.06355997702815], [-70.84240083507952, 43.06356627396454], [-70.84247686075324, 43.0635929576922], [-70.84257584925615, 43.06361607300238], [-70.8426649544061, 43.0636167146529], [-70.84272902593996, 43.06358543924772], [-70.84267127120384, 43.06352528363855], [-70.84252675745961, 43.063479438144846], [-70.84243795261358, 43.063456396141596], [-70.84231869763937, 43.06342566725093], [-70.84222749718766, 43.06339140662284], [-70.84215406775714, 43.06336100770046], [-70.8420753715655, 43.063343638851414], [-70.84201449636227, 43.063326398373746], [-70.84196632541239, 43.06331111628827], [-70.84190542524814, 43.06329574244005], [-70.84183419156679, 43.06329149528111], [-70.84182238605331, 43.06329436185609], [-70.84176807461913, 43.06328541809451], [-70.84166892804991, 43.063288666906146], [-70.84122501792982, 43.06320910464772], [-70.8411790922118, 43.063186173582636], [-70.84119661154539, 43.06318048644094], [-70.8411714035874, 43.06316163592682], [-70.84113591209046, 43.06315017869163], [-70.84110186732329, 43.06314053652108], [-70.8410062746064, 43.063134308472065], [-70.84095011579711, 43.06314510446865], [-70.8408891408933, 43.06313533014244], [-70.84086435899955, 43.063084745888986], [-70.84088804825468, 43.063027043946754], [-70.84091922464047, 43.06298059723048], [-70.84098384752659, 43.06290825569327], [-70.84101494862543, 43.06286740900912], [-70.84108922855913, 43.062834341304566], [-70.84109559739282, 43.06283266379331], [-70.84115821638596, 43.062816170315585], [-70.8412273293958, 43.06278866585019], [-70.84126354696507, 43.062745989135884], [-70.8413050063826, 43.06269214901146], [-70.84130730165478, 43.06268568788804], [-70.84135718992994, 43.06265308481609], [-70.8413885706749, 43.062608175575264], [-70.84135162413507, 43.06253846865725], [-70.84120491852329, 43.06246646953488], [-70.8409315240442, 43.06234875130997], [-70.84062803210567, 43.06219721155922], [-70.84047708883703, 43.06206170740886], [-70.84049966101391, 43.06189758600831], [-70.84056775637848, 43.06175619565178], [-70.84073183920661, 43.06167150411944], [-70.84092501784002, 43.06169530064213], [-70.84123939243067, 43.06179464581468], [-70.84149801103587, 43.06187491941112], [-70.84168479748365, 43.06199574568474], [-70.84173900289898, 43.0621305509301], [-70.84199243115043, 43.0622257575378], [-70.84212468857301, 43.06222854083889], [-70.84224587279697, 43.06225913322155], [-70.842359913076, 43.06227791262661], [-70.84251761913634, 43.06235386581987], [-70.84260474693042, 43.06262051032443], [-70.84264775445423, 43.06279539370321], [-70.84264541651066, 43.06296995054532], [-70.84263233948003, 43.063065055729716], [-70.84264793183274, 43.06308173456702], [-70.84268262355486, 43.06315292533405], [-70.84269130689037, 43.06326499990501], [-70.84279289079402, 43.06328439998131], [-70.84283447423303, 43.06322122586226], [-70.84285074913393, 43.06314666832842], [-70.84293336576921, 43.063061387153475], [-70.84292029016258, 43.062897008687884], [-70.84290646480949, 43.06278863084715], [-70.84298453903915, 43.062662245842866], [-70.84317847126745, 43.06263003795612], [-70.84333646296594, 43.06267627025823], [-70.84334094311438, 43.062675687625465], [-70.84358956493165, 43.06273566735212], [-70.8436264382036, 43.06275076064113], [-70.84373720364663, 43.06273486817002], [-70.84385945321081, 43.062732013499506], [-70.84394556196526, 43.062766236224185], [-70.84388870499764, 43.062829300938624], [-70.84384253054932, 43.06285510508375], [-70.8438060899927, 43.06291458282025], [-70.8437627525229, 43.062945742046466], [-70.84375649766974, 43.062969632813335], [-70.84358433835342, 43.06312634227823], [-70.84350364856107, 43.063225518262506], [-70.84342195745776, 43.06339950426952], [-70.84341917674541, 43.06360731005172], [-70.84338427723767, 43.06367356322717], [-70.8433833873637, 43.06374006107448], [-70.84333526005514, 43.063947540592466], [-70.84333514881337, 43.06395585282291], [-70.84342461816426, 43.06404793984104], [-70.84350330723663, 43.06409838408929], [-70.8436380124583, 43.06419910935741], [-70.84384018229282, 43.06434188473488], [-70.84406736052401, 43.06431026589005], [-70.84421618194192, 43.06420326618655], [-70.84433243732443, 43.063987962868154], [-70.84438045021014, 43.06378879513761], [-70.84441568200162, 43.063697604952175], [-70.84457483821134, 43.06366549631052], [-70.84477856315615, 43.06369189877687], [-70.84493583175234, 43.06380109760884], [-70.8449567285678, 43.063934256161865], [-70.84494283838934, 43.06412535613237], [-70.8447703456406, 43.06430700404776], [-70.84450904662604, 43.06434669218172], [-70.84430320850109, 43.06447822162631], [-70.84441590900286, 43.06452890965775], [-70.84475490005075, 43.06461447523335], [-70.84517336031516, 43.064692297291856], [-70.84563672498896, 43.064803692124514], [-70.84612331929904, 43.064873686500334], [-70.84631471456493, 43.0649748150895], [-70.84664226316588, 43.06506860607284], [-70.84693546997087, 43.06518708920932], [-70.84729636699511, 43.06533099537762], [-70.84760201993564, 43.06536643562604], [-70.84784075829252, 43.06531826597898], [-70.84796679135836, 43.06521941137771], [-70.8481220658294, 43.065212725483576], [-70.84832091924231, 43.065179337593285], [-70.84845920806531, 43.065117979840956], [-70.84857354500798, 43.064992541619034], [-70.8484546387572, 43.064902582919025], [-70.84843372005695, 43.064812706546064], [-70.84842136252412, 43.06473221066147], [-70.84832500924139, 43.06471767499028], [-70.8481727636314, 43.06471658614882], [-70.84801784806668, 43.06464371022258], [-70.84795035459564, 43.06453956278669], [-70.84789187975446, 43.064302576531716], [-70.84773008501475, 43.064261742431995], [-70.84764953150514, 43.064352586004404], [-70.84738745918098, 43.06445046639386], [-70.84713882662994, 43.06439049484928], [-70.84708313976107, 43.0643152787532], [-70.8470719138129, 43.064306885320924], [-70.847027120795, 43.06426499934328], [-70.84697265243761, 43.06409834857794], [-70.84700976325489, 43.06386584952082], [-70.84726082920781, 43.063742952079096], [-70.84752134924572, 43.063761443298105], [-70.84776975836508, 43.063838038479986], [-70.84806329336585, 43.063931582001445], [-70.84844818567093, 43.06397589983265], [-70.84866369213083, 43.06396912749529], [-70.84922886686498, 43.06409786157554], [-70.84959108778455, 43.06414201361206], [-70.84973868514544, 43.064126441318884], [-70.84978524586309, 43.06403533035191], [-70.849730549453, 43.06388530532093], [-70.84950591491202, 43.0637257538479], [-70.84926873015579, 43.06365755563969], [-70.84890618086679, 43.06363833933195], [-70.84856652601405, 43.06360265948794], [-70.84824976582685, 43.06355051631312], [-70.84784275640749, 43.06346447439876], [-70.84766192517928, 43.0634216151746], [-70.84740306688084, 43.06327844068871], [-70.847132098242, 43.06319337011351], [-70.84658839045574, 43.063156222868834], [-70.84614759840393, 43.063053306755315], [-70.84593586509601, 43.062777458308304], [-70.84589329178169, 43.06256932713673], [-70.84613290739921, 43.06245466304549], [-70.84658636107731, 43.062457913559975], [-70.847245086829, 43.06237118896566], [-70.84891241152619, 43.06231661160742], [-70.84952534585494, 43.06226279877825], [-70.85015940739017, 43.062325515890336], [-70.85061164779442, 43.0624201851697], [-70.85110934526604, 43.06250686360175], [-70.85175364644746, 43.062652775196185], [-70.85288420750828, 43.062893585522005], [-70.85329056112771, 43.06302948305498], [-70.85392254835114, 43.06325011220911], [-70.85411307335806, 43.06341772587435], [-70.85451976239021, 43.063528682318704], [-70.85488077752963, 43.06366425241896], [-70.8551172011648, 43.063790624831775], [-70.85534228913832, 43.06391691638657], [-70.85559027053236, 43.06402674369589], [-70.85582735435759, 43.0641032411215], [-70.85620091704212, 43.064147452600665], [-70.85656369086824, 43.06415002132247], [-70.85689125116649, 43.0642437830734], [-70.85717204373738, 43.0644452824846], [-70.85733021132215, 43.064487966394694], [-70.85766922068656, 43.06457349385709], [-70.85789519103484, 43.06463328236413], [-70.85792767153973, 43.064749894363565], [-70.85772284409083, 43.064806637828454], [-70.85763127512664, 43.06487249473675], [-70.85765252772048, 43.064980714397194], [-70.85770822818026, 43.06505592545094], [-70.85802445820416, 43.065149603853335], [-70.8582846601182, 43.06519300741585], [-70.8586026386903, 43.065153688072655], [-70.85887483281365, 43.065147296786705], [-70.85956409202282, 43.06532673385708], [-70.85993701096756, 43.06542080678604], [-70.86029837621231, 43.06553142314781], [-70.86042232006571, 43.06559048767726], [-70.86070411053282, 43.06571716814645], [-70.86114429374496, 43.065869902078006], [-70.86154163315857, 43.06583113318171], [-70.86191597187545, 43.06581714024848], [-70.86222120144737, 43.06588579059751], [-70.86245786619125, 43.065995523452344], [-70.86262498840804, 43.06622114964012], [-70.86255327167602, 43.06650328874181], [-70.86229143072012, 43.06658457881429], [-70.86197355567529, 43.06661559609246], [-70.86192078693878, 43.06663677731211], [-70.86180349839651, 43.06661440013131], [-70.86125833570001, 43.06668538172966], [-70.86095049035363, 43.06681622310633], [-70.86082327683235, 43.067006527007344], [-70.86096859215728, 43.06716549777574], [-70.8611158675699, 43.06717484763831], [-70.86114081191754, 43.06720029557823], [-70.86103498272054, 43.0672906606255], [-70.86043312675957, 43.0673612391324], [-70.85896887104734, 43.06748392190499], [-70.85870133583717, 43.067513511712754], [-70.85739200204758, 43.0675475983894], [-70.85625651899855, 43.067672571047225], [-70.85552884733845, 43.0678253629252], [-70.85443793685668, 43.0680088246415], [-70.85377937981725, 43.0680789656552], [-70.85311014354546, 43.06809914879547], [-70.85284916339346, 43.06811391912723], [-70.85269054975204, 43.068104477974835], [-70.85266721496886, 43.068154190146764], [-70.85279159653791, 43.068180013922714], [-70.85337982336127, 43.06828395232701], [-70.85400294312528, 43.06832163130146], [-70.85466106361909, 43.068284738013794], [-70.85506954048756, 43.068262696712424], [-70.855166082274, 43.06827428806744], [-70.85521670785995, 43.06828036642846], [-70.85535264751067, 43.06828964332664], [-70.85545457487194, 43.06829867895681], [-70.85547637281509, 43.06836533768978], [-70.85534280063504, 43.06842926575874], [-70.85504654267379, 43.06848134056912], [-70.85463769283737, 43.06859045202906], [-70.85431105568715, 43.06864413969607], [-70.8541268504545, 43.06871003906156], [-70.8538613182019, 43.06876415930543], [-70.85371829356049, 43.0687967469165], [-70.85357996613698, 43.068859237579794], [-70.85346190842205, 43.06892933958476], [-70.85332358044253, 43.068991829932116], [-70.85311915251826, 43.06904638273723], [-70.85292990202579, 43.06910851056795], [-70.8527602789291, 43.069226783662], [-70.85270028328306, 43.06930357334831], [-70.85259457673388, 43.06935906209159], [-70.85218212938847, 43.06968033515257], [-70.85214261648996, 43.06971111319964], [-70.8519651719216, 43.06979517306843], [-70.85184274006255, 43.06984476354006], [-70.8517690761077, 43.069854463763605], [-70.8515353273392, 43.069815461643195], [-70.85140357220322, 43.069765984538776], [-70.85134810188946, 43.06972451828964], [-70.85128773737735, 43.0696680822152], [-70.8512168915461, 43.06963397380695], [-70.8511202381437, 43.06962581755009], [-70.85100316633918, 43.06962124940483], [-70.85095689066803, 43.06965452312977], [-70.8508800615313, 43.069687579025484], [-70.85072709635969, 43.06970142336605], [-70.85039279236929, 43.06956462486582], [-70.85021555560813, 43.06948868583412], [-70.85008380225295, 43.0694392072217], [-70.84996697874885, 43.06941597113143], [-70.84984041711692, 43.06935906182855], [-70.84970382007414, 43.06929087954632], [-70.84944965642237, 43.069255461147876], [-70.84950477783596, 43.06932306194742], [-70.8496922472367, 43.06939534140419], [-70.84985400811254, 43.069486105707526], [-70.84999520228877, 43.06959165793007], [-70.85010124692705, 43.069659621851265], [-70.85008977381224, 43.06975661699264], [-70.85020130753962, 43.06979475013967], [-70.85034873487712, 43.06981447057856], [-70.85057768780794, 43.06983103853353], [-70.85073050475854, 43.06982839453007], [-70.8509184227831, 43.06986707159313], [-70.85114159082816, 43.06993586941752], [-70.85117181372961, 43.06996169496743]], [[-70.85415134037909, 43.066277685974796], [-70.8543153676565, 43.06619670836066], [-70.85424486922317, 43.06613646813926], [-70.85417377921507, 43.06612102847909], [-70.85407194032024, 43.06612030536602], [-70.8537870874321, 43.06609587986744], [-70.85349264310906, 43.06602658069755], [-70.85322894850619, 43.065942564419025], [-70.85296466204251, 43.065903348129964], [-70.85266913278997, 43.065916181270204], [-70.85206917545189, 43.06584470483585], [-70.85180409894417, 43.065865219983515], [-70.85159834458, 43.06602057147486], [-70.85143372054984, 43.06614634574486], [-70.85103555898914, 43.06621818319505], [-70.8505767883468, 43.06625224970246], [-70.85036213375102, 43.0663104584152], [-70.85028846818201, 43.06648915210374], [-70.85062077428537, 43.06677528604271], [-70.85121786845455, 43.06706330618218], [-70.85176632285462, 43.067179225122786], [-70.85195013038033, 43.06714319657049], [-70.85217417956117, 43.06714479148376], [-70.85253160969411, 43.0670726603119], [-70.85269732082067, 43.06686475008528], [-70.85282130707061, 43.06673121753902], [-70.85313849189207, 43.06662146089969], [-70.85351638450769, 43.06654200464307], [-70.85379283137635, 43.066431956698246], [-70.85415134037909, 43.066277685974796]]]}, "properties": {"id": 135, "Hectares": 76.91232329897, "Acres": 190.05419648792, "Year": "2016", "LABEL": "Great Bay", "100 M2?": "y"}}, {"type": "Feature", "geometry": {"type": "Polygon", "coordinates": [[[-70.88370888533133, 43.06049210479945], [-70.88374766258622, 43.060563030954924], [-70.8836738721783, 43.06057083913106], [-70.8836114707456, 43.060574568671385], [-70.8834584334186, 43.06057352137297], [-70.88327170530891, 43.0605473041133], [-70.88309594294944, 43.06055025727936], [-70.88297649048407, 43.06058269146061], [-70.88288490166677, 43.06065272504631], [-70.88291260664899, 43.060702793043696], [-70.88288940497894, 43.060744199341485], [-70.88271920420205, 43.060755503060584], [-70.88252622516896, 43.06077496348759], [-70.8823160828696, 43.06080677551314], [-70.88217480508071, 43.060772554934175], [-70.88210212715664, 43.06069308279297], [-70.88200068514342, 43.06064666554206], [-70.88184229772384, 43.06062064027411], [-70.88171240975075, 43.060582340716486], [-70.88156583600215, 43.06051898741433], [-70.8814365849069, 43.06043081366548], [-70.88134070576876, 43.06039274704053], [-70.88130171920706, 43.060338444716464], [-70.88142715832085, 43.06028111423795], [-70.88160313206986, 43.060261539001715], [-70.88177349071205, 43.060237768461086], [-70.88209074062559, 43.060252413539715], [-70.88231221716768, 43.06022067960975], [-70.88247182208399, 43.06015111259158], [-70.88259185654756, 43.06007296119152], [-70.8827509312577, 43.06004495535878], [-70.88291509148365, 43.06006270586552], [-70.88301075936934, 43.06011739581101], [-70.88310648035284, 43.060167929518826], [-70.88320220149414, 43.06021846314735], [-70.88330343207149, 43.06028150397273], [-70.88344407452767, 43.06036559706206], [-70.8836247638832, 43.060420868365476], [-70.88370888533133, 43.06049210479945]]]}, "properties": {"id": 136, "Hectares": 0.88259113209, "Acres": 2.18092681695, "Year": "2016", "LABEL": "Great Bay", "100 M2?": "y"}}, {"type": "Feature", "geometry": {"type": "Polygon", "coordinates": [[[-70.89151485427026, 43.06019646131893], [-70.8915439556808, 43.06017551288818], [-70.89165736849745, 43.060172124502714], [-70.8917244949062, 43.06024323995686], [-70.89179728950586, 43.06031439375152], [-70.89184242444715, 43.06033132544619], [-70.8918998374982, 43.06027352286465], [-70.89181654419855, 43.060135793703765], [-70.89188505761419, 43.06009677063505], [-70.89189471097623, 43.06000539251669], [-70.89185353548746, 43.05989912243412], [-70.8918315438815, 43.05984493875076], [-70.89176483650982, 43.05974057401787], [-70.89176013685267, 43.05966364653992], [-70.89170676218662, 43.05962587640291], [-70.89168448289703, 43.05959455161138], [-70.89168206768801, 43.05956128307967], [-70.89168799738754, 43.059540540626855], [-70.89166587518166, 43.05949674732913], [-70.89160092921766, 43.05947760312554], [-70.89153322785114, 43.05945220543838], [-70.89151393976297, 43.05940843130761], [-70.89153128394008, 43.059381531396625], [-70.8915795400465, 43.05937562346681], [-70.8916472675232, 43.05939894304266], [-70.89168670762783, 43.05941791449328], [-70.89172079386597, 43.0594119105425], [-70.89172394190552, 43.05938699272815], [-70.8917554296853, 43.05936226682125], [-70.8917921666732, 43.05937082862611], [-70.89186863165774, 43.059375502885025], [-70.89191119361404, 43.05937163452358], [-70.89195341543139, 43.0593947812372], [-70.8919725730114, 43.059448945715936], [-70.89200891764688, 43.05948867871029], [-70.89205381659733, 43.059524313074924], [-70.89204471294376, 43.05957205145515], [-70.8920556826282, 43.05960122136242], [-70.89215078256731, 43.05970162157415], [-70.892170437399, 43.059716302424995], [-70.89229161903062, 43.05977115729427], [-70.89241329771065, 43.059786528440554], [-70.89251017643198, 43.05974561864429], [-70.89254775037726, 43.059687681518064], [-70.8925370941802, 43.05963357464716], [-70.89252344714589, 43.05959191710819], [-70.89254396479764, 43.059538021119124], [-70.89254215044575, 43.059456956665656], [-70.8924944957185, 43.05941506906576], [-70.89247237298015, 43.059371275918885], [-70.89247549456685, 43.05934843616551], [-70.89253794657631, 43.05934054560838], [-70.89263149385536, 43.05933910012989], [-70.89267660217972, 43.059358109578916], [-70.89271286880472, 43.059404076606256], [-70.89276210308032, 43.059545731327105], [-70.89274880683624, 43.05970151098101], [-70.89276505280563, 43.05976189041689], [-70.89284968059495, 43.05979363661521], [-70.89288641799688, 43.05980219807131], [-70.89292578035129, 43.05982740335121], [-70.89295923956712, 43.05987127305444], [-70.89297592999768, 43.05989632502874], [-70.89298000406852, 43.060023126486385], [-70.89296226837631, 43.06008119787994], [-70.89304707960143, 43.060098397345506], [-70.89309242374694, 43.060098703875575], [-70.89312076383825, 43.06009889544775], [-70.89316605573721, 43.06010335811714], [-70.89322735907216, 43.06018690289725], [-70.89322038493971, 43.06029076880006], [-70.8931741001956, 43.060365273349866], [-70.89309391154676, 43.06043123565593], [-70.89299697986047, 43.060476302104206], [-70.8928946935767, 43.06049639313616], [-70.89279230267992, 43.060524796411784], [-70.89270130008879, 43.0605491200974], [-70.89266130997895, 43.06057378875278], [-70.89254758272037, 43.060602115132944], [-70.8924683867144, 43.06058910980836], [-70.89241191528731, 43.06057210166076], [-70.89229299062532, 43.06056298393156], [-70.89223090352525, 43.06054178117264], [-70.89218534980346, 43.06055809896757], [-70.89221909659713, 43.060579109961004], [-70.8922697952947, 43.060604392181816], [-70.89232600518397, 43.06064218123586], [-70.89229583408401, 43.06078745531711], [-70.89228177786596, 43.06100349929348], [-70.8922860859367, 43.061111597989814], [-70.89232497811439, 43.061174208977285], [-70.8922787439209, 43.06124455697309], [-70.89225596680768, 43.06125271587939], [-70.89223833468762, 43.06130247480683], [-70.89226079795542, 43.06131925290468], [-70.89225429284123, 43.061385713214534], [-70.89219703601442, 43.06143104745751], [-70.89212912297839, 43.061422274779126], [-70.89205013531367, 43.061392644493424], [-70.89200458091173, 43.0614089622087], [-70.89196968246127, 43.06147938681195], [-70.89191184965324, 43.0615704387379], [-70.89187742204058, 43.0616034578142], [-70.89184257567156, 43.06166972620825], [-70.89184205227143, 43.06171128786871], [-70.89196649024802, 43.0617329129521], [-70.89205193136556, 43.06170023917155], [-70.89217689257144, 43.06168030236348], [-70.89220502412306, 43.0616971188336], [-70.89222706901154, 43.061747146269056], [-70.89223814378246, 43.061768003818756], [-70.89226318865184, 43.06176328782707], [-70.8922796177345, 43.06180697306635], [-70.89235194089004, 43.06180746245516], [-70.89240979941577, 43.06180785393328], [-70.89254828098214, 43.0617239345063], [-70.89265756613372, 43.06166103151133], [-70.89285417213163, 43.06155629075924], [-70.89303584615304, 43.06148857335162], [-70.89331153931101, 43.06142149107311], [-70.89345678454461, 43.061374740878385], [-70.89353753893461, 43.06127982314716], [-70.89354550418112, 43.061221538253264], [-70.8934805472246, 43.061210492351876], [-70.89337246341736, 43.06117794091871], [-70.89330000767134, 43.0611880583173], [-70.89311860151597, 43.06123456388463], [-70.89291509818618, 43.06131274086918], [-70.89274782238434, 43.061385858980955], [-70.89267489931969, 43.06143309745265], [-70.89267396536448, 43.061507340395266], [-70.89268066396009, 43.06154981384929], [-70.89268046382782, 43.06156572305105], [-70.89251312033453, 43.0616441438761], [-70.8924754323516, 43.061591668279], [-70.89250254033323, 43.06147883634687], [-70.89247051875644, 43.06132067192859], [-70.89244510682322, 43.06108773483951], [-70.89249836846395, 43.06090936476986], [-70.89256821570207, 43.060764359032916], [-70.89268124025281, 43.06077434222927], [-70.89269047024254, 43.060770262907305], [-70.89279908655668, 43.06076039043354], [-70.89289303838098, 43.06076632925925], [-70.89323221825258, 43.060826960878224], [-70.89342529256402, 43.06086187234204], [-70.89347411612515, 43.06084945728886], [-70.89360495212439, 43.060812932524556], [-70.89373017209947, 43.06077221315677], [-70.89388383669896, 43.06072337269835], [-70.89389804876383, 43.06072027096029], [-70.89400686309622, 43.060768551595054], [-70.89399146635968, 43.06084269690636], [-70.8939913331674, 43.06085330304547], [-70.89395490573895, 43.06087427115711], [-70.8938816511731, 43.060948025760815], [-70.89388768449375, 43.06104352984697], [-70.89395960718328, 43.06107583662856], [-70.89408302125784, 43.061039545259895], [-70.8941777726131, 43.0609818461998], [-70.89430118637301, 43.060945554592806], [-70.8943084185907, 43.06094560340521], [-70.89442420063497, 43.060941081271494], [-70.89455378161891, 43.060989687316194], [-70.89452398756805, 43.06105843203648], [-70.89450885758485, 43.0611113651381], [-70.89434761824725, 43.06127998966484], [-70.89428612255404, 43.061432483253455], [-70.89408285714711, 43.06157680330445], [-70.89391098547563, 43.061721121048045], [-70.89382985611367, 43.061861894869566], [-70.89369334981973, 43.06189838158158], [-70.89359803511461, 43.06181460731499], [-70.89346782373848, 43.06180125803793], [-70.89330827896728, 43.06186668426901], [-70.89308087238378, 43.06191918198901], [-70.89296178821722, 43.06192253343711], [-70.89271139468754, 43.0619998141252], [-70.8924841963074, 43.06203568598435], [-70.89232611452329, 43.06198473817308], [-70.89211691468581, 43.06194175720594], [-70.89192934118454, 43.061982052675404], [-70.89170754888114, 43.062038742192456], [-70.89140634900518, 43.06209904986791], [-70.89130474041909, 43.06206510929942], [-70.8912718835795, 43.06197344322853], [-70.89115337549416, 43.061931074975526], [-70.89093168748613, 43.06197945065508], [-70.89057978798269, 43.06201447334053], [-70.89035867608808, 43.06201713009466], [-70.89023408078093, 43.06200797175658], [-70.89015514575448, 43.06197418400288], [-70.89011641267271, 43.06189910380736], [-70.89018532252348, 43.06182891055996], [-70.89033290481272, 43.06181328577625], [-70.89059978074876, 43.06177768727574], [-70.8908613026562, 43.0617171127332], [-70.89116958373374, 43.06154462842253], [-70.89125045682908, 43.06142463735177], [-70.89133164384916, 43.061279709223896], [-70.89150892657076, 43.061156214605774], [-70.8915217812561, 43.06103576257508], [-70.8914977948345, 43.06098132695179], [-70.89141546614685, 43.06093134504186], [-70.89136504113785, 43.060915092867205], [-70.89126392387537, 43.0609038007161], [-70.89122073113542, 43.060887597482534], [-70.89116327453097, 43.06085538701397], [-70.89112101766015, 43.06076494081873], [-70.89111505550086, 43.0606641335496], [-70.89114458578682, 43.06061660200519], [-70.891174182865, 43.06056376738613], [-70.89121054420785, 43.06054810323087], [-70.89123317636839, 43.060474007321766], [-70.89123464668948, 43.06035733985866], [-70.89131540312685, 43.060262423695114], [-70.89148977603058, 43.06019996277634], [-70.89151485427026, 43.06019646131893]]]}, "properties": {"id": 137, "Hectares": 4.28801454487, "Acres": 10.5958983411, "Year": "2016", "LABEL": "Great Bay", "100 M2?": "y"}}, {"type": "Feature", "geometry": {"type": "Polygon", "coordinates": [[[-70.86898166259057, 43.089895129892675], [-70.86895012578417, 43.08990790554646], [-70.86885755419749, 43.08990326660005], [-70.86869373628969, 43.08986358321299], [-70.86853642876518, 43.089828762639506], [-70.86832647712187, 43.08979839221326], [-70.86814963958491, 43.089748981934285], [-70.86802544657421, 43.08969512118376], [-70.86783596502914, 43.089607081063164], [-70.8677513965591, 43.089539043713714], [-70.86768667155329, 43.089461509580204], [-70.86770751667194, 43.08937493763097], [-70.86774131921557, 43.08930290906102], [-70.86779490225337, 43.08922620093907], [-70.86782275802133, 43.08910595443685], [-70.86777781388321, 43.089023740802624], [-70.86769956843676, 43.08897501810951], [-70.86758839737807, 43.088930883079364], [-70.86752317217882, 43.08889188646588], [-70.86749750801107, 43.08884353083872], [-70.86750489481501, 43.08878095311923], [-70.86755772617364, 43.08876205152216], [-70.86766276261962, 43.0887724202736], [-70.86797636994436, 43.08891913880502], [-70.86851107152623, 43.08925046913677], [-70.86866116651623, 43.08940930840563], [-70.86881467222695, 43.08953381862535], [-70.86895888776023, 43.08969262736967], [-70.8690238728527, 43.089750261648234], [-70.86905130767808, 43.0898040620707], [-70.86904851598202, 43.08982129569296], [-70.86898166259057, 43.089895129892675]]]}, "properties": {"id": 138, "Hectares": 0.69028998184, "Acres": 1.70574105963, "Year": "2016", "LABEL": "Great Bay", "100 M2?": "y"}}, {"type": "Feature", "geometry": {"type": "Polygon", "coordinates": [[[-70.81669333201529, 43.1230098789255], [-70.81668598583258, 43.12299317265514], [-70.81669750455234, 43.12298215709146], [-70.81672046514406, 43.122965675955726], [-70.81676286685598, 43.122913260546234], [-70.81680928731642, 43.1228442232717], [-70.81682119011539, 43.12280545771692], [-70.81677271003954, 43.122749591958225], [-70.81671278822677, 43.12269919175108], [-70.81672117164989, 43.122640973079946], [-70.81675251548837, 43.12256627326283], [-70.81682553074079, 43.122491882956425], [-70.81688622063963, 43.122486783145575], [-70.81694335265372, 43.12246500518053], [-70.81698950373203, 43.122415392809614], [-70.8170581541849, 43.122382599189194], [-70.8170999792044, 43.12237180861676], [-70.81715243958836, 43.12241382737608], [-70.81717072841066, 43.12246114297805], [-70.81710942416713, 43.12251064291087], [-70.8170713105713, 43.12252701161147], [-70.81701781324988, 43.122559917763645], [-70.81699814195314, 43.12261250206855], [-70.81703150721845, 43.122665480213456], [-70.81710302465801, 43.1226993146537], [-70.81713685084317, 43.12271899279163], [-70.81709475678919, 43.12274920836116], [-70.81703820060731, 43.122729361429165], [-70.81702312408554, 43.12272369890955], [-70.81699274062011, 43.12272902385224], [-70.8169390510417, 43.122775804954195], [-70.81692684105766, 43.12283677050505], [-70.81687269040546, 43.122916851547515], [-70.816872037422, 43.12296402650967], [-70.81690555640172, 43.123005904697756], [-70.8169509013709, 43.12301456730445], [-70.81696188235182, 43.12304240168292], [-70.81694642168499, 43.12306448913071], [-70.81685550121726, 43.12306381388169], [-70.81680261793562, 43.12305231996239], [-70.81678394508022, 43.123032754284075], [-70.81674238847245, 43.123024119752], [-70.81669333201529, 43.1230098789255]]]}, "properties": {"id": 139, "Hectares": 0.12949079953, "Acres": 0.31997824018, "Year": "2016", "LABEL": "Lower Piscataqua River North", "100 M2?": "y"}}, {"type": "Feature", "geometry": {"type": "Polygon", "coordinates": [[[-70.81645640649252, 43.1224045258619], [-70.81641348180156, 43.1223993614478], [-70.81641030893658, 43.122389646977595], [-70.81641037603423, 43.12238480203], [-70.81641732563881, 43.12236062644182], [-70.81646028384992, 43.12236336838045], [-70.81648680740929, 43.12235872001845], [-70.81652983271076, 43.122356616983254], [-70.8165394519919, 43.12237849296255], [-70.81651927419063, 43.12240257027159], [-70.81645640649252, 43.1224045258619]]]}, "properties": {"id": 140, "Hectares": 0.00459973478, "Acres": 0.01136617463, "Year": "2016", "LABEL": "Lower Piscataqua River North", "100 M2?": "n"}}, {"type": "Feature", "geometry": {"type": "Polygon", "coordinates": [[[-70.80985039838093, 43.12038043028453], [-70.8099096979261, 43.12036905894792], [-70.80990963032025, 43.12037390388902], [-70.80995545434408, 43.120408165135764], [-70.80994796161049, 43.12047109984842], [-70.80994067167184, 43.12051949973674], [-70.80999310973144, 43.120553810490804], [-70.81005958681307, 43.12053008095947], [-70.81011931475852, 43.12051599175965], [-70.81014931252056, 43.120519885370925], [-70.81015234856763, 43.120530535546344], [-70.81011168699696, 43.12058861636556], [-70.81003852835775, 43.12061714135103], [-70.81001180229329, 43.120636323044906], [-70.80997500177148, 43.12064581505048], [-70.80993073117293, 43.12064914116996], [-70.80991259349854, 43.12063558022668], [-70.80988640825377, 43.120616002363874], [-70.80984726564051, 43.120576945676866], [-70.80981521028149, 43.12050402392046], [-70.80980847205088, 43.12048974386099], [-70.80979317428915, 43.12048605167831], [-70.80975922629503, 43.12048303087275], [-70.80972741740554, 43.120462043389374], [-70.80973150256135, 43.12043994144517], [-70.80976766683186, 43.1204194630333], [-70.80980252802934, 43.12041678067078], [-70.8098168164437, 43.12041568125883], [-70.80984161321766, 43.12039788426275], [-70.80985039838093, 43.12038043028453]]]}, "properties": {"id": 141, "Hectares": 0.0449396427, "Acres": 0.11104810409, "Year": "2016", "LABEL": "Lower Piscataqua River North", "100 M2?": "y"}}, {"type": "Feature", "geometry": {"type": "Polygon", "coordinates": [[[-70.80754860668513, 43.119909321000414], [-70.80754275385189, 43.119911713025715], [-70.80748426066287, 43.11990850724353], [-70.80746358805587, 43.11990143559052], [-70.80741648170124, 43.119894165428306], [-70.80737895148077, 43.11987728417706], [-70.80733396557407, 43.119853430499546], [-70.80730454929154, 43.119796494931286], [-70.80729532162665, 43.119781209503074], [-70.807235734216, 43.11972128073793], [-70.80723616013539, 43.11969085169234], [-70.80731049366837, 43.11964161178579], [-70.8073199164073, 43.11962419989167], [-70.80734926259848, 43.11956997219483], [-70.80731710439704, 43.119490521477296], [-70.8073431652547, 43.11942917724974], [-70.80752221200332, 43.11939660366837], [-70.80775956265826, 43.1194516855516], [-70.80798341513372, 43.11952604743483], [-70.80829992916071, 43.11959625861042], [-70.8083060060317, 43.119597494669854], [-70.8083380357437, 43.11962027565212], [-70.80840571796011, 43.11964153261572], [-70.80847925789901, 43.119649000635555], [-70.808514956987, 43.11965301015473], [-70.80851885038734, 43.119653447438694], [-70.80855836556101, 43.11966342678386], [-70.80859774544277, 43.11968308808804], [-70.80859913100132, 43.11971906385988], [-70.80858134540092, 43.119775645117464], [-70.80859970473063, 43.119813131465776], [-70.80861448112374, 43.11983675810332], [-70.808616156629, 43.11985198679063], [-70.80858442260482, 43.119873562688554], [-70.80857993432808, 43.11987661425674], [-70.80854190119493, 43.11989569499501], [-70.8085407151176, 43.119896604918544], [-70.80853611642607, 43.11989682938707], [-70.80843086910753, 43.11986857982683], [-70.80838378199135, 43.11985992692322], [-70.80834969907403, 43.11986658767434], [-70.80829833298245, 43.11989386801654], [-70.80828707020889, 43.119909955025335], [-70.80828291859343, 43.119915884918754], [-70.80828461335473, 43.11992973047127], [-70.8082856247247, 43.11998210533404], [-70.80828570868539, 43.11998645332509], [-70.80828536062788, 43.12001134982252], [-70.8083462263418, 43.1200274173733], [-70.80836626016371, 43.120032705964995], [-70.80841905046707, 43.12003863508728], [-70.8084508393536, 43.120061006069015], [-70.8084485452318, 43.12009003782134], [-70.80846499710557, 43.12012889316587], [-70.80849634142182, 43.120183076326995], [-70.80855594984503, 43.12024162130642], [-70.80856857661821, 43.12025241328815], [-70.80862768673518, 43.120281925065775], [-70.80867364537411, 43.1203064969406], [-70.80886463569887, 43.12036607432391], [-70.80902977989534, 43.12038184863458], [-70.80916117806727, 43.1204458242772], [-70.80927259948685, 43.120519340969764], [-70.80938442706041, 43.12056378791362], [-70.80944454175912, 43.12061194778091], [-70.80941875729884, 43.12065892412502], [-70.8094123783206, 43.12071005782837], [-70.80942139422537, 43.120740557617886], [-70.8094304873839, 43.12076552485069], [-70.8094300938806, 43.120770108111074], [-70.80942823231605, 43.120791790344924], [-70.8093960757662, 43.12079569927149], [-70.80939130447288, 43.12079541366157], [-70.80934324608504, 43.12079253687226], [-70.80929976060672, 43.120796360885386], [-70.8092986073126, 43.12079671797206], [-70.809268810698, 43.120790657612766], [-70.80902483955312, 43.12073552924193], [-70.80885368969115, 43.120676100876366], [-70.8086561522077, 43.120611628933986], [-70.80852428020997, 43.12058156728897], [-70.8083673072707, 43.12045440826165], [-70.8080134091041, 43.12021917153086], [-70.80779296564593, 43.12008495703494], [-70.80767090599522, 43.12006483640961], [-70.80763553464668, 43.12002860547745], [-70.80763605478802, 43.119991428012746], [-70.80762365256538, 43.1199841378346], [-70.80761933489543, 43.11997176921711], [-70.80761201460498, 43.11995511485131], [-70.80756918761273, 43.11991191150213], [-70.80754860668513, 43.119909321000414]]]}, "properties": {"id": 142, "Hectares": 0.95731563394, "Acres": 2.36557479725, "Year": "2016", "LABEL": "Lower Piscataqua River North", "100 M2?": "y"}}, {"type": "Feature", "geometry": {"type": "Polygon", "coordinates": [[[-70.79480359808443, 43.109774239612776], [-70.79476068415718, 43.10976906715668], [-70.79474425551533, 43.109761673785016], [-70.79468828811264, 43.109744288192985], [-70.79459612276364, 43.10971451305739], [-70.79451060461601, 43.10968236578723], [-70.79437893520311, 43.10964017572045], [-70.79430650506204, 43.109617818982464], [-70.79429028295326, 43.10959589075536], [-70.79432682484638, 43.10958405571597], [-70.79437635130833, 43.10958927874549], [-70.79446517560852, 43.109621451318155], [-70.79459340110941, 43.10967330594764], [-70.79470519820302, 43.10971776705764], [-70.79476457510917, 43.10972791043993], [-70.79482756786173, 43.1097162767956], [-70.79488687602205, 43.10973126504548], [-70.79487985070566, 43.10976028424843], [-70.79480359808443, 43.109774239612776]]]}, "properties": {"id": 143, "Hectares": 0.02216927349, "Acres": 0.05478138326, "Year": "2016", "LABEL": "Lower Piscataqua River North", "100 M2?": "y"}}, {"type": "Feature", "geometry": {"type": "Polygon", "coordinates": [[[-70.77370467876932, 43.095730706100824], [-70.77371241832779, 43.095734191873305], [-70.7737320406539, 43.09574888139541], [-70.77374188702, 43.095753803697605], [-70.77379157644283, 43.09574692324657], [-70.77382136193425, 43.0957447329317], [-70.77382442114865, 43.09576171592857], [-70.77380114306597, 43.09578258038676], [-70.77379032601873, 43.09578567720606], [-70.7737050679324, 43.095785011889824], [-70.77363247056593, 43.09578239802039], [-70.7736297127151, 43.095781890145446], [-70.7736156636465, 43.095779302923106], [-70.77360376482002, 43.09577711167955], [-70.77359652512122, 43.095774004541255], [-70.77358824484782, 43.09577088928088], [-70.7735789461651, 43.0957662407544], [-70.77357703125357, 43.09575478593255], [-70.77357822698478, 43.09574411804777], [-70.77358678431591, 43.09572816901141], [-70.77360468464735, 43.095713818211834], [-70.7736402082404, 43.09570418090181], [-70.77367965033015, 43.095711352646184], [-70.77370341732566, 43.095722978000914], [-70.77370467876932, 43.095730706100824]]]}, "properties": {"id": 144, "Hectares": 0.01150347745, "Acres": 0.02842566795, "Year": "2016", "LABEL": "Lower Piscataqua River South", "100 M2?": "y"}}, {"type": "Feature", "geometry": {"type": "Polygon", "coordinates": [[[-70.7624790719612, 43.09189316406953], [-70.76243944315213, 43.091890428183014], [-70.76243635162356, 43.09187586735233], [-70.7624467310519, 43.09184445383958], [-70.7624735303854, 43.09182043827777], [-70.76254653354523, 43.091801633260374], [-70.7625896458396, 43.09179228296571], [-70.76264917805075, 43.09179033058179], [-70.76268191103027, 43.091812393784835], [-70.76266819072801, 43.09184620365871], [-70.76264462556388, 43.09187509028463], [-70.76260137068387, 43.09189413040684], [-70.7624790719612, 43.09189316406953]]]}, "properties": {"id": 145, "Hectares": 0.01731600971, "Acres": 0.04278872579, "Year": "2016", "LABEL": "Lower Piscataqua River South", "100 M2?": "y"}}, {"type": "Feature", "geometry": {"type": "Polygon", "coordinates": [[[-70.80754170973842, 43.1119239508915], [-70.80753918253889, 43.111938017712504], [-70.80749546850979, 43.111971354851605], [-70.8074624035985, 43.111971106567594], [-70.80744941486441, 43.11195404994337], [-70.8074397326267, 43.11193701814724], [-70.80742033427613, 43.11190537702509], [-70.80741406021461, 43.11188110263906], [-70.80743089766173, 43.111859424535716], [-70.80746085936426, 43.11184511316376], [-70.8074970273639, 43.11185992111135], [-70.80750316590495, 43.1118938853837], [-70.80751956279114, 43.111903699411386], [-70.80754170973842, 43.1119239508915]]]}, "properties": {"id": 146, "Hectares": 0.00899737379, "Acres": 0.0222329605, "Year": "2016", "LABEL": "Lower Piscataqua River North", "100 M2?": "n"}}, {"type": "Feature", "geometry": {"type": "Polygon", "coordinates": [[[-70.81244426275804, 43.116918387237035], [-70.81243469879206, 43.116945246494055], [-70.81242593752233, 43.11695027476468], [-70.81238650192677, 43.116947915064614], [-70.81233700158695, 43.11694027730028], [-70.8122283840259, 43.11690312536639], [-70.81210363735111, 43.116836780165194], [-70.81202511806451, 43.116775625574846], [-70.81197615738505, 43.11672922808113], [-70.81199640248789, 43.11670030660202], [-70.81204252841097, 43.11671276476028], [-70.81212459036857, 43.116756986720816], [-70.81217699277546, 43.11679371895283], [-70.81222929412333, 43.11683771858171], [-70.81231469684676, 43.116879542627295], [-70.81239055011226, 43.116894645334504], [-70.8124399073118, 43.116909966795895], [-70.81244426275804, 43.116918387237035]]]}, "properties": {"id": 147, "Hectares": 0.02745146052, "Acres": 0.06783393152, "Year": "2016", "LABEL": "Lower Piscataqua River North", "100 M2?": "y"}}, {"type": "Feature", "geometry": {"type": "Polygon", "coordinates": [[[-70.80937935341193, 43.1198388692988], [-70.8093188060903, 43.119844322026545], [-70.80931082657334, 43.119838355840606], [-70.8092949912434, 43.119817564801686], [-70.80929523864188, 43.11979984747082], [-70.80931580590207, 43.119770469609776], [-70.80937639438011, 43.11976206399436], [-70.80940847735415, 43.11977411716237], [-70.80942418903125, 43.11980376685173], [-70.80937935341193, 43.1198388692988]]]}, "properties": {"id": 148, "Hectares": 0.00704442969, "Acres": 0.01740713799, "Year": "2016", "LABEL": "Lower Piscataqua River North", "100 M2?": "n"}}]}