{"type": "FeatureCollection", "features": [{"type": "Feature", "geometry": {"type": "Polygon", "coordinates": [[[-70.73104204409766, 43.08481109589039], [-70.73093152944865, 43.0848342110936], [-70.73078791388501, 43.084859255450986], [-70.73057209097962, 43.08488558486788], [-70.73038589941154, 43.08490708034949], [-70.73024961587097, 43.084909265120885], [-70.73018919748165, 43.08487602294742], [-70.73025061342263, 43.084843776945455], [-70.73044878582934, 43.08483230304266], [-70.73055858055045, 43.084818410828255], [-70.73065382189144, 43.084806963109905], [-70.73076429692586, 43.084782420201535], [-70.73087333396744, 43.08475955862198], [-70.73094273633859, 43.084736309821274], [-70.73102441292163, 43.08470720680246], [-70.73110572702336, 43.08470191712211], [-70.73116759154571, 43.08476774102554], [-70.73104204409766, 43.08481109589039]]]}, "properties": {"OBJECTID": 1, "density": "h", "Hectares": 0.0652545940405, "Acres": 0.161247613529, "Year_": "2015", "comments": ""}}, {"type": "Feature", "geometry": {"type": "Polygon", "coordinates": [[[-70.72885491794041, 43.08493209128979], [-70.72885445853274, 43.08489257062428], [-70.72888114237921, 43.08487238275227], [-70.72898676901184, 43.084887015374086], [-70.72907437971512, 43.08487803948325], [-70.72914455962993, 43.08487697891933], [-70.72917647482276, 43.08490222696675], [-70.72914222901352, 43.0849327641688], [-70.72903922705468, 43.08493848054703], [-70.72892587100465, 43.084942825655105], [-70.72885491794041, 43.08493209128979]]]}, "properties": {"OBJECTID": 2, "density": "h", "Hectares": 0.0159162851174, "Acres": 0.0393299970548, "Year_": "2015", "comments": ""}}, {"type": "Feature", "geometry": {"type": "Polygon", "coordinates": [[[-70.72654022932738, 43.084502805596195], [-70.72641260225988, 43.08446154331965], [-70.72643618654193, 43.084395055265546], [-70.72651227776092, 43.084410309828904], [-70.72668591625552, 43.084482023326814], [-70.72676847325017, 43.08451183596731], [-70.72686884737973, 43.08452550833945], [-70.72697481272245, 43.0845605737679], [-70.72720131885683, 43.08467055963761], [-70.72737409752088, 43.08472542488966], [-70.7277591365892, 43.08477919535066], [-70.72799357654903, 43.08481458661371], [-70.72835407428177, 43.0848609623948], [-70.72832527602228, 43.084903643035226], [-70.7279599512762, 43.08488873756658], [-70.72751925097783, 43.084823103267134], [-70.72730281703579, 43.08478148123754], [-70.72711569161838, 43.08471569079138], [-70.72694798060853, 43.084646747801585], [-70.72675309781293, 43.084582503435854], [-70.72654022932738, 43.084502805596195]]]}, "properties": {"OBJECTID": 3, "density": "h", "Hectares": 0.133387164173, "Acres": 0.329606860858, "Year_": "2015", "comments": ""}}, {"type": "Feature", "geometry": {"type": "Polygon", "coordinates": [[[-70.72365338889897, 43.08341403439384], [-70.72362104338286, 43.08335971517636], [-70.7236304671213, 43.083297298518495], [-70.72371930932376, 43.08332210987682], [-70.72385826110737, 43.08338075239138], [-70.72399398022527, 43.08349381862176], [-70.72415069673778, 43.083672294743664], [-70.72448145890893, 43.08378007606373], [-70.72471927477966, 43.0838719272914], [-70.72486478979798, 43.0839177818649], [-70.7251102236249, 43.084000312640256], [-70.72528733124011, 43.08408797788931], [-70.72544970710017, 43.08413330071304], [-70.72577799462759, 43.08426105491948], [-70.72592094155297, 43.08434868313219], [-70.72604251043809, 43.084406765103346], [-70.72602712464507, 43.08444506903759], [-70.72590652442575, 43.0844298568999], [-70.72583433978619, 43.084399763457355], [-70.7257089923874, 43.08433549671884], [-70.72531530880792, 43.0841735132566], [-70.72494259715242, 43.084014873191435], [-70.72445852900378, 43.08388018908156], [-70.72418071462471, 43.083760166903446], [-70.72395041679438, 43.08363669725895], [-70.72378991708874, 43.08353358146435], [-70.72365338889897, 43.08341403439384]]]}, "properties": {"OBJECTID": 4, "density": "sb", "Hectares": 0.221063198446, "Acres": 0.546259059803, "Year_": "2015", "comments": ""}}, {"type": "Feature", "geometry": {"type": "Polygon", "coordinates": [[[-70.72605028563558, 43.082499727735595], [-70.72613693575941, 43.082557681902635], [-70.72613459821656, 43.08259568804224], [-70.7260695923493, 43.08259705934158], [-70.72601039630742, 43.08255846546367], [-70.72601132905235, 43.0824975027635], [-70.7259443955273, 43.08245503487737], [-70.72594045132064, 43.08237307281481], [-70.72609268264502, 43.08227715223079], [-70.72614378307055, 43.08216515698238], [-70.72620741299812, 43.0820837503241], [-70.72624914359758, 43.08207456692652], [-70.72624006429851, 43.08215832758283], [-70.7261897890314, 43.082268574349364], [-70.7261013057963, 43.082317862523816], [-70.7260433629122, 43.082442510827214], [-70.72605028563558, 43.082499727735595]]]}, "properties": {"OBJECTID": 5, "density": "h", "Hectares": 0.0416260265732, "Acres": 0.102860151753, "Year_": "2015", "comments": ""}}, {"type": "Feature", "geometry": {"type": "Polygon", "coordinates": [[[-70.7197794532504, 43.08290561127407], [-70.71985516624251, 43.08284193323836], [-70.71995358435788, 43.08278082392162], [-70.71999334024453, 43.08273113739295], [-70.71997309185855, 43.08256901625858], [-70.71992582719436, 43.082473358854266], [-70.71992020929089, 43.08241615237778], [-70.72000230954669, 43.08235967073462], [-70.72013864903654, 43.082367944052464], [-70.72027141087912, 43.08239762216659], [-70.72045706829802, 43.08236819572609], [-70.72056238616318, 43.082280944751574], [-70.72073165400178, 43.08226090961724], [-70.72079068183722, 43.082225672119584], [-70.72081083403978, 43.08218296870114], [-70.72089260346718, 43.08214791913057], [-70.72099054325912, 43.08211776677493], [-70.72112418274726, 43.082090291154145], [-70.72120481660579, 43.08212906469283], [-70.72122009189056, 43.08221142028982], [-70.72121506600013, 43.08230777482511], [-70.72114212673087, 43.082402438503884], [-70.72092558122104, 43.082538786211835], [-70.72078773906642, 43.082628150484624], [-70.72068957850973, 43.0826725908363], [-70.72053954587831, 43.0827094567664], [-70.72033712916976, 43.08277208836586], [-70.72024159388188, 43.08285703822017], [-70.72006549618993, 43.08289845157178], [-70.71993517686629, 43.08292118978684], [-70.71980825195384, 43.08293442957641], [-70.7197794532504, 43.08290561127407]]]}, "properties": {"OBJECTID": 6, "density": "sb", "Hectares": 0.481935436381, "Acres": 1.19088839849, "Year_": "2015", "comments": ""}}, {"type": "Feature", "geometry": {"type": "Polygon", "coordinates": [[[-70.72281553490122, 43.079476840247374], [-70.72278958227022, 43.0794520599658], [-70.72279014789278, 43.079415213966634], [-70.7228527846445, 43.079389409101715], [-70.72292484562657, 43.079360278431885], [-70.72301535869984, 43.07934472304196], [-70.72329271638019, 43.07934916587041], [-70.72337457292072, 43.07940038905818], [-70.72344326230663, 43.0794416568239], [-70.7234845039205, 43.07948851603103], [-70.7234136596921, 43.07953175445594], [-70.72337411659962, 43.07953002784081], [-70.72312832875123, 43.079521649893124], [-70.72297530791056, 43.07949745920173], [-70.72281553490122, 43.079476840247374]]]}, "properties": {"OBJECTID": 7, "density": "sb", "Hectares": 0.0858351242332, "Acres": 0.212103211169, "Year_": "2015", "comments": ""}}, {"type": "Feature", "geometry": {"type": "Polygon", "coordinates": [[[-70.68906439793524, 43.06238622374395], [-70.68871894442904, 43.062049836521076], [-70.68829206525926, 43.06193186723517], [-70.68689317679735, 43.06197792446536], [-70.68694879346751, 43.06171459796868], [-70.68654189192026, 43.06115856378506], [-70.68667695589826, 43.06083581234509], [-70.68733103195484, 43.06055561022035], [-70.6876253894834, 43.06036863630686], [-70.68811015780403, 43.06058132921441], [-70.68865199725224, 43.06057518382304], [-70.68873406731763, 43.06074051371718], [-70.68867268216354, 43.06110832562989], [-70.68878488477444, 43.061401580001586], [-70.6892436322214, 43.06155792614042], [-70.68981167713844, 43.06137700618212], [-70.69017889311228, 43.06116102609003], [-70.69036658120375, 43.060795849190114], [-70.6903463435504, 43.060433660892805], [-70.69008895332802, 43.06027903684099], [-70.68976487285052, 43.060233400500735], [-70.6895496141478, 43.060002921930014], [-70.68929955550773, 43.059795962167016], [-70.68986199570057, 43.05955783293018], [-70.69016441007659, 43.05932457735193], [-70.69078496898933, 43.05885082019376], [-70.69134023545496, 43.05836611168559], [-70.69153477304725, 43.05835132276292], [-70.69209461412058, 43.058033318767535], [-70.69294674359725, 43.05771098708068], [-70.69372586810033, 43.057687543318316], [-70.69428257063747, 43.057846075779466], [-70.69475873834855, 43.058029623842764], [-70.69494654892458, 43.058360392271766], [-70.69469361787657, 43.058614302081125], [-70.69384994340726, 43.05889545344399], [-70.69349378622292, 43.059235387165934], [-70.69360550095132, 43.05956500916268], [-70.6939922728352, 43.05975406799051], [-70.69315213576851, 43.05988982418984], [-70.6931050257612, 43.060403866831884], [-70.69250960394247, 43.061004647013], [-70.69209806871189, 43.06155845542445], [-70.69147708352028, 43.061800859399845], [-70.6907837246936, 43.061895932021585], [-70.69027134049864, 43.062472742295824], [-70.68949037401043, 43.06256134258693], [-70.68906439793524, 43.06238622374395]]]}, "properties": {"OBJECTID": 8, "density": "sb", "Hectares": 14.790208161, "Acres": 36.5474002961, "Year_": "2015", "comments": ""}}, {"type": "Feature", "geometry": {"type": "Polygon", "coordinates": [[[-70.71200035322015, 43.05900709463001], [-70.7121004208131, 43.05896214722878], [-70.7122529575027, 43.05896183436325], [-70.71231419265627, 43.059019232538525], [-70.71226227188681, 43.059118409514745], [-70.71214491843195, 43.059201742454434], [-70.71197083403516, 43.05926601636719], [-70.71187052149823, 43.059247047489826], [-70.7118655897474, 43.05909685411269], [-70.71200035322015, 43.05900709463001]]]}, "properties": {"OBJECTID": 9, "density": "sb", "Hectares": 0.0819700366547, "Acres": 0.202552371764, "Year_": "2015", "comments": ""}}, {"type": "Feature", "geometry": {"type": "Polygon", "coordinates": [[[-70.74061028231466, 43.07930036862693], [-70.7405833010426, 43.07938572741091], [-70.74054197890231, 43.079413385197924], [-70.74044114908153, 43.07940202553301], [-70.74028904740153, 43.079421451992715], [-70.74021627821996, 43.07942086285062], [-70.740146766186, 43.079376477632266], [-70.73988716028725, 43.079355321669084], [-70.73974840031319, 43.079394483416955], [-70.7397328435829, 43.07930418494903], [-70.73973149613484, 43.07925655566304], [-70.7398339735045, 43.07920258230984], [-70.7398950418407, 43.07918510706914], [-70.73994426451425, 43.07918811437947], [-70.7400950596141, 43.07918552515895], [-70.74021212700205, 43.07917885140188], [-70.74033670287683, 43.07919129195865], [-70.74051579872845, 43.07920798403297], [-70.74059584917413, 43.07924292794187], [-70.74061028231466, 43.07930036862693]]]}, "properties": {"OBJECTID": 10, "density": "h", "Hectares": 0.150063531474, "Acres": 0.370815061891, "Year_": "2015", "comments": ""}}, {"type": "Feature", "geometry": {"type": "Polygon", "coordinates": [[[-70.87379535285818, 43.092134552995056], [-70.87371587886985, 43.09218931342426], [-70.87350717848837, 43.09229068579159], [-70.8731813804491, 43.09248512515051], [-70.87308850587928, 43.09259177005721], [-70.87303182933945, 43.09249664431477], [-70.87297079319823, 43.09226014453458], [-70.87293414580931, 43.092010689579254], [-70.87290320202743, 43.09182604776949], [-70.87291034004097, 43.09174563031892], [-70.87305426217976, 43.09176859154768], [-70.87321409454408, 43.091848295489164], [-70.87350488498807, 43.09197892162937], [-70.87379535285818, 43.092134552995056]]]}, "properties": {"OBJECTID": 11, "density": "h", "Hectares": 0.33600976642, "Acres": 0.830298215079, "Year_": "2015", "comments": ""}}, {"type": "Feature", "geometry": {"type": "Polygon", "coordinates": [[[-70.87325744757855, 43.09150179023486], [-70.87340776497044, 43.091636738173484], [-70.87355255640081, 43.09173243580751], [-70.87360290999226, 43.09179073070608], [-70.87356829397245, 43.091828463972575], [-70.8734632536083, 43.091807143863825], [-70.87318265157981, 43.091723665654044], [-70.87294037238031, 43.09156515973102], [-70.87277969274034, 43.09146118125261], [-70.87267213464229, 43.09137469757708], [-70.87273273850617, 43.09130411087568], [-70.8728404327404, 43.09118672033218], [-70.87307236982593, 43.09134750146312], [-70.87325744757855, 43.09150179023486]]]}, "properties": {"OBJECTID": 12, "density": "h", "Hectares": 0.182407381479, "Acres": 0.450738455827, "Year_": "2015", "comments": ""}}, {"type": "Feature", "geometry": {"type": "Polygon", "coordinates": [[[-70.87999520681997, 43.08021237074121], [-70.87994891342441, 43.08016456812122], [-70.87999610957009, 43.080110617418065], [-70.88006595805874, 43.080078887141504], [-70.8801517723777, 43.080037797773706], [-70.88022536654792, 43.07999960118754], [-70.8803029058367, 43.079970363056006], [-70.88046580343602, 43.07993575770019], [-70.8805637243528, 43.07990070486115], [-70.88071007340704, 43.07988980191689], [-70.88075022698285, 43.07992580236742], [-70.88047659454344, 43.08009446260692], [-70.88033508582079, 43.08015750159608], [-70.8801639048831, 43.08020428031013], [-70.87999520681997, 43.08021237074121]]]}, "properties": {"OBJECTID": 13, "density": "sb", "Hectares": 0.101138286188, "Acres": 0.249918147894, "Year_": "2015", "comments": ""}}, {"type": "Feature", "geometry": {"type": "Polygon", "coordinates": [[[-70.86054094116108, 43.079946101179466], [-70.86035440972907, 43.07983411858718], [-70.8602416770453, 43.07978999857487], [-70.86019294333516, 43.07972918236569], [-70.86018140600154, 43.079666663245106], [-70.86020803288626, 43.07960588305627], [-70.86026484928202, 43.07957586794898], [-70.86036384787418, 43.07957043456732], [-70.86050306948596, 43.079569119160915], [-70.86070841682508, 43.07963652128602], [-70.86092765958983, 43.07966895604618], [-70.8611485767813, 43.07972910370186], [-70.86116770065163, 43.079785328199385], [-70.86107631902651, 43.079857498862715], [-70.86086859594225, 43.07993137520466], [-70.86066447639358, 43.079944184483686], [-70.86054094116108, 43.079946101179466]]]}, "properties": {"OBJECTID": 14, "density": "h", "Hectares": 0.225550481682, "Acres": 0.557347378162, "Year_": "2015", "comments": ""}}, {"type": "Feature", "geometry": {"type": "Polygon", "coordinates": [[[-70.90349321162076, 43.05962607666452], [-70.90356318623209, 43.05974562778362], [-70.90360658790911, 43.05991263564376], [-70.90366906181352, 43.060113113615905], [-70.90378982036687, 43.06032827111117], [-70.90413616763018, 43.06068687959829], [-70.90449242401007, 43.060770229843065], [-70.90488853972283, 43.06078239472469], [-70.90559662387045, 43.06078234244166], [-70.90594142307053, 43.0607417647487], [-70.90617056043595, 43.06067446481108], [-70.90617613688863, 43.06067282666499], [-70.90622686647174, 43.060773194478266], [-70.90634209270335, 43.06091114596637], [-70.90651417981172, 43.061179038317256], [-70.90650656689058, 43.06126949200563], [-70.90626340074768, 43.06149651804708], [-70.90600787648685, 43.061672017066414], [-70.9056497832478, 43.061841594501864], [-70.9051417005983, 43.061952535315044], [-70.90485341310755, 43.062045408235264], [-70.90457444507594, 43.062120241102356], [-70.90404642689958, 43.0622667690676], [-70.90369388138713, 43.06240732094999], [-70.90332025251334, 43.06267634105621], [-70.90296779170305, 43.06280974575549], [-70.90266475864497, 43.0628863189936], [-70.90245850878483, 43.06291161637004], [-70.90239502906265, 43.06279210801624], [-70.90242550931819, 43.06243029555596], [-70.90245067624487, 43.06197317967652], [-70.90249291625632, 43.06171052308231], [-70.90250087946514, 43.0615924450925], [-70.90252227137675, 43.061439207264094], [-70.90267963477412, 43.061322125876515], [-70.90292812696049, 43.061190410022824], [-70.90335856652273, 43.06105419135163], [-70.9035216554106, 43.060999071046204], [-70.90358094325124, 43.060932779579744], [-70.90311809685274, 43.0610630668296], [-70.90276614878863, 43.06115598501384], [-70.90255822755157, 43.06115936054307], [-70.90247419760738, 43.06112545556798], [-70.90252623364682, 43.06059706849835], [-70.90261216553465, 43.05995458686697], [-70.9028009626852, 43.05992155100739], [-70.90312721785641, 43.059804643828855], [-70.90333619685241, 43.059715533706715], [-70.90349321162076, 43.05962607666452]]]}, "properties": {"OBJECTID": 15, "density": "h", "Hectares": 6.14244801148, "Acres": 15.1783195902, "Year_": "2015", "comments": ""}}, {"type": "Feature", "geometry": {"type": "Polygon", "coordinates": [[[-70.8860724417307, 43.06944738371142], [-70.88610475589329, 43.06938189409908], [-70.8862411516297, 43.06932603945777], [-70.88663600830677, 43.069220305327846], [-70.88705611928893, 43.06913742687392], [-70.88753941706084, 43.0690659941882], [-70.88790091001752, 43.068932015472605], [-70.88834405908162, 43.0688115884673], [-70.88888355553783, 43.068653843990234], [-70.88915865447657, 43.06856512291792], [-70.88943222658223, 43.06850982103997], [-70.8896677357639, 43.06852782223335], [-70.88979223718297, 43.06855513589568], [-70.88980098988873, 43.068633791187764], [-70.88955301902845, 43.068761994617006], [-70.88920046221641, 43.06892263456729], [-70.88883075732147, 43.069053773771], [-70.88847547514604, 43.06912511306346], [-70.88813643302484, 43.06919618637105], [-70.88782265579337, 43.06929662468947], [-70.88741883317253, 43.06937471279075], [-70.88700844757186, 43.06944442284927], [-70.88651016446308, 43.06948837809172], [-70.88629913632361, 43.06949483542385], [-70.88616506470734, 43.06949406778418], [-70.88608995010061, 43.06948879087715], [-70.8860724417307, 43.06944738371142]]]}, "properties": {"OBJECTID": 16, "density": "h", "Hectares": 0.991138243981, "Acres": 2.44915593866, "Year_": "2015", "comments": ""}}, {"type": "Feature", "geometry": {"type": "Polygon", "coordinates": [[[-70.88525761505518, 43.06849548656802], [-70.88525168407982, 43.068488495915524], [-70.88589132246415, 43.06830851948822], [-70.88654579327395, 43.068146079437454], [-70.88694331327983, 43.06805527446335], [-70.88692610297024, 43.06805930154284], [-70.88844911275307, 43.067954399642666], [-70.88936492041931, 43.06797491408171], [-70.88875750475002, 43.06822800884755], [-70.88826810451687, 43.06839616183485], [-70.88760366013301, 43.06853454100536], [-70.8868423097495, 43.06862938574547], [-70.88610631071174, 43.0687229697842], [-70.88570957041065, 43.06880743281212], [-70.88539331682003, 43.06884671485768], [-70.885394677968, 43.06873954903734], [-70.88535755383279, 43.068613289965036], [-70.88525761505518, 43.06849548656802]]]}, "properties": {"OBJECTID": 17, "density": "h", "Hectares": 1.53022456133, "Acres": 3.78126723958, "Year_": "2015", "comments": ""}}, {"type": "Feature", "geometry": {"type": "Polygon", "coordinates": [[[-70.86839434212817, 43.08938886214404], [-70.86850336638997, 43.08936492410976], [-70.8686181776932, 43.089416955624365], [-70.86877748498182, 43.089515855306914], [-70.86885557779918, 43.08960315350883], [-70.86895964822645, 43.089707977014214], [-70.86900014216769, 43.089791432166145], [-70.86898621501395, 43.089852804218296], [-70.86893550632628, 43.08988232518257], [-70.86875856918667, 43.08986424776455], [-70.86863208739183, 43.08982984292509], [-70.86851557835257, 43.089766713230716], [-70.86841645440256, 43.089707010979986], [-70.86832446984654, 43.08962804194721], [-70.86831188974756, 43.08947076395728], [-70.86839434212817, 43.08938886214404]]]}, "properties": {"OBJECTID": 18, "density": "h", "Hectares": 0.193097571116, "Acres": 0.477154489709, "Year_": "2015", "comments": ""}}, {"type": "Feature", "geometry": {"type": "Polygon", "coordinates": [[[-70.72838429929404, 43.07638123555945], [-70.7283662618133, 43.07628582118198], [-70.72840964554402, 43.076147248250685], [-70.7284505642237, 43.076037756313646], [-70.7285356868297, 43.0759515943148], [-70.72864516452724, 43.07589275007985], [-70.728627941625, 43.075956913522056], [-70.7286245881299, 43.07601656474303], [-70.72861178007582, 43.076115870555284], [-70.72856144379573, 43.07630784247935], [-70.7285132786888, 43.07638009669498], [-70.72851026313734, 43.076429902044865], [-70.7284213381567, 43.07642415636497], [-70.72838429929404, 43.07638123555945]]]}, "properties": {"OBJECTID": 19, "density": "h", "Hectares": 0.0747937382549, "Acres": 0.184819352228, "Year_": "2015", "comments": ""}}, {"type": "Feature", "geometry": {"type": "Polygon", "coordinates": [[[-70.90116032107767, 43.06593130440012], [-70.90160768094907, 43.06561200359069], [-70.90208106566934, 43.0653050847064], [-70.90268503565656, 43.06493043069278], [-70.90336068411536, 43.06519216190074], [-70.90386565309586, 43.06533485717392], [-70.90410527226118, 43.065380978941654], [-70.90416161199396, 43.06555283541169], [-70.9042764173681, 43.065725082275485], [-70.90429484334854, 43.06581094555374], [-70.90405743897207, 43.066095165433374], [-70.90385865531967, 43.06640822332293], [-70.90386611700097, 43.06647628306501], [-70.90375077899769, 43.06673988120268], [-70.90346894084962, 43.06707024746537], [-70.90345671509189, 43.067270227093864], [-70.90314218625174, 43.06748605382646], [-70.90288023535678, 43.06778404010588], [-70.90289604306129, 43.068080665474874], [-70.9030775104157, 43.06837839635057], [-70.90288056700003, 43.06841755423614], [-70.90267931053424, 43.06826856342079], [-70.9023956114139, 43.06796336105496], [-70.9020251519057, 43.06758219865945], [-70.90176905413075, 43.06740900526066], [-70.90137263934571, 43.067156277978384], [-70.90166078192497, 43.066711638370585], [-70.90171312146015, 43.066536803072594], [-70.90153844746223, 43.06631512242177], [-70.90116032107767, 43.06593130440012]]]}, "properties": {"OBJECTID": 20, "density": "p", "Hectares": 5.28506984744, "Acres": 13.0596920073, "Year_": "2015", "comments": ""}}, {"type": "Feature", "geometry": {"type": "Polygon", "coordinates": [[[-70.87095859075998, 43.091110167063945], [-70.87105607246359, 43.09111084489114], [-70.87121777186691, 43.091171510951916], [-70.8713630695103, 43.09124397098549], [-70.8715570333488, 43.09132272265357], [-70.8717330510904, 43.091339721769266], [-70.87193147394537, 43.09144442384308], [-70.87206785036679, 43.09150564105023], [-70.87219959473494, 43.09158553212788], [-70.87229852150051, 43.091639150949426], [-70.87236244282404, 43.091703478026616], [-70.87240991140112, 43.0917548312043], [-70.8724486349019, 43.091778911874336], [-70.87245798308223, 43.091826433111486], [-70.87241085680726, 43.09181150364152], [-70.8723615701135, 43.09177100635742], [-70.87232240995326, 43.091717802500355], [-70.87226067141796, 43.09167721783206], [-70.87218164369851, 43.09162556266274], [-70.87207110358804, 43.09156818234855], [-70.8719256106408, 43.09151060778114], [-70.8718201979617, 43.091494989682694], [-70.87169892228304, 43.09144949124082], [-70.87156195738099, 43.09139857811995], [-70.87142060264094, 43.0913519649892], [-70.87133681854249, 43.09132730973924], [-70.87119800201543, 43.09127706293214], [-70.87112570300911, 43.09123857451783], [-70.87101646350104, 43.09121226129467], [-70.87088069534707, 43.09118302609504], [-70.87089850787567, 43.09114919509073], [-70.87095859075998, 43.091110167063945]]]}, "properties": {"OBJECTID": 21, "density": "h", "Hectares": 0.117674184772, "Acres": 0.290779243168, "Year_": "2015", "comments": ""}}, {"type": "Feature", "geometry": {"type": "Polygon", "coordinates": [[[-70.86930650872928, 43.08939610231117], [-70.86951906851257, 43.0891508956569], [-70.86959853366355, 43.08903712904022], [-70.8697817286959, 43.08894313755609], [-70.87009501699734, 43.088840525089694], [-70.87045942957114, 43.08880495487491], [-70.87076304655204, 43.08881341770011], [-70.87096570006032, 43.08885611015988], [-70.87122314916655, 43.08891664806582], [-70.87139725427967, 43.08902265201394], [-70.87170099120314, 43.089289922357196], [-70.87183288740589, 43.08951058717299], [-70.8720856127228, 43.089702241657506], [-70.87239323880057, 43.090037811483626], [-70.87270194622793, 43.090155861920074], [-70.87266323082329, 43.09026832646032], [-70.87259676668995, 43.09038218540664], [-70.87251656680846, 43.090553109058675], [-70.872344521521, 43.0907900824748], [-70.87217456940587, 43.09086511632263], [-70.87205882877291, 43.09092803938419], [-70.87204191641992, 43.090937233180824], [-70.87185120819336, 43.09088353745389], [-70.87171033857945, 43.09082854847131], [-70.87154543491775, 43.09078138302073], [-70.87127355082148, 43.090697325187165], [-70.87076863717697, 43.090540196926966], [-70.87019218989548, 43.09026110294194], [-70.86966638630642, 43.08983588496844], [-70.86940211701064, 43.08954109814757], [-70.86930650872928, 43.08939610231117]]]}, "properties": {"OBJECTID": 22, "density": "sb", "Hectares": 3.8020769529, "Acres": 9.39513675814, "Year_": "2015", "comments": ""}}, {"type": "Feature", "geometry": {"type": "Polygon", "coordinates": [[[-70.87180604309539, 43.08776677664487], [-70.8716508200347, 43.087708538205305], [-70.87153458776193, 43.08765057049749], [-70.87130036750305, 43.08767037731541], [-70.87113484218115, 43.08765493664278], [-70.87099763565459, 43.08771114277281], [-70.870782909036, 43.08773108497661], [-70.8705519178653, 43.087747605536315], [-70.87048082432914, 43.08772183802901], [-70.87020937174493, 43.08760562875841], [-70.87006454572055, 43.087497444994014], [-70.8700281478175, 43.087297131241705], [-70.87000066497801, 43.087161184207844], [-70.86993372795114, 43.08706068798002], [-70.86987626145694, 43.086981692247164], [-70.86978945937429, 43.086909637659964], [-70.87005393870777, 43.086811448988016], [-70.87022985628874, 43.086776948010396], [-70.87023254717066, 43.08677637713491], [-70.8703847066828, 43.08686376584434], [-70.87059785629266, 43.086965279991254], [-70.87066553441454, 43.08700862088141], [-70.87080088971705, 43.087095302534415], [-70.87096604352926, 43.08713932115992], [-70.8711117937132, 43.08717606008352], [-70.87129745992677, 43.08714162524301], [-70.87145332817023, 43.08714985400643], [-70.87164707908481, 43.08724408502164], [-70.87178188198457, 43.08737363265349], [-70.87191723967702, 43.08746031299936], [-70.87198454983533, 43.08753223060325], [-70.87189608180172, 43.087588776280874], [-70.87180949028911, 43.087686063522305], [-70.87180604309539, 43.08776677664487]]]}, "properties": {"OBJECTID": 23, "density": "p", "Hectares": 1.05876619297, "Acres": 2.61626823999, "Year_": "2015", "comments": ""}}, {"type": "Feature", "geometry": {"type": "Polygon", "coordinates": [[[-70.87205882877291, 43.09092803938419], [-70.87217456940587, 43.09086511632263], [-70.872344521521, 43.0907900824748], [-70.87251656680846, 43.090553109058675], [-70.87259676668995, 43.09038218540664], [-70.87266323082329, 43.09026832646032], [-70.87270194622793, 43.090155861920074], [-70.87239323880057, 43.090037811483626], [-70.8720856127228, 43.089702241657506], [-70.87183288740589, 43.08951058717299], [-70.87170099120314, 43.089289922357196], [-70.87139725427967, 43.08902265201394], [-70.87122314916655, 43.08891664806582], [-70.87096570006032, 43.08885611015988], [-70.87076304655204, 43.08881341770011], [-70.87045942957114, 43.08880495487491], [-70.87009501699734, 43.088840525089694], [-70.8697817286959, 43.08894313755609], [-70.86959853366355, 43.08903712904022], [-70.86951906851257, 43.0891508956569], [-70.86930650872928, 43.08939610231117], [-70.86907756203489, 43.089183941586576], [-70.86891379500028, 43.0890327543045], [-70.8685764015533, 43.08876988124703], [-70.86829733391542, 43.08848927773954], [-70.86804401363507, 43.088272674509064], [-70.86785425187747, 43.08804649385456], [-70.86777775486439, 43.08793163962184], [-70.8677501838871, 43.08780283691389], [-70.86778063325328, 43.08771016389301], [-70.86784023434535, 43.08762483983693], [-70.86806647075633, 43.087469227797065], [-70.86818539187861, 43.08732001197323], [-70.86843130690413, 43.0871502473913], [-70.86871667554279, 43.086945031888284], [-70.86900074439684, 43.086839836792535], [-70.86908986283399, 43.0867332832367], [-70.86930616063059, 43.08659188946935], [-70.86946369612454, 43.086471522310674], [-70.86970923498343, 43.0863303314859], [-70.86992534473669, 43.08620322615441], [-70.87019572890523, 43.08607985488934], [-70.87039010143219, 43.085924969680676], [-70.87059571733228, 43.08590544190409], [-70.87074445398711, 43.086062714507385], [-70.87077428893674, 43.08616771586991], [-70.87077033258045, 43.08627248219663], [-70.87104231345425, 43.08614671571105], [-70.87121352227608, 43.08617458041814], [-70.87141424096374, 43.08619919874819], [-70.8713117038161, 43.08622099097779], [-70.87124313621574, 43.0862967281554], [-70.87118484161078, 43.08638206309219], [-70.87112855482832, 43.0865131409472], [-70.8710935058085, 43.08661006946298], [-70.87111102113296, 43.086674058435754], [-70.87097223953, 43.08666064698413], [-70.87075834909423, 43.08661628938874], [-70.8706408245236, 43.08665834197114], [-70.87042536239086, 43.08673543850461], [-70.87023254717066, 43.08677637713491], [-70.87022985628874, 43.086776948010396], [-70.87005393870777, 43.086811448988016], [-70.86978945937429, 43.086909637659964], [-70.86987626145694, 43.086981692247164], [-70.86993372795114, 43.08706068798002], [-70.87000066497801, 43.087161184207844], [-70.8700281478175, 43.087297131241705], [-70.87006454572055, 43.087497444994014], [-70.87020937174493, 43.08760562875841], [-70.87048082432914, 43.08772183802901], [-70.8705519178653, 43.087747605536315], [-70.8707622112081, 43.08782382662776], [-70.87094575245408, 43.08795371331891], [-70.8710792608506, 43.088183282030066], [-70.87115567067762, 43.08830527891288], [-70.8714270369476, 43.0884286307913], [-70.8716494800604, 43.08856593215356], [-70.87174529467795, 43.088695208015196], [-70.87181995113802, 43.088952947928924], [-70.8721198257477, 43.08913365536501], [-70.87240112952183, 43.08924278390132], [-70.87262551591134, 43.08923005116308], [-70.87296650769972, 43.0892467068893], [-70.87328745062867, 43.089306092659506], [-70.8734619906922, 43.089378752795135], [-70.87347991919731, 43.089500342705335], [-70.87346805138898, 43.08966459613369], [-70.87352460308739, 43.089815033796], [-70.87351208876035, 43.09002929735925], [-70.8734603068066, 43.09026472419896], [-70.87341817969825, 43.090507363395496], [-70.8733272188258, 43.09075680856631], [-70.87304498891854, 43.090920403262096], [-70.87281456859455, 43.09102240778734], [-70.87263381198063, 43.091053306394954], [-70.87240004067596, 43.09103739396185], [-70.87215426348475, 43.09099526608732], [-70.87205882877291, 43.09092803938419]]]}, "properties": {"OBJECTID": 24, "density": "h", "Hectares": 7.92410795614, "Acres": 19.5808971929, "Year_": "2015", "comments": ""}}, {"type": "Feature", "geometry": {"type": "Polygon", "coordinates": [[[-70.87337276937939, 43.087227481580115], [-70.87333562320435, 43.08708432378178], [-70.87334712196176, 43.08694864779084], [-70.87337784028362, 43.08683454053054], [-70.87348681488692, 43.08669954023835], [-70.87364517082408, 43.0865148674242], [-70.8738021436148, 43.08643735956869], [-70.8739400818093, 43.08632399500944], [-70.87415774991923, 43.08607542676677], [-70.87431647057089, 43.08586217456477], [-70.8745644814777, 43.08552807543833], [-70.87466333507392, 43.085421583993536], [-70.87477984224451, 43.08545811584888], [-70.8748569002996, 43.08553009924703], [-70.87495253427181, 43.08567366127348], [-70.87495133812675, 43.085766538649274], [-70.87506977806966, 43.085653037804676], [-70.87522766665765, 43.08550408415543], [-70.87538445096615, 43.085440862839086], [-70.87552026930021, 43.08549181750828], [-70.87573333212285, 43.08560046608126], [-70.87575963209915, 43.08582928836292], [-70.87570777058457, 43.08607186131768], [-70.87556854902232, 43.08628524935368], [-70.87530168929283, 43.08656920561158], [-70.87519152307146, 43.08679708413304], [-70.87501468803428, 43.08690303653613], [-70.87467251197576, 43.08697926435544], [-70.87453466447205, 43.08708548494875], [-70.87443571585491, 43.08719912105478], [-70.87425869418423, 43.087319360114215], [-70.87415018068768, 43.087418639704936], [-70.87413840727066, 43.08757574845441], [-70.8739911789839, 43.08765332425657], [-70.8738348483343, 43.08768082126082], [-70.87369957959123, 43.087586998336896], [-70.87359447519691, 43.08742193418417], [-70.87337276937939, 43.087227481580115]]]}, "properties": {"OBJECTID": 25, "density": "p", "Hectares": 2.52183587463, "Acres": 6.23159215798, "Year_": "2015", "comments": ""}}, {"type": "Feature", "geometry": {"type": "Polygon", "coordinates": [[[-70.87899802686896, 43.082314238979116], [-70.87876464640914, 43.08235480838651], [-70.8785858022427, 43.082365485041976], [-70.87842388945593, 43.08232269062412], [-70.87831921476909, 43.08225051843138], [-70.87824725940479, 43.082160710606445], [-70.8782651834209, 43.08202984101077], [-70.87833138355958, 43.08193503045763], [-70.8784221783569, 43.08182252650886], [-70.87854668370575, 43.081614987120744], [-70.87877677742728, 43.081408174647706], [-70.87903131149507, 43.08119557537116], [-70.87935787678418, 43.081066830471286], [-70.87966030258717, 43.0809200558361], [-70.87977500420347, 43.080843439869405], [-70.87990472942059, 43.08086219464331], [-70.88002618095307, 43.0808928006139], [-70.88022065546988, 43.08092986290375], [-70.88038309884868, 43.08093097921253], [-70.88056247264248, 43.080878623258144], [-70.88072590401026, 43.08080234198531], [-70.88088933621395, 43.08072605958319], [-70.88111660434639, 43.08073952819411], [-70.88131161138915, 43.08073491306436], [-70.88148210090887, 43.08074203669425], [-70.88173396271914, 43.08073781094911], [-70.88196950570794, 43.08073942640614], [-70.88216466464493, 43.08072290174306], [-70.88235959564417, 43.08072423796603], [-70.88249714035817, 43.0807668598377], [-70.88257752670437, 43.08083290724513], [-70.88260925688151, 43.08089266576204], [-70.88250321285315, 43.080927664679976], [-70.88238092459626, 43.080962552165495], [-70.88221779742481, 43.081015021446866], [-70.88196471874377, 43.081114507472], [-70.88181001628067, 43.08114321750188], [-70.88163117610084, 43.08115389895131], [-70.88154130045082, 43.08119496155488], [-70.88145157552002, 43.08122411690201], [-70.88140223468127, 43.08127141209588], [-70.88131228142738, 43.08131842854562], [-70.88113306033463, 43.08135887759969], [-70.88089382585673, 43.081434143856455], [-70.88043410759524, 43.081812054527134], [-70.88002646986061, 43.081928336966214], [-70.87969959774843, 43.08208089807714], [-70.87942160854686, 43.08222188724175], [-70.87899802686896, 43.082314238979116]]]}, "properties": {"OBJECTID": 26, "density": "p", "Hectares": 2.90225647328, "Acres": 7.17163192946, "Year_": "2015", "comments": ""}}, {"type": "Feature", "geometry": {"type": "Polygon", "coordinates": [[[-70.87413974328874, 43.08488863174247], [-70.87417438248384, 43.08472215399225], [-70.87430541980996, 43.08463970215087], [-70.87433707414145, 43.0844737005632], [-70.8743398364826, 43.08425936827689], [-70.8744635934057, 43.08411137111824], [-70.87457845961873, 43.08402285334282], [-70.87474144779905, 43.083982301345834], [-70.87494772607937, 43.083965369978834], [-70.8750599094355, 43.084085230028116], [-70.87524046407661, 43.084152471442614], [-70.87549165051901, 43.084201842190836], [-70.8756853678579, 43.08429844800245], [-70.87595078809612, 43.084293832738005], [-70.87642174639957, 43.084308994334634], [-70.87692550083429, 43.08430056391681], [-70.87710682283439, 43.08430826481982], [-70.87731141692198, 43.084190593302154], [-70.87757821338083, 43.084078807138255], [-70.87803552105714, 43.08389142563146], [-70.87839382908624, 43.083822444290085], [-70.87878416942911, 43.083789407023076], [-70.87905926760746, 43.08387466012176], [-70.87920455874819, 43.08394711023513], [-70.87929401504532, 43.08415066412163], [-70.87919952559508, 43.084340052036055], [-70.87888598326747, 43.08471896210734], [-70.87857457532095, 43.08493116923184], [-70.87842500773885, 43.085192123287285], [-70.87831220622111, 43.085119896037384], [-70.878069593894, 43.08503486503895], [-70.87773012137802, 43.08490153291609], [-70.8772764735337, 43.08480313773905], [-70.87680505345548, 43.084823701104675], [-70.87628566073316, 43.084784390126984], [-70.87584703706656, 43.08478135964766], [-70.87540749391995, 43.08484977129558], [-70.87477331140035, 43.08489301802097], [-70.87413974328874, 43.08488863174247]]]}, "properties": {"OBJECTID": 27, "density": "p", "Hectares": 3.37048523704, "Acres": 8.32865040229, "Year_": "2015", "comments": ""}}, {"type": "Feature", "geometry": {"type": "Polygon", "coordinates": [[[-70.88678986737179, 43.07771425360437], [-70.8867506933228, 43.07760085620103], [-70.88680025360583, 43.07753569826697], [-70.88688305641571, 43.07741122390114], [-70.886989393864, 43.07735240643591], [-70.88712100215874, 43.077222310753776], [-70.88723508268282, 43.07719331682864], [-70.88732464811974, 43.077176064059984], [-70.8874390302357, 43.07712325552668], [-70.8876592958515, 43.077047350383495], [-70.88784662234796, 43.07700694622519], [-70.88803357167278, 43.0769963102174], [-70.8882046534753, 43.07695579493638], [-70.88852200042514, 43.07691031954252], [-70.88889514521314, 43.076948581038955], [-70.88927648667034, 43.07698094333806], [-70.88939079151403, 43.07693408688988], [-70.88955375136105, 43.07689351442152], [-70.88977363751312, 43.07684737365032], [-70.889943666215, 43.07689020712884], [-70.89013738251984, 43.07698678858576], [-70.89018506051937, 43.07707047152702], [-70.89015144535202, 43.07715955649823], [-70.89015054317636, 43.07723100065395], [-70.8901494906358, 43.077314352017844], [-70.89010782947263, 43.07739742870847], [-70.89001804011374, 43.077432544029435], [-70.88978168193796, 43.07749643622854], [-70.88948019983377, 43.077571793882136], [-70.88930904186697, 43.07761826421205], [-70.88911291462739, 43.07771219933749], [-70.88862319965318, 43.077899405060116], [-70.88842805003672, 43.07791594082179], [-70.88817559703426, 43.0779678111057], [-70.88786674245861, 43.07798357230381], [-70.88765602910406, 43.07794641244874], [-70.88737221920847, 43.07790875533102], [-70.88716150519389, 43.077871594560804], [-70.88695929115279, 43.07780472120039], [-70.88678986737179, 43.07771425360437]]]}, "properties": {"OBJECTID": 28, "density": "p", "Hectares": 2.32209740018, "Acres": 5.73802763876, "Year_": "2015", "comments": ""}}, {"type": "Feature", "geometry": {"type": "Polygon", "coordinates": [[[-70.88101433386375, 43.07899056419077], [-70.88147962263608, 43.07817446038546], [-70.8817854354248, 43.07763353548696], [-70.88222434815303, 43.07684582673554], [-70.88259512038606, 43.07630534482181], [-70.88307141924919, 43.07564173654758], [-70.88362676451783, 43.07489292677577], [-70.88396764437637, 43.07465709058491], [-70.88424343086741, 43.074430335620285], [-70.88450537241415, 43.07427017200231], [-70.8848705385218, 43.07416787329812], [-70.8852609644089, 43.07412290616385], [-70.88583270274025, 43.07412680887389], [-70.88644281898321, 43.07417860424281], [-70.88681795516744, 43.07431453559834], [-70.88708901914985, 43.074459283178385], [-70.88747546372018, 43.07472866361763], [-70.88782401359876, 43.0749120444686], [-70.8880301123136, 43.075056347627175], [-70.88846950581585, 43.075249871007806], [-70.88853315167574, 43.075355097886955], [-70.88850571624883, 43.07546923180033], [-70.8882311476448, 43.07560073853467], [-70.8878504510219, 43.07590300395606], [-70.88747095644251, 43.07611000862627], [-70.88680461466684, 43.07639127053642], [-70.88634787282203, 43.07654058475987], [-70.88597054614247, 43.07657611763394], [-70.88564447333096, 43.0766691602174], [-70.88514971019247, 43.076741996206515], [-70.8845361785341, 43.07695691889283], [-70.88439032904715, 43.077184562802806], [-70.8842181250073, 43.077440607322565], [-70.88408272163633, 43.077868383884486], [-70.88389751993067, 43.078124338097716], [-70.88364904116698, 43.078246485818404], [-70.88323162560336, 43.07836747652155], [-70.88214815053092, 43.07864204418032], [-70.88101433386375, 43.07899056419077]]]}, "properties": {"OBJECTID": 29, "density": "p", "Hectares": 13.7485329212, "Acres": 33.9733647211, "Year_": "2015", "comments": ""}}, {"type": "Feature", "geometry": {"type": "Polygon", "coordinates": [[[-70.8845163845671, 43.06883357982731], [-70.88457557021742, 43.068777538773226], [-70.88470311806634, 43.06871023393603], [-70.88492838595106, 43.068622043074], [-70.88508511717647, 43.06855880876476], [-70.88525761505518, 43.06849548656802], [-70.88535755383279, 43.068613289965036], [-70.885394677968, 43.06873954903734], [-70.88539331682003, 43.06884671485768], [-70.88498123507911, 43.06887289853351], [-70.88475963869979, 43.06886382235247], [-70.88461596014027, 43.068858493646175], [-70.8845163845671, 43.06883357982731]]]}, "properties": {"OBJECTID": 30, "density": "sb", "Hectares": 0.180241358657, "Acres": 0.445386096871, "Year_": "2015", "comments": ""}}, {"type": "Feature", "geometry": {"type": "Polygon", "coordinates": [[[-70.87494259604638, 43.07437158014724], [-70.87516806612295, 43.074559370636834], [-70.87544480322701, 43.07451365059703], [-70.8757215399174, 43.074467930784415], [-70.87606217534237, 43.07450600941923], [-70.87628850110099, 43.07459093229371], [-70.87646456900005, 43.07479459089864], [-70.87655942427739, 43.07499768851447], [-70.87666700579817, 43.07547476771218], [-70.8766921489707, 43.076046544426674], [-70.87663714866773, 43.07653440930362], [-70.87653555781996, 43.076855234536296], [-70.87638600300097, 43.07711618638828], [-70.87607339948089, 43.07742364546836], [-70.87592307444908, 43.07774413429403], [-70.87585442506884, 43.07802946090184], [-70.87578592939694, 43.078302881191725], [-70.8756518441314, 43.07862348094741], [-70.87543837834808, 43.07880063120091], [-70.8749968834085, 43.07902383748935], [-70.87447416716388, 43.07924647890439], [-70.87398301347595, 43.07954078769371], [-70.87355852091447, 43.07970456416431], [-70.87305280597506, 43.079867774877904], [-70.87238541676177, 43.07997032015373], [-70.87197608484576, 43.080217554404975], [-70.8716943918105, 43.08064429997006], [-70.87147998364767, 43.08089288642172], [-70.87123185190376, 43.08123650558468], [-70.87101666809964, 43.08154462773218], [-70.87099340048853, 43.08159824420655], [-70.87094968787649, 43.08169897060729], [-70.870864920548, 43.08197227460203], [-70.8709606926122, 43.08210393278244], [-70.87099179444793, 43.082211324790784], [-70.87090980067194, 43.08227029660534], [-70.87079608858024, 43.08226950578415], [-70.87058614102227, 43.08217277786362], [-70.87052316795673, 43.08201753114304], [-70.87052609754089, 43.08179129181897], [-70.87065959872764, 43.08151832798445], [-70.87109058260138, 43.08085445512115], [-70.87160554908546, 43.079976812528066], [-70.87193812530886, 43.07938370362904], [-70.87230425883307, 43.07870746729025], [-70.87286059274871, 43.077894411520944], [-70.8735561809446, 43.07686320372415], [-70.87431102292888, 43.07551802057364], [-70.87494259604638, 43.07437158014724]]]}, "properties": {"OBJECTID": 31, "density": "p", "Hectares": 13.7462606687, "Acres": 33.9677498628, "Year_": "2015", "comments": ""}}, {"type": "Feature", "geometry": {"type": "Polygon", "coordinates": [[[-70.88284021128538, 43.07417156883455], [-70.88198578698848, 43.07482832991332], [-70.88121218963914, 43.07562088584444], [-70.88065049342643, 43.07635535008722], [-70.88004105341636, 43.077117553891036], [-70.87931354115224, 43.078112855946884], [-70.8785050899428, 43.079083779284026], [-70.87851847793924, 43.078986021345905], [-70.87852301240585, 43.07895291046665], [-70.87854017168904, 43.07888157840702], [-70.87855656907577, 43.078869783116545], [-70.878592413576, 43.07860804454674], [-70.878414496147, 43.078547277087736], [-70.87815520795115, 43.078497857803015], [-70.87825480725449, 43.07833182622239], [-70.87837125995567, 43.07811827774954], [-70.8785853266273, 43.07789349232695], [-70.8787188161493, 43.07774599668592], [-70.87879954306088, 43.07765679929829], [-70.8790296971951, 43.077444032012245], [-70.87926076454899, 43.07715982117284], [-70.8794279235241, 43.076791810808785], [-70.87939955223834, 43.07647008894865], [-70.87950219445645, 43.07606590895955], [-70.87963564314487, 43.075792933968216], [-70.87996415859179, 43.07550939089807], [-70.88042291738579, 43.0752029253598], [-70.88093085675484, 43.074861070067385], [-70.88137169218233, 43.07468546997586], [-70.88143909454844, 43.07449539807515], [-70.88148979929183, 43.074340937160116], [-70.88168592592969, 43.07424701504416], [-70.8818321093803, 43.07424801773826], [-70.8821099036847, 43.0741189302796], [-70.88230466311333, 43.07413217363456], [-70.88253160236924, 43.074169454540296], [-70.88284021128538, 43.07417156883455]]]}, "properties": {"OBJECTID": 32, "density": "p", "Hectares": 4.19062904622, "Acres": 10.3552698905, "Year_": "2015", "comments": ""}}, {"type": "Feature", "geometry": {"type": "Polygon", "coordinates": [[[-70.87680790958383, 43.072809155785414], [-70.87699660032584, 43.07280577540874], [-70.87709752844619, 43.07290387291447], [-70.87715284734952, 43.073023338751966], [-70.87711962398437, 43.073121262227964], [-70.87699571816282, 43.0732425600535], [-70.87657074178296, 43.07344802386255], [-70.8764732879485, 43.0734473509528], [-70.8763000409149, 43.0734195619262], [-70.87618324577879, 43.07333242520471], [-70.87614763896934, 43.07324375818024], [-70.8761958620192, 43.073156560509815], [-70.87623589646022, 43.0731283919506], [-70.87638410438913, 43.07303679887893], [-70.87668698072726, 43.07287027913523], [-70.87680790958383, 43.072809155785414]]]}, "properties": {"OBJECTID": 33, "density": "d", "Hectares": 0.365036396525, "Acres": 0.902024580126, "Year_": "2015", "comments": ""}}, {"type": "Feature", "geometry": {"type": "Polygon", "coordinates": [[[-70.8756403294443, 43.07346851718974], [-70.87583049379889, 43.07335098686156], [-70.87599651716121, 43.07325907993838], [-70.8761958620192, 43.073156560509815], [-70.87614763896934, 43.07324375818024], [-70.87618324577879, 43.07333242520471], [-70.8763000409149, 43.0734195619262], [-70.8764732879485, 43.0734473509528], [-70.87657074178296, 43.07344802386255], [-70.87640025759106, 43.07353488961185], [-70.87628799467518, 43.073582621266084], [-70.87591638970636, 43.073721605271196], [-70.87575090185156, 43.07370617153575], [-70.87562528285108, 43.073621943793796], [-70.87561247980874, 43.073547576676894], [-70.8756403294443, 43.07346851718974]]]}, "properties": {"OBJECTID": 34, "density": "sb", "Hectares": 0.226661128029, "Acres": 0.560091845054, "Year_": "2015", "comments": ""}}, {"type": "Feature", "geometry": {"type": "Polygon", "coordinates": [[[-70.87174983512259, 43.08154972320318], [-70.87151665455428, 43.081490942958226], [-70.871224253951, 43.081488910757464], [-70.87099340048853, 43.08159824420655], [-70.87101666809964, 43.08154462773218], [-70.87123185190376, 43.08123650558468], [-70.87147998364767, 43.08089288642172], [-70.8716943918105, 43.08064429997006], [-70.87197608484576, 43.080217554404975], [-70.87238541676177, 43.07997032015373], [-70.87305280597506, 43.079867774877904], [-70.87355852091447, 43.07970456416431], [-70.87398301347595, 43.07954078769371], [-70.87447416716388, 43.07924647890439], [-70.8749968834085, 43.07902383748935], [-70.87543837834808, 43.07880063120091], [-70.8756518441314, 43.07862348094741], [-70.87578592939694, 43.078302881191725], [-70.87585442506884, 43.07802946090184], [-70.87592307444908, 43.07774413429403], [-70.87607339948089, 43.07742364546836], [-70.87638600300097, 43.07711618638828], [-70.87653555781996, 43.076855234536296], [-70.87663714866773, 43.07653440930362], [-70.8766921489707, 43.076046544426674], [-70.87666700579817, 43.07547476771218], [-70.87655942427739, 43.07499768851447], [-70.87646456900005, 43.07479459089864], [-70.87628850110099, 43.07459093229371], [-70.87606217534237, 43.07450600941923], [-70.8757215399174, 43.074467930784415], [-70.87544480322701, 43.07451365059703], [-70.87516806612295, 43.074559370636834], [-70.87494259604638, 43.07437158014724], [-70.87512509564547, 43.07407513324711], [-70.8753235823163, 43.073808506420136], [-70.8756403294443, 43.07346851718974], [-70.87561247980874, 43.073547576676894], [-70.87562528285108, 43.073621943793796], [-70.87575090185156, 43.07370617153575], [-70.87591638970636, 43.073721605271196], [-70.87628799467518, 43.073582621266084], [-70.87640025759106, 43.07353488961185], [-70.87657074178296, 43.07344802386255], [-70.87699571816282, 43.0732425600535], [-70.87711962398437, 43.073121262227964], [-70.87715284734952, 43.073023338751966], [-70.87709752844619, 43.07290387291447], [-70.87699660032584, 43.07280577540874], [-70.87680790958383, 43.072809155785414], [-70.87785107352863, 43.072193278460254], [-70.87837599750452, 43.07198691050386], [-70.87964963570879, 43.07146694284147], [-70.88108172750562, 43.07074798876306], [-70.88225531742768, 43.07042736694782], [-70.88356423192882, 43.07019339964072], [-70.88481230637488, 43.0701447735077], [-70.88629389470304, 43.07012630657728], [-70.88678150109325, 43.07010105060237], [-70.88728968441822, 43.06999019226004], [-70.88801315695375, 43.069809346412235], [-70.88859947502064, 43.06968472290335], [-70.88922711774572, 43.069374607077684], [-70.89014745779464, 43.06903789328197], [-70.89012742719379, 43.06908062758415], [-70.89002817583511, 43.06922285478136], [-70.8900267325235, 43.06933716558592], [-70.8900542296578, 43.069378436503264], [-70.89008411868697, 43.069423296389644], [-70.89016081421927, 43.06952384736595], [-70.89047012324778, 43.06972600684931], [-70.8906238783469, 43.06989853144483], [-70.89066123532547, 43.07002739544028], [-70.89056270358776, 43.07011246766556], [-70.89030789368394, 43.07022505980761], [-70.88970027896887, 43.0704924481834], [-70.88911251024605, 43.070731388024285], [-70.88825169564392, 43.07098275697264], [-70.88793800849957, 43.07112638144706], [-70.88807353468549, 43.071198754885515], [-70.88832582240138, 43.07128621157017], [-70.88868790998335, 43.071290558751336], [-70.88901124096024, 43.071411840689194], [-70.8892562933668, 43.071692659424386], [-70.88933154558056, 43.071907521661586], [-70.88923084279006, 43.072164059675025], [-70.88887441352877, 43.07260463058574], [-70.88864693666494, 43.07280247272068], [-70.88822556826894, 43.07316894429794], [-70.88757771724987, 43.07341034519649], [-70.88724474254798, 43.07353668830274], [-70.8868356147834, 43.073519610858945], [-70.88650150681475, 43.07347310136665], [-70.88593497138443, 43.073402515731146], [-70.88499036502758, 43.07348713916178], [-70.884112190555, 43.07367586719969], [-70.88324724688978, 43.07399147579913], [-70.88284021128538, 43.07417156883455], [-70.88253160236924, 43.074169454540296], [-70.88230466311333, 43.07413217363456], [-70.8821099036847, 43.0741189302796], [-70.8818321093803, 43.07424801773826], [-70.88168592592969, 43.07424701504416], [-70.88148979929183, 43.074340937160116], [-70.88143909454844, 43.07449539807515], [-70.88137169218233, 43.07468546997586], [-70.88093085675484, 43.074861070067385], [-70.88042291738579, 43.0752029253598], [-70.87996415859179, 43.07550939089807], [-70.87963564314487, 43.075792933968216], [-70.87950219445645, 43.07606590895955], [-70.87939955223834, 43.07647008894865], [-70.8794279235241, 43.076791810808785], [-70.87926076454899, 43.07715982117284], [-70.8790296971951, 43.077444032012245], [-70.87879954306088, 43.07765679929829], [-70.8787188161493, 43.07774599668592], [-70.8785853266273, 43.07789349232695], [-70.87837125995567, 43.07811827774954], [-70.87825480725449, 43.07833182622239], [-70.87815520795115, 43.078497857803015], [-70.878414496147, 43.078547277087736], [-70.878592413576, 43.07860804454674], [-70.87855656907577, 43.078869783116545], [-70.87854017168904, 43.07888157840702], [-70.87852301240585, 43.07895291046665], [-70.87851847793924, 43.078986021345905], [-70.8785050899428, 43.079083779284026], [-70.87805957602859, 43.07945225200553], [-70.87761382947687, 43.07975403387681], [-70.87675174088163, 43.080091048126675], [-70.8751339504468, 43.08057525878171], [-70.87425290385762, 43.08095261129731], [-70.87370433068783, 43.08116316182517], [-70.87192028803364, 43.08193673915083], [-70.87180628307561, 43.081707305762265], [-70.87174983512259, 43.08154972320318]]]}, "properties": {"OBJECTID": 35, "density": "h", "Hectares": 59.4046631774, "Acres": 146.792119554, "Year_": "2015", "comments": ""}}, {"type": "Feature", "geometry": {"type": "Polygon", "coordinates": [[[-70.89572856091067, 43.06940904478608], [-70.89567734122383, 43.069305493402936], [-70.8955807144894, 43.06923934653818], [-70.8954349903643, 43.06920263887519], [-70.89517580190112, 43.06914730420709], [-70.89477796569471, 43.06913866680517], [-70.89443652413445, 43.06916613424138], [-70.89396545308014, 43.06916890892918], [-70.89336407702042, 43.06920057136314], [-70.89271367634969, 43.06925571646934], [-70.89221726794476, 43.069335717541705], [-70.8916324306338, 43.069343666306494], [-70.89115248525265, 43.06940591053639], [-70.89073788131601, 43.06943882566057], [-70.89032380297745, 43.06943006263794], [-70.8900542296578, 43.069378436503264], [-70.8900267325235, 43.06933716558592], [-70.89002817583511, 43.06922285478136], [-70.89012742719379, 43.06908062758415], [-70.89014745779464, 43.06903789328197], [-70.8903216182089, 43.06895966534608], [-70.89053358084901, 43.06889560734715], [-70.89090938030101, 43.068719529139784], [-70.89152931943242, 43.06850342435629], [-70.89259531739056, 43.06820805952583], [-70.89393758592207, 43.068025511847566], [-70.89510157850611, 43.067813060154364], [-70.89608716954704, 43.06763278424798], [-70.89658993310718, 43.067575582323165], [-70.89685316811946, 43.067566635205885], [-70.89697005863587, 43.06757099422888], [-70.89702873638733, 43.067617640139574], [-70.89706562655957, 43.06772168328603], [-70.89709316126189, 43.067857624674204], [-70.89707969484701, 43.06808836548453], [-70.89704465461853, 43.06822955525583], [-70.89698439783785, 43.068372051675674], [-70.89688507400224, 43.06852142985707], [-70.89674296177976, 43.068647348990716], [-70.89647765408715, 43.06882263730759], [-70.89615620563872, 43.068983221823565], [-70.89587745902574, 43.06921593411768], [-70.89572856091067, 43.06940904478608]]]}, "properties": {"OBJECTID": 36, "density": "h", "Hectares": 6.74419141511, "Acres": 16.6652599232, "Year_": "2015", "comments": ""}}, {"type": "Feature", "geometry": {"type": "Polygon", "coordinates": [[[-70.88903819511249, 43.07283428572472], [-70.88864693666494, 43.07280247272068], [-70.88887441352877, 43.07260463058574], [-70.88923084279006, 43.072164059675025], [-70.88933154558056, 43.071907521661586], [-70.8892562933668, 43.071692659424386], [-70.88901124096024, 43.071411840689194], [-70.88868790998335, 43.071290558751336], [-70.88832582240138, 43.07128621157017], [-70.88807353468549, 43.071198754885515], [-70.88793800849957, 43.07112638144706], [-70.88825169564392, 43.07098275697264], [-70.88911251024605, 43.070731388024285], [-70.88970027896887, 43.0704924481834], [-70.89030789368394, 43.07022505980761], [-70.89056270358776, 43.07011246766556], [-70.89066123532547, 43.07002739544028], [-70.8906238783469, 43.06989853144483], [-70.89047012324778, 43.06972600684931], [-70.89016081421927, 43.06952384736595], [-70.89008411868697, 43.069423296389644], [-70.8900542296578, 43.069378436503264], [-70.89032380297745, 43.06943006263794], [-70.89073788131601, 43.06943882566057], [-70.89115248525265, 43.06940591053639], [-70.8916324306338, 43.069343666306494], [-70.89221726794476, 43.069335717541705], [-70.89271367634969, 43.06925571646934], [-70.89336407702042, 43.06920057136314], [-70.89396545308014, 43.06916890892918], [-70.89443652413445, 43.06916613424138], [-70.89477796569471, 43.06913866680517], [-70.89517580190112, 43.06914730420709], [-70.8954349903643, 43.06920263887519], [-70.8955807144894, 43.06923934653818], [-70.89567734122383, 43.069305493402936], [-70.89572856091067, 43.06940904478608], [-70.89573993663882, 43.06956919457719], [-70.89595849941537, 43.0693593807148], [-70.89612604078853, 43.06921046272655], [-70.89637149325999, 43.069065641706786], [-70.89692618502094, 43.06874070150888], [-70.89702789227084, 43.0687025967005], [-70.89711881277599, 43.068533719280985], [-70.89727941874617, 43.06815968351596], [-70.89732636299775, 43.06784590182655], [-70.89735942764034, 43.06760648013981], [-70.8978417023097, 43.067549272695295], [-70.89860338143895, 43.067425776759656], [-70.89961371803047, 43.067289652686355], [-70.90006265224875, 43.06730446304317], [-70.90027516247633, 43.06745593277929], [-70.90055096768822, 43.06761139772852], [-70.90067475437625, 43.06784444133634], [-70.90122933876914, 43.068230292843104], [-70.90088903469568, 43.06842807809841], [-70.9005259157271, 43.06889245742437], [-70.89987844493167, 43.06950639276128], [-70.89960327245169, 43.06969032047148], [-70.89962026872288, 43.06989049546202], [-70.89959311526387, 43.07050478847375], [-70.899588303816, 43.070890589112494], [-70.89978035514238, 43.071120517492226], [-70.90005214849391, 43.07120807905548], [-70.90016641841466, 43.071423196503645], [-70.90004680550386, 43.0716367463234], [-70.89986818620329, 43.071892771745034], [-70.89974857132485, 43.07210632122062], [-70.8994542526967, 43.07226154002142], [-70.89910449372199, 43.07217345322034], [-70.89883340982097, 43.07202873389711], [-70.8985235261376, 43.07186946341809], [-70.8982699716116, 43.071882051199054], [-70.8980348371697, 43.071980502566674], [-70.8976024736911, 43.07226339991756], [-70.8973292493797, 43.07229014348508], [-70.89701686379537, 43.07233091308598], [-70.89557599725138, 43.07220689252665], [-70.8951852906348, 43.07227570948237], [-70.89449953472317, 43.072556885581555], [-70.89414367909436, 43.0729546065828], [-70.8937890745728, 43.07325230443353], [-70.89337725162852, 43.07344958316388], [-70.89269435159268, 43.073502126625115], [-70.89220582059545, 43.073598852726455], [-70.89194955791761, 43.073825759128546], [-70.89167344340885, 43.0740811115286], [-70.89137711373779, 43.07439348564209], [-70.8909457842791, 43.07459062430671], [-70.89059440182014, 43.0746311119796], [-70.89030347556161, 43.074514818070405], [-70.89011235284747, 43.07421342903037], [-70.89013455021747, 43.07399922871541], [-70.8903146590653, 43.07362890822038], [-70.89016288138693, 43.073299206015356], [-70.88968012361042, 43.07293867661701], [-70.88903819511249, 43.07283428572472]]]}, "properties": {"OBJECTID": 37, "density": "p", "Hectares": 40.3108469984, "Acres": 99.610272248, "Year_": "2015", "comments": ""}}, {"type": "Feature", "geometry": {"type": "Polygon", "coordinates": [[[-70.90366971364668, 43.05953674933665], [-70.90394376430301, 43.05943854550652], [-70.9041327244575, 43.05939217080159], [-70.90428182504027, 43.05941698075661], [-70.90446281398086, 43.05948963778946], [-70.9046050663277, 43.05954298191511], [-70.90478676373985, 43.05955848184331], [-70.90508532131324, 43.059579522921815], [-70.90526707790674, 43.059590258813756], [-70.90546767292604, 43.05965351736857], [-70.90558412203411, 43.05969239853569], [-70.90571858401843, 43.05985048474633], [-70.90589698479567, 43.0601327101528], [-70.90599212177635, 43.06031911389462], [-70.90610007348211, 43.06051989372244], [-70.90617056043595, 43.06067446481108], [-70.90594142307053, 43.0607417647487], [-70.90559662387045, 43.06078234244166], [-70.90488853972283, 43.06078239472469], [-70.90449242401007, 43.060770229843065], [-70.90413616763018, 43.06068687959829], [-70.90378982036687, 43.06032827111117], [-70.90366906181352, 43.060113113615905], [-70.90360658790911, 43.05991263564376], [-70.90356318623209, 43.05974562778362], [-70.90349321162076, 43.05962607666452], [-70.90366971364668, 43.05953674933665]]]}, "properties": {"OBJECTID": 38, "density": "p", "Hectares": 2.37497973997, "Acres": 5.86870274621, "Year_": "2015", "comments": ""}}, {"type": "Feature", "geometry": {"type": "Polygon", "coordinates": [[[-70.88567318398101, 43.06485224303825], [-70.88569723037635, 43.06469610377222], [-70.88564094310838, 43.06452423859562], [-70.88550706731567, 43.064323262702544], [-70.88554858306824, 43.06412348488199], [-70.8855754615471, 43.063694964832585], [-70.88577469276684, 43.06335336152211], [-70.88620364728948, 43.06318480678819], [-70.88661403597096, 43.06310048807315], [-70.88717455026207, 43.06295664291173], [-70.88773506196712, 43.06281279498065], [-70.88769801682355, 43.06266011458506], [-70.88772792006692, 43.06235069889316], [-70.88784912462091, 43.06201332440107], [-70.8882037523033, 43.06171088174018], [-70.88858231042558, 43.061570554470784], [-70.8890896374036, 43.06152160611466], [-70.88961699203205, 43.06142992032023], [-70.88982425180807, 43.06147896143114], [-70.88992096666463, 43.06153677831217], [-70.88989955538652, 43.06168906124627], [-70.88987796236768, 43.061855633031875], [-70.88968976738025, 43.06184006531589], [-70.88946861177804, 43.06186238005562], [-70.88919566999607, 43.061870052452846], [-70.88880502359211, 43.06193884911235], [-70.8884721137938, 43.06206519654643], [-70.88817805784763, 43.062201333759766], [-70.88805180515034, 43.06242435351336], [-70.88816831712705, 43.06261381680953], [-70.8884310201984, 43.06274607962121], [-70.88874293958315, 43.06273867312694], [-70.88895717953439, 43.06274626932892], [-70.88930849622427, 43.062705786087086], [-70.89112011037324, 43.06277523839171], [-70.89156922314515, 43.062706830762295], [-70.89225272349222, 43.06259713749413], [-70.8934427148075, 43.062505152738986], [-70.8944760853139, 43.06246926013173], [-70.89526897887247, 43.06296047173312], [-70.89565156674595, 43.063534655528194], [-70.8956529993259, 43.06342034355536], [-70.8957570636448, 43.06289231036463], [-70.8960155918134, 43.062479638096576], [-70.89627483215271, 43.06200980962884], [-70.89680617378865, 43.06159897178476], [-70.89761211329372, 43.06104707620511], [-70.89857321775098, 43.06055337684657], [-70.89941417987343, 43.06031608570272], [-70.90035007858083, 43.06027948643711], [-70.90093075485508, 43.060344284817845], [-70.90108426916471, 43.060382951384845], [-70.9015346835383, 43.06061608614714], [-70.90168507082873, 43.06106008550755], [-70.90159042111273, 43.0624027245042], [-70.90161926809839, 43.063217454498286], [-70.90142296985034, 43.06333046273545], [-70.90075629631349, 43.06365467567403], [-70.89981607187178, 43.064034212277555], [-70.89868680919007, 43.064333876688586], [-70.89733431565169, 43.064560578950626], [-70.89587842530142, 43.064872309337325], [-70.89496529272581, 43.065030491640854], [-70.89422102820997, 43.06510301204057], [-70.89323373731187, 43.06517599258747], [-70.89204297431115, 43.06532513019207], [-70.8916404327363, 43.06534564413037], [-70.89126546335247, 43.06532881389383], [-70.89122553477661, 43.06527561015808], [-70.8914081040885, 43.065222604239466], [-70.8914928198827, 43.06507313178255], [-70.89137656483253, 43.065018756622514], [-70.89107288224459, 43.064975596446764], [-70.89109417178354, 43.064832839876665], [-70.89121218109304, 43.06474789819614], [-70.89056889307179, 43.0647578273064], [-70.89017804940035, 43.064840917350566], [-70.88935810237528, 43.06494967140876], [-70.88853851522751, 43.065029841863044], [-70.88801106784892, 43.065126284727526], [-70.88652525253337, 43.06548770812956], [-70.88537181165589, 43.065765641453396], [-70.88537298605054, 43.06562203391496], [-70.88537570812609, 43.06540770035191], [-70.88557331209758, 43.06519469804735], [-70.8856539859417, 43.06498089650777], [-70.88567318398101, 43.06485224303825]]]}, "properties": {"OBJECTID": 39, "density": "h", "Hectares": 40.410778455, "Acres": 99.8572082552, "Year_": "2015", "comments": ""}}, {"type": "Feature", "geometry": {"type": "Polygon", "coordinates": [[[-70.90048467884098, 43.060112479255146], [-70.90015393976677, 43.0600673940873], [-70.89980246673986, 43.0601221997219], [-70.89966606016986, 43.06012128554746], [-70.89966819758823, 43.059949817773145], [-70.89978707615403, 43.05979342337959], [-70.90000374268703, 43.05960910382519], [-70.9002972870934, 43.059511038432134], [-70.90059047353586, 43.05944155099064], [-70.90092156646294, 43.059458057062926], [-70.90099613394031, 43.059730068829836], [-70.90120604185199, 43.060088726506436], [-70.90135784858916, 43.06041841413358], [-70.90110487513938, 43.060388141856926], [-70.90108426916471, 43.060382951384845], [-70.90093075485508, 43.060344284817845], [-70.90093002793179, 43.0603441017213], [-70.90071709692499, 43.06022835592196], [-70.90048467884098, 43.060112479255146]]]}, "properties": {"OBJECTID": 40, "density": "p", "Hectares": 0.816155967163, "Acres": 2.01676531603, "Year_": "2015", "comments": ""}}, {"type": "Feature", "geometry": {"type": "Polygon", "coordinates": [[[-70.88526278759073, 43.06580768807887], [-70.88476040549205, 43.06597573749649], [-70.88445206898433, 43.066066464954105], [-70.88410468004341, 43.06617948169868], [-70.88379353031189, 43.06627809876686], [-70.88343614970043, 43.06641033830323], [-70.88325700952159, 43.06647341697282], [-70.88310049109033, 43.06652021779418], [-70.88292421075386, 43.06658831682597], [-70.88279492912545, 43.06663887651036], [-70.88265202529774, 43.06668791236183], [-70.88251985668596, 43.066735593038615], [-70.88243168369846, 43.066712414534564], [-70.88233744659507, 43.06667289605724], [-70.88221123697954, 43.06667755974777], [-70.88227735347228, 43.06658750882445], [-70.88239549965543, 43.06649305169704], [-70.88254655221137, 43.06636547610881], [-70.88274356208674, 43.06620010767167], [-70.88302532461665, 43.06601150280112], [-70.88324758913012, 43.06590346675053], [-70.88353529958832, 43.06575777157756], [-70.88364585448524, 43.0657490016846], [-70.88452184745255, 43.065321525289384], [-70.88502464843886, 43.06512013592725], [-70.88556690738629, 43.06488090708879], [-70.88567318398101, 43.06485224303825], [-70.8856539859417, 43.06498089650777], [-70.88557331209758, 43.06519469804735], [-70.88537570812609, 43.06540770035191], [-70.88537298605054, 43.06562203391496], [-70.88537181165589, 43.065765641453396], [-70.88526278759073, 43.06580768807887]]]}, "properties": {"OBJECTID": 41, "density": "p", "Hectares": 1.77322012033, "Acres": 4.38172234259, "Year_": "2015", "comments": ""}}, {"type": "Feature", "geometry": {"type": "Polygon", "coordinates": [[[-70.87272920085734, 43.07093639118083], [-70.8726234678466, 43.0708727812601], [-70.87222264376177, 43.0707175712812], [-70.87200421950028, 43.07052552014239], [-70.87190661306897, 43.07023522964259], [-70.87187575758482, 43.06960625139891], [-70.87191627441061, 43.06928643432446], [-70.87185672519522, 43.06886684411162], [-70.87182143940468, 43.068580797583486], [-70.87176115284926, 43.06821836244331], [-70.87181632494462, 43.06797105077014], [-70.8719895365071, 43.06763881838939], [-70.87222993911108, 43.067335631458306], [-70.87271373767297, 43.06710082058947], [-70.87313281699394, 43.06698279062845], [-70.87365448141415, 43.06683397969653], [-70.87403322644951, 43.06668417562991], [-70.87432237306983, 43.06642895665068], [-70.8744949533568, 43.06614434899647], [-70.87441920782494, 43.06597234277106], [-70.87457104214242, 43.06595142988043], [-70.87488273366682, 43.06596311425556], [-70.87515544977569, 43.06597452730549], [-70.87519503935857, 43.0659271672303], [-70.87531405281068, 43.065766035772015], [-70.8754988845342, 43.065538672510215], [-70.87577417071738, 43.06535003981824], [-70.87593142315737, 43.065246333201216], [-70.87605987479353, 43.06536154137446], [-70.87640956237925, 43.065449697257236], [-70.87674638030093, 43.065528236814], [-70.87701995081004, 43.06547296457128], [-70.87739843495179, 43.06534220125518], [-70.87775081071611, 43.0652207831146], [-70.87796063935576, 43.06506980134457], [-70.87817156579335, 43.06483308715092], [-70.87838297762839, 43.06455826751031], [-70.87851521690364, 43.06437817093275], [-70.87875102377309, 43.06422736660459], [-70.87936359546654, 43.06407915452069], [-70.87981952986836, 43.063987023471704], [-70.8802496018453, 43.06388518555062], [-70.88048260402522, 43.06395347331443], [-70.88058568600565, 43.0640208691235], [-70.8806494286907, 43.06411657390736], [-70.88056916470512, 43.064297030917395], [-70.88046328111774, 43.06444873168373], [-70.88033299669793, 43.06447641668264], [-70.88015049990246, 43.064522796432115], [-70.87979800972013, 43.064653747622415], [-70.87961441519536, 43.06478585856844], [-70.87961149030173, 43.06501448068509], [-70.87971323390236, 43.06518666140383], [-70.87976288680694, 43.065368011161524], [-70.87968322785655, 43.06550083776131], [-70.87949902106321, 43.06568057909442], [-70.87947011195621, 43.065909021529144], [-70.8795846047281, 43.066100343778665], [-70.87971209012741, 43.066291756158144], [-70.87985244769136, 43.0664927824153], [-70.87988825714804, 43.06674072363016], [-70.87992388060474, 43.06710488981354], [-70.87980207393578, 43.06748512165125], [-70.87959114447314, 43.06772183961912], [-70.87948330201223, 43.06802595398278], [-70.87927236944627, 43.06826267131649], [-70.87887660877904, 43.068726757180244], [-70.87843780048422, 43.068874107550144], [-70.87801331725603, 43.06904385467255], [-70.87769607878204, 43.069083347190194], [-70.87728936119913, 43.06913412986725], [-70.87686885587785, 43.06924641492503], [-70.87660777277988, 43.06933987952615], [-70.87621737018735, 43.06938481735544], [-70.87560351425827, 43.069628270359146], [-70.87500338058182, 43.0698146547071], [-70.87446686091201, 43.07010627044583], [-70.8742188860303, 43.070190294807134], [-70.87365600411569, 43.070510304292554], [-70.87339503370394, 43.070594235900884], [-70.87294814705521, 43.0707361495787], [-70.87272920085734, 43.07093639118083]]]}, "properties": {"OBJECTID": 42, "density": "h", "Hectares": 28.0564400465, "Acres": 69.3289732029, "Year_": "2015", "comments": ""}}, {"type": "Feature", "geometry": {"type": "Polygon", "coordinates": [[[-70.8717917971044, 43.06504236147988], [-70.87175085152276, 43.06519450518952], [-70.87172469284914, 43.06534394579497], [-70.8718271520437, 43.065458978145294], [-70.87168276086545, 43.06557229577894], [-70.8718639131663, 43.06563071443407], [-70.87189747468119, 43.06605012438649], [-70.87230023582123, 43.06605292093871], [-70.87274197506048, 43.06605598650329], [-70.87331326691816, 43.06608852876092], [-70.87376910341372, 43.06600594761878], [-70.87395087155053, 43.066016733338465], [-70.87417100542842, 43.06607541836907], [-70.87441920782494, 43.06597234277106], [-70.8744949533568, 43.06614434899647], [-70.87432237306983, 43.06642895665068], [-70.87403322644951, 43.06668417562991], [-70.87365448141415, 43.06683397969653], [-70.87313281699394, 43.06698279062845], [-70.87271373767297, 43.06710082058947], [-70.87222993911108, 43.067335631458306], [-70.8719895365071, 43.06763881838939], [-70.87181632494462, 43.06797105077014], [-70.87176115284926, 43.06821836244331], [-70.87182143940468, 43.068580797583486], [-70.87185672519522, 43.06886684411162], [-70.87191627441061, 43.06928643432446], [-70.87187575758482, 43.06960625139891], [-70.87190661306897, 43.07023522964259], [-70.87200421950028, 43.07052552014239], [-70.87222264376177, 43.0707175712812], [-70.8726234678466, 43.0708727812601], [-70.87272920085734, 43.07093639118083], [-70.87276658232574, 43.071060498372816], [-70.87279716805574, 43.071090608532856], [-70.87218064407377, 43.07139432818732], [-70.87184593387241, 43.07149556025599], [-70.87160364841252, 43.071557340338074], [-70.87136964227548, 43.07156524156593], [-70.87104579151291, 43.071486776393975], [-70.87086573211536, 43.07134262369406], [-70.87066252319694, 43.07097919413525], [-70.87057933679831, 43.07037843174114], [-70.87051333801465, 43.06945387906434], [-70.87045799060203, 43.068710409394264], [-70.87040252232799, 43.0679764642782], [-70.87035831972433, 43.067375972674064], [-70.87027230540644, 43.06699430481583], [-70.87017243555152, 43.06667922715608], [-70.87004510132468, 43.06647827972437], [-70.86976457504893, 43.06606667613141], [-70.86963724462701, 43.06586572825383], [-70.86935758804565, 43.065387442944726], [-70.86898637447321, 43.064956152645884], [-70.86861516607874, 43.064524861152194], [-70.86879779484222, 43.06446897430946], [-70.8689642194055, 43.06443482926772], [-70.8692649763903, 43.06448311454121], [-70.86955182104364, 43.064436122519], [-70.86978629255177, 43.06439012162641], [-70.86989096848396, 43.06433369017437], [-70.86991867985348, 43.064200508713554], [-70.87014052874585, 43.06412583904075], [-70.87032352488421, 43.06404137214701], [-70.8703553835329, 43.06387527707733], [-70.87018702717836, 43.06354503201517], [-70.87069661544916, 43.063220536737276], [-70.87095632097352, 43.06347136391428], [-70.87120180964817, 43.06357786488543], [-70.87148713510675, 43.0636179553913], [-70.87187553524583, 43.06372544788418], [-70.87227889617225, 43.06368061474754], [-70.8726948790748, 43.06366444793202], [-70.87303291242495, 43.06364773903081], [-70.87317594509672, 43.06363920448555], [-70.87324078024373, 43.063649180457304], [-70.87327889561178, 43.06371613238384], [-70.87317324212495, 43.063848774251156], [-70.87296328318286, 43.06400927278446], [-70.87264710187186, 43.06420994633475], [-70.87211074351002, 43.06449202514284], [-70.87187356579604, 43.064747600474796], [-70.8717917971044, 43.06504236147988]]]}, "properties": {"OBJECTID": 43, "density": "sb", "Hectares": 15.7526839065, "Acres": 38.9257296584, "Year_": "2015", "comments": ""}}, {"type": "Feature", "geometry": {"type": "Polygon", "coordinates": [[[-70.8737840277667, 43.063703385462254], [-70.87375558586909, 43.06365873025173], [-70.87372347519904, 43.063629926684314], [-70.8737305841309, 43.0635823429265], [-70.87378334994767, 43.06352078453387], [-70.87387515099047, 43.06345473289252], [-70.87397982162305, 43.063398297648455], [-70.87405152231149, 43.06337974144702], [-70.87414234116969, 43.06338989687738], [-70.87423322262705, 43.06339528990733], [-70.8742847596727, 43.06342898971039], [-70.8742286938403, 43.06347782328571], [-70.87417562296962, 43.063563196280946], [-70.87404435466176, 43.06366708139613], [-70.87395267622757, 43.063723606696676], [-70.8737840277667, 43.063703385462254]]]}, "properties": {"OBJECTID": 44, "density": "sb", "Hectares": 0.104375939481, "Acres": 0.257918563414, "Year_": "2015", "comments": ""}}, {"type": "Feature", "geometry": {"type": "Polygon", "coordinates": [[[-70.87446100654462, 43.06336352319493], [-70.87451383277481, 43.06329720121831], [-70.87459227350067, 43.06325963758556], [-70.8747103635969, 43.0631699507189], [-70.87480185782782, 43.063127713616225], [-70.87484702132087, 43.063151842639655], [-70.8749048708509, 43.063199876829856], [-70.87492380671357, 43.06324287810232], [-70.87483917768252, 43.06325658263289], [-70.87478034603073, 43.06328475570699], [-70.87468897539961, 43.063317467222525], [-70.87462983825385, 43.063369455514554], [-70.87460330254812, 43.0634121421077], [-70.87454483981342, 43.06341173744168], [-70.8745190399456, 43.06339726876547], [-70.87446100654462, 43.06336352319493]]]}, "properties": {"OBJECTID": 45, "density": "sb", "Hectares": 0.0478691619119, "Acres": 0.118287275147, "Year_": "2015", "comments": ""}}, {"type": "Feature", "geometry": {"type": "Polygon", "coordinates": [[[-70.86547209346904, 43.061147873777095], [-70.8654566778946, 43.06108840639178], [-70.86550688272952, 43.06097443717047], [-70.86548897747964, 43.060852845601865], [-70.86566556835749, 43.06076119576737], [-70.86577348854604, 43.060704790752915], [-70.86575641981153, 43.060518900116485], [-70.86586573548995, 43.060355328645755], [-70.86598544400957, 43.060141814911546], [-70.86619284127272, 43.059928913557094], [-70.86639708087445, 43.059749146351486], [-70.86659556527306, 43.05968165281871], [-70.86687876816384, 43.059633616690526], [-70.8671708789239, 43.05964994796503], [-70.867512394468, 43.059677154530775], [-70.86766648271882, 43.05975344094076], [-70.86787034840589, 43.05981202454011], [-70.86798856514916, 43.059712819016276], [-70.868193821702, 43.05966423559704], [-70.8684867658835, 43.05961626345657], [-70.86887556774909, 43.0596904260259], [-70.86930260271185, 43.05982201315425], [-70.8696606959589, 43.06001027892474], [-70.86984267237233, 43.06025447866107], [-70.87018954615108, 43.060556985379264], [-70.87047025423328, 43.0607018405943], [-70.87066364239165, 43.06081750667945], [-70.87100466094243, 43.0608198782665], [-70.87123905723571, 43.06077863749374], [-70.87147289798733, 43.06078026265452], [-70.87175527159835, 43.06079651456651], [-70.8720567630444, 43.06084147871565], [-70.87228894498678, 43.06097170151309], [-70.87237405247875, 43.061172354447294], [-70.87233249614911, 43.06137212726563], [-70.87218542108924, 43.06144255672439], [-70.87198981345009, 43.06149835888695], [-70.87187353771893, 43.0614475365059], [-70.87169815523443, 43.06144631827903], [-70.87164814483579, 43.06154600148037], [-70.87165622725121, 43.06167466843683], [-70.87154701681253, 43.061831101553054], [-70.87143752879227, 43.06200896731396], [-70.87146491329364, 43.062152058493304], [-70.87144274818658, 43.06235911119165], [-70.87135228442447, 43.06257283382173], [-70.87115574865636, 43.0627000794268], [-70.87097006395575, 43.06274165872256], [-70.87095856404824, 43.06287733503096], [-70.87098617784694, 43.063036146541506], [-70.87069661544916, 43.063220536737276], [-70.87018702717836, 43.06354503201517], [-70.87006587318297, 43.06333555256878], [-70.86984389541631, 43.06316967069901], [-70.86962099203909, 43.06307523327589], [-70.86909464452376, 43.063085856108344], [-70.86894793223468, 43.063127703734956], [-70.86884891993672, 43.06324847875506], [-70.86865432295303, 43.06322568721912], [-70.86844014471909, 43.06320990335956], [-70.86824591889867, 43.06315853264831], [-70.868120547985, 43.06305762726192], [-70.86791741338033, 43.062941888891466], [-70.86784020589623, 43.062884189619695], [-70.86785208372287, 43.06271993609841], [-70.86791202978374, 43.062606032948715], [-70.86812778092369, 43.06250036348836], [-70.86830381644998, 43.062451575993656], [-70.86839308429978, 43.0623307325536], [-70.8683263629683, 43.06221594640413], [-70.86822075911172, 43.062093743432165], [-70.86800834823607, 43.06194221571422], [-70.86781505317376, 43.06181940032082], [-70.8673881945382, 43.061673517917846], [-70.86708772392379, 43.06154995356914], [-70.86675774490718, 43.06144761595126], [-70.86633961195244, 43.06138038746416], [-70.86597966163498, 43.061334999242774], [-70.86577532779107, 43.06131213378228], [-70.86563919872877, 43.0612897462995], [-70.86548451200973, 43.06119577738575], [-70.86547209346904, 43.061147873777095]]]}, "properties": {"OBJECTID": 46, "density": "sb", "Hectares": 13.2307728019, "Acres": 32.6939516031, "Year_": "2015", "comments": ""}}, {"type": "Feature", "geometry": {"type": "Polygon", "coordinates": [[[-70.86792592867911, 43.06543843065162], [-70.86799450896802, 43.065410329156926], [-70.8681014151296, 43.06543250990729], [-70.86819746511345, 43.065540356183796], [-70.86821574909065, 43.065633369722526], [-70.86817584402831, 43.0657045416762], [-70.86804944911269, 43.065682224088576], [-70.86797195982639, 43.06564595853074], [-70.86790467796764, 43.06557403852246], [-70.86792592867911, 43.06543843065162]]]}, "properties": {"OBJECTID": 47, "density": "h", "Hectares": 0.0583417799092, "Acres": 0.144165677799, "Year_": "2015", "comments": ""}}, {"type": "Feature", "geometry": {"type": "Polygon", "coordinates": [[[-70.86751083004677, 43.065135439977546], [-70.86744243548297, 43.065149252401085], [-70.86732522842, 43.065169869321046], [-70.86729683116344, 43.065105365149044], [-70.86726880653897, 43.065012283412315], [-70.86724068792454, 43.064926346500954], [-70.86732838464414, 43.06492695910723], [-70.86740624391449, 43.064934648427815], [-70.8674635014238, 43.06502793339679], [-70.86755045585095, 43.065085701869236], [-70.86751083004677, 43.065135439977546]]]}, "properties": {"OBJECTID": 48, "density": "h", "Hectares": 0.0411417492179, "Acres": 0.101663476347, "Year_": "2015", "comments": ""}}, {"type": "Feature", "geometry": {"type": "Polygon", "coordinates": [[[-70.8685238304937, 43.064420859378444], [-70.8679450368569, 43.06396668297799], [-70.86722928172605, 43.06355441624711], [-70.86639716783843, 43.063098462000866], [-70.86581621025242, 43.0627860838836], [-70.86511855269049, 43.0625093339473], [-70.86446072912062, 43.06227078646356], [-70.86386226202869, 43.06207187711654], [-70.86320119216283, 43.06195291686233], [-70.8626350665773, 43.06183182671035], [-70.86224003477591, 43.06173605826349], [-70.86170920142925, 43.0616190094005], [-70.86110377692287, 43.06145514393548], [-70.86057167692178, 43.06134376630707], [-70.86000189197105, 43.0612257312083], [-70.85929599619665, 43.061039390959536], [-70.85884873767104, 43.06096478411797], [-70.85859625346382, 43.06089869566335], [-70.85847961475365, 43.06087643729165], [-70.85838330751739, 43.06079001656181], [-70.85826676296674, 43.06076061314383], [-70.85827753822088, 43.06068209332588], [-70.8587247939703, 43.06075670238138], [-70.85923918247697, 43.06078216729368], [-70.85987460338973, 43.06075766995613], [-70.86050810923054, 43.06074784355915], [-70.86109252345723, 43.06076625006002], [-70.86172499993003, 43.06083500561925], [-70.86195827971568, 43.06087951654642], [-70.86232852857704, 43.06088211953584], [-70.86296147556105, 43.06091514679597], [-70.86321415002973, 43.06096693686957], [-70.86352491342969, 43.061047714263744], [-70.86367078392941, 43.06107017261799], [-70.86382658621083, 43.06107841127605], [-70.86408975044877, 43.06107311175244], [-70.86419758065271, 43.06102385309304], [-70.8644222380968, 43.060982557098555], [-70.8647330950952, 43.06105618727445], [-70.86491356042103, 43.06114008225895], [-70.86507796262723, 43.06113719853977], [-70.86525775066546, 43.06117418343886], [-70.86547209346904, 43.061147873777095], [-70.86548451200973, 43.06119577738575], [-70.86563919872877, 43.0612897462995], [-70.86577532779107, 43.06131213378228], [-70.86597966163498, 43.061334999242774], [-70.86633961195244, 43.06138038746416], [-70.86675774490718, 43.06144761595126], [-70.86708772392379, 43.06154995356914], [-70.8673881945382, 43.061673517917846], [-70.86781505317376, 43.06181940032082], [-70.86800834823607, 43.06194221571422], [-70.86822075911172, 43.062093743432165], [-70.8683263629683, 43.06221594640413], [-70.86839308429978, 43.0623307325536], [-70.86830381644998, 43.062451575993656], [-70.86812778092369, 43.06250036348836], [-70.86791202978374, 43.062606032948715], [-70.86785208372287, 43.06271993609841], [-70.86784020589623, 43.062884189619695], [-70.86791741338033, 43.062941888891466], [-70.868120547985, 43.06305762726192], [-70.86824591889867, 43.06315853264831], [-70.86844014471909, 43.06320990335956], [-70.86865432295303, 43.06322568721912], [-70.86884891993672, 43.06324847875506], [-70.86894793223468, 43.063127703734956], [-70.86909464452376, 43.063085856108344], [-70.86962099203909, 43.06307523327589], [-70.86984389541631, 43.06316967069901], [-70.87006587318297, 43.06333555256878], [-70.87018702717836, 43.06354503201517], [-70.8703553835329, 43.06387527707733], [-70.87032352488421, 43.06404137214701], [-70.87014052874585, 43.06412583904075], [-70.86991867985348, 43.064200508713554], [-70.86989096848396, 43.06433369017437], [-70.86978629255177, 43.06439012162641], [-70.86955182104364, 43.064436122519], [-70.8692649763903, 43.06448311454121], [-70.8689642194055, 43.06443482926772], [-70.86879779484222, 43.06446897430946], [-70.86861516607874, 43.064524861152194], [-70.8685238304937, 43.064420859378444]]]}, "properties": {"OBJECTID": 49, "density": "h", "Hectares": 11.6154583454, "Acres": 28.7024226534, "Year_": "2015", "comments": ""}}, {"type": "Feature", "geometry": {"type": "Polygon", "coordinates": [[[-70.86294532588285, 43.059591267777826], [-70.86290326362139, 43.059573121213745], [-70.862394496605, 43.05931424322862], [-70.86202368826648, 43.05918157102704], [-70.86194760471646, 43.05908573843423], [-70.86198584358324, 43.05902325603736], [-70.86205077114528, 43.05897336373358], [-70.86217294886434, 43.0589444516155], [-70.8624813242617, 43.05895852826811], [-70.86304839344562, 43.0589854003363], [-70.86362060065147, 43.059066822246], [-70.8641755838956, 43.05909929564897], [-70.8648024470109, 43.059223965197106], [-70.8652685353561, 43.0593486964277], [-70.86556731064162, 43.05955177774855], [-70.86579170708256, 43.05977960895479], [-70.86581589715672, 43.05996700321047], [-70.86576861621543, 43.06010600048762], [-70.86555043155153, 43.060224485739425], [-70.86510029799716, 43.060295428788876], [-70.86432494565571, 43.06017422069336], [-70.86367881388574, 43.05990770333491], [-70.86294532588285, 43.059591267777826]]]}, "properties": {"OBJECTID": 50, "density": "sb", "Hectares": 2.56624467921, "Acres": 6.34132870394, "Year_": "2015", "comments": ""}}, {"type": "Feature", "geometry": {"type": "Polygon", "coordinates": [[[-70.85418316720462, 43.05914501299711], [-70.85376101521965, 43.05864662362218], [-70.85340269004494, 43.05823442773272], [-70.85365039250257, 43.0581695010154], [-70.85375557572469, 43.05807498035605], [-70.85379593151661, 43.057970472699346], [-70.85395320150893, 43.05786679540026], [-70.85404514208099, 43.05779123507964], [-70.85404897720495, 43.05778880126636], [-70.85426786689153, 43.05764991460661], [-70.85469554702209, 43.05772916411564], [-70.85503468139188, 43.05762677558277], [-70.85538592552076, 43.05759115960562], [-70.85603469574687, 43.05765291752966], [-70.8563841846393, 43.05775065967827], [-70.85677201799652, 43.05789630699012], [-70.85709402409081, 43.05810817412048], [-70.8575068408626, 43.058330208914214], [-70.85799810645614, 43.05851468908732], [-70.85878803584298, 43.05871080333465], [-70.8595140147403, 43.058830247850416], [-70.86000728852504, 43.0588623061947], [-70.86030620016913, 43.058854885507785], [-70.86055240053741, 43.05890425401497], [-70.86074688708918, 43.05893420404883], [-70.86095473958926, 43.058935667672145], [-70.86107215502238, 43.05889838768679], [-70.861177078809, 43.0588229121383], [-70.86185656779716, 43.05897107092621], [-70.86194760471646, 43.05908573843423], [-70.86202368826648, 43.05918157102704], [-70.862394496605, 43.05931424322862], [-70.86290326362139, 43.059573121213745], [-70.86294532588285, 43.059591267777826], [-70.86285309836339, 43.05961753307681], [-70.86252878135329, 43.05977556644233], [-70.86222762369817, 43.05995445823956], [-70.86181016845208, 43.060084897406426], [-70.86143230656091, 43.06016797971902], [-70.86099036257049, 43.060183922844665], [-70.86015893824568, 43.06017806622744], [-70.85969176114877, 43.060136665237515], [-70.85900436301257, 43.06004607524234], [-70.85814908656582, 43.05987808101981], [-70.85717651974903, 43.05973783096063], [-70.85642517875242, 43.05957055902064], [-70.85585621701809, 43.059366467894414], [-70.8555610696372, 43.05908810000353], [-70.85527791028953, 43.058886031366704], [-70.8550853113089, 43.05871318450192], [-70.85479067204314, 43.05839671158776], [-70.85468523967135, 43.05851028428396], [-70.85452884808844, 43.05854728201166], [-70.85439693027844, 43.058698773084444], [-70.85442027014871, 43.05889900094093], [-70.85441813248119, 43.05906094044173], [-70.85426123749026, 43.05913604083576], [-70.85418316720462, 43.05914501299711]]]}, "properties": {"OBJECTID": 51, "density": "p", "Hectares": 10.4638374993, "Acres": 25.8567055688, "Year_": "2015", "comments": ""}}, {"type": "Feature", "geometry": {"type": "Polygon", "coordinates": [[[-70.85306385613691, 43.060135722193564], [-70.85257886398828, 43.05991480441158], [-70.85210135222344, 43.05967323766461], [-70.8514832165815, 43.05925918618587], [-70.85102047356975, 43.058884345632286], [-70.8506481634906, 43.05854825559646], [-70.85036717243926, 43.058184234687005], [-70.85029339852763, 43.05786932546638], [-70.8502971898606, 43.057583550636295], [-70.85037980901713, 43.05723165039823], [-70.85045031934798, 43.05681297599754], [-70.85078970934221, 43.05669154809388], [-70.85090973880766, 43.056404433353705], [-70.85107041834196, 43.05604356253339], [-70.8511779587471, 43.055975900289454], [-70.85128002640666, 43.05591168168221], [-70.85151010326716, 43.05624892522282], [-70.85201362857066, 43.056800095667874], [-70.85245646165995, 43.05733001666602], [-70.85273138816517, 43.05762158382607], [-70.85276394783617, 43.05765611343239], [-70.85305899096517, 43.05799381581443], [-70.85329042768765, 43.05817646948603], [-70.85340269004494, 43.05823442773272], [-70.85376101521965, 43.05864662362218], [-70.85418316720462, 43.05914501299711], [-70.85427711838126, 43.05921250092125], [-70.85487042156643, 43.059540620629605], [-70.8555797229127, 43.05981840410025], [-70.85621389394592, 43.06000390467904], [-70.85697828322645, 43.060288980151796], [-70.85740523233343, 43.060425374703335], [-70.85771526500778, 43.06056094122939], [-70.85777909364808, 43.060647132952674], [-70.85772587610276, 43.060742023727016], [-70.85762144584693, 43.060779392965564], [-70.85737461519291, 43.06077764763204], [-70.85668646112292, 43.06074419872386], [-70.85590636647689, 43.06078630752748], [-70.85533488188126, 43.06077273077183], [-70.85477726938363, 43.06069256190646], [-70.85415621216747, 43.0604976191699], [-70.85323749904396, 43.060214817117995], [-70.85306385613691, 43.060135722193564]]]}, "properties": {"OBJECTID": 52, "density": "sb", "Hectares": 10.6704385584, "Acres": 26.3672279039, "Year_": "2015", "comments": ""}}, {"type": "Feature", "geometry": {"type": "Polygon", "coordinates": [[[-70.85315239363423, 43.057394468700586], [-70.8526780018959, 43.056918330333865], [-70.85239782412742, 43.056492396934416], [-70.85200880988384, 43.055946603626175], [-70.85166356586059, 43.05552973158382], [-70.85142801457259, 43.05516841853984], [-70.85172351676889, 43.05492663831024], [-70.85183639082418, 43.05474167075284], [-70.85174098546409, 43.05458856304069], [-70.85165332354536, 43.054341195718436], [-70.85153250721093, 43.05414503653583], [-70.8514896307396, 43.05394943334165], [-70.851513480776, 43.05361997757017], [-70.85160756133048, 43.05338247867345], [-70.8517020838666, 43.05311163895695], [-70.85209177005372, 43.053605041585726], [-70.85240743143386, 43.05380258675421], [-70.85279285067821, 43.054050229822984], [-70.85327082550758, 43.05425369052399], [-70.85371109258476, 43.05436161340362], [-70.8539929114284, 43.054470828217596], [-70.85450057761012, 43.05458633436849], [-70.85478434191937, 43.05474077627265], [-70.85498991846374, 43.05491371579605], [-70.85505172744227, 43.05515232313895], [-70.85528215482638, 43.055411178978666], [-70.85555142987569, 43.05567983703366], [-70.85579510202027, 43.05591973283206], [-70.85598757011827, 43.056102104983694], [-70.8562446129629, 43.05631351433213], [-70.8566060812323, 43.056487554812364], [-70.85713517109106, 43.05675804795948], [-70.85788560345789, 43.05699199658441], [-70.8584010877769, 43.057310020762706], [-70.85899439508522, 43.057638119227065], [-70.85941858243744, 43.05798407549192], [-70.85975333853742, 43.05821507884491], [-70.86008922094724, 43.05836034768283], [-70.86036115116863, 43.05842895081147], [-70.86045108663825, 43.058505798591355], [-70.86065744034855, 43.05862157294881], [-70.86095472923735, 43.058737988119205], [-70.861177078809, 43.0588229121383], [-70.86107215502238, 43.05889838768679], [-70.86095473958926, 43.058935667672145], [-70.86074688708918, 43.05893420404883], [-70.86055240053741, 43.05890425401497], [-70.86030620016913, 43.058854885507785], [-70.86000728852504, 43.0588623061947], [-70.8595140147403, 43.058830247850416], [-70.85878803584298, 43.05871080333465], [-70.85799810645614, 43.05851468908732], [-70.8575068408626, 43.058330208914214], [-70.85709402409081, 43.05810817412048], [-70.85677201799652, 43.05789630699012], [-70.8563841846393, 43.05775065967827], [-70.85603469574687, 43.05765291752966], [-70.85538592552076, 43.05759115960562], [-70.85503468139188, 43.05762677558277], [-70.85469554702209, 43.05772916411564], [-70.85426786689153, 43.05764991460661], [-70.85404897720495, 43.05778880126636], [-70.85315239363423, 43.057394468700586]]]}, "properties": {"OBJECTID": 53, "density": "h", "Hectares": 15.658457298, "Acres": 38.692890638, "Year_": "2015", "comments": ""}}, {"type": "Feature", "geometry": {"type": "Polygon", "coordinates": [[[-70.8483340494312, 43.05622339934325], [-70.84773068230626, 43.05580228751969], [-70.84712890916508, 43.055262099449955], [-70.84686115569339, 43.054943119642196], [-70.84683530075058, 43.05479624642936], [-70.8468120921904, 43.0546644086993], [-70.84692226118663, 43.054516426051016], [-70.8469515840923, 43.054477037888866], [-70.84714278380062, 43.05422021059971], [-70.84767524515757, 43.053866769058565], [-70.84840947520762, 43.05360408126683], [-70.84881003829467, 43.05339566451043], [-70.84940403592454, 43.05317602923913], [-70.84992500646837, 43.053074954208824], [-70.85059049168461, 43.05334168832568], [-70.85073532425368, 43.053685683571125], [-70.85071198783217, 43.053976083819315], [-70.85076738903606, 43.05469670088183], [-70.85086758271734, 43.05497845444384], [-70.85118576622948, 43.05547611391862], [-70.85182397342426, 43.05613606113803], [-70.85200319815658, 43.05637050385461], [-70.8522298977295, 43.0566689653415], [-70.85243289534162, 43.057007152973], [-70.85273138816517, 43.05762158382607], [-70.85245646165995, 43.05733001666602], [-70.85201362857066, 43.056800095667874], [-70.85151010326716, 43.05624892522282], [-70.85128002640666, 43.05591168168221], [-70.8511779587471, 43.055975900289454], [-70.85107041834196, 43.05604356253339], [-70.85090973880766, 43.056404433353705], [-70.85078970934221, 43.05669154809388], [-70.85045031934798, 43.05681297599754], [-70.85037980901713, 43.05723165039823], [-70.8502971898606, 43.057583550636295], [-70.85029339852763, 43.05786932546638], [-70.85036717243926, 43.058184234687005], [-70.8506481634906, 43.05854825559646], [-70.85011625867517, 43.05806258603234], [-70.8498146966763, 43.05784161674726], [-70.84933625177969, 43.05718323627109], [-70.848773068556, 43.0567921881005], [-70.8483340494312, 43.05622339934325]]]}, "properties": {"OBJECTID": 54, "density": "h", "Hectares": 11.7558770448, "Acres": 29.0494048164, "Year_": "2015", "comments": ""}}, {"type": "Feature", "geometry": {"type": "Polygon", "coordinates": [[[-70.84966960609907, 43.05867863662015], [-70.84905713822954, 43.05832891832078], [-70.84887820127723, 43.058351456248616], [-70.84866773669202, 43.05830231807794], [-70.84829457471031, 43.05827583354652], [-70.84801868373441, 43.05826195195517], [-70.8477759026954, 43.058200672694944], [-70.84749985245126, 43.058198696973136], [-70.84717604105732, 43.0581249281107], [-70.84690379833138, 43.0578371754694], [-70.84649879791291, 43.0577628230607], [-70.84628881477646, 43.05767795828156], [-70.84628870259587, 43.057677901667205], [-70.84628794900522, 43.05767752359718], [-70.84627412789672, 43.05749926868466], [-70.846116034784, 43.05717660764335], [-70.84601899196288, 43.0569976839098], [-70.84597338811251, 43.056913599356655], [-70.84596048420407, 43.05666342969985], [-70.84601475588003, 43.05624702339534], [-70.84609816717398, 43.05608090313502], [-70.8461505321775, 43.0558073849283], [-70.84637992052821, 43.05565421928612], [-70.84647709068872, 43.05554380226474], [-70.84661153037528, 43.05533435158111], [-70.84661422778271, 43.05513192769076], [-70.84669085057989, 43.055000699073105], [-70.84669731860521, 43.05498962119475], [-70.846834471715, 43.05479628189765], [-70.84681126315658, 43.05466444416739], [-70.84692226118663, 43.054516426051016], [-70.8468120921904, 43.0546644086993], [-70.84683530075058, 43.05479624642936], [-70.84686115569339, 43.054943119642196], [-70.84712890916508, 43.055262099449955], [-70.84773068230626, 43.05580228751969], [-70.8483340494312, 43.05622339934325], [-70.848773068556, 43.0567921881005], [-70.84933625177969, 43.05718323627109], [-70.8498146966763, 43.05784161674726], [-70.85011625867517, 43.05806258603234], [-70.8506481634906, 43.05854825559646], [-70.85102047356975, 43.058884345632286], [-70.8514832165815, 43.05925918618587], [-70.85210135222344, 43.05967323766461], [-70.85257886398828, 43.05991480441158], [-70.85306385613691, 43.060135722193564], [-70.85251038104651, 43.059996901768336], [-70.85197828853183, 43.05970731314929], [-70.85117077635029, 43.059368124834606], [-70.8505251849017, 43.05906581230268], [-70.84966960609907, 43.05867863662015]]]}, "properties": {"OBJECTID": 55, "density": "p", "Hectares": 7.91588667332, "Acres": 19.5605819606, "Year_": "2015", "comments": ""}}, {"type": "Feature", "geometry": {"type": "Polygon", "coordinates": [[[-70.84475609606494, 43.057408523228425], [-70.84439884103074, 43.05699799821897], [-70.84439903879081, 43.05699798883798], [-70.84439879578235, 43.05699770984153], [-70.84439866763552, 43.05699756219411], [-70.844398797839, 43.05699755592837], [-70.84460284428357, 43.05698751961335], [-70.84460991836097, 43.05698717165818], [-70.84461053411226, 43.05698757485387], [-70.84490562056126, 43.0571809276557], [-70.84524112945732, 43.05714651435981], [-70.84553134569182, 43.05730340637584], [-70.84585419898382, 43.057448623491986], [-70.84614441943383, 43.05760551487843], [-70.84628794900522, 43.05767752359718], [-70.84628870259587, 43.057677901667205], [-70.84628881477646, 43.05767795828156], [-70.84640138552838, 43.057834051509005], [-70.84670483239567, 43.05821729591256], [-70.84673238969832, 43.05858665480687], [-70.84701817659281, 43.0590769479243], [-70.84743260748685, 43.05966342917339], [-70.84786439392668, 43.060166673461914], [-70.84833135688422, 43.06046772460031], [-70.84878145388211, 43.06081628629954], [-70.85012919774775, 43.06141005988814], [-70.84960668152269, 43.06131577125922], [-70.84881122531375, 43.061006599973794], [-70.84839539898464, 43.06078434767333], [-70.84838949285738, 43.06078084341474], [-70.84831726691237, 43.060742179831394], [-70.84792915578592, 43.06050769817503], [-70.84789855847089, 43.06048954261288], [-70.84736838517439, 43.060057044558185], [-70.84696121224273, 43.05969577828871], [-70.84659121663348, 43.05943114213989], [-70.84604822066065, 43.059154045595236], [-70.84552438317725, 43.05897880687552], [-70.84513857211938, 43.05868308960936], [-70.84478786350117, 43.05833011441619], [-70.84465439387688, 43.057827881848056], [-70.84467192702144, 43.057655586910954], [-70.84473446935674, 43.05747200404509], [-70.84475609606494, 43.057408523228425]]]}, "properties": {"OBJECTID": 56, "density": "h", "Hectares": 3.75763301607, "Acres": 9.28531339849, "Year_": "2015", "comments": ""}}, {"type": "Feature", "geometry": {"type": "Polygon", "coordinates": [[[-70.8455255707469, 43.06548555088495], [-70.84458682703395, 43.06524064330724], [-70.84338378838494, 43.06532726134437], [-70.8429913174323, 43.06552687992932], [-70.84240236568796, 43.065844167212724], [-70.84181244993736, 43.06623289394662], [-70.8400462585622, 43.065922438779744], [-70.83914033087524, 43.065653906208475], [-70.83863993202594, 43.06542402626152], [-70.83822490607831, 43.06488514426317], [-70.83832539167128, 43.064659611434614], [-70.8387833121936, 43.064424756719035], [-70.83882188126766, 43.06397251609908], [-70.83869251829412, 43.06363085435931], [-70.83820956330563, 43.06331297728982], [-70.83755138332056, 43.06304041484242], [-70.83739235936795, 43.062789185735646], [-70.8373963717775, 43.06249150409196], [-70.83750407759017, 43.061730145756684], [-70.8372121488287, 43.060495507623834], [-70.83745232958377, 43.059544574430696], [-70.83841483917, 43.058015357229195], [-70.84040938004387, 43.05624098469636], [-70.84176649905612, 43.05530762722046], [-70.84272699875372, 43.0548858429801], [-70.84370754195665, 43.054421324473765], [-70.84446973403115, 43.054255321053176], [-70.84501587457854, 43.05421637332122], [-70.84544548749824, 43.05414800661177], [-70.84628179999646, 43.05426832591707], [-70.84668926207488, 43.054399858057224], [-70.84695092504151, 43.05447684503381], [-70.8469515840923, 43.054477037888866], [-70.84692226118663, 43.054516426051016], [-70.84681126315658, 43.05466444416739], [-70.846834471715, 43.05479628189765], [-70.84669731860521, 43.05498962119475], [-70.84669085057989, 43.055000699073105], [-70.84661422778271, 43.05513192769076], [-70.84661153037528, 43.05533435158111], [-70.84647709068872, 43.05554380226474], [-70.84637992052821, 43.05565421928612], [-70.8461505321775, 43.0558073849283], [-70.84609816717398, 43.05608090313502], [-70.84601475588003, 43.05624702339534], [-70.84596048420407, 43.05666342969985], [-70.84597338811251, 43.056913599356655], [-70.84601899196288, 43.0569976839098], [-70.846116034784, 43.05717660764335], [-70.84627412789672, 43.05749926868466], [-70.84628794900522, 43.05767752359718], [-70.84614441943383, 43.05760551487843], [-70.84585419898382, 43.057448623491986], [-70.84553134569182, 43.05730340637584], [-70.84524112945732, 43.05714651435981], [-70.84490562056126, 43.0571809276557], [-70.84461053411226, 43.05698757485387], [-70.84460991836097, 43.05698717165818], [-70.84460284428357, 43.05698751961335], [-70.844398797839, 43.05699755592837], [-70.84439866763552, 43.05699756219411], [-70.84439879578235, 43.05699770984153], [-70.84439903879081, 43.05699798883798], [-70.84439884103074, 43.05699799821897], [-70.84475609606494, 43.057408523228425], [-70.84473446935674, 43.05747200404509], [-70.84467192702144, 43.057655586910954], [-70.84465439387688, 43.057827881848056], [-70.84478786350117, 43.05833011441619], [-70.84513857211938, 43.05868308960936], [-70.84552438317725, 43.05897880687552], [-70.84604822066065, 43.059154045595236], [-70.84659121663348, 43.05943114213989], [-70.84696121224273, 43.05969577828871], [-70.84736838517439, 43.060057044558185], [-70.84789855847089, 43.06048954261288], [-70.84792915578592, 43.06050769817503], [-70.84831726691237, 43.060742179831394], [-70.84838949285738, 43.06078084341474], [-70.84839539898464, 43.06078434767333], [-70.84881122531375, 43.061006599973794], [-70.84960668152269, 43.06131577125922], [-70.85012919774775, 43.06141005988814], [-70.85031487094403, 43.061443564508345], [-70.85116696600446, 43.06153511224213], [-70.85214474646226, 43.06159950462842], [-70.8530328051313, 43.06169820499486], [-70.85370320718755, 43.06176717461338], [-70.85428591496996, 43.061846218926405], [-70.85489399547136, 43.061906598054875], [-70.85444360622479, 43.0620613546851], [-70.85377122088451, 43.06214218760583], [-70.85291139633506, 43.062050469273885], [-70.85149748723786, 43.061922697232276], [-70.85049131905788, 43.06186202155893], [-70.84961605833324, 43.06183437338114], [-70.84864844425773, 43.06169841331159], [-70.84719862707695, 43.06121989449937], [-70.84607372914856, 43.06081171030626], [-70.8452199414125, 43.06053407223903], [-70.84485122301118, 43.06041710419525], [-70.84575584272176, 43.06126671396492], [-70.84660431044828, 43.06194443311374], [-70.84778293938152, 43.06271024857929], [-70.84840159090955, 43.063086216921846], [-70.84939089286144, 43.06343624948261], [-70.85069181797134, 43.063802786015295], [-70.8514868344705, 43.06410854378098], [-70.85187450781733, 43.06426849650281], [-70.85296355610129, 43.064447726478], [-70.85381875528108, 43.06462528525221], [-70.85457765157003, 43.06471641468949], [-70.85410880974096, 43.064798827029065], [-70.85323185103191, 43.06479259668217], [-70.85219899057526, 43.064785250112536], [-70.85105033851522, 43.064691328524994], [-70.85007897729625, 43.06445575900007], [-70.84840701508742, 43.06414372334798], [-70.84679391497914, 43.06380350574623], [-70.84595937823491, 43.06354030129364], [-70.84510459929321, 43.06333410664177], [-70.84405667099257, 43.06299790570109], [-70.84328062000864, 43.0627351021067], [-70.84370532620922, 43.063038249762336], [-70.84482833980734, 43.06358934436101], [-70.84614396344806, 43.06431329095549], [-70.8474636138827, 43.064737158705015], [-70.84860865064748, 43.06510260278759], [-70.84952212019006, 43.06529490027286], [-70.84997253709774, 43.06542672637851], [-70.84981397608368, 43.065625656591294], [-70.84957897822181, 43.065709719330926], [-70.84901211038611, 43.065834281003994], [-70.84830844231288, 43.06598644178185], [-70.8477604871018, 43.06615400361012], [-70.84705624125333, 43.06634902275246], [-70.84646873108314, 43.066559165278264], [-70.84601935328077, 43.066641683923486], [-70.84593875867687, 43.06616729485852], [-70.8455255707469, 43.06548555088495]]]}, "properties": {"OBJECTID": 57, "density": "p", "Hectares": 88.4195316849, "Acres": 218.489421061, "Year_": "2015", "comments": ""}}, {"type": "Feature", "geometry": {"type": "Polygon", "coordinates": [[[-70.84838696957111, 43.06694618176483], [-70.8484765717507, 43.066853395540264], [-70.84880138164463, 43.06685571744349], [-70.84941169257307, 43.06693875191192], [-70.84966552816611, 43.066902724351635], [-70.85004597599246, 43.066629164919654], [-70.85078100056522, 43.06607233044369], [-70.8513019534335, 43.065980776671566], [-70.85212096710534, 43.06594850192132], [-70.85262778956347, 43.06594258197157], [-70.85295183896768, 43.06600204697493], [-70.85332773149192, 43.06607140686387], [-70.8534181728533, 43.0661101562049], [-70.8530024213949, 43.06610720082135], [-70.85253381783858, 43.06617055463667], [-70.8520911982287, 43.06623409239615], [-70.85175264237975, 43.06628884224037], [-70.85154325084162, 43.06640167149755], [-70.85138494481326, 43.06658155194325], [-70.85130497074971, 43.066733410177015], [-70.85128945353259, 43.06692383420267], [-70.85133877127113, 43.067124246595284], [-70.85149316560135, 43.06723966800397], [-70.8517004146819, 43.06728877713668], [-70.85186881283235, 43.067328083757495], [-70.8522339902547, 43.06722588918653], [-70.8525600618888, 43.06713294166009], [-70.852807927219, 43.06705849074902], [-70.85310839107291, 43.066936780284735], [-70.85338286983634, 43.06681488345339], [-70.85364359894909, 43.066750049463266], [-70.85402050358971, 43.06674319934345], [-70.85429309272472, 43.066764188530776], [-70.8550497998088, 43.066557649897604], [-70.85573708358368, 43.06638239092681], [-70.85630496299473, 43.06651134547197], [-70.85679136070259, 43.06653308555601], [-70.85707772737136, 43.06670707795561], [-70.85740128401828, 43.06680463343435], [-70.85772264948636, 43.06706889152567], [-70.85820454515617, 43.067477182768464], [-70.85953190749092, 43.06781998896812], [-70.86173785016356, 43.06804987797781], [-70.85849124635882, 43.06790791096814], [-70.85670444520625, 43.06791909528162], [-70.85544891117372, 43.06811890692444], [-70.85491092422983, 43.06811121127181], [-70.8543654834017, 43.06808828705058], [-70.85356078343072, 43.06800291676067], [-70.85270932672545, 43.06792289996734], [-70.85334962319719, 43.068054040528146], [-70.85410165825361, 43.06814119244044], [-70.85469727008517, 43.06820129414248], [-70.85499117946229, 43.06824697945898], [-70.85519475146873, 43.06826565141232], [-70.85547933508641, 43.0683629368324], [-70.85566363661447, 43.06849548944314], [-70.85526963297013, 43.06858119581655], [-70.85507388226279, 43.06866356501713], [-70.85468510186496, 43.06879105411952], [-70.85361485937163, 43.068918114700764], [-70.8531328889569, 43.0692605196797], [-70.85248680304481, 43.06947726720447], [-70.85191782531263, 43.0697590188646], [-70.85129679346458, 43.069794752608196], [-70.85064872197944, 43.06967104888754], [-70.85009021344221, 43.06965277474718], [-70.84939104868124, 43.06970732555355], [-70.84845943742775, 43.0701412792595], [-70.84795579701516, 43.070149585296825], [-70.84792175627665, 43.06992293853933], [-70.84786627461547, 43.069553523959996], [-70.84791896114312, 43.06925619140673], [-70.84791219562624, 43.06903226471183], [-70.84789266090955, 43.06879157475056], [-70.84796757567607, 43.068532507721834], [-70.84814432484927, 43.068194634392825], [-70.84809032642298, 43.0678584310894], [-70.84809349550999, 43.067620285346756], [-70.84807048905654, 43.06739624242072], [-70.8481907167406, 43.06714940755871], [-70.84838696957111, 43.06694618176483]]]}, "properties": {"OBJECTID": 58, "density": "h", "Hectares": 21.8571127879, "Acres": 54.0101019322, "Year_": "2015", "comments": ""}}, {"type": "Feature", "geometry": {"type": "Polygon", "coordinates": [[[-70.84826390673952, 43.071835638204476], [-70.8483377299214, 43.07141460895598], [-70.8480945976954, 43.07066201936525], [-70.84798003535997, 43.07048257358534], [-70.84789461486866, 43.07031048168251], [-70.84791534082788, 43.070217744119944], [-70.84800313976938, 43.070211226795536], [-70.84817845114242, 43.07021962633951], [-70.8485098695433, 43.07021485087403], [-70.84870419680581, 43.07025911027521], [-70.84912331931126, 43.07025496080707], [-70.84940610934663, 43.07024269073736], [-70.84980564723404, 43.07024554347891], [-70.85015608236172, 43.07027662459931], [-70.85074105583163, 43.070259361517095], [-70.85091428443911, 43.07042493271218], [-70.8510883653585, 43.07052620398434], [-70.8511155164673, 43.07068358907799], [-70.85105477344285, 43.07085463689553], [-70.85094257997616, 43.07103155874461], [-70.85088408710246, 43.07123210818447], [-70.8509017766541, 43.071367989417205], [-70.85096838022713, 43.07148993016417], [-70.85124351505769, 43.071320410327566], [-70.85137010579544, 43.07132845689899], [-70.85167134901883, 43.07139490849348], [-70.85203077908983, 43.07148320817824], [-70.85244915326923, 43.07153620145132], [-70.85271047310228, 43.07167381563823], [-70.85312733718582, 43.07184111617052], [-70.85331268315397, 43.07182814364996], [-70.85367353474366, 43.07180927327681], [-70.85419995852088, 43.07179872202359], [-70.85467803348105, 43.07175924516403], [-70.85513595787363, 43.07176963816615], [-70.85542897074433, 43.0717217010157], [-70.85569312421872, 43.07164497757123], [-70.85612275375232, 43.07158371579062], [-70.85665156439785, 43.071545208449216], [-70.85664515656934, 43.071556843584666], [-70.85656071657185, 43.07162968730001], [-70.85628559602313, 43.07179922092912], [-70.85600091659379, 43.07195439521273], [-70.85558460972194, 43.07224286884282], [-70.85536738930628, 43.07245568079212], [-70.85505346831796, 43.07261064537512], [-70.85440764203186, 43.07280612472417], [-70.85394201073892, 43.0728621221579], [-70.85342541691759, 43.072865597493724], [-70.85298697523916, 43.072855335274355], [-70.85253964026346, 43.07278070329597], [-70.8518776254421, 43.072725975824135], [-70.85109942858976, 43.07261325721249], [-70.85050601431307, 43.07253043059249], [-70.85025481977668, 43.07236430261546], [-70.84998290429759, 43.07229091203133], [-70.84959366710599, 43.07224526327174], [-70.84929299174517, 43.07213594009629], [-70.84883582598611, 43.07206836799654], [-70.84826390673952, 43.071835638204476]]]}, "properties": {"OBJECTID": 59, "density": "p", "Hectares": 9.78035431877, "Acres": 24.1677818482, "Year_": "2015", "comments": ""}}, {"type": "Feature", "geometry": {"type": "Polygon", "coordinates": [[[-70.85312733718582, 43.07184111617052], [-70.85271047310228, 43.07167381563823], [-70.85244915326923, 43.07153620145132], [-70.85203077908983, 43.07148320817824], [-70.85167134901883, 43.07139490849348], [-70.85137010579544, 43.07132845689899], [-70.85124351505769, 43.071320410327566], [-70.85144665639292, 43.07121468178656], [-70.85156463875184, 43.07113692644926], [-70.85179984288831, 43.07103857113617], [-70.85211300570037, 43.07094077028923], [-70.85245549869046, 43.07083603179534], [-70.85278871646669, 43.07069550159909], [-70.85307301999134, 43.070568912730074], [-70.8532593069584, 43.07048449576348], [-70.85348580070387, 43.07030747925264], [-70.85369223694647, 43.070173190884844], [-70.85413330228361, 43.06998340721341], [-70.8546329277551, 43.069786891916934], [-70.85503482002308, 43.06961111683255], [-70.85532838808747, 43.06952031365076], [-70.85553349871032, 43.069486042101396], [-70.85570890342048, 43.069487285285284], [-70.85583586775115, 43.06946675032994], [-70.85592458498459, 43.0694959590467], [-70.85594197734663, 43.06950168487408], [-70.85599112389222, 43.06951786509598], [-70.85608800611573, 43.06956142159495], [-70.85635043180766, 43.06961741049091], [-70.85661224046218, 43.06964523916115], [-70.85690988571018, 43.06964215092959], [-70.8571717631031, 43.06966478397329], [-70.85746959726555, 43.069735535882316], [-70.85755441386517, 43.06983669627738], [-70.85748795891227, 43.069821406118855], [-70.85732476647678, 43.06988405549091], [-70.85720322425095, 43.069966314925495], [-70.85704605031536, 43.07006390753585], [-70.85683192216071, 43.070181877110116], [-70.85666002975688, 43.070320925481106], [-70.85646262601615, 43.070367436395344], [-70.8562029209049, 43.07045536685026], [-70.85598084907087, 43.070526976052705], [-70.85567613203105, 43.070494504874226], [-70.85545152838247, 43.07052863758502], [-70.8554108527177, 43.07065696069903], [-70.85554557738962, 43.070742529110795], [-70.85584871419965, 43.07071007879682], [-70.85623803065934, 43.07061924596556], [-70.85653684374357, 43.07052785213581], [-70.85687484670794, 43.07049584846735], [-70.85722814752506, 43.070226240049244], [-70.8574922826437, 43.07007745435735], [-70.85774823846702, 43.07001172935495], [-70.85796113495228, 43.0699872590449], [-70.85820155440213, 43.0700253225833], [-70.85828521153003, 43.070129812940976], [-70.85817640749251, 43.07032125847361], [-70.8579445304551, 43.07067489483566], [-70.8579229739665, 43.07083193318991], [-70.85788202140279, 43.07098168986866], [-70.85785222224672, 43.07102434944015], [-70.85776386054064, 43.071073740532164], [-70.85766565914321, 43.07113020657366], [-70.85747010053912, 43.071178838639945], [-70.85722572328608, 43.07123427054316], [-70.85700045938016, 43.07131841818581], [-70.85672637635108, 43.07140936353789], [-70.85665156439785, 43.071545208449216], [-70.85612275375232, 43.07158371579062], [-70.85569312421872, 43.07164497757123], [-70.85542897074433, 43.0717217010157], [-70.85513595787363, 43.07176963816615], [-70.85467803348105, 43.07175924516403], [-70.85419995852088, 43.07179872202359], [-70.85367353474366, 43.07180927327681], [-70.85331268315397, 43.07182814364996], [-70.85312733718582, 43.07184111617052]]]}, "properties": {"OBJECTID": 60, "density": "h", "Hectares": 8.50695834828, "Acres": 21.0211518778, "Year_": "2015", "comments": ""}}, {"type": "Feature", "geometry": {"type": "Polygon", "coordinates": [[[-70.85834021470124, 43.06872344047152], [-70.85852936064629, 43.06866761611747], [-70.85883544238193, 43.06861261700744], [-70.85900459933735, 43.06859475730514], [-70.85916719687879, 43.06858161472274], [-70.85935584157, 43.06856389201464], [-70.85953174502114, 43.068527026301965], [-70.85975974257286, 43.068481000349756], [-70.8600585136118, 43.06848787034977], [-70.86024672190929, 43.068503486892325], [-70.86053206385618, 43.068543603915465], [-70.86073326480873, 43.06855931118493], [-70.8610317244711, 43.068589992934086], [-70.86122649127876, 43.068600891281946], [-70.86139533579754, 43.068606842328286], [-70.86165475536451, 43.06864201137589], [-70.86201867872124, 43.06863504450146], [-70.8622071371813, 43.068631605852254], [-70.86241502129165, 43.0686330670769], [-70.862551756832, 43.06861021150643], [-70.86265526368798, 43.06864428169191], [-70.86270655087085, 43.06869703954899], [-70.86267925752647, 43.068796878282825], [-70.86254233481979, 43.06883402275891], [-70.86247374443288, 43.06893040356896], [-70.8623931308489, 43.069033677888285], [-70.86240355397962, 43.06913092451374], [-70.862420355118, 43.0692189983052], [-70.86232770774858, 43.069316712313515], [-70.86226244642006, 43.069430542619216], [-70.86214901692958, 43.06943494004704], [-70.86202257149161, 43.06935093186981], [-70.8617953167114, 43.06926125825779], [-70.86162574306506, 43.06916575187568], [-70.8613598257937, 43.069081294585466], [-70.86110218459585, 43.06899458152149], [-70.86097859872767, 43.068990327750655], [-70.86084420961262, 43.06901737561228], [-70.86072027778351, 43.069054610284205], [-70.86057017363304, 43.06910594962821], [-70.86042038015337, 43.06913347448298], [-70.86030975374936, 43.069146985072], [-70.86015390036339, 43.0691411230835], [-70.85995263520294, 43.069130177998446], [-70.85973156839069, 43.069142909408214], [-70.85948495406559, 43.0691221163958], [-70.85936152132865, 43.06912124566648], [-70.8591215904245, 43.06908620985321], [-70.85899259903519, 43.06901384915803], [-70.8588379984203, 43.068912726497096], [-70.85864366784502, 43.068868484270624], [-70.85842379084295, 43.06879071748867], [-70.85833958879387, 43.068771069912835], [-70.85834021470124, 43.06872344047152]]]}, "properties": {"OBJECTID": 61, "density": "h", "Hectares": 1.97409097926, "Acres": 4.87808504482, "Year_": "2015", "comments": ""}}, {"type": "Feature", "geometry": {"type": "Polygon", "coordinates": [[[-70.85594197734663, 43.06950168487408], [-70.85592458498459, 43.0694959590467], [-70.85583586775115, 43.06946675032994], [-70.85570890342048, 43.069487285285284], [-70.85553349871032, 43.069486042101396], [-70.85532838808747, 43.06952031365076], [-70.85541651333342, 43.06946993077165], [-70.85548616772505, 43.06942279069724], [-70.85559255885511, 43.06936102589377], [-70.85573151134291, 43.069293537173266], [-70.85585812681275, 43.06923786910945], [-70.85598454465294, 43.06919708547881], [-70.85615160439264, 43.06915361184185], [-70.85633636238464, 43.069071838084035], [-70.85648569615226, 43.069031335890664], [-70.85664892710645, 43.069011711208105], [-70.85676916865503, 43.069028147678466], [-70.85675748849516, 43.069089429037525], [-70.85651184758802, 43.069197760205775], [-70.85637654638803, 43.069248752362476], [-70.85625562012515, 43.069284260762714], [-70.85616282928532, 43.06933555371473], [-70.85606249427869, 43.069444737457836], [-70.85594197734663, 43.06950168487408]]]}, "properties": {"OBJECTID": 62, "density": "p", "Hectares": 0.214527180893, "Acres": 0.530108208695, "Year_": "2015", "comments": ""}}, {"type": "Feature", "geometry": {"type": "Polygon", "coordinates": [[[-70.85998265706918, 43.07058088494043], [-70.86018719244795, 43.07066013387637], [-70.86033678466634, 43.070761298614336], [-70.86058138238916, 43.07086032032691], [-70.86076380945136, 43.070963041732305], [-70.86098654019092, 43.071071786046495], [-70.8611428603884, 43.07114147884091], [-70.86099553586934, 43.07112900963603], [-70.86084769923919, 43.07110605695529], [-70.86067612993263, 43.071059596640964], [-70.86056931044294, 43.07103026409544], [-70.86044303113167, 43.07099841252227], [-70.8603006042304, 43.070959302442745], [-70.86015530373207, 43.070891590905056], [-70.86001684412743, 43.07079773000426], [-70.85995984262063, 43.070685388592835], [-70.85998265706918, 43.07058088494043]]]}, "properties": {"OBJECTID": 63, "density": "h", "Hectares": 0.162098569986, "Acres": 0.400554289716, "Year_": "2015", "comments": ""}}, {"type": "Feature", "geometry": {"type": "Polygon", "coordinates": [[[-70.86237749135758, 43.07787507584956], [-70.86240225695335, 43.07772044121647], [-70.8626796400885, 43.07762712284862], [-70.86294046798892, 43.07755750487571], [-70.86307025990456, 43.07757032464171], [-70.86313720543386, 43.077668444162015], [-70.86326684205893, 43.0776931708379], [-70.8633129050212, 43.077797800325826], [-70.86331417273556, 43.077800678937336], [-70.86336150235907, 43.07790818610783], [-70.8634385686982, 43.07797779640008], [-70.86347027875101, 43.07803756099245], [-70.86359898201243, 43.07813373097528], [-70.86377637537969, 43.078333012865556], [-70.8636062270182, 43.0783766937099], [-70.8635546815198, 43.078456433631615], [-70.86345778290524, 43.07858168686195], [-70.86345060067946, 43.07863403298289], [-70.86337751136851, 43.07875736759002], [-70.86325066215527, 43.07893153033224], [-70.86312705921544, 43.079027120028314], [-70.8629315274941, 43.07907218969436], [-70.86273248366561, 43.078979176768556], [-70.86261824593781, 43.078843729954926], [-70.86248335088598, 43.078560552964184], [-70.8624374819837, 43.07825656599997], [-70.86237749135758, 43.07787507584956]]]}, "properties": {"OBJECTID": 64, "density": "sb", "Hectares": 1.21448900645, "Acres": 3.00106769226, "Year_": "2015", "comments": ""}}, {"type": "Feature", "geometry": {"type": "Polygon", "coordinates": [[[-70.86377637537969, 43.078333012865556], [-70.86359898201243, 43.07813373097528], [-70.86347027875101, 43.07803756099245], [-70.8634385686982, 43.07797779640008], [-70.86336150235907, 43.07790818610783], [-70.86331417273556, 43.077800678937336], [-70.8633129050212, 43.077797800325826], [-70.86326684205893, 43.0776931708379], [-70.86313720543386, 43.077668444162015], [-70.86307025990456, 43.07757032464171], [-70.86294046798892, 43.07755750487571], [-70.8626796400885, 43.07762712284862], [-70.86240225695335, 43.07772044121647], [-70.86242021321033, 43.07758957516313], [-70.86250298731902, 43.07747107285309], [-70.86252187757077, 43.077268762197654], [-70.86246800692317, 43.077126079934814], [-70.86237818070005, 43.077077218015276], [-70.86228196628323, 43.07698127502833], [-70.8622194866862, 43.0767903015199], [-70.86205814556975, 43.07670580780889], [-70.86194615681761, 43.07657402804229], [-70.86191600847495, 43.076395189941984], [-70.86180371012432, 43.07628722430431], [-70.8617896479843, 43.07612040843137], [-70.86193708174653, 43.076026177731784], [-70.86210013460523, 43.07597969046556], [-70.86223148061626, 43.07587343894284], [-70.86233111835051, 43.075707421458965], [-70.86247854906603, 43.07561319003161], [-70.86262504644654, 43.075590403019795], [-70.86277123241466, 43.07559143008751], [-70.8630467381195, 43.075640999027215], [-70.86330553498513, 43.07572617468318], [-70.86356511007843, 43.07575181407878], [-70.86366365687914, 43.07566914626392], [-70.86366567814737, 43.07551435168789], [-70.86362149882086, 43.07540021001861], [-70.86355807472766, 43.07529687292255], [-70.86339343747466, 43.07521473076591], [-70.86323240994471, 43.07510642443467], [-70.86294128646934, 43.075009113332854], [-70.86266547233578, 43.074983358427296], [-70.86256894931674, 43.074911229939545], [-70.8625217790209, 43.074791814380035], [-70.86274038326728, 43.07487344578661], [-70.8629100465587, 43.07491362628041], [-70.86302498964504, 43.07481916683897], [-70.86299468211168, 43.074652236078], [-70.86291502650968, 43.07453259252079], [-70.86275415725086, 43.074412378388274], [-70.862740248547, 43.0742336545237], [-70.86269307841745, 43.07411423902226], [-70.8626273299224, 43.07417331912101], [-70.86256095854206, 43.07428002862512], [-70.86230029991975, 43.07433773874603], [-70.86205650626286, 43.07434793303726], [-70.8615536117506, 43.07429676208546], [-70.86114848476146, 43.07422246071893], [-70.86088844916127, 43.07423253818897], [-70.86090765679289, 43.07400641436622], [-70.86082847293518, 43.073851047077866], [-70.86083034519187, 43.073708159692494], [-70.8609790212661, 43.07351867218198], [-70.8612254628214, 43.073306055280916], [-70.86137429383322, 43.073104660099645], [-70.86158684449916, 43.072998979791144], [-70.86171506803969, 43.07313087418465], [-70.8619257497739, 43.07316808158936], [-70.86220311297741, 43.07307476414297], [-70.86257683834974, 43.073065482607426], [-70.86264351968768, 43.07293495878251], [-70.86283951447128, 43.072852977181306], [-70.86295227652631, 43.07292521951931], [-70.86312876197884, 43.07309317688871], [-70.86332351236341, 43.07310645248476], [-70.8636492893011, 43.073037288761626], [-70.86400419377236, 43.0730086070373], [-70.86425226942889, 43.0728867087989], [-70.86444934917037, 43.072721372609244], [-70.86458859248768, 43.07259207103272], [-70.86468108647574, 43.07238956189322], [-70.86481179934981, 43.07233093583137], [-70.86497612706994, 43.0722708780243], [-70.86518694081123, 43.07204847651045], [-70.86538569796801, 43.07191816130593], [-70.86556153783535, 43.071722427213224], [-70.86574813743765, 43.07152772142188], [-70.86593476668651, 43.07150116209605], [-70.86608921495362, 43.07153010812895], [-70.86625792774622, 43.07163203350349], [-70.86642657428665, 43.07181826908795], [-70.86673861623615, 43.072140311473085], [-70.86692511553056, 43.07246029916215], [-70.86696393394668, 43.07296523329518], [-70.86689056767538, 43.07414512353788], [-70.8667386555544, 43.07513456109591], [-70.86668033987476, 43.07603561954181], [-70.86654404462459, 43.07652291112677], [-70.86646838063022, 43.077344061306626], [-70.866399223039, 43.07766510423462], [-70.86625692944955, 43.07819879626512], [-70.86612894236771, 43.07846107637145], [-70.8660297753928, 43.07859137481779], [-70.86594793684469, 43.07863843597745], [-70.86588550289761, 43.07866077584321], [-70.86586516773284, 43.078756940796204], [-70.86570350619355, 43.078696267344995], [-70.86567024374787, 43.07875557652662], [-70.86563543004951, 43.078933958852566], [-70.86553548433265, 43.079123793411185], [-70.86537942837809, 43.07921677740785], [-70.86524904396734, 43.079249207169354], [-70.86514501321847, 43.07916869283246], [-70.86499174975967, 43.07904734428678], [-70.86492070477411, 43.07892895344217], [-70.86472593558187, 43.07891568042679], [-70.86459614045725, 43.078902862516166], [-70.86458129487222, 43.07879558266831], [-70.86451709645418, 43.078735590654134], [-70.864372301215, 43.07862739976692], [-70.86435714534409, 43.07854393505361], [-70.86432667836515, 43.078388911850936], [-70.86423108164244, 43.07824534106111], [-70.8640694230877, 43.078184665319675], [-70.86390636580379, 43.07823115533914], [-70.86377637537969, 43.078333012865556]]]}, "properties": {"OBJECTID": 65, "density": "h", "Hectares": 24.092764999, "Acres": 59.5345188567, "Year_": "2015", "comments": ""}}, {"type": "Feature", "geometry": {"type": "Polygon", "coordinates": [[[-70.86133196480026, 43.079635072930465], [-70.8613687760869, 43.07960294153016], [-70.86140541146058, 43.079584145653136], [-70.8614529173187, 43.07952922541513], [-70.86154378393498, 43.0795374855369], [-70.86165006883519, 43.07955919262862], [-70.86172516559859, 43.07958067933815], [-70.86181315857617, 43.079609878361616], [-70.86186176732988, 43.079669286054276], [-70.86191547407411, 43.079736351234516], [-70.86192777063111, 43.07978978660352], [-70.86191420238761, 43.07983351458012], [-70.8618747930312, 43.07986562788253], [-70.86182741196819, 43.07991102277568], [-70.86175938860713, 43.079944840418335], [-70.86170710780671, 43.07996733672871], [-70.86163963307209, 43.07995924130274], [-70.86156196138602, 43.079935830782546], [-70.86152342370481, 43.0799012635332], [-70.86146169561972, 43.07985128977889], [-70.86145984588343, 43.07979411659377], [-70.86144505010056, 43.079733041932414], [-70.86139861697247, 43.079706039837184], [-70.86134671053551, 43.079699958533254], [-70.86133196480026, 43.079635072930465]]]}, "properties": {"OBJECTID": 66, "density": "h", "Hectares": 0.153096157558, "Acres": 0.378308844145, "Year_": "2015", "comments": ""}}, {"type": "Feature", "geometry": {"type": "Polygon", "coordinates": [[[-70.86192234287851, 43.081650705036466], [-70.86181312826679, 43.08155466939752], [-70.86176196727864, 43.081484864005745], [-70.86162715865183, 43.0813683756538], [-70.86156174386714, 43.0812676538166], [-70.86149730301803, 43.08120060477497], [-70.86136829829401, 43.08110996633758], [-70.86126490007685, 43.081030720377115], [-70.86122663380057, 43.080962928239515], [-70.8611959165012, 43.08087008916494], [-70.86117960555057, 43.080782753349695], [-70.86115801992949, 43.08067191863055], [-70.86120351155122, 43.080639881698964], [-70.86132598438326, 43.08058407953476], [-70.86145535684788, 43.080544339636525], [-70.86160775094791, 43.0805007378442], [-70.86166658028317, 43.08045852373595], [-70.86174733550087, 43.08042223475519], [-70.86177716165696, 43.08045242708396], [-70.8618448085302, 43.0805190898524], [-70.86188469898255, 43.08057944528748], [-70.86192134199786, 43.080654673718215], [-70.86197941196454, 43.080708009696885], [-70.86206049165662, 43.080746501771564], [-70.86220296985913, 43.08079448375729], [-70.86232783662159, 43.08083734948717], [-70.86249547530231, 43.08086540018654], [-70.86262736270483, 43.080880869049224], [-70.86274330173738, 43.08086929743014], [-70.86290830421918, 43.08088559901929], [-70.86306482361287, 43.08087878679931], [-70.8632154999457, 43.0808606111267], [-70.86328282427446, 43.08085248998503], [-70.86335497621683, 43.08083654609757], [-70.86346937276505, 43.080803437387424], [-70.8635660774028, 43.08079418646104], [-70.8636482537201, 43.08082289046635], [-70.86369398925237, 43.08089460940024], [-70.86371602639403, 43.08103676697661], [-70.86370415882179, 43.081143018700395], [-70.86370211006741, 43.08123877414333], [-70.86366067766662, 43.081347557583065], [-70.86354603762011, 43.08146758511432], [-70.86342608082312, 43.081578598812435], [-70.86332487182463, 43.081670456274544], [-70.86320767293837, 43.08174976026544], [-70.86308787672812, 43.081802827839205], [-70.8629465016485, 43.0818484371281], [-70.86278349606008, 43.08189016222429], [-70.86257538024176, 43.081902990035154], [-70.86229684709352, 43.08183434592088], [-70.86210934540581, 43.08176157666105], [-70.86192234287851, 43.081650705036466]]]}, "properties": {"OBJECTID": 67, "density": "h", "Hectares": 1.97152663068, "Acres": 4.87174840147, "Year_": "2015", "comments": ""}}, {"type": "Feature", "geometry": {"type": "Polygon", "coordinates": [[[-70.86433476709239, 43.08185104208222], [-70.86445559167521, 43.08180473161084], [-70.86451029444608, 43.081845604282876], [-70.86456153194518, 43.081903123599325], [-70.86454420023516, 43.08198636051406], [-70.86454305066485, 43.0820744745045], [-70.86452191048254, 43.08220055572874], [-70.86451701462043, 43.08232674991944], [-70.86447690896745, 43.08241220899357], [-70.86443058459544, 43.08247618985009], [-70.86436154847735, 43.082537629626984], [-70.86429901050019, 43.0825991149258], [-70.86421366869591, 43.08266520302241], [-70.86407903114045, 43.08277381632167], [-70.86396429225435, 43.08285160625346], [-70.86392846074261, 43.08285850036448], [-70.86388969103388, 43.082841556525636], [-70.86387063270215, 43.08280807910485], [-70.86385182315921, 43.082755550645444], [-70.86384295266699, 43.08268832479354], [-70.86383769827287, 43.08259302132305], [-70.86386159159862, 43.08250506601407], [-70.86392750341467, 43.08243407823075], [-70.8639901970441, 43.08236068601146], [-70.8640203706578, 43.08228944747873], [-70.86406728474608, 43.082180219888826], [-70.8641204805249, 43.08208770729398], [-70.864186576861, 43.08200243061207], [-70.86425923461208, 43.08191243625481], [-70.86433476709239, 43.08185104208222]]]}, "properties": {"OBJECTID": 68, "density": "sb", "Hectares": 0.367289914809, "Acres": 0.90759314508, "Year_": "2015", "comments": ""}}, {"type": "Feature", "geometry": {"type": "Polygon", "coordinates": [[[-70.86172280246767, 43.085758813452955], [-70.86164469810461, 43.085767790390555], [-70.86163926104113, 43.08568677561569], [-70.8616210139357, 43.08559137978898], [-70.86157752230167, 43.08543864623361], [-70.86156683432306, 43.08526232704779], [-70.86147135716799, 43.08510922857253], [-70.8614543581691, 43.08491857492834], [-70.86142529930058, 43.08465638535872], [-70.86146090846177, 43.084418469057404], [-70.86149658095688, 43.08417578863655], [-70.86148869924322, 43.08378513776687], [-70.86148407345824, 43.083642204890225], [-70.861530807207, 43.083547267135735], [-70.86162989826413, 43.0834241167506], [-70.86182064554741, 43.083249214491204], [-70.86212854245434, 43.08306084559512], [-70.86236383946215, 43.08295770580495], [-70.8626463346248, 43.082937136656824], [-70.8630298362592, 43.0829303042328], [-70.86322716388145, 43.08289976122569], [-70.86340232424723, 43.082967577549404], [-70.86350875430506, 43.08308133065554], [-70.86359835605114, 43.08318675340426], [-70.86367318332118, 43.08321459566353], [-70.8635671018117, 43.08337580522412], [-70.86350234542907, 43.08357191047954], [-70.86334644472247, 43.08385059202441], [-70.86333189320861, 43.083969573774475], [-70.86319596746925, 43.08414136275858], [-70.86311536659407, 43.084250282286554], [-70.8627404921677, 43.084599561147186], [-70.86233953789343, 43.08502847437142], [-70.86199353002948, 43.08543204600118], [-70.8618150240295, 43.08566419469044], [-70.86172280246767, 43.085758813452955]]]}, "properties": {"OBJECTID": 69, "density": "sb", "Hectares": 3.28509631277, "Acres": 8.11764977524, "Year_": "2015", "comments": ""}}, {"type": "Feature", "geometry": {"type": "Polygon", "coordinates": [[[-70.86017983550545, 43.08924884186991], [-70.86010595490086, 43.08930706909147], [-70.85994526079139, 43.0892948220461], [-70.85979117078126, 43.08915083541421], [-70.85969044507492, 43.0889024302473], [-70.85950918333603, 43.088752538294926], [-70.85933659135475, 43.08862842385622], [-70.85916838039509, 43.088570076865395], [-70.85903260942827, 43.088420505162546], [-70.85887901524573, 43.088334629635234], [-70.85886752093369, 43.08822022832524], [-70.85893413192274, 43.08809685199171], [-70.85908947003549, 43.088145581199804], [-70.85924530765489, 43.08815620819834], [-70.85940177085222, 43.08811920479324], [-70.85949412586486, 43.088015062507665], [-70.8597166987277, 43.08789278575473], [-70.85992664813581, 43.08774183862342], [-70.86016334159692, 43.08753391950801], [-70.86036004245007, 43.087401931856405], [-70.86057023965355, 43.08723193250901], [-70.86068908348159, 43.087089869406796], [-70.86084691671316, 43.08694807985162], [-70.86093739463098, 43.08698682430449], [-70.86089615709939, 43.0871580142222], [-70.86082954983718, 43.08728139264949], [-70.86065871814364, 43.08742308971402], [-70.86042277764595, 43.08757385507398], [-70.86023794804089, 43.087791666626934], [-70.86013022341885, 43.08807670873285], [-70.86007623635335, 43.08822875479355], [-70.86009847954429, 43.088514712900185], [-70.86008235803367, 43.08875276686893], [-70.86014496879896, 43.08893421480195], [-70.86019483196007, 43.089096520094124], [-70.86017983550545, 43.08924884186991]]]}, "properties": {"OBJECTID": 70, "density": "h", "Hectares": 1.16060761806, "Acres": 2.86792388196, "Year_": "2015", "comments": ""}}, {"type": "Feature", "geometry": {"type": "Polygon", "coordinates": [[[-70.8578234963303, 43.0930245997501], [-70.85797472808137, 43.092892294933826], [-70.85817188949564, 43.092726970787204], [-70.8582621868941, 43.09262345056124], [-70.85838723275951, 43.092505250198045], [-70.85844229247219, 43.09242879080943], [-70.85851547092804, 43.09230069756477], [-70.85862751830601, 43.0921824051276], [-70.85866145245626, 43.09207308739787], [-70.85872184654323, 43.091994601473], [-70.85888207026989, 43.091919518967295], [-70.85909453424208, 43.09182575128422], [-70.8593833929382, 43.091606293898224], [-70.85963231872601, 43.09145800420726], [-70.85979532475645, 43.091352295945995], [-70.85990438874381, 43.09131537171522], [-70.85992996517925, 43.09133625657909], [-70.85992276542969, 43.091364785846366], [-70.85979839419421, 43.091456794465905], [-70.85969754904752, 43.09154144173862], [-70.85967485176825, 43.09170837985361], [-70.85966974574153, 43.09182504666262], [-70.85959185522881, 43.09199867703479], [-70.85952970364359, 43.09209556916042], [-70.85942440890007, 43.09219485647387], [-70.85919188306872, 43.092331353227834], [-70.85894989014737, 43.09244634721314], [-70.85867233897106, 43.09257156924544], [-70.85844024973123, 43.09267472388605], [-70.85827487042882, 43.092803912047124], [-70.8581643487809, 43.09289665221585], [-70.8580004646014, 43.093002668767866], [-70.85788798492116, 43.093063162869164], [-70.85782943155415, 43.093067511730695], [-70.8578234963303, 43.0930245997501]]]}, "properties": {"OBJECTID": 71, "density": "h", "Hectares": 0.694988449083, "Acres": 1.71735385826, "Year_": "2015", "comments": ""}}, {"type": "Feature", "geometry": {"type": "Polygon", "coordinates": [[[-70.72484160012739, 43.08191657706245], [-70.72493174966019, 43.08197066866723], [-70.72500385165617, 43.082015084414635], [-70.72506853473571, 43.08203467033244], [-70.72511505380295, 43.08201721469699], [-70.72519240467335, 43.082058340231704], [-70.72524807140672, 43.08203021822614], [-70.72530506718786, 43.082018193842885], [-70.72534677739601, 43.08202743233128], [-70.7253697602872, 43.082054296664026], [-70.72534070468913, 43.082084542379796], [-70.72530987794086, 43.08211424512481], [-70.72518481268341, 43.08212972777226], [-70.72510669585219, 43.08213861138389], [-70.7250335518907, 43.082112500832835], [-70.7249744444963, 43.082068192046236], [-70.72487918468848, 43.082008342415484], [-70.7248252180088, 43.08196788622855], [-70.7248274825972, 43.08192940242861], [-70.72484160012739, 43.08191657706245]]]}, "properties": {"OBJECTID": 72, "density": "sb", "Hectares": 0.0395117626693, "Acres": 0.0976356918683, "Year_": "2015", "comments": ""}}, {"type": "Feature", "geometry": {"type": "Polygon", "coordinates": [[[-70.71767863631038, 43.08071744909048], [-70.71770036443144, 43.08062533972607], [-70.71773418461012, 43.08053928427746], [-70.7177712370435, 43.08050684380739], [-70.71784018125926, 43.080513370053744], [-70.71791832246853, 43.08055249881066], [-70.71802564471939, 43.080560290107606], [-70.7181179029436, 43.080582490376706], [-70.71823253656486, 43.08075668131838], [-70.71831490329299, 43.08084346136475], [-70.71826781074064, 43.08085503865621], [-70.71818870099709, 43.0808258767578], [-70.71812801768694, 43.08081048783609], [-70.71807130308255, 43.08080108632528], [-70.71795791862682, 43.08077930676914], [-70.71785662642051, 43.08076358191072], [-70.7177593019124, 43.08076528721191], [-70.71767863631038, 43.08071744909048]]]}, "properties": {"OBJECTID": 73, "density": "h", "Hectares": 0.106950708584, "Acres": 0.264280956427, "Year_": "2015", "comments": ""}}, {"type": "Feature", "geometry": {"type": "Polygon", "coordinates": [[[-70.7176099596084, 43.08069365814185], [-70.71743160222837, 43.08067133916189], [-70.71719071305728, 43.08064752348363], [-70.7170134353156, 43.080648504389], [-70.71691010695197, 43.080625582137046], [-70.71680700694263, 43.080615545643475], [-70.71672881136895, 43.08059396515058], [-70.71669060568522, 43.080545307707794], [-70.71665750472704, 43.080522968234526], [-70.71667163849075, 43.08047405218916], [-70.71667220661743, 43.080437282765324], [-70.71673324423614, 43.0803963885424], [-70.71693631015567, 43.08043232874052], [-70.71713062048244, 43.08043662919449], [-70.71727238406324, 43.08046162185497], [-70.71737344581082, 43.08049223122602], [-70.71744654239353, 43.080492837614734], [-70.71757387520809, 43.080525669385814], [-70.71764410233908, 43.08052625184825], [-70.71769776492435, 43.08053064678743], [-70.7176527280158, 43.08055408964951], [-70.71765609933728, 43.08059877443086], [-70.71763104456579, 43.08064322255514], [-70.7176099596084, 43.08069365814185]]]}, "properties": {"OBJECTID": 74, "density": "p", "Hectares": 0.167206596985, "Acres": 0.413176499318, "Year_": "2015", "comments": ""}}, {"type": "Feature", "geometry": {"type": "Polygon", "coordinates": [[[-70.71847360454844, 43.08116558190778], [-70.71840470666278, 43.08115607960575], [-70.71841193438603, 43.081110085639935], [-70.71845612184563, 43.08108901725927], [-70.7185272230019, 43.08111243802003], [-70.71851855102788, 43.08114809161808], [-70.71847360454844, 43.08116558190778]]]}, "properties": {"OBJECTID": 75, "density": "sb", "Hectares": 0.00609546006811, "Acres": 0.0150622098535, "Year_": "2015", "comments": ""}}, {"type": "Feature", "geometry": {"type": "Polygon", "coordinates": [[[-70.71571654815608, 43.07928460155589], [-70.71575951713207, 43.07923732499019], [-70.71585007324354, 43.07926427567996], [-70.71588474008558, 43.07933363194192], [-70.71590349542349, 43.079381421429645], [-70.7159158279812, 43.07942439391375], [-70.71594743024286, 43.07948181650476], [-70.71594005004458, 43.07953891610563], [-70.71593610157717, 43.07958413513103], [-70.71595434153905, 43.07966526307013], [-70.71591298622297, 43.07971339836107], [-70.71585175579668, 43.079787019384526], [-70.71593426547365, 43.079809139510665], [-70.71593847596966, 43.07985204450601], [-70.71581761044992, 43.07989276793411], [-70.71567828607746, 43.0798677928426], [-70.71565989909831, 43.079796190010086], [-70.71567805746399, 43.079672493619874], [-70.71568451648207, 43.07957127865127], [-70.715653001492, 43.07940310940154], [-70.71571654815608, 43.07928460155589]]]}, "properties": {"OBJECTID": 76, "density": "sb", "Hectares": 0.134758985162, "Acres": 0.332996704347, "Year_": "2015", "comments": ""}}, {"type": "Feature", "geometry": {"type": "Polygon", "coordinates": [[[-70.71575661812103, 43.079992184001505], [-70.7157648524387, 43.079962212366674], [-70.71579072336712, 43.07995065689125], [-70.71584295939769, 43.07993441913253], [-70.7158950112835, 43.079930088006286], [-70.71596304974375, 43.07994256240089], [-70.7159518917042, 43.07997094258405], [-70.71592663867818, 43.079989871020736], [-70.71586176450036, 43.080000202288325], [-70.71579351974283, 43.080001064656145], [-70.71575661812103, 43.079992184001505]]]}, "properties": {"OBJECTID": 77, "density": "h", "Hectares": 0.00976646997478, "Acres": 0.024133472887, "Year_": "2015", "comments": ""}}, {"type": "Feature", "geometry": {"type": "Polygon", "coordinates": [[[-70.71317314413463, 43.07914620968105], [-70.71313720600008, 43.07913805093506], [-70.71313028849556, 43.079117797350804], [-70.71316986279348, 43.07908001984046], [-70.71321242735934, 43.079058939955054], [-70.71327320602424, 43.07904201211363], [-70.71334840320077, 43.07903263516687], [-70.71340125283314, 43.079034314072324], [-70.71342037532878, 43.07905829065057], [-70.71340502887394, 43.07908904631902], [-70.71334928150317, 43.079105165497964], [-70.71328996146217, 43.07909288100939], [-70.71323138663058, 43.079098823693435], [-70.7132093136806, 43.079139366513914], [-70.71317314413463, 43.07914620968105]]]}, "properties": {"OBJECTID": 78, "density": "sb", "Hectares": 0.014854814892, "Acres": 0.036707047005, "Year_": "2015", "comments": ""}}, {"type": "Feature", "geometry": {"type": "Polygon", "coordinates": [[[-70.71149717271607, 43.07958725902221], [-70.71153286940442, 43.07957452090693], [-70.71155920528592, 43.079573312181175], [-70.71157068955196, 43.07958698331611], [-70.71159732009767, 43.07958237894579], [-70.71160879327354, 43.079596764709564], [-70.71165157180378, 43.079603790116884], [-70.71168014466909, 43.0796049809503], [-70.71169281457398, 43.07962604596159], [-70.71169193127719, 43.07964156630999], [-70.71166042617934, 43.07966392073603], [-70.71166471336353, 43.079683511542086], [-70.71167227710966, 43.07969857849646], [-70.71166239738025, 43.07970707094327], [-70.71163310467932, 43.07971039828995], [-70.71160878389033, 43.07970733730059], [-70.71155515694157, 43.07970301541682], [-70.71153157429879, 43.07971520384229], [-70.71149764119183, 43.079724446963304], [-70.71146152186138, 43.07970699745207], [-70.7114500930951, 43.07968975404392], [-70.71144522122756, 43.079668755003276], [-70.71146635251871, 43.07964701976374], [-70.7114772369245, 43.07961567261537], [-70.71149717271607, 43.07958725902221]]]}, "properties": {"OBJECTID": 79, "density": "sb", "Hectares": 0.0232551294272, "Acres": 0.0574646762817, "Year_": "2015", "comments": ""}}, {"type": "Feature", "geometry": {"type": "Polygon", "coordinates": [[[-70.71175406128093, 43.07951080761218], [-70.7117229779013, 43.07950387984457], [-70.71171302690124, 43.07947521679165], [-70.71174710778413, 43.07945644757013], [-70.71177469219477, 43.079437624125745], [-70.71180354727062, 43.07942071691188], [-70.71184140934194, 43.0794096008503], [-70.7118662020857, 43.07940313935909], [-70.71189377164954, 43.07938526812875], [-70.71191165381171, 43.07938446496772], [-70.71192346464532, 43.079403442521894], [-70.71195487311137, 43.07939908046876], [-70.71196081033129, 43.07942012438374], [-70.71198135098938, 43.079436490496995], [-70.71198365327568, 43.07945556334379], [-70.71196773444267, 43.07947638890194], [-70.71193517452141, 43.079480880875714], [-70.71191425053178, 43.079489280295604], [-70.71188152667459, 43.079504249622175], [-70.71186188691496, 43.079513613015074], [-70.71184638219977, 43.07950776763817], [-70.71180348537989, 43.07950836205173], [-70.71178005080134, 43.07951102449537], [-70.71175406128093, 43.07951080761218]]]}, "properties": {"OBJECTID": 80, "density": "sb", "Hectares": 0.0193013725645, "Acres": 0.047694730304, "Year_": "2015", "comments": ""}}, {"type": "Feature", "geometry": {"type": "Polygon", "coordinates": [[[-70.7100797910432, 43.08097441218624], [-70.71006864791732, 43.08085523540046], [-70.70997901844905, 43.08076874607281], [-70.70989640461764, 43.080648971700704], [-70.70992940995471, 43.08061590493263], [-70.71003373915111, 43.080592959925184], [-70.7101120041994, 43.080574561475586], [-70.71014552929141, 43.08050815445431], [-70.71013386743392, 43.08042231696479], [-70.71019301181907, 43.08037994135318], [-70.71025185855977, 43.08035661595757], [-70.71034341387968, 43.080319274796544], [-70.71044176314494, 43.080262936701324], [-70.71057129134823, 43.08019711753498], [-70.71065003832277, 43.080147760921584], [-70.71073618168502, 43.08013440483545], [-70.71080571542112, 43.08016573238531], [-70.71087469013773, 43.0802117755004], [-70.71087448342259, 43.080340169549686], [-70.7109958041578, 43.08035338179359], [-70.710984951201, 43.08043419191195], [-70.71093930083315, 43.08055982459094], [-70.71089521668524, 43.08067854001825], [-70.71081703727315, 43.08078527667524], [-70.71073079332129, 43.0808988762172], [-70.71063864489061, 43.08097431999454], [-70.71058001989884, 43.0809833565391], [-70.71050219885875, 43.08097317991816], [-70.71048698109144, 43.08111595275093], [-70.71044090721243, 43.081153674101806], [-70.7103763767868, 43.08112455482712], [-70.7102858562437, 43.081095218293505], [-70.71020146439544, 43.08108975018224], [-70.71011699724629, 43.08108904411224], [-70.71008510203768, 43.08105067021554], [-70.7100797910432, 43.08097441218624]]]}, "properties": {"OBJECTID": 81, "density": "sb", "Hectares": 0.581781344177, "Acres": 1.43761300983, "Year_": "2015", "comments": ""}}, {"type": "Feature", "geometry": {"type": "Polygon", "coordinates": [[[-70.70275111990037, 43.076815691589736], [-70.70274173341176, 43.076792748507465], [-70.70279480743758, 43.07676461556803], [-70.7028148134607, 43.07673191661703], [-70.70283833691418, 43.07672354075321], [-70.70289880287541, 43.07672119204147], [-70.70298476435016, 43.07670905546162], [-70.70304350318288, 43.07672077329921], [-70.70310130419217, 43.07676413096357], [-70.70311764015166, 43.076813062485805], [-70.7030936127207, 43.07684027897], [-70.70304739026234, 43.07688262022936], [-70.70298876497279, 43.076896556051466], [-70.70295243843626, 43.07690598532255], [-70.70291558415252, 43.07689424292306], [-70.70287861522534, 43.07687657560659], [-70.7027944526679, 43.07685681305904], [-70.70275111990037, 43.076815691589736]]]}, "properties": {"OBJECTID": 82, "density": "sb", "Hectares": 0.0460102676902, "Acres": 0.11369384749, "Year_": "2015", "comments": ""}}, {"type": "Feature", "geometry": {"type": "Polygon", "coordinates": [[[-70.70022461684836, 43.07431151988941], [-70.70038815069518, 43.074448656521525], [-70.70053241831991, 43.07457133933941], [-70.70065852171054, 43.074609558009676], [-70.70098473871865, 43.07478798366216], [-70.70114055376028, 43.07490577088122], [-70.70122632821821, 43.0750702027719], [-70.70137541050167, 43.075267238597625], [-70.70143215973268, 43.07541945336779], [-70.7014289410534, 43.07549332289969], [-70.70134715244946, 43.07545279916003], [-70.70122999307355, 43.075336938858584], [-70.70112969262179, 43.075271327995466], [-70.70103986364083, 43.075184545474315], [-70.70097786282734, 43.075134751192614], [-70.70090583608736, 43.075053382025814], [-70.70077394779845, 43.07494569099805], [-70.70055893819665, 43.074744472844934], [-70.70031056360078, 43.07460222903573], [-70.70010665991488, 43.07443581301696], [-70.69993839613632, 43.07425810819615], [-70.69987738744955, 43.07407994561606], [-70.6999547861153, 43.07411632500299], [-70.70022461684836, 43.07431151988941]]]}, "properties": {"OBJECTID": 83, "density": "sb", "Hectares": 0.330328646257, "Acres": 0.816259861429, "Year_": "2015", "comments": ""}}, {"type": "Feature", "geometry": {"type": "Polygon", "coordinates": [[[-70.69797298241578, 43.06955961423897], [-70.6979884205898, 43.06981696535256], [-70.69800329629271, 43.07011003809824], [-70.69799879577887, 43.07039580044449], [-70.69802555444157, 43.0705532180972], [-70.69808188360642, 43.07068944966034], [-70.69808971489059, 43.070810981576464], [-70.69814604440971, 43.07094721400567], [-70.69843062108842, 43.071442629327535], [-70.69860773993756, 43.071760617363275], [-70.69872037053915, 43.071898550894], [-70.69883610345207, 43.072121981510875], [-70.69905303886259, 43.07258109758248], [-70.69932597265436, 43.072983240301305], [-70.69929714752315, 43.07306706962162], [-70.69919532128678, 43.07302786379688], [-70.69855114470667, 43.07226961663502], [-70.69845875842874, 43.0719473091215], [-70.69835769339791, 43.07182403237037], [-70.6982228430624, 43.07172286104554], [-70.69808490335794, 43.07155116838423], [-70.69776543010316, 43.071310725555065], [-70.69757413947613, 43.07108046447195], [-70.69738206062523, 43.07081928313226], [-70.69719871130077, 43.07063844978151], [-70.69721310402473, 43.070099776240305], [-70.69709534367432, 43.069469775349006], [-70.69706564436015, 43.069253270403046], [-70.69699346638204, 43.068678672369295], [-70.69690128107709, 43.068344456015296], [-70.69679580467982, 43.06802918148907], [-70.69667523359142, 43.06784715189053], [-70.69646067881428, 43.06744521128201], [-70.69578687141743, 43.06633479109904], [-70.69629376586322, 43.06632972724067], [-70.69671465241674, 43.066438535936264], [-70.69736311110356, 43.06672938479947], [-70.69767305980359, 43.067028545764614], [-70.69773600397524, 43.06737716587389], [-70.69769001700713, 43.06761521876849], [-70.6977979930652, 43.068000118473954], [-70.69799705080223, 43.06931021829595], [-70.69797298241578, 43.06955961423897]]]}, "properties": {"OBJECTID": 84, "density": "h", "Hectares": 4.83320924891, "Acres": 11.9431201516, "Year_": "2015", "comments": ""}}, {"type": "Feature", "geometry": {"type": "Polygon", "coordinates": [[[-70.69397994172124, 43.06486960498769], [-70.69405103046853, 43.06492799228241], [-70.69406234308609, 43.06500172419173], [-70.6940377891117, 43.065064229612254], [-70.69396916819522, 43.06506879344578], [-70.6939113628438, 43.065067564836575], [-70.69375792937164, 43.065078131727475], [-70.69366989757442, 43.065098817832904], [-70.69356322610624, 43.06506575796221], [-70.69349212736981, 43.064940115756436], [-70.69351330968321, 43.064833120194486], [-70.69349903333723, 43.06470891357774], [-70.69349647845543, 43.06466506847756], [-70.6934977215993, 43.06458648430971], [-70.69354241522834, 43.06453327608937], [-70.69365021449565, 43.06449489539681], [-70.69374362591317, 43.06444210223855], [-70.69378939251892, 43.06432102560002], [-70.69377647111706, 43.06421374002656], [-70.69384501473087, 43.06419288815945], [-70.69390812146014, 43.0642077146725], [-70.69394064174755, 43.06430802136674], [-70.69393367991314, 43.06444014523883], [-70.69385907903123, 43.064535968572336], [-70.69380959943685, 43.0646177892103], [-70.69378906628084, 43.0646496945317], [-70.69372465977814, 43.064717024375774], [-70.69373327404571, 43.0647885477895], [-70.69380595479812, 43.06481417396048], [-70.69398150914206, 43.064804948142445], [-70.69401011787325, 43.064844489588275], [-70.69397994172124, 43.06486960498769]]]}, "properties": {"OBJECTID": 85, "density": "h", "Hectares": 0.246797059511, "Acres": 0.609848815355, "Year_": "2015", "comments": ""}}, {"type": "Feature", "geometry": {"type": "Polygon", "coordinates": [[[-70.71383919719727, 43.055885778528015], [-70.71380682839417, 43.055826264884516], [-70.71376868940042, 43.055772359796755], [-70.71379387479324, 43.05571898110685], [-70.71375590181222, 43.05565436007462], [-70.71378075406095, 43.05562241415606], [-70.7138444654227, 43.055597937277135], [-70.71392273433118, 43.05557715340628], [-70.71396120514392, 43.05560962656339], [-70.71399441875383, 43.05566706332494], [-70.7140132947673, 43.05570651791461], [-70.71404683902222, 43.05574252276953], [-70.71398777777581, 43.05578132853567], [-70.71399680042818, 43.055827846577095], [-70.71396663439877, 43.055888328426214], [-70.71393551293623, 43.0559580307664], [-70.71383919719727, 43.055885778528015]]]}, "properties": {"OBJECTID": 86, "density": "h", "Hectares": 0.0584841140418, "Acres": 0.144517393101, "Year_": "2015", "comments": ""}}, {"type": "Feature", "geometry": {"type": "Polygon", "coordinates": [[[-70.71408905667134, 43.05644116177059], [-70.71425479618809, 43.05641826936653], [-70.71442384835615, 43.05651256208095], [-70.71456882256629, 43.05658879141566], [-70.71479317222607, 43.05657279500855], [-70.71490050256821, 43.05656297042743], [-70.71515336149434, 43.05659365334931], [-70.71532352003962, 43.056616502731494], [-70.71543965582222, 43.05666748383028], [-70.71551665566706, 43.05672885684669], [-70.71558598037404, 43.05673420479551], [-70.71571131260765, 43.05676799425779], [-70.71581298002005, 43.05675693084806], [-70.71597198215879, 43.05671359582298], [-70.71622771877486, 43.0567157201576], [-70.71629161059442, 43.05678472336875], [-70.7161181976986, 43.05689461858016], [-70.71603428377716, 43.056965371811806], [-70.71589180506099, 43.057042783886985], [-70.71578895790444, 43.05707765402836], [-70.7156812391219, 43.057112484492045], [-70.71563158930947, 43.05717280484858], [-70.71556265798249, 43.057192484678254], [-70.71544489073727, 43.05719448263621], [-70.71536323091587, 43.057199154371084], [-70.71526586222329, 43.057194772146794], [-70.7150601720187, 43.05717565453086], [-70.7148896793127, 43.05717423661646], [-70.71471134498685, 43.05715489041612], [-70.71451787912042, 43.05706396774084], [-70.71449581719372, 43.05689899345754], [-70.71429764682817, 43.05679731394247], [-70.71420714941759, 43.05668031301984], [-70.71415207031471, 43.05656672500099], [-70.71408905667134, 43.05644116177059]]]}, "properties": {"OBJECTID": 87, "density": "h", "Hectares": 0.821333540926, "Acres": 2.02955937942, "Year_": "2015", "comments": ""}}, {"type": "Feature", "geometry": {"type": "Polygon", "coordinates": [[[-70.71722562202196, 43.05684843779852], [-70.71731363436669, 43.056827733352904], [-70.7173769047854, 43.05683183007449], [-70.71754197299568, 43.05686892489146], [-70.71761952736031, 43.05689457549164], [-70.71758996912831, 43.0569157658888], [-70.71752576196927, 43.05697239359644], [-70.71745662932184, 43.0570325531512], [-70.7173972370794, 43.05709279346434], [-70.71732992276078, 43.05703507480592], [-70.71729736786918, 43.05693477340554], [-70.71722562202196, 43.05684843779852]]]}, "properties": {"OBJECTID": 88, "density": "h", "Hectares": 0.0474500262484, "Acres": 0.117251568367, "Year_": "2015", "comments": ""}}, {"type": "Feature", "geometry": {"type": "Polygon", "coordinates": [[[-70.71720603306676, 43.05500441520674], [-70.71730876893878, 43.054913382669795], [-70.71740767701142, 43.05481774456518], [-70.71745024901134, 43.054761566654115], [-70.71760350975329, 43.0546163644329], [-70.71774659648828, 43.0545744801057], [-70.71786575771583, 43.054555462071086], [-70.71794575270617, 43.05454898071883], [-70.7180285468982, 43.05460131117278], [-70.71796948923442, 43.05464011903611], [-70.71784256235964, 43.054669591178715], [-70.717785178137, 43.054726275628745], [-70.71772788071067, 43.05477724474282], [-70.71764512233453, 43.05483657671733], [-70.7175737457345, 43.054916009121406], [-70.71749997315901, 43.05501205569207], [-70.7173866186906, 43.05504592556995], [-70.71729899333926, 43.05509255614436], [-70.71718130306962, 43.05515061139414], [-70.71714749560661, 43.05512345205646], [-70.71717977843096, 43.055064216540735], [-70.71720603306676, 43.05500441520674]]]}, "properties": {"OBJECTID": 89, "density": "h", "Hectares": 0.139394990779, "Acres": 0.344452523711, "Year_": "2015", "comments": ""}}, {"type": "Feature", "geometry": {"type": "Polygon", "coordinates": [[[-70.71671586623577, 43.0522834834771], [-70.71675405848427, 43.05224481990009], [-70.71685357790872, 43.052235642460104], [-70.71700619111448, 43.052194447515156], [-70.71716720345802, 43.05217792078379], [-70.71725460297866, 43.05219650874649], [-70.71729263267606, 43.05225755728528], [-70.7173998050283, 43.052336485003856], [-70.71738747014115, 43.05243892013229], [-70.71734376590236, 43.052517675515176], [-70.71733859897613, 43.05258574970634], [-70.71729888330243, 43.0526038240361], [-70.71724930790936, 43.052598397037066], [-70.71718068508576, 43.05255548406231], [-70.7170800938341, 43.05258334295401], [-70.71699410259369, 43.052599777444094], [-70.71697231753495, 43.05262246076449], [-70.71689611137407, 43.0526361183728], [-70.71682745258447, 43.052609467213664], [-70.71679444551934, 43.0525824008209], [-70.71672687743, 43.052499168174], [-70.71669805888402, 43.05243828233173], [-70.71668774072431, 43.052348119268814], [-70.71671586623577, 43.0522834834771]]]}, "properties": {"OBJECTID": 90, "density": "sb", "Hectares": 0.221765089885, "Acres": 0.54799347132, "Year_": "2015", "comments": ""}}, {"type": "Feature", "geometry": {"type": "Polygon", "coordinates": [[[-70.71984647910367, 43.05515428207118], [-70.71995047963867, 43.05510216800926], [-70.72014543223698, 43.05509663521147], [-70.72063253595388, 43.05510066317434], [-70.72108078245675, 43.05509722340371], [-70.72143018164331, 43.05518585040747], [-70.72162370693343, 43.05527318917798], [-70.72177705765155, 43.05543879171183], [-70.72177288921081, 43.055710269424516], [-70.72176018579982, 43.05590308084775], [-70.72151619115331, 43.05592964599304], [-70.72108764254999, 43.0559189601656], [-70.72052226389964, 43.055935722523316], [-70.72004577436034, 43.05587462163258], [-70.71963660092779, 43.0558712361266], [-70.71923761033702, 43.05583935333761], [-70.71865307788124, 43.05583451233247], [-70.71815743712332, 43.055751809376616], [-70.71793413757747, 43.055699942618], [-70.7179254974557, 43.05562842066769], [-70.71800431573347, 43.055571913848524], [-70.7181512180816, 43.05552311591012], [-70.71834639229425, 43.05550329885319], [-70.71865891096418, 43.055455872615866], [-70.71892216904712, 43.05544376316761], [-70.71925461239714, 43.055367921087885], [-70.71954819527889, 43.05528461003305], [-70.71975409917705, 43.055200573633805], [-70.71984647910367, 43.05515428207118]]]}, "properties": {"OBJECTID": 91, "density": "p", "Hectares": 2.05437761828, "Acres": 5.07647765042, "Year_": "2015", "comments": ""}}, {"type": "Feature", "geometry": {"type": "Polygon", "coordinates": [[[-70.72225855048801, 43.0545389177008], [-70.72217041274325, 43.054525805853366], [-70.72235387143967, 43.05442252577662], [-70.7224973386882, 43.05438560303415], [-70.72283491457188, 43.05439791420876], [-70.7230821501404, 43.054371372959565], [-70.72335536448287, 43.054345045328716], [-70.72351079794501, 43.054374906639545], [-70.72367863660133, 43.05444297741283], [-70.72357503649529, 43.05446403449255], [-70.72351625612487, 43.05448498559986], [-70.72333093876335, 43.05449774815697], [-70.72317451933112, 43.05453218332823], [-70.72298909220872, 43.054552089910246], [-70.72273579912158, 43.054550000854995], [-70.72250199127502, 43.054548072008146], [-70.72225855048801, 43.0545389177008]]]}, "properties": {"OBJECTID": 92, "density": "sb", "Hectares": 0.180506934099, "Acres": 0.44604234808, "Year_": "2015", "comments": ""}}, {"type": "Feature", "geometry": {"type": "Polygon", "coordinates": [[[-70.7218184251367, 43.055917494429], [-70.72176018579982, 43.05590308084775], [-70.72177288921081, 43.055710269424516], [-70.72177705765155, 43.05543879171183], [-70.72162370693343, 43.05527318917798], [-70.72143018164331, 43.05518585040747], [-70.72108078245675, 43.05509722340371], [-70.72063253595388, 43.05510066317434], [-70.72014543223698, 43.05509663521147], [-70.71995047963867, 43.05510216800926], [-70.71984647910367, 43.05515428207118], [-70.7198506045718, 43.05504977863787], [-70.71985261972283, 43.05491880199174], [-70.71992696822745, 43.054836058550976], [-70.72004984285881, 43.05476562472559], [-70.72037430308079, 43.05478617106294], [-70.72063454843749, 43.05475855177553], [-70.7210971124606, 43.05477428312255], [-70.72133263630394, 43.05477027444757], [-70.72175506580336, 43.05475590143089], [-70.72213772566901, 43.05468760927913], [-70.72260950446196, 43.054631960232726], [-70.72360460856628, 43.05461634882911], [-70.72392797012058, 43.054708641430196], [-70.72433270366233, 43.05478937992667], [-70.72482963065565, 43.05494728784514], [-70.72529976871348, 43.05499879015872], [-70.72554168229885, 43.05510795590735], [-70.7258273224581, 43.05527801473087], [-70.72613190345923, 43.05536374294144], [-70.72616966368629, 43.05544127725676], [-70.72620150020454, 43.05548321819207], [-70.72639570771196, 43.055526493390076], [-70.72664665252499, 43.05557618891184], [-70.72687324324653, 43.05562568297659], [-70.72683913311089, 43.05573257878571], [-70.72677052449835, 43.05584044966227], [-70.72667255552969, 43.05587537057131], [-70.72653545025508, 43.055814702174956], [-70.72640582750245, 43.05579577437861], [-70.72633514870996, 43.055770117812905], [-70.72617323329236, 43.055739016153524], [-70.72605127357858, 43.05574992288056], [-70.72596178741101, 43.0557610955312], [-70.72575125291641, 43.05572363902166], [-70.72549957860645, 43.05572156938962], [-70.72531321692108, 43.05569622002038], [-70.72523285158037, 43.055641970471164], [-70.72508699285717, 43.055622908508575], [-70.72467231118402, 43.05566117497355], [-70.72442857388701, 43.05567107655919], [-70.72403058548932, 43.055679707102655], [-70.72353462777326, 43.0557232544797], [-70.7231443916038, 43.05575576320607], [-70.72275351705495, 43.05582994371478], [-70.7224681814383, 43.055904994642056], [-70.72228829377129, 43.05598686879519], [-70.72215839791359, 43.055985796739535], [-70.72200515151295, 43.0559190360262], [-70.7218184251367, 43.055917494429]]]}, "properties": {"OBJECTID": 93, "density": "h", "Hectares": 4.47408983122, "Acres": 11.0557167446, "Year_": "2015", "comments": ""}}, {"type": "Feature", "geometry": {"type": "Polygon", "coordinates": [[[-70.72456620871593, 43.054530192620426], [-70.72452652839917, 43.05447032383679], [-70.72459229561335, 43.05441727775024], [-70.72470019501921, 43.05443215899191], [-70.72488044474252, 43.05445685955144], [-70.72498964424177, 43.05446724591011], [-70.72523209263309, 43.0545083824932], [-70.72542230704903, 43.05456353473563], [-70.7256165190716, 43.05463912080269], [-70.72570032024825, 43.0547002872807], [-70.72570670953507, 43.05481347034797], [-70.72565727041726, 43.05486069767214], [-70.72557590436841, 43.0548719367969], [-70.72544646479203, 43.054841101180095], [-70.72530981838158, 43.05475066403315], [-70.72514015288823, 43.05469567977645], [-70.72493774017217, 43.05465828949143], [-70.72475986529587, 43.05460919168176], [-70.72456620871593, 43.054530192620426]]]}, "properties": {"OBJECTID": 94, "density": "p", "Hectares": 0.208699176806, "Acres": 0.515706896964, "Year_": "2015", "comments": ""}}, {"type": "Feature", "geometry": {"type": "Polygon", "coordinates": [[[-70.72069868224813, 43.056766244100224], [-70.72078871984267, 43.056719354524596], [-70.7208541266619, 43.056690124104975], [-70.72115652810378, 43.05656163072005], [-70.72146695469876, 43.05643915738589], [-70.72155625973747, 43.05643989499397], [-70.72169445846242, 43.05642912806272], [-70.72189382227361, 43.056411341515286], [-70.72219047085164, 43.05639295064799], [-70.72238559184545, 43.05637669810667], [-70.72253459598477, 43.05644499408822], [-70.72264697723683, 43.05652927978246], [-70.72261078491807, 43.05662375920462], [-70.7225269290016, 43.056680121408384], [-70.72237230888229, 43.056702662072816], [-70.72211971820676, 43.056760119515225], [-70.7218435935731, 43.05676379458547], [-70.72159164098584, 43.05677957685702], [-70.72110479706608, 43.05675769230673], [-70.72069868224813, 43.056766244100224]]]}, "properties": {"OBJECTID": 95, "density": "p", "Hectares": 0.45676544532, "Acres": 1.12869199607, "Year_": "2015", "comments": ""}}, {"type": "Feature", "geometry": {"type": "Polygon", "coordinates": [[[-70.7235619171592, 43.05643262483247], [-70.72357897650542, 43.05637917791345], [-70.72369272754264, 43.056374160751105], [-70.72392059560758, 43.056340313529866], [-70.72423749359662, 43.05632506100791], [-70.72449774389463, 43.05629743298686], [-70.72474887248767, 43.05633522594322], [-70.72484520312004, 43.056407469131095], [-70.72495694975444, 43.05653342661431], [-70.72487394126948, 43.05665182764188], [-70.72475207067176, 43.05665677914519], [-70.7245904272035, 43.05660781468318], [-70.72437998185606, 43.056564402719204], [-70.72409583022792, 43.05656206256104], [-70.7238037419636, 43.05654774806858], [-70.7235619171592, 43.05643262483247]]]}, "properties": {"OBJECTID": 96, "density": "sb", "Hectares": 0.280368570133, "Acres": 0.692805824741, "Year_": "2015", "comments": ""}}, {"type": "Feature", "geometry": {"type": "Polygon", "coordinates": [[[-70.72128479912728, 43.0564043088904], [-70.72146695469876, 43.05643915738589], [-70.72115652810378, 43.05656163072005], [-70.7208541266619, 43.056690124104975], [-70.72078871984267, 43.056719354524596], [-70.72069868224813, 43.056766244100224], [-70.72058101780449, 43.05676169862215], [-70.72050758318268, 43.0567849088426], [-70.72043350892217, 43.05684979209724], [-70.72033498671799, 43.05692042859545], [-70.72017197260007, 43.05696075966857], [-70.71998505998327, 43.05697112176931], [-70.71987094120283, 43.0569999486685], [-70.71970575159644, 43.05706012673637], [-70.71944166624012, 43.05707282703497], [-70.71938706175743, 43.05719145916818], [-70.71947863983053, 43.05730832361602], [-70.71933809541768, 43.05732897382204], [-70.71922406733614, 43.05735184715739], [-70.71907976826297, 43.05737349484345], [-70.71897911016727, 43.05731907378128], [-70.71884583918207, 43.057273313010676], [-70.71876132689536, 43.057224979153325], [-70.71857971056217, 43.057155002028246], [-70.71840580221331, 43.057111880887646], [-70.71835311850735, 43.05696356401269], [-70.71828815103194, 43.05684296749342], [-70.71845320257938, 43.05679172082754], [-70.7185350310361, 43.05675071957249], [-70.71870570617375, 43.056740225330415], [-70.71917677024342, 43.05673221839888], [-70.71927446851944, 43.056715164481155], [-70.71936184802681, 43.05684092567158], [-70.71945124522789, 43.05683571201933], [-70.7196388904998, 43.056777723015884], [-70.7199574402653, 43.05665532011226], [-70.72014545081213, 43.05657351682709], [-70.72052009614457, 43.056499210164134], [-70.72075672477983, 43.05642376150671], [-70.721065505961, 43.0564084515785], [-70.72128479912728, 43.0564043088904]]]}, "properties": {"OBJECTID": 97, "density": "sb", "Hectares": 0.984144610166, "Acres": 2.43187429314, "Year_": "2015", "comments": ""}}, {"type": "Feature", "geometry": {"type": "Polygon", "coordinates": [[[-70.72816635547791, 43.0570609127013], [-70.72813293729247, 43.0569890109775], [-70.72818904766852, 43.05691354973788], [-70.72829583310262, 43.05698057380841], [-70.72835436540382, 43.05705274172489], [-70.72838070631597, 43.05714312958031], [-70.7284893562391, 43.05721865727831], [-70.72860327183395, 43.05733610804775], [-70.72880557479566, 43.05746872892173], [-70.72892233538869, 43.0575445549196], [-70.72903220618925, 43.057602242803235], [-70.7290632541261, 43.05767970223792], [-70.72914490750537, 43.05773295505755], [-70.72925798480254, 43.05784167753641], [-70.72937703993279, 43.05792232602427], [-70.7292952976299, 43.05798132996319], [-70.72922636780835, 43.057973015820444], [-70.729175171801, 43.057902148884004], [-70.7290236561884, 43.05784634241684], [-70.72891095839745, 43.05771105275403], [-70.72873052193827, 43.057636182919346], [-70.72862371097344, 43.05753988760293], [-70.72850960164857, 43.05739824073098], [-70.72829937899786, 43.057228699081875], [-70.72816635547791, 43.0570609127013]]]}, "properties": {"OBJECTID": 98, "density": "sb", "Hectares": 0.195191569958, "Acres": 0.482328873536, "Year_": "2015", "comments": ""}}, {"type": "Feature", "geometry": {"type": "Polygon", "coordinates": [[[-70.73804652292847, 43.05756025859347], [-70.73800207456019, 43.05753560522991], [-70.73799453932082, 43.05751839600125], [-70.73800112884396, 43.05749439986121], [-70.73805978922445, 43.05746158071802], [-70.73812826884175, 43.057438434242115], [-70.73840098951048, 43.05730600335975], [-70.73848038951134, 43.057275423505445], [-70.73850134418676, 43.057280114981275], [-70.7385464849714, 43.05730191575476], [-70.73854912096334, 43.057339405460326], [-70.73845092905275, 43.05736513769222], [-70.73831945452274, 43.05740486289826], [-70.73817458159556, 43.05747424938495], [-70.7381330332352, 43.057509516352454], [-70.73808973497604, 43.05753774514436], [-70.73804652292847, 43.05756025859347]]]}, "properties": {"OBJECTID": 99, "density": "p", "Hectares": 0.0339020282097, "Acres": 0.0837737361327, "Year_": "2015", "comments": ""}}, {"type": "Feature", "geometry": {"type": "Polygon", "coordinates": [[[-70.7356646703567, 43.06062361554923], [-70.73577141029455, 43.060653064026916], [-70.7358693467849, 43.06067376954679], [-70.73591950684559, 43.06074000991489], [-70.7359221438129, 43.06079072663112], [-70.73595970948135, 43.060873711055805], [-70.73602232303352, 43.06096988309836], [-70.73604455773423, 43.06103692158069], [-70.73610479960176, 43.06116533065604], [-70.73614056677467, 43.06126612357806], [-70.73620586162372, 43.061349666456124], [-70.73625353341352, 43.06141912341755], [-70.73625187684938, 43.061528666733366], [-70.73631387971535, 43.06161098466628], [-70.73637443662487, 43.061710593702095], [-70.73643885056761, 43.06178895605585], [-70.73647461740694, 43.0618897488611], [-70.73644341755299, 43.06198040338557], [-70.73639674037878, 43.06199386660991], [-70.73633201354905, 43.06194430413787], [-70.7362672695231, 43.06184068322904], [-70.73624018850225, 43.061719114155714], [-70.73621859616243, 43.06164853520795], [-70.73607818380961, 43.061501489953116], [-70.73599636555433, 43.06135656027183], [-70.73596252705123, 43.061245143990575], [-70.73591354094047, 43.06108179572884], [-70.7358484698562, 43.06095291519256], [-70.73586649976745, 43.06080864722035], [-70.73579077970864, 43.060718943249775], [-70.73563161632516, 43.0606614540407], [-70.7356646703567, 43.06062361554923]]]}, "properties": {"OBJECTID": 100, "density": "p", "Hectares": 0.186865423728, "Acres": 0.461754518134, "Year_": "2015", "comments": ""}}, {"type": "Feature", "geometry": {"type": "Polygon", "coordinates": [[[-70.73641207293167, 43.06094927979333], [-70.7363729274826, 43.06088207329888], [-70.73632215999218, 43.06076040797832], [-70.73624979093182, 43.06060038756878], [-70.73621858207017, 43.06047727083214], [-70.7361930005608, 43.06035521792384], [-70.73627053571664, 43.0603512827325], [-70.73629405330094, 43.06041637465377], [-70.73633476850773, 43.060570938370425], [-70.73640433220564, 43.060667332342916], [-70.73645804754078, 43.060777288892915], [-70.73649358080525, 43.06087205953342], [-70.73654527940434, 43.0609497018692], [-70.7365665448032, 43.061040212171676], [-70.73659050137313, 43.06114378677435], [-70.73655836967002, 43.0611682197284], [-70.73652612267418, 43.06113450223773], [-70.73650009549289, 43.0610577058827], [-70.73641207293167, 43.06094927979333]]]}, "properties": {"OBJECTID": 101, "density": "p", "Hectares": 0.0753672952743, "Acres": 0.186236642489, "Year_": "2015", "comments": ""}}, {"type": "Feature", "geometry": {"type": "Polygon", "coordinates": [[[-70.73388310569267, 43.05922217409035], [-70.73374172698658, 43.05922816615615], [-70.73358836661, 43.05926365044958], [-70.73348633809232, 43.059244955672625], [-70.7334389793139, 43.0591552563652], [-70.73351975551815, 43.059087028446356], [-70.73358367952036, 43.05904825135866], [-70.73363547466971, 43.05904867368238], [-70.73373169060662, 43.059036339189085], [-70.73382030121168, 43.059069052397746], [-70.73397190899288, 43.059030990747786], [-70.73408618937073, 43.059002332939606], [-70.73416348159458, 43.05904583299131], [-70.73422605184759, 43.05909635851182], [-70.73420088268173, 43.0591497409209], [-70.7341275416418, 43.059167006072684], [-70.73403460553631, 43.05919125605858], [-70.73388310569267, 43.05922217409035]]]}, "properties": {"OBJECTID": 102, "density": "h", "Hectares": 0.114464954607, "Acres": 0.282849062728, "Year_": "2015", "comments": ""}}, {"type": "Feature", "geometry": {"type": "Polygon", "coordinates": [[[-70.73538787085846, 43.059646573365846], [-70.73543489597299, 43.059629807985395], [-70.73549362327476, 43.05961242308206], [-70.73553297299361, 43.05958773589669], [-70.73552907553263, 43.05952339846756], [-70.73554033130867, 43.05942345964026], [-70.73552208902841, 43.05934114268694], [-70.7354652000485, 43.059237076608404], [-70.73536852924656, 43.059186275148086], [-70.73536473887282, 43.059114794000756], [-70.73539932477392, 43.05908292260889], [-70.73547797074873, 43.05903711968902], [-70.73555629104676, 43.059012749605365], [-70.73559948504534, 43.059055971235466], [-70.73563721287789, 43.05913844581663], [-70.73563553731708, 43.059249180823876], [-70.73564392823069, 43.05933856219041], [-70.73566682619992, 43.05943520616142], [-70.7356753793214, 43.05951387152324], [-70.73567300118405, 43.05967104282418], [-70.73567170401014, 43.0597567726228], [-70.73564150313923, 43.059820832626244], [-70.73561649704273, 43.05986349934929], [-70.7355675130212, 43.05988096359264], [-70.73552891869821, 43.059855642181326], [-70.73549092030078, 43.05979102727049], [-70.73542867389972, 43.05971907044328], [-70.73538787085846, 43.059646573365846]]]}, "properties": {"OBJECTID": 103, "density": "p", "Hectares": 0.13620081613, "Acres": 0.33655954626, "Year_": "2015", "comments": ""}}, {"type": "Feature", "geometry": {"type": "Polygon", "coordinates": [[[-70.73536669675194, 43.059629252974254], [-70.73530450350363, 43.05955372377066], [-70.73524712804186, 43.05948180648642], [-70.73523375661651, 43.059399529134254], [-70.73520604294987, 43.05929927313829], [-70.7352758651691, 43.05919266555674], [-70.73533459208136, 43.05917528163031], [-70.73536852924656, 43.059186275148086], [-70.7354652000485, 43.059237076608404], [-70.73552208902841, 43.05934114268694], [-70.73554033130867, 43.05942345964026], [-70.73552907553263, 43.05952339846756], [-70.73553297299361, 43.05958773589669], [-70.73549362327476, 43.05961242308206], [-70.73543489597299, 43.059629807985395], [-70.73538787085846, 43.059646573365846], [-70.73536669675194, 43.059629252974254]]]}, "properties": {"OBJECTID": 104, "density": "sb", "Hectares": 0.100319904193, "Acres": 0.247895881945, "Year_": "2015", "comments": ""}}, {"type": "Feature", "geometry": {"type": "Polygon", "coordinates": [[[-70.73359012829042, 43.06039022816077], [-70.73359859196425, 43.06033296141517], [-70.73366660741644, 43.06029363074689], [-70.73379796007418, 43.060262307527374], [-70.73389172447418, 43.060247829439135], [-70.73400105552659, 43.06024594267866], [-70.734157251081, 43.06025835241036], [-70.73421003317173, 43.06022198933411], [-70.73427159817203, 43.06014264669248], [-70.73444064656381, 43.0600763003481], [-70.73470419305221, 43.060001276210556], [-70.73484781049433, 43.059954811940884], [-70.73492568143551, 43.05996020966435], [-70.73491832027915, 43.060017309958944], [-70.7348260241762, 43.060096667355936], [-70.73477380175439, 43.06015803364916], [-70.73480430931022, 43.06021483110544], [-70.7348979007385, 43.060260149384476], [-70.73507438195091, 43.06030804175837], [-70.73520079118367, 43.06029580060537], [-70.735248701895, 43.060259495514664], [-70.73530188330331, 43.06024098987938], [-70.735371199611, 43.06029017352176], [-70.73542654403302, 43.06036810798629], [-70.73535443750646, 43.0604118505016], [-70.73520375369185, 43.06042795756265], [-70.73506824159114, 43.060468891058896], [-70.73486405451483, 43.060489215921706], [-70.73472750217744, 43.06048371473751], [-70.73450279070427, 43.060457839367906], [-70.73423958847977, 43.06045386410539], [-70.73396161450852, 43.060442920313605], [-70.73374648464147, 43.060409782542216], [-70.73359012829042, 43.06039022816077]]]}, "properties": {"OBJECTID": 105, "density": "h", "Hectares": 0.412804911514, "Acres": 1.02006315131, "Year_": "2015", "comments": ""}}, {"type": "Feature", "geometry": {"type": "Polygon", "coordinates": [[[-70.74196998038211, 43.06988988631171], [-70.74194258837339, 43.06982119160739], [-70.74196775537712, 43.069767807572205], [-70.74201705879692, 43.069729503608016], [-70.74206997574053, 43.069720999802996], [-70.74213895422808, 43.0697245348554], [-70.74216255503997, 43.06977533611445], [-70.7421697810879, 43.069834936460815], [-70.74215259968034, 43.06989731644279], [-70.7420870108627, 43.06993846571025], [-70.74203810883321, 43.069949978792415], [-70.74196998038211, 43.06988988631171]]]}, "properties": {"OBJECTID": 106, "density": "sb", "Hectares": 0.0350296292722, "Acres": 0.0865600990395, "Year_": "2015", "comments": ""}}, {"type": "Feature", "geometry": {"type": "Polygon", "coordinates": [[[-70.74265324751097, 43.06974316613772], [-70.74268114650415, 43.069689320618785], [-70.74273698454003, 43.06969093268309], [-70.74274889697857, 43.069708890735505], [-70.74277642398347, 43.06976865495397], [-70.74278858079528, 43.06983606525087], [-70.74278297870123, 43.06987290676704], [-70.74277073053311, 43.06994309685059], [-70.74270157287975, 43.069951469845435], [-70.74264573571963, 43.06992722685499], [-70.74263112040906, 43.06986900892634], [-70.74265983301143, 43.06980669678009], [-70.74265324751097, 43.06974316613772]]]}, "properties": {"OBJECTID": 107, "density": "h", "Hectares": 0.028140539633, "Acres": 0.0695367878071, "Year_": "2015", "comments": ""}}, {"type": "Feature", "geometry": {"type": "Polygon", "coordinates": [[[-70.73895357965073, 43.069104432303895], [-70.73883172494078, 43.069129068286216], [-70.7387705156258, 43.069082878056925], [-70.73881891814094, 43.0690028142506], [-70.7388033459821, 43.0689199713994], [-70.73882352553468, 43.068817188245525], [-70.73880733739871, 43.06866847750184], [-70.73881462511571, 43.0685794576741], [-70.73881185412304, 43.068440107559375], [-70.73876057822756, 43.06828607319243], [-70.73869376925512, 43.068192645725354], [-70.73858744098543, 43.0680418653743], [-70.73847883663117, 43.067905101753325], [-70.73842301304346, 43.067729595724906], [-70.738357552878, 43.06754686601891], [-70.73848616714608, 43.06741929895088], [-70.7386684633789, 43.06732384732345], [-70.7388355425341, 43.067331920052155], [-70.73897265819228, 43.067357192028034], [-70.73923879541448, 43.067333380577324], [-70.7393106055909, 43.06732643271439], [-70.73943071545274, 43.0673417149726], [-70.73955185037764, 43.06735350558741], [-70.73966965381312, 43.06729169090141], [-70.73980482094224, 43.067221652448175], [-70.73991125774391, 43.06730055028669], [-70.73999864120354, 43.067376443825495], [-70.74018441780397, 43.067425536863794], [-70.740398096403, 43.06747456020542], [-70.74062757327566, 43.06750724346911], [-70.7409073729917, 43.06756476194438], [-70.7412368578825, 43.06760172313463], [-70.74146236296917, 43.067636426768786], [-70.7416081967641, 43.067801920094226], [-70.74172109159379, 43.06789279467178], [-70.74178768465731, 43.06800560268156], [-70.7417474314908, 43.068108875846036], [-70.74165928160498, 43.068120557619835], [-70.74159023413767, 43.06808409566966], [-70.74148717616998, 43.06802765600433], [-70.74138166361581, 43.068047562372094], [-70.74117032841869, 43.068054440854276], [-70.74108663337059, 43.06803393879021], [-70.74090592889647, 43.068038337953254], [-70.74074530201874, 43.068042246675034], [-70.74059481995587, 43.068113526930865], [-70.74030143097968, 43.06816227678881], [-70.74006694388113, 43.06818011968762], [-70.73986308749718, 43.068195481810456], [-70.73969795568708, 43.06828272088699], [-70.73948528539155, 43.068374114957095], [-70.7393333872588, 43.06843004514882], [-70.7392542484988, 43.068507998551524], [-70.73916439659415, 43.06858957552389], [-70.7390760443205, 43.06880584469674], [-70.73904116583454, 43.06897573627665], [-70.73895357965073, 43.069104432303895]]]}, "properties": {"OBJECTID": 108, "density": "h", "Hectares": 2.38852927616, "Acres": 5.90218437931, "Year_": "2015", "comments": ""}}, {"type": "Feature", "geometry": {"type": "Polygon", "coordinates": [[[-70.73670060625875, 43.06935395672436], [-70.73672534318206, 43.069261660043885], [-70.7368635246298, 43.06925758899593], [-70.73698788869507, 43.0693323027238], [-70.73714612243033, 43.06947634809668], [-70.73732779746973, 43.06961270542974], [-70.73737054945981, 43.06968737431275], [-70.73736727243993, 43.06978432460113], [-70.73742540598258, 43.06986065044725], [-70.73745673470647, 43.06996230783374], [-70.73745741690499, 43.07008790274383], [-70.7373624343109, 43.07006569861671], [-70.73729558921288, 43.07010867125525], [-70.73722182730985, 43.07006376270162], [-70.73710426066256, 43.070050899511074], [-70.73714490056537, 43.069896803653194], [-70.73699565937378, 43.06971360508894], [-70.7368843593821, 43.069554915408446], [-70.7367606933805, 43.069462512804066], [-70.73670060625875, 43.06935395672436]]]}, "properties": {"OBJECTID": 109, "density": "sb", "Hectares": 0.246572530503, "Acres": 0.609293992092, "Year_": "2015", "comments": ""}}, {"type": "Feature", "geometry": {"type": "Polygon", "coordinates": [[[-70.73692183070025, 43.07167816688765], [-70.73689616829753, 43.07165652378275], [-70.73692422890369, 43.07162698080768], [-70.73700867117809, 43.07162167270787], [-70.73708038813744, 43.07163253245155], [-70.73712527690353, 43.071644531662095], [-70.73711706361586, 43.07167209173444], [-70.73708491390413, 43.071687369118905], [-70.73702710959833, 43.071691367016946], [-70.73692183070025, 43.07167816688765]]]}, "properties": {"OBJECTID": 110, "density": "sb", "Hectares": 0.0108236532369, "Acres": 0.0267458296198, "Year_": "2015", "comments": ""}}, {"type": "Feature", "geometry": {"type": "Polygon", "coordinates": [[[-70.7313830179559, 43.07214226437771], [-70.73135566488163, 43.07210450416762], [-70.73142175935851, 43.072061652208795], [-70.73148949243846, 43.07208359265993], [-70.73160272894052, 43.07211428899452], [-70.73178655555937, 43.07216744122272], [-70.73191727771514, 43.072223288323286], [-70.73206566773341, 43.072292377793545], [-70.73221628230718, 43.0723574687268], [-70.73232852602352, 43.07245365181615], [-70.73233154940772, 43.07253986134043], [-70.73224366404831, 43.07255105281512], [-70.73212513753613, 43.07254770305495], [-70.73195967318762, 43.072533252479936], [-70.73173299806086, 43.07248495787182], [-70.73147730662411, 43.07242213565275], [-70.73146159954011, 43.07231557786601], [-70.73146331958021, 43.072202462619], [-70.7313830179559, 43.07214226437771]]]}, "properties": {"OBJECTID": 111, "density": "h", "Hectares": 0.225448962288, "Acres": 0.557096518274, "Year_": "2015", "comments": ""}}, {"type": "Feature", "geometry": {"type": "Polygon", "coordinates": [[[-70.72962703073914, 43.07278900231514], [-70.72944317935097, 43.07285881894868], [-70.72927323495075, 43.07287469916143], [-70.72911089228506, 43.07287848835803], [-70.72891827701976, 43.0728829834132], [-70.7287471692978, 43.0729227174267], [-70.72857851673353, 43.072968350249596], [-70.72833404441239, 43.072982131902556], [-70.72817080008565, 43.07297055745866], [-70.72815059277586, 43.072932284394696], [-70.72831366052687, 43.072916394468], [-70.72855248399773, 43.07291358899518], [-70.72869717387078, 43.072894099345646], [-70.7288493337966, 43.072842894220585], [-70.72905200372232, 43.072832207559316], [-70.72904942016095, 43.07277269937941], [-70.72910711192162, 43.07275975341093], [-70.72927437543339, 43.072713838379386], [-70.72942653322939, 43.07266263156635], [-70.72950578893594, 43.07258518738491], [-70.72958149840919, 43.07256294336804], [-70.72963292735973, 43.072550591260175], [-70.7297353481424, 43.07247671850585], [-70.72963719925272, 43.072350636091315], [-70.72971624628545, 43.07227983322483], [-70.72984593223494, 43.07219039121921], [-70.72995954411255, 43.07208974282725], [-70.7300099034695, 43.07209583145523], [-70.73010301831809, 43.07212517365642], [-70.73014276889539, 43.07224553611723], [-70.73020707513739, 43.072261567640496], [-70.7302455405383, 43.072295717605925], [-70.7302425903043, 43.072369566823205], [-70.73022261862549, 43.07246339800121], [-70.73015132307756, 43.07253712266094], [-70.73006224514636, 43.07258402731344], [-70.72995520714316, 43.072615541583644], [-70.72977531265082, 43.07264853323108], [-70.72962703073914, 43.07278900231514]]]}, "properties": {"OBJECTID": 112, "density": "h", "Hectares": 0.357286179562, "Acres": 0.882873376936, "Year_": "2015", "comments": ""}}, {"type": "Feature", "geometry": {"type": "Polygon", "coordinates": [[[-70.72753567258893, 43.072986991905545], [-70.72756445887023, 43.072963411746436], [-70.72763357637179, 43.07295802440894], [-70.72770273930527, 43.07294966057665], [-70.72773905598766, 43.07296484450097], [-70.72770219393037, 43.072985381611815], [-70.72760479011926, 43.07298160458572], [-70.72753567258893, 43.072986991905545]]]}, "properties": {"OBJECTID": 113, "density": "h", "Hectares": 0.00412915991536, "Acres": 0.0102033763602, "Year_": "2015", "comments": ""}}, {"type": "Feature", "geometry": {"type": "Polygon", "coordinates": [[[-70.7181139305179, 43.07309567400087], [-70.71804496288763, 43.073079739267406], [-70.71809530297318, 43.07297536278822], [-70.71815538085816, 43.07298452572235], [-70.71830049363095, 43.07294157658906], [-70.71851006485963, 43.07293974055026], [-70.71853836275284, 43.07300070783846], [-70.71875859065412, 43.0730451647951], [-70.71879920388628, 43.07315029500875], [-70.7189392418425, 43.07313316189174], [-70.71910834470596, 43.07311712983755], [-70.71928065156804, 43.07310903015495], [-70.71959446735443, 43.073205290304], [-70.7197014397099, 43.07324918159727], [-70.71961309994802, 43.073290464514635], [-70.71946384113416, 43.07329575975427], [-70.7193229573149, 43.07332936931758], [-70.71913723177593, 43.07335077301685], [-70.71893627588035, 43.07332052878565], [-70.71881674853029, 43.07327666870603], [-70.71869371588257, 43.07324945130332], [-70.7185609757348, 43.07321977151683], [-70.71844546753367, 43.073191209242715], [-70.7181139305179, 43.07309567400087]]]}, "properties": {"OBJECTID": 114, "density": "h", "Hectares": 0.266110709992, "Acres": 0.657573885052, "Year_": "2015", "comments": ""}}, {"type": "Feature", "geometry": {"type": "Polygon", "coordinates": [[[-70.72006640980202, 43.07329558720029], [-70.71985245951554, 43.07326523708269], [-70.71972855038874, 43.07316867880698], [-70.7198497864681, 43.07312231475205], [-70.71990426432835, 43.073065605416616], [-70.7199687613169, 43.0729911161931], [-70.72004239763542, 43.07295599987368], [-70.72014133099573, 43.07286036084001], [-70.72028389642158, 43.0727793717066], [-70.72043374065827, 43.07280896229331], [-70.72050131794612, 43.07277402511414], [-70.72053141697965, 43.07271803835853], [-70.72060288505355, 43.072718629255135], [-70.72069117785882, 43.07278631211587], [-70.72079804248276, 43.072808630988696], [-70.7209934893616, 43.07277452087186], [-70.72104325788864, 43.07270705477772], [-70.72105889201312, 43.072641421963816], [-70.72113714374716, 43.07262301492026], [-70.72127817794225, 43.072641117588844], [-70.72140530088886, 43.072613587731674], [-70.72145944625645, 43.072578309486715], [-70.72154081010625, 43.07256918960862], [-70.7217252273235, 43.07250190989808], [-70.7217993559797, 43.07243464373023], [-70.72197958066029, 43.07243970447129], [-70.72221200450358, 43.07244135749337], [-70.72232021138676, 43.07247109613281], [-70.72259558281034, 43.07262698677559], [-70.72290172327872, 43.07268309946399], [-70.72305945096666, 43.072566507306114], [-70.72319188288063, 43.07251043919311], [-70.72329168355863, 43.07267559773288], [-70.72336799884054, 43.07278340248914], [-70.72349387008151, 43.0727424944325], [-70.72369373108995, 43.07284417175579], [-70.723929644247, 43.07302024413613], [-70.72397196360427, 43.07312062293988], [-70.72388814565907, 43.07318423794952], [-70.72373835770452, 43.073100835449615], [-70.72352134235268, 43.0729525740206], [-70.72323436098426, 43.072918055536974], [-70.72287888973605, 43.07290083421857], [-70.72267578141815, 43.07279912868542], [-70.7224809385912, 43.07279394842295], [-70.72236236520648, 43.07280461263805], [-70.72225148354846, 43.072832277602544], [-70.72201760624878, 43.07283034711338], [-70.72180927548622, 43.07285720713537], [-70.72152860406243, 43.07294063028721], [-70.72135757842051, 43.072991879554635], [-70.72091292067452, 43.07307037364084], [-70.72044783767181, 43.07320942901749], [-70.72006640980202, 43.07329558720029]]]}, "properties": {"OBJECTID": 115, "density": "sb", "Hectares": 1.18866184113, "Acres": 2.93724737689, "Year_": "2015", "comments": ""}}, {"type": "Feature", "geometry": {"type": "Polygon", "coordinates": [[[-70.71460642974509, 43.07267604087463], [-70.71460701958648, 43.072637938459046], [-70.71463344858542, 43.072609578304764], [-70.71476581685228, 43.072663076855875], [-70.71486730148986, 43.072665138944586], [-70.71493005636756, 43.07280856202027], [-70.71488261285624, 43.072883162339785], [-70.71485482020445, 43.07299963315051], [-70.71490524594563, 43.073100082718184], [-70.71495563376733, 43.07320291376679], [-70.71495438079762, 43.07328388072476], [-70.71501869809501, 43.07337851912907], [-70.71495764318144, 43.07333514129167], [-70.71490927378, 43.073259688258936], [-70.71483884207707, 43.07319241596648], [-70.71480731770336, 43.07313023002072], [-70.71480192641069, 43.07305873507343], [-70.71473142256937, 43.072996224852915], [-70.71472595766278, 43.07292949202821], [-70.71469399118301, 43.0728958833122], [-70.71466940521015, 43.07280517500668], [-70.71460642974509, 43.07267604087463]]]}, "properties": {"OBJECTID": 116, "density": "sb", "Hectares": 0.0953933549805, "Acres": 0.235722113719, "Year_": "2015", "comments": ""}}, {"type": "Feature", "geometry": {"type": "Polygon", "coordinates": [[[-70.71297091805171, 43.07201349619607], [-70.7129129631578, 43.07204664219979], [-70.71281377873588, 43.07201366539318], [-70.71277414117887, 43.071938087096434], [-70.71270552626702, 43.07187908308223], [-70.71264091429286, 43.07187255475735], [-70.71258923723225, 43.071853070238035], [-70.7125995366762, 43.07181743060472], [-70.71262917649979, 43.0717914795012], [-70.71303539117281, 43.07178295732981], [-70.71317392086574, 43.071857943658266], [-70.7130559312877, 43.07194183372138], [-70.71310863661117, 43.07197317539004], [-70.71307488150653, 43.072018110879554], [-70.71297091805171, 43.07201349619607]]]}, "properties": {"OBJECTID": 117, "density": "sb", "Hectares": 0.0842596784428, "Acres": 0.208210199839, "Year_": "2015", "comments": ""}}, {"type": "Feature", "geometry": {"type": "Polygon", "coordinates": [[[-70.71376900852174, 43.07215584663999], [-70.71380536630309, 43.072115661153475], [-70.71385361327975, 43.07209473183427], [-70.71395818264153, 43.07210740718245], [-70.71407231380024, 43.072079777306605], [-70.71414654386454, 43.072111356193275], [-70.71427259932683, 43.07215289456736], [-70.71426312862623, 43.072222849003246], [-70.71438230329456, 43.07220144038687], [-70.71448111909774, 43.07232372832979], [-70.71449595919856, 43.07241435558726], [-70.71451062983247, 43.072498800940785], [-70.71450468080636, 43.07256447383571], [-70.71445894646055, 43.07258076511414], [-70.71439994044835, 43.07256635313208], [-70.71432768428063, 43.07251216354681], [-70.71420688797869, 43.07244566259767], [-70.71410666965855, 43.07236147007049], [-70.71396146554399, 43.07229774160236], [-70.71383953527605, 43.072269536182986], [-70.71372187215692, 43.07226262972225], [-70.71362180329376, 43.07222130807943], [-70.71363070615853, 43.072149932118165], [-70.71366823869333, 43.07215977108675], [-70.71370695942917, 43.07217676539939], [-70.71376900852174, 43.07215584663999]]]}, "properties": {"OBJECTID": 118, "density": "h", "Hectares": 0.178701497765, "Acres": 0.441581017739, "Year_": "2015", "comments": ""}}, {"type": "Feature", "geometry": {"type": "Polygon", "coordinates": [[[-70.71315060879597, 43.07205579786482], [-70.71311808059357, 43.07205850363484], [-70.71308587546078, 43.0720403725097], [-70.71309810145598, 43.07203749756724], [-70.7131713263485, 43.072029176368815], [-70.71322000326799, 43.07203255878972], [-70.7132806317683, 43.07205092669443], [-70.71338158543426, 43.07208749326675], [-70.71351899024175, 43.07213031702896], [-70.71359156938915, 43.07216366933909], [-70.71354626033767, 43.07220497110947], [-70.71347691070652, 43.07222523302972], [-70.71339602830815, 43.0722037196776], [-70.71330734659357, 43.07216130171131], [-70.71322295691117, 43.072104034411], [-70.71315060879597, 43.07205579786482]]]}, "properties": {"OBJECTID": 119, "density": "h", "Hectares": 0.0340779374921, "Acres": 0.084208417436, "Year_": "2015", "comments": ""}}, {"type": "Feature", "geometry": {"type": "Polygon", "coordinates": [[[-70.71160300319485, 43.07159570248831], [-70.71173569928938, 43.07172306802368], [-70.71169463414165, 43.07175249627663], [-70.7115764691397, 43.071778304197665], [-70.71155505166637, 43.07180749941859], [-70.71156120698213, 43.07185042086202], [-70.71149697133488, 43.071878254096674], [-70.7114252146665, 43.07189670876666], [-70.7113318607232, 43.071892368393435], [-70.71131348126995, 43.07184311938255], [-70.71125793326503, 43.07179051840498], [-70.71120651691723, 43.07175436359546], [-70.71113677270596, 43.07164502852841], [-70.71118596185808, 43.07161367355863], [-70.71118349034852, 43.07156363739188], [-70.71115488470977, 43.071522910283804], [-70.7112414993662, 43.071489098905786], [-70.71130227577419, 43.07144554536085], [-70.71138306362442, 43.07141943829619], [-70.71142522743747, 43.07147753367729], [-70.71148269672078, 43.07154231896229], [-70.71156046904473, 43.071554876332016], [-70.71160300319485, 43.07159570248831]]]}, "properties": {"OBJECTID": 120, "density": "sb", "Hectares": 0.145860275364, "Acres": 0.360428589848, "Year_": "2015", "comments": ""}}, {"type": "Feature", "geometry": {"type": "Polygon", "coordinates": [[[-70.71179268181686, 43.0717146121608], [-70.71173569928938, 43.07172306802368], [-70.71160300319485, 43.07159570248831], [-70.71165849259893, 43.07148713835718], [-70.71174068064026, 43.071319915804935], [-70.71184004802598, 43.071301691327946], [-70.71194370448613, 43.07140327770165], [-70.71200599920677, 43.07143067437614], [-70.71198999748106, 43.07145697764428], [-70.71204445554761, 43.07152745353486], [-70.71209945242887, 43.071573663808536], [-70.71217922870073, 43.071635038690786], [-70.71217290595247, 43.07165525392912], [-70.71210085284031, 43.07169275931501], [-70.71200691323514, 43.07167530379264], [-70.71194766684691, 43.07167124936907], [-70.71187411875117, 43.07170040666727], [-70.71179268181686, 43.0717146121608]]]}, "properties": {"OBJECTID": 121, "density": "p", "Hectares": 0.125335609962, "Acres": 0.309711037112, "Year_": "2015", "comments": ""}}, {"type": "Feature", "geometry": {"type": "Polygon", "coordinates": [[[-70.70822364196604, 43.07166307305483], [-70.70818279331809, 43.07165258341466], [-70.70812065806048, 43.07159984562514], [-70.70815229322561, 43.07156872298134], [-70.70829757886318, 43.0715472963739], [-70.70837827468078, 43.07153813975389], [-70.70840721241045, 43.071557434851776], [-70.70847830173264, 43.07158184745248], [-70.70852124566264, 43.071599076917984], [-70.70852864649586, 43.07163252937955], [-70.70854651647046, 43.07167532133205], [-70.70852048691138, 43.0716985372182], [-70.70842466106546, 43.07168857298696], [-70.70833729239128, 43.07166640673763], [-70.708269043248, 43.07166821696079], [-70.70822364196604, 43.07166307305483]]]}, "properties": {"OBJECTID": 122, "density": "h", "Hectares": 0.0396177180111, "Acres": 0.0978975132199, "Year_": "2015", "comments": ""}}, {"type": "Feature", "geometry": {"type": "Polygon", "coordinates": [[[-70.70948498242467, 43.07004929669561], [-70.70951405209127, 43.070007860686005], [-70.70959991885155, 43.06996987654795], [-70.70968592322373, 43.06992296211693], [-70.70982770453007, 43.06994498733562], [-70.70996612064017, 43.06992232824871], [-70.71004806486843, 43.06987537959936], [-70.71011768946458, 43.06983725928769], [-70.71014172667495, 43.06985829980323], [-70.71020225951057, 43.0698826230955], [-70.7102922768274, 43.0698387185758], [-70.71036614738101, 43.0697887253932], [-70.71036702672944, 43.069732167639316], [-70.71039231231615, 43.069672837020484], [-70.71049880215833, 43.06961418496093], [-70.71058969922196, 43.06951372335067], [-70.71079534342398, 43.06934574693084], [-70.71089482167515, 43.06921558578606], [-70.71101137221065, 43.06903197974751], [-70.71103477199824, 43.06883270976363], [-70.71112132861313, 43.06875007332892], [-70.71118629042199, 43.068750615772], [-70.71127501077243, 43.06879005889484], [-70.71137115846018, 43.06887422085927], [-70.71139417867798, 43.06896074821758], [-70.7114653661322, 43.06908340317717], [-70.7115495651571, 43.06915257931239], [-70.71162188384126, 43.06922645137965], [-70.71169640497438, 43.069238981523526], [-70.71174402292273, 43.06928638522451], [-70.71161719497239, 43.06945204436727], [-70.71149086648444, 43.06953315737706], [-70.7113314106471, 43.06960327728651], [-70.71120448270514, 43.06967069085047], [-70.71104908722536, 43.069740843366745], [-70.71082919105986, 43.069780685947286], [-70.71072288628996, 43.069827431653096], [-70.71059992449835, 43.06990083132811], [-70.71046861017719, 43.069989047006416], [-70.71036207460115, 43.070050675477326], [-70.71023597663732, 43.070064507522474], [-70.71014665334167, 43.07006376090284], [-70.71004445369628, 43.0701075625631], [-70.70994986666987, 43.07018417646744], [-70.70985611171002, 43.0702072089783], [-70.70970989822159, 43.07020896403915], [-70.70964525911748, 43.070187583871615], [-70.70957236146835, 43.07017506507151], [-70.70951667712541, 43.070100172357016], [-70.70948498242467, 43.07004929669561]]]}, "properties": {"OBJECTID": 123, "density": "h", "Hectares": 0.839670956626, "Acres": 2.07487212044, "Year_": "2015", "comments": ""}}, {"type": "Feature", "geometry": {"type": "Polygon", "coordinates": [[[-70.7111581170663, 43.06849917394909], [-70.7110286157628, 43.06847094101394], [-70.71104338465867, 43.068356744108456], [-70.7110839150651, 43.06825705146125], [-70.71115736920783, 43.06812905455831], [-70.7111768928522, 43.06796806923553], [-70.71116353703792, 43.06778218730076], [-70.71117524224417, 43.067656055671826], [-70.71126803553324, 43.06753774745188], [-70.71100238292117, 43.06723225010939], [-70.7108339306879, 43.0672022630934], [-70.71076425166035, 43.06708736077894], [-70.71068748439157, 43.06701050566036], [-70.71051475751122, 43.06683758122297], [-70.71047852113533, 43.06666103437873], [-70.71059006293072, 43.06659051619951], [-70.71071536285896, 43.06652091848924], [-70.71089013327064, 43.06651204635049], [-70.71096625643231, 43.066630336610636], [-70.7110619194583, 43.06674545580488], [-70.71124269624659, 43.066818415492385], [-70.71142420556077, 43.06685063528262], [-70.71150762533114, 43.066911131027894], [-70.71155693026371, 43.067083023877125], [-70.71157375597255, 43.0672546447175], [-70.71177350529348, 43.06736110562597], [-70.7119212137419, 43.067471895640274], [-70.7120727150072, 43.06759781187808], [-70.71232469401063, 43.067688035660765], [-70.71250813226573, 43.06779912289191], [-70.71242855305512, 43.067903253176276], [-70.71225047122867, 43.06802480900892], [-70.71200775101285, 43.06817521192553], [-70.71160236798724, 43.068340927764574], [-70.71138614758915, 43.06845820681776], [-70.7111581170663, 43.06849917394909]]]}, "properties": {"OBJECTID": 124, "density": "h", "Hectares": 1.41500705903, "Acres": 3.49655859101, "Year_": "2015", "comments": ""}}, {"type": "Feature", "geometry": {"type": "Polygon", "coordinates": [[[-70.74212798080858, 43.07540407430319], [-70.74223792883397, 43.075349853056466], [-70.74232303195691, 43.0753076704727], [-70.7424535790137, 43.0752682366929], [-70.74257770018717, 43.07522398722975], [-70.74267515342326, 43.07522477418555], [-70.74275975642679, 43.075215930023646], [-70.74285987138427, 43.0752333345429], [-70.74296058785103, 43.07525565869779], [-70.74307738875041, 43.075266127871224], [-70.74315199546035, 43.07527387547957], [-70.7431643578296, 43.075308066969406], [-70.74312843358732, 43.07532846358855], [-70.74305729005007, 43.07530645479522], [-70.74297640062991, 43.0752843663876], [-70.74289829487341, 43.07529326226075], [-70.74279872338461, 43.075306615191884], [-70.74268535145066, 43.075337126151105], [-70.74258190725274, 43.075376448711836], [-70.74251027453197, 43.07542932524696], [-70.74237585843632, 43.07546766925143], [-70.7422848651138, 43.075469316045314], [-70.74219946104333, 43.0755090387342], [-70.74206140016351, 43.07551071195588], [-70.74197563599034, 43.075542766714804], [-70.74190669575337, 43.075536255043474], [-70.74193967229694, 43.07550377375982], [-70.74196452838764, 43.07547122684531], [-70.7420502029603, 43.07544512502097], [-70.74212798080858, 43.07540407430319]]]}, "properties": {"OBJECTID": 125, "density": "sb", "Hectares": 0.116820131137, "Acres": 0.288668830676, "Year_": "2015", "comments": ""}}, {"type": "Feature", "geometry": {"type": "Polygon", "coordinates": [[[-70.72672538461613, 43.083038145035346], [-70.726647790746, 43.08302168015828], [-70.72656999218816, 43.08300960901571], [-70.7265001506516, 43.083010923727585], [-70.72644066258133, 43.0829913813073], [-70.72639168901294, 43.08296430362385], [-70.72642083193041, 43.08292834236332], [-70.72647794959167, 43.082900357708084], [-70.72658387435841, 43.08289467214342], [-70.72668687475034, 43.082879210152], [-70.72678821643912, 43.08288147114614], [-70.7269202408791, 43.08285868601555], [-70.72703156598327, 43.08285142950458], [-70.72713573274797, 43.082838947206206], [-70.72722424686332, 43.082830147572864], [-70.7273568864024, 43.08282552046366], [-70.72739301214915, 43.082842965007586], [-70.72735604230222, 43.08288076790074], [-70.72725167173068, 43.08290658635951], [-70.72715762370197, 43.082947380781974], [-70.72708510589378, 43.082972507346184], [-70.72697736954763, 43.08300591864979], [-70.72690489650805, 43.083028187467136], [-70.72684624266938, 43.08303913774089], [-70.72672538461613, 43.083038145035346]]]}, "properties": {"OBJECTID": 126, "density": "sb", "Hectares": 0.106711211992, "Acres": 0.263689147461, "Year_": "2015", "comments": ""}}, {"type": "Feature", "geometry": {"type": "Polygon", "coordinates": [[[-70.70674393103295, 43.08146053109331], [-70.70681628135347, 43.08137897975566], [-70.70689902402229, 43.08128202563065], [-70.70696134481334, 43.08124444107472], [-70.7070429348476, 43.08122130898298], [-70.70717318074493, 43.08120334756552], [-70.70731955972745, 43.0811926667086], [-70.70744696646726, 43.081148482995545], [-70.70753822745462, 43.08113019435196], [-70.70764629017717, 43.08107632190688], [-70.70773157435828, 43.081024640286145], [-70.70781230963834, 43.081056278659624], [-70.70790189930264, 43.08114515116025], [-70.70794637921934, 43.08120982838469], [-70.70800023347617, 43.081298401393425], [-70.70799071113261, 43.08140245271826], [-70.70793269620798, 43.08146217097403], [-70.70781514739888, 43.08149929328255], [-70.70772019129674, 43.08154613027362], [-70.70757672613843, 43.08157827151052], [-70.70751134219074, 43.08160392164225], [-70.70740638072093, 43.081619051077254], [-70.7072882206669, 43.08169522644359], [-70.70718098929548, 43.08174405293123], [-70.70703285562648, 43.08181883709516], [-70.70682926327855, 43.08187286093375], [-70.70668120589814, 43.08189347831743], [-70.70657176060301, 43.08184849917403], [-70.70655009755603, 43.08177924924221], [-70.70657432653914, 43.08168418529211], [-70.70660490336073, 43.08159870185981], [-70.7066806294372, 43.08153503265348], [-70.70673028946536, 43.081475907461105], [-70.70674393103295, 43.08146053109331]]]}, "properties": {"OBJECTID": 127, "density": "sb", "Hectares": 0.5964555013, "Acres": 1.47387364177, "Year_": "2015", "comments": ""}}, {"type": "Feature", "geometry": {"type": "Polygon", "coordinates": [[[-70.70662890097945, 43.08149768231342], [-70.70674393103295, 43.08146053109331], [-70.70673028946536, 43.081475907461105], [-70.7066806294372, 43.08153503265348], [-70.70660490336073, 43.08159870185981], [-70.70657432653914, 43.08168418529211], [-70.70655009755603, 43.08177924924221], [-70.70657176060301, 43.08184849917403], [-70.70668120589814, 43.08189347831743], [-70.70660293816499, 43.08191187529014], [-70.70653161336098, 43.08190175047381], [-70.7063754497035, 43.08191473002057], [-70.70628418600423, 43.08193301680938], [-70.70618000323526, 43.081946432352595], [-70.70599799772182, 43.081949668102794], [-70.70586125075673, 43.08196757359042], [-70.70576349012383, 43.081985805410454], [-70.70566520829556, 43.08203737729324], [-70.70556722412178, 43.08206989796352], [-70.70547005892625, 43.08205002817861], [-70.70541225130826, 43.08200667258652], [-70.70543308424185, 43.08192110761921], [-70.70548595750847, 43.08186439178134], [-70.70559088602099, 43.08180334951281], [-70.70577326329013, 43.081776301170976], [-70.70589723730687, 43.081743998545235], [-70.70602136002545, 43.08170217066889], [-70.70617811845862, 43.08165108933884], [-70.70636676976225, 43.08163838270971], [-70.70650366338391, 43.081610951481764], [-70.7065762509732, 43.08154011056082], [-70.70662890097945, 43.08149768231342]]]}, "properties": {"OBJECTID": 128, "density": "h", "Hectares": 0.273385129066, "Acres": 0.675549366053, "Year_": "2015", "comments": ""}}, {"type": "Feature", "geometry": {"type": "Polygon", "coordinates": [[[-70.72634380868652, 43.08284198564294], [-70.72631995088945, 43.08287227521737], [-70.7262891118018, 43.0828491577819], [-70.72627156027767, 43.08280709590716], [-70.72625386183434, 43.08277456008861], [-70.72626989330372, 43.082746111841836], [-70.72631124554343, 43.082761694046646], [-70.72633673996835, 43.082794293922014], [-70.72634380868652, 43.08284198564294]]]}, "properties": {"OBJECTID": 129, "density": "sb", "Hectares": 0.0059184345978, "Acres": 0.0146247703898, "Year_": "2015", "comments": ""}}, {"type": "Feature", "geometry": {"type": "Polygon", "coordinates": [[[-70.72244550742604, 43.080257178664475], [-70.72243395842798, 43.080247556995175], [-70.72243487858483, 43.080229940398816], [-70.72243836153972, 43.080214725867364], [-70.72245037862528, 43.08019386665499], [-70.722461709612, 43.08017538269727], [-70.72247224354454, 43.0801664194316], [-70.72249821878616, 43.08016758702957], [-70.72250843945606, 43.08017910336633], [-70.72249992587524, 43.08022571350208], [-70.72248452093302, 43.080255595851725], [-70.72246041502483, 43.080259683494056], [-70.72244550742604, 43.080257178664475]]]}, "properties": {"OBJECTID": 130, "density": "sb", "Hectares": 0.00448520471618, "Acres": 0.0110831822235, "Year_": "2015", "comments": ""}}, {"type": "Feature", "geometry": {"type": "Polygon", "coordinates": [[[-70.68672309394356, 43.06333076304398], [-70.68672798906842, 43.06302344541554], [-70.68716784590495, 43.062878680448215], [-70.68738861663913, 43.0628853327174], [-70.68762351607334, 43.0628206561574], [-70.6875335640902, 43.06275796272123], [-70.6867345453166, 43.06275588675243], [-70.68675072194705, 43.062555963856475], [-70.68688781003738, 43.062514267596406], [-70.68676538252535, 43.06245129548911], [-70.68637740106028, 43.06233841579791], [-70.68663692635599, 43.06225113856169], [-70.68689317679735, 43.06197792446536], [-70.68829206525926, 43.06193186723517], [-70.68871894442904, 43.062049836521076], [-70.68906439793524, 43.06238622374395], [-70.68949037401043, 43.06256134258693], [-70.69027134049864, 43.062472742295824], [-70.69025366356247, 43.062767919527005], [-70.69021000402427, 43.06306287503019], [-70.69022451591044, 43.06315726089815], [-70.69012677964233, 43.06317548055449], [-70.68998183772851, 43.063302853879925], [-70.68999875355921, 43.06346495230549], [-70.69081968510413, 43.06372441391224], [-70.69127850208231, 43.06390605054036], [-70.6916888338935, 43.06400770081345], [-70.69176634971386, 43.06424057453832], [-70.69186855527839, 43.06445281893244], [-70.69173269508339, 43.06457074542346], [-70.69145544959284, 43.06464280999356], [-70.69108293857104, 43.06457711595732], [-70.68959946571401, 43.06439039867455], [-70.68825887182794, 43.064427581583345], [-70.68756329568122, 43.064563528794935], [-70.68721510863983, 43.064398595063864], [-70.6869281134069, 43.064062702896244], [-70.68690130875996, 43.06400631783778], [-70.68696944941499, 43.06380683986109], [-70.68690768022982, 43.06360625052073], [-70.68680648190607, 43.063433902690925], [-70.68672309394356, 43.06333076304398]]]}, "properties": {"OBJECTID": 131, "density": "sb", "Hectares": 7.88276139961, "Acres": 19.4787276266, "Year_": "2015", "comments": ""}}, {"type": "Feature", "geometry": {"type": "Polygon", "coordinates": [[[-70.69671465241674, 43.066438535936264], [-70.69629376586322, 43.06632972724067], [-70.69578687141743, 43.06633479109904], [-70.69566973535879, 43.06622285435216], [-70.69542781469977, 43.06629826990614], [-70.69549014692682, 43.06645664189517], [-70.69553354634131, 43.06653679584921], [-70.69550400280187, 43.066607757629114], [-70.6953285322909, 43.0666628334037], [-70.69522873852033, 43.06645120764068], [-70.69513598064404, 43.066411122791045], [-70.69480906318205, 43.06629223968458], [-70.69453192215713, 43.06607107033266], [-70.69443347379193, 43.06613281121481], [-70.69431311237791, 43.066019664665895], [-70.69417974019181, 43.06590705193168], [-70.69394746612313, 43.065638764630485], [-70.69393263014545, 43.0655085789676], [-70.69388602177088, 43.06529714395174], [-70.69397971539657, 43.06522649024171], [-70.6941074558368, 43.06515969765981], [-70.6942471007652, 43.06526448739941], [-70.6945329747622, 43.065248629627035], [-70.69461933467619, 43.0651426124298], [-70.69466980166115, 43.06503229268035], [-70.69440727450252, 43.06498081378972], [-70.6943174356205, 43.064822093127844], [-70.69419885966134, 43.064617452276984], [-70.69426144245642, 43.06435719074105], [-70.69418671330826, 43.064152922453445], [-70.69403251263397, 43.06404443617033], [-70.69378678005745, 43.064178103033385], [-70.69364649108647, 43.06408590497589], [-70.69382683420822, 43.06392448869284], [-70.69418898615177, 43.06361794890389], [-70.69417500180116, 43.063235452054215], [-70.69384461466535, 43.06276583435799], [-70.69346384375709, 43.06228077162036], [-70.69409470880642, 43.06182408932825], [-70.69452601956057, 43.06179690040625], [-70.69526598280473, 43.06266087749626], [-70.69542182723427, 43.06307661238713], [-70.69549652275161, 43.0638560376647], [-70.69539595880138, 43.06446489295401], [-70.69559208080459, 43.06477546704121], [-70.69559742811705, 43.064778767396426], [-70.6955988587979, 43.06478099663057], [-70.69617791225538, 43.06513839717159], [-70.69688974176727, 43.065315913302825], [-70.69752474443922, 43.065434877899655], [-70.69756083060153, 43.065839960074506], [-70.69766800208741, 43.066460103577214], [-70.69766134760953, 43.06669977498721], [-70.69767305980359, 43.067028545764614], [-70.69736311110356, 43.06672938479947], [-70.69671465241674, 43.066438535936264]]]}, "properties": {"OBJECTID": 132, "density": "sb", "Hectares": 7.78975275922, "Acres": 19.248898271, "Year_": "2015", "comments": ""}}, {"type": "Feature", "geometry": {"type": "Polygon", "coordinates": [[[-70.6870717121155, 43.06465772434289], [-70.68636866165646, 43.064746970231745], [-70.68545744285701, 43.064853481577885], [-70.68508517641516, 43.064948750136665], [-70.68449395178067, 43.064978589786925], [-70.68393128918231, 43.06522621680101], [-70.68336849985437, 43.06535951880517], [-70.68289913058922, 43.065460278411344], [-70.68255752360781, 43.0652906234657], [-70.68201135227683, 43.065359598592494], [-70.68117702820673, 43.065227377890864], [-70.68117510847291, 43.06484033963842], [-70.68023543515373, 43.06520140302998], [-70.6797286736952, 43.064899323742345], [-70.68000187157405, 43.064574199002934], [-70.68033955245751, 43.064785506925645], [-70.68079044243456, 43.06460049580625], [-70.68081038344714, 43.06428941227197], [-70.68153264022995, 43.064319448885016], [-70.68217715399946, 43.06464056819941], [-70.68266637417535, 43.06453570557883], [-70.68292430892329, 43.06469835871637], [-70.68319268753058, 43.06457205442863], [-70.68323523981533, 43.064348543269205], [-70.68346200704605, 43.06420982578199], [-70.68375022070524, 43.064238646760714], [-70.68398781991874, 43.06441216869177], [-70.68443477007334, 43.064520652269266], [-70.68504991365234, 43.06462134499706], [-70.68545936900325, 43.06461056665066], [-70.68576385066001, 43.06454379278562], [-70.68607471916503, 43.06443959739744], [-70.68643357328156, 43.064342641735], [-70.68670150312548, 43.064351934394544], [-70.68674946230817, 43.06439997884278], [-70.68697700770606, 43.06448543228356], [-70.6870717121155, 43.06465772434289]]]}, "properties": {"OBJECTID": 133, "density": "sb", "Hectares": 3.83151729644, "Acres": 9.46788543135, "Year_": "2015", "comments": ""}}, {"type": "Feature", "geometry": {"type": "Polygon", "coordinates": [[[-70.69617791225538, 43.06513839717159], [-70.6955988587979, 43.06478099663057], [-70.69559742811705, 43.064778767396426], [-70.69559208080459, 43.06477546704121], [-70.69539595880138, 43.06446489295401], [-70.69549652275161, 43.0638560376647], [-70.69542182723427, 43.06307661238713], [-70.69526598280473, 43.06266087749626], [-70.69452601956057, 43.06179690040625], [-70.69527789760045, 43.061741651468125], [-70.69565425364443, 43.06176866210333], [-70.69613074664072, 43.061625040333055], [-70.69642998422718, 43.06159899779775], [-70.69715270665752, 43.06182624043833], [-70.69716149343414, 43.061887047788574], [-70.69708174738285, 43.06200069246119], [-70.69672798359389, 43.06206356997202], [-70.69643525347757, 43.06208871518755], [-70.69611718843663, 43.062072681193186], [-70.69583232408006, 43.0624227530448], [-70.69607805748419, 43.06290593619608], [-70.69618236144679, 43.06288300440596], [-70.69654032695955, 43.06302859896199], [-70.69668906416643, 43.063295996618166], [-70.69681612135697, 43.06347808130463], [-70.6963263843647, 43.06363683597079], [-70.69619339295032, 43.06383100594765], [-70.69635352958313, 43.06397526430273], [-70.69646202099727, 43.0640622142726], [-70.69644976879476, 43.0641769527776], [-70.69652426938758, 43.06427108761211], [-70.69669753111414, 43.064501514722686], [-70.69679971638607, 43.064613128398186], [-70.6967951846264, 43.06472528499529], [-70.69687321741588, 43.064792853414446], [-70.69686971633706, 43.06491190766819], [-70.69692124987506, 43.064939734460026], [-70.69700019349423, 43.06490803009891], [-70.6970152992248, 43.06479477218646], [-70.69721569890139, 43.06475479094077], [-70.69736224655321, 43.06473102505232], [-70.69746653441932, 43.06470928197664], [-70.69775991051398, 43.06464388897603], [-70.69782437155533, 43.064778999638264], [-70.69773674598818, 43.064959521070996], [-70.69760578052754, 43.065025099490555], [-70.69749884722873, 43.0652147279666], [-70.69752474443922, 43.065434877899655], [-70.69688974176727, 43.065315913302825], [-70.69617791225538, 43.06513839717159]]]}, "properties": {"OBJECTID": 134, "density": "h", "Hectares": 4.09350430866, "Acres": 10.1152694373, "Year_": "2015", "comments": ""}}, {"type": "Feature", "geometry": {"type": "Polygon", "coordinates": [[[-70.68612872070406, 43.062967230601856], [-70.68647214734708, 43.06302257024412], [-70.68660198082134, 43.063028445944596], [-70.68672798906842, 43.06302344541554], [-70.68672309394356, 43.06333076304398], [-70.68641520445097, 43.063334558522335], [-70.68611120590234, 43.06325097650336], [-70.68593996815078, 43.06339717304498], [-70.68562408165465, 43.063651686843315], [-70.68523237182127, 43.063772175517855], [-70.68511180416624, 43.063999781929205], [-70.68531495216912, 43.06429685225047], [-70.6849509686443, 43.06430802020088], [-70.68459522974017, 43.06420970113234], [-70.68436726248207, 43.06403222592315], [-70.68421134984258, 43.063839626918565], [-70.68428553862213, 43.06366878344075], [-70.68437878793165, 43.06356920713996], [-70.68447106433725, 43.063441735463776], [-70.68461761566026, 43.06321435180284], [-70.6844218512452, 43.06286208907009], [-70.6841121517922, 43.06272891431113], [-70.68406843400192, 43.062618981376055], [-70.68420374241663, 43.062281945018206], [-70.6847495097705, 43.06227710307635], [-70.68485328958819, 43.06269431026658], [-70.68510235684873, 43.062963194928116], [-70.68534645097428, 43.06313676978561], [-70.68553482000598, 43.06313838501731], [-70.68569215611194, 43.063049230047966], [-70.68612872070406, 43.062967230601856]]]}, "properties": {"OBJECTID": 135, "density": "h", "Hectares": 1.91232362576, "Acres": 4.72545459033, "Year_": "2015", "comments": ""}}, {"type": "Feature", "geometry": {"type": "Polygon", "coordinates": [[[-70.72017509100775, 43.05418776583885], [-70.72057610591054, 43.0541094255815], [-70.7210558967299, 43.05418697139618], [-70.72165497536697, 43.05419341450112], [-70.72244078394186, 43.054187636405985], [-70.72280393178337, 43.05419805229047], [-70.72313215673036, 43.05428723579034], [-70.72356934930215, 43.054266286890325], [-70.72398478870521, 43.05428400000584], [-70.7242104242317, 43.054395416308346], [-70.72419597531979, 43.05449056413097], [-70.72393648040314, 43.05446937293197], [-70.72367863660133, 43.05444297741283], [-70.72351079794501, 43.054374906639545], [-70.72335536448287, 43.054345045328716], [-70.7230821501404, 43.054371372959565], [-70.72283491457188, 43.05439791420876], [-70.7224973386882, 43.05438560303415], [-70.72235387143967, 43.05442252577662], [-70.72217041274325, 43.054525805853366], [-70.7218739768455, 43.05452381427924], [-70.7211120091751, 43.05450035468544], [-70.72039792319887, 43.05445731497941], [-70.72001011166896, 43.05447226372373], [-70.72017509100775, 43.05418776583885]]]}, "properties": {"OBJECTID": 136, "density": "p", "Hectares": 0.905917136739, "Acres": 2.23856999651, "Year_": "2015", "comments": ""}}, {"type": "Feature", "geometry": {"type": "Polygon", "coordinates": [[[-70.71695741621274, 43.07323981762883], [-70.71693142930332, 43.07323960194647], [-70.71690909546, 43.07321321745771], [-70.71689004691521, 43.073184479312985], [-70.7169323119219, 43.07318244829006], [-70.71695844589904, 43.073173138812486], [-70.71699107566701, 43.07316388323926], [-70.71702020074991, 43.07317126951197], [-70.71702326418009, 43.07318320313575], [-70.71703928612527, 43.0731976261207], [-70.71701924467895, 43.073233185299735], [-70.71699311068508, 43.073242494790925], [-70.71695741621274, 43.07323981762883]]]}, "properties": {"OBJECTID": 137, "density": "sb", "Hectares": 0.00709500427001, "Acres": 0.0175321373665, "Year_": "2015", "comments": ""}}, {"type": "Feature", "geometry": {"type": "Polygon", "coordinates": [[[-70.71039683108835, 43.071754776998766], [-70.71039052020011, 43.07173857630934], [-70.71039262491625, 43.07171187178177], [-70.71042478112774, 43.07168159811237], [-70.71045374511465, 43.07168385020427], [-70.71046604413453, 43.07169104983128], [-70.7104557434801, 43.07172668926167], [-70.71043858736284, 43.071739455076475], [-70.71039683108835, 43.071754776998766]]]}, "properties": {"OBJECTID": 138, "density": "sb", "Hectares": 0.0032823585179, "Acres": 0.00811088453678, "Year_": "2015", "comments": ""}}, {"type": "Feature", "geometry": {"type": "Polygon", "coordinates": [[[-70.69192398037049, 43.06479863460829], [-70.69190004574631, 43.06477163657531], [-70.6918800774717, 43.06475062688077], [-70.69182054764575, 43.064663783647156], [-70.69187020915443, 43.0646046647486], [-70.6920119714563, 43.06462671188069], [-70.69206691828532, 43.064490234085405], [-70.69219706794598, 43.06447645654726], [-70.69226206370486, 43.06443471871824], [-70.69232569648564, 43.06454840701647], [-70.69243264922207, 43.06456360766855], [-70.69244775681867, 43.06463518646137], [-70.69256320937484, 43.06468797080753], [-70.6926684347106, 43.06470970609601], [-70.69272008130666, 43.064781595854], [-70.6927028985121, 43.064840991563905], [-70.69249873041237, 43.06491368152531], [-70.69240535438085, 43.06491288656134], [-70.6923612612203, 43.064876785610295], [-70.69224045678865, 43.06481323818819], [-70.69209878829098, 43.064785237582335], [-70.69192398037049, 43.06479863460829]]]}, "properties": {"OBJECTID": 139, "density": "sb", "Hectares": 0.196768143982, "Acres": 0.486224672792, "Year_": "2015", "comments": ""}}, {"type": "Feature", "geometry": {"type": "Polygon", "coordinates": [[[-70.6833091675403, 43.06545411708473], [-70.68347996703963, 43.06543772286105], [-70.68368594124414, 43.06576101851729], [-70.68384040717851, 43.06575043710098], [-70.68407730538385, 43.06566315863474], [-70.68432787524456, 43.065736760097735], [-70.68453832346928, 43.065780245695315], [-70.68450375384971, 43.065910941069355], [-70.68409548384011, 43.06605033641654], [-70.68381855471718, 43.06610154647162], [-70.68371356934526, 43.06606491917719], [-70.68344799542399, 43.06591378275823], [-70.68330288645363, 43.06584704025792], [-70.68331395689177, 43.06566255502772], [-70.6833091675403, 43.06545411708473]]]}, "properties": {"OBJECTID": 140, "density": "h", "Hectares": 0.368595825385, "Acres": 0.910820120389, "Year_": "2015", "comments": ""}}, {"type": "Feature", "geometry": {"type": "Polygon", "coordinates": [[[-70.80725157471352, 43.11944417232471], [-70.80729178464655, 43.11935873474754], [-70.80742871950234, 43.119331183284345], [-70.80760376582518, 43.119368222949134], [-70.80779771656475, 43.11944827314575], [-70.80818631876595, 43.119558364397996], [-70.80843421955166, 43.119611099868564], [-70.80868579792607, 43.119722270616776], [-70.80880210316273, 43.11983329442108], [-70.80871381382484, 43.12004400458954], [-70.80849790340676, 43.120081087501795], [-70.80824985651599, 43.12009113495353], [-70.80776276200298, 43.119855275152695], [-70.80751249392674, 43.1196176118954], [-70.80725157471352, 43.11944417232471]]]}, "properties": {"OBJECTID": 141, "density": "p", "Hectares": 0.520856021768, "Acres": 1.28706325948, "Year_": "2015", "comments": ""}}, {"type": "Feature", "geometry": {"type": "Polygon", "coordinates": [[[-70.80878360551577, 43.12044359545362], [-70.80871636259164, 43.120435408458874], [-70.80861391072901, 43.1203956419665], [-70.80857611151804, 43.1203086665555], [-70.8086400281022, 43.12029485595232], [-70.80873084068524, 43.120310779209426], [-70.80880580827767, 43.120343731513195], [-70.80884778695133, 43.12038356926214], [-70.80883142337157, 43.12042381574461], [-70.80878360551577, 43.12044359545362]]]}, "properties": {"OBJECTID": 142, "density": "p", "Hectares": 0.0236837879212, "Acres": 0.0585239144884, "Year_": "2015", "comments": ""}}, {"type": "Feature", "geometry": {"type": "Polygon", "coordinates": [[[-70.88777365344566, 43.13260703032539], [-70.88759309869042, 43.13261294647392], [-70.88751517746309, 43.132603186617104], [-70.88748291764037, 43.13258272340607], [-70.88747507659801, 43.13256004377868], [-70.88750260570724, 43.1325246518281], [-70.88757585639824, 43.132434204634045], [-70.88766494469579, 43.13233269793069], [-70.88784755735222, 43.132164545003256], [-70.88813763368984, 43.1319843228723], [-70.88852471158147, 43.13184762859756], [-70.88895030847581, 43.131750492792484], [-70.88924823328925, 43.13172036489878], [-70.88944815889954, 43.13172529583452], [-70.88961791665679, 43.131801471151], [-70.88965761109688, 43.13192407594715], [-70.889536260803, 43.13208671498432], [-70.88918269134918, 43.1322736555455], [-70.88863715497034, 43.13245313276769], [-70.88839927544404, 43.13250768537121], [-70.88807655128842, 43.132569794836265], [-70.88777365344566, 43.13260703032539]]]}, "properties": {"OBJECTID": 143, "density": "sb", "Hectares": 0.955309826123, "Acres": 2.36062199003, "Year_": "2015", "comments": "field verified to be ruppia maritima"}}, {"type": "Feature", "geometry": {"type": "Polygon", "coordinates": [[[-70.74484474829836, 43.07620234878581], [-70.74476025131972, 43.076204049880445], [-70.74458468977275, 43.07621216170038], [-70.74439099440109, 43.076129624231385], [-70.74427205022872, 43.07606634750812], [-70.74417739850762, 43.07597555241129], [-70.74410042703406, 43.07590928598371], [-70.74406447244627, 43.075900683133], [-70.74402135102665, 43.07585235248477], [-70.74407407322624, 43.07582597984468], [-70.74414596109287, 43.07582184619149], [-70.74425214301002, 43.07582396509772], [-70.74437448837755, 43.075885663373846], [-70.74452867151065, 43.0759493274927], [-70.74473865949946, 43.07601894459484], [-70.74488467231673, 43.0760822273511], [-70.74492423538638, 43.07609128028528], [-70.74492904950714, 43.07615832958634], [-70.74484474829836, 43.07620234878581]]]}, "properties": {"OBJECTID": 144, "density": "h", "Hectares": 0.14912497156, "Acres": 0.368495829835, "Year_": "2015", "comments": ""}}, {"type": "Feature", "geometry": {"type": "Polygon", "coordinates": [[[-70.86692511553056, 43.07246029916215], [-70.86673861623615, 43.072140311473085], [-70.86642657428665, 43.07181826908795], [-70.86625792774622, 43.07163203350349], [-70.86608921495362, 43.07153010812895], [-70.86593476668651, 43.07150116209605], [-70.86574813743765, 43.07152772142188], [-70.86578031607196, 43.07139499278271], [-70.86581754409332, 43.07126475691019], [-70.86596742510429, 43.07118347156801], [-70.86627344655065, 43.07117139707589], [-70.86667755326329, 43.07132307807894], [-70.86685447983275, 43.07176988846579], [-70.86692511553056, 43.07246029916215]]]}, "properties": {"OBJECTID": 145, "density": "p", "Hectares": 0.501003166853, "Acres": 1.23800578661, "Year_": "2015", "comments": ""}}, {"type": "Feature", "geometry": {"type": "Polygon", "coordinates": [[[-70.88878719273976, 43.075171077698585], [-70.88893104688574, 43.07509526633265], [-70.8891785946011, 43.07507580552936], [-70.88935551408568, 43.07514048501338], [-70.88970514989023, 43.07522192244092], [-70.89015335674421, 43.075246408402315], [-70.89088211894071, 43.0751656109515], [-70.89134846021862, 43.075073563266066], [-70.89190760401466, 43.074467171402354], [-70.89263329111854, 43.07403613143164], [-70.89323377094605, 43.07396216736508], [-70.89414502869401, 43.073834949461194], [-70.89450599056258, 43.074066026738834], [-70.89468360268863, 43.074410187514815], [-70.89477693060107, 43.07486426261035], [-70.89430636772879, 43.075474634794716], [-70.89406504860224, 43.076063662768085], [-70.893894682755, 43.07665793929998], [-70.89336345189606, 43.07708838576765], [-70.89261819310929, 43.07708765972395], [-70.89178184531647, 43.07698909195298], [-70.89108264507402, 43.07675269327186], [-70.89000640353035, 43.07611479401347], [-70.88936253449245, 43.075616663992705], [-70.88878719273976, 43.075171077698585]]]}, "properties": {"OBJECTID": 146, "density": "p", "Hectares": 9.75262254212, "Acres": 24.0992551357, "Year_": "2015", "comments": ""}}, {"type": "Feature", "geometry": {"type": "Polygon", "coordinates": [[[-70.84838696957111, 43.06694618176483], [-70.8481907167406, 43.06714940755871], [-70.84807048905654, 43.06739624242072], [-70.84809349550999, 43.067620285346756], [-70.84809032642298, 43.0678584310894], [-70.84814432484927, 43.068194634392825], [-70.84796757567607, 43.068532507721834], [-70.84789266090955, 43.06879157475056], [-70.84791219562624, 43.06903226471183], [-70.84791896114312, 43.06925619140673], [-70.84786627461547, 43.069553523959996], [-70.84792175627665, 43.06992293853933], [-70.84795579701516, 43.070149585296825], [-70.84734536916763, 43.06956410450919], [-70.84663202721225, 43.069463727171645], [-70.84631292079528, 43.06903273714663], [-70.84609380577253, 43.06841192874571], [-70.84558299844569, 43.067741393417926], [-70.84477478104029, 43.06744979005872], [-70.84497221431606, 43.067260673357836], [-70.84546197534718, 43.06707365360482], [-70.84601701209687, 43.06686328430041], [-70.84676439173401, 43.06684482514481], [-70.84770760745631, 43.0667563115475], [-70.84838696957111, 43.06694618176483]]]}, "properties": {"OBJECTID": 147, "density": "p", "Hectares": 5.51050445256, "Acres": 13.6167530483, "Year_": "2015", "comments": ""}}, {"type": "Feature", "geometry": {"type": "Polygon", "coordinates": [[[-70.80949382885363, 43.11998724598747], [-70.80947316998726, 43.1199991451701], [-70.80945369801618, 43.1199966183855], [-70.80943155736766, 43.11999283929413], [-70.80939581413676, 43.11995093311511], [-70.80936977413708, 43.11990212164028], [-70.80938410660421, 43.11985796039523], [-70.80940288890298, 43.11982987861767], [-70.80943053062536, 43.1198003149491], [-70.80945974061, 43.11979660371955], [-70.8094950209814, 43.11980943146525], [-70.80950813839226, 43.119823164353335], [-70.80951089077801, 43.11985891025076], [-70.80950516291234, 43.119896878108044], [-70.80949639299338, 43.11991491988929], [-70.80949105178577, 43.11994666698333], [-70.80949382885363, 43.11998724598747]]]}, "properties": {"OBJECTID": 148, "density": "p", "Hectares": 0.018468973134, "Acres": 0.0456378265159, "Year_": "2015", "comments": ""}}, {"type": "Feature", "geometry": {"type": "Polygon", "coordinates": [[[-70.76539855639503, 43.09718983175844], [-70.76530519540891, 43.09823702988316], [-70.76544832660989, 43.09911461009032], [-70.76478439961345, 43.100062045989], [-70.76485708140734, 43.10042463165675], [-70.7649817606018, 43.100787627922045], [-70.76481849897188, 43.10128172733978], [-70.76375199015273, 43.101311423639224], [-70.76328513260621, 43.10123152525778], [-70.76299942657646, 43.10121021563632], [-70.76240229770524, 43.10114833833462], [-70.76219935720856, 43.10080377428841], [-70.7620000643424, 43.10021154564788], [-70.76195592159033, 43.0996777033075], [-70.76256284833111, 43.09907279452947], [-70.76371711055543, 43.09837693586215], [-70.76482075078026, 43.09758539937015], [-70.76539855639503, 43.09718983175844]]]}, "properties": {"OBJECTID": 149, "density": "p", "Hectares": 7.86269298541, "Acres": 19.4291374952, "Year_": "2015", "comments": ""}}, {"type": "Feature", "geometry": {"type": "Polygon", "coordinates": [[[-70.76527164599054, 43.09697924516311], [-70.76474415750444, 43.0974895285705], [-70.76382473985639, 43.09813009109125], [-70.76330087056006, 43.09839270313567], [-70.7631999615356, 43.098182319566575], [-70.76341494138634, 43.09770768407064], [-70.76344597958195, 43.09736496880477], [-70.76337022889321, 43.097211943837], [-70.76366011593774, 43.096947485119834], [-70.7641367349458, 43.09636059193279], [-70.76470726293871, 43.096460357705276], [-70.76499071123436, 43.09663407138141], [-70.76514501470669, 43.09674960791796], [-70.76527164599054, 43.09697924516311]]]}, "properties": {"OBJECTID": 150, "density": "p", "Hectares": 1.92854353165, "Acres": 4.76553485063, "Year_": "2015", "comments": ""}}, {"type": "Feature", "geometry": {"type": "Polygon", "coordinates": [[[-70.77214917777762, 43.10497845560532], [-70.77207811248643, 43.10450156686337], [-70.77211132573012, 43.104006440656406], [-70.77227536855648, 43.103455176362004], [-70.77310209570332, 43.10382364819455], [-70.77354160121011, 43.10399856002935], [-70.77416532382514, 43.10402248037636], [-70.77507698269702, 43.10391526713568], [-70.77569821854266, 43.104110639283945], [-70.7762671813005, 43.104324654877246], [-70.77620800183767, 43.104819581130236], [-70.77639377836424, 43.10500917801152], [-70.77648903675495, 43.10516472687613], [-70.77651963901145, 43.105295957287225], [-70.77611113639382, 43.10544758634566], [-70.77510437499788, 43.10561122571829], [-70.77466236378443, 43.10560778077232], [-70.77448478611119, 43.10530154356042], [-70.7743340411296, 43.104938355484514], [-70.77357642928507, 43.10518013758277], [-70.77325444562739, 43.105400673338025], [-70.77261358048325, 43.10522977812027], [-70.77214917777762, 43.10497845560532]]]}, "properties": {"OBJECTID": 151, "density": "p", "Hectares": 5.29118951009, "Acres": 13.0748140231, "Year_": "2015", "comments": ""}}, {"type": "Feature", "geometry": {"type": "Polygon", "coordinates": [[[-70.77661555441689, 43.104284495392335], [-70.77656956519677, 43.10409360453455], [-70.7767484877627, 43.10408308808798], [-70.77700814311326, 43.1041089235571], [-70.77728180755122, 43.10428967599169], [-70.77732642136657, 43.104575822872654], [-70.7771466354068, 43.10464587515971], [-70.77688921968607, 43.10446524876665], [-70.77661555441689, 43.104284495392335]]]}, "properties": {"OBJECTID": 152, "density": "p", "Hectares": 0.225677360684, "Acres": 0.557660903004, "Year_": "2015", "comments": ""}}, {"type": "Feature", "geometry": {"type": "Polygon", "coordinates": [[[-70.72689550329656, 43.0555130512261], [-70.72684879217314, 43.05538167518142], [-70.72683337378487, 43.05532796102743], [-70.72691546754669, 43.05526909312915], [-70.72701343418252, 43.05523417198801], [-70.72715947561952, 43.05524132565648], [-70.72715008419365, 43.05532460712675], [-70.72711624740408, 43.05541364246052], [-70.72702612678891, 43.05546649092222], [-70.72689550329656, 43.0555130512261]]]}, "properties": {"OBJECTID": 153, "density": "h", "Hectares": 0.0554568295507, "Acres": 0.137036810211, "Year_": "2015", "comments": ""}}]}