{"type": "FeatureCollection", "features": [{"type": "Feature", "geometry": {"type": "Polygon", "coordinates": [[[-70.692437879, 43.06500420500003], [-70.692414695, 43.06493642300008], [-70.69236218199997, 43.06488261900005], [-70.692270525, 43.06484982500007], [-70.69218845700003, 43.06482422600005], [-70.69216043599995, 43.06482691800005], [-70.69208858900002, 43.06481411500005], [-70.69202202699998, 43.06482635400005], [-70.69194864099998, 43.06482829000005], [-70.69188979499998, 43.06479449400007], [-70.691866158, 43.06474307000007], [-70.69182846999998, 43.06469664800004], [-70.69182436899997, 43.06469150200007], [-70.69182735699998, 43.06465041000007], [-70.691836919, 43.064645006000035], [-70.69183594399996, 43.06462872700008], [-70.69183891099998, 43.06461847300005], [-70.69184177999999, 43.064614385000034], [-70.69186997900003, 43.06460434600005], [-70.691903623, 43.06460463200005], [-70.69190703700001, 43.06460537900005], [-70.691920366, 43.06459784600003], [-70.69195313899999, 43.06459469800007], [-70.69197084599996, 43.06460931700006], [-70.69202144300002, 43.06460152400007], [-70.69203030999998, 43.06457281600006], [-70.69203363400001, 43.06453994900005], [-70.69205395999997, 43.06450124600007], [-70.69216595899998, 43.064505246000074], [-70.69225383199998, 43.06439931300008], [-70.69232595700001, 43.06435324800003], [-70.69233235699997, 43.06426364800007], [-70.69243885199997, 43.064346900000025], [-70.692487236, 43.06430960000006], [-70.692474948, 43.06426454400001], [-70.69253638699999, 43.06420310500005], [-70.69265107400001, 43.06420924900005], [-70.69275142599999, 43.06416828900007], [-70.69286816100002, 43.064141665000065], [-70.692819683, 43.06419572900007], [-70.69278828899999, 43.06420105700004], [-70.692778049, 43.06425020800004], [-70.69270841799995, 43.064291168000054], [-70.692636739, 43.06431574400006], [-70.692646979, 43.06436694300004], [-70.69257325099997, 43.06439971100008], [-70.692568176, 43.06447621500006], [-70.69256742600002, 43.06448241500003], [-70.692542497, 43.06452488800005], [-70.69251745500002, 43.06457447400005], [-70.69251753199997, 43.06457558500006], [-70.69251217999997, 43.06458153700004], [-70.69251390999997, 43.064646140000036], [-70.69256564999998, 43.06468755900004], [-70.692628111, 43.06471370200005], [-70.692749581, 43.064763398000025], [-70.69287452899997, 43.064750543000045], [-70.69292755399998, 43.06475315500006], [-70.69299565599997, 43.064702336000046], [-70.69302137700002, 43.06467171500003], [-70.69303282000001, 43.06465742100006], [-70.69304687099999, 43.06465548400007], [-70.69308180499999, 43.06466128500004], [-70.693085681, 43.06471503500006], [-70.69308178300001, 43.06474061300003], [-70.69309538899996, 43.064763779000025], [-70.693140671, 43.06477184800006], [-70.69316487600001, 43.06478742100006], [-70.69316430799996, 43.06482327200006], [-70.693125444, 43.064851114000064], [-70.69311135199999, 43.06485867800006], [-70.693086701, 43.06487127400005], [-70.693007353, 43.06489613800005], [-70.69296734499996, 43.064908675000034], [-70.69292297199999, 43.06493337900007], [-70.69290391000001, 43.064943992000046], [-70.69283513799998, 43.064995722000056], [-70.69286869199996, 43.06501206500008], [-70.692907254, 43.065067374000066], [-70.69289566299997, 43.065092781000025], [-70.69285804099998, 43.06508962600002], [-70.69283885499995, 43.06508174000003], [-70.69280401, 43.065076321000056], [-70.69276920499995, 43.06506834200008], [-70.69276258499998, 43.06504523500007], [-70.69276319299999, 43.06500682300002], [-70.692735495, 43.06499122000001], [-70.69271100599998, 43.06499357300003], [-70.69270032599998, 43.06500628800005], [-70.692703332, 43.06503704700003], [-70.692727253, 43.06507054600006], [-70.69272692899997, 43.06509103200005], [-70.69267783, 43.06510342000007], [-70.69262893300002, 43.06510300400005], [-70.69261255100001, 43.06511260100008], [-70.69260789799996, 43.06511295500007], [-70.69254721600001, 43.06507672900007], [-70.692519497, 43.06505825600002], [-70.69249558099996, 43.06503671000006], [-70.692476234, 43.06503298800003], [-70.692437879, 43.06500420500003]]]}, "properties": {"Hectares": 0.44799353444, "Acres": 1.10701515357, "Year": "2023", "LABEL": "Portsmouth Harbor", "Type": 1, "Name": "Eelgrass", "Confidence": "H", "Notes": "UAV Imagery Used."}}, {"type": "Feature", "geometry": {"type": "Polygon", "coordinates": [[[-70.70140104092431, 43.075480880327596], [-70.70137353352675, 43.075435674806585], [-70.70134246673436, 43.07544123169091], [-70.70133521596463, 43.07545882333879], [-70.70128736701241, 43.07545731578784], [-70.70126366093984, 43.075385729749854], [-70.70126734584326, 43.07536061994724], [-70.70120404919172, 43.07536567873064], [-70.70117694978819, 43.07529281832031], [-70.70113923796315, 43.07526341531099], [-70.70109369344947, 43.07523832962845], [-70.70107469752332, 43.07521805047011], [-70.70105807921458, 43.07519959927956], [-70.70103841680502, 43.07517836987189], [-70.70105864528824, 43.07515635127233], [-70.70105127803721, 43.0751259958744], [-70.70104026287133, 43.0751432762211], [-70.70100692858188, 43.07510918716248], [-70.70096692743427, 43.075079967954096], [-70.70094850725442, 43.07500199222396], [-70.70090488487254, 43.0750702960681], [-70.70086710796735, 43.07508660501968], [-70.70084204063365, 43.075036848324096], [-70.70086359113641, 43.07499474518382], [-70.70086292636982, 43.07499461275138], [-70.7008597840628, 43.07499051150278], [-70.70086445355508, 43.074904462138775], [-70.70077684434985, 43.07491973001416], [-70.7007573381074, 43.0748664605653], [-70.70071960131332, 43.0748066464522], [-70.70061726983552, 43.074806420904885], [-70.70062358468391, 43.07476173125995], [-70.70057907813899, 43.0747059858415], [-70.70055502104192, 43.07463961310308], [-70.70046079632428, 43.07465026456672], [-70.70032476791694, 43.0746262250039], [-70.70026093911098, 43.07454256033947], [-70.70027466544114, 43.074436787591544], [-70.70016874234567, 43.0744411046163], [-70.70018499176153, 43.07436454662465], [-70.70017700399949, 43.07432970523279], [-70.69999963718779, 43.07418340178269], [-70.69996172443452, 43.074103500516294], [-70.7000105144484, 43.07404999442027], [-70.70016729089386, 43.07414907924137], [-70.70022767549693, 43.074304873236926], [-70.70028046907254, 43.0743786835403], [-70.70037734281907, 43.07439320933798], [-70.70040896128047, 43.07448408648978], [-70.70046509150393, 43.074583423461185], [-70.70068880781842, 43.074611500928484], [-70.70075652282699, 43.07472094872305], [-70.70087180526825, 43.07474510685789], [-70.70101225638929, 43.074822655685665], [-70.70119112197885, 43.074999696795224], [-70.70125540850468, 43.07511221637535], [-70.70125827963436, 43.07511765915633], [-70.7013455127612, 43.07508454162582], [-70.70133616030758, 43.07516486063941], [-70.701366360703, 43.075206234616815], [-70.70139111414875, 43.075237282836], [-70.7014071001852, 43.075290872655884], [-70.70140922674169, 43.0753340657614], [-70.70140598829363, 43.075366121475916], [-70.70140590629715, 43.07536693311664], [-70.70139720337987, 43.07538536334553], [-70.70141352325703, 43.07540170346286], [-70.70147406050758, 43.075437224106246], [-70.70145056967033, 43.07555034672834], [-70.70139447273326, 43.075540003431044], [-70.70140104092431, 43.075480880327596]]]}, "properties": {"Hectares": 0.27893528171, "Acres": 0.68926348258, "Year": "2023", "LABEL": "Portsmouth Harbor", "Type": 1, "Name": "Eelgrass", "Confidence": "H", "Notes": "UAV Imagery Used."}}, {"type": "Feature", "geometry": {"type": "Polygon", "coordinates": [[[-70.70715457674963, 43.081061350637576], [-70.70727815958197, 43.081055977470946], [-70.7073695034147, 43.08106672380422], [-70.70749308624707, 43.08120105296986], [-70.70735875708141, 43.08136224796867], [-70.70710621824992, 43.08152881613412], [-70.70674621608595, 43.08166851846641], [-70.70656890158725, 43.08160404046687], [-70.70651516992103, 43.081550308800615], [-70.70647755775464, 43.08142672596821], [-70.70647755775464, 43.08134075530218], [-70.7066204349941, 43.08128335640521], [-70.70696353200331, 43.08121045359972], [-70.7070435472065, 43.0811790635167], [-70.70715457674963, 43.081061350637576]]]}, "properties": {"Hectares": 0.30802279717, "Acres": 0.76114023507, "Year": "2023", "LABEL": "Portsmouth Harbor", "Type": 1, "Name": "Eelgrass", "Confidence": "M", "Notes": "GoPro Image Used - Difficult to determine extent"}}, {"type": "Feature", "geometry": {"type": "Polygon", "coordinates": [[[-70.71736699699993, 43.05486867300004], [-70.71756463799998, 43.05468046300007], [-70.71761565599999, 43.05464056400007], [-70.71767084099999, 43.054627581000034], [-70.71766656499996, 43.05460197100005], [-70.717696733, 43.05459561900004], [-70.717747543, 43.05457339000002], [-70.71780947500001, 43.054545670000024], [-70.71787495800002, 43.054555902000075], [-70.71794044099997, 43.05456613400002], [-70.71798857499994, 43.054555032000074], [-70.71810594775174, 43.05451926004576], [-70.71817466599998, 43.05453845800002], [-70.7181801231603, 43.05448502532467], [-70.71824330000001, 43.054510883000006], [-70.71828627299995, 43.054506790000055], [-70.71830878299997, 43.05450269700002], [-70.71831280599999, 43.05452893100008], [-70.718357265, 43.05451146500009], [-70.71838425399996, 43.05453759000006], [-70.71841723899998, 43.054506790000055], [-70.71844384199999, 43.05448837300002], [-70.71847658300001, 43.054490419000075], [-70.71853506499995, 43.054491785000025], [-70.71854820600001, 43.05441675100007], [-70.71864307199996, 43.054453351000056], [-70.71873961099996, 43.05440508100002], [-70.71871420599997, 43.05446859400008], [-70.71868726499997, 43.05449114100005], [-70.71862020699997, 43.05449399900004], [-70.71865958499994, 43.054542269000095], [-70.71861128199998, 43.05455473200006], [-70.71857182199997, 43.05458800700005], [-70.718488942, 43.054614202000046], [-70.718444159, 43.054602841000076], [-70.71843417199997, 43.054600307000065], [-70.71836089399996, 43.05459802000008], [-70.71834261600002, 43.0546115760001], [-70.71834006999998, 43.05461128800007], [-70.71830097299994, 43.05462104400004], [-70.718292909, 43.05463479600005], [-70.71828920800003, 43.054641108000055], [-70.71827744400001, 43.0546611710001], [-70.71821442399997, 43.054654394000046], [-70.71815815599999, 43.05465930200009], [-70.71812051900001, 43.05463161700005], [-70.71807754599996, 43.05463161700008], [-70.71801206299996, 43.05464184900007], [-70.71794453399997, 43.05466231200007], [-70.71786063300002, 43.05468072900006], [-70.71781970699993, 43.054695054000064], [-70.71775626999997, 43.054715517000055], [-70.717717389, 43.05473393400006], [-70.71770715799995, 43.05476462900005], [-70.71768055499996, 43.054789186000065], [-70.717667224, 43.054821827000076], [-70.71764166999999, 43.05482161500005], [-70.71762734699996, 43.054824984000064], [-70.71762690499999, 43.05482603300002], [-70.71764443599996, 43.054854173000116], [-70.71763030299996, 43.05487925700004], [-70.717611459, 43.054912702000095], [-70.71754440599994, 43.054952468000074], [-70.71743291099997, 43.05500651700005], [-70.71738943900002, 43.05503768300009], [-70.717346114, 43.055054045000084], [-70.71726712099999, 43.05508311800005], [-70.71723637699999, 43.055105160000075], [-70.71722088999996, 43.0551236110001], [-70.71717514600002, 43.055132522000086], [-70.717144918, 43.05512112300007], [-70.71713008999998, 43.05509684600003], [-70.717138092, 43.05507090000004], [-70.71718412199994, 43.05504341100007], [-70.71721782999998, 43.054993524000075], [-70.717292243, 43.054932827000094], [-70.71732845599999, 43.05488450200005], [-70.71736699699993, 43.05486867300004]]]}, "properties": {"Hectares": 0.20048959042, "Acres": 0.49542012924, "Year": "2023", "LABEL": "Little Harbor/Back Channel", "Type": 1, "Name": "Eelgrass", "Confidence": "H", "Notes": "UAV Imagery Used.  Shallow Water Helped Classification."}}, {"type": "Feature", "geometry": {"type": "Polygon", "coordinates": [[[-70.88777524399995, 43.078901063000046], [-70.88767366999997, 43.07887683300007], [-70.88764593299999, 43.07891173200006], [-70.88759306399999, 43.07889465200006], [-70.88764349299996, 43.078831208000054], [-70.88760038399992, 43.078821448000056], [-70.88761746499995, 43.078764512000085], [-70.88753690499995, 43.07878353800005], [-70.88750669899999, 43.07875510900006], [-70.88758655699995, 43.07868398700005], [-70.88752956699996, 43.0786284070001], [-70.88745668799999, 43.07862030900003], [-70.88740173999996, 43.07857056700007], [-70.88734968399997, 43.07857345900003], [-70.88721231399994, 43.07856622900007], [-70.88719929999999, 43.07859225700002], [-70.88724846399997, 43.078641421000036], [-70.88731787199998, 43.078652989000076], [-70.88737066399997, 43.07863366400007], [-70.88737426599995, 43.078642867000035], [-70.88734968399997, 43.07868769300006], [-70.88729039799995, 43.07871372100006], [-70.88728771099997, 43.07877383000006], [-70.88721665199995, 43.078780237000046], [-70.88716459599993, 43.07880771100001], [-70.88715462699996, 43.078775146000055], [-70.88708361999997, 43.078780237000025], [-70.88704023999999, 43.07882795500008], [-70.88701131999994, 43.07888001100008], [-70.88690142399999, 43.0788568750001], [-70.88678140599995, 43.078806265000054], [-70.88665704999994, 43.078781683000074], [-70.88648121599995, 43.07873518600007], [-70.88639578499998, 43.07870651600009], [-70.88630720299997, 43.078642005000134], [-70.88623351299998, 43.07861898100007], [-70.88618299099996, 43.07861855300008], [-70.88614971699997, 43.078608682000024], [-70.88612737699997, 43.07858847300002], [-70.88610138699997, 43.07857943700004], [-70.88603274099998, 43.07853906200007], [-70.88600016199999, 43.078535049000024], [-70.88596858599996, 43.07851948000009], [-70.88593710699998, 43.07849597400006], [-70.88588094999996, 43.0784915750001], [-70.88584451499999, 43.078451125000065], [-70.88575626399998, 43.078404829000085], [-70.88565788499996, 43.07837878800005], [-70.88560580199997, 43.07836142700008], [-70.88556979199998, 43.07837406800006], [-70.88551190099996, 43.07834838300004], [-70.88544101299996, 43.07832735200004], [-70.88542929899997, 43.078293430000045], [-70.88533796599995, 43.078291875000055], [-70.88530365, 43.07827741500006], [-70.88527159099998, 43.07825506800002], [-70.88521366000002, 43.07823254400007], [-70.88518148299997, 43.07823437400004], [-70.885151336, 43.078222136000086], [-70.88510475999993, 43.078211190000054], [-70.88497720099997, 43.078175608000066], [-70.88482330299999, 43.078170709000055], [-70.88466368899998, 43.078178309000066], [-70.88451167499994, 43.07815550700009], [-70.88437442599995, 43.078156334000035], [-70.88434719899992, 43.07815842800006], [-70.88434505199994, 43.07812434100004], [-70.88454743699997, 43.07808526000009], [-70.88503225699996, 43.07810173600007], [-70.885581514, 43.078127364000125], [-70.88599742763712, 43.078193066977285], [-70.88644139350555, 43.07803955335529], [-70.88663898539437, 43.077937098301845], [-70.88677071332026, 43.07779805215784], [-70.88669753113923, 43.07764436957763], [-70.88649262103229, 43.07751264165173], [-70.88636821132448, 43.0774321412526], [-70.88601475448924, 43.07752598316983], [-70.88558158318568, 43.07756930030013], [-70.88531301697748, 43.077794549378], [-70.88499946599998, 43.077898334000075], [-70.884691812, 43.07785715200006], [-70.88446894499997, 43.07791286900008], [-70.88442643199997, 43.07800227200003], [-70.88431473599995, 43.07808721900005], [-70.88430740599992, 43.078045332000066], [-70.884263424, 43.078028577000055], [-70.88420163999993, 43.0780463790001], [-70.884167083, 43.07810083300004], [-70.88415870499996, 43.07815109800005], [-70.88394494799998, 43.07819966100009], [-70.88389036299999, 43.07816209300008], [-70.88382354, 43.078095924000074], [-70.88388172399995, 43.07798099500007], [-70.88399429699997, 43.07793642400001], [-70.88413638699996, 43.07793950000007], [-70.88420183600005, 43.07788386900009], [-70.88412657, 43.07783641800008], [-70.88422248999997, 43.07777742900004], [-70.88422965199996, 43.07772515400006], [-70.88437146599998, 43.077683333000074], [-70.884396548, 43.07762370800006], [-70.88432455400002, 43.077551714000045], [-70.88421656199995, 43.077584438], [-70.88418056499994, 43.07753698700004], [-70.88408402799996, 43.077545169000096], [-70.88404312200001, 43.077587711000035], [-70.88401366999993, 43.07768588500005], [-70.88397701799997, 43.077784058000084], [-70.883886698, 43.07781678300007], [-70.88381993999998, 43.07786259800011], [-70.88372700199996, 43.07786783400008], [-70.88371096699994, 43.077903503000094], [-70.883652062, 43.07796568000003], [-70.88358208599996, 43.0779856870001], [-70.883450806, 43.07794604500005], [-70.88338372000001, 43.078014767000106], [-70.88329699999998, 43.07809167000009], [-70.88315137599993, 43.078088398000055], [-70.88300411499998, 43.078140757000035], [-70.882915758, 43.078150574000084], [-70.88285289399992, 43.07814527600006], [-70.88279206999994, 43.07819121000008], [-70.882649153, 43.07819412600002], [-70.8826200359999, 43.07823871300013], [-70.88261579199997, 43.07829540100007], [-70.88259443899996, 43.078324815000016], [-70.88255255099997, 43.078292236000046], [-70.88251764499996, 43.07819217100008], [-70.882499028, 43.07810374200003], [-70.88250368199995, 43.07797342500003], [-70.88261072799999, 43.077822164000075], [-70.88269682999996, 43.077656941000036], [-70.88295048299996, 43.07757316600003], [-70.88321576999994, 43.07757782100003], [-70.88354621599998, 43.07757083900005], [-70.88374634599991, 43.07750102700006], [-70.88377619399995, 43.07736886300006], [-70.883629817, 43.077289021000084], [-70.88341690499992, 43.07728458500005], [-70.88322617099995, 43.07730676400009], [-70.88312415, 43.077155951000066], [-70.88314632899996, 43.07707610900008], [-70.88326165599996, 43.07688981000008], [-70.88340359787131, 43.07679998806496], [-70.88350894499997, 43.07675008700006], [-70.88386379906419, 43.0765948381356], [-70.88411885032775, 43.076312063908645], [-70.88430736647909, 43.07590176404987], [-70.88461231907682, 43.07571879249122], [-70.88483410278425, 43.07551364256187], [-70.88495053923066, 43.07540275070815], [-70.88504479699999, 43.0752585910001], [-70.88504145099996, 43.07525678900004], [-70.88525770999996, 43.075053441000115], [-70.88546156199997, 43.07491379700008], [-70.885867476, 43.07498759900005], [-70.88587477133028, 43.075271717452864], [-70.88571194748904, 43.07552319165745], [-70.88567347265148, 43.07573294777369], [-70.88585904824521, 43.075924543609105], [-70.88619002338929, 43.075946490738794], [-70.88663687578905, 43.07600860535651], [-70.8870223127635, 43.07597185355104], [-70.88718486352035, 43.075861388491305], [-70.88715105189588, 43.07570364414606], [-70.88696136299991, 43.075576851000086], [-70.88680806599999, 43.07548884700003], [-70.886756968, 43.07533838900009], [-70.88665476999998, 43.07528729000008], [-70.886668964, 43.07518793100009], [-70.88661410599995, 43.07513266900002], [-70.88647024599997, 43.07504031200009], [-70.88652986099994, 43.07485011000007], [-70.88657812099993, 43.07472804000002], [-70.88662972799995, 43.074644667000065], [-70.88694432999996, 43.07466842500001], [-70.88712601599998, 43.074816044000045], [-70.887313378, 43.07485011000006], [-70.88754332399996, 43.07484443200008], [-70.88773904299998, 43.07483401000011], [-70.88781854299998, 43.07492941000004], [-70.88799711099995, 43.07499744100008], [-70.88810697199992, 43.07505368600005], [-70.8882313089999, 43.07512514900009], [-70.88846877799996, 43.07527271300008], [-70.88880801499997, 43.075467154000094], [-70.88891826499999, 43.07563741300003], [-70.88904317299998, 43.075785032000056], [-70.88920593299997, 43.07599321300007], [-70.88923621399995, 43.07620517900009], [-70.88937626299996, 43.076386864000035], [-70.88985011100002, 43.07651721400002], [-70.88999205299994, 43.076736040000064], [-70.88998490799996, 43.077065004000076], [-70.88983828299999, 43.07723283600006], [-70.88962536999998, 43.077374778000056], [-70.88936112199997, 43.07744896600009], [-70.88929298999997, 43.077605669000036], [-70.88933992599996, 43.07772755000007], [-70.88944590899999, 43.07777599900004], [-70.88961354199992, 43.07785974500007], [-70.88976612899998, 43.077866842000056], [-70.89000080600002, 43.0776927270001], [-70.89023548200002, 43.07773436300004], [-70.890424738, 43.077810065000065], [-70.89046637399997, 43.07798796500002], [-70.89038239199995, 43.078285569000045], [-70.89039421999998, 43.07841568200008], [-70.89019322999997, 43.078574862000096], [-70.89002673599998, 43.07860538100008], [-70.88967431099998, 43.078660122000045], [-70.88960982499998, 43.078597084000066], [-70.88964085299993, 43.078461337000086], [-70.88976539899996, 43.07838694500003], [-70.88979211400002, 43.078255778000056], [-70.88972230099998, 43.07818208700008], [-70.889563284, 43.07822087200002], [-70.88952837699998, 43.078174330000074], [-70.889497349, 43.07808900400008], [-70.889380995, 43.078135545000116], [-70.88927239799999, 43.07822475000008], [-70.889142081, 43.07818829300004], [-70.88911105299997, 43.078120031000026], [-70.889011764, 43.07811072300008], [-70.88868020199995, 43.07815841300003], [-70.888437626, 43.0782392720001], [-70.88836831899997, 43.07843564300005], [-70.88854014199994, 43.07854201000004], [-70.88855565599997, 43.07861337300008], [-70.88862701999996, 43.07866612100004], [-70.88873812299997, 43.078725531000046], [-70.88877284999998, 43.07883987600006], [-70.88875113099994, 43.0789019320001], [-70.88866114999996, 43.07889882900007], [-70.88856186099996, 43.07889882900005], [-70.88846629499996, 43.078895106000104], [-70.88837693499995, 43.07890900600005], [-70.88828360399998, 43.07886730500008], [-70.88812871299994, 43.07884744700012], [-70.888073111, 43.07890900600012], [-70.88803376000001, 43.07893525200007], [-70.88795396399999, 43.07893680700005], [-70.88786659000002, 43.07890304900008], [-70.88777524399995, 43.078901063000046]]]}, "properties": {"Hectares": 16.10803007251, "Acres": 39.80377396923, "Year": "2023", "LABEL": "Great Bay", "Type": 1, "Name": "Eelgrass", "Confidence": "M", "Notes": "UAV Imagery"}}, {"type": "Feature", "geometry": {"type": "Polygon", "coordinates": [[[-70.86768662899998, 43.06095934700004], [-70.86854561699997, 43.061196035000066], [-70.869011992, 43.06132454200007], [-70.86929449800002, 43.06163642400002], [-70.86988249999997, 43.06191009500003], [-70.87050184400003, 43.06185231500006], [-70.87097050599995, 43.06217789000005], [-70.87157371400001, 43.06240934200009], [-70.87189097899999, 43.062320242000055], [-70.87206275499997, 43.06216009700007], [-70.87219768100002, 43.061594717000055], [-70.87257899499998, 43.061490723000084], [-70.872885853, 43.061236787000034], [-70.873095768, 43.06122905800004], [-70.87321229999999, 43.06119696000008], [-70.87331635500001, 43.06111618300007], [-70.87342306600003, 43.060970213000076], [-70.87348926000001, 43.06102501100003], [-70.87357294099998, 43.06097480200005], [-70.87374030200003, 43.060852071000056], [-70.87394671399996, 43.06069028800004], [-70.87420333499998, 43.06051177000006], [-70.874519869, 43.06032580800006], [-70.874627316, 43.06032209400007], [-70.87488505299999, 43.06027077000004], [-70.87517068199999, 43.060230603000036], [-70.875429534, 43.06012795500005], [-70.87572463399995, 43.05997972900008], [-70.87591153399998, 43.059998529000026], [-70.87624625699996, 43.06012795500004], [-70.87662936099998, 43.06015056900003], [-70.87686660899996, 43.06018597300005], [-70.87698710899998, 43.060275233000034], [-70.87722810900001, 43.06040019600003], [-70.87746018300001, 43.060386807000036], [-70.877625313, 43.06050284400004], [-70.87765655399997, 43.06060549200003], [-70.87777241199998, 43.060647087000056], [-70.87785924399999, 43.06064937200006], [-70.877946075, 43.06062195100002], [-70.87803290600003, 43.06061738100004], [-70.87811745299999, 43.06068821800003], [-70.87817457899996, 43.06076819400005], [-70.87827690599998, 43.06084202900006], [-70.87840715399997, 43.06081193100004], [-70.87845988699999, 43.06073045500004], [-70.87858038699997, 43.060824177000036], [-70.87869642399997, 43.060900048000065], [-70.87879481499996, 43.06084237900007], [-70.87888386899996, 43.060824177000036], [-70.87894293299999, 43.06086437200002], [-70.87907131299997, 43.06095985100008], [-70.87922414199997, 43.06097010000008], [-70.87940255800002, 43.060989111000026], [-70.87956781199996, 43.061037371000054], [-70.87966140699999, 43.061066620000084], [-70.87976816400003, 43.06109294300005], [-70.879825199, 43.06114120300005], [-70.879888083, 43.061129504000064], [-70.879984603, 43.06114851600007], [-70.88005333699996, 43.06119823800003], [-70.88014693199997, 43.061233336000065], [-70.880231684, 43.06132045900007], [-70.88032682899998, 43.061372729000034], [-70.880374499, 43.06145613300003], [-70.88057800999998, 43.061495407000045], [-70.88082793599997, 43.061527541000046], [-70.88112070700002, 43.06153468100007], [-70.88141102199997, 43.06149362200007], [-70.88151143899996, 43.06156614500002], [-70.88146680899997, 43.061694455000065], [-70.881254864, 43.06188256200005], [-70.88120545600002, 43.061914882000046], [-70.88118003499997, 43.06193151100006], [-70.88115163799998, 43.06195008800005], [-70.88112331999999, 43.06201469100006], [-70.880920052, 43.06211522400007], [-70.88072296699997, 43.06224375700003], [-70.88054301999998, 43.06228660200003], [-70.88040306200001, 43.06248083000001], [-70.88020597699996, 43.06253224300007], [-70.88000889300001, 43.06262078800005], [-70.87986504999999, 43.06279045200006], [-70.87982513799999, 43.062935933000055], [-70.87966137699996, 43.06300448400002], [-70.879520466, 43.06307303500005], [-70.87937193899998, 43.06316824500006], [-70.87931862100001, 43.06328249700004], [-70.879242453, 43.06333962300005], [-70.87917895799998, 43.063382243000014], [-70.87884638, 43.06341198300003], [-70.87854170799997, 43.06343864100007], [-70.87832082100002, 43.063552893000065], [-70.878248462, 43.06366714500008], [-70.87791810899996, 43.063420193000105], [-70.87701552899998, 43.06327382900005], [-70.87560067299998, 43.063273829000046], [-70.87503961, 43.06293231200004], [-70.87421021199998, 43.06271276500007], [-70.87289293199997, 43.06312746400006], [-70.87167322899995, 43.06351776900005], [-70.87025837399997, 43.06356655700007], [-70.86903867099997, 43.06310307000008], [-70.86830684899999, 43.062639583000106], [-70.86794093799995, 43.061761397000055], [-70.86768662899998, 43.06095934700004]], [[-70.87609456999999, 43.06273519900003], [-70.87618844199994, 43.06273163200006], [-70.87627314, 43.062705398000055], [-70.876326185, 43.06261693900007], [-70.87636528699998, 43.062498473000055], [-70.87629769499996, 43.06236765000005], [-70.87621577099999, 43.062311596000015], [-70.87618571099998, 43.062294389000044], [-70.87612172099998, 43.06229076300007], [-70.87592000300002, 43.06236871700001], [-70.87584697899997, 43.06244085200008], [-70.875813701, 43.062497886000074], [-70.87580056199998, 43.06252634500003], [-70.87576352799996, 43.06261844700002], [-70.875765824, 43.06269374500004], [-70.875838302, 43.06272223400001], [-70.87600157199998, 43.062687377000024], [-70.87609456999999, 43.06273519900003]]]}, "properties": {"Hectares": 24.27217358968, "Acres": 59.97779411612, "Year": "2023", "LABEL": "Great Bay", "Type": 1, "Name": "Eelgrass", "Confidence": "M", "Notes": "UAV and Satelllite Imagery - Imagery Obscured from Deep Water and Poor Lighting - Coastal Go-Pro Aerial Imagery Helpful"}}, {"type": "Feature", "geometry": {"type": "Polygon", "coordinates": [[[-70.69708594304201, 43.06196904026052], [-70.6971958753933, 43.06195258926035], [-70.6972835306175, 43.06209315654255], [-70.69734443570859, 43.06213930272871], [-70.69733992421848, 43.062192041183195], [-70.6972880421006, 43.06224972381507], [-70.69724743870411, 43.062292573734965], [-70.69717525488925, 43.06233212747996], [-70.69709404809763, 43.062374977341605], [-70.69702412002731, 43.06240629068285], [-70.69700547089742, 43.0624365690053], [-70.69685365343993, 43.062337737506944], [-70.69684366049661, 43.06231729482214], [-70.69681433582345, 43.0622859814336], [-70.69678501114986, 43.062266204548244], [-70.6967692209423, 43.06221676230782], [-70.696787266897, 43.062177208487455], [-70.69681659157195, 43.0621557834911], [-70.69687749666566, 43.062124470021715], [-70.69689103113178, 43.06209150845677], [-70.6968910311327, 43.062063491112475], [-70.69690456559869, 43.06203547375563], [-70.69692937878507, 43.06202064103242], [-70.69698802813394, 43.062007456387214], [-70.69708594304201, 43.06196904026052]]]}, "properties": {"Hectares": 0.15223203694, "Acres": 0.37617322303, "Year": "2023", "LABEL": "Portsmouth Harbor", "Type": 1, "Name": "Eelgrass", "Confidence": "H", "Notes": "UAV Imagery,Drop Camera Points and Dive Points used."}}, {"type": "Feature", "geometry": {"type": "Polygon", "coordinates": [[[-70.72905964745165, 43.08490805400967], [-70.72902655919823, 43.08490778288059], [-70.72901818213404, 43.08491076761098], [-70.72901624198069, 43.08491398592262], [-70.72900976658008, 43.084924125248776], [-70.72899457041551, 43.08492585388562], [-70.72898553197712, 43.084924673472976], [-70.72897943077648, 43.084923876660774], [-70.72896309780587, 43.08491725675109], [-70.7289454019226, 43.08491711173521], [-70.7289349322547, 43.084918461966886], [-70.72892513565891, 43.084919725394144], [-70.72888852229865, 43.084916645594205], [-70.72886207740807, 43.08490994279776], [-70.7288532258421, 43.084905742964594], [-70.72883823117466, 43.08489862838996], [-70.72882328942278, 43.0848836806361], [-70.72882990399088, 43.084873160496414], [-70.72885074626606, 43.08486322092918], [-70.72889498722441, 43.08485549829321], [-70.72897962822678, 43.084850801784754], [-70.72902395004529, 43.0848467411931], [-70.72908967922751, 43.08485288979519], [-70.72914126574247, 43.08486977916804], [-70.72915577557556, 43.08488269889927], [-70.7291718564755, 43.08488561167306], [-70.72917729457865, 43.084909017946494], [-70.72916201252211, 43.084926502047786], [-70.72914475287271, 43.08492878856039], [-70.72908517726617, 43.084921738559615], [-70.72905964745165, 43.08490805400967]]]}, "properties": {"Hectares": 0.01865934112, "Acres": 0.04610819529, "Year": "2023", "LABEL": "Lower Piscataqua River South", "Type": 1, "Name": "Eelgrass", "Confidence": "M", "Notes": "Extent Confusion Due to Deep Water"}}, {"type": "Feature", "geometry": {"type": "Polygon", "coordinates": [[[-70.71864256, 43.07968741500009], [-70.71856203000003, 43.07965386100006], [-70.71857321399996, 43.079561028000064], [-70.718524002, 43.07953865800005], [-70.718513935, 43.07951293300005], [-70.71845939199996, 43.07945593300008], [-70.71849212499998, 43.07941478800005], [-70.71859139, 43.07940639900005], [-70.71864521000002, 43.07941822600003], [-70.71868295400002, 43.079429657000055], [-70.718753288, 43.07942793000006], [-70.71875552499996, 43.07946595800007], [-70.71870966800002, 43.0794782610001], [-70.71865150699998, 43.07948609000005], [-70.71866940299999, 43.07953306600005], [-70.71871525999997, 43.07953530300004], [-70.71874769600001, 43.07952523700004], [-70.71879802699996, 43.07952411800006], [-70.71882039699997, 43.07957109400007], [-70.718870728, 43.07956662000003], [-70.71891770399999, 43.07956438300004], [-70.71894231, 43.07953865800004], [-70.71903066899998, 43.079524118000045], [-70.719063105, 43.079614714000066], [-70.7190083, 43.07968853300009], [-70.71894007299994, 43.07968965200006], [-70.71884848599998, 43.079679352000035], [-70.71879131600001, 43.07969077000009], [-70.71874657699998, 43.07969412600005], [-70.71870519399998, 43.07969077000007], [-70.71864256, 43.07968741500009]]]}, "properties": {"Hectares": 0.08598877907, "Acres": 0.2124827127, "Year": "2023", "LABEL": "Portsmouth Harbor", "Type": 1, "Name": "Eelgrass", "Confidence": "M", "Notes": "Extent Confusion Due to Deep Water"}}, {"type": "Feature", "geometry": {"type": "Polygon", "coordinates": [[[-70.879381326, 43.077577560000094], [-70.87924601400002, 43.07731750000008], [-70.87920199699995, 43.076943356000086], [-70.87877386299995, 43.07668798700007], [-70.87867392199999, 43.076671404000066], [-70.878591687, 43.07663851000008], [-70.87849629499995, 43.076566143000036], [-70.87842063899998, 43.07642798900008], [-70.87840748099998, 43.07630957000003], [-70.878226565, 43.07618786300002], [-70.878150908, 43.07619773100004], [-70.87814432999997, 43.076398384000065], [-70.87815090799998, 43.07650693400006], [-70.87823972199998, 43.076645089000074], [-70.87835136499996, 43.0767345620001], [-70.87801847091684, 43.07673205888196], [-70.877996702, 43.07671153400001], [-70.87790196699997, 43.076692588000085], [-70.87775670699997, 43.07664627300006], [-70.87776302299996, 43.07656627500006], [-70.87786196799998, 43.07651785500007], [-70.87790828299998, 43.07645048800003], [-70.87784302099998, 43.076370490000045], [-70.87794617699997, 43.07631575500007], [-70.87808722599998, 43.07629049200004], [-70.87801564899999, 43.07625680900003], [-70.87781354799999, 43.076301018000045], [-70.87767460399996, 43.07629470200002], [-70.87756302799995, 43.07634312200002], [-70.87766828900001, 43.07638312100004], [-70.877710393, 43.07645680400001], [-70.87763460500001, 43.076534697000056], [-70.877615213, 43.07665457700004], [-70.87761002199998, 43.07667639000005], [-70.87765733099204, 43.07673914598468], [-70.87737995199998, 43.076747869000044], [-70.87690755299998, 43.07683769100003], [-70.87656097799999, 43.07695436000007], [-70.87607679099997, 43.07717444500002], [-70.87540553199997, 43.07731750000004], [-70.87518544700002, 43.077119424000045], [-70.87518544699999, 43.07678929600008], [-70.87491365699998, 43.076707831000064], [-70.87472326899999, 43.07683331300011], [-70.87451418799998, 43.07718544900007], [-70.874195065, 43.07739453000004], [-70.874082098, 43.07738286300001], [-70.87406026599999, 43.07728306100006], [-70.874016602, 43.077120881000056], [-70.87409145399994, 43.07684642400007], [-70.87431912899997, 43.076684245000074], [-70.87435031800001, 43.07650647100009], [-70.87425051499997, 43.0763630050001], [-70.87412903999999, 43.07636013100007], [-70.87375843099996, 43.07630339400004], [-70.873749409, 43.07628778000004], [-70.87375410799999, 43.076257782000035], [-70.87376944399998, 43.07623892100003], [-70.87377098599997, 43.07623802000006], [-70.87384659199998, 43.07617696900007], [-70.87381281099996, 43.07616210600002], [-70.87381996700002, 43.07613515200008], [-70.87385740199997, 43.07611886600007], [-70.87385469899998, 43.07608913900003], [-70.87386686, 43.07606887100006], [-70.87388507899993, 43.07603485500004], [-70.87392094300002, 43.07600537500008], [-70.873961987, 43.07596428600004], [-70.87393469999998, 43.07592666000006], [-70.873974066, 43.075891851000065], [-70.87398672099997, 43.075847641000045], [-70.87400957800001, 43.075785160000066], [-70.87403227799997, 43.07573480100007], [-70.87403960800002, 43.07572378600003], [-70.874054681, 43.075735658000035], [-70.87406882999997, 43.07571250500007], [-70.874081436, 43.075691878000036], [-70.87409032100003, 43.07572067900003], [-70.87411062199998, 43.07571214600005], [-70.87412116199997, 43.075682149000045], [-70.87409440699999, 43.07566512400006], [-70.87409278599998, 43.07564485500008], [-70.874121972, 43.07563512600006], [-70.87415196999999, 43.07566269100003], [-70.87419899299996, 43.075672420000046], [-70.87416656299997, 43.07562053300008], [-70.87411629699999, 43.07561810100004], [-70.87411386500001, 43.075599454000056], [-70.87413058999998, 43.075592018000066], [-70.87413332299998, 43.07557351000001], [-70.87416332, 43.07557026700004], [-70.87418637500001, 43.07552578100005], [-70.87424222799997, 43.07553422700004], [-70.87424222799999, 43.075483873000046], [-70.87422026199995, 43.075474163000095], [-70.87427761799997, 43.07542544300002], [-70.87423040499998, 43.07541489200003], [-70.87427258099999, 43.07538412500004], [-70.87430560099996, 43.07532176800002], [-70.87433491199997, 43.07529717400007], [-70.874348299, 43.07525829800006], [-70.87436470999998, 43.075234795000036], [-70.87439083100001, 43.07520781600003], [-70.87440096599995, 43.07517127900008], [-70.87438003100003, 43.075124484000064], [-70.87439922700001, 43.075080414000055], [-70.87441749999996, 43.075060393000065], [-70.87441588099996, 43.075056506000074], [-70.87444682299999, 43.07500822600007], [-70.87445792499997, 43.07500224100004], [-70.874485824, 43.07497616600008], [-70.874489023, 43.07494183700004], [-70.874493898, 43.074907723000074], [-70.87450252199997, 43.074900487000036], [-70.874550196, 43.07488185000006], [-70.87458741599998, 43.074837851000055], [-70.87457922100002, 43.07475341400005], [-70.87458247099997, 43.07474850400008], [-70.87463860799998, 43.074670088000055], [-70.87468304299999, 43.07464412700004], [-70.874713932, 43.07459988700003], [-70.874733771, 43.07455759100002], [-70.87475348000001, 43.07452539800004], [-70.87475943399996, 43.07449108800006], [-70.87477628299997, 43.07446695700002], [-70.87480431099996, 43.074430780000064], [-70.87484864199999, 43.074412901000066], [-70.87484357299998, 43.07437851500005], [-70.87486052500002, 43.07434630300002], [-70.87487732199999, 43.07432621200007], [-70.87521740700002, 43.07405897100005], [-70.87538300399997, 43.07397017300007], [-70.875846515, 43.07351511000007], [-70.87614961299997, 43.073312362000074], [-70.87628305600002, 43.073177705000035], [-70.87700099700001, 43.07273799900001], [-70.87769325299999, 43.072386341000026], [-70.87854461800002, 43.07195385800003], [-70.87914730700001, 43.07173128600004], [-70.87978172299997, 43.07139000000006], [-70.88031363999997, 43.07118019000005], [-70.8802624870186, 43.071333950923474], [-70.88024354599997, 43.07133323600003], [-70.879893833, 43.07148935800006], [-70.87980015899998, 43.07164548000005], [-70.87960032300002, 43.071807847000045], [-70.88002497499998, 43.071814092000075], [-70.87980015899998, 43.071938989000046], [-70.87960032299998, 43.07210760100004], [-70.87965028199994, 43.07231368200008], [-70.87896958999994, 43.07261343600003], [-70.87851995899997, 43.07280078300007], [-70.87810155199999, 43.07293817000005], [-70.87769563499995, 43.07306931200003], [-70.877570737, 43.07321918900004], [-70.87790171599995, 43.07325665900004], [-70.87825767399994, 43.07315049600004], [-70.878669836, 43.07310678200002], [-70.879032039, 43.07304433300007], [-70.879350528, 43.07310053700009], [-70.879606568, 43.07317547500004], [-70.87990632199997, 43.073169230000076], [-70.88021232099999, 43.07298812900008], [-70.88034970899999, 43.072713354000015], [-70.88068693199996, 43.07260094600007], [-70.88114280799998, 43.07254474200004], [-70.88143631799996, 43.07243858000004], [-70.88133015499997, 43.07234490600006], [-70.88091799299998, 43.072382376000085], [-70.88049334099999, 43.07240111000004], [-70.88056828, 43.072232499000066], [-70.88089925799994, 43.07208886600009], [-70.88136137899998, 43.07195772400008], [-70.88161117399996, 43.07180784700007], [-70.88192966299997, 43.071639235000085], [-70.88218949099998, 43.071609255000055], [-70.88216046799995, 43.07163742000005], [-70.88205047099997, 43.07188741500005], [-70.882040471, 43.07203741200004], [-70.88213046899999, 43.07212741000006], [-70.88214936099999, 43.07225203600007], [-70.88241785199996, 43.07231437400004], [-70.88266370099998, 43.07238298300006], [-70.88280416799996, 43.07240562400007], [-70.88301617999998, 43.072463446000036], [-70.883208918, 43.07243132300005], [-70.88327889600001, 43.07263683700006], [-70.883041878, 43.07284249700007], [-70.88300102899997, 43.073017617000055], [-70.88282986699997, 43.07299668800005], [-70.88271422400001, 43.07305450900002], [-70.88252148599999, 43.07312518000002], [-70.88233517299997, 43.073118755000046], [-70.88201394299999, 43.07311233000007], [-70.88150639900003, 43.07317657600003], [-70.88124138499997, 43.07306575200005], [-70.88095419099997, 43.07305763900008], [-70.88067376299999, 43.073133018000064], [-70.88040737700001, 43.073171073000005], [-70.88011386800001, 43.073210305000025], [-70.87989503899999, 43.07326203700006], [-70.879509113, 43.07342641300006], [-70.879300848, 43.07339952300003], [-70.87918550700002, 43.073483408000065], [-70.87906230199998, 43.07361447700004], [-70.87890501899997, 43.07348602900002], [-70.87880802699998, 43.073383795000034], [-70.87861142299997, 43.07342311600007], [-70.87857210199999, 43.07355418500002], [-70.87871365699996, 43.07369311900005], [-70.87883948400001, 43.07370884700002], [-70.87891550399998, 43.07382418800007], [-70.87904395199999, 43.073950015000015], [-70.87910948699995, 43.07412826900002], [-70.87918812899997, 43.07429341600003], [-70.87930900299997, 43.074376935000046], [-70.879351883, 43.07450557700002], [-70.879516259, 43.07454845800003], [-70.87975924999999, 43.07450557700002], [-70.88003079799996, 43.07443708300009], [-70.88031450799998, 43.07460155200004], [-70.88049536800001, 43.07481288800005], [-70.88047392799999, 43.07500585100007], [-70.880266671, 43.07527742900004], [-70.88008085499999, 43.07543465800007], [-70.88005941499999, 43.07573482300005], [-70.88029525799998, 43.075984960000035], [-70.88033099200001, 43.07637088600006], [-70.88033099200001, 43.07656121900004], [-70.88018330800001, 43.07678538200002], [-70.880090939, 43.076925255000035], [-70.88007770199997, 43.077033325000066], [-70.88006312000003, 43.077045388000045], [-70.88004010199998, 43.07708183600005], [-70.880010414, 43.07713595100006], [-70.879984684, 43.077186558000044], [-70.87997571300001, 43.07720420200007], [-70.87996220799997, 43.07725252400008], [-70.879951819, 43.07730913400008], [-70.87991880399998, 43.07737149200006], [-70.87985252299998, 43.07738993000004], [-70.87979782400002, 43.07741077800005], [-70.879737716, 43.077475547000056], [-70.87970176899996, 43.07755053400007], [-70.87965315900001, 43.07761174000008], [-70.87962411999999, 43.07767365900003], [-70.87961838199996, 43.077685894000055], [-70.87960236799995, 43.07771128500008], [-70.87958056400001, 43.07774585700002], [-70.879571868, 43.077759113000084], [-70.87953214299998, 43.07779482200003], [-70.87951979099998, 43.077702179000035], [-70.879381326, 43.077577560000094]], [[-70.87874458999995, 43.07574251900008], [-70.87863973399996, 43.07581382100005], [-70.87858101499998, 43.075883026000035], [-70.87863763699997, 43.075981590000026], [-70.87860198599999, 43.07608644600003], [-70.87871313299999, 43.07619339800003], [-70.87876136700002, 43.07616403900006], [-70.87879072600002, 43.076071766000034], [-70.87879911499996, 43.07599207600003], [-70.87876346400002, 43.075836889000065], [-70.87887041600003, 43.07578026700003], [-70.878862028, 43.075667024000055], [-70.87873620100002, 43.075620887000056], [-70.87874458999995, 43.07574251900008]], [[-70.878181188, 43.073558117000054], [-70.878246723, 43.07362365200003], [-70.87836140799998, 43.073545830000064], [-70.87837369600001, 43.073443432000026], [-70.87828358599998, 43.07346800700001], [-70.87819347600002, 43.07343933600003], [-70.87811155699998, 43.07345571900004], [-70.878181188, 43.073558117000054]]]}, "properties": {"Hectares": 22.27117701576, "Acres": 55.03322827022, "Year": "2023", "LABEL": "Great Bay", "Type": 1, "Name": "Eelgrass", "Confidence": "L", "Notes": "UAV Imagery Used - Hade to discern if this is Eelgrass or Bottom Sediment / Seaweed"}}, {"type": "Feature", "geometry": {"type": "Polygon", "coordinates": [[[-70.71958875034929, 43.057568125061586], [-70.71959446192356, 43.05752814406174], [-70.71952021150697, 43.05751957670095], [-70.71950593258535, 43.057468172557265], [-70.71946880737961, 43.05743675891243], [-70.71950022102222, 43.05738821055675], [-70.71953734623592, 43.05733395062983], [-70.71959446193708, 43.05738249899001], [-70.71966014499618, 43.057408201064746], [-70.7197086933391, 43.057482451495964], [-70.71980293424998, 43.05751957671503], [-70.71978579953458, 43.05755955771424], [-70.71968013548174, 43.05753099985174], [-70.71964015448545, 43.057556701921236], [-70.71965157762287, 43.05759668292191], [-70.71965443340284, 43.057653798636494], [-70.71954591356157, 43.05765951020252], [-70.71942597058712, 43.057579548196365], [-70.71951735571699, 43.05757098084375], [-70.71958875034929, 43.057568125061586]]]}, "properties": {"Hectares": 0.04575809235, "Acres": 0.1130706087, "Year": "2023", "LABEL": "Little Harbor/Back Channel", "Type": 1, "Name": "Eelgrass", "Confidence": "H", "Notes": "UAV Imagery Used.  Shallow Water Helped Classification."}}, {"type": "Feature", "geometry": {"type": "Polygon", "coordinates": [[[-70.70165839543223, 43.075636155675], [-70.70167993129884, 43.07561019880781], [-70.701750553841, 43.07563478487986], [-70.70175456997907, 43.07566502287218], [-70.70178738048286, 43.07570182433388], [-70.70184943681289, 43.07576149668694], [-70.70191396178035, 43.07579549574047], [-70.70183172370126, 43.0758107026668], [-70.70174768008924, 43.075760679740135], [-70.70170157773472, 43.07570310062296], [-70.70165839543223, 43.075636155675]]]}, "properties": {"Hectares": 0.01509521824, "Acres": 0.03730106363, "Year": "2023", "LABEL": "Portsmouth Harbor", "Type": 1, "Name": "Eelgrass", "Confidence": "H", "Notes": "UAV Imagery Used."}}, {"type": "Feature", "geometry": {"type": "Polygon", "coordinates": [[[-70.68321990999996, 43.06753835900001], [-70.68321006999999, 43.06751777300007], [-70.68318483099998, 43.06750637300007], [-70.683169541, 43.06749832800004], [-70.68317315099996, 43.067496067000036], [-70.68317363100002, 43.06746593600006], [-70.68314667699998, 43.06743808100003], [-70.68312306499999, 43.067415278000055], [-70.68310964799998, 43.067397584000034], [-70.68309985599998, 43.06736736600004], [-70.68308639799997, 43.06735218300002], [-70.68308341499998, 43.06732453300002], [-70.68309743399996, 43.06730456500002], [-70.68309433199995, 43.06728444800005], [-70.683077369, 43.067274257000065], [-70.683081075, 43.06725671100003], [-70.683084014, 43.067240973000025], [-70.683084821, 43.06723665300007], [-70.683092072, 43.06721160300001], [-70.68307514899996, 43.06719890200002], [-70.68302789599997, 43.06718736600003], [-70.682967931, 43.06715134100006], [-70.68287062599998, 43.06713640200005], [-70.68280658500001, 43.067125941000036], [-70.68273052699998, 43.067142750000066], [-70.68261836199999, 43.06716228800007], [-70.68259267099998, 43.06715963300007], [-70.68257760499998, 43.06716848800005], [-70.682553571, 43.067197444000044], [-70.68241935399996, 43.06722797500004], [-70.68227804299997, 43.06727507900006], [-70.68217769200002, 43.06725869500008], [-70.68211211299996, 43.06718772600004], [-70.68200556499998, 43.06715642900007], [-70.68183366999999, 43.067158956000064], [-70.681732513, 43.06708770500008], [-70.68175511399996, 43.06694674400006], [-70.68181324899997, 43.06685545300007], [-70.68193244599998, 43.06677242700004], [-70.68195484599995, 43.066676428000044], [-70.681935546, 43.06647073000004], [-70.68193787499999, 43.06633305500002], [-70.68208524600001, 43.06620022500005], [-70.68217072200001, 43.06615381500007], [-70.68223554299996, 43.06602698300003], [-70.68232900600002, 43.066038651000035], [-70.68230383, 43.06616616900004], [-70.68230607399995, 43.066184826000026], [-70.68232879999998, 43.066194340000024], [-70.68237111300002, 43.06619643000004], [-70.68238357599998, 43.06620370900006], [-70.68244331899997, 43.06618117400007], [-70.68254804099999, 43.066051983000065], [-70.68267024699999, 43.06607003200001], [-70.68260599699997, 43.06618575600004], [-70.68266409599998, 43.06621027100003], [-70.682707066, 43.06622555100005], [-70.68275012600002, 43.06623524100006], [-70.68277757799997, 43.06626716100004], [-70.682799858, 43.06630463000005], [-70.68283728899998, 43.06632089500005], [-70.68285990000001, 43.06634354700001], [-70.68286392399997, 43.066351358000084], [-70.68291098000002, 43.06636603900005], [-70.68291240799998, 43.06636687400004], [-70.68300398699998, 43.06640007700003], [-70.683088717, 43.06640080500004], [-70.68319138999996, 43.066431403000074], [-70.68321136, 43.06643493000008], [-70.68323883999997, 43.06645693300005], [-70.68328424599997, 43.06645732300007], [-70.68335052399993, 43.06646301500007], [-70.68340270999997, 43.06647627000005], [-70.683462332, 43.066468393000044], [-70.68361879599999, 43.06650199100006], [-70.683654222, 43.06651912200005], [-70.68369082699999, 43.06653520200006], [-70.68376184199998, 43.06651777200005], [-70.68380371299999, 43.06652069300003], [-70.68388371799996, 43.06654187000003], [-70.68393450900003, 43.06658508400006], [-70.68393684599997, 43.06658638200002], [-70.68398139699998, 43.066579852000075], [-70.68401539300001, 43.066587152000075], [-70.68416948299998, 43.066581833000036], [-70.68423752300002, 43.06657577500005], [-70.684264485, 43.06658929000003], [-70.68428185799999, 43.066635934000026], [-70.68423135099997, 43.066678673000055], [-70.68415403999995, 43.06669793600002], [-70.684067512, 43.06672708200007], [-70.68404875899999, 43.06676677400003], [-70.68405744599997, 43.066790095000044], [-70.68402868700001, 43.066812409000086], [-70.684040017, 43.066833022000026], [-70.68402898100001, 43.06688063900002], [-70.68401818599996, 43.06691319300007], [-70.68399022700001, 43.066948110000055], [-70.68393455099998, 43.06700287800004], [-70.68389990500002, 43.067027693000064], [-70.68383761899999, 43.06706733700002], [-70.68379942699997, 43.06709965500005], [-70.68379233799995, 43.067114661000076], [-70.68377803699998, 43.06715220600005], [-70.68378122099998, 43.06716730100004], [-70.68377388999996, 43.067197373000056], [-70.68377022499996, 43.06721240800004], [-70.68373642700001, 43.06726055000008], [-70.68371921600001, 43.06731340000004], [-70.68372325699995, 43.067378668000046], [-70.68371231699999, 43.06742703400004], [-70.68369419599999, 43.06744738000002], [-70.68368824399995, 43.06745057300003], [-70.68368035600001, 43.06747782400006], [-70.68365582199996, 43.067512771000054], [-70.683611119, 43.06753943800004], [-70.68350038700002, 43.067533224000044], [-70.68328138999996, 43.067567456000056], [-70.68320750699999, 43.067545263000056], [-70.68321990999996, 43.06753835900001]]]}, "properties": {"Hectares": 1.83207853928, "Acres": 4.52716066105, "Year": "2023", "LABEL": "Gerrish Island Beds", "Type": 1, "Name": "Eelgrass", "Confidence": "H", "Notes": "UAV Imagery Used."}}, {"type": "Feature", "geometry": {"type": "Polygon", "coordinates": [[[-70.69142060599997, 43.061927791000066], [-70.69161432000003, 43.061868187000066], [-70.69171679600001, 43.06176693400005], [-70.69163418800001, 43.061669507000026], [-70.6918061355328, 43.06169100046286], [-70.69145145202427, 43.06204665946861], [-70.69142060599997, 43.061927791000066]]]}, "properties": {"Hectares": 0.02103426771, "Acres": 0.0519767615, "Year": "2023", "LABEL": "Gerrish Island Beds", "Type": 1, "Name": "Eelgrass", "Confidence": "H", "Notes": "UAV Imagery Used."}}, {"type": "Feature", "geometry": {"type": "MultiPolygon", "coordinates": [[[[-70.69145145202427, 43.06204665946861], [-70.6918061355328, 43.06169100046286], [-70.69183286799998, 43.06169434200005], [-70.6926449631584, 43.060849845085], [-70.69262185799997, 43.06107494000002], [-70.69264869999998, 43.061372107000075], [-70.692588165, 43.061553713000094], [-70.69256488199997, 43.06171669300006], [-70.692574195, 43.062010057000066], [-70.692816337, 43.06204265300005], [-70.69292809399998, 43.06196349200008], [-70.69308641799996, 43.06194486500004], [-70.69328665099998, 43.06190295600003], [-70.69346825699998, 43.06194020900005], [-70.69363123699999, 43.06162821800007], [-70.69371804799995, 43.06190848400007], [-70.69392013299998, 43.06188281900006], [-70.69397619300001, 43.06171514700004], [-70.69421727199996, 43.06165596400005], [-70.69439800299999, 43.061608796000044], [-70.69452865100003, 43.061395526000055], [-70.69464781100002, 43.06131590200004], [-70.694735114, 43.061181135000034], [-70.69488368000002, 43.06106770600007], [-70.69478780199996, 43.060891160000054], [-70.694572764, 43.06079424000006], [-70.69449449900002, 43.06070641600006], [-70.69445621100002, 43.060417790000024], [-70.69452926900003, 43.060316602000064], [-70.69462508399997, 43.06007469700007], [-70.69483332700001, 43.059966099000064], [-70.69511745499997, 43.05987784000007], [-70.69544897400002, 43.06003094700003], [-70.69588752299998, 43.060236065000026], [-70.69582803799996, 43.060695453000065], [-70.69585548, 43.06081849000004], [-70.696268537, 43.060971080000044], [-70.69637490699996, 43.06133983600006], [-70.695897015, 43.06145272900003], [-70.6959519, 43.061698804000066], [-70.696156859, 43.06181015600004], [-70.69606675300001, 43.06182546600008], [-70.69622795699999, 43.061930411000056], [-70.69621656399995, 43.06198273600007], [-70.69618519700002, 43.06203009700003], [-70.69610685799996, 43.06203803600003], [-70.69600561299998, 43.06209956300006], [-70.69586657199997, 43.06224543500008], [-70.695780601, 43.06231757200005], [-70.69575879199996, 43.06233587100007], [-70.69577202399998, 43.06234318000003], [-70.69573334900001, 43.06245866000006], [-70.69590291899996, 43.06278023600003], [-70.69601022700002, 43.06290942900006], [-70.69605550999997, 43.062929877000045], [-70.69607054999997, 43.06292634300008], [-70.69610448400002, 43.06292001400004], [-70.69612491199997, 43.06291191800007], [-70.69618373299996, 43.06290084000005], [-70.69622650699998, 43.06290616400002], [-70.69630069699997, 43.06292167900006], [-70.69635220399995, 43.062945270000064], [-70.69639952300001, 43.06296429300004], [-70.69642397699997, 43.06296251000003], [-70.69660740299999, 43.06302097900004], [-70.696641271, 43.06304639200007], [-70.69669331899998, 43.063055665000036], [-70.69672483999994, 43.06305924000004], [-70.696767458, 43.063074487000044], [-70.69679879799999, 43.063089637000076], [-70.696845664, 43.06312145800006], [-70.69688825500002, 43.06313835800006], [-70.69691954199995, 43.06315681600005], [-70.69693926699998, 43.06319336900004], [-70.69693861599998, 43.06323471100005], [-70.696940636, 43.06324961300003], [-70.69693539599997, 43.06329587700002], [-70.69692611399998, 43.06331233800006], [-70.69689461599998, 43.06334453200002], [-70.696894017, 43.063345144000046], [-70.69687809999995, 43.063353279000054], [-70.696875583, 43.06336979600007], [-70.69691151200001, 43.063380024000004], [-70.69694098599997, 43.06338141200005], [-70.69695433700001, 43.06338204100006], [-70.69699700699996, 43.06339397900007], [-70.69701253399998, 43.06341065000004], [-70.69701227300001, 43.06342718700005], [-70.69697375999995, 43.063444999000076], [-70.69697364599999, 43.06344505200008], [-70.69693737700001, 43.06345632200002], [-70.696913303, 43.06347261300005], [-70.69687659899996, 43.06348568200008], [-70.69678878199997, 43.06351695100005], [-70.69673012599999, 43.063544911000065], [-70.696676209, 43.063580025000086], [-70.69659596199999, 43.06359002100004], [-70.696575369, 43.06359983800007], [-70.69647412700003, 43.06359641800002], [-70.69643558800003, 43.06360377400005], [-70.69637926199998, 43.063631470000075], [-70.69631229899996, 43.06366931900004], [-70.69624969399997, 43.06369053000004], [-70.696203396, 43.06372185700008], [-70.69620774199998, 43.06375390800007], [-70.69615738399997, 43.06387086500007], [-70.696162193, 43.06388313500004], [-70.69616221800003, 43.063883184000076], [-70.69622439799998, 43.063927250000056], [-70.696314113, 43.063997162000064], [-70.69641792000002, 43.06405951000004], [-70.69647275200002, 43.064126565000045], [-70.69650630400001, 43.064213928000065], [-70.696574662, 43.06430927000008], [-70.69668083199998, 43.06444335000003], [-70.696729174, 43.06453427300006], [-70.69675300700001, 43.064555318000025], [-70.69682431, 43.06464840700004], [-70.69684800299999, 43.06468417900004], [-70.69686227499996, 43.064702086000075], [-70.69680356099998, 43.06473360100004], [-70.69684175000002, 43.064773053000074], [-70.69684982699995, 43.06479472500006], [-70.69689139699996, 43.06482418500008], [-70.696869235, 43.06490200400002], [-70.69682837600001, 43.06492447600002], [-70.696834505, 43.06496124900006], [-70.69682428999998, 43.065002107000055], [-70.69680999099998, 43.065102210000056], [-70.69674172600001, 43.06517471900002], [-70.69662204099998, 43.06520640000008], [-70.69657914, 43.06535961900005], [-70.69666289900002, 43.06535144700007], [-70.696697629, 43.065392306000035], [-70.69668537099997, 43.06543316400006], [-70.69652193699997, 43.06544542100005], [-70.69638914699996, 43.06545359300002], [-70.69632377399996, 43.06548015100004], [-70.69632383799998, 43.065618592000085], [-70.69641560999999, 43.06577021500004], [-70.69666958600001, 43.06591234800004], [-70.69685451899997, 43.06593380800006], [-70.69691836000001, 43.065869966000044], [-70.696978212, 43.06581011600006], [-70.69708195399997, 43.06573430300006], [-70.69706599399997, 43.06560263100004], [-70.69698619300003, 43.06550686900003], [-70.69694686599998, 43.065400477000026], [-70.696932566, 43.06528403100005], [-70.69693665199998, 43.06511038200006], [-70.696932566, 43.065030708000045], [-70.69701410399999, 43.06501731200006], [-70.69704293200003, 43.06496121100001], [-70.69705734699996, 43.064933160000066], [-70.69710014600001, 43.064877177000035], [-70.69711433299999, 43.06483515200005], [-70.69711480299999, 43.064833762000035], [-70.69713636399997, 43.06479552800005], [-70.69716482800001, 43.064762473000016], [-70.69720348999998, 43.06474743400003], [-70.69727342199998, 43.06474290400008], [-70.69728727099998, 43.06475070500005], [-70.69731143699997, 43.06476883700002], [-70.69730392699998, 43.06480206900004], [-70.69728826299998, 43.064827127000044], [-70.69729993700001, 43.06483588700008], [-70.69736607499996, 43.06483190500006], [-70.69740781900002, 43.06480349400004], [-70.69744336900001, 43.06477502900003], [-70.69747493499997, 43.064737448000066], [-70.697510461, 43.06471049700008], [-70.69763092100001, 43.064666099000085], [-70.697674491, 43.06465284200004], [-70.69775531899997, 43.06463384500006], [-70.697761656, 43.06463127600005], [-70.69781057200002, 43.06457073400002], [-70.69788460300002, 43.06452782100008], [-70.69796927000003, 43.06447475400007], [-70.69800163099998, 43.06441612100008], [-70.69801259400002, 43.06438548000005], [-70.69805157599998, 43.06434995400008], [-70.69809007500001, 43.06434515700005], [-70.69811858299998, 43.06435139100005], [-70.69813081400001, 43.06435406600008], [-70.69813880899999, 43.06435581500004], [-70.69814134599996, 43.06436017700002], [-70.69817026500002, 43.064376957000036], [-70.69820063799997, 43.06441506200007], [-70.698210651, 43.06443482800005], [-70.698234844, 43.06447216400005], [-70.698238623, 43.064500030000026], [-70.698266346, 43.06457541600001], [-70.69829119799996, 43.064666193000036], [-70.69828962099997, 43.06476638100003], [-70.69825614699998, 43.064889423000075], [-70.69820705699998, 43.06500269800006], [-70.69821859099997, 43.065050659000065], [-70.69819514199999, 43.065100075000025], [-70.69817573899999, 43.065189176000054], [-70.69817573999997, 43.06520740100007], [-70.69816188000001, 43.065264102000064], [-70.69812030299997, 43.065332952000055], [-70.69810090000003, 43.06536940300003], [-70.69807653600002, 43.06541034400004], [-70.69806146799996, 43.06541247700006], [-70.69800489899997, 43.065423576000065], [-70.69797917899997, 43.06548124500005], [-70.69797975899999, 43.06548243500003], [-70.69800102999999, 43.06552608500003], [-70.69799133899997, 43.06557655100003], [-70.697992502, 43.065586200000034], [-70.69799721099999, 43.065625286000056], [-70.69795768200001, 43.065687895000046], [-70.697946316, 43.06570589600005], [-70.69790047899997, 43.06575181800007], [-70.69785002699997, 43.065804315000044], [-70.69781177199998, 43.06585994500006], [-70.69768229299999, 43.06592555600002], [-70.697583595, 43.066031433000056], [-70.69740549100003, 43.066250464000085], [-70.69735328300003, 43.06648478900007], [-70.69731032899998, 43.06674765000002], [-70.69731801200003, 43.06687577000008], [-70.69740387099998, 43.066968982000056], [-70.69751939799997, 43.067026874000064], [-70.69762477300002, 43.06711313700004], [-70.697645442, 43.06716041400004], [-70.69765638099997, 43.067169991000085], [-70.69770039900001, 43.06722381900004], [-70.69773049599999, 43.06727136100006], [-70.69775482299998, 43.06732913400004], [-70.69775333400001, 43.06742369600004], [-70.69775494000002, 43.067499780000055], [-70.69775537999996, 43.06764986800004], [-70.69775166999996, 43.06770740400005], [-70.69775356699998, 43.067764987000025], [-70.69776335700003, 43.06785553300005], [-70.697762256, 43.06792542600003], [-70.697797151, 43.068024408000035], [-70.69779611599996, 43.06809018900004], [-70.69778109199997, 43.06815379700003], [-70.69779426900003, 43.06820736400003], [-70.69781018699999, 43.06826506500006], [-70.69780363900001, 43.06832463300004], [-70.69777938600001, 43.06838562200004], [-70.69777935, 43.06838788300008], [-70.69776807999997, 43.06848738600005], [-70.69760339500002, 43.068568846000055], [-70.69778009099998, 43.06862220700003], [-70.69779281599999, 43.06876504800003], [-70.69771064, 43.06881379100004], [-70.69775143100001, 43.06892832400007], [-70.69777471100001, 43.06929845800006], [-70.697722114, 43.06940943700005], [-70.69754710699998, 43.069516309000036], [-70.69759769200002, 43.06968333900006], [-70.69767627000002, 43.06969384700004], [-70.697679288, 43.06976304400006], [-70.69770857399996, 43.069886292000035], [-70.697561851, 43.06999693500006], [-70.697754011, 43.069977382000054], [-70.69782734800002, 43.07012326200003], [-70.69794482199998, 43.07022779400005], [-70.697901874, 43.070380658000026], [-70.69806234399995, 43.07047013600004], [-70.69795152499998, 43.07062648600003], [-70.69805679800002, 43.070750910000065], [-70.69818180499998, 43.070876892000065], [-70.69825712299998, 43.071050720000066], [-70.69823648699999, 43.071215302000034], [-70.69845097199995, 43.071305745000075], [-70.69833886899997, 43.07150105900005], [-70.69855438799996, 43.07170409400003], [-70.69862427199999, 43.071935854000074], [-70.69879326099995, 43.07209309400008], [-70.69894854700003, 43.07229651200003], [-70.69900896900002, 43.07243421800007], [-70.69911275700001, 43.072523169000085], [-70.699076124, 43.07257945400005], [-70.69916250599996, 43.07263677200006], [-70.69915396299997, 43.072773808000065], [-70.699273379, 43.07280887900004], [-70.69928723799997, 43.07283520100002], [-70.69926989799998, 43.07287477500005], [-70.699172157, 43.0728626900001], [-70.69910667299999, 43.072840270000015], [-70.69905466099995, 43.07275132700005], [-70.69905879899999, 43.07269811800006], [-70.69902672399998, 43.07267405500004], [-70.69898813699997, 43.07265950000003], [-70.69897868999995, 43.07265162400006], [-70.69892373799999, 43.072634968000024], [-70.69893144900003, 43.07258893300008], [-70.69893836499999, 43.07256502300005], [-70.69892458000001, 43.072542092000056], [-70.69887311599999, 43.07252185000005], [-70.698835297, 43.07248311300005], [-70.69883217999998, 43.07247772100003], [-70.69881149000001, 43.07244193300004], [-70.698790668, 43.072424747000085], [-70.69877391099996, 43.072398021000026], [-70.69872635, 43.072337148000045], [-70.69864449399996, 43.07229732800004], [-70.698630903, 43.07227261800004], [-70.69863284, 43.07224954900005], [-70.69862163999996, 43.072244493000014], [-70.69859593199998, 43.072233736000044], [-70.69857488099997, 43.072201443000026], [-70.69855547799997, 43.072181195000034], [-70.698519445, 43.07215892200002], [-70.698488955, 43.07213462400004], [-70.698444606, 43.07209007900008], [-70.69843018899999, 43.07208264500008], [-70.698420794, 43.07205114800008], [-70.69840184699997, 43.07200781200004], [-70.69837999599999, 43.07197062000006], [-70.69834941200001, 43.07195391400005], [-70.69834709699998, 43.07195193000006], [-70.69835036300002, 43.07194429400004], [-70.69834482000003, 43.071926070000075], [-70.698322646, 43.07191189700007], [-70.69829215600001, 43.07189772300005], [-70.69828308499996, 43.071891759000025], [-70.69828321499998, 43.07188345100007], [-70.69829491699997, 43.07185271100008], [-70.698144429, 43.07181162000006], [-70.69811959199998, 43.07176693300005], [-70.69812013300002, 43.07173260800004], [-70.69809258500003, 43.071717515000046], [-70.69806486600002, 43.07169929100007], [-70.698064867, 43.071662845000056], [-70.69805100799996, 43.071634497000026], [-70.69801220200002, 43.07162639800004], [-70.697995571, 43.07162032400004], [-70.69797616800001, 43.071608175000044], [-70.697975844, 43.07151229700002], [-70.69781263099999, 43.07144214000004], [-70.69777382599997, 43.071403668000066], [-70.69776327999999, 43.071356637000065], [-70.69766591199996, 43.07133318800003], [-70.69751391300001, 43.07126518900002], [-70.69735791399998, 43.071133190000076], [-70.69722991500001, 43.07103719100009], [-70.69707391699998, 43.07091719200002], [-70.69707391699998, 43.07073319300008], [-70.69711391599999, 43.07054919500006], [-70.69714991599996, 43.070377196000024], [-70.697117916, 43.07028119700004], [-70.69714991599997, 43.070185198000054], [-70.69718991599999, 43.070097199000024], [-70.69725167, 43.07004623200003], [-70.69740901200001, 43.06995921100003], [-70.69727313899998, 43.06992998400006], [-70.697225116, 43.069886000000054], [-70.69714831600002, 43.06983480100007], [-70.69708751699997, 43.06973240200006], [-70.69704911699996, 43.06967480200006], [-70.69708107299995, 43.06963307100006], [-70.69697999799999, 43.06955960300007], [-70.69691855799996, 43.069482804000074], [-70.69686223900001, 43.06943160400003], [-70.69675728000003, 43.06935992500007], [-70.69669839999997, 43.06928056600002], [-70.69665999999998, 43.06921144600004], [-70.69661904099999, 43.069150007000076], [-70.696570401, 43.069088567000044], [-70.69654480099999, 43.069034808000026], [-70.69651152200001, 43.06894520800005], [-70.696503842, 43.068883769000074], [-70.69648848199996, 43.06883512900003], [-70.69646032199998, 43.068778810000026], [-70.69646544199999, 43.06870457100007], [-70.69643216199997, 43.06863033100005], [-70.696391203, 43.06856889200001], [-70.69640400299997, 43.06852537200006], [-70.696419362, 43.06847161300004], [-70.69641936199999, 43.06843577300005], [-70.69632976299995, 43.06830265400005], [-70.69632976299997, 43.068131135000044], [-70.69618384399996, 43.06782393800006], [-70.696142885, 43.06776249900002], [-70.69611984499994, 43.067690819000056], [-70.69616848500002, 43.06765753900004], [-70.696333591, 43.067718520000035], [-70.69639846099999, 43.06772947300003], [-70.696360483, 43.067690819000056], [-70.69641376500003, 43.06764508500003], [-70.69630672299999, 43.06759354000007], [-70.69623248399996, 43.06754490000004], [-70.69634768299997, 43.06746554100005], [-70.69637840300001, 43.06742458100007], [-70.69628112399997, 43.06738874200005], [-70.69619920400001, 43.06747066100007], [-70.69609680499998, 43.06744506100006], [-70.696020006, 43.06735034200007], [-70.69593808599998, 43.06729658300003], [-70.69582032699999, 43.06728378300005], [-70.69572304799998, 43.067304262000036], [-70.695679529, 43.06724794300005], [-70.695620649, 43.06717370400003], [-70.69566672900001, 43.06710970400008], [-70.69576144800001, 43.06716090400004], [-70.695753768, 43.067227463000044], [-70.695810088, 43.067247943000034], [-70.69592016699997, 43.067245383000056], [-70.696020006, 43.06720698300005], [-70.69605840499999, 43.067140424000044], [-70.69602768600002, 43.06710970400008], [-70.69598672599999, 43.06709690400005], [-70.69593980699999, 43.067058648000064], [-70.69585198899996, 43.06707044400007], [-70.69576548299997, 43.067084862000065], [-70.69567111100001, 43.06707175500001], [-70.695627858, 43.06705995900006], [-70.69571043300002, 43.06703767700003], [-70.69570781100002, 43.06696296600005], [-70.69576810400001, 43.06695510200006], [-70.69581972199998, 43.06691511500003], [-70.69588868899999, 43.066900052000044], [-70.69585985399996, 43.06684369200008], [-70.69587558200003, 43.06678733100004], [-70.69593849599998, 43.06675849600001], [-70.69592014599996, 43.06674276700006], [-70.69592932099997, 43.06672310600004], [-70.69593194299996, 43.06669590900004], [-70.695931151, 43.066572992000026], [-70.69592862900001, 43.06651150400006], [-70.695918136, 43.066482511000075], [-70.695900078, 43.06647505500007], [-70.695873292, 43.06644570100009], [-70.69586372299997, 43.06641875100008], [-70.69582944199995, 43.06637748200004], [-70.69578444199995, 43.06635148900006], [-70.69572551000003, 43.06632281600003], [-70.69566292499998, 43.06630435800002], [-70.69564092599998, 43.06630876400004], [-70.695613866, 43.06631418600004], [-70.69557480000002, 43.06635483200006], [-70.69554296099994, 43.066380174000095], [-70.69551818799995, 43.06640045200004], [-70.69550028000002, 43.06642847300003], [-70.69549609999999, 43.06647197700004], [-70.695536922, 43.066541475000044], [-70.69548307499998, 43.06663322000003], [-70.69547613, 43.06663059900005], [-70.69543780500003, 43.06663528900005], [-70.69541814499999, 43.06664184200009], [-70.695365716, 43.066660192000036], [-70.69526610199996, 43.06669951400004], [-70.69517118299999, 43.06671287800002], [-70.69521230000001, 43.06660797600004], [-70.69524433199999, 43.06643131000006], [-70.695089073, 43.066366076000065], [-70.69503006199997, 43.06634252400003], [-70.69502805799998, 43.066342017000075], [-70.69502770699998, 43.06634050500003], [-70.69501538299998, 43.066331835000035], [-70.694981528, 43.066319062000055], [-70.69493299500003, 43.06629560000005], [-70.69490079900002, 43.06629532700002], [-70.694882987, 43.066287080000066], [-70.694838127, 43.06628669900005], [-70.69482817800001, 43.06631115200002], [-70.69482645800001, 43.066315383000074], [-70.69482052499998, 43.06633589200005], [-70.694808855, 43.06636457600007], [-70.69479967699996, 43.06636362900009], [-70.694754737, 43.066359630000086], [-70.69462673799998, 43.06636923000008], [-70.69426898099996, 43.06615524200004], [-70.69434434600002, 43.06610772900005], [-70.694354177, 43.06607659900004], [-70.69436728399997, 43.06605530000007], [-70.69432796300002, 43.06602089400007], [-70.69431813200002, 43.06598648800006], [-70.69429355700001, 43.065956997000065], [-70.694272257, 43.065906207000076], [-70.694238641, 43.06588026600008], [-70.69423457499995, 43.065857056000034], [-70.69422769299997, 43.06583372400007], [-70.694214168, 43.06580543600007], [-70.69420405499997, 43.06578230000007], [-70.69420200099998, 43.06576808400008], [-70.69420142099999, 43.06576797300005], [-70.6941887, 43.065722708000074], [-70.69424440499998, 43.065676833000055], [-70.69418706100002, 43.06568502500005], [-70.69413665300003, 43.06569843100003], [-70.69407565099996, 43.065701409000056], [-70.69404779900002, 43.06565717200004], [-70.694098589, 43.06563423500005], [-70.69405762900003, 43.06561785100006], [-70.69404779899999, 43.06557689200008], [-70.694011754, 43.06557525300006], [-70.693962603, 43.06558016800005], [-70.693914397, 43.0655442120001], [-70.69387719299995, 43.06546706100004], [-70.69382145799996, 43.06537099700005], [-70.693839972, 43.06531897200005], [-70.69383339699996, 43.065272944000064], [-70.69392808899998, 43.065233013000054], [-70.69395321400002, 43.06520384300005], [-70.694225049, 43.06507100100003], [-70.69418706100001, 43.06520508000004], [-70.69422034099999, 43.06527420000002], [-70.6943125, 43.06524348000004], [-70.69440466, 43.065215320000036], [-70.694473779, 43.065123161000024], [-70.69457873799998, 43.065059162000054], [-70.69468625699997, 43.06500028200004], [-70.69480145599996, 43.06500284200008], [-70.694868016, 43.06494140300004], [-70.69480145599995, 43.064951642000025], [-70.69475281699997, 43.06496444200008], [-70.694688817, 43.064918363000054], [-70.69459153799997, 43.06497468200007], [-70.69448401899999, 43.06496700200007], [-70.69432984400001, 43.06501978900007], [-70.69433298, 43.064933723000074], [-70.69434066000001, 43.06489020300006], [-70.69436448999998, 43.06486922100004], [-70.69435063099999, 43.06485707100006], [-70.69430350999997, 43.06480441900004], [-70.69427302099999, 43.06477809400008], [-70.694245302, 43.06473151800003], [-70.69424100500001, 43.064729948000036], [-70.694235067, 43.06470431900004], [-70.69420440299997, 43.06465539600002], [-70.694168394, 43.06462495200001], [-70.69412151200002, 43.06459578500006], [-70.69418296500002, 43.06457583800005], [-70.69416043800001, 43.06452463800009], [-70.69410309399998, 43.06448777400004], [-70.69404686099995, 43.06445684800007], [-70.69406194799998, 43.06442617900006], [-70.694109703, 43.06442601100007], [-70.69410104599997, 43.064358752000025], [-70.694062134, 43.06436694300004], [-70.69402527100003, 43.064342368000034], [-70.69404239899998, 43.06430496700006], [-70.69402936700001, 43.06425840000002], [-70.69396997499996, 43.064262496000026], [-70.69390444000001, 43.06428912000006], [-70.69388191199997, 43.064354656000035], [-70.69386962399999, 43.06443862300005], [-70.69382252099999, 43.06451644600001], [-70.693775417, 43.06459427000005], [-70.69374272299999, 43.06463037600002], [-70.69375288899997, 43.06465161300008], [-70.693751251, 43.06471837700009], [-70.69370701400003, 43.0647101850001], [-70.69369718400002, 43.06475278300006], [-70.69373650499996, 43.06480848900002], [-70.69380040199998, 43.06480521200006], [-70.69385610700002, 43.06482159600006], [-70.69391017399997, 43.06480357300007], [-70.69397734799999, 43.06481340400008], [-70.693965879, 43.064847810000046], [-70.69397898599996, 43.06489532300004], [-70.69401339200002, 43.06496741200004], [-70.69405926699999, 43.065019840000026], [-70.69410964400001, 43.06500786800007], [-70.694110215, 43.065009177000036], [-70.694123174, 43.065038822000076], [-70.69409468199999, 43.065067364000086], [-70.69405217199996, 43.065095786000015], [-70.69402129900003, 43.065097579000046], [-70.69397680299996, 43.06510294800005], [-70.69389392999997, 43.06512869600004], [-70.69387511599999, 43.06517461200007], [-70.693787705, 43.06528188000003], [-70.69377490499997, 43.065376599000054], [-70.69369298599999, 43.06545851800008], [-70.69364434600001, 43.065432918000056], [-70.693588027, 43.06546619800008], [-70.69362642600001, 43.065502038000034], [-70.693588027, 43.065581397000074], [-70.69365458600001, 43.06560955700006], [-70.69356754700003, 43.065627477000085], [-70.693465148, 43.06560443700004], [-70.69335506799997, 43.06557371700005], [-70.693283389, 43.065525078000064], [-70.69316563, 43.065540437000045], [-70.69315630899997, 43.06552973500005], [-70.693047871, 43.06560699700003], [-70.69295059200003, 43.06561979700007], [-70.69293011199996, 43.06553019800002], [-70.69287123299998, 43.065453398000045], [-70.69302739100003, 43.06538171900007], [-70.69306323099998, 43.065389399000026], [-70.69313235, 43.06541243900005], [-70.69319379, 43.06540731900003], [-70.69327570900002, 43.065394519000044], [-70.693342269, 43.065368919000036], [-70.693416508, 43.06533307900002], [-70.693439977, 43.065327621000044], [-70.69345746799998, 43.06531515900009], [-70.69357010700001, 43.065223000000046], [-70.69372294499996, 43.06511824100006], [-70.69352794699996, 43.06506324200008], [-70.693442948, 43.06505324200004], [-70.69332294899996, 43.065018242000065], [-70.69332294899995, 43.06492824300006], [-70.693279321, 43.06484984000007], [-70.693300145, 43.06483958200003], [-70.693314007, 43.064785227000066], [-70.69334050799998, 43.064705270000054], [-70.69337318299996, 43.064663929000055], [-70.69337670099999, 43.06464579900007], [-70.69340199899996, 43.06459223000008], [-70.69344813199997, 43.06454652100007], [-70.693522748, 43.06451671200005], [-70.69353246499999, 43.064506633000065], [-70.69361582700002, 43.06445042900003], [-70.69370415400003, 43.064387152000045], [-70.69374842799996, 43.064348401000075], [-70.69376444199999, 43.06425605300008], [-70.69372665, 43.064191704000066], [-70.693718813, 43.06418647500003], [-70.693705386, 43.06415120600007], [-70.69365270199998, 43.06411375100003], [-70.69359972599999, 43.06409479700006], [-70.69355783299999, 43.06408416100004], [-70.69353827199998, 43.06407988300001], [-70.6934934, 43.06408722200006], [-70.69349048100001, 43.06408770100006], [-70.69348203699998, 43.06408968400006], [-70.69346860300003, 43.064073254000036], [-70.693460031, 43.06406277000008], [-70.69347721, 43.06404030000006], [-70.69347781799999, 43.06403943500003], [-70.69350621899999, 43.06401908800008], [-70.69358904299999, 43.06401979300006], [-70.69363126599998, 43.06401023600006], [-70.69369954300002, 43.06399494500005], [-70.69370838600001, 43.06399296400006], [-70.69373697500001, 43.06395222900003], [-70.69375151199996, 43.06391649600006], [-70.69376978499999, 43.06386542800005], [-70.693798252, 43.06383237600006], [-70.693816241, 43.063799234000044], [-70.69382371200003, 43.063768563000046], [-70.693674476, 43.06376362300005], [-70.69361379499999, 43.06370294200007], [-70.69358682599999, 43.06360854900002], [-70.69345872099997, 43.063473703000035], [-70.69342500999997, 43.06330514500008], [-70.69337781300003, 43.06323772100004], [-70.693093263, 43.06303950900008], [-70.69310072699997, 43.06288137800004], [-70.69305576999997, 43.06285282300008], [-70.69297950399996, 43.06281631900003], [-70.69296272900002, 43.06277263600004], [-70.69292459599997, 43.062754383000005], [-70.692858725, 43.062723089000016], [-70.69284162199996, 43.062690651000025], [-70.69283517, 43.062666544000066], [-70.69282197, 43.06261777000003], [-70.692777517, 43.06260033600005], [-70.69273518599996, 43.06258373500002], [-70.692707571, 43.062563012000055], [-70.69270404999999, 43.06255808200006], [-70.69268364899996, 43.06252951300007], [-70.69268783099996, 43.06248600900005], [-70.69271292699997, 43.06244524400005], [-70.69270338199996, 43.06238625600004], [-70.692679179, 43.06237068300003], [-70.69264429399998, 43.06236782500008], [-70.69261964500002, 43.06238042100006], [-70.692584072, 43.06242109600003], [-70.692576559, 43.062454328000065], [-70.69256888499999, 43.06249780200005], [-70.69255848700001, 43.06251803300007], [-70.69255446899997, 43.06252585200009], [-70.69253684499999, 43.06253594700008], [-70.69249168600001, 43.06252019500005], [-70.69247117699999, 43.06249184800003], [-70.692457613, 43.062466121000064], [-70.69243024099998, 43.06243003200006], [-70.69240501999998, 43.06240635800003], [-70.69240270599997, 43.06240418600002], [-70.692375887, 43.06238771200004], [-70.69228749499999, 43.06238843100006], [-70.692243248, 43.06240217900006], [-70.69219608899995, 43.06242599100006], [-70.69212183099998, 43.062423341000034], [-70.69196418399999, 43.06239655300004], [-70.69184776899995, 43.062336017000064], [-70.69177792100001, 43.062280139000045], [-70.69170807200001, 43.06223357300007], [-70.69165685, 43.06218235000005], [-70.69160562799996, 43.06213112800002], [-70.69150784, 43.06208456200006], [-70.69145145202427, 43.06204665946861]]], [[[-70.68920503587037, 43.0643871421249], [-70.68920238199998, 43.064386679000066], [-70.6891986971527, 43.06438765621284], [-70.68916710799995, 43.06439603600006], [-70.689126168, 43.06439354000003], [-70.68911258236766, 43.064391826197244], [-70.6893821211408, 43.064121573663556], [-70.68950607414719, 43.06399729096723], [-70.68988418072857, 43.06361817611753], [-70.69018073336737, 43.063320827197046], [-70.69018056299996, 43.06333153800004], [-70.690170023, 43.063392831000044], [-70.69019037799997, 43.06346666200006], [-70.69022828099999, 43.06348978500005], [-70.690243358, 43.06348478100007], [-70.690264349, 43.063477816000045], [-70.69030052800001, 43.06345883300003], [-70.690314923, 43.06345951200006], [-70.69034593899997, 43.06346097500007], [-70.69040783999999, 43.063479040000054], [-70.690433785, 43.063502061000065], [-70.69045236199999, 43.06353729500006], [-70.690458841, 43.06358119400005], [-70.69060422199996, 43.06367075300005], [-70.690691721, 43.06370825300008], [-70.69072383199997, 43.06377967300005], [-70.690742793, 43.06377937100007], [-70.69076499399998, 43.06379428100008], [-70.69080266799998, 43.06382660100007], [-70.69081892599998, 43.063833407000075], [-70.69084283800001, 43.063816278000054], [-70.69086127299998, 43.063800436000065], [-70.69089581799999, 43.06380073000003], [-70.69094127299999, 43.063801117000025], [-70.690955307, 43.06378924000007], [-70.69099079499996, 43.06378870200006], [-70.69099150100003, 43.063789660000054], [-70.69099315399998, 43.06379190400004], [-70.69100247200002, 43.06378690300005], [-70.69105003600001, 43.06379347600006], [-70.69105818599999, 43.063809993000056], [-70.69106887899996, 43.06384298000004], [-70.69108273499998, 43.063853378000026], [-70.69111901900001, 43.06386396700003], [-70.69112733199997, 43.06387020600004], [-70.69114672899998, 43.063884762000036], [-70.691163323, 43.063899296000045], [-70.69115842, 43.06390078700008], [-70.69116581500002, 43.063903652000086], [-70.691192383, 43.06392099300006], [-70.691192056, 43.06392592000003], [-70.69119433599998, 43.06394593700002], [-70.691221221, 43.063961468000045], [-70.69123111899998, 43.06397388900006], [-70.69122083, 43.063986137000015], [-70.691237294, 43.06400889300005], [-70.691260415, 43.06399417200003], [-70.69126278600002, 43.063992662000025], [-70.69126878500002, 43.06396804200004], [-70.69129711499997, 43.063949779000026], [-70.69135225999999, 43.064036784000045], [-70.69144025599998, 43.064044885000044], [-70.69152629699995, 43.06399696400006], [-70.691565246, 43.06407493100005], [-70.69162657600002, 43.06403893800009], [-70.69162729399996, 43.06405267200005], [-70.69162872799998, 43.064080075000064], [-70.69165040800002, 43.06412754700005], [-70.69169886699999, 43.06414383600003], [-70.69171270399997, 43.06415008500006], [-70.691717823, 43.06417579200008], [-70.69172042999999, 43.064188147000046], [-70.69168922200002, 43.06425612700008], [-70.691759829, 43.06426042300006], [-70.691813602, 43.064312349000026], [-70.69186095500002, 43.06441007600006], [-70.691866927, 43.06447415500002], [-70.69186687800001, 43.06447717300005], [-70.69186635799998, 43.06451000700007], [-70.69186106699996, 43.06452120900007], [-70.69184828600001, 43.064548270000046], [-70.69182339299995, 43.06457623100005], [-70.69181571800002, 43.06461970500003], [-70.69178996200002, 43.06475324400003], [-70.69174196200001, 43.06478124400007], [-70.69164196299998, 43.06480524400008], [-70.69148196399996, 43.06477324400004], [-70.69135796599998, 43.06472524400004], [-70.69134046100001, 43.06463338300004], [-70.69128841799997, 43.06461008900002], [-70.69121897199997, 43.06458388600004], [-70.69111821599998, 43.064549732000046], [-70.69098590399997, 43.064522992000036], [-70.69088133000001, 43.06450929500006], [-70.69079048299999, 43.06451108100002], [-70.69070058800001, 43.06447865000006], [-70.69064336900001, 43.06447865000007], [-70.69059290800003, 43.06450505300006], [-70.690522571, 43.06448500700002], [-70.690465794, 43.06450062800009], [-70.69036138300001, 43.06447668700008], [-70.690256931, 43.06445530700007], [-70.69022057699996, 43.06443096600005], [-70.69018242999998, 43.06439599800006], [-70.69016653499997, 43.06436421000006], [-70.690137925, 43.064345136000036], [-70.69003938, 43.06436103100004], [-70.68996308699998, 43.06434513600004], [-70.689912224, 43.06434513600004], [-70.68984590499998, 43.06438264800004], [-70.68975859100003, 43.064381902000044], [-70.68966441299997, 43.06437341500003], [-70.68960170900003, 43.06436263500007], [-70.68952483299998, 43.06436453900005], [-70.68946562900001, 43.06439173600005], [-70.68945904099999, 43.06439185900006], [-70.68943656899998, 43.06438546100002], [-70.68940012099996, 43.06437656400005], [-70.68934158799996, 43.06437606500004], [-70.68930782800003, 43.06438221400001], [-70.68924762599997, 43.06439457700001], [-70.68920503587037, 43.0643871421249]]]]}, "properties": {"Hectares": 24.30708583443, "Acres": 60.06406407543, "Year": "2023", "LABEL": "Portsmouth Harbor", "Type": 1, "Name": "Eelgrass", "Confidence": "H", "Notes": "UAV Imagery used."}}, {"type": "Feature", "geometry": {"type": "Polygon", "coordinates": [[[-70.85528823003406, 43.055050026170406], [-70.85487120191947, 43.054884162147346], [-70.85411345483489, 43.05480149898358], [-70.85340880494444, 43.05490462720094], [-70.85326269293438, 43.0548776059952], [-70.85315111197332, 43.054780788765264], [-70.85295341282291, 43.05442262520379], [-70.85248608683375, 43.05417703501768], [-70.85227447399083, 43.05399588718249], [-70.85200002896742, 43.05381091689186], [-70.85169693003354, 43.053722742783826], [-70.85163889314728, 43.05355768790916], [-70.85143108900557, 43.05347501207863], [-70.85141453685581, 43.05339791888532], [-70.85127234713075, 43.05347758101166], [-70.85130291503637, 43.05334980292068], [-70.85130291503634, 43.05325367933056], [-70.85122849677306, 43.05322577248185], [-70.85118818688045, 43.0531265481308], [-70.85113547394391, 43.05300561845293], [-70.8510610556806, 43.05294670399447], [-70.85102694730993, 43.052828875077616], [-70.85114787698781, 43.052831975838544], [-70.85125721224547, 43.05279748181924], [-70.85126506510176, 43.05247153998521], [-70.85196824449142, 43.05247654820041], [-70.8524714537655, 43.05282834819053], [-70.85266070919587, 43.052919190797084], [-70.85295120828482, 43.05309780778653], [-70.85318349223515, 43.05307934631004], [-70.8534352847309, 43.053191272455535], [-70.85371951224957, 43.053256728033645], [-70.8539455447858, 43.05329978185008], [-70.85414420542787, 43.05360745475528], [-70.85430909121185, 43.05371502729886], [-70.85436199574148, 43.0537899753825], [-70.85443253511434, 43.05385169733371], [-70.85468822311917, 43.05387024491772], [-70.85494654601776, 43.05388100837182], [-70.85514233755347, 43.05395309768213], [-70.85522169434788, 43.05407213287385], [-70.8553724269254, 43.05408825778856], [-70.85542928927228, 43.054158331829676], [-70.85547739957441, 43.05421762033031], [-70.85578600933054, 43.054213211619455], [-70.85588356528321, 43.054163305013226], [-70.8560054573195, 43.05414750419376], [-70.8560370589585, 43.05421296473167], [-70.85601222909928, 43.05427165348988], [-70.85590613788251, 43.05428293978956], [-70.85586324994382, 43.05429648334914], [-70.8558811369825, 43.05433672696909], [-70.85591968144213, 43.05438677374637], [-70.8559174241822, 43.054465777843916], [-70.85594676856131, 43.054547039201424], [-70.8561914585044, 43.05455662878041], [-70.85627018876338, 43.05463233095255], [-70.85638884886808, 43.05494659032842], [-70.8564426661386, 43.05514033250235], [-70.85639434032569, 43.055356043718184], [-70.85627321685031, 43.05545899867227], [-70.85587048129452, 43.0554589986723], [-70.85570999268958, 43.05538632458708], [-70.85539204356661, 43.05524097641654], [-70.85528823003406, 43.055050026170406]]]}, "properties": {"Hectares": 5.74629138124, "Acres": 14.19938268493, "Year": "2023", "LABEL": "Great Bay", "Type": 3, "Name": "Widgeon Grass", "Confidence": "M", "Notes": "UAV Imagery - Boundary Hard to Discern"}}, {"type": "Feature", "geometry": {"type": "Polygon", "coordinates": [[[-70.85133061399999, 43.05424850000002], [-70.851474137, 43.05427970100006], [-70.85153327900001, 43.05420577300006], [-70.85165156399997, 43.05415402300009], [-70.85182899099995, 43.05410966700003], [-70.85194727500003, 43.05408009500009], [-70.85213268699994, 43.05405850800004], [-70.85226043399994, 43.05409162800005], [-70.85248608683376, 43.05417703501766], [-70.8529534128229, 43.05442262520379], [-70.85315111197333, 43.05478078876524], [-70.8532626929344, 43.05487760599518], [-70.85340880494445, 43.05490462720092], [-70.85411345483489, 43.05480149898356], [-70.85487120191948, 43.054884162147324], [-70.85528823003406, 43.055050026170406], [-70.855253304, 43.05525604000007], [-70.85543606799999, 43.05537325400005], [-70.85567028099997, 43.05541458500004], [-70.85571850099998, 43.05552480300002], [-70.85576812699999, 43.05561189000009], [-70.85583469699999, 43.05568462400004], [-70.85588523999999, 43.05574379600006], [-70.85594317999995, 43.055802969000055], [-70.85612840299997, 43.05582854900007], [-70.85625630199998, 43.05590405600002], [-70.85642272499999, 43.05594874300006], [-70.85639498799999, 43.056022709000025], [-70.85655062499997, 43.056027332000056], [-70.85674324399999, 43.056035037000065], [-70.85685851299999, 43.05605779400004], [-70.85698979700003, 43.05606554800004], [-70.857044039, 43.05614074700003], [-70.85699596099997, 43.05617896200005], [-70.856902271, 43.05625909200004], [-70.85686806199995, 43.05630316300007], [-70.85689105599997, 43.05646571000003], [-70.85683989099996, 43.05656803900006], [-70.85678678699998, 43.05670854200008], [-70.85678028599997, 43.05681728300004], [-70.856725065, 43.05685402900008], [-70.85663850299997, 43.05696176100002], [-70.85657516899997, 43.05699069900005], [-70.85648399599997, 43.05699898800004], [-70.856407814, 43.05699898800005], [-70.85635984700001, 43.05704131100003], [-70.85631379899998, 43.05703598400004], [-70.85625262699999, 43.05703284700006], [-70.85609737499996, 43.056950745000044], [-70.85601471099997, 43.05681297300002], [-70.85586316199998, 43.056695867000045], [-70.85580116399997, 43.056730310000034], [-70.85572538999999, 43.05681986200007], [-70.85561517199997, 43.05670964400008], [-70.85545578999997, 43.05671726200007], [-70.85536718199997, 43.056599426000034], [-70.85519641799996, 43.056480759000074], [-70.85503182599999, 43.05651367700006], [-70.85489544999997, 43.05648264000006], [-70.854721453, 43.05649956900003], [-70.85450076800002, 43.05658489300005], [-70.85439422499998, 43.05659392300004], [-70.85433463399995, 43.05653613700007], [-70.85442131199997, 43.05651446700005], [-70.854443998, 43.056476056000065], [-70.85422767700001, 43.05636319300004], [-70.85404456899998, 43.05639552300006], [-70.85397292699999, 43.05631286000004], [-70.85382795399995, 43.056438435000075], [-70.85381862199999, 43.056533296000055], [-70.85372888599996, 43.05642320800007], [-70.85364831399997, 43.056386706000076], [-70.85359244599996, 43.056452167000025], [-70.85353150000002, 43.056443138000056], [-70.85341412299996, 43.05642282200007], [-70.85332608999997, 43.05645442400002], [-70.85327868699997, 43.05651311300006], [-70.853452496, 43.05656954400008], [-70.85350892799997, 43.05665983400007], [-70.85329448799997, 43.05665532000004], [-70.85324031399998, 43.056684664000045], [-70.85302262899997, 43.056623013000035], [-70.85274399900001, 43.05638317900007], [-70.85250098499999, 43.05630828300008], [-70.852384413, 43.05619988700004], [-70.852178888, 43.05598618600005], [-70.85207442599996, 43.05572457300007], [-70.85178510400003, 43.05548347100006], [-70.85177132699998, 43.05520103800004], [-70.851564669, 43.05462239500008], [-70.85141311899999, 43.05445018000005], [-70.85133061399999, 43.05424850000002]]]}, "properties": {"Hectares": 7.25843574863, "Acres": 17.93596948901, "Year": "2023", "LABEL": "Great Bay", "Type": 1, "Name": "Eelgrass", "Confidence": "H", "Notes": "UAV and Satelite Imagery used - Eelgrass observed on 06/20/23 but not on 08/14/23 indicating an intra-season loss of the vegetation."}}, {"type": "Feature", "geometry": {"type": "Polygon", "coordinates": [[[-70.84037697298301, 43.05946365404216], [-70.84034454399654, 43.05944877502002], [-70.84019005405005, 43.05940308100764], [-70.84001127297995, 43.0593188329459], [-70.83989334003078, 43.0592773969739], [-70.8398232180205, 43.059178588050266], [-70.83975309598166, 43.059127590961616], [-70.83946449099993, 43.05892623800003], [-70.83945048899996, 43.058744207000075], [-70.83970557021682, 43.05858743614231], [-70.8398012967505, 43.05851986497145], [-70.83988012986653, 43.058384722129716], [-70.84002653415335, 43.05824394881546], [-70.84006595096137, 43.058041234802886], [-70.84006595096139, 43.05771463989372], [-70.8402686649739, 43.057427461792635], [-70.84072736800002, 43.05705686400008], [-70.84116563100001, 43.05691077700006], [-70.84164373599995, 43.05671156600006], [-70.84192139111333, 43.056510505084304], [-70.84225271499994, 43.056480385000036], [-70.842472674, 43.056535375000074], [-70.842637643, 43.05649413200006], [-70.84287134899994, 43.05631541600011], [-70.84313254999998, 43.05616419400013], [-70.84320128800002, 43.05593048800008], [-70.84336225799997, 43.055564114000084], [-70.843819114, 43.055436619000034], [-70.84386116399999, 43.05524311700004], [-70.84398489099995, 43.05505065300011], [-70.84420485, 43.05496816800006], [-70.84448846199997, 43.05495851400007], [-70.8446168045022, 43.054884707635395], [-70.84476024254386, 43.054856020027046], [-70.84485647799995, 43.05474853900005], [-70.84497719099997, 43.05478852100002], [-70.84512593499991, 43.05460790400011], [-70.84541279799997, 43.05466102600005], [-70.84568903699994, 43.05478852100006], [-70.84591215199997, 43.05480977000008], [-70.84613526799997, 43.054618528000084], [-70.846592124, 43.05452290700005], [-70.846740868, 43.054618528000056], [-70.84694273400002, 43.054873518000086], [-70.847240222, 43.05491601600006], [-70.84736771699995, 43.05471414900012], [-70.84758020799997, 43.05452290700006], [-70.84777144999998, 43.05440603700003], [-70.84810898190213, 43.05431523810245], [-70.84828142899997, 43.054448535000084], [-70.84843017299994, 43.054448535000084], [-70.84859972199995, 43.05431586300004], [-70.84909566299999, 43.054246284000044], [-70.84932794599999, 43.05439253600009], [-70.84943627599995, 43.05437294900006], [-70.84951379999995, 43.05436590100007], [-70.849619514, 43.05433418700006], [-70.84982037199998, 43.05434828200007], [-70.84988379999997, 43.05442933000005], [-70.85003532399998, 43.054471616000065], [-70.85011637199995, 43.05448923500007], [-70.85029961000001, 43.05450685400006], [-70.85050751499993, 43.05459142500008], [-70.85056178199996, 43.05469925400009], [-70.85051385799997, 43.054749997000044], [-70.85065481099997, 43.054820473000056], [-70.85077884899997, 43.05496424500005], [-70.85081267799995, 43.05506009300005], [-70.850852144, 43.05517567400007], [-70.85097900199999, 43.05526588300004], [-70.85103820200003, 43.0554322070001], [-70.85111149699998, 43.05553087400005], [-70.851207345, 43.05559571200013], [-70.85129097699996, 43.055885135000054], [-70.85139246199999, 43.05608810700008], [-70.85141125599998, 43.05620462700006], [-70.85138494499996, 43.0562873200001], [-70.851302253, 43.05633242400004], [-70.85129473499995, 43.05646773900006], [-70.85135863399995, 43.05657674200006], [-70.85149770699996, 43.056666952000036], [-70.85162550399998, 43.056749644000014], [-70.851674368, 43.05683233600009], [-70.85172323099997, 43.056960133000075], [-70.8517345069999, 43.05705786000006], [-70.85174578399997, 43.057260832000075], [-70.85170819599996, 43.057407423000065], [-70.85159919299998, 43.05750890900003], [-70.85151650099996, 43.057520185000044], [-70.85138494499992, 43.05749763200008], [-70.85129473499998, 43.057546496000064], [-70.85118949099996, 43.05761415300003], [-70.85111431599995, 43.05763294700005], [-70.85099779499996, 43.05756529000006], [-70.85092637899999, 43.05753522000008], [-70.85076099499996, 43.05751642600007], [-70.85060312800002, 43.05751642600007], [-70.85051667699999, 43.05751642600006], [-70.85046405499997, 43.0575728070001], [-70.850426468, 43.057738191000055], [-70.85034753400001, 43.057839677000075], [-70.85021221999999, 43.05790357600005], [-70.85008769399998, 43.05784121900006], [-70.84999045399995, 43.05787350600012], [-70.84984010499997, 43.0579261280001], [-70.84961801799996, 43.05780466400007], [-70.84950557699993, 43.057745709000066], [-70.84938153899996, 43.05773819100009], [-70.84929188499994, 43.05767775800007], [-70.84921129199998, 43.05769444600007], [-70.84915225599997, 43.057854712000065], [-70.84903782000002, 43.057933543000075], [-70.84888162699997, 43.05785847100003], [-70.84865186199997, 43.057583401000045], [-70.84852306299997, 43.05757365700005], [-70.84825158699992, 43.05766796200006], [-70.84819001999996, 43.05786974700006], [-70.84811954400003, 43.057944922000054], [-70.847992687, 43.05803419200004], [-70.84786332999994, 43.058088921000056], [-70.84782125199999, 43.05796267600004], [-70.84785643199997, 43.05782746100006], [-70.84780944799996, 43.05777108000006], [-70.84772487699998, 43.057724096000086], [-70.84765439999998, 43.05763012800008], [-70.84759801899996, 43.057695906000106], [-70.84756043200001, 43.05779457200006], [-70.84760271799999, 43.05783685800005], [-70.84765909899993, 43.05795431900003], [-70.84762151199995, 43.05804828700008], [-70.847508749, 43.05796841400008], [-70.84747169599994, 43.057843267000095], [-70.84732822699993, 43.05781118600003], [-70.84715166999997, 43.05791203300005], [-70.847057701, 43.057968414000115], [-70.84701541599999, 43.05812346200003], [-70.84706709799998, 43.05829730300009], [-70.84716106599998, 43.05840066800006], [-70.84721274899995, 43.05859800200007], [-70.84719696199996, 43.05878462300009], [-70.84723605299995, 43.058847770000064], [-70.84726010899996, 43.05891091700005], [-70.84732927000002, 43.05896804900005], [-70.84736535399996, 43.059025182000035], [-70.84729619299999, 43.059112385000056], [-70.84728416499999, 43.05919056700006], [-70.847326263, 43.059316860000095], [-70.84735633299992, 43.05941609100011], [-70.8473082209999, 43.05948224400005], [-70.84729318599996, 43.05959049600008], [-70.84741346599999, 43.05962658000007], [-70.84744353499995, 43.05974685900004], [-70.84744954899996, 43.05988217400004], [-70.84750668199995, 43.0600415440001], [-70.84761794099994, 43.06014077500011], [-70.84768108699998, 43.06016783800006], [-70.84773622700001, 43.060277832000075], [-70.84780738099997, 43.06033021500008], [-70.84782842999995, 43.06038133400006], [-70.84794315999994, 43.060433864000075], [-70.84795070699995, 43.06052067300006], [-70.84787353499998, 43.0605527320001], [-70.84776828999998, 43.060567767000066], [-70.84766605299995, 43.06056776700006], [-70.84761192699997, 43.06047755700007], [-70.84751475999995, 43.06043879600008], [-70.847210607, 43.06051970900007], [-70.84707618399997, 43.06058692000004], [-70.84698656899995, 43.06084456400003], [-70.84680733899991, 43.06095658300005], [-70.84656089699999, 43.06111341000009], [-70.84651608899998, 43.061427063000046], [-70.84618151999999, 43.06147170900004], [-70.84595669299993, 43.061499239000064], [-70.845750219, 43.06152218000012], [-70.84563601999997, 43.06159133300007], [-70.84547950999993, 43.061678183000026], [-70.845346449, 43.06175159500003], [-70.84525468299995, 43.06172865400003], [-70.84530974299996, 43.06164147600003], [-70.84523632999999, 43.06163688800008], [-70.84510326899996, 43.06166441800007], [-70.84501629699997, 43.06160154300007], [-70.84492301099993, 43.06155586900008], [-70.84491973699994, 43.061613946000094], [-70.84479585299997, 43.06165982900013], [-70.844679399, 43.061585230000105], [-70.84465361599997, 43.06147170900004], [-70.84482797099996, 43.061439591000074], [-70.844924325, 43.06145335600007], [-70.844855501, 43.06138912000006], [-70.84473109199996, 43.06132711600005], [-70.84462404899992, 43.06131432000006], [-70.84443203999994, 43.06126112600003], [-70.84433705799997, 43.06123246300007], [-70.84428041399994, 43.06117442500006], [-70.844341882, 43.06113173800005], [-70.84443964199993, 43.061187674000074], [-70.84449895999998, 43.060865636000074], [-70.84444180599999, 43.06080103900008], [-70.84438989299996, 43.060808629000114], [-70.84436060699993, 43.060949513000054], [-70.84424634799998, 43.0611303800001], [-70.84420054299994, 43.06119587600005], [-70.84431129499998, 43.06130512800007], [-70.844289381, 43.061391751000016], [-70.84430490499997, 43.06147170900004], [-70.84429895799994, 43.061503425000076], [-70.84429113999992, 43.06154512200004], [-70.84415807899997, 43.06150841600004], [-70.84415734699996, 43.061507585000086], [-70.84406164599996, 43.06139901600006], [-70.84388115999997, 43.06142888400007], [-70.84380370699998, 43.06140120600003], [-70.84373136799998, 43.06137535500004], [-70.84367171999997, 43.06117805800006], [-70.84353407099997, 43.061127587000044], [-70.84336889199997, 43.061127587000044], [-70.84330459199998, 43.06104726900003], [-70.84327712599998, 43.060989938000034], [-70.84320111199995, 43.060916949000045], [-70.84329547899993, 43.060852289000024], [-70.84329222099998, 43.06076523100012], [-70.84327776099998, 43.06074779500007], [-70.84313947700001, 43.06077428800006], [-70.84315088599996, 43.060667144000035], [-70.84309877399997, 43.06064415900008], [-70.843046321, 43.06063925100009], [-70.84307083599995, 43.06078706100007], [-70.84305956099998, 43.0609220380001], [-70.842842376, 43.06095923600004], [-70.84274373600002, 43.06095667200003], [-70.84256874099997, 43.06090186200004], [-70.84248810099997, 43.06089473600009], [-70.84256121299998, 43.06077842100005], [-70.84251432099992, 43.06062975600001], [-70.84239299599997, 43.06066037600005], [-70.84230019999998, 43.06063097900005], [-70.84227343499997, 43.06051504900006], [-70.84213980799994, 43.06051842500006], [-70.84207355599993, 43.06048017600007], [-70.841969025, 43.060442544000075], [-70.84198879799999, 43.060335512000044], [-70.84191479199998, 43.06024290900007], [-70.84194565299998, 43.06014805500007], [-70.84180886999995, 43.06023975100007], [-70.84180887, 43.06031431100006], [-70.84180886999998, 43.060400341000054], [-70.841746615, 43.06046508000005], [-70.84158771399998, 43.06033289300005], [-70.84147392399994, 43.06026682200007], [-70.8412888889999, 43.06015159400006], [-70.84096685399996, 43.05998404900009], [-70.840716624, 43.05975122700008], [-70.84052949600002, 43.059533636000054], [-70.84037697298301, 43.05946365404216]], [[-70.84592524, 43.0591314530001], [-70.84601752699996, 43.05915956400001], [-70.84621228699997, 43.05925781300011], [-70.846334207, 43.059297405000066], [-70.84637024599992, 43.059296151000076], [-70.84641174999994, 43.05918848300007], [-70.84648537299998, 43.05912937500007], [-70.84652642799996, 43.05918136700011], [-70.84659828199995, 43.05910061200005], [-70.84658707299998, 43.05904875200007], [-70.84666508100001, 43.05898963800008], [-70.84667849499995, 43.05894909900006], [-70.84673119599998, 43.05885091600007], [-70.84673678199998, 43.05876343400006], [-70.84673738699996, 43.058718057000135], [-70.84668443599993, 43.05859854000007], [-70.84669616499994, 43.058486197000036], [-70.84663393199997, 43.05842326000005], [-70.84655628699993, 43.05830828900009], [-70.84654272699999, 43.05823205100008], [-70.84648807999997, 43.05818627700008], [-70.84646531199999, 43.05813324800004], [-70.84639096399998, 43.05811708300006], [-70.84635005599999, 43.058094525000044], [-70.84636684399999, 43.05799577800011], [-70.84633610899996, 43.05794489900005], [-70.846249255, 43.05787281500012], [-70.84616533699995, 43.05786735100002], [-70.84609474899996, 43.057885664000096], [-70.846060559, 43.05796278000003], [-70.84599210899997, 43.05806545200004], [-70.84603355399997, 43.05810709100006], [-70.84606204699999, 43.05823957600009], [-70.84604652199992, 43.05829516300005], [-70.84597143399999, 43.05831631000006], [-70.84589716299999, 43.05834601800009], [-70.84585557099999, 43.0584292020001], [-70.84588103799996, 43.05848077400004], [-70.84591498799996, 43.058556948000046], [-70.84595360899993, 43.05860151100009], [-70.84598430399998, 43.05863117000007], [-70.84600233099997, 43.05869301300004], [-70.845978632, 43.05876700600006], [-70.84597381099998, 43.058792833000055], [-70.84602372099995, 43.05884749700004], [-70.84605057600001, 43.05887226000006], [-70.84608474999999, 43.05891496700009], [-70.846097398, 43.05897346000007], [-70.84607267999996, 43.05895168000008], [-70.846014214, 43.058952070000096], [-70.84597856399996, 43.05895444700009], [-70.84593578399993, 43.05896633000007], [-70.84589735299994, 43.05891948500007], [-70.84586729599997, 43.05887716900004], [-70.84586029300003, 43.05882333500006], [-70.84583994799993, 43.05882262700002], [-70.84579883499997, 43.05880024800008], [-70.84583180499999, 43.05873222800012], [-70.84582789499999, 43.05864759500002], [-70.84585971800001, 43.058577054000104], [-70.84585627300001, 43.058545891000044], [-70.84575897900001, 43.05858782300008], [-70.84571879199997, 43.05856002200005], [-70.84566446400001, 43.05862438300005], [-70.84563724299993, 43.05868367500005], [-70.84557237199994, 43.05869078400008], [-70.84554261800001, 43.05864303800008], [-70.84554549799998, 43.058592815000075], [-70.84547827499998, 43.05855397700003], [-70.845359441, 43.05848861900005], [-70.84532791999997, 43.058407971000065], [-70.84529705299998, 43.058381669000056], [-70.84525399099992, 43.05826132300009], [-70.84520214900002, 43.05822925000005], [-70.84517857400002, 43.05826022000011], [-70.84516945499995, 43.05836489200003], [-70.84519571899996, 43.05842169600007], [-70.845167868, 43.05848377300003], [-70.84507412600001, 43.058432709000044], [-70.845028637, 43.05837010500008], [-70.84497620199997, 43.05828957200003], [-70.844977665, 43.05818825000005], [-70.84491084399994, 43.05813508900006], [-70.84484310999994, 43.058103073000076], [-70.84482765999995, 43.058057847000065], [-70.84483317699994, 43.05792279700006], [-70.84488410599992, 43.05782909200007], [-70.84493163999998, 43.05771620000006], [-70.84494389999995, 43.05765892000005], [-70.845032648, 43.05762707500005], [-70.84508018199995, 43.05764787100004], [-70.845124744, 43.057695404000086], [-70.84515742399996, 43.05774887900003], [-70.84513068599996, 43.05780829600011], [-70.84509800699995, 43.05786474200006], [-70.84510194399998, 43.05795908100008], [-70.84514685899997, 43.058011058000034], [-70.84519307399997, 43.05804596300005], [-70.84523763599996, 43.05801922600005], [-70.845276257, 43.05797169200007], [-70.84528219899995, 43.05787662500007], [-70.84529408199997, 43.05777264600007], [-70.84536538299993, 43.05773996700005], [-70.84543955399997, 43.05772848100003], [-70.84551689499995, 43.05765678300002], [-70.84559646299995, 43.057637383000056], [-70.84560007899998, 43.05756171600007], [-70.84565366299996, 43.05747785100005], [-70.84560007899998, 43.05739534900004], [-70.84551986599998, 43.05737752400007], [-70.84542479899997, 43.057335932000065], [-70.845368353, 43.05727651500008], [-70.84529408199992, 43.05724383600008], [-70.84518312099992, 43.05725506600005], [-70.84519307399998, 43.057341874000045], [-70.84514256899998, 43.05746962000008], [-70.84507126899997, 43.05751715400003], [-70.84501482300001, 43.05756468700008], [-70.84493163999998, 43.05756765800003], [-70.84489301899998, 43.057505270000036], [-70.84485736899993, 43.05752903700005], [-70.84480686399993, 43.05760033700008], [-70.84470378799993, 43.05763991600008], [-70.844696943, 43.05768946200004], [-70.84468199499995, 43.057799056000086], [-70.84468904799998, 43.05788023400004], [-70.84469403299994, 43.05792309000003], [-70.84474447699998, 43.05805784700004], [-70.84476826699996, 43.05812080500006], [-70.84484736300001, 43.058175563000084], [-70.84487778399998, 43.05825161700007], [-70.84488386799994, 43.05833375500003], [-70.84483823600002, 43.058367218000065], [-70.84486865799997, 43.05843414500006], [-70.845044386, 43.058480056000086], [-70.84511571699997, 43.05849811500009], [-70.84521241999997, 43.05851019900008], [-70.84527022099999, 43.05852541000008], [-70.84527022099995, 43.05857712600006], [-70.84529358599997, 43.058609230000066], [-70.84532497899993, 43.05873531800006], [-70.84532193699992, 43.05877790800004], [-70.84535235799996, 43.05881745500005], [-70.84539847199993, 43.05883889900007], [-70.84539633299994, 43.05887171800002], [-70.84548925499996, 43.058951310000076], [-70.84555175299994, 43.058996631000085], [-70.84563028400002, 43.058983941000065], [-70.84564311199995, 43.05889820700002], [-70.84568577, 43.05887872800002], [-70.84575630700003, 43.05893808800007], [-70.84578635599998, 43.05900058000004], [-70.84584964099999, 43.05907612100005], [-70.84592524, 43.0591314530001]], [[-70.84676856782062, 43.057828224069844], [-70.84686019114538, 43.05784408195296], [-70.84690600280777, 43.05778769836849], [-70.84695886241826, 43.0577559826022], [-70.84700996004169, 43.05780708022563], [-70.84706105766514, 43.05783351003089], [-70.84712801317173, 43.05778241240743], [-70.84719496867832, 43.057745410680084], [-70.847272496107, 43.05766964523844], [-70.84732535571743, 43.057632643511134], [-70.84733592763952, 43.057581545887665], [-70.84736588141878, 43.05752516230317], [-70.84747688660076, 43.0574934465369], [-70.84755793800346, 43.057468778718714], [-70.84767070517243, 43.05739829923808], [-70.84774118465305, 43.05729081803015], [-70.84778875830246, 43.057165716952085], [-70.84778523432844, 43.057089951510406], [-70.84778699631542, 43.057030043951904], [-70.84775175657514, 43.056985994276495], [-70.84771475484784, 43.05701947202981], [-70.84768656305557, 43.05708995151042], [-70.84766013325037, 43.0571710029131], [-70.84766894318538, 43.0572273864976], [-70.8476548472893, 43.05728377008215], [-70.8476548472893, 43.05734543962764], [-70.84757203389958, 43.05739653725106], [-70.84750331640595, 43.05741944308229], [-70.84743988487342, 43.05744411090048], [-70.84738350128895, 43.05745996878363], [-70.84731125982128, 43.05749520852397], [-70.84730244988626, 43.05744587288751], [-70.84733592763952, 43.05738948930307], [-70.84738526327597, 43.057361297510774], [-70.84740640712012, 43.05738420334196], [-70.84742402699028, 43.05740182321216], [-70.84746631467867, 43.057378917380916], [-70.84751388832807, 43.05735072558867], [-70.84753679415928, 43.05731372386138], [-70.84747864858777, 43.05730315193927], [-70.84745045679551, 43.057273198160004], [-70.8474028831461, 43.057287294056124], [-70.84735178552265, 43.05730315193928], [-70.84731654578238, 43.05731724783537], [-70.84726897213297, 43.057322533796416], [-70.84725311424982, 43.05734367764061], [-70.84720554060041, 43.05736834545881], [-70.84717382483414, 43.05736129751079], [-70.8471861587432, 43.057317247835385], [-70.84720377861338, 43.057289056043125], [-70.84715268098991, 43.05727672213404], [-70.84714034708081, 43.05725910226388], [-70.84714915701589, 43.05719038477028], [-70.8472178292876, 43.05714677798701], [-70.84722492245754, 43.05710580939356], [-70.8472443043147, 43.05704590183507], [-70.8473464995616, 43.056966612419345], [-70.84733945161358, 43.05692080075693], [-70.84735178552269, 43.05685736922439], [-70.84739407321105, 43.05678512775676], [-70.84740464513312, 43.05674460205542], [-70.84736235744477, 43.05674988801649], [-70.84734473757462, 43.05679922365285], [-70.8473183077694, 43.05686089319842], [-70.8472971639252, 43.056906704860815], [-70.84725663822385, 43.05698775626353], [-70.84720201662638, 43.057051187796056], [-70.847159728938, 43.05710052343255], [-70.84707339157426, 43.057158669004025], [-70.84700115010662, 43.05720800464046], [-70.84690071684675, 43.05723091047166], [-70.84685314319731, 43.05726791219901], [-70.8468231894181, 43.05732781975746], [-70.84680028358684, 43.057361297510774], [-70.84675270993748, 43.057354249562685], [-70.84671218423611, 43.057354249562685], [-70.84663641879446, 43.05731372386135], [-70.84656770130086, 43.057278484121035], [-70.84652541361253, 43.057285532069116], [-70.84650074579427, 43.057289056043125], [-70.84644788618381, 43.05731196187433], [-70.84639678856037, 43.057350725588655], [-70.84637916869022, 43.057407109173155], [-70.84638621663828, 43.05747406467973], [-70.84644436220978, 43.05748287461483], [-70.84646903002802, 43.05743001500434], [-70.84649193585919, 43.057384203341954], [-70.84652012765147, 43.05732253379647], [-70.84655536739176, 43.057310199887304], [-70.84661879892427, 43.05731900982239], [-70.84669104039192, 43.05737010744585], [-70.84670337430106, 43.05739125129004], [-70.84671923218416, 43.057467016731664], [-70.8467474239764, 43.05752163832916], [-70.8467932356388, 43.05752340031619], [-70.84680909352191, 43.05745292083558], [-70.84684785723627, 43.05740887116018], [-70.8469060028078, 43.05744411090052], [-70.84690247883375, 43.05750401845899], [-70.84689895485971, 43.05758859383574], [-70.8468513812103, 43.057643215433274], [-70.8467949976258, 43.05767669318658], [-70.84677561576865, 43.05774717266711], [-70.84676856782062, 43.057828224069844]]]}, "properties": {"Hectares": 44.30715102664, "Acres": 109.48525777181, "Year": "2023", "LABEL": "Great Bay", "Type": 1, "Name": "Eelgrass", "Confidence": "H", "Notes": "UAV and Satelite Imagery used"}}, {"type": "Feature", "geometry": {"type": "Polygon", "coordinates": [[[-70.83769537399998, 43.06000798400004], [-70.83792056099999, 43.06001769600007], [-70.83814579899996, 43.060079637000094], [-70.83833725099998, 43.06011905300005], [-70.83846113199996, 43.06018099400007], [-70.83856811999995, 43.06013594600005], [-70.83866947699995, 43.06018099400007], [-70.83871452399995, 43.06025982700003], [-70.83879898799995, 43.06033302900006], [-70.83890597599999, 43.060310505000096], [-70.838877821, 43.060141577000024], [-70.83875394099995, 43.06007963700009], [-70.83858501199998, 43.05997828000006], [-70.83846113199999, 43.05984876800006], [-70.83825841799997, 43.059865661000075], [-70.83811764400001, 43.059702363000035], [-70.83785298899994, 43.05963479200007], [-70.83772347800002, 43.05972488700007], [-70.83758833499998, 43.059612268000095], [-70.83753762100001, 43.05969791700005], [-70.83749810499998, 43.05959297800006], [-70.83749810499997, 43.05949171600003], [-70.837295636, 43.05925083500007], [-70.83717498000001, 43.05920497000005], [-70.83716295799998, 43.05906791600007], [-70.83723188799999, 43.05885029000009], [-70.83718565599999, 43.05859519900007], [-70.83728106499996, 43.0582720400001], [-70.83744110500001, 43.058065834000054], [-70.83754574699996, 43.05789348200005], [-70.83764669600002, 43.0577482140001], [-70.83775749399999, 43.05771866800006], [-70.83788060200003, 43.05770882000007], [-70.83798647499998, 43.05744536800006], [-70.83805541599999, 43.05725578100004], [-70.83824500199997, 43.05720653800008], [-70.83837385599999, 43.057042394000085], [-70.83861350599999, 43.057008514000096], [-70.83863451699996, 43.0568026110001], [-70.83873536699998, 43.05670596300008], [-70.83891185499995, 43.05677529800007], [-70.83906523199998, 43.05665763900006], [-70.83920360499998, 43.056465426000045], [-70.83956882699992, 43.05629307500005], [-70.83977432999998, 43.056326057000035], [-70.83984787199996, 43.0562610660001], [-70.839941981, 43.056201974000054], [-70.84011050299995, 43.05621729500006], [-70.84015865199996, 43.056160391000056], [-70.84026370399994, 43.0561538250001], [-70.84040815099998, 43.05616258000006], [-70.84045411200002, 43.05624355800008], [-70.84052414699995, 43.05632672400003], [-70.84055465599994, 43.05637401300008], [-70.840565805, 43.056311013], [-70.84077126399998, 43.05615251600005], [-70.84092389099999, 43.05616817000002], [-70.841076517, 43.05611338100006], [-70.84110915399998, 43.055886601000054], [-70.84103765600001, 43.05561155900008], [-70.84109584999999, 43.05547485300008], [-70.84092553399998, 43.05534461200004], [-70.84101069199995, 43.05523691200006], [-70.84099316000002, 43.05510416600005], [-70.840860414, 43.05494887800005], [-70.840821037, 43.054778261000095], [-70.84114225599997, 43.05457138900005], [-70.84147324299995, 43.05461811800006], [-70.84157070399995, 43.05459076100004], [-70.841572414, 43.054536046000074], [-70.84153821699992, 43.0544898800001], [-70.841637388, 43.05450355900007], [-70.84173142899996, 43.054518948000066], [-70.84223696199994, 43.05431385400002], [-70.84242546899999, 43.05411971600006], [-70.84243379500003, 43.05393050800004], [-70.842518016, 43.053699065000025], [-70.84244281699992, 43.053568162000026], [-70.84257167599998, 43.05334379400008], [-70.84278539199997, 43.05327572000006], [-70.84312239699993, 43.05335649000007], [-70.843331284, 43.05334256400007], [-70.84350349699999, 43.05328037700009], [-70.84354912899995, 43.05336308500006], [-70.84368317299999, 43.05339730900005], [-70.84379725299993, 43.053394457000024], [-70.843979136, 43.05338712500002], [-70.84423646299997, 43.053471461000065], [-70.84449599500002, 43.05357698600005], [-70.84462415800003, 43.053637234000064], [-70.84472702899998, 43.05355689200008], [-70.84491973699996, 43.05367618800006], [-70.84510785699997, 43.05374960100006], [-70.84522715299997, 43.05386889700003], [-70.84541527399999, 43.053956074000055], [-70.84547950999999, 43.05395148600009], [-70.84570433600001, 43.05402489900008], [-70.84592916299997, 43.054057017000055], [-70.84606222400002, 43.054121253000076], [-70.84599339899997, 43.054162548000086], [-70.84608516499999, 43.05420843100007], [-70.84636849299996, 43.05411723800007], [-70.846282462, 43.053876353000106], [-70.84638569899998, 43.05371289400006], [-70.84655775999995, 43.05379032200003], [-70.846721218, 43.05397958900005], [-70.846876073, 43.05409142900006], [-70.84693629499999, 43.053867750000094], [-70.84660077499998, 43.05363546700006], [-70.84638274096604, 43.053229761888026], [-70.8477569291057, 43.05300276083918], [-70.84777079199996, 43.053016046000046], [-70.84816653299998, 43.053239726000065], [-70.84820954799997, 43.05354943600006], [-70.84837300599997, 43.05378171900002], [-70.84862249499997, 43.05393657400004], [-70.84859972199996, 43.05431586300005], [-70.84843017299995, 43.05444853500009], [-70.84828142899997, 43.05444853500006], [-70.84810898190213, 43.054315238102454], [-70.84777144999998, 43.05440603700001], [-70.84758020799997, 43.05452290700006], [-70.84736771699997, 43.05471414900009], [-70.847240222, 43.05491601600006], [-70.84694273400002, 43.05487351800009], [-70.846740868, 43.05461852800004], [-70.846592124, 43.05452290700004], [-70.84613526799997, 43.05461852800007], [-70.84591215199998, 43.05480977000008], [-70.84568903699994, 43.05478852100006], [-70.84541279799998, 43.05466102600006], [-70.84512593499993, 43.05460790400009], [-70.84497719099998, 43.05478852100002], [-70.84485647799997, 43.05474853900005], [-70.84473682000004, 43.05461480400004], [-70.844504543, 43.05462888200004], [-70.84430042199996, 43.05468519100005], [-70.84425472099998, 43.054788521000035], [-70.84382973899994, 43.05482039500005], [-70.8436687, 43.05496816800009], [-70.84343499399995, 43.055105643000076], [-70.84317379299998, 43.05514688500008], [-70.84292633899999, 43.055229369000074], [-70.84257604099996, 43.05541537000004], [-70.84242729700001, 43.055781917000026], [-70.84250698100003, 43.05614049600008], [-70.842427297, 43.056299864000046], [-70.84202887599997, 43.05643267100004], [-70.84192139111335, 43.05651050508429], [-70.84164373599997, 43.05671156600006], [-70.84116563100002, 43.056910777000056], [-70.84072736800002, 43.057056864000074], [-70.8402686649739, 43.057427461792635], [-70.84006595096139, 43.05771463989372], [-70.84006595096139, 43.05804123480287], [-70.84002653415338, 43.05824394881542], [-70.83988012986654, 43.058384722129716], [-70.83980129675051, 43.05851986497144], [-70.83970557021682, 43.05858743614229], [-70.83945048899996, 43.058744207000075], [-70.83946449099996, 43.05892623800002], [-70.83975309598165, 43.0591275909616], [-70.83982321802053, 43.05917858805026], [-70.83989334003078, 43.05927739697388], [-70.84001127297994, 43.05931883294588], [-70.84019005405007, 43.05940308100764], [-70.84034454399654, 43.05944877502002], [-70.84037697298302, 43.05946365404215], [-70.84036569599998, 43.05950312300005], [-70.84032081299996, 43.05951915200006], [-70.84026951799999, 43.05957365300005], [-70.84030478300001, 43.059602507000086], [-70.840375314, 43.05966662600006], [-70.840327225, 43.05969868500007], [-70.84021501699995, 43.059730745000024], [-70.84013166200002, 43.0598044810001], [-70.84021565799998, 43.059859624000076], [-70.84006177299997, 43.05991861300004], [-70.83986412300001, 43.0599918980001], [-70.83986412300003, 43.06014462600008], [-70.83992388599995, 43.060337196000035], [-70.840050052, 43.060436802000034], [-70.84022270199996, 43.060616091000036], [-70.840229342, 43.06075553800008], [-70.84010981599997, 43.06091490700002], [-70.83987076299998, 43.060941468000074], [-70.83965827199997, 43.06101451200004], [-70.83956479700002, 43.06121708800005], [-70.83950004099998, 43.061315629000056], [-70.83944373099999, 43.06144936400006], [-70.83931703499998, 43.061498635000056], [-70.83920441599999, 43.06158309900007], [-70.839176262, 43.06166052500004], [-70.83925368699995, 43.061681641000064], [-70.83936630599999, 43.06178018200008], [-70.83940853799999, 43.061906878000045], [-70.83942261499993, 43.06197726500005], [-70.83942862499329, 43.06203135008647], [-70.83956646800003, 43.062037094000075], [-70.83968089099997, 43.06203878600009], [-70.83972809405347, 43.06233764593739], [-70.8399420700323, 43.062534728957374], [-70.83993080805975, 43.06266987187827], [-70.83964363000912, 43.06267550211454], [-70.83971683208091, 43.06288947809336], [-70.83989139190574, 43.06299083509652], [-70.83979566588887, 43.06313723998998], [-70.83966052296799, 43.06320481107538], [-70.83967741592686, 43.06349762011225], [-70.83981058499998, 43.06356917900006], [-70.84022560699997, 43.06390638400009], [-70.84035876001744, 43.06412828607621], [-70.84032800989296, 43.06423076095509], [-70.84037565297632, 43.06438167895911], [-70.84053687299996, 43.064477039000046], [-70.84064062799997, 43.06478830500005], [-70.84101194992657, 43.065170011039086], [-70.84123718787802, 43.065434665894514], [-70.8412315568917, 43.06561485595566], [-70.8412541238057, 43.06572063702234], [-70.8413216519223, 43.066037176927075], [-70.84162085499997, 43.066488971000076], [-70.842432785, 43.06667037500008], [-70.84283422499998, 43.06672379200006], [-70.84297207199995, 43.066795092000085], [-70.84321449299996, 43.06692343300007], [-70.84334345999997, 43.06698756500004], [-70.8427944196408, 43.06697506422328], [-70.84240145078397, 43.06691046660294], [-70.84204616387233, 43.06687816779282], [-70.84175642199995, 43.06691378500012], [-70.84153543893675, 43.066854953023], [-70.84122422644316, 43.066678318905], [-70.8409550696919, 43.06640075100526], [-70.84052811979524, 43.06627525667001], [-70.84013077714116, 43.066165238847915], [-70.83946629641152, 43.06610636080859], [-70.83916374999997, 43.06585073600009], [-70.83885041899997, 43.06582056300008], [-70.838223758, 43.065901797000045], [-70.83796845099997, 43.06582056300005], [-70.83796361499999, 43.06581525600005], [-70.837888127, 43.06601623000008], [-70.83784007599999, 43.06614596700006], [-70.83758540699999, 43.06604025500011], [-70.83747008499995, 43.065838442000015], [-70.83724762099997, 43.06572942000006], [-70.837056272, 43.06569115000009], [-70.83686492399994, 43.06562554500006], [-70.83666810799998, 43.06555994000005], [-70.83652049599996, 43.065483400000076], [-70.83647129199996, 43.06542326200008], [-70.83636194999997, 43.06529205200007], [-70.83636041899999, 43.0652195800001], [-70.83631283299998, 43.065102015000065], [-70.83633522699996, 43.06499844600005], [-70.83645839, 43.065012442000075], [-70.83634922199997, 43.064942463000094], [-70.83633466699995, 43.06480418500007], [-70.83629659799993, 43.06475044100005], [-70.83622046100001, 43.064772834000046], [-70.836115213, 43.06481314200007], [-70.83600772499994, 43.064784031000066], [-70.83593830599999, 43.06476163700008], [-70.83595845999999, 43.06470117600006], [-70.836039076, 43.06467206400004], [-70.83610849499999, 43.06468102200007], [-70.83617567499994, 43.06472580800006], [-70.83624285399995, 43.06468550000004], [-70.83630331599997, 43.064689979000036], [-70.83634810299999, 43.064629517000085], [-70.836341385, 43.06452426900008], [-70.83645111199998, 43.06452203000005], [-70.83638841100002, 43.06446604600005], [-70.83628988000002, 43.06446828600006], [-70.83621598300003, 43.06457577300008], [-70.83617119599998, 43.06467654300009], [-70.83610625599994, 43.064613842000036], [-70.83608834099998, 43.06454218300007], [-70.83603235799997, 43.064461568000084], [-70.83606818699998, 43.06441678100004], [-70.83611969199995, 43.064461568000084], [-70.83615999899996, 43.064508594000095], [-70.83618463200001, 43.064432456000056], [-70.83623613699999, 43.06439214900008], [-70.83620926499998, 43.06429585800006], [-70.83630331599998, 43.064235396000086], [-70.83626524799999, 43.06419060900006], [-70.83616662, 43.06420332000004], [-70.83611969199998, 43.06427794300006], [-70.83605922999993, 43.06436751600007], [-70.83599204999996, 43.06438543100007], [-70.83600100699995, 43.064221960000076], [-70.83600139699998, 43.06419826700005], [-70.83597413499997, 43.064067446000095], [-70.83610849499999, 43.06412342900009], [-70.83623165799999, 43.06408984000006], [-70.83633242799998, 43.06405177100004], [-70.83631451299995, 43.06401370200006], [-70.83630779500002, 43.06396219800007], [-70.836350103, 43.06391391400008], [-70.83627868399999, 43.06390173600006], [-70.836171196, 43.06384799200004], [-70.83608834099994, 43.06384127400001], [-70.83599652899997, 43.063865907000036], [-70.83592263099999, 43.063769616000066], [-70.835948934, 43.06375859500007], [-70.83605922999998, 43.06377857300006], [-70.83614432400002, 43.06379200900006], [-70.83616447799999, 43.063720351000015], [-70.836218222, 43.06364197400007], [-70.836307795, 43.063577034000076], [-70.83622493999998, 43.06357255500007], [-70.836110734, 43.063579273000094], [-70.83608610200001, 43.06354344400004], [-70.83605699, 43.06350761500008], [-70.83597413499997, 43.063487461000065], [-70.83599428900001, 43.06342252000009], [-70.83607042599994, 43.06342028100005], [-70.836184632, 43.0633754940001], [-70.83608162299998, 43.06331951100004], [-70.83617567499996, 43.06326576700007], [-70.83613088799999, 43.06318515200011], [-70.83611745199997, 43.06309110000008], [-70.83621822199997, 43.06306422800006], [-70.83613312700001, 43.06300600600006], [-70.83610062199996, 43.06287668400006], [-70.83618687200001, 43.06280614900003], [-70.83628988000001, 43.06282372400005], [-70.83631496099999, 43.06290075700009], [-70.83637766199996, 43.062906132000094], [-70.83636333, 43.062816559000055], [-70.83649948099996, 43.06272161100002], [-70.83652277000002, 43.06265532700007], [-70.836585471, 43.062599792000086], [-70.83667504399997, 43.06266070100003], [-70.83669295899998, 43.06255500500007], [-70.83680044700002, 43.06249947000005], [-70.83685956499997, 43.06252813300006], [-70.836891811, 43.062578294000055], [-70.83696884400001, 43.062585460000044], [-70.83703691999995, 43.062603375000045], [-70.83710141199998, 43.0625872520001], [-70.83712470099996, 43.06261770600004], [-70.83714798999998, 43.06264278700008], [-70.83718256199995, 43.06266182700004], [-70.83716780099999, 43.06269955000009], [-70.83713499899997, 43.062707751000076], [-70.837084155, 43.062678229], [-70.83702018900004, 43.06266510700004], [-70.83696770499995, 43.06267822900004], [-70.83700378799996, 43.0627175920001], [-70.83706119299998, 43.06273071300008], [-70.837071033, 43.06276187500003], [-70.83713499899999, 43.06275203400007], [-70.83716288100003, 43.06278319700004], [-70.837174362, 43.06281928000003], [-70.837128438, 43.06282584000008], [-70.83707595399997, 43.06282748100005], [-70.83704971199997, 43.06286356300006], [-70.83712358599996, 43.06285662700006], [-70.83713212799998, 43.06296767800006], [-70.83712785699998, 43.063057372000074], [-70.83721755199994, 43.06313852500008], [-70.83721381899994, 43.06319039200011], [-70.83714067099996, 43.063198321000094], [-70.83708514499995, 43.06329655800003], [-70.83699545099998, 43.063305101000026], [-70.83705524699997, 43.063364897000056], [-70.83716202699999, 43.06342469300007], [-70.837240913, 43.063414671000054], [-70.83735681599994, 43.06343875500006], [-70.837411004, 43.06346735500007], [-70.83752991799999, 43.06348240700004], [-70.83757507499998, 43.06354863700009], [-70.837457667, 43.06357723700005], [-70.83735380599997, 43.063649488000074], [-70.83726650200002, 43.063694269000045], [-70.83725144999997, 43.06371308400002], [-70.837242042, 43.063792109000076], [-70.83728719899995, 43.063831621000084], [-70.83728589099998, 43.06395261100004], [-70.83726085699995, 43.06398214500009], [-70.83715030699999, 43.06398322700007], [-70.83709344899995, 43.06405320600003], [-70.83723778, 43.0641538000001], [-70.83708907499998, 43.06417566900007], [-70.83717654899998, 43.06424127400008], [-70.83720700600001, 43.06427040700004], [-70.83733517799998, 43.0642878950001], [-70.83732227799999, 43.06429892100007], [-70.83735458200003, 43.06429965500009], [-70.83736692899998, 43.06427143200005], [-70.83741808400002, 43.064264376000075], [-70.83742161199997, 43.0642978910001], [-70.83742337599995, 43.06435962900008], [-70.83747100199997, 43.064356101000044], [-70.83748864200001, 43.06427495900006], [-70.83753626799995, 43.06429436300003], [-70.83752568399998, 43.064350809000096], [-70.83755567099998, 43.064366685000046], [-70.83762093699997, 43.064401964000076], [-70.83758742299997, 43.064405491000066], [-70.83752921199994, 43.06439138000008], [-70.83747100199997, 43.0643931440001], [-70.83744277899997, 43.06441783900003], [-70.83747629399994, 43.06443547900008], [-70.83754685199995, 43.06443195100011], [-70.83758296299999, 43.064457229000055], [-70.83778741499998, 43.06445815400008], [-70.83800547799996, 43.06447075700004], [-70.83810602300001, 43.06444253400007], [-70.83824000399996, 43.06445119100005], [-70.83840225499996, 43.064374622000024], [-70.83859794300001, 43.06431123100007], [-70.83873437099999, 43.06419356300006], [-70.83872740799998, 43.06394986100004], [-70.83861600099996, 43.06372008500008], [-70.838233041, 43.06344853200007], [-70.83773867499997, 43.063330162000085], [-70.83732089999997, 43.063295348000075], [-70.83735571499996, 43.06314912700004], [-70.83735132099999, 43.063066467000084], [-70.83732668799999, 43.06296569800005], [-70.83728414099994, 43.062880603000046], [-70.83721696100001, 43.06274624400005], [-70.837275184, 43.062634277000036], [-70.83725726899998, 43.06245289200006], [-70.83732220999997, 43.06226254900002], [-70.837446233, 43.06220565200005], [-70.83751255299995, 43.062258071000045], [-70.837613322, 43.062253592000026], [-70.83770289499995, 43.06223119900009], [-70.83772126799995, 43.06211861600006], [-70.83778741500001, 43.062129060000075], [-70.83786412700002, 43.06206772800004], [-70.83784659999998, 43.06197587600009], [-70.837818748, 43.06184010000004], [-70.83771430499996, 43.06171128600005], [-70.837700379, 43.06152676900006], [-70.83777000799996, 43.06141884400004], [-70.83807887799998, 43.06138424700003], [-70.83834641099999, 43.061223967000075], [-70.83852085999999, 43.06132304900011], [-70.83885404599998, 43.06137064700007], [-70.83886583399995, 43.061311652000036], [-70.83881822899998, 43.061273568000026], [-70.83880191399999, 43.061226435000066], [-70.83861605599998, 43.061234653000064], [-70.83842566399996, 43.06114625700009], [-70.838085678, 43.061023862000084], [-70.83789528599998, 43.06090826600008], [-70.83789120599998, 43.060617239000095], [-70.837695374, 43.06055196100005], [-70.83759201899996, 43.06040508700009], [-70.837640976, 43.06016573700002], [-70.83769537399998, 43.06000798400004]], [[-70.83929808699999, 43.06091938700008], [-70.83923715299998, 43.06092510000006], [-70.83926190799997, 43.06094414200005], [-70.83929808699997, 43.060978417000065], [-70.83934569199997, 43.06101650100003], [-70.839393297, 43.06104316000006], [-70.83947517800003, 43.06104316000006], [-70.83949421999998, 43.0610184060001], [-70.83944661500001, 43.06098603400008], [-70.83944471099998, 43.060951759000034], [-70.83939520099995, 43.06092129100004], [-70.83933807499997, 43.060911770000075], [-70.83929808699999, 43.06091938700008]], [[-70.83933018399996, 43.06111731700004], [-70.83933798399994, 43.06114364100007], [-70.83935845799996, 43.061146566000076], [-70.83937503199998, 43.061171914000084], [-70.83936820699998, 43.061197263000075], [-70.83939453100001, 43.06120213800007], [-70.83940623099996, 43.061186539000076], [-70.83939453100002, 43.06116704000004], [-70.83938478199998, 43.06114071600005], [-70.83940525599998, 43.06110854300005], [-70.83942865399999, 43.061102693000066], [-70.83939648099995, 43.061097818000086], [-70.83935358299998, 43.06108904400002], [-70.83932628499997, 43.06105394600009], [-70.83930483599995, 43.06104517100004], [-70.83927851199996, 43.061019822000084], [-70.83924146399997, 43.06098277400012], [-70.83922293999998, 43.060979849000034], [-70.83918296699999, 43.06099642300008], [-70.83915664299998, 43.061012023000075], [-70.83914494399993, 43.06103444700009], [-70.83911082099998, 43.06106467000007], [-70.839121545, 43.061106593000055], [-70.839166393, 43.06112024200009], [-70.83918881699998, 43.061162165000056], [-70.83921319099994, 43.06115241500008], [-70.83921416500004, 43.06112706700004], [-70.83917321799998, 43.061092943000084], [-70.83915274399999, 43.06104907100006], [-70.83916834300003, 43.06102177200006], [-70.83918881700001, 43.06103152200007], [-70.83920539099998, 43.061060770000054], [-70.839249264, 43.06107539400006], [-70.83927656199997, 43.06110464300007], [-70.83931068500002, 43.061102693000066], [-70.83933018399996, 43.06111731700004]]]}, "properties": {"Hectares": 34.19111040513, "Acres": 84.48799910333, "Year": "2023", "LABEL": "Great Bay", "Type": 3, "Name": "Widgeon Grass", "Confidence": "M", "Notes": "UAV Imagery - Boundary Hard to Discern"}}, {"type": "Feature", "geometry": {"type": "Polygon", "coordinates": [[[-70.8477569291057, 43.05300276083918], [-70.84638274096604, 43.053229761888026], [-70.84630827099994, 43.05298163400006], [-70.84623084399998, 43.0525514810001], [-70.84619643199996, 43.05216434300008], [-70.846256653, 43.05169117500005], [-70.84625130199998, 43.05136788800009], [-70.846299668, 43.05119219700005], [-70.84652334799998, 43.05123521300006], [-70.84678874500001, 43.051381095000096], [-70.84712859800003, 43.051769463000014], [-70.84728901999996, 43.05183742700006], [-70.84746968499996, 43.052086916000086], [-70.8475127, 43.05245684700003], [-70.84756431799998, 43.05281817600011], [-70.8477569291057, 43.05300276083918]]]}, "properties": {"Hectares": 1.85268603154, "Acres": 4.57808283839, "Year": "2023", "LABEL": "Winnicut River", "Type": 3, "Name": "Widgeon Grass", "Confidence": "M", "Notes": "UAV Imagery - Boundary Hard to Discern"}}, {"type": "Feature", "geometry": {"type": "Polygon", "coordinates": [[[-70.83612886233027, 43.05595129234315], [-70.83600418670828, 43.05579990051643], [-70.8359952813067, 43.05562179248499], [-70.8363158757633, 43.05563069788654], [-70.836342591968, 43.055773184311704], [-70.83643164598375, 43.05588895453214], [-70.83674333503876, 43.05585333292589], [-70.8370639294954, 43.055924576138416], [-70.83712626730639, 43.056049251760456], [-70.83692144307024, 43.056093778768314], [-70.83671661883405, 43.05609377876828], [-70.83656522700733, 43.056093778768336], [-70.83669880803093, 43.05619173818562], [-70.8367967674482, 43.056298603004464], [-70.83691253766865, 43.05643218402804], [-70.83684129445606, 43.05654795424851], [-70.8364227405822, 43.05649452183908], [-70.83628025415699, 43.05629860300447], [-70.83629806496015, 43.05608487336674], [-70.83612886233027, 43.05595129234315]]]}, "properties": {"Hectares": 0.42830524386, "Acres": 1.05836437104, "Year": "2023", "LABEL": "Great Bay", "Type": 3, "Name": "Widgeon Grass", "Confidence": "M", "Notes": "UAV and Go Pro Imagery"}}, {"type": "Feature", "geometry": {"type": "Polygon", "coordinates": [[[-70.83863461969793, 43.05611270274677], [-70.83848768057196, 43.055982461248796], [-70.8382447857439, 43.055992257190375], [-70.83800968314237, 43.055871143728986], [-70.8377532075771, 43.05584264644397], [-70.8374682347268, 43.05577140323138], [-70.83721888348273, 43.05565028977002], [-70.83701940248756, 43.05550780334485], [-70.83683417013484, 43.05543656013226], [-70.83667743506716, 43.05545080877477], [-70.8364850783932, 43.05545793309604], [-70.83632121900426, 43.05535819259843], [-70.83620722986413, 43.055222830494536], [-70.83605411226098, 43.05517116713985], [-70.83600774886887, 43.05501622517808], [-70.83603624615394, 43.05488086307416], [-70.83627847307673, 43.054952106286734], [-70.8365135756782, 43.05500910085681], [-70.83667071151818, 43.054985859279384], [-70.83686979174111, 43.05507321974812], [-70.83692859146825, 43.05494695915593], [-70.83685554309861, 43.05486661443164], [-70.8370563814965, 43.05479613525801], [-70.83731862398035, 43.05493073332295], [-70.83748777067991, 43.054897106056025], [-70.83779351337918, 43.05496876450116], [-70.83803237486299, 43.05516940814754], [-70.83818046898287, 43.05525539828175], [-70.8382804073502, 43.05551492766607], [-70.8384656397029, 43.05560754384244], [-70.8386793693406, 43.05562179248496], [-70.83874148451677, 43.055721978252805], [-70.83904872087103, 43.05584554069961], [-70.83924534463671, 43.05582932846594], [-70.83931254339261, 43.0559490659929], [-70.83937933390442, 43.05610602369562], [-70.83924909240639, 43.05607596796529], [-70.83879825645181, 43.05587225690433], [-70.83881161455415, 43.055925689313725], [-70.83897525130809, 43.05603923318378], [-70.83920279613352, 43.05633505218845], [-70.83916457829613, 43.056406710633574], [-70.83902603863551, 43.05624906205428], [-70.83890178174511, 43.056226246616816], [-70.83863461969793, 43.05611270274677]]]}, "properties": {"Hectares": 1.62546062918, "Acres": 4.01659713748, "Year": "2023", "LABEL": "Great Bay", "Type": 3, "Name": "Widgeon Grass", "Confidence": "M", "Notes": "UAV and Go Pro Imagery"}}, {"type": "Feature", "geometry": {"type": "Polygon", "coordinates": [[[-70.83807197068084, 43.06739548580833], [-70.83807822728657, 43.06723907066545], [-70.83827626707567, 43.0671460129372], [-70.83854121610945, 43.06715773479117], [-70.8386225519837, 43.06728912351117], [-70.838747684098, 43.06724532727117], [-70.83891035584658, 43.06727035369404], [-70.83884153318368, 43.06748307828831], [-70.83870388785797, 43.067545644345444], [-70.83849116326371, 43.06763949343118], [-70.83824715564086, 43.06773959912257], [-70.83800314801799, 43.06773334251689], [-70.83793432535516, 43.067520617922625], [-70.83807197068084, 43.06739548580833]]]}, "properties": {"Hectares": 0.34109316488, "Acres": 0.84285882111, "Year": "2023", "LABEL": "Great Bay", "Type": 3, "Name": "Widgeon Grass", "Confidence": "M", "Notes": "Go Pro Imagery Only"}}, {"type": "Feature", "geometry": {"type": "Polygon", "coordinates": [[[-70.83894163887513, 43.06753938773974], [-70.83909179741227, 43.067458051865465], [-70.83936708806367, 43.06749559149974], [-70.83936654654188, 43.06759294263931], [-70.83927323897798, 43.06764575003688], [-70.83929826540086, 43.06774585572829], [-70.83916687668085, 43.067827191602596], [-70.83903548796083, 43.067845961419756], [-70.83887988627781, 43.06784228233745], [-70.83896040869224, 43.067683289671145], [-70.83904800117229, 43.067658263248305], [-70.83894163887513, 43.06753938773974]]]}, "properties": {"Hectares": 0.11097852754, "Acres": 0.27423367138, "Year": "2023", "LABEL": "Great Bay", "Type": 3, "Name": "Widgeon Grass", "Confidence": "M", "Notes": "Go Pro Imagery Only"}}, {"type": "Feature", "geometry": {"type": "Polygon", "coordinates": [[[-70.84814119550211, 43.07307352657302], [-70.84765545316401, 43.07302770182417], [-70.8472980201227, 43.07311018637212], [-70.84684517573837, 43.07298779879376], [-70.84646400969304, 43.072835237878834], [-70.84635403029574, 43.07254195948595], [-70.84602409210378, 43.07228534089219], [-70.84607908180244, 43.071863753202514], [-70.84596910240512, 43.07162546450832], [-70.84578580340961, 43.07142383561323], [-70.84553834976563, 43.07113972217016], [-70.8457124838114, 43.07082811387777], [-70.8461615663504, 43.070745629329764], [-70.8464456797935, 43.070644814882236], [-70.8464508350778, 43.07029482836269], [-70.84659507750042, 43.06992730464613], [-70.84680884092843, 43.06969337853358], [-70.84691226793595, 43.06941743448534], [-70.84690215533294, 43.06917019467974], [-70.84661377326455, 43.06877279137722], [-70.84672291952425, 43.06853343957749], [-70.84646515531179, 43.06837591700319], [-70.84629302025513, 43.06814089272016], [-70.84612057206893, 43.068136244423115], [-70.84622171133337, 43.067903349280364], [-70.84656934171872, 43.067917621024435], [-70.84705228490688, 43.06790334928035], [-70.84719548724709, 43.06814679325881], [-70.8474609454866, 43.06860700779564], [-70.84771023182705, 43.06878452852197], [-70.84808334175672, 43.069120569172576], [-70.84799742035254, 43.069492895257206], [-70.84783989777827, 43.06977929993773], [-70.84832678573515, 43.069979783214094], [-70.84864183088371, 43.07018026649046], [-70.84907143790448, 43.07029482836269], [-70.84951536515932, 43.07016594625643], [-70.84991633171197, 43.07015162602241], [-70.8501358377253, 43.06992394240517], [-70.85052044150397, 43.0699830565383], [-70.85061826808429, 43.07024370380128], [-70.85039002316141, 43.07029538190684], [-70.85033187262954, 43.07042056539983], [-70.85039863617745, 43.0704762552437], [-70.85064209625817, 43.070583819301284], [-70.8506268811025, 43.070893986521675], [-70.8503469580812, 43.070954277633945], [-70.85000243743961, 43.07103179477831], [-70.84971390140228, 43.07088106699759], [-70.84968872608883, 43.07057205389753], [-70.8494581094815, 43.07055915203924], [-70.84886331720425, 43.07050793929092], [-70.84865654488193, 43.070482452787274], [-70.84858454994762, 43.07081035678759], [-70.84912871884059, 43.070767396085515], [-70.84934352235096, 43.0708676377237], [-70.8491430390746, 43.07108244123406], [-70.84935784258502, 43.071325885212545], [-70.84961560679749, 43.07162661012708], [-70.85008817452032, 43.07171253153123], [-70.85044618037098, 43.07159796965903], [-70.85100617652904, 43.07164271760017], [-70.8513486207255, 43.07188797399292], [-70.851361763145, 43.072177107221826], [-70.85130919346703, 43.07240052835322], [-70.85100278780273, 43.07267308754737], [-70.8505750624772, 43.07271494791301], [-70.85027433756265, 43.07284383001927], [-70.85010223089529, 43.07307063527604], [-70.84991717094256, 43.07305301050385], [-70.8494457086847, 43.073053010495045], [-70.84881940178562, 43.07328432041786], [-70.84848029864389, 43.073247660618776], [-70.84814119550211, 43.07307352657302]]]}, "properties": {"Hectares": 13.60941549021, "Acres": 33.62956833251, "Year": "2023", "LABEL": "Great Bay", "Type": 1, "Name": "Eelgrass", "Confidence": "H", "Notes": "Go Pro and Satellite Imagery - Hard to Discern Extent and Boundary"}}, {"type": "Feature", "geometry": {"type": "Polygon", "coordinates": [[[-70.84486281215776, 43.06620047405858], [-70.84529552221572, 43.06551328588682], [-70.84548995883081, 43.065204500694925], [-70.84559553905227, 43.064922953437765], [-70.84598123557579, 43.064751829457975], [-70.84652475244225, 43.06487978924407], [-70.84668104312902, 43.06495638858894], [-70.84676141835337, 43.0650330842762], [-70.84671460361155, 43.065290479406464], [-70.84649381096398, 43.0655322999252], [-70.84660946425555, 43.06565846715233], [-70.84687231264543, 43.06588977373546], [-70.84694591019462, 43.06622621967451], [-70.8472330551033, 43.066425502425446], [-70.84762638510648, 43.06650179851962], [-70.84774496929991, 43.06675191645432], [-70.84837916004518, 43.06670267978362], [-70.84851370061645, 43.06647749704535], [-70.84820758246613, 43.066425984450845], [-70.84802884556098, 43.066247247545704], [-70.84790714835097, 43.06641885630577], [-70.84740852336081, 43.06627878935249], [-70.84736646761846, 43.06594234341342], [-70.84760828813717, 43.065826690121895], [-70.84790070722003, 43.06559162817348], [-70.84823912427292, 43.0652589375997], [-70.84901715550701, 43.06555332779639], [-70.84944822686644, 43.06546921631161], [-70.85004752119539, 43.06526945153531], [-70.85049600626058, 43.06538822615143], [-70.85109152214393, 43.06569625160832], [-70.85054352194231, 43.06615909415031], [-70.85052362088926, 43.0669352020612], [-70.85124002860786, 43.06725360500335], [-70.85161361167353, 43.06728091171632], [-70.85177198200564, 43.06750966886273], [-70.85159601496994, 43.06786160293416], [-70.85152562815563, 43.06810795678411], [-70.85185996552349, 43.06826632711628], [-70.8525110435556, 43.068442294151986], [-70.85277499410918, 43.06861826118767], [-70.85280965692961, 43.06888790981087], [-70.85230220206985, 43.06923865171958], [-70.85211427411144, 43.069471348666056], [-70.85177198200563, 43.06942770955195], [-70.85140405634033, 43.06961747360396], [-70.85107266545485, 43.06959210659318], [-70.85034304071094, 43.069511312569674], [-70.84987153802001, 43.06907577548052], [-70.84929084680215, 43.06868864800199], [-70.84885092921286, 43.0684246974484], [-70.84832302810572, 43.06828392381984], [-70.84783032040573, 43.068248730412684], [-70.8475135797415, 43.06765044249127], [-70.8470384687451, 43.06750966886274], [-70.84631700389869, 43.067439282048454], [-70.84551147627285, 43.0673340262712], [-70.84520172173988, 43.06709696041938], [-70.84511118254622, 43.06654169589913], [-70.84566228676766, 43.06652029973424], [-70.8458315596027, 43.066327944230615], [-70.84522600827728, 43.06629549631631], [-70.84486281215776, 43.06620047405858]]]}, "properties": {"Hectares": 16.28216819353, "Acres": 40.23407825704, "Year": "2023", "LABEL": "Great Bay", "Type": 1, "Name": "Eelgrass", "Confidence": "M", "Notes": "Go Pro and Satellite Imagery - Poor Registration and Resolution - Mismatch of Points to Imagery."}}, {"type": "Feature", "geometry": {"type": "Polygon", "coordinates": [[[-70.83882901997248, 43.06685741771701], [-70.83866384558165, 43.06670725917989], [-70.83849536932972, 43.06671848888183], [-70.83828088541082, 43.066699529643614], [-70.83800631577047, 43.06671514421334], [-70.83799680790561, 43.06653944509555], [-70.83818333826282, 43.06645198966674], [-70.83845362362965, 43.066557100642726], [-70.83875394070392, 43.06652706893533], [-70.83900170229018, 43.06658713235017], [-70.83918189253477, 43.06663968783818], [-70.83935457485245, 43.06664719576503], [-70.83950473338957, 43.06678984637533], [-70.83944466997474, 43.06694751283931], [-70.83933205107192, 43.06697754454674], [-70.83919690838847, 43.0670301000347], [-70.83897917850965, 43.067067639669006], [-70.83883652789937, 43.06697003661986], [-70.83882901997248, 43.06685741771701]]]}, "properties": {"Hectares": 0.3793282151, "Acres": 0.93733960429, "Year": "2023", "LABEL": "Great Bay", "Type": 1, "Name": "Eelgrass", "Confidence": "L", "Notes": "Go Pro Imagery Only"}}, {"type": "Feature", "geometry": {"type": "Polygon", "coordinates": [[[-70.85273254412674, 43.06691530211927], [-70.85330964996577, 43.06653719821908], [-70.85364016536802, 43.06661223698058], [-70.85404342315822, 43.06675887617702], [-70.85422672215375, 43.06677720607656], [-70.85459332014482, 43.06674054627748], [-70.85477661914034, 43.06694217517252], [-70.85498922732022, 43.06732922615393], [-70.85442835104884, 43.067455412360005], [-70.8540067633591, 43.067620381456], [-70.85347519627204, 43.0677670206524], [-70.85299861888367, 43.06773036085327], [-70.85228375280111, 43.0675287319582], [-70.85215543829496, 43.06721380503456], [-70.85273254412674, 43.06691530211927]]]}, "properties": {"Hectares": 1.98113006233, "Acres": 4.89547467006, "Year": "2023", "LABEL": "Great Bay", "Type": 1, "Name": "Eelgrass", "Confidence": "M", "Notes": "Satellite Imagery - Poor Registration and Resolution"}}, {"type": "Feature", "geometry": {"type": "Polygon", "coordinates": [[[-70.85209458823779, 43.07285906674826], [-70.8522353618663, 43.072671368576856], [-70.8527046072949, 43.07264790630542], [-70.85308000363773, 43.07273002425541], [-70.85338501316629, 43.072730024255385], [-70.85373694723772, 43.072542326083955], [-70.85348128797435, 43.07240143565923], [-70.8536901751977, 43.07220972779672], [-70.8538190651877, 43.07214346746972], [-70.85403076364825, 43.07203785440516], [-70.854300041752, 43.07203788724828], [-70.85445254651624, 43.07246020813397], [-70.85422965493771, 43.07285906674824], [-70.8538666913162, 43.073037577462415], [-70.85312692818057, 43.07315234514111], [-70.8526450932603, 43.07323343324073], [-70.85212978164489, 43.07317580741253], [-70.85209458823779, 43.07285906674826]]]}, "properties": {"Hectares": 1.24579704051, "Acres": 3.0784288078, "Year": "2023", "LABEL": "Great Bay", "Type": 3, "Name": "Widgeon Grass", "Confidence": "M", "Notes": "Go Pro Imagery Only"}}, {"type": "Feature", "geometry": {"type": "Polygon", "coordinates": [[[-70.84192139111335, 43.05651050508429], [-70.84202887599997, 43.05643267100004], [-70.842427297, 43.056299864000046], [-70.84250698100003, 43.05614049600008], [-70.84242729700001, 43.055781917000026], [-70.84257604099996, 43.05541537000004], [-70.84292633899999, 43.055229369000074], [-70.84317379299998, 43.05514688500008], [-70.84343499399995, 43.055105643000076], [-70.8436687, 43.05496816800009], [-70.84382973899994, 43.05482039500005], [-70.84425472099998, 43.054788521000035], [-70.84430042199996, 43.05468519100005], [-70.844504543, 43.05462888200004], [-70.84473682000004, 43.05461480400004], [-70.84485647799997, 43.05474853900005], [-70.84476024254387, 43.05485602002703], [-70.8446168045022, 43.05488470763539], [-70.84448846199999, 43.054958514000056], [-70.84420485000001, 43.05496816800007], [-70.84398489099996, 43.05505065300011], [-70.843861164, 43.05524311700004], [-70.843819114, 43.05543661900003], [-70.84336225799997, 43.055564114000084], [-70.84320128800002, 43.05593048800008], [-70.84313254999998, 43.05616419400013], [-70.84287134899995, 43.056315416000125], [-70.842637643, 43.05649413200006], [-70.842472674, 43.056535375000074], [-70.84225271499996, 43.05648038500003], [-70.84192139111335, 43.05651050508429]]]}, "properties": {"Hectares": 1.28642042422, "Acres": 3.17881128634, "Year": "2023", "LABEL": "Great Bay", "Type": 2, "Name": "Wid Eel Grass", "Confidence": "M", "Notes": "UAV Imagery - Difficult to Discern Boundaries of Transition Zone"}}, {"type": "Feature", "geometry": {"type": "Polygon", "coordinates": [[[-70.83769537399998, 43.06000798400004], [-70.83766609000001, 43.05992089700004], [-70.83765346699998, 43.05980909000005], [-70.83755428299999, 43.059747776000044], [-70.83753762100001, 43.05969791700005], [-70.83758833499998, 43.059612268000095], [-70.83772347800002, 43.05972488700007], [-70.83785298899994, 43.05963479200007], [-70.83811764400001, 43.059702363000035], [-70.83825841799997, 43.059865661000075], [-70.83846113199999, 43.05984876800006], [-70.83858501199998, 43.05997828000006], [-70.83875394099995, 43.06007963700009], [-70.838877821, 43.060141577000024], [-70.83890597599999, 43.060310505000096], [-70.83879898799995, 43.06033302900006], [-70.83871452399995, 43.06025982700003], [-70.83866947699995, 43.06018099400007], [-70.83856811999995, 43.06013594600005], [-70.83846113199996, 43.06018099400007], [-70.83833725099998, 43.06011905300005], [-70.83814579899996, 43.060079637000094], [-70.83792056099999, 43.06001769600007], [-70.83769537399998, 43.06000798400004]]]}, "properties": {"Hectares": 0.32679656387, "Acres": 0.80753118187, "Year": "2023", "LABEL": "Great Bay", "Type": 2, "Name": "Wid Eel Grass", "Confidence": "M", "Notes": "UAV Imagery - Difficult to Discern Boundaries of Transition Zone"}}, {"type": "Feature", "geometry": {"type": "Polygon", "coordinates": [[[-70.83956479700002, 43.06121708800005], [-70.83963236799998, 43.06127902800004], [-70.839699939, 43.061318445000055], [-70.83975061800004, 43.061414171000095], [-70.83975624899996, 43.06153242100007], [-70.83976751099993, 43.061645039000034], [-70.83976751099998, 43.06181396800006], [-70.83980692699997, 43.06197726500006], [-70.83979566599999, 43.06212930100001], [-70.839795666, 43.06228696700003], [-70.839908284, 43.06233764600005], [-70.84008284399998, 43.06245589600009], [-70.84013352199997, 43.06261356200007], [-70.840015272, 43.062731812000074], [-70.84000964099994, 43.06283316900004], [-70.84004905799999, 43.06295141900006], [-70.84007158199996, 43.06307530000004], [-70.83990124599997, 43.06334980800005], [-70.83986605199995, 43.063483543000075], [-70.84011240599996, 43.06370174200005], [-70.84037987600001, 43.06393401900007], [-70.84049953399995, 43.064208527000076], [-70.840647346, 43.06444784200007], [-70.840703655, 43.06460269300006], [-70.84081627399999, 43.064771622000094], [-70.84097112499995, 43.064961666000066], [-70.841203402, 43.06511651700007], [-70.84136529199999, 43.0653558320001], [-70.84135121400001, 43.06558107000004], [-70.8412541238057, 43.06572063702234], [-70.8412315568917, 43.06561485595566], [-70.84123718787802, 43.065434665894514], [-70.84101194992657, 43.065170011039086], [-70.84064062799997, 43.06478830500005], [-70.84053687299996, 43.064477039000046], [-70.84037565297632, 43.06438167895911], [-70.84032800989296, 43.06423076095509], [-70.84035876001744, 43.06412828607621], [-70.84022560699997, 43.06390638400009], [-70.83981058499998, 43.06356917900006], [-70.83967741592686, 43.06349762011225], [-70.83966052296799, 43.06320481107538], [-70.83979566588887, 43.06313723998998], [-70.83989139190574, 43.06299083509652], [-70.83971683208091, 43.06288947809336], [-70.83964363000912, 43.06267550211454], [-70.83993080805975, 43.06266987187827], [-70.8399420700323, 43.062534728957374], [-70.83972809405347, 43.06233764593739], [-70.83968089099997, 43.06203878600009], [-70.83956646800003, 43.062037094000075], [-70.83942862499329, 43.06203135008647], [-70.83942261499993, 43.06197726500005], [-70.83940853799999, 43.061906878000045], [-70.83936630599999, 43.06178018200008], [-70.83925368699995, 43.061681641000064], [-70.839176262, 43.06166052500004], [-70.83920441599999, 43.06158309900007], [-70.83931703499998, 43.061498635000056], [-70.83944373099999, 43.06144936400006], [-70.83950004099998, 43.061315629000056], [-70.83956479700002, 43.06121708800005]]]}, "properties": {"Hectares": 0.87405932992, "Acres": 2.15984573205, "Year": "2023", "LABEL": "Great Bay", "Type": 2, "Name": "Wid Eel Grass", "Confidence": "M", "Notes": "UAV Imagery - Difficult to Discern Boundaries of Transition Zone"}}, {"type": "Feature", "geometry": {"type": "Polygon", "coordinates": [[[-70.8412541238057, 43.06572063702234], [-70.84135121400001, 43.06558107000004], [-70.84136529199999, 43.0653558320001], [-70.841203402, 43.06511651700007], [-70.84097112499995, 43.064961666000066], [-70.84081627399999, 43.064771622000094], [-70.840703655, 43.06460269300006], [-70.840647346, 43.06444784200007], [-70.84049953399995, 43.064208527000076], [-70.84037987600001, 43.06393401900007], [-70.84011240599996, 43.06370174200005], [-70.83986605199995, 43.063483543000075], [-70.83990124599997, 43.06334980800005], [-70.84007158199996, 43.06307530000004], [-70.84004905799999, 43.06295141900006], [-70.84000964099994, 43.06283316900004], [-70.840015272, 43.062731812000074], [-70.84013352199997, 43.06261356200007], [-70.84008284399998, 43.06245589600009], [-70.839908284, 43.06233764600005], [-70.839795666, 43.06228696700003], [-70.83979566599999, 43.06212930100001], [-70.83980692699997, 43.06197726500006], [-70.83976751099998, 43.06181396800006], [-70.83976751099993, 43.061645039000034], [-70.83975624899996, 43.06153242100007], [-70.83975061800004, 43.061414171000095], [-70.839699939, 43.061318445000055], [-70.83963236799998, 43.06127902800004], [-70.83956479700002, 43.06121708800005], [-70.83965827199997, 43.06101451200004], [-70.83987076299998, 43.060941468000074], [-70.84010981599997, 43.06091490700002], [-70.840229342, 43.06075553800008], [-70.84022270199996, 43.060616091000036], [-70.840050052, 43.060436802000034], [-70.83992388599995, 43.060337196000035], [-70.83986412300003, 43.06014462600008], [-70.83986412300001, 43.0599918980001], [-70.84006177299997, 43.05991861300004], [-70.84021565799998, 43.059859624000076], [-70.84013166200002, 43.0598044810001], [-70.84021501699995, 43.059730745000024], [-70.840327225, 43.05969868500007], [-70.840375314, 43.05966662600006], [-70.84030478300001, 43.059602507000086], [-70.84026951799999, 43.05957365300005], [-70.84032081299996, 43.05951915200006], [-70.84036569599998, 43.05950312300005], [-70.84061354999996, 43.06020980400009], [-70.84093575499999, 43.06047830800003], [-70.84144591299997, 43.06063941100007], [-70.84203662299996, 43.060907915], [-70.84230512699997, 43.06112271800005], [-70.84254678099997, 43.06136437200007], [-70.84268103299998, 43.06176712900005], [-70.84241252899997, 43.06200878300012], [-70.84251993099997, 43.06268004400004], [-70.84241252899996, 43.063055950000034], [-70.84273473399998, 43.064049416000046], [-70.84314042443225, 43.06440737809394], [-70.84319119199999, 43.06445217300008], [-70.84340056064464, 43.06446006353955], [-70.84364861550661, 43.064391159411265], [-70.84384499227231, 43.06442905668184], [-70.84385877309796, 43.064539303287134], [-70.84398969094178, 43.06453241287429], [-70.84400347176746, 43.06462887865395], [-70.84389322516212, 43.06485970748382], [-70.84372096484135, 43.064966508882726], [-70.84362079899999, 43.064935481000106], [-70.84340599499998, 43.065391938000104], [-70.84276158499996, 43.06555304100002], [-70.84270788399996, 43.065902097000084], [-70.84329859399999, 43.06611690000004], [-70.84380875199999, 43.06557989100006], [-70.844184658, 43.065714144000026], [-70.84439946199997, 43.06600949800005], [-70.84466796599999, 43.06547249000004], [-70.84529552221572, 43.06551328588682], [-70.84486281215776, 43.06620047405858], [-70.84439946199997, 43.0666539090001], [-70.844104107, 43.066922413000064], [-70.84334345999997, 43.06698756500004], [-70.84321449299996, 43.06692343300007], [-70.84297207199995, 43.066795092000085], [-70.84283422499998, 43.06672379200006], [-70.842432785, 43.06667037500008], [-70.84162085499997, 43.066488971000076], [-70.8413216519223, 43.066037176927075], [-70.8412541238057, 43.06572063702234]]]}, "properties": {"Hectares": 15.06472859783, "Acres": 37.22572215947, "Year": "2023", "LABEL": "Great Bay", "Type": 1, "Name": "Eelgrass", "Confidence": "H", "Notes": "UAV and Satelite Imagery used"}}, {"type": "Feature", "geometry": {"type": "Polygon", "coordinates": [[[-70.83575014653036, 43.062240062648065], [-70.8356490595784, 43.06214619619264], [-70.83562739808872, 43.06204510924067], [-70.8355118701436, 43.06185015583332], [-70.8355531164787, 43.061718756780536], [-70.83548298815731, 43.06169130490881], [-70.83541078319162, 43.06157577696371], [-70.83536746021221, 43.06139526454949], [-70.83550763865117, 43.06131359068038], [-70.83552417604301, 43.06118129154564], [-70.83549936995526, 43.06111100763025], [-70.83544562343175, 43.06123503806909], [-70.83538360821233, 43.06125570980888], [-70.83527611516537, 43.06116475415377], [-70.83525130907759, 43.061036589366964], [-70.83513141298674, 43.06101178327921], [-70.8351314129867, 43.06090842458019], [-70.83503218863564, 43.06086708110056], [-70.83504045733156, 43.060813334577105], [-70.83515208472654, 43.06082987196891], [-70.83508180081122, 43.06063555761474], [-70.83523477168575, 43.06078439414134], [-70.835275717168, 43.06083844217798], [-70.83525130907758, 43.060912558928145], [-70.83533813038474, 43.06092082762406], [-70.83538774256029, 43.06096217110368], [-70.83546629517154, 43.06104485806288], [-70.8355365790869, 43.0609993802353], [-70.8356910682991, 43.061061770109475], [-70.83575156518087, 43.06108620154251], [-70.83586319257583, 43.06118542589354], [-70.83585078953195, 43.06125570980891], [-70.83576396822473, 43.06124330676503], [-70.83580117735636, 43.06132185937629], [-70.83583838648805, 43.0614045463355], [-70.83590040170745, 43.06149550199065], [-70.83594174518706, 43.06159886068966], [-70.8359706856228, 43.06172289112848], [-70.83607736741352, 43.061822134215966], [-70.8361425576405, 43.06198239352404], [-70.83611125345345, 43.06203296722558], [-70.83619778610556, 43.06212318094619], [-70.83621047780453, 43.062252087667495], [-70.83599564341374, 43.06221840115834], [-70.83591931788013, 43.06227746739543], [-70.83575014653036, 43.062240062648065]]]}, "properties": {"Hectares": 0.5887850038, "Acres": 1.45491814345, "Year": "2023", "LABEL": "Great Bay", "Type": 3, "Name": "Widgeon Grass", "Confidence": "M", "Notes": "UAV and Go Pro Imagery"}}, {"type": "Feature", "geometry": {"type": "Polygon", "coordinates": [[[-70.83448461599997, 43.05956309400009], [-70.83444565599997, 43.059392646000035], [-70.83455279499996, 43.05926602800003], [-70.83461123399995, 43.05923680800009], [-70.834616104, 43.05912479900007], [-70.83466967299995, 43.059042010000056], [-70.834767072, 43.058949482000024], [-70.834957, 43.05885208300003], [-70.83495699999999, 43.0587254640001], [-70.83488556150473, 43.058620833626335], [-70.83489910893614, 43.05855309646935], [-70.83498378038237, 43.0584345564446], [-70.83513110869883, 43.05846334473629], [-70.83521997599998, 43.05837969900006], [-70.83524432599998, 43.058214121000056], [-70.83523945599997, 43.05808263200006], [-70.83528036400001, 43.05787712100005], [-70.83533295899997, 43.05774855400006], [-70.83558156079278, 43.057684790788116], [-70.8356265424986, 43.05758159746301], [-70.835502433, 43.0574622020001], [-70.83538555400001, 43.057345323000064], [-70.83544983800002, 43.05723428900006], [-70.83562418099997, 43.057113514000044], [-70.83573132000001, 43.05704533500006], [-70.83578530146036, 43.057002127252815], [-70.83588345898892, 43.05704654283063], [-70.83588849478548, 43.05716088621448], [-70.83609267000001, 43.05726350800007], [-70.83605760599998, 43.05736285500008], [-70.83599916699998, 43.057454410000055], [-70.83621330899997, 43.05733794900005], [-70.83628645058275, 43.05731646999694], [-70.83632058299997, 43.05715831800007], [-70.8361890784196, 43.05704975494131], [-70.83621447985344, 43.0569396820612], [-70.8362165966396, 43.05678303988562], [-70.83616579377184, 43.05672588665945], [-70.83637206399999, 43.05660885200008], [-70.83657645028612, 43.056622164137764], [-70.83670721399996, 43.05668528900004], [-70.83669545399995, 43.05691460200005], [-70.83656163278307, 43.05707515637519], [-70.83653834813535, 43.05710267459527], [-70.83642827525526, 43.05712172567065], [-70.83641134096601, 43.05717041175225], [-70.83638382274596, 43.057259316770796], [-70.83649389562605, 43.05729741892158], [-70.83664418744314, 43.05725296641233], [-70.83673520924789, 43.05721486426152], [-70.83663605693978, 43.05712004775191], [-70.83666958887702, 43.05708785709217], [-70.83672231024262, 43.05698979975362], [-70.83675425199995, 43.057079237000046], [-70.83682199748024, 43.05717887889682], [-70.8367860121156, 43.05726566712916], [-70.83681988069408, 43.057295302135444], [-70.83681564712178, 43.05735033857547], [-70.83690455214037, 43.05740537501557], [-70.8369363039327, 43.05733340428627], [-70.83698287322815, 43.05737362322323], [-70.83695958858041, 43.05742865966328], [-70.83704425999994, 43.05744982800008], [-70.83703367609584, 43.05753238218492], [-70.83709427400002, 43.057551855000035], [-70.837121746, 43.05766897500004], [-70.83709294600001, 43.05769537500006], [-70.83705272699999, 43.057650922000064], [-70.83700302499994, 43.057627807000095], [-70.83697228929731, 43.05756625076334], [-70.83690031856801, 43.057502747178674], [-70.83675849389552, 43.05745829466941], [-70.83679024568788, 43.05737997358164], [-70.83670557424165, 43.05730800285232], [-70.83648144899999, 43.05735279400006], [-70.83632031916132, 43.057335521072424], [-70.83621447985347, 43.05740749180171], [-70.83627281799997, 43.05755194100006], [-70.83621862899997, 43.05761290500004], [-70.83606554299996, 43.05764000000007], [-70.836086826, 43.057751476000085], [-70.83616057724974, 43.057803102076846], [-70.83615224634046, 43.05791467376466], [-70.8362470783603, 43.057973943777], [-70.83631517896251, 43.057914179090616], [-70.83637577895857, 43.0579587029167], [-70.83634021695114, 43.058112804948856], [-70.83636900524284, 43.05815344724304], [-70.83645028983122, 43.05816530124557], [-70.83649093212547, 43.05827029383889], [-70.8364045672503, 43.05822626468683], [-70.83633344323542, 43.05822626468683], [-70.83618390999999, 43.05812584500008], [-70.83609466975705, 43.058180542105866], [-70.83621151635283, 43.058239812118224], [-70.83622167692639, 43.058287228128144], [-70.83618103463219, 43.05828045441241], [-70.83601339499998, 43.05821404200004], [-70.83592519800003, 43.05831399900007], [-70.83584332899996, 43.058355349000045], [-70.83584819899995, 43.05850631700012], [-70.836086826, 43.05867676500003], [-70.836335193, 43.05878390400003], [-70.83634889577442, 43.05888077496629], [-70.83631084300004, 43.05890565200011], [-70.836203704, 43.05890078200007], [-70.836116045, 43.05887643200002], [-70.83602351699994, 43.05884721300002], [-70.83593098800002, 43.05888617200002], [-70.83582384899995, 43.05895435200007], [-70.83583845899997, 43.05909071000009], [-70.83586767799999, 43.059149149000056], [-70.83577027999996, 43.059183239000035], [-70.83568262099996, 43.05922219800006], [-70.83565340099996, 43.05928063700002], [-70.83570210099998, 43.059402386000045], [-70.83576541000001, 43.059460825000045], [-70.83571671, 43.05948030500008], [-70.83571184000002, 43.05954848400007], [-70.83568262099996, 43.05963614300003], [-70.83556574200001, 43.05955822400008], [-70.83554626200001, 43.05942673600005], [-70.835429384, 43.05930498700007], [-70.83537094500001, 43.05930498700009], [-70.835322245, 43.05937803600007], [-70.83533198500001, 43.0594900450001], [-70.83520049699996, 43.05946569500002], [-70.83516640700002, 43.05951926500005], [-70.83511283800003, 43.05954848400009], [-70.83504465899998, 43.05961179300002], [-70.83491803999995, 43.059616663000064], [-70.83481577199998, 43.05962640300002], [-70.83464045399997, 43.059636143000056], [-70.83448461599997, 43.05956309400009]]]}, "properties": {"Hectares": 2.39988830903, "Acres": 5.93024791821, "Year": "2023", "LABEL": "Great Bay", "Type": 3, "Name": "Widgeon Grass", "Confidence": "M", "Notes": "UAV and Go Pro Imagery"}}, {"type": "Feature", "geometry": {"type": "Polygon", "coordinates": [[[-70.89960587721419, 43.06820337537348], [-70.8995292040671, 43.06816716860955], [-70.89959735797562, 43.06815651956133], [-70.89970171864803, 43.068184207086695], [-70.89971023788661, 43.06812244260707], [-70.89974857446015, 43.06815225994206], [-70.89980181970122, 43.06812883203599], [-70.89987636303869, 43.06810753393955], [-70.8999253486604, 43.06812883203599], [-70.89998711314001, 43.068143740703455], [-70.89991682942184, 43.068156519561356], [-70.89986997360977, 43.068145870513135], [-70.89981459855909, 43.06816077918064], [-70.89973153598305, 43.06821189461199], [-70.89971236769624, 43.06825236099521], [-70.89971449750591, 43.068324774523006], [-70.89968042055162, 43.06843552462439], [-70.89967190131306, 43.06856118339325], [-70.8996335647395, 43.06861868825358], [-70.89960161759491, 43.06859951996678], [-70.89963143492989, 43.06852923624864], [-70.8996420839781, 43.068456822720826], [-70.89964634359737, 43.06840357747975], [-70.89964634359737, 43.068333293761576], [-70.89965912245523, 43.068241711946996], [-70.89960587721419, 43.06820337537348]]]}, "properties": {"Hectares": 0.03375485134, "Acres": 0.08340998044, "Year": "2023", "LABEL": "Great Bay", "Type": 1, "Name": "Eelgrass", "Confidence": "L", "Notes": "UAV Only - Sparce Cover"}}, {"type": "Feature", "geometry": {"type": "Polygon", "coordinates": [[[-70.89097397282639, 43.075397337568184], [-70.89093305937267, 43.075361538296164], [-70.89088831028266, 43.075365373932435], [-70.89080776192063, 43.07536793102331], [-70.8907336062857, 43.0753602597507], [-70.89072721355858, 43.075329574660444], [-70.89060343437924, 43.07532821620592], [-70.89051553438098, 43.07530224575189], [-70.89050354801758, 43.07527427757062], [-70.89040366165594, 43.075272279843404], [-70.89032575029384, 43.07523831848044], [-70.89041964347382, 43.075240316207676], [-70.89049355938141, 43.075222336662556], [-70.89059943892481, 43.075222336662556], [-70.89068334346857, 43.07523032757152], [-70.89077124346677, 43.07522633211704], [-70.89082518210208, 43.07522433438981], [-70.89089510255523, 43.07520435711751], [-70.89096901846287, 43.07517638893624], [-70.89103494346158, 43.07517039575455], [-70.89112004664165, 43.07515281575488], [-70.89114721573205, 43.075149619391276], [-70.89112643936878, 43.075122450300945], [-70.89116319754989, 43.075122450300945], [-70.8911839739131, 43.07514642302771], [-70.8912191339124, 43.07514642302772], [-70.8912782666385, 43.075133637573416], [-70.89132461391031, 43.07513203939164], [-70.89135178300067, 43.075106468483064], [-70.89137096118209, 43.07508409393803], [-70.89135178300066, 43.07505532666588], [-70.89139013936357, 43.07505532666588], [-70.89143329027175, 43.0750808975745], [-70.89144767390785, 43.075058523029455], [-70.89142689754462, 43.07503135393913], [-70.891454066635, 43.07501537212125], [-70.89149561936142, 43.07502815757554], [-70.89152598481536, 43.075036148484486], [-70.89151959208823, 43.07499779212156], [-70.89147004845283, 43.07498340848553], [-70.89147164663464, 43.074954641213345], [-70.89150840481574, 43.07493546303192], [-70.89152119027, 43.074893910305484], [-70.89156753754182, 43.07490030303265], [-70.89156114481469, 43.07486833939692], [-70.89160109935933, 43.07484276848834], [-70.89163625935862, 43.07486034848796], [-70.89166822299438, 43.074833179397615], [-70.89169699026652, 43.0748331793976], [-70.8917001866301, 43.074786832125795], [-70.89170178481186, 43.07474687758113], [-70.89173854299294, 43.074754868490075], [-70.89174014117476, 43.07470852121826], [-70.89177689935582, 43.0746685666736], [-70.89183802980916, 43.07462002190188], [-70.89191793889846, 43.074515141222115], [-70.8920053394649, 43.074375300315836], [-70.89210772298561, 43.074257933840876], [-70.89218263775685, 43.074178024751575], [-70.89226004968715, 43.074160544638275], [-70.89225986989167, 43.07418303904694], [-70.89225986989167, 43.07418399795601], [-70.89224165061928, 43.07422714886427], [-70.89221288334714, 43.07428180668131], [-70.89219466407476, 43.074335505589325], [-70.89216589680262, 43.07436235504335], [-70.89213425280326, 43.07439783467901], [-70.89215918443914, 43.074426601951174], [-70.89212849934886, 43.07445057467795], [-70.89212370480351, 43.0744898899499], [-70.8921189102581, 43.074541671039775], [-70.89213617062141, 43.0745675615847], [-70.89209493753134, 43.07459153431153], [-70.89207480044082, 43.07463947976512], [-70.89202589607815, 43.074673041582635], [-70.89199712880601, 43.074691260855005], [-70.89202589607818, 43.07471427467271], [-70.89206041680474, 43.07470372667294], [-70.89205658116843, 43.074756466671865], [-70.89203580480518, 43.074802813943656], [-70.89195589571588, 43.07487952666942], [-70.89190155753514, 43.074957837576974], [-70.89184242480907, 43.075013773939475], [-70.89178489026473, 43.07502655939375], [-70.89173676895618, 43.075037536470404], [-70.89171041499354, 43.07511094339206], [-70.89163753790406, 43.07514290702777], [-70.89157616772347, 43.07518509902695], [-70.89152374736089, 43.075194048844935], [-70.89146749136201, 43.07520683429923], [-70.89144831318058, 43.07523112666241], [-70.89140356409054, 43.07525286193467], [-70.89138694299999, 43.07523496229865], [-70.89131918009225, 43.07529121829756], [-70.8912514171845, 43.07528482557045], [-70.8911207208746, 43.075322347882164], [-70.89107369936985, 43.07536537393242], [-70.89097397282639, 43.075397337568184]]]}, "properties": {"Hectares": 0.363184902, "Acres": 0.89744864413, "Year": "2023", "LABEL": "Great Bay", "Type": 1, "Name": "Eelgrass", "Confidence": "H", "Notes": "UAV Imagery Only"}}, {"type": "Feature", "geometry": {"type": "Polygon", "coordinates": [[[-70.88946011011228, 43.07567155996687], [-70.88927574954245, 43.075534021129045], [-70.88915576885417, 43.07544330402326], [-70.88900945094159, 43.075343807842714], [-70.88891580747753, 43.07527064888644], [-70.88879290043096, 43.075130183690355], [-70.88873754175593, 43.07508218330438], [-70.8886371713503, 43.07501057757591], [-70.88869710316729, 43.07500308609878], [-70.88868062191763, 43.07498061166741], [-70.8886626423725, 43.07495663894062], [-70.88868811339478, 43.07493266621382], [-70.88876003157513, 43.074931167918415], [-70.88878999748364, 43.07491618496416], [-70.8888244582784, 43.07489071394193], [-70.88891735259472, 43.074889215646536], [-70.8889338338444, 43.07495514064519], [-70.88902223327446, 43.075031553711845], [-70.88901474179733, 43.07496562871315], [-70.88903721622873, 43.07495514064517], [-70.88910613781823, 43.07499259803082], [-70.8891780559986, 43.07501956734844], [-70.88923770688518, 43.0750944821197], [-70.88927048209764, 43.07517642015074], [-70.88934539686885, 43.07516705580433], [-70.88940860620708, 43.075162373631166], [-70.88952097836392, 43.07522792405595], [-70.88959355204855, 43.07520919536315], [-70.88967549007961, 43.07526079291189], [-70.8896919713293, 43.07531473154714], [-70.88972493382863, 43.07536417529615], [-70.88978037075938, 43.07539563950009], [-70.88981033666788, 43.07540912415893], [-70.88984030257637, 43.075434595181136], [-70.88986277700778, 43.07545557131707], [-70.88989424121168, 43.07546755768045], [-70.88994817984695, 43.07550201847523], [-70.88997814575544, 43.075506513361525], [-70.89000361677768, 43.075530486088304], [-70.89001859973193, 43.075596411087], [-70.89001410484568, 43.07564285824518], [-70.88994967814241, 43.07567132585826], [-70.88989573950711, 43.07566982756281], [-70.88985079064437, 43.075669827562805], [-70.8897998485999, 43.07571627472097], [-70.88977737416853, 43.075752233811166], [-70.88973692019208, 43.0757866946059], [-70.88972643212412, 43.07582415199154], [-70.88975190314632, 43.07584662642292], [-70.88978786223653, 43.07586460596804], [-70.88977287928226, 43.075914049717035], [-70.88975490328512, 43.0759449968772], [-70.88974104050442, 43.07592907949296], [-70.88963861796559, 43.07580617244639], [-70.88946011011228, 43.07567155996687]]]}, "properties": {"Hectares": 0.44665632212, "Acres": 1.10371083289, "Year": "2023", "LABEL": "Great Bay", "Type": 1, "Name": "Eelgrass", "Confidence": "M", "Notes": "UAV Imagery Only - Sparse Cover"}}, {"type": "Feature", "geometry": {"type": "Polygon", "coordinates": [[[-70.88433933, 43.08155245300002], [-70.884226745, 43.08136701800005], [-70.88408766899995, 43.08129416900003], [-70.88393203499997, 43.081251121000044], [-70.88368368499992, 43.08114847000008], [-70.88352474100003, 43.081002771000044], [-70.88352474099999, 43.08081402400007], [-70.88367706199996, 43.080734552000095], [-70.88369993899997, 43.08064304500006], [-70.88368602556133, 43.08053912275754], [-70.88363924306056, 43.08038837914388], [-70.88376919445163, 43.08022723941896], [-70.88388355167577, 43.08011808025046], [-70.88397711667736, 43.07996213858116], [-70.88399271084427, 43.079728226077286], [-70.88394072999995, 43.07960867100007], [-70.88381597699998, 43.07939035200009], [-70.88377439250725, 43.07923960884681], [-70.88387315556447, 43.079073271066214], [-70.8840810777902, 43.07897450800899], [-70.88422142529257, 43.078938121619515], [-70.884383482, 43.07897755500004], [-70.88443293099998, 43.07905526100009], [-70.88454242599998, 43.07908351800008], [-70.88457068299996, 43.0790234720001], [-70.884591875, 43.07890338100004], [-70.884593867, 43.07879152800009], [-70.88469761499995, 43.07874779900006], [-70.884787198, 43.07871088200007], [-70.88485622699996, 43.078723665000055], [-70.88494570799998, 43.07872622100008], [-70.88501925899996, 43.07882567400005], [-70.88510933199997, 43.07879525000005], [-70.88521159600002, 43.078795250000056], [-70.88529340799994, 43.07882081600006], [-70.885403342, 43.078856608000095], [-70.88558741799999, 43.078907741000116], [-70.88579650799996, 43.07897261700003], [-70.88592453900002, 43.07899134000008], [-70.88604259699999, 43.07903414000006], [-70.88615386099997, 43.07905901000003], [-70.88623800299997, 43.079097407000084], [-70.886290854, 43.07912466500006], [-70.88659767699998, 43.07920352200008], [-70.88672278099997, 43.07925043600006], [-70.88676701099998, 43.07927059300007], [-70.88680878999999, 43.079273893000064], [-70.88684341700001, 43.07926048900002], [-70.88685878699997, 43.07924132100005], [-70.886886483, 43.07924927200002], [-70.886894524, 43.07925883000008], [-70.88692718000001, 43.07926705700005], [-70.88693113499994, 43.07926209100003], [-70.88693827599997, 43.07925312500006], [-70.88698063799998, 43.07924941100005], [-70.887017261, 43.07926767100002], [-70.88704290199999, 43.07929085900006], [-70.88704916599995, 43.07929614800004], [-70.88714282599996, 43.07935447400008], [-70.88719404099999, 43.07937877900006], [-70.88723310300001, 43.07939961200005], [-70.88725480399998, 43.079425654000026], [-70.887229631, 43.07944822300006], [-70.887276505, 43.079457772000104], [-70.88731531799993, 43.07945724400004], [-70.88737980299999, 43.079436939000075], [-70.88744073999999, 43.0794451560001], [-70.88751646799996, 43.07941757800006], [-70.88759530999997, 43.07956119500007], [-70.88761770122501, 43.07963751543197], [-70.8876426829418, 43.07978967679799], [-70.88757867600002, 43.079932683000074], [-70.88750659600001, 43.08003803000001], [-70.88742342799999, 43.080121199000075], [-70.88742897199997, 43.0801877340001], [-70.88742357699996, 43.08031694500006], [-70.88735485499997, 43.08033003500001], [-70.887202686, 43.08032512700005], [-70.88710941999996, 43.08032839900007], [-70.88705051600002, 43.08028094800007], [-70.88694088899996, 43.08019750000006], [-70.88685253199996, 43.080097690000066], [-70.88680017300001, 43.0800682380001], [-70.88681326299996, 43.080001153000076], [-70.88687871199993, 43.07993243100003], [-70.88685744099998, 43.07987843500008], [-70.88691470899995, 43.079844074000064], [-70.88691143599996, 43.079793351000035], [-70.88685416799999, 43.079742628000076], [-70.886890165, 43.0797262660001], [-70.88691470899995, 43.07973771900006], [-70.88695888699995, 43.079763899000056], [-70.88703088099999, 43.07972953800004], [-70.88709305799996, 43.07969026900003], [-70.88709469400001, 43.07964772700005], [-70.88713723599997, 43.07962645600003], [-70.88719286799999, 43.07960518500005], [-70.88720104899996, 43.079559370000034], [-70.88715687099999, 43.07955118900006], [-70.88706360600001, 43.07960518500004], [-70.88698506699996, 43.07964281800005], [-70.88685580500002, 43.07971154000008], [-70.88682144399999, 43.07962481900006], [-70.88688852899998, 43.07959045800005], [-70.88690325499996, 43.079526645000065], [-70.88683126099998, 43.07954464400008], [-70.88664963900003, 43.07969026900002], [-70.88657928099995, 43.079808077000045], [-70.88655473799996, 43.07994388500007], [-70.88660218899999, 43.080037150000074], [-70.88656619805397, 43.08015077615906], [-70.88655938485851, 43.080214365983664], [-70.88661161935731, 43.08026432941729], [-70.88662071199997, 43.08035719200008], [-70.88658913200001, 43.08043619600006], [-70.88645478299999, 43.08047102700009], [-70.88642540099994, 43.080377983000076], [-70.88632143999999, 43.08030001200007], [-70.88625386504896, 43.08030001219797], [-70.88618628999998, 43.080289616000094], [-70.88611871599996, 43.080326002000085], [-70.886061537, 43.080377983000076], [-70.88610312099999, 43.08049753800002], [-70.88598876399998, 43.08050273600005], [-70.88586401099995, 43.0804351620001], [-70.88576004999997, 43.08046115200008], [-70.88576337651844, 43.08062464809975], [-70.88570571275453, 43.080722232930974], [-70.885553925, 43.080852617000055], [-70.88546470099993, 43.08086866200007], [-70.88537215005859, 43.08082780197576], [-70.88530295354188, 43.08071070017823], [-70.88518585174435, 43.08062287383009], [-70.88507673416028, 43.08059093697622], [-70.88495164814931, 43.08065214927944], [-70.88486116039665, 43.080771912481474], [-70.88474139719463, 43.08094490377326], [-70.88464292522856, 43.080979502031624], [-70.88457905152077, 43.0810327301214], [-70.88451251640856, 43.081099265233625], [-70.88448057955468, 43.08117910736831], [-70.88445662691426, 43.08127491792994], [-70.88451956699998, 43.08135019300005], [-70.88459512299995, 43.08136655300008], [-70.88466208100002, 43.08139625800006], [-70.88479984099997, 43.081385186000055], [-70.88485793200002, 43.081419439000086], [-70.88483568100001, 43.08147702200003], [-70.88474013199995, 43.08149400000009], [-70.88461622899997, 43.081467434000075], [-70.88455162999998, 43.081514711000075], [-70.88442047799998, 43.08154547900006], [-70.88437917699999, 43.08161823000006], [-70.88433933, 43.08155245300002]]]}, "properties": {"Hectares": 5.44153712567, "Acres": 13.44631918493, "Year": "2023", "LABEL": "Great Bay", "Type": 1, "Name": "Eelgrass", "Confidence": "M", "Notes": "UAV Imagery Only - Sparse Cover"}}, {"type": "Feature", "geometry": {"type": "Polygon", "coordinates": [[[-70.8744081848403, 43.085036403124036], [-70.87441388147217, 43.08502891723118], [-70.87443236716453, 43.08496847798105], [-70.874397737208, 43.084907670985395], [-70.87427424439423, 43.084872205663025], [-70.8741334926746, 43.08480201133927], [-70.87416400507544, 43.08472434985836], [-70.87416596479936, 43.08472304109636], [-70.87427968559825, 43.08474723728276], [-70.87466686790658, 43.08474099175878], [-70.87482948513589, 43.084550798144214], [-70.87488703777268, 43.0844165082024], [-70.87491261660239, 43.08430140264331], [-70.87479176549655, 43.08417895302309], [-70.87479176570005, 43.08404946055362], [-70.87500917125101, 43.08407120222577], [-70.87525867819477, 43.08405170865153], [-70.87535614116773, 43.084043912172135], [-70.87557056063703, 43.084032216399685], [-70.87569336542055, 43.08398153478792], [-70.8757810816468, 43.083975686931105], [-70.87593897355845, 43.084042937137816], [-70.87612902724499, 43.08406632759964], [-70.87623136383948, 43.084127729615275], [-70.8762810697081, 43.08424176312242], [-70.87631128420007, 43.08436749098045], [-70.87639873470818, 43.08442391116057], [-70.87639222247779, 43.08448158802346], [-70.87635671259106, 43.08458711513735], [-70.87621771868714, 43.08454292492186], [-70.87615534248127, 43.08458580880765], [-70.87608809266614, 43.0846540335875], [-70.87596528917767, 43.08463941444611], [-70.8758658754819, 43.08463648966287], [-70.87569628881182, 43.084668653166005], [-70.87564365848792, 43.08471543611687], [-70.8756114963944, 43.084791457301186], [-70.87553762495673, 43.08485176858377], [-70.87546727362604, 43.08488694379689], [-70.87543712286603, 43.08500084584861], [-70.8754098797428, 43.08505676621592], [-70.87539042728127, 43.08506586914147], [-70.87532322088853, 43.08506449703027], [-70.87522774469248, 43.08505444715451], [-70.87516916043975, 43.08507294709813], [-70.87497552030885, 43.08505519043313], [-70.87483823169939, 43.08509227404598], [-70.87456785433447, 43.08506472301729], [-70.8744081848403, 43.085036403124036]]]}, "properties": {"Hectares": 1.22109132636, "Acres": 3.01737971256, "Year": "2023", "LABEL": "Great Bay", "Type": 1, "Name": "Eelgrass", "Confidence": "L", "Notes": "UAV Imagery Only - Sparse Cover, Could be Stubble from Last Year"}}, {"type": "Feature", "geometry": {"type": "Polygon", "coordinates": [[[-70.8935599193783, 43.068938474971596], [-70.89378260745879, 43.068952548186466], [-70.89394961553347, 43.06901930686847], [-70.89402659717756, 43.06912647699176], [-70.8939689010293, 43.06926555316328], [-70.89403500421274, 43.06934803758464], [-70.89406723095993, 43.069454905490815], [-70.89429018416004, 43.06952204137177], [-70.89446299866111, 43.06960107979669], [-70.89442116517866, 43.069772217184], [-70.89470731477206, 43.06996732358718], [-70.89461579946935, 43.07016283442541], [-70.89463277215405, 43.07025385000635], [-70.89457554479027, 43.070345039195544], [-70.8945093714824, 43.07035680519941], [-70.89445557922765, 43.070405259806186], [-70.89447497307964, 43.07044668381236], [-70.8945524102309, 43.07047190767653], [-70.89470731553641, 43.070560010136546], [-70.89488036156358, 43.070623904255484], [-70.89528768838733, 43.0706984467383], [-70.89545274842119, 43.07071974539959], [-70.89570150448193, 43.0706495283554], [-70.89586199499023, 43.070646791018284], [-70.89592588624134, 43.07050781055807], [-70.89595655596735, 43.07051426784869], [-70.89608223252479, 43.070721265732715], [-70.89603787573795, 43.0708469438095], [-70.89603787596093, 43.07092826354991], [-70.89617833881236, 43.070913479051534], [-70.89640751545731, 43.071046549061556], [-70.89640257777508, 43.07117493473891], [-70.89627272440163, 43.07135868833122], [-70.89616357194063, 43.071579656125046], [-70.89599318823302, 43.07185386919788], [-70.89590533287834, 43.072002956401484], [-70.89585443101483, 43.07207920291366], [-70.89575565561347, 43.07212661787234], [-70.89564485727502, 43.07218654500233], [-70.89557233703839, 43.072175167998], [-70.89545020055655, 43.072224023060556], [-70.89514889379468, 43.07215177129491], [-70.8947561509955, 43.07225573247798], [-70.8944789213302, 43.072313488800155], [-70.89420044586947, 43.0725222066721], [-70.89406830260415, 43.07247178767729], [-70.8939410836148, 43.072585034087055], [-70.89375146355155, 43.07256488069995], [-70.89367969238079, 43.07264835219802], [-70.8934018389654, 43.07295882478923], [-70.89319501897675, 43.07309178067271], [-70.89304393387113, 43.07318712976736], [-70.89299494761555, 43.07326593269476], [-70.89293105371245, 43.07335751521552], [-70.89276705836863, 43.07343631809121], [-70.892626490656, 43.07350447186091], [-70.89239008229158, 43.07360244298595], [-70.89216006274205, 43.073683376295826], [-70.89198158525723, 43.07380008934078], [-70.89188957672529, 43.07386653926021], [-70.89143772401522, 43.07414478672038], [-70.89125702305145, 43.07428824175922], [-70.891122621596, 43.0743319771646], [-70.89100783585208, 43.074405380571356], [-70.89090111205664, 43.0744723699561], [-70.89086343445734, 43.07456383917084], [-70.89067191646463, 43.074672093839986], [-70.89059403557316, 43.07467882368423], [-70.8904900934371, 43.074714472625004], [-70.89044828930611, 43.074731229121], [-70.89041641385334, 43.07474400492754], [-70.89033864165584, 43.07475612190065], [-70.89012951993243, 43.07475470299179], [-70.8899984100157, 43.074722201338226], [-70.88990822074562, 43.07469313777483], [-70.88987482162032, 43.074676633440994], [-70.88983955667065, 43.07466533376645], [-70.88971887486832, 43.07461112137875], [-70.88964731341702, 43.07459408241618], [-70.8894888547239, 43.07453955925658], [-70.88934402840268, 43.07446288639313], [-70.88926224418117, 43.07443221681586], [-70.88916682776886, 43.07434872760406], [-70.88913445441396, 43.074367470441864], [-70.8890765240068, 43.074338504784855], [-70.88899474041983, 43.07429761278733], [-70.88891125054383, 43.0742464968029], [-70.88886354332516, 43.07421242009156], [-70.88878005522655, 43.074185159200916], [-70.88842171399176, 43.07401722263239], [-70.88831378521368, 43.073988707784444], [-70.88829232856821, 43.07394694017214], [-70.88821086290143, 43.07392777067113], [-70.88818211144245, 43.0738814481046], [-70.88812428052549, 43.07390968160067], [-70.88807988058683, 43.07386387725476], [-70.88798946960837, 43.073834166152736], [-70.88796902343182, 43.07382394341222], [-70.88795624401443, 43.073807331284954], [-70.88794346570549, 43.07378432891745], [-70.88793196402644, 43.073755053009215], [-70.8878910723388, 43.07373960340458], [-70.8878425129094, 43.07372810191669], [-70.88779395283282, 43.07372043419163], [-70.88776431786486, 43.07373178515291], [-70.88773133722187, 43.073698710167086], [-70.88766871962554, 43.07370254437984], [-70.88745366902815, 43.073668226128916], [-70.8874026849215, 43.0736326727319], [-70.88727691952035, 43.073603123576106], [-70.88725005476091, 43.07362463539154], [-70.887196770805, 43.07360905432403], [-70.88720272699236, 43.07358194692459], [-70.88715751533111, 43.0735779761965], [-70.88712670970577, 43.07359033079994], [-70.88706890847965, 43.0735707761927], [-70.88701944250214, 43.07356523534999], [-70.8869612310695, 43.07354608026574], [-70.88687944690328, 43.07353544837855], [-70.88683130866278, 43.073527071091746], [-70.88679600887701, 43.07352984696626], [-70.88677067289356, 43.07351009398282], [-70.88671096959706, 43.073521543996485], [-70.88664685949526, 43.07351081906732], [-70.88652204741521, 43.07348882973538], [-70.88642754180958, 43.07346229225788], [-70.88639364585343, 43.073469202120066], [-70.88634682247941, 43.073433074414545], [-70.88636264607813, 43.07326245678109], [-70.88631148638775, 43.0731885611185], [-70.88605323882985, 43.07309218826831], [-70.88587948139661, 43.07310898085908], [-70.88556684530533, 43.073131718742], [-70.88524852441635, 43.07316582379804], [-70.88481651850282, 43.073239719760814], [-70.88473125402565, 43.073120350052214], [-70.88467441115988, 43.07295550480847], [-70.88386129029648, 43.072844838872804], [-70.88351434916989, 43.0726505523611], [-70.88343108291734, 43.07238687603922], [-70.88351712360708, 43.07206768968742], [-70.88378083977555, 43.07180614108361], [-70.88369898590928, 43.07167881307981], [-70.8837126274995, 43.07154693820348], [-70.88423387828335, 43.07139800882488], [-70.88455361979484, 43.07141932484141], [-70.88482402076743, 43.07127954836894], [-70.88499955237438, 43.07138777676123], [-70.88519054458496, 43.07144234740283], [-70.88535879947041, 43.07135594477342], [-70.8855816244929, 43.071301375942994], [-70.88575897366715, 43.07129682890184], [-70.88610457861881, 43.07131956560197], [-70.88626742021233, 43.07131140188158], [-70.88665326652732, 43.07129046365022], [-70.88692246122454, 43.07129345496118], [-70.88726643161175, 43.07128747265325], [-70.88741897574552, 43.0712814911628], [-70.88785267919347, 43.07123064282933], [-70.88829834588319, 43.07117979501051], [-70.88844736041386, 43.07120616426279], [-70.88861788923474, 43.0711564268886], [-70.88885236748999, 43.07112090002634], [-70.88885770205412, 43.07095946344114], [-70.88932162685322, 43.07078216665972], [-70.88956582089169, 43.070646200345024], [-70.88970247054077, 43.07054698971135], [-70.88995352839237, 43.07045373414421], [-70.89019363152903, 43.070370060630964], [-70.89039735770433, 43.070322768345434], [-70.89054287497696, 43.07026092317099], [-70.89075018321519, 43.07014647725494], [-70.89081487043238, 43.07001710257316], [-70.89073170078285, 43.06976759612298], [-70.89036129217018, 43.06962179540431], [-70.89029176186298, 43.06953038549851], [-70.89036402538721, 43.06940523191821], [-70.89058042471765, 43.06928200099093], [-70.89084813807862, 43.06923531494192], [-70.8911202194949, 43.06906907854971], [-70.89148820460807, 43.06899281477789], [-70.89178391929694, 43.06896856520817], [-70.89204267265201, 43.06903594797692], [-70.89223852137764, 43.06912259374882], [-70.89245276839021, 43.06916998510783], [-70.89267679257301, 43.06915181127166], [-70.89292733958973, 43.069160068702665], [-70.89318807557454, 43.069069948067124], [-70.8935599193783, 43.068938474971596]], [[-70.89217724340135, 43.072364807960355], [-70.89203189493372, 43.07242234185502], [-70.89181992851663, 43.072495015302025], [-70.89170486093579, 43.0725071282158], [-70.89157465400412, 43.07247684707254], [-70.89151106452326, 43.072443537934696], [-70.89132332203329, 43.07237389244844], [-70.89106896365524, 43.07237691980656], [-70.89100234567746, 43.072573745910056], [-70.89093269945295, 43.072625223035274], [-70.89085396871587, 43.07266458806363], [-70.89061896104363, 43.07274393349356], [-70.89044153445525, 43.072838561314654], [-70.89047110595936, 43.073027816550756], [-70.89063594700079, 43.07314302643207], [-70.89073890141884, 43.07313999790715], [-70.89086910954467, 43.073109717133384], [-70.89103565436339, 43.073155138557205], [-70.89116283383179, 43.07320358756], [-70.89118403014943, 43.07333985184166], [-70.89125973299828, 43.07338224485481], [-70.89134754683435, 43.073312599347204], [-70.89144444612154, 43.07322478434762], [-70.891600723339, 43.07305738759128], [-70.8917130940711, 43.07303964491331], [-70.89193196780052, 43.072958312973874], [-70.89198971592674, 43.072807279629906], [-70.89210934815942, 43.07273801905657], [-70.89229860257713, 43.07261382095801], [-70.89280405735907, 43.07244959413635], [-70.89303116361185, 43.07231938656188], [-70.89314925898114, 43.07222854392616], [-70.89321587664591, 43.07210742016054], [-70.89321890507505, 43.07200446571791], [-70.89309172520268, 43.07195904443256], [-70.89300996755574, 43.07200446568127], [-70.89290776846532, 43.07209928275871], [-70.8927066850035, 43.07215842459543], [-70.89256181023114, 43.072228543931445], [-70.89238012508106, 43.0723042461671], [-70.89217724340135, 43.072364807960355]], [[-70.88976234378174, 43.07251848332274], [-70.88958444408894, 43.07248063250999], [-70.88948981629065, 43.07251469831389], [-70.8893535520259, 43.07256768977098], [-70.88924378346543, 43.07262068103991], [-70.88924756850795, 43.07280615175866], [-70.88941411433143, 43.07289320892598], [-70.88956173321031, 43.072987836402284], [-70.88961093897578, 43.07300676248304], [-70.88974341843631, 43.07288563879845], [-70.88981533546222, 43.072756944846596], [-70.88997052528228, 43.07267367293582], [-70.89001216143535, 43.072597970179444], [-70.8898342605884, 43.07252226794806], [-70.88976234378174, 43.07251848332274]], [[-70.88899396699904, 43.07258283039356], [-70.88895611544017, 43.07251469826086], [-70.88882363738428, 43.07255633407418], [-70.8886760171573, 43.07256768976802], [-70.88860031492644, 43.0726320362176], [-70.88842619981345, 43.07262068129192], [-70.88834292760656, 43.07265853203878], [-70.88839591942288, 43.07268881292797], [-70.88848676252191, 43.07271530857389], [-70.88860788596189, 43.072764514977116], [-70.88872522405542, 43.07279479572443], [-70.88883499219669, 43.072753159591535], [-70.88889555330836, 43.072632036800286], [-70.88899396699904, 43.07258283039356]]]}, "properties": {"Hectares": 32.39380848731, "Acres": 80.04677326942, "Year": "2023", "LABEL": "Great Bay", "Type": 1, "Name": "Eelgrass", "Confidence": "H", "Notes": "UAV Imagery"}}, {"type": "Feature", "geometry": {"type": "Polygon", "coordinates": [[[-70.87690669499995, 43.083151831000066], [-70.87702629999998, 43.08304017300002], [-70.87707080499997, 43.08308944500006], [-70.87716458199999, 43.08314030800007], [-70.87718206600002, 43.083121234000025], [-70.87720421800002, 43.083053112000066], [-70.87729879870295, 43.08300296147755], [-70.87759312874825, 43.08301931314671], [-70.87773320499998, 43.082950667000034], [-70.87782383799997, 43.08291600500007], [-70.87792393800002, 43.08294520300007], [-70.87801533100003, 43.08308825300003], [-70.87808288299993, 43.083096200000064], [-70.878124606, 43.08303063600004], [-70.8782020768583, 43.083059140133436], [-70.87833930552732, 43.083121516801135], [-70.8785326731972, 43.08330864680432], [-70.87865480944198, 43.08349162584355], [-70.87866944587819, 43.08382826387636], [-70.87860752519845, 43.08398543364899], [-70.87844885199998, 43.08413529900005], [-70.87819451599998, 43.08424519400009], [-70.87793045399998, 43.08438318000004], [-70.87777081688665, 43.084406298063755], [-70.87761456760339, 43.08443718454996], [-70.87749283851055, 43.084449902514855], [-70.87740562960826, 43.08442991714144], [-70.87732387126238, 43.08432453971781], [-70.87729480162825, 43.08415920617388], [-70.87727481625483, 43.08408471523649], [-70.87722212754298, 43.08390848057978], [-70.87716762197905, 43.08382490538172], [-70.87705316029478, 43.08376131555715], [-70.87692957199995, 43.08358042400005], [-70.87691907660752, 43.08347679651339], [-70.876917125, 43.08329786100008], [-70.87690669499995, 43.083151831000066]]]}, "properties": {"Hectares": 1.74318931901, "Acres": 4.30751080841, "Year": "2023", "LABEL": "Great Bay", "Type": 1, "Name": "Eelgrass", "Confidence": "L", "Notes": "UAV Imagery Only - Sparse Cover, Could be Stubble from Last Year"}}, {"type": "Feature", "geometry": {"type": "Polygon", "coordinates": [[[-70.87655101581775, 43.08397572988137], [-70.87658242256413, 43.08392966665329], [-70.87670595576667, 43.08394222935186], [-70.87682948896921, 43.083977823664455], [-70.87688602111277, 43.08404273094037], [-70.87693417812396, 43.08412648226413], [-70.87700117918293, 43.08420604602171], [-70.87700117918297, 43.08432120409189], [-70.87693208434085, 43.08439448650017], [-70.87684414545086, 43.08448242539012], [-70.87681273870446, 43.084507550787265], [-70.87669758063429, 43.08449080052251], [-70.87660964174435, 43.084390298934004], [-70.87655310960082, 43.08426885951454], [-70.87654682825152, 43.08413276361342], [-70.87655101581775, 43.08397572988137]]]}, "properties": {"Hectares": 0.17483708665, "Acres": 0.43203146799, "Year": "2023", "LABEL": "Great Bay", "Type": 1, "Name": "Eelgrass", "Confidence": "L", "Notes": "UAV Imagery Only - Sparse Cover, Could be Stubble from Last Year"}}, {"type": "Feature", "geometry": {"type": "Polygon", "coordinates": [[[-70.8759044555983, 43.08486851899269], [-70.87593125602189, 43.08482329327783], [-70.87600160713384, 43.08480654301311], [-70.87608368343116, 43.08481994322491], [-70.87616910978139, 43.08482496830432], [-70.87621936057563, 43.08479481782779], [-70.87629976184645, 43.084808218039605], [-70.8763031118994, 43.08482664333082], [-70.87627631147578, 43.08483836851612], [-70.87621930799997, 43.08487680700006], [-70.87614733443719, 43.08490369454868], [-70.87609540861644, 43.084908719628075], [-70.87600160713386, 43.084902019522204], [-70.8759044555983, 43.08486851899269]]]}, "properties": {"Hectares": 0.02566485484, "Acres": 0.06341918139, "Year": "2023", "LABEL": "Great Bay", "Type": 1, "Name": "Eelgrass", "Confidence": "L", "Notes": "UAV Imagery Only - Sparse Cover, Could be Stubble from Last Year"}}, {"type": "Feature", "geometry": {"type": "Polygon", "coordinates": [[[-70.870660006, 43.09030910900005], [-70.87054499099997, 43.09006630000007], [-70.87059447597147, 43.08998778805593], [-70.87059447597146, 43.08992176258442], [-70.87048663436799, 43.089948172773], [-70.87044041653795, 43.0899305659806], [-70.87045553499999, 43.08986182900004], [-70.870308571, 43.08975959300007], [-70.87014243899999, 43.08970208600004], [-70.86999359399995, 43.0896935800001], [-70.86998679, 43.08968913700006], [-70.8699811433581, 43.08950729869124], [-70.86985503899997, 43.089475043000085], [-70.86979521563033, 43.08939426308402], [-70.86974979010596, 43.089374191340696], [-70.86968746206084, 43.08936996571051], [-70.86963886731381, 43.089357288819954], [-70.86958499052905, 43.08932876581627], [-70.8696116554792, 43.089317762723795], [-70.86964600899998, 43.08930358700007], [-70.86971175943434, 43.08924636602782], [-70.86972238953527, 43.089178425817636], [-70.86990988699998, 43.089110799000046], [-70.87007232453423, 43.08900675959174], [-70.86995677995911, 43.08891927584197], [-70.86993630161378, 43.08891372333118], [-70.86990272160429, 43.0889304176403], [-70.86985526579662, 43.08896136708003], [-70.86973353133354, 43.08900469629576], [-70.8695870373186, 43.089085164839084], [-70.86942403693584, 43.08912230416687], [-70.86926722644102, 43.08908310154313], [-70.86913930208995, 43.08900675959168], [-70.86900106125894, 43.08892835434428], [-70.86882850599997, 43.08883958200005], [-70.86872251630106, 43.08873853111369], [-70.86871838970906, 43.08870758167393], [-70.8685677691022, 43.08872202474582], [-70.86857602228615, 43.088678695530135], [-70.86864411105364, 43.08865599927431], [-70.86853681966244, 43.0886064801707], [-70.86845428782307, 43.08858791050682], [-70.86840683201544, 43.088559024363], [-70.86837175598366, 43.08860441687469], [-70.86830160392019, 43.08854045469914], [-70.8683655660957, 43.088505378667456], [-70.86825772235143, 43.08845591952337], [-70.86824494760988, 43.08849211462438], [-70.86823892019217, 43.08854246327159], [-70.86821081889686, 43.08852394833128], [-70.86815510990526, 43.08856108765901], [-70.86806298600001, 43.08850072300007], [-70.86804369192208, 43.088445543083836], [-70.8681117806896, 43.08842078353207], [-70.86822113537679, 43.088453796267835], [-70.86821288219282, 43.088404277164194], [-70.86808434810304, 43.0883588944431], [-70.86797873599997, 43.088321605000054], [-70.86796093799997, 43.088276171000096], [-70.86791249699999, 43.088225283000035], [-70.86785453999997, 43.08819487800008], [-70.867709243, 43.08816485500006], [-70.86767856899996, 43.08807646600009], [-70.8673757329037, 43.08803222392861], [-70.86730862799995, 43.088018282000036], [-70.867251918, 43.08799223000007], [-70.86719407, 43.08799979200005], [-70.86709987599995, 43.087941367000035], [-70.86712545099995, 43.08787536800007], [-70.86720806442085, 43.087707532580936], [-70.86726661531961, 43.08766761151363], [-70.86727726093757, 43.08747599039039], [-70.86728301799998, 43.08737342000007], [-70.86742651099999, 43.08734661800003], [-70.86745497799998, 43.08734137100005], [-70.86743896999998, 43.08732170000009], [-70.86744270799997, 43.08728993100004], [-70.86747131600002, 43.08732166100004], [-70.867499514, 43.087287644000085], [-70.86747136299996, 43.087265013000035], [-70.86748506799997, 43.08723822700005], [-70.86751297799998, 43.08727140100005], [-70.86748156699997, 43.087182076000055], [-70.86750837599993, 43.087125904000104], [-70.86761136599999, 43.087139462000046], [-70.86765131499999, 43.08715374000008], [-70.86765910099994, 43.087120647000084], [-70.86769608799997, 43.087107993000096], [-70.86770796099997, 43.08704688200006], [-70.867757308, 43.087009065000075], [-70.86786253, 43.08699630200007], [-70.86786889199995, 43.08696972100007], [-70.86790487099998, 43.08695104200009], [-70.86797652199996, 43.08687378600008], [-70.86798326, 43.08682032000008], [-70.86803629349795, 43.08682713997593], [-70.86810868370007, 43.086827139975945], [-70.86822578549759, 43.08674410415586], [-70.86833862904791, 43.086618485864], [-70.86844082698029, 43.08654609566186], [-70.8684897968229, 43.08647796370693], [-70.86853025017115, 43.086443897729495], [-70.86857496176654, 43.086426864740766], [-70.86863670635069, 43.08640344438126], [-70.86872357459323, 43.08636554598133], [-70.86879000324925, 43.086297414026404], [-70.86885813520422, 43.08625312825571], [-70.86897906942417, 43.086186699599686], [-70.86935379517624, 43.086016369712354], [-70.86938956445258, 43.08600955651684], [-70.86945088321205, 43.08598741363149], [-70.86952582836247, 43.085956754251775], [-70.86970467474404, 43.08593801796418], [-70.86960588340946, 43.08609131486273], [-70.86965357577793, 43.0861441171278], [-70.86968249057522, 43.086116928587074], [-70.86965698237566, 43.08606235878192], [-70.86972209156916, 43.086079691831586], [-70.86976769680238, 43.08603680929886], [-70.86979665288324, 43.08603851259769], [-70.86979079862314, 43.08599219888629], [-70.86981709246972, 43.08594142456193], [-70.86991588380435, 43.085873292607], [-70.86998571905815, 43.08588010580249], [-70.87003511472545, 43.08586477611266], [-70.8700589609097, 43.08579664415772], [-70.87011516977249, 43.08578983096224], [-70.87017819183077, 43.08580686395093], [-70.87014923574998, 43.08589543549237], [-70.87018841162401, 43.08587158930812], [-70.87029742275188, 43.08575065508817], [-70.87053531699999, 43.085666439000065], [-70.87054471899997, 43.08563444800008], [-70.87060101599998, 43.085627693000085], [-70.87063145399999, 43.08565510000006], [-70.87072250100002, 43.085648258000035], [-70.87074627399994, 43.08565647600006], [-70.870851095, 43.08563770200006], [-70.87086293799997, 43.08563364100008], [-70.87086801299999, 43.085642100000044], [-70.87089947899997, 43.08563871700007], [-70.87093534400002, 43.08563127300003], [-70.87096951699996, 43.08562721300006], [-70.87101757699999, 43.085622233000066], [-70.87109450699997, 43.08570212200005], [-70.87121591100002, 43.08580435700006], [-70.87112645499998, 43.085932151000094], [-70.87100505099995, 43.08609189400008], [-70.87083252799995, 43.08613662200005], [-70.87063444700001, 43.08623246800004], [-70.87049689501842, 43.086295657499434], [-70.87047028097356, 43.086395460167765], [-70.87054346959701, 43.086565124703974], [-70.8705734103975, 43.086714828706484], [-70.87053348933019, 43.08684789893094], [-70.87046828492015, 43.08704218145867], [-70.87039376559443, 43.087119362188865], [-70.870493873, 43.08726121300003], [-70.87041080699998, 43.08739539700009], [-70.87067278499997, 43.08733789000006], [-70.87088878682945, 43.08739614825572], [-70.87108040795269, 43.08743340791858], [-70.8711975097502, 43.08753454128917], [-70.87121081677267, 43.08766495010912], [-70.8711663850062, 43.08776226131743], [-70.87108172699993, 43.08777878000005], [-70.870743072, 43.08787462600003], [-70.87038809971384, 43.087891772465156], [-70.87025165075316, 43.08798923600848], [-70.87013469450123, 43.08813218253865], [-70.87012819693165, 43.08827512906885], [-70.87028413860097, 43.08835309990348], [-70.87051619020095, 43.088303687186546], [-70.87072872776352, 43.088286531740025], [-70.8708036218858, 43.088370222298764], [-70.87088938974419, 43.088328347871965], [-70.87100383389483, 43.08838116824917], [-70.87105445342297, 43.088471403060275], [-70.87099943219668, 43.08855283447508], [-70.87089642499997, 43.08861583300008], [-70.87079031486333, 43.08856184342197], [-70.87063595340298, 43.08855652061304], [-70.87059514875006, 43.08868089434496], [-70.87040441700002, 43.088730848000104], [-70.870238284, 43.08867973100006], [-70.87023828400037, 43.08878092641433], [-70.87030616474581, 43.08879316719139], [-70.87034666036838, 43.08881077398377], [-70.87034798087781, 43.088848298460064], [-70.87038099361354, 43.088881311195884], [-70.87044214199997, 43.08890122400003], [-70.87055664599997, 43.08889140900001], [-70.87064824899998, 43.08889140900003], [-70.870690779, 43.08882270700009], [-70.87078238199997, 43.08880962100008], [-70.87082818299997, 43.088848879000054], [-70.87088379899998, 43.08882925000007], [-70.87099503199997, 43.08879980600008], [-70.87108336299998, 43.08878999200006], [-70.87109644899995, 43.0887082030001], [-70.87119132399995, 43.08878017700004], [-70.87122731099997, 43.088727832000075], [-70.871403974, 43.08870166000002], [-70.87143341699996, 43.08879326300007], [-70.87130255599999, 43.088845608000064], [-70.87128292700001, 43.08893721100004], [-70.871273112, 43.08904844300008], [-70.87119132399995, 43.08904190000006], [-70.87103572099994, 43.08913595600006], [-70.87088236800001, 43.089176851000076], [-70.87072901499995, 43.08929953300005], [-70.870544991, 43.08937621000007], [-70.87042741999996, 43.08939665700008], [-70.87040697299996, 43.08947333400005], [-70.87055089916025, 43.08948159277435], [-70.87066358263162, 43.08946398598194], [-70.87070759961266, 43.0895291311138], [-70.87074946199995, 43.08960624000007], [-70.870841474, 43.08972892200008], [-70.87083539240186, 43.08985611769262], [-70.87093519507017, 43.08992681124938], [-70.87112232507334, 43.08987690991523], [-70.87133024729907, 43.089839483914595], [-70.87141341618936, 43.08972304746819], [-70.87171282419439, 43.089768790357844], [-70.87205296400002, 43.08970336400009], [-70.87225232399997, 43.08958579300002], [-70.87253229766657, 43.08949667214496], [-70.8726752441967, 43.08962662353601], [-70.87270773204443, 43.08991901416592], [-70.8727012344749, 43.09010094611345], [-70.872493855, 43.090200484000036], [-70.87233087301036, 43.089977492291915], [-70.87203198481089, 43.08986053603994], [-70.8717668839731, 43.08998918791712], [-70.87169203197185, 43.09006819836291], [-70.8715173773022, 43.09011394125253], [-70.87138430707772, 43.09009314902997], [-70.87119301863011, 43.09009730747449], [-70.87108811699996, 43.09018770400007], [-70.87121591100002, 43.09031549900009], [-70.87101783, 43.09041773400003], [-70.870660006, 43.09030910900005]]]}, "properties": {"Hectares": 8.87899481429, "Acres": 21.94045460996, "Year": "2023", "LABEL": "Great Bay", "Type": 1, "Name": "Eelgrass", "Confidence": "H", "Notes": "UAV Imagery - Shallow Water Good"}}, {"type": "Feature", "geometry": {"type": "Polygon", "coordinates": [[[-70.87257303004615, 43.08719675583125], [-70.87260135599998, 43.087137866], [-70.87274203199998, 43.08709860700005], [-70.872810734, 43.08695466000006], [-70.87281400599997, 43.08677145400002], [-70.87273875999999, 43.086637321000076], [-70.87283690599997, 43.08655226100006], [-70.87286940405005, 43.08647796370685], [-70.87281489848615, 43.08639893063912], [-70.8727494918094, 43.08642482078197], [-70.87267318401989, 43.08637849105264], [-70.8725941509522, 43.08638530424814], [-70.87248650246342, 43.08632126021049], [-70.87241428259118, 43.08623813922549], [-70.87233627150277, 43.08606917197727], [-70.8723941836645, 43.08588180910123], [-70.87244528263066, 43.0858085672497], [-70.87250660139009, 43.08573021550152], [-70.87246572221719, 43.085621204373645], [-70.87235671108928, 43.085541149326595], [-70.87232945830728, 43.085455984382946], [-70.87241814999999, 43.085377779000055], [-70.87245232200002, 43.085382928000065], [-70.87247511899996, 43.08539280700006], [-70.87260377099996, 43.08547467700004], [-70.87268174199994, 43.08556044500007], [-70.87277920500001, 43.08557214000006], [-70.87290005999996, 43.085630618000096], [-70.87301311799999, 43.085689096000074], [-70.87318465399996, 43.085770966000055], [-70.87325690454368, 43.085869034359696], [-70.873333552993, 43.08588180910124], [-70.87344195699997, 43.08572418300005], [-70.87345365299998, 43.08557603900005], [-70.873566711, 43.0855838360001], [-70.87371679523943, 43.08561992689951], [-70.87378545947526, 43.08558160267486], [-70.87378892799995, 43.08549806800008], [-70.87379672499998, 43.085353822000066], [-70.873873983, 43.085295991000066], [-70.87408008999995, 43.085286176000096], [-70.874204408, 43.08534179200007], [-70.87430255399995, 43.08540722300008], [-70.874338854, 43.08540211000008], [-70.87435031800003, 43.085423996000046], [-70.87447507099996, 43.085505865000094], [-70.87455304199997, 43.08557214000011], [-70.87466609999996, 43.085650111000106], [-70.87480309999995, 43.08573110500003], [-70.874826, 43.085852152000065], [-70.87474094, 43.08591758300004], [-70.87459045, 43.08595029800004], [-70.87447267399996, 43.08590776800002], [-70.87431564099998, 43.08590122500003], [-70.87423157537886, 43.0860447729904], [-70.87411886779456, 43.086162276642106], [-70.87399896610911, 43.08621263535002], [-70.8737975312776, 43.08621263535], [-70.87370160992926, 43.08615987860842], [-70.873582305, 43.08611013900005], [-70.87347314599998, 43.0862037040001], [-70.87339517500001, 43.08632066000006], [-70.87334249099997, 43.08643532500002], [-70.87329819299998, 43.08642794200007], [-70.87322198691685, 43.086455820821456], [-70.87319677499997, 43.08658824800006], [-70.8731453384675, 43.086663623283975], [-70.87316405999998, 43.086735467000075], [-70.87317770114612, 43.086837359769035], [-70.87314363516865, 43.086902085126205], [-70.87308095199998, 43.08694271100006], [-70.87304103099999, 43.08703003900007], [-70.87308594299999, 43.08709740600007], [-70.87306187682275, 43.08714906346279], [-70.87300375499997, 43.087164038000026], [-70.872895794, 43.08715749500002], [-70.87272823567116, 43.087252910011344], [-70.87267182138078, 43.08726318448729], [-70.87261955274657, 43.08724736424767], [-70.87257303004615, 43.08719675583125]]]}, "properties": {"Hectares": 1.68869017326, "Acres": 4.17284060547, "Year": "2023", "LABEL": "Great Bay", "Type": 1, "Name": "Eelgrass", "Confidence": "L", "Notes": "UAV Imagery Only - Sparse Cover, Could be Stubble from Last Year"}}, {"type": "Feature", "geometry": {"type": "Polygon", "coordinates": [[[-70.8225782556415, 43.122942497909406], [-70.82270721164059, 43.12306876732516], [-70.82274482380694, 43.12316011115781], [-70.82278780913995, 43.123216529407365], [-70.82281198838976, 43.12329444032348], [-70.82286572005606, 43.123350858573026], [-70.82293557122222, 43.12336697807292], [-70.8229973626384, 43.12337235123955], [-70.82302960163815, 43.12340727682264], [-70.82311019913755, 43.123436829239076], [-70.82313036370611, 43.12349067267703], [-70.82307916807541, 43.12353252396158], [-70.82299371929881, 43.12354990538635], [-70.82293341834567, 43.12360127286493], [-70.82291811587442, 43.12366418304575], [-70.82278618315513, 43.12377203595425], [-70.82272348169411, 43.12372187477117], [-70.82264978052922, 43.12364817360623], [-70.82258501283879, 43.12365040697487], [-70.82255597904661, 43.123724108139776], [-70.82244207724625, 43.123730808245625], [-70.82241081008542, 43.12376654214379], [-70.82242811869229, 43.12381623459593], [-70.82228294973112, 43.123852526836224], [-70.82212940563755, 43.12388044394412], [-70.82197027812238, 43.12382181801749], [-70.8218251091612, 43.123805067752755], [-70.8217078573079, 43.12383577657146], [-70.82159060545467, 43.1237855257772], [-70.82145381162583, 43.123768775512424], [-70.82129468411071, 43.12374085840448], [-70.8211913908114, 43.12368502418869], [-70.82113834830636, 43.12360406457574], [-70.82100713789914, 43.12351193811956], [-70.82087871920265, 43.12337514429076], [-70.82095967881565, 43.123243933883536], [-70.82102667987463, 43.123204849932414], [-70.8209736373696, 43.12312109860869], [-70.82108809751209, 43.122995471623014], [-70.82128072555675, 43.12292009543161], [-70.82160944950252, 43.12286216743273], [-70.82169488800146, 43.122862685005366], [-70.82189559985869, 43.12284820887876], [-70.82202471648284, 43.12285169851725], [-70.82212242636055, 43.122890084540614], [-70.82226550153867, 43.12291102237157], [-70.82241904563222, 43.122935449840995], [-70.8225782556415, 43.122942497909406]]]}, "properties": {"Hectares": 1.44715215104, "Acres": 3.5759876819, "Year": "2023", "LABEL": "Lower Piscataqua River North", "Type": 1, "Name": "Eelgrass", "Confidence": "H", "Notes": "UAV Imagery Used"}}, {"type": "Feature", "geometry": {"type": "MultiPolygon", "coordinates": [[[[-70.82278618315513, 43.12377203595425], [-70.82291811587442, 43.12366418304575], [-70.82291331802796, 43.12368390750439], [-70.82287535076118, 43.12377324224971], [-70.82280164959629, 43.123784409092885], [-70.82278618315513, 43.12377203595425]]], [[[-70.82313036370611, 43.12349067267703], [-70.82313665489137, 43.1235074713823], [-70.82307916807541, 43.12353252396158], [-70.82313036370611, 43.12349067267703]]]]}, "properties": {"Hectares": 0.00556220888, "Acres": 0.01374450531, "Year": "2023", "LABEL": "Upper Piscataqua River", "Type": 1, "Name": "Eelgrass", "Confidence": "H", "Notes": "UAV Imagery Used"}}, {"type": "Feature", "geometry": {"type": "Polygon", "coordinates": [[[-70.81627619312248, 43.12245153469233], [-70.81616005795351, 43.12244617460764], [-70.81602605583552, 43.12245689477705], [-70.81589205371749, 43.12245689477708], [-70.81579557219254, 43.12242830765858], [-70.81575447820966, 43.12238542698078], [-70.81574197134529, 43.12232825274376], [-70.81580807905685, 43.12230681240488], [-70.81595280134432, 43.122306812404894], [-70.81610288371648, 43.12231574587941], [-70.81617077812298, 43.12234969308265], [-70.81624045922433, 43.122389000370625], [-70.81629584676645, 43.1223890003706], [-70.81638339481691, 43.122392573760436], [-70.81642627549466, 43.12242473426872], [-70.81644592913865, 43.12246225486177], [-70.81641198193545, 43.1224801218109], [-70.81627619312248, 43.12245153469233]]]}, "properties": {"Hectares": 0.06741064677, "Acres": 0.16657518859, "Year": "2023", "LABEL": "Lower Piscataqua River North", "Type": 1, "Name": "Eelgrass", "Confidence": "M", "Notes": "UAV Imagery Used - Deep Water"}}, {"type": "Feature", "geometry": {"type": "Polygon", "coordinates": [[[-70.81714187300977, 43.122687926339836], [-70.81710040262985, 43.12268060803753], [-70.81705771253289, 43.12269646435927], [-70.81702112102116, 43.12266841086695], [-70.81697599149011, 43.12266231228168], [-70.81691500563726, 43.12269158549101], [-70.81688207327673, 43.12267572916926], [-70.81693208167607, 43.122631819355234], [-70.81695525630015, 43.12259034897533], [-70.81702356045528, 43.12256107576598], [-70.8171101603663, 43.12254399972718], [-70.81718090395557, 43.12250008991313], [-70.81727604188596, 43.1224903321767], [-70.81728667183346, 43.12252506665294], [-70.81720285886257, 43.1225659546342], [-70.81714919131213, 43.12260132642883], [-70.81721017716495, 43.12263425878936], [-70.81726384471543, 43.1226586531305], [-70.81730897424653, 43.12267450945221], [-70.8173260502853, 43.12267816860339], [-70.81735044462641, 43.12271963898332], [-70.81735262614346, 43.1227292376582], [-70.81736264179702, 43.12277330653379], [-70.81728336018836, 43.12276354879734], [-70.81721871518431, 43.12272329813451], [-70.81714187300977, 43.122687926339836]]]}, "properties": {"Hectares": 0.04808699312, "Acres": 0.11882544275, "Year": "2023", "LABEL": "Lower Piscataqua River North", "Type": 1, "Name": "Eelgrass", "Confidence": "M", "Notes": "UAV Imagery Used - Deep Water"}}, {"type": "Feature", "geometry": {"type": "Polygon", "coordinates": [[[-70.81750900784375, 43.122887959937124], [-70.81754559935547, 43.12285258814249], [-70.81759926690593, 43.12287210361536], [-70.81761512322768, 43.12290869512708], [-70.81763707813471, 43.1229282106], [-70.81760536549125, 43.1229672415458], [-70.81758219086716, 43.122987976735736], [-70.81752852331668, 43.1229611429605], [-70.81755169794077, 43.12292333173176], [-70.81750900784375, 43.122887959937124]]]}, "properties": {"Hectares": 0.00852704492, "Acres": 0.02107076826, "Year": "2023", "LABEL": "Lower Piscataqua River North", "Type": 1, "Name": "Eelgrass", "Confidence": "M", "Notes": "UAV Imagery Used - Deep Water"}}, {"type": "Feature", "geometry": {"type": "Polygon", "coordinates": [[[-70.80985983670648, 43.12032287382482], [-70.80967837550494, 43.12022516394712], [-70.80955274851931, 43.12009953696146], [-70.80936945764377, 43.119980641561725], [-70.80923703252216, 43.11988374513126], [-70.80929840026143, 43.119770699295756], [-70.80945020466913, 43.11977069929575], [-70.80953418157556, 43.11985790608318], [-70.809664416951, 43.11988085294941], [-70.80985053100383, 43.11988550580071], [-70.80994760634545, 43.11990958417941], [-70.81000251432275, 43.11995480251359], [-70.81000897408472, 43.12000971049089], [-70.80992176729733, 43.11998387144277], [-70.80983657244987, 43.11999252138113], [-70.80980865534191, 43.12015071832597], [-70.8098924066657, 43.12024842820372], [-70.80996698563153, 43.12030362966324], [-70.81000574420375, 43.12025518144802], [-70.81004450277592, 43.12020673323276], [-70.8100832613481, 43.12026164121004], [-70.81014139920637, 43.120323008949356], [-70.8100599093132, 43.12038336089199], [-70.8099901165434, 43.12044384795918], [-70.8100575078285, 43.120529504027], [-70.81010960801, 43.12058803943401], [-70.81016649448766, 43.12059445457239], [-70.81025121516086, 43.12060400859765], [-70.81016762764892, 43.120626609074414], [-70.81021891635076, 43.120671836098985], [-70.81020922670766, 43.12076873252942], [-70.81010910039623, 43.12073966360027], [-70.81006921501586, 43.12068114337648], [-70.80986914240906, 43.12055551639082], [-70.80989240666571, 43.12043454225649], [-70.80985983670648, 43.12032287382482]]]}, "properties": {"Hectares": 0.23907875503, "Acres": 0.59077594735, "Year": "2023", "LABEL": "Lower Piscataqua River North", "Type": 1, "Name": "Eelgrass", "Confidence": "M", "Notes": "UAV Imagery Used -Deep Water"}}, {"type": "Feature", "geometry": {"type": "Polygon", "coordinates": [[[-70.80682194027221, 43.119556928662746], [-70.80671336505237, 43.11949823935474], [-70.8066708153041, 43.11943955004669], [-70.80658131410938, 43.1194806325623], [-70.80654463329185, 43.11946009130452], [-70.80658658987721, 43.11937668655929], [-70.80652858127527, 43.1193563835486], [-70.80639791002181, 43.119314835267204], [-70.80637296706594, 43.11926641658807], [-70.80637003260054, 43.11921359621087], [-70.8063189424062, 43.11915865597891], [-70.80625462138957, 43.11911815756104], [-70.80630703110684, 43.11908480592276], [-70.80641661506111, 43.11905383654438], [-70.80647140703826, 43.11909671722216], [-70.80651190545618, 43.11918962535729], [-70.80661196037097, 43.1192372705548], [-70.8066738991277, 43.11920391891655], [-70.80675489596348, 43.119189625357265], [-70.80682874601966, 43.11924203507456], [-70.80691290869959, 43.119264949355376], [-70.80698186863651, 43.11931923696527], [-70.8069715980076, 43.119364721179], [-70.80690974285541, 43.11940402874613], [-70.80692641867456, 43.11946834976276], [-70.80696279461144, 43.1194586240718], [-70.80698186863654, 43.11952758400873], [-70.80700827882511, 43.119438082814014], [-70.80703615624641, 43.11943368111592], [-70.80703615624641, 43.1195158461471], [-70.80704642687535, 43.1195642648262], [-70.80705523027156, 43.11962735583234], [-70.80705082857344, 43.11967137281334], [-70.80697306524034, 43.119665503882544], [-70.80682194027221, 43.119556928662746]]]}, "properties": {"Hectares": 0.16604570346, "Acres": 0.41030750623, "Year": "2023", "LABEL": "Lower Piscataqua River North", "Type": 1, "Name": "Eelgrass", "Confidence": "H", "Notes": "UAV Imagery Used - Shallow Water"}}, {"type": "Feature", "geometry": {"type": "Polygon", "coordinates": [[[-70.77500374304154, 43.105628096479236], [-70.77467916174815, 43.105540826143354], [-70.77441889898967, 43.105616386299026], [-70.77436852555256, 43.105498848279076], [-70.77443651912247, 43.10540915647274], [-70.77464557945675, 43.10526377223914], [-70.77494782007948, 43.10516302536489], [-70.77531722528508, 43.10503709177206], [-70.77553551017928, 43.104760037867905], [-70.77555230132499, 43.104524961827984], [-70.775090544818, 43.1044242149537], [-70.77444408570821, 43.10424790792378], [-70.77431319367209, 43.10434797901807], [-70.77397393362838, 43.104331863652305], [-70.77383960446275, 43.10408839203953], [-70.77391516461843, 43.10387010714535], [-70.77412030100001, 43.10383150300006], [-70.77471883999995, 43.10390472600005], [-70.77509576700001, 43.10402917000007], [-70.77560467299999, 43.10394192900003], [-70.77575007399999, 43.10381833800006], [-70.775968177, 43.10374563700003], [-70.77632441099998, 43.10390557900006], [-70.77626624999998, 43.104130951000066], [-70.77628940841468, 43.104340522527956], [-70.77647823169266, 43.10436210233117], [-70.77668323982306, 43.10442684174074], [-70.77654297110227, 43.10448618619954], [-70.7765836274515, 43.10469909253791], [-70.77657478836412, 43.10494492965594], [-70.77675046522594, 43.10506591466459], [-70.77675875187037, 43.10525816481533], [-70.77664708402516, 43.105382989373666], [-70.77641872444356, 43.105369556457084], [-70.77613619284762, 43.10543145512356], [-70.77548227716248, 43.10571326732729], [-70.77525356577627, 43.105856460542995], [-70.7751661049737, 43.10576750661037], [-70.77500374304154, 43.105628096479236]]]}, "properties": {"Hectares": 2.67664171738, "Acres": 6.61411987906, "Year": "2023", "LABEL": "Spinney Creek", "Type": 3, "Name": "Widgeon Grass", "Confidence": "M", "Notes": "GoPro and Satallite Imagery - Extent Difficult to Determine"}}, {"type": "Feature", "geometry": {"type": "Polygon", "coordinates": [[[-70.74410958882928, 43.0755331204338], [-70.74417408489309, 43.07548654995193], [-70.74421626846731, 43.07555598088022], [-70.74423625231157, 43.075575964724486], [-70.74423250534075, 43.075612185442154], [-70.74418129673985, 43.07561843039351], [-70.74410510833364, 43.07563092029616], [-70.74406058623326, 43.07563544938426], [-70.74403608493523, 43.07565130316534], [-70.74398708233926, 43.07568301072748], [-70.74392525373536, 43.0757096066829], [-70.74385780826097, 43.07572334557587], [-70.74383407744594, 43.07568462687761], [-70.74386280422208, 43.07563216928644], [-70.74393899262826, 43.07558720563685], [-70.74399284735054, 43.07555473922616], [-70.74403320242958, 43.07553600293946], [-70.74410958882928, 43.0755331204338]]]}, "properties": {"Hectares": 0.03702388557, "Acres": 0.0914879328, "Year": "2023", "LABEL": "Lower Piscataqua River South", "Type": 1, "Name": "Eelgrass", "Confidence": "L", "Notes": "UAV Imagery Used - Close to Seaweed"}}, {"type": "Feature", "geometry": {"type": "Polygon", "coordinates": [[[-70.73858694964443, 43.063697040630025], [-70.73856906840328, 43.06365412565132], [-70.73856568816491, 43.06360136862111], [-70.73859033767428, 43.06359080454567], [-70.73864238149196, 43.0636630662719], [-70.73869960146367, 43.06369525250592], [-70.73866562710548, 43.063604058176075], [-70.73871927082892, 43.0636165750449], [-70.73881582953115, 43.06371670999531], [-70.73886053263398, 43.06379181120818], [-70.73895623655638, 43.063848243917114], [-70.73898942496875, 43.063881903513355], [-70.73899866785956, 43.063934301689166], [-70.73903398067317, 43.064024267343086], [-70.73906437878313, 43.06407969919065], [-70.73910390198536, 43.064116050376576], [-70.73910510394239, 43.06413528168903], [-70.73908046382331, 43.06413347875348], [-70.73905901441078, 43.0641100973006], [-70.73898250432552, 43.06400607130853], [-70.73896565021698, 43.06397025298908], [-70.73893082017332, 43.06393876171493], [-70.73890317516168, 43.06392073235957], [-70.73887132330046, 43.063912318660336], [-70.73888020199928, 43.06388658178625], [-70.73883728702049, 43.06386154804864], [-70.73877649080062, 43.06382757369047], [-70.73873357582185, 43.06381863306988], [-70.73868708459486, 43.06381505682166], [-70.73864953398844, 43.063786446835806], [-70.7386191358785, 43.063732803112345], [-70.73858694964443, 43.063697040630025]]]}, "properties": {"Hectares": 0.05473383498, "Acres": 0.13525013215, "Year": "2023", "LABEL": "Little Harbor/Back Channel", "Type": 1, "Name": "Eelgrass", "Confidence": "H", "Notes": "UAV Imagery Used"}}, {"type": "Feature", "geometry": {"type": "Polygon", "coordinates": [[[-70.73632533026395, 43.06043335649554], [-70.73635608599872, 43.0604111837565], [-70.73637539773914, 43.06041476000474], [-70.73638469598457, 43.06043907849269], [-70.73640472297463, 43.06046554272959], [-70.73641759746828, 43.06048342397073], [-70.7364104449718, 43.06049701371401], [-70.7363664383367, 43.06050733124199], [-70.73633755546956, 43.06052571124833], [-70.7363191754632, 43.06053971506267], [-70.7363034211721, 43.060526586486716], [-70.73633534375895, 43.06049272221617], [-70.73632389976464, 43.06047197997642], [-70.7363167472682, 43.06045123773665], [-70.73632533026395, 43.06043335649554]]]}, "properties": {"Hectares": 0.00667137091, "Acres": 0.01648530197, "Year": "2023", "LABEL": "Sagamore Creek", "Type": 1, "Name": "Eelgrass", "Confidence": "H", "Notes": "UAV Imagery Used."}}, {"type": "Feature", "geometry": {"type": "Polygon", "coordinates": [[[-70.73653507722263, 43.06086554609412], [-70.7365672634567, 43.06083872423244], [-70.7365216662918, 43.06083872423242], [-70.73655295846378, 43.06081458455684], [-70.73655474658787, 43.060788656757154], [-70.73651004348503, 43.060787762695114], [-70.73653418316057, 43.060771669578074], [-70.7365359712847, 43.060747529902535], [-70.73651809004355, 43.06072428428904], [-70.73652881878824, 43.06070282679968], [-70.73651630191942, 43.06066885244146], [-70.73654222971906, 43.060672428689685], [-70.7365672634567, 43.06069478024112], [-70.73656368720845, 43.06072070804082], [-70.73658872094609, 43.06074127146814], [-70.73660481406309, 43.06076898739193], [-70.73659587344252, 43.06079491519161], [-70.73661822499399, 43.06082978361185], [-70.73662895373866, 43.060845876728834], [-70.73661643686987, 43.0608619698459], [-70.73659992393361, 43.06086832156863], [-70.73661202322921, 43.06088759081714], [-70.736633084966, 43.06090193072306], [-70.73663084435572, 43.06091089316428], [-70.73660126829978, 43.06091447814073], [-70.7365949793805, 43.06087806296294], [-70.7365654753326, 43.06086912234233], [-70.73653507722263, 43.06086554609412]]]}, "properties": {"Hectares": 0.01121235399, "Acres": 0.02770630559, "Year": "2023", "LABEL": "Sagamore Creek", "Type": 1, "Name": "Eelgrass", "Confidence": "H", "Notes": "UAV Imagery Only. Next to Eelgrass Poly"}}, {"type": "Feature", "geometry": {"type": "MultiPolygon", "coordinates": [[[[-70.73602970864466, 43.05985033862793], [-70.7360375316877, 43.05989392415321], [-70.73605429535122, 43.05991627570466], [-70.73607888205783, 43.0599308042131], [-70.73608446994571, 43.059955390919654], [-70.73609788087657, 43.059962096385085], [-70.7361068214971, 43.05997997762625], [-70.73613252578127, 43.06000009402257], [-70.73613699609153, 43.060029151039416], [-70.7361314082037, 43.06005038501326], [-70.73610280762287, 43.0600619826884], [-70.73605876566154, 43.06002803346183], [-70.73605876566154, 43.05997774247111], [-70.73603513719162, 43.0599430381559], [-70.73598033746784, 43.059945096983014], [-70.73594072238004, 43.05994210228472], [-70.73592234237366, 43.05993475028219], [-70.73590973894075, 43.059941577141664], [-70.73589450979264, 43.0599373759974], [-70.73589398464959, 43.05992529770749], [-70.73593126980533, 43.059927923422684], [-70.73596697953195, 43.05992792342271], [-70.73602300317926, 43.059925216325205], [-70.7360162977138, 43.05988274837749], [-70.73602970864466, 43.05985033862793]]], [[[-70.73602970864466, 43.05985033862793], [-70.73600445546225, 43.059834238725095], [-70.7359998017478, 43.059807882469286], [-70.73600571408244, 43.05978420227583], [-70.73599506373992, 43.05978104881847], [-70.7359815154912, 43.05978016917733], [-70.73598790123053, 43.05976403678315], [-70.73597941765394, 43.059744168758584], [-70.7359447727492, 43.059728522672586], [-70.73593311830876, 43.059752609670646], [-70.73592068292164, 43.05974756829748], [-70.73593136181837, 43.05971511174172], [-70.73594924305947, 43.05970170081084], [-70.73598612311937, 43.05970840627627], [-70.73602412075681, 43.059711759009005], [-70.7360632359718, 43.05973746329316], [-70.73607497027456, 43.05978936566273], [-70.73605942625267, 43.05981204519932], [-70.73602970864466, 43.05985033862793]]]]}, "properties": {"Hectares": 0.01962732447, "Acres": 0.04850013214, "Year": "2023", "LABEL": "Sagamore Creek", "Type": 1, "Name": "Eelgrass", "Confidence": "M", "Notes": "UAV Imagery Used."}}, {"type": "Feature", "geometry": {"type": "Polygon", "coordinates": [[[-70.73582880947524, 43.05974962095032], [-70.73576707791527, 43.05974081602587], [-70.73570896388156, 43.05974863906886], [-70.73564190922727, 43.05973969844828], [-70.73559608854683, 43.05970728869869], [-70.7355804424608, 43.05967376137158], [-70.73557038426263, 43.05964917466499], [-70.73562849829639, 43.059664820751], [-70.73565532015812, 43.059634646156546], [-70.73570337599371, 43.05965476255284], [-70.7357436087863, 43.05967711410428], [-70.73580060524246, 43.05967934925942], [-70.73587221192084, 43.05968293567236], [-70.73588330598277, 43.05968046683699], [-70.73587441040547, 43.05970489773198], [-70.73582880947524, 43.05974962095032]]]}, "properties": {"Hectares": 0.01877101876, "Acres": 0.04638415651, "Year": "2023", "LABEL": "Sagamore Creek", "Type": 1, "Name": "Eelgrass", "Confidence": "H", "Notes": "UAV Imagery Used."}}, {"type": "Feature", "geometry": {"type": "Polygon", "coordinates": [[[-70.73574025605353, 43.06072428428909], [-70.73571617251216, 43.06068492112113], [-70.73565800234428, 43.060718025854655], [-70.73561598142756, 43.06070997929616], [-70.73562223986198, 43.06068047524824], [-70.7356588964063, 43.06068047524824], [-70.73568571826807, 43.0606590177589], [-70.7356973410748, 43.06062593746276], [-70.73571822733261, 43.06061782199137], [-70.7357411501156, 43.060634878083334], [-70.7357849591564, 43.06064024245564], [-70.73580194633551, 43.06065454744856], [-70.73578585321846, 43.06068226337235], [-70.73579479383905, 43.06071623773055], [-70.73577870072205, 43.060737695219935], [-70.73574919667412, 43.060760046771364], [-70.73574025605353, 43.06072428428909]]]}, "properties": {"Hectares": 0.01059864076, "Acres": 0.02618978853, "Year": "2023", "LABEL": "Little Harbor/Back Channel", "Type": 1, "Name": "Eelgrass", "Confidence": "L", "Notes": "UAV Imagery Used.  Poor Lighting Obscured Extent"}}, {"type": "Feature", "geometry": {"type": "MultiPolygon", "coordinates": [[[[-70.7356427292143, 43.060529762917234], [-70.73568096778945, 43.060556912652864], [-70.73567588358542, 43.06056245905666], [-70.7356454854755, 43.060544577815506], [-70.7356427292143, 43.060529762917234]]], [[[-70.73554633139693, 43.06046131942913], [-70.73560944831607, 43.060506133147484], [-70.73560614674493, 43.06050613314706], [-70.73558200706938, 43.06049808658854], [-70.73557485457293, 43.06048199347149], [-70.73554356240093, 43.06046321816828], [-70.73554633139693, 43.06046131942913]]]]}, "properties": {"Hectares": 0.00058822053, "Acres": 0.00145352329, "Year": "2023", "LABEL": "Little Harbor/Back Channel", "Type": 1, "Name": "Eelgrass", "Confidence": "L", "Notes": "UAV Imagery Used.  Poor Lighting Obscured Extent"}}, {"type": "Feature", "geometry": {"type": "Polygon", "coordinates": [[[-70.7356427292143, 43.060529762917234], [-70.735638332979, 43.060506133147065], [-70.73560944831607, 43.060506133147484], [-70.73554633139693, 43.06046131942913], [-70.73557485457292, 43.0604417606789], [-70.7356159814276, 43.06044265474096], [-70.73566426077868, 43.06048199347152], [-70.73569376482658, 43.060481099409415], [-70.73569734107478, 43.060447125051255], [-70.73571879856418, 43.0604355022445], [-70.73573846792945, 43.06046411223033], [-70.73577244228763, 43.06048735784385], [-70.73577333634967, 43.060518650015865], [-70.73573667980536, 43.06051507376763], [-70.73570181138508, 43.06050613314706], [-70.735669625151, 43.06051507376763], [-70.73567409546132, 43.060539213443164], [-70.73568571826806, 43.06055173031199], [-70.73568096778945, 43.060556912652864], [-70.7356427292143, 43.060529762917234]]]}, "properties": {"Hectares": 0.01008444971, "Acres": 0.0249191959, "Year": "2023", "LABEL": "Sagamore Creek", "Type": 1, "Name": "Eelgrass", "Confidence": "L", "Notes": "UAV Imagery Used.  Poor Lighting Obscured Extent"}}, {"type": "Feature", "geometry": {"type": "Polygon", "coordinates": [[[-70.73486160266772, 43.06051374509823], [-70.73477954906795, 43.06049323169826], [-70.73471185484813, 43.06049015468831], [-70.7346503146483, 43.060508616748244], [-70.73460928784841, 43.06049630870824], [-70.73462980124837, 43.06046964128836], [-70.73453543960863, 43.06045220489837], [-70.73456928671851, 43.06043066582844], [-70.73462262155839, 43.06042246046846], [-70.73466159701827, 43.0604450252084], [-70.73469954680817, 43.060435794178446], [-70.73474070987902, 43.06044083553583], [-70.73474467628807, 43.06041630644848], [-70.7347980111279, 43.06041528077849], [-70.7347980111279, 43.06045220489839], [-70.73489955245765, 43.060445025208395], [-70.73492665958126, 43.060463609320394], [-70.73496314399748, 43.06044194819842], [-70.73499231726362, 43.06045103657272], [-70.73499530990996, 43.06043607334094], [-70.73498468306742, 43.060407075418475], [-70.73501885973091, 43.060393760722164], [-70.73504959311416, 43.060428685021286], [-70.7350607688899, 43.060395157694145], [-70.73512502960025, 43.06037420311469], [-70.73519906911439, 43.060372806142695], [-70.73518929031066, 43.0603923637502], [-70.73514039629188, 43.060420303189495], [-70.73509289924506, 43.06042589107739], [-70.73509787699791, 43.06046962999551], [-70.73502863853464, 43.060478976012035], [-70.73499544705865, 43.06051444197411], [-70.73495032766667, 43.06050875123999], [-70.73486160266772, 43.06051374509823]]]}, "properties": {"Hectares": 0.03437865473, "Acres": 0.0849514308, "Year": "2023", "LABEL": "Little Harbor/Back Channel", "Type": 1, "Name": "Eelgrass", "Confidence": "L", "Notes": "UAV Imagery Used.  Poor Lighting Obscured Extent"}}, {"type": "Feature", "geometry": {"type": "Polygon", "coordinates": [[[-70.73430305129618, 43.06036777704362], [-70.73426058334849, 43.06036218915579], [-70.73421476266805, 43.060363306733386], [-70.73417341229784, 43.06039795163808], [-70.73412312130715, 43.060385658284794], [-70.73413764981558, 43.06036665946605], [-70.73411194553144, 43.06034095518189], [-70.73412647403984, 43.06032083878561], [-70.73415106074641, 43.060317486052924], [-70.73418347049599, 43.06031301574265], [-70.73422482086617, 43.06031301574262], [-70.73424828999518, 43.06028842903604], [-70.73430081614107, 43.06026943021733], [-70.73429858098588, 43.060302957544465], [-70.73425946577092, 43.060308545432335], [-70.73423823179702, 43.06033872002679], [-70.73426952396905, 43.06034207275948], [-70.7343064040289, 43.06032977940619], [-70.73435110713177, 43.06034319033706], [-70.73438798719165, 43.06036777704362], [-70.73441927936365, 43.0603420727595], [-70.73446398246652, 43.06034095518191], [-70.73452209650024, 43.06034766064733], [-70.73453662500869, 43.06035548369034], [-70.7345131558797, 43.0603722473539], [-70.73446733519926, 43.060382305552075], [-70.7344259848291, 43.060395716482944], [-70.73439022234682, 43.06039571648293], [-70.7343544598645, 43.06040465710352], [-70.73431087433919, 43.06040018679322], [-70.73430305129618, 43.06036777704362]]]}, "properties": {"Hectares": 0.01934833429, "Acres": 0.04781073299, "Year": "2023", "LABEL": "Little Harbor/Back Channel", "Type": 1, "Name": "Eelgrass", "Confidence": "L", "Notes": "UAV Imagery Used.  Poor Lighting Obscured Extent"}}, {"type": "Feature", "geometry": {"type": "Polygon", "coordinates": [[[-70.73443157271693, 43.06043706685307], [-70.73446174731137, 43.06043371412038], [-70.73446621762166, 43.060459418404534], [-70.73448028890591, 43.06048096977549], [-70.73450198010399, 43.06048176995595], [-70.73449415706096, 43.06050300392984], [-70.73445168911326, 43.060500768774695], [-70.73440698601036, 43.06048735784382], [-70.7343734586832, 43.060481769955956], [-70.73434775439904, 43.06045383051664], [-70.73438463445896, 43.060442654740996], [-70.73443157271693, 43.06043706685307]]]}, "properties": {"Hectares": 0.00556927216, "Acres": 0.01376195904, "Year": "2023", "LABEL": "Little Harbor/Back Channel", "Type": 1, "Name": "Eelgrass", "Confidence": "L", "Notes": "UAV Imagery Used.  Poor Lighting Obscured Extent"}}, {"type": "Feature", "geometry": {"type": "Polygon", "coordinates": [[[-70.73398889577047, 43.06031405285463], [-70.73400033976482, 43.06030775865771], [-70.73401922235547, 43.06032091925123], [-70.73403524394755, 43.06033865744242], [-70.73406270953396, 43.06035067363651], [-70.73407815892627, 43.06036326203026], [-70.7340781589263, 43.06037356162516], [-70.7340541265382, 43.06037985582202], [-70.73402551655232, 43.060378711422594], [-70.73399862316565, 43.060367839628], [-70.73400033976482, 43.06034666823847], [-70.73398946797022, 43.060326641248395], [-70.73398889577047, 43.06031405285463]]]}, "properties": {"Hectares": 0.00309037555, "Acres": 0.00763647753, "Year": "2023", "LABEL": "Little Harbor/Back Channel", "Type": 1, "Name": "Eelgrass", "Confidence": "L", "Notes": "UAV Imagery Used.  Poor Lighting Obscured Extent"}}, {"type": "Feature", "geometry": {"type": "Polygon", "coordinates": [[[-70.73369607256538, 43.06033608254372], [-70.73371713725064, 43.06031967798181], [-70.73375829928462, 43.06031033355643], [-70.73379263126759, 43.06031534030396], [-70.73381337350733, 43.060310333556444], [-70.73383769199529, 43.06031390980468], [-70.73386415623219, 43.06032749954794], [-70.73385628848612, 43.06033679779334], [-70.73382839374993, 43.0603360825437], [-70.73379048551865, 43.060338228292636], [-70.73375901453424, 43.06034609603876], [-70.73373111979808, 43.06034824178766], [-70.73370250981219, 43.06035253328554], [-70.73369607256538, 43.06033608254372]]]}, "properties": {"Hectares": 0.00388513842, "Acres": 0.00960037762, "Year": "2023", "LABEL": "Little Harbor/Back Channel", "Type": 1, "Name": "Eelgrass", "Confidence": "L", "Notes": "UAV Imagery Used.  Poor Lighting Obscured Extent"}}, {"type": "Feature", "geometry": {"type": "Polygon", "coordinates": [[[-70.73216624297889, 43.05920437879138], [-70.73211483441054, 43.05918090966238], [-70.73206454341985, 43.05918761512778], [-70.73200195907582, 43.05919208543808], [-70.73196060870568, 43.05919990848107], [-70.73189355405134, 43.05919208543811], [-70.73183991032789, 43.05917867450722], [-70.73183544001763, 43.05914291202494], [-70.73184410823707, 43.05910991420059], [-70.73188126069806, 43.05907809252577], [-70.73191255287009, 43.059069151905184], [-70.73193825715418, 43.05911161985291], [-70.73196552086353, 43.05906012455128], [-70.73198519541224, 43.059060211284596], [-70.7320053118085, 43.05909597376693], [-70.73205242404663, 43.0590785199819], [-70.73208689497126, 43.05908591556874], [-70.73213159807413, 43.05910267923232], [-70.73214836173771, 43.05911497258565], [-70.73220306603487, 43.05910344885201], [-70.73220614304486, 43.05912191091191], [-70.73216400782374, 43.05912614836135], [-70.73215506720315, 43.05914514718007], [-70.73211259925546, 43.05915185264548], [-70.732129362919, 43.05916302842121], [-70.732160655091, 43.05917085146422], [-70.73218412422003, 43.05918985028295], [-70.73216624297889, 43.05920437879138]]]}, "properties": {"Hectares": 0.03033780594, "Acres": 0.07496628482, "Year": "2023", "LABEL": "Little Harbor/Back Channel", "Type": 1, "Name": "Eelgrass", "Confidence": "H", "Notes": "UAV Imagery Used."}}, {"type": "Feature", "geometry": {"type": "Polygon", "coordinates": [[[-70.7304504820117, 43.05886463520956], [-70.73042533651633, 43.058847033362774], [-70.73040102920417, 43.05884703336275], [-70.73036834006018, 43.058854577011374], [-70.7303448709312, 43.0588461951796], [-70.73029793267315, 43.05885206246187], [-70.73026524352916, 43.05884116608051], [-70.73026691989554, 43.05881182966925], [-70.73028787447504, 43.05879003690661], [-70.73026943444509, 43.05877411142622], [-70.73028535992549, 43.058753995029896], [-70.73026608171237, 43.05874309864856], [-70.73028116900959, 43.05870621858873], [-70.73026943444506, 43.058684425826094], [-70.73024680349924, 43.058710409504606], [-70.73023423075155, 43.05871627678689], [-70.7302292016525, 43.05869783675693], [-70.73019483614218, 43.05869364584106], [-70.73018058702812, 43.05866850034569], [-70.7301898070431, 43.05864084030075], [-70.7302048943403, 43.05867352944472], [-70.7302325543852, 43.05866598579612], [-70.73026021443009, 43.05866933852886], [-70.73027819557508, 43.05868779494638], [-70.73029960903953, 43.05872046770274], [-70.73030715268814, 43.05876153867853], [-70.73032307816851, 43.058769920510336], [-70.73035073821342, 43.05877327324302], [-70.73035828186204, 43.0587933896393], [-70.73037839825834, 43.05881182966926], [-70.73041527831819, 43.0588227260506], [-70.73043707108086, 43.05881434421879], [-70.73043918505839, 43.05880616564438], [-70.7304588638435, 43.05880763875338], [-70.73046724567527, 43.05882524060012], [-70.73047227477434, 43.05883948971413], [-70.7304504820117, 43.05886463520956]]]}, "properties": {"Hectares": 0.01415339091, "Acres": 0.03497375969, "Year": "2023", "LABEL": "Little Harbor/Back Channel", "Type": 1, "Name": "Eelgrass", "Confidence": "H", "Notes": "UAV Imagery Used."}}, {"type": "Feature", "geometry": {"type": "Polygon", "coordinates": [[[-70.72915190292707, 43.057531301880246], [-70.72908535091248, 43.05747859536894], [-70.72906232952391, 43.0575092905537], [-70.72900861295061, 43.05749905882547], [-70.72890117980384, 43.057476037436864], [-70.7288551370267, 43.057389067746705], [-70.72879118872511, 43.05735325669777], [-70.72874514594793, 43.057307213920645], [-70.72867352385012, 43.05730209805651], [-70.72858911209198, 43.05726628700759], [-70.72853283758656, 43.05717420145328], [-70.72848679480943, 43.05709234762721], [-70.72843307823607, 43.05700793586908], [-70.72837680373068, 43.05700026207289], [-70.72831797129318, 43.056956777227825], [-70.72826606128724, 43.05689080878743], [-70.72818240089377, 43.05684934408109], [-70.72813124225249, 43.05681097510014], [-70.7280877574074, 43.056749584730575], [-70.72817216916549, 43.05677260611917], [-70.72826169678775, 43.056808417168085], [-70.7283343192266, 43.05684361109072], [-70.72840749891544, 43.056900502722385], [-70.72847076134029, 43.05698247936258], [-70.7285584169072, 43.057074442102774], [-70.72861980727679, 43.05714350626849], [-70.72874258801585, 43.05723303389078], [-70.72882444184195, 43.05725861321142], [-70.72890703391329, 43.05729662356578], [-70.72894104257546, 43.05732769728526], [-70.72897794929551, 43.05736063039268], [-70.72900349708641, 43.05739674154289], [-70.72904442399945, 43.05742487879559], [-70.72907969575925, 43.05745991524839], [-70.72910677344717, 43.05745991524842], [-70.7291248252391, 43.05746730007242], [-70.72916256989502, 43.05748535186433], [-70.72918800651095, 43.0575034036563], [-70.72918554490298, 43.05752391705626], [-70.72915190292707, 43.057531301880246]]]}, "properties": {"Hectares": 0.09749986312, "Acres": 0.24092719571, "Year": "2023", "LABEL": "Little Harbor/Back Channel", "Type": 1, "Name": "Eelgrass", "Confidence": "M", "Notes": "UAV Imagery Used.  Moving Water Obscured Eelgrass Extent."}}, {"type": "Feature", "geometry": {"type": "Polygon", "coordinates": [[[-70.72876741018868, 43.05669588862073], [-70.72879229375181, 43.05667886302488], [-70.72884337053924, 43.05669850794314], [-70.72884468020047, 43.056720772183866], [-70.72884860918413, 43.05674565574697], [-70.72885122850654, 43.0567718489713], [-70.72881324833125, 43.056800661518096], [-70.72879753239667, 43.05680982914662], [-70.72875824256012, 43.05680982914661], [-70.72871109475633, 43.05679018422833], [-70.7287176430624, 43.05676399100405], [-70.7287608618826, 43.056724701167504], [-70.72876741018868, 43.05669588862073]]]}, "properties": {"Hectares": 0.01092147198, "Acres": 0.02698752113, "Year": "2023", "LABEL": "Little Harbor/Back Channel", "Type": 1, "Name": "Eelgrass", "Confidence": "H", "Notes": "UAV Imagery Used."}}, {"type": "Feature", "geometry": {"type": "Polygon", "coordinates": [[[-70.72615811699997, 43.055787962000096], [-70.72598792099997, 43.05572558500007], [-70.72583357999997, 43.05574879400008], [-70.72571207799997, 43.05574879400006], [-70.72530990899998, 43.05574309300007], [-70.725103966, 43.05574582900005], [-70.72494150099993, 43.055691240000044], [-70.72477843300001, 43.05565926600011], [-70.72457571699998, 43.055631768000076], [-70.72444270399998, 43.05560363100006], [-70.72435317699998, 43.05564200000002], [-70.72421743599996, 43.05569204000005], [-70.72406755799994, 43.055766979000076], [-70.72367734100003, 43.05576771700002], [-70.72340041599999, 43.0557539850001], [-70.72269491699998, 43.05582693100009], [-70.72260499000001, 43.05588688200002], [-70.72210354799996, 43.05588517200006], [-70.721749038, 43.055881220000074], [-70.721453551, 43.055895382000074], [-70.72121970999997, 43.055831927000035], [-70.72106943099995, 43.05583512400006], [-70.72087438899999, 43.055812742000036], [-70.72072091300001, 43.05579355800008], [-70.72052079299999, 43.05576224500004], [-70.72043314599995, 43.05569763500009], [-70.72050348899995, 43.05564647700004], [-70.72046192199997, 43.055569739000106], [-70.72036919699998, 43.055601713000065], [-70.72036280299999, 43.05565926600006], [-70.720334026, 43.05574239900004], [-70.720286065, 43.05576158300005], [-70.72012619400003, 43.05577437300008], [-70.72003986399996, 43.055739202000055], [-70.71996312600002, 43.055720017000084], [-70.7199034247005, 43.05571793300438], [-70.71985473526973, 43.05571468704238], [-70.71978007814259, 43.05571631002335], [-70.71968594524311, 43.05570008021311], [-70.71960641917282, 43.05567086655464], [-70.71952689310254, 43.055648144820275], [-70.71947982665284, 43.05560594731365], [-70.71940038099997, 43.05557293600004], [-70.71925969399999, 43.05558892300007], [-70.719198943, 43.055595318], [-70.71913819299998, 43.05554096200006], [-70.71918271299995, 43.0554669760001], [-70.71903934199999, 43.05546466400008], [-70.71898791399998, 43.05546422400004], [-70.719114991, 43.055573836000065], [-70.71905186199997, 43.05556973900006], [-70.71902214600364, 43.05560959902094], [-70.71900875641016, 43.05570454341095], [-70.71894424291439, 43.0556436816225], [-70.71887280699998, 43.05560810800008], [-70.71877480099997, 43.0555266370001], [-70.71887242600405, 43.05570099313997], [-70.7188191719391, 43.05570606495564], [-70.71867860399993, 43.055552536000036], [-70.71861269999997, 43.05556908000005], [-70.718642593, 43.05563688400008], [-70.71860869128909, 43.055716208339014], [-70.71846034099998, 43.05552497500004], [-70.718409261, 43.05554534600003], [-70.71840278699995, 43.05565287100009], [-70.718309166, 43.055573237000054], [-70.71824931099997, 43.05551218500008], [-70.718159784, 43.0555217770001], [-70.718143797, 43.05548660600005], [-70.71807665099993, 43.05544184200007], [-70.718060237, 43.05539989900009], [-70.71811501999998, 43.05536190700009], [-70.71821414000003, 43.05536830100005], [-70.71830047, 43.05539388100006], [-70.71844755099995, 43.05537469600009], [-70.71863455100001, 43.05544713700004], [-70.71874366899995, 43.055440640000036], [-70.718891969, 43.05535184200003], [-70.71906986499997, 43.055326017000034], [-70.71924842099999, 43.05530009600004], [-70.71945737700001, 43.05526976100004], [-70.71977189099995, 43.05523251400004], [-70.72000780699997, 43.05510559900009], [-70.720383036, 43.05510501400007], [-70.72057038499996, 43.05498011500004], [-70.72089668299999, 43.05491142100004], [-70.72136143399996, 43.05497057000008], [-70.72173121, 43.054770698000056], [-70.72188806900002, 43.05489580800005], [-70.72205199899999, 43.05495045200008], [-70.72222373599998, 43.05527050500009], [-70.72232601500001, 43.055313945000066], [-70.72251913899998, 43.05530435300009], [-70.72259076099998, 43.05529667900005], [-70.72264191999996, 43.05524040500006], [-70.72266238299997, 43.05509204500007], [-70.72271865799999, 43.0550792550001], [-70.722841439, 43.05508437100007], [-70.72293863999998, 43.05509460300006], [-70.72301281999995, 43.055130414000075], [-70.72305374699995, 43.05515599300004], [-70.72312792699995, 43.05518157200003], [-70.72314327500001, 43.05525063700003], [-70.72318931800001, 43.055289006000066], [-70.72324815, 43.05534528000007], [-70.72330442399996, 43.05540155500006], [-70.72354231199995, 43.05539388100002], [-70.72371880899993, 43.055419460000046], [-70.72376229400001, 43.05539643900006], [-70.72392855999998, 43.05537341700005], [-70.72397971899998, 43.05531970100003], [-70.72406668799997, 43.055342722000056], [-70.72414086799996, 43.055383649000106], [-70.72425085899995, 43.05537853300008], [-70.72437108199995, 43.05542713400007], [-70.72446316799999, 43.055483408000065], [-70.72453990599998, 43.05550898800007], [-70.72460385399997, 43.05545271300011], [-70.72467291799997, 43.05553137000005], [-70.72478482799997, 43.055505790000026], [-70.72479825700002, 43.05538654000002], [-70.72483716799997, 43.055304621000076], [-70.724806449, 43.05518993400004], [-70.72486993599995, 43.05511211100004], [-70.72495185499996, 43.055050671000046], [-70.72497847899997, 43.054983087000046], [-70.72495799999997, 43.05492164800004], [-70.72482319699998, 43.05472082500008], [-70.72468331, 43.05472482200005], [-70.72465533199995, 43.05462490200005], [-70.724767242, 43.05456894800007], [-70.72463135199999, 43.054508996000024], [-70.72443550999999, 43.05445703800005], [-70.72421169099994, 43.05448901200005], [-70.724242261, 43.05432625900005], [-70.72428762999996, 43.05427318700006], [-70.72436756499997, 43.05424920600007], [-70.72444749999995, 43.054257200000066], [-70.72462735499998, 43.054293171000054], [-70.72478322900002, 43.054337135000054], [-70.72499905399995, 43.05438909300004], [-70.72522287299998, 43.054453041000045], [-70.72550264700003, 43.05450899600003], [-70.72569049499998, 43.05462490200007], [-70.72587234799997, 43.05473781100006], [-70.72610715900001, 43.05473281500008], [-70.72622706199998, 43.05470783500003], [-70.72633697299997, 43.05476778700008], [-70.72654680299998, 43.054807755000084], [-70.72671666599997, 43.05480775500005], [-70.72680659299995, 43.05473781100005], [-70.72694703799998, 43.054794201000064], [-70.726976456, 43.05470783500002], [-70.72707637499997, 43.054712831000074], [-70.727123414, 43.05480672500007], [-70.72708636699998, 43.05489268600007], [-70.72703101499997, 43.05496578100008], [-70.72703900499995, 43.05502617800008], [-70.727147717, 43.05507094200007], [-70.72724364000001, 43.05511890300006], [-70.727310786, 43.05519564100007], [-70.72730119299997, 43.05528197100008], [-70.72734595699998, 43.055368301000044], [-70.72732037799997, 43.055435447000036], [-70.72720589499995, 43.055480706000026], [-70.727102954, 43.055553751000055], [-70.72701484599999, 43.055609075000056], [-70.727029413, 43.055691240000066], [-70.72690140699999, 43.05578515100006], [-70.726840766, 43.0558191370001], [-70.72682158099997, 43.05587349300004], [-70.72687913499996, 43.0559086650001], [-70.72693988499996, 43.05594703400006], [-70.72698784699999, 43.05597900800008], [-70.72707097899995, 43.05601737700008], [-70.72716370399998, 43.05607493000011], [-70.72713172999997, 43.05609411500007], [-70.72709336099999, 43.05607972600007], [-70.72696146799997, 43.056015778000095], [-70.72681758399996, 43.055967817000074], [-70.72676162999998, 43.05591585900004], [-70.72664971999995, 43.05589987200003], [-70.72650583599997, 43.05584391700006], [-70.72632997800001, 43.055819936000034], [-70.72615811699997, 43.055787962000096]]]}, "properties": {"Hectares": 5.73953143797, "Acres": 14.18267851612, "Year": "2023", "LABEL": "Little Harbor/Back Channel", "Type": 1, "Name": "Eelgrass", "Confidence": "H", "Notes": "UAV Imagery Used.  Shallow Water Helped Classification."}}, {"type": "Feature", "geometry": {"type": "Polygon", "coordinates": [[[-70.72071771600001, 43.054396287000024], [-70.72065376700003, 43.05432914200003], [-70.72050668599998, 43.05430995700005], [-70.72041396099999, 43.05424281100008], [-70.72022211599999, 43.05423321900005], [-70.72002387699999, 43.05422362700006], [-70.71986437799998, 43.054114005000045], [-70.71992795399997, 43.054086138000066], [-70.72004945599997, 43.05407974300006], [-70.72014332, 43.05402693600008], [-70.72031687911682, 43.0540227293232], [-70.72037971099996, 43.054123308000065], [-70.72050041899998, 43.05415277300005], [-70.72060816299998, 43.054165519000044], [-70.720754079, 43.054158318000106], [-70.72085581799999, 43.05415076500006], [-70.72091451399999, 43.054184036000045], [-70.720967108, 43.05421384800009], [-70.72093513999995, 43.054316352000065], [-70.72103425999998, 43.05433873400007], [-70.72112698499997, 43.054313154000056], [-70.72127726299995, 43.05427158800007], [-70.721337567, 43.054252309000034], [-70.72141302199998, 43.05422818600007], [-70.72153205699998, 43.05419101600008], [-70.72160170699993, 43.054169267000084], [-70.72171570899995, 43.05396843300008], [-70.72183061600002, 43.05391347800002], [-70.72197050299998, 43.05388350200009], [-70.722065731, 43.05396148700004], [-70.72212537800002, 43.053803566000084], [-70.72222529699998, 43.0538235500001], [-70.72233520799996, 43.053818554000046], [-70.72247509499996, 43.053718635000074], [-70.72258500599999, 43.0535687560001], [-70.722674933, 43.05346384100006], [-70.72290474799998, 43.05334893400007], [-70.72309459400002, 43.053318958000034], [-70.72321449699996, 43.053278990000074], [-70.72335438399998, 43.05332395400007], [-70.72335937999999, 43.05345384900004], [-70.723499267, 43.05341887700008], [-70.723529243, 43.053259007000094], [-70.72341933199996, 43.053164083000105], [-70.723399348, 43.053079152000095], [-70.72352424699996, 43.05306916000009], [-70.72375406100002, 43.05306916000008], [-70.72383399599993, 43.05304917600004], [-70.72399886299998, 43.05311412400004], [-70.72397388300004, 43.053234027000016], [-70.72404382699996, 43.053224035000035], [-70.72423367299999, 43.05332895000006], [-70.72413874999998, 43.05342886900006], [-70.72395389899998, 43.053558764000066], [-70.723789033, 43.05365368800004], [-70.72373907299996, 43.05375860300006], [-70.72401385099995, 43.05377858700007], [-70.72412875799998, 43.05388350200011], [-70.72404382699997, 43.053978425000075], [-70.72396389099998, 43.054048369000014], [-70.723908936, 43.05420823900005], [-70.72403883100002, 43.05429816700009], [-70.72398225999996, 43.054351292000035], [-70.723792319, 43.054331013000066], [-70.72372304, 43.05433685800007], [-70.72366715899999, 43.05431631900007], [-70.723604182, 43.054293171000054], [-70.72344249199996, 43.054353333000044], [-70.72329401399998, 43.054371253000056], [-70.72308921499996, 43.05433541300007], [-70.72296869599995, 43.054301164000044], [-70.72284079900004, 43.05426919000005], [-70.72270091199997, 43.05422922200005], [-70.722433129, 43.054245209000065], [-70.72235718999997, 43.05429716700006], [-70.722169342, 43.054317151000085], [-70.72200947099999, 43.05431315400006], [-70.721829617, 43.05438509600004], [-70.72163777199997, 43.05435711900002], [-70.72149468799998, 43.05441866900003], [-70.72137958099998, 43.054418669000036], [-70.72125488099998, 43.05447942000007], [-70.72107902399998, 43.054441051000055], [-70.72099908800001, 43.05439628700006], [-70.720883981, 43.054466630000036], [-70.72073370299995, 43.05448261700007], [-70.72071771600001, 43.054396287000024]]]}, "properties": {"Hectares": 2.03706467322, "Acres": 5.0336919815, "Year": "2023", "LABEL": "Little Harbor/Back Channel", "Type": 1, "Name": "Eelgrass", "Confidence": "H", "Notes": "UAV Imagery Used.  Shallow Water Helped Classification."}}, {"type": "Feature", "geometry": {"type": "Polygon", "coordinates": [[[-70.71913502316902, 43.05410513742785], [-70.71920661728059, 43.054063756063506], [-70.71932939801965, 43.05405608226729], [-70.7193984621854, 43.05401771328634], [-70.71949566360385, 43.05405352433525], [-70.71960821261469, 43.054081661587915], [-70.71971052989727, 43.05406375606353], [-70.71975970342059, 43.054067776967415], [-70.71976168853855, 43.05416607334608], [-70.71980728432835, 43.05422130114504], [-70.71979861272419, 43.054289589954394], [-70.71976424647062, 43.054375823775324], [-70.71964146573154, 43.05441675068838], [-70.71946752635115, 43.05442954034872], [-70.71935753527238, 43.05435791825091], [-70.71928591317462, 43.05428118028898], [-70.7191682482996, 43.05419165266673], [-70.71913502316902, 43.05410513742785]]]}, "properties": {"Hectares": 0.17024993022, "Acres": 0.4206963676, "Year": "2023", "LABEL": "Little Harbor/Back Channel", "Type": 1, "Name": "Eelgrass", "Confidence": "H", "Notes": "UAV Imagery Used.  Shallow Water Helped Classification."}}, {"type": "Feature", "geometry": {"type": "Polygon", "coordinates": [[[-70.72020293181968, 43.05341787821724], [-70.72022211631018, 43.05335392991564], [-70.72027647236658, 43.05342747046246], [-70.72032123617771, 43.053481826518876], [-70.72029885427214, 43.05352978774504], [-70.72026368270625, 43.05356176189589], [-70.7201965369895, 43.053638499857804], [-70.72013258868792, 43.05366407917844], [-70.72009741712203, 43.05360332829191], [-70.72012299644271, 43.05356495931096], [-70.72019014215941, 43.053542577405366], [-70.72020612923481, 43.05346583944344], [-70.72020293181968, 43.05341787821724]]]}, "properties": {"Hectares": 0.02442544639, "Acres": 0.06035653911, "Year": "2023", "LABEL": "Little Harbor/Back Channel", "Type": 1, "Name": "Eelgrass", "Confidence": "H", "Notes": "UAV Imagery Used.  Shallow Water Helped Classification."}}, {"type": "Feature", "geometry": {"type": "Polygon", "coordinates": [[[-70.71886001699994, 43.05747859500007], [-70.71889470868445, 43.05736856800601], [-70.71884664963977, 43.057351851816584], [-70.7187839639293, 43.05743334324018], [-70.71880068011878, 43.05734976229286], [-70.71873799440831, 43.05729334515345], [-70.71853228199996, 43.05725477600004], [-70.71836378399999, 43.057108452000094], [-70.718299528, 43.05702388800008], [-70.71833661299998, 43.05684780900005], [-70.71827112999995, 43.05674958500001], [-70.71815326099996, 43.05665136000007], [-70.718402096, 43.05668737600009], [-70.71872296299996, 43.05661534400011], [-70.71908127899997, 43.05666773100006], [-70.71905569899998, 43.05673423700005], [-70.71907616299995, 43.05684678600004], [-70.71910685799999, 43.05700026200007], [-70.719331956, 43.056928640000095], [-70.71945985299993, 43.05679051200007], [-70.719612878, 43.05657670900009], [-70.71981163600002, 43.056520012000085], [-70.71999267999998, 43.05648241400008], [-70.720293902, 43.05642478900006], [-70.72049297099996, 43.056453601000015], [-70.72042748799998, 43.05651908400006], [-70.72031747599996, 43.05656623200011], [-70.72007387899998, 43.056636954000055], [-70.71984075900002, 43.05676268100007], [-70.71978837299997, 43.05687269300008], [-70.71994029400001, 43.05692246000007], [-70.720144601, 43.05687531200006], [-70.72028866299999, 43.05679935200007], [-70.72045629999998, 43.05667624400009], [-70.72047463499999, 43.05658980600003], [-70.720540118, 43.05656099400005], [-70.720657988, 43.05658194800004], [-70.72079419299999, 43.056526942000076], [-70.721181341, 43.05648100200008], [-70.72137958099998, 43.056436238000074], [-70.72170571699998, 43.05637229000008], [-70.72201266899998, 43.05637229000006], [-70.72236438399995, 43.056391474000066], [-70.72270330999996, 43.05640426400003], [-70.72294218199994, 43.0562653110001], [-70.72327331999998, 43.05629976800004], [-70.72351545399994, 43.05632113100007], [-70.72381601099997, 43.056346710000085], [-70.72418277799996, 43.05624704900005], [-70.72470267599994, 43.056275468000095], [-70.72481999899999, 43.056468212000055], [-70.72481999899996, 43.056538555000024], [-70.72476770500002, 43.05656885100008], [-70.72468126699995, 43.056576709000076], [-70.72472047199996, 43.056649104000044], [-70.724750655, 43.056687052000015], [-70.72480437499998, 43.05675482300007], [-70.724869858, 43.056812448000095], [-70.72484628499997, 43.05683078400006], [-70.72477294299998, 43.056820306000084], [-70.72469698299999, 43.056781017000056], [-70.72465245499995, 43.056749585000034], [-70.724597449, 43.05672863000005], [-70.72447957899995, 43.056715534000055], [-70.72435385199998, 43.05669981800002], [-70.724262176, 43.05665267000005], [-70.724144306, 43.056621238000055], [-70.72402627099996, 43.05659532800006], [-70.723860002, 43.05653594900006], [-70.72373163199998, 43.05652735700004], [-70.72354175799995, 43.056511507000046], [-70.723670209, 43.05656623200007], [-70.72382998700003, 43.05657670900008], [-70.72393589500001, 43.056615677000046], [-70.72399238499999, 43.05667100500007], [-70.72395571500003, 43.05672339200005], [-70.72388499299997, 43.05671291400004], [-70.72376712399996, 43.05672339200005], [-70.72367544699996, 43.056707676000045], [-70.72360734499996, 43.056678863000066], [-70.72347375999996, 43.05667886300009], [-70.723342793, 43.056723392000045], [-70.72323540099997, 43.05670505600005], [-70.72307824200001, 43.05669719800006], [-70.72289227000002, 43.05669981800002], [-70.72275999399997, 43.056729940000025], [-70.72249806199994, 43.056798697000055], [-70.72214772800001, 43.05680197100006], [-70.72194473000002, 43.05678887500004], [-70.72175155499998, 43.056729940000025], [-70.72173123999997, 43.056602369000075], [-70.721301105, 43.0567604], [-70.72117207199996, 43.05684162400006], [-70.72116731199998, 43.05691651100006], [-70.72083451499998, 43.05705410900005], [-70.72067771599998, 43.057073310000085], [-70.72046812018651, 43.0571366313412], [-70.72011290099114, 43.057199316587734], [-70.72000842480705, 43.05718886896934], [-70.71992484385973, 43.057222301348254], [-70.719722844, 43.05725378800002], [-70.71961788499996, 43.05727682800009], [-70.71953852899999, 43.05719772400007], [-70.71940545399998, 43.05719764100007], [-70.71937980699995, 43.057317788000056], [-70.71918933192669, 43.05738528454988], [-70.71910366105267, 43.05743334324015], [-70.7190305277238, 43.0574040899086], [-70.71898402795551, 43.057455562572514], [-70.71886001699994, 43.05747859500007]]]}, "properties": {"Hectares": 2.65924176752, "Acres": 6.5711237046, "Year": "2023", "LABEL": "Little Harbor/Back Channel", "Type": 1, "Name": "Eelgrass", "Confidence": "H", "Notes": "UAV Imagery.  Shallow Water Helped Classification."}}, {"type": "Feature", "geometry": {"type": "Polygon", "coordinates": [[[-70.71497415139335, 43.05710563601049], [-70.71468853009442, 43.057015645738204], [-70.71448898644717, 43.05708216028729], [-70.71438334569277, 43.057039121461386], [-70.71434431224742, 43.05687040932934], [-70.71428709522759, 43.05693335550313], [-70.71429310501274, 43.056979430522524], [-70.71423300716135, 43.05699745987793], [-70.71420896802078, 43.05710162948703], [-70.71410680167338, 43.05715371429161], [-70.71406072665397, 43.05721581540469], [-70.71402867446656, 43.05716573386187], [-70.71404766238906, 43.05708070233523], [-70.71404470056024, 43.05700346966309], [-70.71397658966198, 43.056933355503126], [-70.71397057987687, 43.05685522829632], [-70.71398460270889, 43.0567951304449], [-70.7140827625328, 43.05669296409751], [-70.71402466794314, 43.05656275208616], [-70.71396457009178, 43.05644255638333], [-70.71393051464263, 43.05639247484051], [-70.7138563939592, 43.05634840308284], [-70.71395191608218, 43.05625248942192], [-70.71399099380164, 43.05616432987501], [-70.7140687549364, 43.05605791990114], [-70.71421199913202, 43.056057919901136], [-70.71440844831454, 43.05610703219676], [-70.71441663369716, 43.05617251525761], [-70.71444594762131, 43.05626050997514], [-70.71446159810345, 43.05634267500638], [-70.71450072430876, 43.056405276934925], [-70.71464157864801, 43.056393539073305], [-70.71476678250505, 43.05646396624293], [-70.71487242325948, 43.056561781756265], [-70.71493231280132, 43.05660224784442], [-70.71506327892303, 43.056536764783594], [-70.71512057660127, 43.05653676478361], [-70.71506737161432, 43.05660634053575], [-70.7151228309737, 43.05666742251065], [-70.7151384814558, 43.056726111818705], [-70.71514104005779, 43.056774140879156], [-70.71514630669687, 43.056953043809656], [-70.71525563541428, 43.05702379504864], [-70.71563929688415, 43.05708607290781], [-70.71585840363402, 43.05705477194354], [-70.7159444812858, 43.057039121461365], [-70.71594839390634, 43.057140849595264], [-70.7159366560447, 43.05719562628272], [-70.7154593163396, 43.0572386651086], [-70.71513848145582, 43.05714476221582], [-70.71497415139335, 43.05710563601049]]]}, "properties": {"Hectares": 0.88126943309, "Acres": 2.17766226924, "Year": "2023", "LABEL": "Little Harbor/Back Channel", "Type": 1, "Name": "Eelgrass", "Confidence": "H", "Notes": "UAV Imagery. Shallow Water"}}, {"type": "Feature", "geometry": {"type": "Polygon", "coordinates": [[[-70.68920503587037, 43.0643871421249], [-70.6891986971527, 43.06438765621284], [-70.68920238199998, 43.064386679000066], [-70.68920503587037, 43.0643871421249]]]}, "properties": {"Hectares": 1.94573e-06, "Acres": 4.80801e-06, "Year": "2023", "LABEL": "Portsmouth Harbor", "Type": 1, "Name": "Eelgrass", "Confidence": "H", "Notes": "UAV Imagery Used."}}, {"type": "Feature", "geometry": {"type": "Polygon", "coordinates": [[[-70.68777825313717, 43.06029489113404], [-70.68608669220214, 43.0614687191567], [-70.68596800099998, 43.06137699800006], [-70.68605074999996, 43.06124929400005], [-70.68612298600003, 43.061080841000035], [-70.68619268599998, 43.06083964600004], [-70.68640504800001, 43.060672637000046], [-70.68671053099999, 43.06057610200002], [-70.68690028399998, 43.06045886600003], [-70.68741821500002, 43.06032282900002], [-70.687775023, 43.060295113000045], [-70.68777825313717, 43.06029489113404]]]}, "properties": {"Hectares": 0.57709672741, "Acres": 1.42603580902, "Year": "2023", "LABEL": "Atlantic Coast", "Type": 1, "Name": "Eelgrass", "Confidence": "H", "Notes": "UAV Imagery Used."}}, {"type": "Feature", "geometry": {"type": "Polygon", "coordinates": [[[-70.68629943199994, 43.063356283000076], [-70.68659629900002, 43.06291549500003], [-70.68701874, 43.06288887600005], [-70.68734184399996, 43.06285857400005], [-70.68751951499998, 43.06292471300004], [-70.68773365899997, 43.06293412300003], [-70.68810797500001, 43.06292296800006], [-70.68808181299998, 43.062871884000046], [-70.68762052599995, 43.06280012500009], [-70.68731265199996, 43.062731143000036], [-70.68692005499999, 43.06276848100003], [-70.68669202, 43.062710568000064], [-70.68658680299997, 43.062564680000044], [-70.68637043199998, 43.06242801400003], [-70.68627091499998, 43.06237038500006], [-70.686433332, 43.06214354500003], [-70.686681956, 43.06227524100009], [-70.68692693599998, 43.062301093000016], [-70.68725289599998, 43.06233019700006], [-70.68715950200001, 43.062185224000075], [-70.68734020699999, 43.06227199000005], [-70.68754393200001, 43.06216721700008], [-70.687811685, 43.06235348000006], [-70.68791645799999, 43.06223706500002], [-70.68775015899999, 43.06220193800004], [-70.68777675999999, 43.06209154700008], [-70.68749736599999, 43.06210900900005], [-70.68755627199995, 43.06197249400004], [-70.68754137099998, 43.061883088000044], [-70.687228449, 43.061888055000054], [-70.68727811900001, 43.06207680200003], [-70.687074471, 43.062106604000064], [-70.686757707, 43.06199230200007], [-70.68663226499999, 43.06183595400007], [-70.68637666200001, 43.06178006200001], [-70.68627684299999, 43.061687566000046], [-70.68621220200002, 43.06156934400008], [-70.68608669220214, 43.0614687191567], [-70.68777825313717, 43.06029489113404], [-70.68795729899998, 43.060282593000046], [-70.68824529999999, 43.060205640000056], [-70.68867640099998, 43.06023595200003], [-70.68889480999998, 43.06026899900007], [-70.68909541899997, 43.06017338900004], [-70.68921647, 43.06006266400004], [-70.68923776099999, 43.059881854000025], [-70.689485611, 43.05973430700004], [-70.68976865699999, 43.05962177000004], [-70.69000291500001, 43.059411067000035], [-70.69027253199997, 43.05936246400006], [-70.69059550299998, 43.059262921000006], [-70.69102759799998, 43.05937403100006], [-70.69124981799999, 43.05950983200005], [-70.69141385499998, 43.05962386200009], [-70.69144126599998, 43.05999342300003], [-70.691559651, 43.06006440100003], [-70.69197494699996, 43.060112016000076], [-70.69250423199999, 43.06022751000005], [-70.692681905, 43.06031229400004], [-70.69281770599999, 43.06050982400007], [-70.69265918099998, 43.06071133800004], [-70.6926449631584, 43.060849845085], [-70.6918061355328, 43.06169100046286], [-70.69163418800001, 43.061669507000026], [-70.69171679600001, 43.06176693400005], [-70.69161432000003, 43.061868187000066], [-70.69142060599997, 43.061927791000066], [-70.69119709099995, 43.06199732900006], [-70.69119796699995, 43.06177077000005], [-70.69102324600001, 43.06164963900005], [-70.69095370699996, 43.061744012000084], [-70.691048081, 43.06186322000007], [-70.690804697, 43.06207183400006], [-70.69080114199998, 43.06223653800002], [-70.69066047099996, 43.06228951500002], [-70.69062712499996, 43.06245095700008], [-70.69045403499997, 43.06260686700005], [-70.69017297600001, 43.06265826200007], [-70.69014408500001, 43.062841721000055], [-70.69028088399998, 43.06309844700007], [-70.69029138869467, 43.063209874821084], [-70.69020181591367, 43.06329968851714], [-70.69018073336737, 43.063320827197046], [-70.68988418072857, 43.06361817611753], [-70.68950607414719, 43.06399729096723], [-70.6893821211408, 43.064121573663556], [-70.68911258236766, 43.064391826197244], [-70.68911021422932, 43.06439420116562], [-70.68870957399999, 43.06441080400003], [-70.68840996899999, 43.06443614700004], [-70.68826127599996, 43.06438671800004], [-70.68802299399997, 43.06440824700006], [-70.68784844099999, 43.06456917500003], [-70.68753828899999, 43.06462023700004], [-70.68747964899997, 43.06462989100004], [-70.687265178, 43.06463904100007], [-70.687118002, 43.06435324800004], [-70.68732800000001, 43.06440324700004], [-70.68720300099997, 43.06425324800004], [-70.68698800299998, 43.06400325100001], [-70.68692800299995, 43.06393325100003], [-70.686958003, 43.06373825300005], [-70.68704300199995, 43.063478255000064], [-70.68682800399999, 43.06332825600002], [-70.68629943199994, 43.063356283000076]]]}, "properties": {"Hectares": 17.26711376848, "Acres": 42.66792962563, "Year": "2023", "LABEL": "Gerrish Island Beds", "Type": 1, "Name": "Eelgrass", "Confidence": "H", "Notes": "UAV Imagery Used."}}, {"type": "Feature", "geometry": {"type": "MultiPolygon", "coordinates": [[[[-70.68911258236766, 43.064391826197244], [-70.689126168, 43.06439354000003], [-70.68911021422932, 43.06439420116562], [-70.68911258236766, 43.064391826197244]]], [[[-70.69018073336737, 43.063320827197046], [-70.69020181591367, 43.06329968851714], [-70.69029138869467, 43.063209874821084], [-70.690314923, 43.06345951200006], [-70.69030052800001, 43.06345883300003], [-70.690264349, 43.063477816000045], [-70.690243358, 43.06348478100007], [-70.69022828099999, 43.06348978500005], [-70.69019037799997, 43.06346666200006], [-70.690170023, 43.063392831000044], [-70.69018056299996, 43.06333153800004], [-70.69018073336737, 43.063320827197046]]], [[[-70.6918061355328, 43.06169100046286], [-70.6926449631584, 43.060849845085], [-70.69183286799998, 43.06169434200005], [-70.6918061355328, 43.06169100046286]]]]}, "properties": {"Hectares": 0.03568252155, "Acres": 0.08817335303, "Year": "2023", "LABEL": "Portsmouth Harbor", "Type": 1, "Name": "Eelgrass", "Confidence": "H", "Notes": "UAV Imagery Used."}}, {"type": "Feature", "geometry": {"type": "Polygon", "coordinates": [[[-70.68193808613795, 43.06474841695749], [-70.68144143773313, 43.06525291637131], [-70.68132674199998, 43.065242721000075], [-70.68119400299999, 43.06521111700004], [-70.681130793, 43.06508469800007], [-70.68118136100001, 43.064964600000046], [-70.68121296500003, 43.06488242800003], [-70.681333063, 43.06480025600006], [-70.68133161299997, 43.064708077000034], [-70.68145284900002, 43.064676723000055], [-70.68152901199997, 43.064686479000045], [-70.68172667600003, 43.06474361200003], [-70.68193808613795, 43.06474841695749]]]}, "properties": {"Hectares": 0.234989584, "Acres": 0.58067139461, "Year": "2023", "LABEL": "Atlantic Coast", "Type": 1, "Name": "Eelgrass", "Confidence": "H", "Notes": "UAV Imagery Used."}}, {"type": "Feature", "geometry": {"type": "Polygon", "coordinates": [[[-70.68144143773313, 43.06525291637131], [-70.68193808613795, 43.06474841695749], [-70.68200259299998, 43.064749883000054], [-70.68205821399995, 43.06467994800004], [-70.68215478499998, 43.064635912000014], [-70.68228060099999, 43.064653730000025], [-70.68244321599998, 43.06451879300005], [-70.68252977400003, 43.06448899600007], [-70.68264021999997, 43.06446799800005], [-70.682718178, 43.064435961000065], [-70.68284708600001, 43.06441241600003], [-70.68285997699998, 43.064473632000045], [-70.68283366799997, 43.064547252000075], [-70.68287237000001, 43.06460221300004], [-70.68286794999996, 43.06466021700004], [-70.68292093400001, 43.06469566900006], [-70.68303520499997, 43.06461129500007], [-70.68313230800001, 43.064581401000055], [-70.68319800499998, 43.064476977000034], [-70.68312704799997, 43.064493345000066], [-70.683029559, 43.06452759600007], [-70.68298903799999, 43.064513591000036], [-70.68304508199999, 43.06443042300004], [-70.683149842, 43.06437651500006], [-70.68324670299998, 43.064257021000046], [-70.68314476499998, 43.06411519400008], [-70.68325042600001, 43.06401438100006], [-70.68328156800003, 43.063994870000045], [-70.683586415, 43.06396923300009], [-70.68370313799996, 43.063899596000056], [-70.68386307299998, 43.06401964500004], [-70.684096552, 43.06419619100007], [-70.68432213100003, 43.064358597000066], [-70.68447518499995, 43.06457151700004], [-70.684806523, 43.06449761900006], [-70.68492059399998, 43.06449859700007], [-70.684842314, 43.06444329800008], [-70.68466125099998, 43.06440930800005], [-70.684495139, 43.064338278000044], [-70.68440086199999, 43.06423977500003], [-70.68429980699997, 43.06413068300001], [-70.68424113500002, 43.063944349000046], [-70.684233406, 43.06375439500004], [-70.68446666700001, 43.06347212900006], [-70.68445977399998, 43.06323248400003], [-70.68441536599997, 43.062845491000076], [-70.68455493799999, 43.06273763900003], [-70.684808703, 43.06277570400005], [-70.68491020999998, 43.06294065300004], [-70.68520435100002, 43.06320361000007], [-70.6853489, 43.06319119200003], [-70.68557554599997, 43.06311866100005], [-70.68596569199998, 43.06303302700006], [-70.68659629900002, 43.06291549500003], [-70.68629943199994, 43.063356283000076], [-70.68608924099996, 43.063390086000034], [-70.685985666, 43.06339621900004], [-70.68565298399999, 43.06358611700005], [-70.68549814199999, 43.06371533500005], [-70.68535106499998, 43.06373642600005], [-70.685169075, 43.063828062000034], [-70.68517372799998, 43.06399826700004], [-70.68525833300001, 43.06401890000008], [-70.68536654699999, 43.06406695900005], [-70.68532977800001, 43.064098164000036], [-70.68541884800001, 43.064221901000046], [-70.68560804500001, 43.06425594000006], [-70.685688485, 43.06429444900003], [-70.68593707400002, 43.06432074800006], [-70.686206521, 43.06423471200005], [-70.68637059199999, 43.06414631700005], [-70.68666137099999, 43.06422730600008], [-70.686821494, 43.06433604900007], [-70.68706476599996, 43.06454722400007], [-70.68710800199997, 43.064683245000026], [-70.68673800499998, 43.06468824500006], [-70.68652300699999, 43.06468824500006], [-70.68628800899998, 43.06473824400007], [-70.68623178699997, 43.06480657700007], [-70.68600423299996, 43.06484450300007], [-70.685865173, 43.06487610700003], [-70.68571979099998, 43.06490139100003], [-70.68550996299997, 43.064861555000064], [-70.68519006599999, 43.064937151000045], [-70.68498976599999, 43.06494191500008], [-70.684773772, 43.064952561000034], [-70.68441480499999, 43.065038178000066], [-70.684301826, 43.06507270100006], [-70.68423582299997, 43.06509505500002], [-70.68412588599996, 43.06515836700003], [-70.683899738, 43.06523445300007], [-70.68373550699997, 43.06523667400004], [-70.68363088099996, 43.065286333000074], [-70.68352010599996, 43.06521111700004], [-70.68345165499998, 43.065324483000055], [-70.683343554, 43.06536934500009], [-70.68304344899998, 43.06537522200005], [-70.682846701, 43.06542942400007], [-70.68276291599997, 43.065341036000056], [-70.68259015999998, 43.06525042600004], [-70.68251262199998, 43.06510941200004], [-70.68238719899996, 43.06510894000008], [-70.68223063600003, 43.06521743800004], [-70.68183241699998, 43.06526800500007], [-70.68161118399998, 43.065268005000064], [-70.68144143773313, 43.06525291637131]]]}, "properties": {"Hectares": 5.07800612011, "Acres": 12.54801530102, "Year": "2023", "LABEL": "Gerrish Island Beds", "Type": 1, "Name": "Eelgrass", "Confidence": "H", "Notes": "UAV Imagery Used."}}, {"type": "Feature", "geometry": {"type": "Polygon", "coordinates": [[[-70.68335337404588, 43.06562325667331], [-70.68332369116018, 43.06557860073734], [-70.68334397730366, 43.065561434687986], [-70.68338319995365, 43.065614971698935], [-70.68341867537913, 43.065599834043425], [-70.68343953777948, 43.06559343076554], [-70.6834687941478, 43.06564499628565], [-70.68351690741144, 43.065656592571315], [-70.68354227146176, 43.065694507452946], [-70.68353398648739, 43.06573096134025], [-70.68348261964626, 43.06574918828389], [-70.68349712008546, 43.06578129829263], [-70.68346936368721, 43.06582706704305], [-70.683447347943, 43.06586425061554], [-70.6834295958102, 43.06584032300205], [-70.68338319995368, 43.06581878206868], [-70.68339314192292, 43.065788956160915], [-70.6833682869998, 43.06577072921727], [-70.68334343207667, 43.065762444242885], [-70.68337822896902, 43.06573593232489], [-70.68336331601517, 43.06570444942225], [-70.68338154295884, 43.0656497685913], [-70.68335337404588, 43.06562325667331]]]}, "properties": {"Hectares": 0.02780974595, "Acres": 0.06871931806, "Year": "2023", "LABEL": "Gerrish Island Beds", "Type": 1, "Name": "Eelgrass", "Confidence": "H", "Notes": "UAV Imagery Used."}}, {"type": "Feature", "geometry": {"type": "Polygon", "coordinates": [[[-70.68371625592378, 43.06592648673562], [-70.68371625592377, 43.065896660827846], [-70.68365991809799, 43.06590163181247], [-70.68364169115435, 43.06587677688935], [-70.68371956991353, 43.06586517792518], [-70.68379082069319, 43.065827067043045], [-70.6838256175856, 43.06578895616094], [-70.68384218753434, 43.06575084527876], [-70.68386997108946, 43.06575884386824], [-70.6839087968032, 43.06574081109823], [-70.68393829323718, 43.06571604838637], [-70.68399297406809, 43.065740903309496], [-70.6840210948671, 43.06576156939401], [-70.6840062300271, 43.065820439063565], [-70.68398668352994, 43.06584700946408], [-70.68394326422178, 43.06587180590472], [-70.683913438314, 43.06588174787397], [-70.68386372846773, 43.065865177925204], [-70.6838123616266, 43.06586020694057], [-70.68379413468291, 43.0659066027971], [-70.68376430877518, 43.065901631812466], [-70.68374442483668, 43.06592482974074], [-70.68372454089815, 43.065964597617764], [-70.68371734942468, 43.066023088355216], [-70.68369637198526, 43.0660325344077], [-70.68367648804671, 43.065996080520435], [-70.68370631395449, 43.06595631264341], [-70.68371625592378, 43.06592648673562]]]}, "properties": {"Hectares": 0.03168203035, "Acres": 0.07828793273, "Year": "2023", "LABEL": "Gerrish Island Beds", "Type": 1, "Name": "Eelgrass", "Confidence": "H", "Notes": "UAV Imagery Used."}}, {"type": "Feature", "geometry": {"type": "Polygon", "coordinates": [[[-70.71187112413573, 43.06802654963352], [-70.71193779023466, 43.06791321726536], [-70.71193779023467, 43.06778655167746], [-70.71197778989401, 43.06770655235873], [-70.71209112226212, 43.06757322016091], [-70.71209778887206, 43.067433221353184], [-70.71203112277314, 43.06729988915539], [-70.7119711232841, 43.067099890858664], [-70.71180445803684, 43.066999891710275], [-70.71154446025108, 43.0669132257817], [-70.7112977956851, 43.0669132257817], [-70.71113779704771, 43.066933225611336], [-70.71089779909163, 43.06685322629266], [-70.7107444670641, 43.06675322714428], [-70.71063113469594, 43.06668656104536], [-70.7105244689377, 43.066593228506925], [-70.7104378030091, 43.06647989613875], [-70.71044446961902, 43.066413230039814], [-70.71057780181683, 43.06633989733101], [-70.71071780062456, 43.06635323055081], [-70.71085113282238, 43.06635323055083], [-70.7109911316301, 43.066386563600275], [-70.71114321922387, 43.06633118629422], [-70.71125130719224, 43.066308430932445], [-70.71147886080986, 43.066302742091985], [-70.71153006037385, 43.066382385858155], [-70.71160970414, 43.06649047382654], [-70.7116779702253, 43.06654167339048], [-70.7117974358745, 43.06655873991182], [-70.71195103456645, 43.06655873991183], [-70.7120621488655, 43.066493737289925], [-70.7122087617937, 43.06649038280508], [-70.71226864942113, 43.06644392508416], [-70.71235784088239, 43.06642510573457], [-70.712409352649, 43.06647699785795], [-70.71248983860735, 43.06651793156491], [-70.71252624460104, 43.06657776339421], [-70.71253789534623, 43.066627279061414], [-70.71250585579688, 43.06664766786555], [-70.71254372071887, 43.06670300890537], [-70.71259614907238, 43.06669427084644], [-70.71264857742588, 43.06672922308211], [-70.7127230461766, 43.06676041673031], [-70.7127184818972, 43.06685155590695], [-70.71273595801502, 43.06690398426045], [-70.71275671816215, 43.06688096919802], [-70.71278355758106, 43.0669132634742], [-70.71279165819088, 43.06699906779711], [-70.712730490319, 43.06706141452381], [-70.71280113835317, 43.06712377790346], [-70.71283750840287, 43.06715906762054], [-70.71279724958193, 43.06721295656247], [-70.71284789181829, 43.06725226303843], [-70.7128534156123, 43.067280510940336], [-70.71283775199115, 43.06732347907447], [-70.71280930302031, 43.06733637020517], [-70.71279298295156, 43.06738788840598], [-70.71281610762715, 43.06745876202745], [-70.71276311653928, 43.06749455416426], [-70.71279266920732, 43.06755979452575], [-70.71270765034495, 43.06758842003152], [-70.71270355437977, 43.06765600345593], [-70.71258613671309, 43.06768057924662], [-70.71255609963562, 43.06772153889781], [-70.71260525121696, 43.067746114688525], [-70.7126079818604, 43.06781165013041], [-70.71257521413945, 43.06781984206059], [-70.71250967869759, 43.067792535626495], [-70.71248510290687, 43.06786353235519], [-70.71252606255807, 43.06787445492883], [-70.7125670222092, 43.067912683936626], [-70.71251240934097, 43.06792906779706], [-70.71246052711618, 43.06789083878928], [-70.71248510290688, 43.0679317984405], [-70.71248116794267, 43.0679891689657], [-70.71242502875184, 43.06795364358778], [-70.71240318360454, 43.06792360651024], [-70.7123949916743, 43.06797002744823], [-70.71232062634778, 43.06802792028013], [-70.71228576593784, 43.06800825645599], [-70.71222041032777, 43.06805514750138], [-70.71217654020137, 43.068062869324216], [-70.71211108477247, 43.068155828157444], [-70.7120546815335, 43.0683057856107], [-70.71197807518048, 43.06835836233264], [-70.7118311244764, 43.068286547419305], [-70.71181779125662, 43.068173215051125], [-70.71187112413573, 43.06802654963352]]]}, "properties": {"Hectares": 1.68397375203, "Acres": 4.16118608508, "Year": "2023", "LABEL": "Portsmouth Harbor", "Type": 1, "Name": "Eelgrass", "Confidence": " M", "Notes": "UAV Imagery used - Recommendation for Dive Grid Pattern Survey Next Year."}}, {"type": "Feature", "geometry": {"type": "Polygon", "coordinates": [[[-70.71156942714966, 43.06955744148484], [-70.71157670886545, 43.06949918775872], [-70.71160947658635, 43.06947370175355], [-70.71165316688095, 43.06945913832202], [-70.71158399058119, 43.06938268030649], [-70.71154030028661, 43.06931350400673], [-70.71155850457602, 43.06924432770696], [-70.71161311744424, 43.069266172854284], [-70.7116604485967, 43.06930986314887], [-70.71170777974918, 43.06932078572249], [-70.71179516033835, 43.069277095427914], [-70.71171506146497, 43.06920427827027], [-70.71168593460187, 43.069153306259956], [-70.71173690661223, 43.06915330625995], [-70.71183156891716, 43.06916058797566], [-70.71196356225255, 43.06910236527776], [-70.71207642056042, 43.069141392089236], [-70.71210436418637, 43.069190736599346], [-70.71211618264242, 43.06922190420182], [-70.71216481462902, 43.069259393260715], [-70.71215847720318, 43.06931546673375], [-70.71216591608756, 43.069364639039975], [-70.71218109127383, 43.06940088459591], [-70.71216288698444, 43.069455497464105], [-70.71218109127383, 43.06950282861659], [-70.71211191497409, 43.069550159769065], [-70.7119881258061, 43.0695902092058], [-70.71181336462777, 43.069608413495175], [-70.71179619321255, 43.06955241953544], [-70.71170061705816, 43.069583570462], [-70.71167865288614, 43.06964846293185], [-70.71159855401274, 43.06966666722128], [-70.71155168643558, 43.06965618114843], [-70.71153665942872, 43.069619336068804], [-70.71156942714966, 43.06955744148484]]]}, "properties": {"Hectares": 0.21577122613, "Acres": 0.53318184006, "Year": "2023", "LABEL": "Portsmouth Harbor", "Type": 1, "Name": "Eelgrass", "Confidence": "L", "Notes": "UAV Imagery - Close to Shore Confusion"}}, {"type": "Feature", "geometry": {"type": "Polygon", "coordinates": [[[-70.71084010214955, 43.068898638445475], [-70.71086694546649, 43.068871795128516], [-70.71090124526046, 43.06888074290086], [-70.71091466691897, 43.06892249917171], [-70.71089229748813, 43.06894337730721], [-70.71086992805728, 43.06894486860258], [-70.71084457603571, 43.06893592083021], [-70.71083711955873, 43.06891802528553], [-70.71084010214955, 43.068898638445475]]]}, "properties": {"Hectares": 0.00372218798, "Acres": 0.00919771869, "Year": "2023", "LABEL": "Portsmouth Harbor", "Type": 1, "Name": "Eelgrass", "Confidence": "M", "Notes": "Confusion with Extent due to depth."}}, {"type": "Feature", "geometry": {"type": "Polygon", "coordinates": [[[-70.71042820309268, 43.08117230434703], [-70.71031620404649, 43.08114350459234], [-70.71027780437352, 43.08114350459233], [-70.71021700489136, 43.0811083048921], [-70.71015620540913, 43.081095505001116], [-70.71010500584515, 43.081095505001116], [-70.71003140647197, 43.081057105328114], [-70.71001220663547, 43.08095150622747], [-70.7100026067172, 43.08091310655447], [-70.71006340619941, 43.080881106827], [-70.71012420568162, 43.08097710600942], [-70.71021380491858, 43.081012305709635], [-70.7102426046733, 43.08106990521914], [-70.71027780437355, 43.081076305164636], [-70.71035140374676, 43.081047505409906], [-70.71046660276568, 43.08105070538268], [-70.71056260194807, 43.081063505273626], [-70.71062340143027, 43.08105710532813], [-70.71059460167555, 43.081105104919345], [-70.71053700216609, 43.08110510491933], [-70.71037700352872, 43.08109230502835], [-70.71033860385575, 43.08110510491936], [-70.71038020350144, 43.08114670456508], [-70.71042820309268, 43.08117230434703]]]}, "properties": {"Hectares": 0.04522491624, "Acres": 0.11175310301, "Year": "2023", "LABEL": "Portsmouth Harbor", "Type": 1, "Name": "Eelgrass", "Confidence": "M", "Notes": "UAV and GoPro Imagery Only - Close to Rocks Cause Some Confusion"}}, {"type": "Feature", "geometry": {"type": "Polygon", "coordinates": [[[-70.71047300299998, 43.080701908000044], [-70.71056260200001, 43.08066990900004], [-70.71071940099999, 43.08067950900004], [-70.710793, 43.08068270900002], [-70.71085379899998, 43.08061550900003], [-70.71090819899999, 43.08055791000005], [-70.71087619900001, 43.08051311000004], [-70.71076739999998, 43.08049071000005], [-70.71071940099998, 43.080413911000036], [-70.71084099999999, 43.08037871100002], [-70.710936999, 43.080394711000054], [-70.71104259799996, 43.080439511000066], [-70.71106819799998, 43.08047791000008], [-70.71102659799996, 43.08051311000002], [-70.71110659700001, 43.08055471000006], [-70.711045798, 43.08059950900009], [-70.71104579800001, 43.08063470900003], [-70.71101059800002, 43.08066030900006], [-70.71103299799998, 43.08071470800007], [-70.71094019899995, 43.08076270800007], [-70.71087619900001, 43.08080430700005], [-70.71076099999996, 43.08085870700005], [-70.71072900099998, 43.08080750700003], [-70.71055300200003, 43.08078830800009], [-70.710469803, 43.08076590800004], [-70.71047300299998, 43.080701908000044]]]}, "properties": {"Hectares": 0.11567316248, "Acres": 0.28583435671, "Year": "2023", "LABEL": "Portsmouth Harbor", "Type": 1, "Name": "Eelgrass", "Confidence": "M", "Notes": "UAV and GoPro Imagery Only - Close to Rocks Causes Some Confusion"}}, {"type": "Feature", "geometry": {"type": "Polygon", "coordinates": [[[-70.73879139315808, 43.06390811181077], [-70.7387907921796, 43.063890683433854], [-70.73881483132014, 43.06389909713303], [-70.73884728415992, 43.06391111670332], [-70.73886230862277, 43.063915323552905], [-70.73887192427895, 43.06392614116617], [-70.73886471253681, 43.06393515584386], [-70.73884127437478, 43.0639351558439], [-70.73883766850369, 43.06394657443562], [-70.73882851701846, 43.06395269772887], [-70.73883221246497, 43.063954247613914], [-70.73883363035118, 43.063961021959145], [-70.73882732863471, 43.06396480298899], [-70.73882780126344, 43.06396795384724], [-70.73883489069449, 43.06397078961965], [-70.73882811634924, 43.063976146078645], [-70.73881283468684, 43.06397535836406], [-70.73879991616808, 43.06397031699091], [-70.73880306702631, 43.06396086441621], [-70.73881834868874, 43.06395141184151], [-70.7388159855451, 43.063944952582155], [-70.73880243685468, 43.06393802069405], [-70.7387852646773, 43.06393282177798], [-70.73877817524632, 43.06392856811934], [-70.73879439805066, 43.063924338230606], [-70.73881062447057, 43.06392253529508], [-70.73879139315808, 43.06390811181077]]]}, "properties": {"Hectares": 0.00300289159, "Acres": 0.00742030016, "Year": "2023", "LABEL": "Little Harbor/Back Channel", "Type": 1, "Name": "Eelgrass", "Confidence": "H", "Notes": "UAV Imagery Used"}}, {"type": "Feature", "geometry": {"type": "Polygon", "coordinates": [[[-70.73893660459154, 43.06372344238177], [-70.73895069002549, 43.06370348801701], [-70.73892838808842, 43.06367766472149], [-70.73893777837772, 43.06366005792911], [-70.73896594924555, 43.06367179579072], [-70.738976513321, 43.06370114044472], [-70.73899529389958, 43.063716399664806], [-70.73900820554731, 43.063716399664784], [-70.73903168127052, 43.063736354029515], [-70.73906689485534, 43.06374691810495], [-70.7390762851446, 43.06376335111119], [-70.73907745893078, 43.063780957903575], [-70.73906572106918, 43.06379973848218], [-70.73901642205045, 43.06378447926206], [-70.73899998904417, 43.06376335111119], [-70.73894247352237, 43.063736354029515], [-70.73893660459154, 43.06372344238177]]]}, "properties": {"Hectares": 0.00704989735, "Acres": 0.01742066033, "Year": "2023", "LABEL": "Little Harbor/Back Channel", "Type": 1, "Name": "Eelgrass", "Confidence": "M", "Notes": "UAV Imagery Used - Sparse Density"}}, {"type": "Feature", "geometry": {"type": "Polygon", "coordinates": [[[-70.8177155398442, 43.11852575494216], [-70.81769136059438, 43.11845321719274], [-70.81771553984422, 43.118348440443505], [-70.81770479351096, 43.1182678429441], [-70.817653748428, 43.118254410027525], [-70.81744419492954, 43.11823560394432], [-70.81737434376342, 43.11818455886135], [-70.81729911943064, 43.11812276744515], [-70.81725613409765, 43.11800993094598], [-70.81716747684827, 43.11795619927973], [-70.81718628293144, 43.1179105273634], [-70.81726956701415, 43.117878288363634], [-70.81730717918059, 43.11787291519701], [-70.81732787661842, 43.117894278907514], [-70.81730036600527, 43.11792041399], [-70.81731962343451, 43.11794517354185], [-70.81736897059676, 43.117942766363186], [-70.81742416376437, 43.117921789520665], [-70.81746955627602, 43.117906658683474], [-70.81753833280884, 43.11788465019294], [-70.81759885615774, 43.1178750214783], [-70.81766488162926, 43.117910785275384], [-70.81770339648763, 43.11790390762214], [-70.81782031659344, 43.11785851511045], [-70.81787258675836, 43.117897029968844], [-70.81792623245398, 43.11792178952065], [-70.81795924518973, 43.11795067566443], [-70.81800876429337, 43.11796305544034], [-70.81804452809045, 43.117964430971], [-70.81810092484736, 43.117952051195076], [-70.81814219076705, 43.117928667173935], [-70.81819308540133, 43.11799469264545], [-70.81825223321955, 43.11804558727976], [-70.81829762573123, 43.11811161275124], [-70.81828778208995, 43.118146946694985], [-70.81831688316042, 43.118174887161445], [-70.81832002108969, 43.118232917360984], [-70.81838987225586, 43.11825172344422], [-70.81839255883915, 43.11830008194386], [-70.81834420033952, 43.11832426119367], [-70.81830927475646, 43.11836724652667], [-70.8183012150065, 43.118420978192965], [-70.81826897600673, 43.11845321719273], [-70.81823405042364, 43.11852575494216], [-70.81818300534076, 43.11850963544231], [-70.818099721258, 43.1185123220256], [-70.81805942250831, 43.11853650127544], [-70.81804330300844, 43.11859291952497], [-70.81799763109211, 43.11867889019105], [-70.81790628725948, 43.118662770691145], [-70.81781494342681, 43.118625158524786], [-70.81778270442707, 43.118571426858466], [-70.8177155398442, 43.11852575494216]]]}, "properties": {"Hectares": 0.47566635192, "Acres": 1.17539611432, "Year": "2023", "LABEL": "Lower Piscataqua River North", "Type": 1, "Name": "Eelgrass", "Confidence": "L", "Notes": "UAV Imagery - Deep Water Obsuring Classification"}}, {"type": "Feature", "geometry": {"type": "Polygon", "coordinates": [[[-70.81835161530945, 43.11918590219392], [-70.81834301824287, 43.11912744214106], [-70.81835333472279, 43.1190999315279], [-70.81839975888246, 43.11910165094121], [-70.81844446362881, 43.11911712566112], [-70.8184891683751, 43.11908445680802], [-70.81855794490794, 43.11906898208814], [-70.81859233317438, 43.11904662971496], [-70.81860780789425, 43.11900880262191], [-70.8186473544006, 43.11902083851517], [-70.81865767088053, 43.11905350736827], [-70.81865939029383, 43.11908273739471], [-70.81869033973362, 43.11909305387463], [-70.81874536095985, 43.1191188450744], [-70.81875223861319, 43.11916870806073], [-70.81868518149365, 43.119184182780614], [-70.81861812437411, 43.11917042747406], [-70.81854247018805, 43.11916183040742], [-70.81850980133495, 43.119182463367295], [-70.8184479024554, 43.11920825456712], [-70.81843930538882, 43.119237484593576], [-70.8184307083222, 43.119264995206684], [-70.81842039184231, 43.119297664059786], [-70.81840147829578, 43.119344088219414], [-70.81837224826934, 43.11938019589914], [-70.81832238528303, 43.1194352171254], [-70.81824673109693, 43.119455850085295], [-70.8182278175504, 43.119414584165575], [-70.81828971642996, 43.11935268528602], [-70.81831550762975, 43.11932345525957], [-70.81835505413613, 43.11927359227327], [-70.81835333472279, 43.11922888752695], [-70.81835161530945, 43.11918590219392]]]}, "properties": {"Hectares": 0.05805126243, "Acres": 0.14344766665, "Year": "2023", "LABEL": "Lower Piscataqua River North", "Type": 1, "Name": "Eelgrass", "Confidence": "L", "Notes": "UAV Imagery - Deep Water Obsuring Classification"}}, {"type": "Feature", "geometry": {"type": "MultiPolygon", "coordinates": [[[[-70.82307916807541, 43.12353252396158], [-70.82291811587442, 43.12366418304575], [-70.82293341834567, 43.12360127286493], [-70.82299371929881, 43.12354990538635], [-70.82307916807541, 43.12353252396158]]], [[[-70.8225782556415, 43.122942497909406], [-70.8226703550758, 43.12294694756308], [-70.8228645026981, 43.12296793649522], [-70.82303766138818, 43.1230309032916], [-70.82328428134079, 43.12308862285501], [-70.82341546216665, 43.12317782581656], [-70.82345635728068, 43.123224173651344], [-70.82313036370611, 43.12349067267703], [-70.82311019913755, 43.123436829239076], [-70.82302960163815, 43.12340727682264], [-70.8229973626384, 43.12337235123955], [-70.82293557122222, 43.12336697807292], [-70.82286572005606, 43.123350858573026], [-70.82281198838976, 43.12329444032348], [-70.82278780913995, 43.123216529407365], [-70.82274482380694, 43.12316011115781], [-70.82270721164059, 43.12306876732516], [-70.8225782556415, 43.122942497909406]]]]}, "properties": {"Hectares": 0.21314757733, "Acres": 0.52669866842, "Year": "2023", "LABEL": "Lower Piscataqua River North", "Type": 1, "Name": "Eelgrass", "Confidence": "M", "Notes": "UAV Imagery Obscured"}}, {"type": "Feature", "geometry": {"type": "Polygon", "coordinates": [[[-70.82287535076118, 43.12377324224971], [-70.82291331802796, 43.12368390750439], [-70.82291811587442, 43.12366418304575], [-70.82307916807541, 43.12353252396158], [-70.82313665489137, 43.1235074713823], [-70.82313036370611, 43.12349067267703], [-70.82345635728068, 43.123224173651344], [-70.82349417066212, 43.12326702877816], [-70.82353614852643, 43.12331950110847], [-70.82368915784171, 43.12344354569739], [-70.82382012877824, 43.123530859655055], [-70.82386042752793, 43.12366518882077], [-70.82395109971472, 43.123702129341346], [-70.82407535419296, 43.123792801528126], [-70.8241190111718, 43.12386668256924], [-70.82421304158778, 43.12388011548584], [-70.82428692262893, 43.12400436996405], [-70.82429699731632, 43.12409168392175], [-70.82427348971235, 43.12416556496288], [-70.82423319096263, 43.12424280423313], [-70.82426677325408, 43.12439728277364], [-70.82422647450434, 43.1244073574611], [-70.82410893648442, 43.124356984023976], [-70.82388393513192, 43.12421258017086], [-70.82376303888282, 43.124105116838315], [-70.82356154513428, 43.12400436996408], [-70.82318878169957, 43.12390026486065], [-70.82287535076118, 43.12377324224971]]]}, "properties": {"Hectares": 0.64810697566, "Acres": 1.60150579873, "Year": "2023", "LABEL": "Upper Piscataqua River", "Type": 1, "Name": "Eelgrass", "Confidence": "M", "Notes": "UAV Imagery Obscured"}}, {"type": "Feature", "geometry": {"type": "Polygon", "coordinates": [[[-70.8693064290648, 43.08978737323927], [-70.86921701957212, 43.089711719053184], [-70.86908978298638, 43.08956728833421], [-70.86901756762695, 43.08946756236167], [-70.86890752517445, 43.089347203429206], [-70.868787166242, 43.08926123276321], [-70.86868056261613, 43.08917870092377], [-70.86856020368369, 43.089103046737726], [-70.86847767184427, 43.08904802551145], [-70.86841577296474, 43.0890205148983], [-70.86835731291183, 43.08898612663186], [-70.8683641905651, 43.088941421885536], [-70.8684948659775, 43.08898956545853], [-70.86864617434969, 43.089065219644624], [-70.86869775674933, 43.089058341991375], [-70.86866680730957, 43.08900332076511], [-70.86872870618906, 43.08898612663189], [-70.8688215545084, 43.08898956545854], [-70.86891784165432, 43.08904802551143], [-70.86884218746825, 43.08909960791105], [-70.86875621680224, 43.08910648556435], [-70.86877684976207, 43.08918213975044], [-70.86892471930766, 43.089261232763185], [-70.86901068997362, 43.08926467158983], [-70.86906571119991, 43.089288743376315], [-70.8690485170667, 43.08934720342922], [-70.86912073242617, 43.089450368228455], [-70.86919982543891, 43.08955353302769], [-70.86927547962502, 43.08960511542732], [-70.86932706202465, 43.08968764726669], [-70.86937864442427, 43.08978393441265], [-70.86942678799721, 43.089783934412615], [-70.86942334917059, 43.0897392296663], [-70.86949212570345, 43.089742668492946], [-70.86947837039685, 43.08980456737251], [-70.86949212570345, 43.08991804865166], [-70.86941991034395, 43.08991117099837], [-70.8693064290648, 43.08978737323927]]]}, "properties": {"Hectares": 0.13750858072, "Acres": 0.33979080255, "Year": "2023", "LABEL": "Great Bay", "Type": 1, "Name": "Eelgrass", "Confidence": "H", "Notes": "UAV Imagery - Shallow Depth Good"}}, {"type": "Feature", "geometry": {"type": "Polygon", "coordinates": [[[-70.868226803, 43.089479832000045], [-70.86817750399999, 43.08946046500005], [-70.868133487, 43.08942173000003], [-70.868121162, 43.08936010600007], [-70.86812644400001, 43.08930728600008], [-70.86812820499996, 43.08926326900008], [-70.86817398199999, 43.08923861900007], [-70.86817750399997, 43.08918403800003], [-70.86822152099997, 43.08916643100007], [-70.86824793100001, 43.08920340500005], [-70.86824440899997, 43.08924742200001], [-70.868307794, 43.08928087500004], [-70.86836413599998, 43.08925974700005], [-70.868420477, 43.08928967900003], [-70.86846449399998, 43.08929496100006], [-70.868497947, 43.08931961000007], [-70.86850429299997, 43.089333888000034], [-70.86848988199998, 43.089357220000075], [-70.86848579400001, 43.08941717600004], [-70.86848067999998, 43.08944189600005], [-70.86847858000002, 43.089442858000034], [-70.868480109, 43.08944465700007], [-70.868477618, 43.08945669300003], [-70.868420387, 43.08948258300007], [-70.86836724399998, 43.08947849500001], [-70.86835770600001, 43.089501660000046], [-70.868357706, 43.08951664900006], [-70.868369418, 43.08958195100008], [-70.86832187899999, 43.08958195100008], [-70.86826553799996, 43.08955906300009], [-70.868242649, 43.08952384900006], [-70.868226803, 43.089479832000045]]]}, "properties": {"Hectares": 0.08085586346, "Acres": 0.1997990132, "Year": "2023", "LABEL": "Great Bay", "Type": 1, "Name": "Eelgrass", "Confidence": "H", "Notes": "UAV Imagery - Shallow Depth Good"}}, {"type": "Feature", "geometry": {"type": "Polygon", "coordinates": [[[-70.88031363999997, 43.07118019000005], [-70.88033981097522, 43.071187788045854], [-70.88035586299999, 43.07116353600002], [-70.88127005800001, 43.070802940000085], [-70.88175511400001, 43.07071475500007], [-70.88212878800003, 43.07046422200009], [-70.88231943399998, 43.070427136000056], [-70.88244378300003, 43.07040172000005], [-70.88284449299995, 43.070317579000076], [-70.88313025499998, 43.07032193700009], [-70.88335904399999, 43.070324508000034], [-70.88354442699999, 43.070372452000086], [-70.88365724100002, 43.070401628000056], [-70.88374978499998, 43.07047874800004], [-70.88366238299994, 43.07065869500007], [-70.88368158599998, 43.07068321600008], [-70.88356133699996, 43.07077067000007], [-70.883361227, 43.07082784400007], [-70.88320113899996, 43.07097078000001], [-70.883269748, 43.071136585000026], [-70.88348129300003, 43.071119433000035], [-70.88375001199996, 43.07099364900007], [-70.88399014299996, 43.07101080200007], [-70.88395583899997, 43.07118232400006], [-70.88375001199995, 43.07132526000001], [-70.88352131499992, 43.07141673900004], [-70.88333869499998, 43.07140981200008], [-70.88320249299994, 43.07132629200005], [-70.88293779999998, 43.07135841500011], [-70.88276661500001, 43.07132526000005], [-70.88261399999993, 43.07132757700007], [-70.88243500399997, 43.07137099900009], [-70.88218949099998, 43.071609255000055], [-70.88192966299997, 43.071639235000085], [-70.88161117399996, 43.07180784700007], [-70.88136137899998, 43.07195772400008], [-70.88089925799994, 43.07208886600009], [-70.88056828, 43.072232499000066], [-70.88049334099999, 43.07240111000004], [-70.88091799299998, 43.072382376000085], [-70.88133015499997, 43.07234490600006], [-70.88143631799996, 43.07243858000004], [-70.88114280799998, 43.07254474200004], [-70.88068693199996, 43.07260094600007], [-70.88034970899999, 43.072713354000015], [-70.88021232099999, 43.07298812900008], [-70.87990632199997, 43.073169230000076], [-70.879606568, 43.07317547500004], [-70.879350528, 43.07310053700009], [-70.879032039, 43.07304433300007], [-70.878669836, 43.07310678200002], [-70.87825767399994, 43.07315049600004], [-70.87790171599995, 43.07325665900004], [-70.877570737, 43.07321918900004], [-70.87769563499995, 43.07306931200003], [-70.87810155199999, 43.07293817000005], [-70.87851995899997, 43.07280078300007], [-70.87896958999994, 43.07261343600003], [-70.87965028199994, 43.07231368200008], [-70.87960032299998, 43.07210760100004], [-70.87980015899998, 43.071938989000046], [-70.88002497499998, 43.071814092000075], [-70.87960032300002, 43.071807847000045], [-70.87980015899998, 43.07164548000005], [-70.879893833, 43.07148935800006], [-70.88024354599997, 43.07133323600003], [-70.8802624870186, 43.071333950923474], [-70.88031363999997, 43.07118019000005]]]}, "properties": {"Hectares": 5.14345678318, "Acres": 12.7097472687, "Year": "2023", "LABEL": "Great Bay", "Type": 1, "Name": "Eelgrass", "Confidence": "H", "Notes": "UAV Used"}}, {"type": "Feature", "geometry": {"type": "Polygon", "coordinates": [[[-70.87375843099996, 43.07630339400004], [-70.87412903999999, 43.07636013100007], [-70.87425051499997, 43.0763630050001], [-70.87435031800001, 43.07650647100009], [-70.87431912899997, 43.076684245000074], [-70.87409145399994, 43.07684642400007], [-70.874016602, 43.077120881000056], [-70.874082098, 43.07738286300001], [-70.874195065, 43.07739453000004], [-70.87451418799998, 43.07718544900007], [-70.87472326899999, 43.07683331300011], [-70.87491365699998, 43.076707831000064], [-70.87518544699999, 43.07678929600008], [-70.87518544700002, 43.077119424000045], [-70.87540553199997, 43.07731750000004], [-70.87607679099997, 43.07717444500002], [-70.87656097799999, 43.07695436000007], [-70.87690755299998, 43.07683769100003], [-70.87737995199998, 43.076747869000044], [-70.87765733099204, 43.07673914598468], [-70.87767373699998, 43.0767386300001], [-70.87768092000002, 43.076794901000035], [-70.87780554799998, 43.07684205800009], [-70.87780217999996, 43.07695152900006], [-70.87777523299997, 43.077044158000064], [-70.877861126, 43.07711489300004], [-70.87796722899999, 43.077162050000034], [-70.87798912299998, 43.07724794300002], [-70.87801101699998, 43.07727152100008], [-70.87806827899998, 43.07718057600008], [-70.87807164699996, 43.0771216300001], [-70.87799080699993, 43.07703573700006], [-70.87802112199996, 43.07695995000003], [-70.87793017699997, 43.07694142400005], [-70.87798575499995, 43.07687405700008], [-70.87802617499996, 43.07683532100006], [-70.87798406999998, 43.07679321700003], [-70.87802617499996, 43.076739323000005], [-70.87801744899998, 43.0767320510001], [-70.87801847091684, 43.07673205888196], [-70.87835136499996, 43.0767345620001], [-70.87842195499998, 43.07676121800006], [-70.87848763699999, 43.076799953000034], [-70.878523005, 43.076857215000075], [-70.87849437399996, 43.076934687000076], [-70.87852637299997, 43.07697005500005], [-70.87857353000001, 43.07689595100004], [-70.87862910800003, 43.07684205800006], [-70.87863079200001, 43.07679321700003], [-70.87863584399999, 43.076757849000074], [-70.87877386299995, 43.07668798700007], [-70.87920199699995, 43.076943356000086], [-70.87924601400002, 43.07731750000008], [-70.879381326, 43.077577560000094], [-70.87943771999998, 43.07769045800007], [-70.87944824599998, 43.07777203500009], [-70.87936140600002, 43.077822034000086], [-70.87934035399999, 43.07790361100007], [-70.87921924199998, 43.07795873700008], [-70.87907456999994, 43.078066765000095], [-70.878914048, 43.078158868000074], [-70.87866152599999, 43.07824600800007], [-70.87824564299999, 43.078322022000066], [-70.87798375899996, 43.078491089000046], [-70.877677073, 43.078714605000094], [-70.87750033899994, 43.07894332000008], [-70.87742236900002, 43.079270797000085], [-70.87735999200002, 43.07956708600007], [-70.87731320899998, 43.07984778100007], [-70.87720405099999, 43.08001411900006], [-70.877133876, 43.080032312000064], [-70.87696664499998, 43.08005889200006], [-70.87670893499998, 43.08003621100008], [-70.87649841399998, 43.08020384800006], [-70.87631830099998, 43.08012119900007], [-70.87595027899995, 43.08017421900005], [-70.87575691099995, 43.080274022000026], [-70.87572884199996, 43.08053600400009], [-70.875688297, 43.08062021300001], [-70.87551987999996, 43.08067635100008], [-70.875460623, 43.080695064000054], [-70.87537329500002, 43.080695064000096], [-70.87527428999996, 43.080748529000054], [-70.875070104, 43.0807855780001], [-70.87505453499995, 43.080796438000036], [-70.87501628599998, 43.08080230300004], [-70.87498610599995, 43.08083161500007], [-70.87495191399995, 43.08085971900003], [-70.87489213199997, 43.08087347600009], [-70.87485353399998, 43.08085460800006], [-70.87460910699998, 43.08086823700006], [-70.87439718900002, 43.080767106000074], [-70.87420996999998, 43.08080032500004], [-70.87399165200002, 43.080804224000076], [-70.87366807299998, 43.080827615000054], [-70.87340687099999, 43.08095626700004], [-70.87320759100001, 43.08103160000007], [-70.873075494, 43.08112000500007], [-70.872970234, 43.081197976000084], [-70.87289226300003, 43.081369512000016], [-70.87283503799996, 43.08149602300008], [-70.87219021599999, 43.08176967100007], [-70.87201337699999, 43.081871372000094], [-70.87197378799995, 43.08188027100006], [-70.87187624899997, 43.0819439570001], [-70.87175685399997, 43.08195942600003], [-70.87158563900002, 43.08206358000005], [-70.87135461399998, 43.08219546500003], [-70.87120630100002, 43.08227517500007], [-70.87118089099997, 43.08227901500004], [-70.87116649299999, 43.082292322000086], [-70.87113120899994, 43.08229610200005], [-70.87108218799999, 43.08232213800007], [-70.87103382100001, 43.082336191000046], [-70.87096564200002, 43.08238963000011], [-70.870708194, 43.082452989000075], [-70.87053469599992, 43.082428463000056], [-70.87048712400001, 43.08239780600009], [-70.87043208300001, 43.08237100500001], [-70.87041156799998, 43.08236101700007], [-70.87037518899999, 43.08236101700003], [-70.870343669, 43.08236101700006], [-70.87033321399997, 43.08236101700005], [-70.87030243199997, 43.082356929000056], [-70.87026605399997, 43.08233649000003], [-70.87025390599997, 43.08230839500005], [-70.87017977299995, 43.082264936000065], [-70.870159454, 43.08217520200003], [-70.870125017, 43.082120272000054], [-70.87009942799995, 43.082066064000045], [-70.870132169, 43.08200058100006], [-70.87016672999998, 43.08190417500004], [-70.870243127, 43.08183687300007], [-70.87029951499994, 43.08166770800005], [-70.87033953199997, 43.081578579000066], [-70.87039955799999, 43.08147307800006], [-70.87045776599997, 43.081409414000085], [-70.87048868799998, 43.08134393100005], [-70.87056326599998, 43.08126353200004], [-70.87060546599997, 43.08114711800006], [-70.87064326999999, 43.081093924000086], [-70.87065930799999, 43.08106708300007], [-70.87069568700001, 43.081016152000075], [-70.87073497700003, 43.080944848000094], [-70.87083132199997, 43.08072387600004], [-70.87090967599998, 43.080597155000085], [-70.87096284499998, 43.080509267000046], [-70.87097619799992, 43.080486103000084], [-70.871019828, 43.08043444400006], [-70.871054389, 43.08039988400003], [-70.87107717, 43.08030489100002], [-70.87110835899996, 43.080243559000046], [-70.87110835899996, 43.080222097000046], [-70.87115625199998, 43.080210710000074], [-70.87126175199998, 43.08005246000006], [-70.871296312, 43.079954235000095], [-70.87132103399998, 43.07989813600007], [-70.87133782499998, 43.07985112600003], [-70.87137420299999, 43.07978980800006], [-70.87138019, 43.07974899900008], [-70.87139068499994, 43.07973368400009], [-70.87142797800001, 43.07967220300004], [-70.87146095199996, 43.07964264500006], [-70.87148247399998, 43.07959155600004], [-70.87156789499997, 43.07948848300008], [-70.87162001699994, 43.07942855100004], [-70.871651711, 43.07942209700009], [-70.87167764200001, 43.07939450000004], [-70.87170732799997, 43.07929671200002], [-70.87176407999996, 43.07926475700007], [-70.87177508099997, 43.079223895000055], [-70.87178815499995, 43.07916199200008], [-70.871812651, 43.07912112100007], [-70.87183593099999, 43.07909691200007], [-70.87185068900003, 43.07909374200004], [-70.87193551399999, 43.07898728000004], [-70.87198424399998, 43.07886185700008], [-70.87206819499997, 43.07874330700003], [-70.87213255700001, 43.078665636000046], [-70.87216054099999, 43.078608405000054], [-70.87219691999998, 43.07856752600003], [-70.87222564599996, 43.07854845100009], [-70.87225166500001, 43.07850889700009], [-70.87229126999995, 43.07843036700006], [-70.872330667, 43.07836800200006], [-70.87241114499999, 43.07832612700004], [-70.87245348100001, 43.07824963700007], [-70.87248450399996, 43.078195295000064], [-70.87252355999993, 43.07815919500007], [-70.87253468999995, 43.07815119000002], [-70.87255447900002, 43.07811293500004], [-70.87254384499995, 43.07808255200006], [-70.87257746799997, 43.0780403520001], [-70.87264426899999, 43.077990300000046], [-70.87268077799996, 43.077938017000086], [-70.87273978099998, 43.07785154000004], [-70.87279327000002, 43.07776502400004], [-70.872863062, 43.077696807000045], [-70.87288558099998, 43.077660592000015], [-70.87289636099997, 43.077662364000055], [-70.872921694, 43.077606852000024], [-70.872955275, 43.077549620000106], [-70.87299724999997, 43.077482168000074], [-70.873016525, 43.07745030400008], [-70.87301510399995, 43.07744932400005], [-70.87300444499995, 43.0774209620001], [-70.87302992799994, 43.077368602000064], [-70.87307449699993, 43.07733254000006], [-70.873099694, 43.07730240500006], [-70.87315591199999, 43.07721792900005], [-70.873209088, 43.07715565800006], [-70.87323412799999, 43.077137646000054], [-70.87328691199997, 43.07710568200009], [-70.87329247699995, 43.077101679000094], [-70.87331570700002, 43.07708398700006], [-70.87332745599998, 43.07706110100002], [-70.87333864999994, 43.077001824000035], [-70.87333978799997, 43.07699916400002], [-70.87335264099995, 43.076969120000065], [-70.87336103699994, 43.076940504000035], [-70.873386222, 43.07691188700006], [-70.87343455099997, 43.07691997700004], [-70.87343379399996, 43.07680968600006], [-70.87348944499998, 43.07675529600008], [-70.87353589399999, 43.07670673600006], [-70.87357811899997, 43.076656065000094], [-70.873588598, 43.076582410000086], [-70.87364779199999, 43.07652094200008], [-70.87367735000001, 43.07647238200012], [-70.87367692199999, 43.07640637900004], [-70.87371578599996, 43.076387125000075], [-70.87373974599998, 43.07636832400006], [-70.87374581700001, 43.076345767000085], [-70.87375590699997, 43.07633933900006], [-70.87375843099996, 43.07630339400004]]]}, "properties": {"Hectares": 23.30587748052, "Acres": 57.59002654037, "Year": "2023", "LABEL": "Great Bay", "Type": 1, "Name": "Eelgrass", "Confidence": "H", "Notes": "UAV used"}}, {"type": "Feature", "geometry": {"type": "Polygon", "coordinates": [[[-70.90095373066525, 43.062582836570165], [-70.90097288788328, 43.06256872072533], [-70.90100011129842, 43.06257073727459], [-70.90101826024181, 43.06259392759121], [-70.90101926851644, 43.06261106825998], [-70.90101422714328, 43.062638291675086], [-70.900981962355, 43.06264837442145], [-70.90096683823548, 43.06264232477363], [-70.90094364791892, 43.06262316755554], [-70.90094465619353, 43.06260401033751], [-70.90095373066525, 43.062582836570165]]]}, "properties": {"Hectares": 0.0041810104, "Acres": 0.01033149257, "Year": "2023", "LABEL": "Great Bay", "Type": 1, "Name": "Eelgrass", "Confidence": "M", "Notes": "Boundary Difficult to Discern"}}, {"type": "Feature", "geometry": {"type": "Polygon", "coordinates": [[[-70.88148977975361, 43.06481156339365], [-70.88152738699996, 43.06238270700003], [-70.88155201999997, 43.06231631800008], [-70.88182797799998, 43.062172281000066], [-70.88188000599997, 43.062044054000076], [-70.88189152299998, 43.06195831900002], [-70.88221976299998, 43.061886842000014], [-70.882155898, 43.06176307900007], [-70.88218824799996, 43.06165726400009], [-70.88224782799995, 43.061549409000065], [-70.88230906300001, 43.06153295800006], [-70.882337088, 43.06164424700006], [-70.88235382399998, 43.061839502000055], [-70.88248221499998, 43.061955943000065], [-70.88249581699996, 43.062073190000035], [-70.88248455999998, 43.06235971200005], [-70.88244148199995, 43.06258802100008], [-70.88232655099999, 43.06275877800005], [-70.882487579, 43.06278549600004], [-70.88261296699994, 43.06262925100005], [-70.88268786500001, 43.06245915400007], [-70.88273318800002, 43.06230422700003], [-70.88273600799992, 43.06206923800004], [-70.88276952499999, 43.06185576900001], [-70.88284419699995, 43.06167833300003], [-70.88302411499997, 43.0616680300001], [-70.883335932, 43.061714291000044], [-70.88325192799996, 43.061913907000076], [-70.88304760199999, 43.062108161000054], [-70.88291108499996, 43.062227879000034], [-70.882945153, 43.06235947400006], [-70.88280446700001, 43.06267015100008], [-70.88261081999997, 43.0628862550001], [-70.88242425999995, 43.06300679600004], [-70.88234801299997, 43.06313286400006], [-70.88235115699999, 43.063235600000034], [-70.88242563899999, 43.06326344400004], [-70.88247849899997, 43.06324775800008], [-70.88265513499996, 43.06318514600011], [-70.88272790499998, 43.063114716000044], [-70.88283774299998, 43.06301588600011], [-70.88296417899998, 43.06293646300002], [-70.883054051, 43.062835402000076], [-70.88310111399996, 43.06271390900009], [-70.88319533899994, 43.06264366900006], [-70.883527785, 43.06267350900005], [-70.88354442899998, 43.062723296000065], [-70.88364955699994, 43.0626141920001], [-70.88380329599995, 43.06251650700006], [-70.88396261299992, 43.062489614000086], [-70.88403689700002, 43.06240208700007], [-70.88422926399998, 43.062373436000044], [-70.88423021100003, 43.06237418000008], [-70.88438677899998, 43.06240798200002], [-70.88441079200001, 43.0625160650001], [-70.88437909700001, 43.06280990500005], [-70.88424555799996, 43.06292429100008], [-70.88408867899996, 43.06300772200008], [-70.88401784399998, 43.06320648100006], [-70.88388207400001, 43.06331430400008], [-70.883602351, 43.063448932000036], [-70.883479644, 43.06351611500004], [-70.88343523599998, 43.063591040000084], [-70.88340586399998, 43.06364859500008], [-70.88343457799994, 43.063696634000046], [-70.88347646399997, 43.063718717000064], [-70.88357844699993, 43.06372034900007], [-70.88368071699999, 43.0636957930001], [-70.88373412600001, 43.06358627200008], [-70.88383809299994, 43.063514769000065], [-70.88403455899999, 43.063463567000056], [-70.884146586, 43.06337583600004], [-70.884314207, 43.06339955700003], [-70.88449888199999, 43.06335003100001], [-70.88463054799998, 43.06333708800001], [-70.88470669299997, 43.06351676000001], [-70.884756157, 43.063621177000066], [-70.88488007299999, 43.06366295000006], [-70.88499393299999, 43.06377795700007], [-70.88506887199998, 43.06376251400007], [-70.885130101, 43.06374353800006], [-70.88516076199997, 43.06367636000008], [-70.88527401099998, 43.06356610400009], [-70.88533916799999, 43.06351243600009], [-70.88540423900001, 43.063441599000065], [-70.88551357700001, 43.0633342620001], [-70.88560525599996, 43.063301741], [-70.88567423899997, 43.06324571800009], [-70.8857349, 43.063196456000064], [-70.88585382399998, 43.06314027700005], [-70.885981315, 43.063109639000075], [-70.88606090199997, 43.063039840000044], [-70.886226025, 43.06301930000006], [-70.88637129399996, 43.0629995620001], [-70.88644815299998, 43.06297986100004], [-70.88648219000001, 43.06302760400007], [-70.886582054, 43.063091182000065], [-70.88662606799994, 43.06306761800006], [-70.88667114500002, 43.06308280100008], [-70.88677569599999, 43.06303049000008], [-70.886879176, 43.06300409200004], [-70.88699988400002, 43.062947309000066], [-70.88709383099999, 43.062872833000036], [-70.88712859499998, 43.062809546000075], [-70.88723441199997, 43.06277741100008], [-70.887332371, 43.06274891200006], [-70.887428039, 43.06274967100007], [-70.88747898799996, 43.06274766100006], [-70.88753418000002, 43.06266668900002], [-70.88760705499993, 43.06266139200006], [-70.88780733499998, 43.06257216400007], [-70.88785890899999, 43.062574952000034], [-70.88785559499996, 43.06257784200006], [-70.88794643800001, 43.06262042400007], [-70.888059991, 43.06264313500001], [-70.88825587099997, 43.062677201000035], [-70.88845458899995, 43.062759527000026], [-70.88869588899999, 43.06278223800006], [-70.888934884, 43.06285533700003], [-70.88918416800003, 43.06281275500006], [-70.889275603, 43.06282414300004], [-70.88944321199999, 43.062809206000075], [-70.88968894799997, 43.06276662400006], [-70.889780323, 43.062830498000054], [-70.88993290999998, 43.06280210900005], [-70.89008372300002, 43.06284646600006], [-70.89016001699997, 43.06291566300009], [-70.89030905500002, 43.06292985700004], [-70.890504225, 43.06293695400009], [-70.89066390899998, 43.06294759900004], [-70.89081117399996, 43.06292741700002], [-70.89093315499997, 43.062932962000055], [-70.891127215, 43.06296622900004], [-70.89133790999993, 43.06300504100005], [-70.89152088199997, 43.06298286300008], [-70.89177038799994, 43.06290523900003], [-70.89202543899995, 43.06284424800003], [-70.89214742099996, 43.06282207000005], [-70.89233593700001, 43.06270008900003], [-70.89249033199997, 43.062614942000046], [-70.89276926699995, 43.06263586200002], [-70.89313885599996, 43.06261494200005], [-70.89331319099996, 43.062587048000076], [-70.89349449899998, 43.062573102000094], [-70.89359909999999, 43.06249639400006], [-70.89352239200001, 43.06244060700008], [-70.89326437699998, 43.062426661000075], [-70.89323648399996, 43.06235692700009], [-70.89336200499999, 43.06225232600012], [-70.89350321599994, 43.06209019500009], [-70.89373856699999, 43.062116345000085], [-70.893721134, 43.062220946000025], [-70.89361653299996, 43.06228196300006], [-70.89375699799997, 43.06227393600007], [-70.89380525400001, 43.06234523500009], [-70.89391290199997, 43.062430147000065], [-70.89411618599999, 43.06243612600009], [-70.89423773199997, 43.06249493900005], [-70.894448427, 43.06243949300005], [-70.89456486299999, 43.062478305000084], [-70.89460758699997, 43.06248730000006], [-70.89459280699998, 43.06254346500005], [-70.89452050599996, 43.06261137500009], [-70.89458149699998, 43.06266127700006], [-70.89477555699996, 43.06268345500006], [-70.894720112, 43.06281098100005], [-70.89468684399999, 43.0628886050001], [-70.89480882500003, 43.062977318000065], [-70.89496961799996, 43.062905239000045], [-70.89502506400002, 43.062738901000046], [-70.89519140200001, 43.06270008900002], [-70.89532447199997, 43.06271117800007], [-70.89536760999994, 43.062642516000054], [-70.89545199799996, 43.06265018800012], [-70.89569041499996, 43.06261137500008], [-70.89586784199996, 43.0626834550001], [-70.89606744799995, 43.06273890100004], [-70.89627814200001, 43.06272781200005], [-70.89648883699996, 43.0625891970001], [-70.89657754999998, 43.06239513600006], [-70.89661740599998, 43.06220914200004], [-70.89673279899999, 43.0621622630001], [-70.896910226, 43.06210127300006], [-70.89705992999998, 43.06203473800009], [-70.89727062400003, 43.06202364900003], [-70.89735933799996, 43.06192384600006], [-70.89734643699995, 43.06177763700005], [-70.89738706099996, 43.0616909730001], [-70.89729280299997, 43.06156344700004], [-70.89728725799995, 43.061402654000055], [-70.89722072300002, 43.06129176200007], [-70.89714309899996, 43.06114760300006], [-70.89703220699995, 43.06107552300007], [-70.89692131500003, 43.060964631000054], [-70.89681596799993, 43.06091473000006], [-70.89668289699996, 43.06091473000006], [-70.89641675699998, 43.06097017600011], [-70.89625596399999, 43.06095354200005], [-70.89607853699995, 43.06092581900005], [-70.896012002, 43.060814927000095], [-70.89584566399999, 43.060798294000065], [-70.89569041499993, 43.060781660000046], [-70.89557952299998, 43.06069849100003], [-70.89550744400002, 43.06065413400009], [-70.89541318600001, 43.06063195600005], [-70.89533731199997, 43.06065238300004], [-70.89533556099998, 43.060643045000084], [-70.89521357999998, 43.06063195600006], [-70.895081896, 43.06042264700007], [-70.89492248899998, 43.06035334000009], [-70.89469525999993, 43.06045642900005], [-70.89453436799998, 43.06054047000006], [-70.89447199099999, 43.060630570000086], [-70.89436109900001, 43.06053353900003], [-70.89436109900001, 43.060367201000076], [-70.89431456899997, 43.06024399200002], [-70.89420299499994, 43.06019936200008], [-70.89404121199992, 43.060188205000024], [-70.894124893, 43.06014357500005], [-70.89397984600002, 43.06009894600003], [-70.89378861999998, 43.06009413000006], [-70.89369436199996, 43.06007195200007], [-70.893773434, 43.05993716300006], [-70.89388500800003, 43.05981164200005], [-70.89368975399996, 43.05970006800004], [-70.89357817999998, 43.05963033400007], [-70.89344568499996, 43.05967217500006], [-70.89345265899995, 43.05953968000009], [-70.893445893, 43.059444959000096], [-70.89353356899996, 43.05940660100006], [-70.89362001999999, 43.05942810600006], [-70.89375948699998, 43.05943508000008], [-70.89383619499993, 43.059623361000064], [-70.89394079499995, 43.05965822800005], [-70.89395474199996, 43.05944902600004], [-70.89389198199997, 43.0593025850001], [-70.89378040799994, 43.05908641100007], [-70.89385711499997, 43.058919049000075], [-70.89394941300002, 43.05887986500005], [-70.89408802799994, 43.05879115100005], [-70.89412683999997, 43.058591546000066], [-70.89410466199998, 43.05839748500008], [-70.89424882099995, 43.058271808000036], [-70.89453713998383, 43.058220057974346], [-70.89468694764592, 43.05828223923559], [-70.89486981554494, 43.05828659308658], [-70.89509603499995, 43.058171266000045], [-70.8953133829598, 43.0581368890841], [-70.89546863155499, 43.05809253234258], [-70.89560724637214, 43.05814797826946], [-70.89596210030406, 43.05824778093778], [-70.89640308, 43.05820675100008], [-70.89671653499994, 43.05826589300005], [-70.89718967299999, 43.05837826400008], [-70.89733058895716, 43.05836902636214], [-70.89759612233192, 43.05841730515754], [-70.89782542219308, 43.05853955924455], [-70.8981030496837, 43.0585581183108], [-70.89826800223464, 43.05870295469704], [-70.89832835072886, 43.05890411634457], [-70.89816742141089, 43.05927827700898], [-70.89818753757564, 43.059451276025825], [-70.89835651335956, 43.059507601287166], [-70.89852146591052, 43.05956794978142], [-70.89871458109218, 43.059704739701715], [-70.89885137101248, 43.05985359932089], [-70.898887580109, 43.06002659833775], [-70.89883383, 43.06030630300005], [-70.89896394299997, 43.06043050200004], [-70.898993514, 43.06055470100007], [-70.89910588399997, 43.06069664300002], [-70.89933044, 43.06070449800006], [-70.89968942199998, 43.06085277800001], [-70.899956797, 43.06074800900009], [-70.90014721699998, 43.0608146560001], [-70.90034477799999, 43.06093366900006], [-70.900383359, 43.06109289600007], [-70.90045486400003, 43.06139543700002], [-70.90040228399995, 43.06147101300007], [-70.90033919899999, 43.061584566000114], [-70.90024457100002, 43.06189999200007], [-70.9003265819999, 43.06219649200005], [-70.90032658199995, 43.062410981000056], [-70.90032027300002, 43.06254976900007], [-70.90029503899997, 43.06273902400005], [-70.90019410299993, 43.06290856600001], [-70.90016086960993, 43.06305785524739], [-70.90018779500001, 43.06318692900004], [-70.90026625699998, 43.0634392690001], [-70.90024141699999, 43.063724730000054], [-70.90007344899993, 43.06391794400004], [-70.89989348299999, 43.06401942200007], [-70.89972591299997, 43.06406512300003], [-70.89960452099999, 43.06417556600008], [-70.89940933999998, 43.06429933900006], [-70.89923558199996, 43.06433980300006], [-70.899096609, 43.06436754200011], [-70.89897851499994, 43.06440169000007], [-70.89879047599999, 43.06446119600005], [-70.89865004099998, 43.06450166000009], [-70.89854769100002, 43.064534984000026], [-70.89846200200002, 43.06454212400007], [-70.898247779, 43.06455164500008], [-70.89814304799995, 43.06453260300002], [-70.89808320799995, 43.06439276000006], [-70.89800261399998, 43.06408749700009], [-70.89796928999996, 43.06396610400004], [-70.89796691, 43.063809008000085], [-70.89809922999999, 43.06347800800008], [-70.898081162, 43.06339484500006], [-70.89810013799996, 43.06333411200007], [-70.89810013999994, 43.063333975000056], [-70.89804307799997, 43.063347240000056], [-70.89804069799999, 43.063501956000025], [-70.89801213500003, 43.06355670200002], [-70.89794756599998, 43.06363582500006], [-70.89793397799998, 43.063719795000075], [-70.89789550299996, 43.063730460000066], [-70.89788836199999, 43.063799487000054], [-70.89790740399997, 43.063892317000054], [-70.89793596699998, 43.06401370900007], [-70.89796452999998, 43.06425411400006], [-70.89799679500001, 43.06448186800003], [-70.89797339599998, 43.064602762000064], [-70.89791489899996, 43.06463201000002], [-70.89782325399996, 43.06463396000006], [-70.897712235, 43.06465598900009], [-70.89763411300001, 43.06467685800005], [-70.89742693699998, 43.064749492000026], [-70.89729288099996, 43.06473243000007], [-70.89718076199999, 43.064744617000066], [-70.89699064699994, 43.064761678], [-70.89682003099996, 43.06477630300004], [-70.89642822299999, 43.06485003300003], [-70.89639166200001, 43.064783005000045], [-70.896193626, 43.06485003300005], [-70.89601996299999, 43.06485308000004], [-70.89587676699998, 43.06485308000005], [-70.89579986099996, 43.064923026000024], [-70.89579244899998, 43.06490290700002], [-70.89580291499996, 43.064854009000065], [-70.89580350799997, 43.06480665000005], [-70.895794118, 43.06476966000003], [-70.89581048, 43.06420290500009], [-70.89587386499998, 43.06397118700006], [-70.89585903399997, 43.06393561600003], [-70.89572109499996, 43.06431870300004], [-70.895712244, 43.06447224000004], [-70.89569394599994, 43.06481026000008], [-70.89563912299998, 43.06492924800009], [-70.895585082, 43.06498713900006], [-70.89551397400002, 43.06503501400004], [-70.89535480599996, 43.06508045600005], [-70.89503343599999, 43.06508097400006], [-70.894582522, 43.06510534800005], [-70.89450566200001, 43.065190451000056], [-70.89440703099999, 43.06516872000009], [-70.89434853399997, 43.065134597000075], [-70.894251039, 43.06514922100007], [-70.89413891899997, 43.06518821900004], [-70.89403167499998, 43.065195531000064], [-70.89375137699996, 43.065275964000115], [-70.89353932599998, 43.06528327600005], [-70.89332727399996, 43.06529546300004], [-70.893195656, 43.065300338000036], [-70.89307622499999, 43.065334461000106], [-70.89293662099995, 43.065352635000046], [-70.892698432, 43.065317400000055], [-70.89242788299998, 43.065285714000126], [-70.89221095699997, 43.06526377700002], [-70.891706588, 43.06511559400011], [-70.89172247499994, 43.06510661400004], [-70.89173581399997, 43.065090649000076], [-70.89174485599996, 43.06506823300005], [-70.89172425699996, 43.065052038000054], [-70.89166078899999, 43.06495190700008], [-70.891585606, 43.064915291000034], [-70.89149308500004, 43.06490284500007], [-70.89134641199995, 43.06486026200005], [-70.89115715599999, 43.064864994000075], [-70.891031755, 43.064943994000075], [-70.89076445099995, 43.06485079900006], [-70.89054680799995, 43.064855531000035], [-70.89013517699993, 43.064883919000046], [-70.88966676999998, 43.064975590000074], [-70.889298609, 43.0649578470001], [-70.888841734, 43.06498002500008], [-70.88851792999999, 43.06511309600007], [-70.88808541299997, 43.065146538000086], [-70.88781679799997, 43.065101563000056], [-70.88725376299995, 43.06506371200007], [-70.88669262099998, 43.06510345500005], [-70.88632168, 43.065114811000065], [-70.88610492299996, 43.06502438200004], [-70.88598959599997, 43.06486469800006], [-70.88588313999999, 43.064718321000065], [-70.885634742, 43.0646917070001], [-70.88548836499997, 43.064771549000056], [-70.88533755199995, 43.0648247770001], [-70.88514593099995, 43.06464025300007], [-70.88513351099995, 43.06439895200005], [-70.88487624199998, 43.06434572400008], [-70.88461897299999, 43.06442556600008], [-70.88440605999995, 43.06443887300002], [-70.88422756899999, 43.06449405300004], [-70.88389258699996, 43.06451960200008], [-70.883618451, 43.064449408000065], [-70.88334815199997, 43.06454643800004], [-70.88307092199997, 43.06458109200005], [-70.88287686199999, 43.06467119200005], [-70.88252710900001, 43.064573540000055], [-70.88233974599997, 43.06458773400005], [-70.88216373800002, 43.064689932000086], [-70.88195915693119, 43.06476328459824], [-70.88176604174954, 43.064792788306534], [-70.88159438381031, 43.06480888123834], [-70.88148977975361, 43.06481156339365]]]}, "properties": {"Hectares": 50.98673205986, "Acres": 125.99084737267, "Year": "2023", "LABEL": "Great Bay", "Type": 1, "Name": "Eelgrass", "Confidence": "H", "Notes": "UAV Imagery used - Shallow Depth and Clear Water"}}, {"type": "Feature", "geometry": {"type": "Polygon", "coordinates": [[[-70.83949659972922, 43.055708063278885], [-70.83943309768456, 43.05568219207548], [-70.83939781877085, 43.05568924785821], [-70.83936018792957, 43.05564926508937], [-70.8393225570883, 43.055599874610174], [-70.8392496473333, 43.05557165147925], [-70.83920966456448, 43.05552461292761], [-70.83915321830251, 43.05549874172423], [-70.83906854890967, 43.05547051859331], [-70.8390144545753, 43.055432887752005], [-70.83894624867548, 43.05539996076588], [-70.83891096976178, 43.05540936847619], [-70.8388827466308, 43.05543523967958], [-70.83890391397908, 43.05547757437603], [-70.83896506409614, 43.055526964855204], [-70.83900269493739, 43.055559891841334], [-70.83903326999598, 43.05561869003082], [-70.83899093529949, 43.05563515352388], [-70.83891802554456, 43.05564220930662], [-70.83888509855839, 43.055585763044704], [-70.83886863506537, 43.055541076420674], [-70.83881218880343, 43.05550579750699], [-70.83872751941057, 43.05547522244845], [-70.83867107314865, 43.05543523967959], [-70.83876750217942, 43.0554211281141], [-70.83883570807923, 43.055399960765904], [-70.8388051330207, 43.0553623299246], [-70.83876515025183, 43.055341162576354], [-70.83869224049684, 43.05533175486608], [-70.83861697881431, 43.055334106793644], [-70.83852760556624, 43.05531764330056], [-70.83849467858012, 43.05527295667653], [-70.8384641035216, 43.05524002969045], [-70.8385111420732, 43.05522591812492], [-70.83853230942142, 43.055204750776745], [-70.83855582869721, 43.05515536029756], [-70.83860757110398, 43.05513419294934], [-70.83872516748299, 43.05514595258723], [-70.83883806000682, 43.0551624160803], [-70.83891567361697, 43.05519063921124], [-70.83900739879256, 43.05521886234222], [-70.8390756046924, 43.055249437400775], [-70.83912734709918, 43.05527295667655], [-70.8390850124027, 43.055284716314446], [-70.8390073987926, 43.05526825282138], [-70.83889215434114, 43.05522827005251], [-70.83881454073104, 43.05521180655946], [-70.83878866952762, 43.05523297390771], [-70.83892743325487, 43.05528236438688], [-70.83907831254581, 43.0553266866062], [-70.83924494347815, 43.055411720403754], [-70.83935548407442, 43.05549638979664], [-70.83948484009132, 43.055590466899844], [-70.83959302876, 43.05565867279969], [-70.83964947502194, 43.05567984014791], [-70.8396954142635, 43.05573535006485], [-70.83970592128385, 43.055748046047725], [-70.83959773261518, 43.055736286409804], [-70.83949659972922, 43.055708063278885]]]}, "properties": {"Hectares": 0.18954282706, "Acres": 0.46837011179, "Year": "2023", "LABEL": "Great Bay", "Type": 3, "Name": "Widgeon Grass", "Confidence": "M", "Notes": "UAV Images"}}, {"type": "Feature", "geometry": {"type": "Polygon", "coordinates": [[[-70.84713539620786, 43.06516574022098], [-70.84730338400487, 43.06504865888776], [-70.84757674633033, 43.06509071463017], [-70.84771342749312, 43.06518534005053], [-70.84784960895765, 43.065244767242135], [-70.84783959472028, 43.06536407695564], [-70.84769239962195, 43.065469216311605], [-70.84744006516762, 43.065437674504814], [-70.84726132826248, 43.065364076955646], [-70.84713539620786, 43.06516574022098]]]}, "properties": {"Hectares": 0.17972191454, "Acres": 0.44410212991, "Year": "2023", "LABEL": "Great Bay", "Type": 3, "Name": "Widgeon Grass", "Confidence": "M", "Notes": "Satellite Images"}}, {"type": "Feature", "geometry": {"type": "Polygon", "coordinates": [[[-70.81469876131861, 43.12191534028975], [-70.81471814060473, 43.1218765817176], [-70.8147037269222, 43.12185559371306], [-70.81475249649255, 43.12179395439504], [-70.81474504558592, 43.12176686018932], [-70.8147809454085, 43.12174179804899], [-70.81484800356769, 43.12173028301156], [-70.81492589940915, 43.12173841127329], [-70.81498279724111, 43.121749248955595], [-70.81500921409175, 43.12175805457243], [-70.81503427623203, 43.12176211870333], [-70.81507665739737, 43.12181844385931], [-70.81513156537464, 43.121824903621366], [-70.81510404381174, 43.12185491635789], [-70.81508846464348, 43.121885397339334], [-70.81499914025304, 43.12190242076569], [-70.8149462200634, 43.121900299152465], [-70.81486994501242, 43.12191534028976], [-70.81475689917691, 43.121928259813814], [-70.81469876131861, 43.12191534028975]]]}, "properties": {"Hectares": 0.05283918765, "Acres": 0.13056836078, "Year": "2023", "LABEL": "Lower Piscataqua River North", "Type": 1, "Name": "Eelgrass", "Confidence": "M", "Notes": "UAV Imagery - Maybe an Outcrop of Rocks"}}, {"type": "Feature", "geometry": {"type": "Polygon", "coordinates": [[[-70.83708447896358, 43.056986251356605], [-70.83708659574972, 43.05692486455807], [-70.83723053720833, 43.05696508349507], [-70.83720301898832, 43.05711114173983], [-70.83720699799997, 43.05722035300007], [-70.83733742599998, 43.05739207500007], [-70.83733506799999, 43.05739558500007], [-70.83723199300002, 43.057423151000094], [-70.83712681499998, 43.05725931700005], [-70.83711834754207, 43.0571746453245], [-70.83712893147285, 43.057034937438225], [-70.83708447896358, 43.056986251356605]]]}, "properties": {"Hectares": 0.04405765471, "Acres": 0.10886873948, "Year": "2023", "LABEL": "Great Bay", "Type": 3, "Name": "Widgeon Grass", "Confidence": "M", "Notes": "UAV and Go Pro Imagery"}}, {"type": "Feature", "geometry": {"type": "Polygon", "coordinates": [[[-70.85133061399999, 43.05424850000002], [-70.85128912399993, 43.05414708100007], [-70.85130978999996, 43.05390598000002], [-70.85128912399998, 43.05369243300005], [-70.85127234713077, 43.05347758101166], [-70.85141453685583, 43.053397918885295], [-70.85143108900559, 43.05347501207859], [-70.85163889314728, 43.05355768790915], [-70.85169693003355, 43.053722742783826], [-70.85200002896744, 43.053810916891855], [-70.85227447399085, 43.05399588718245], [-70.85248608683376, 43.05417703501766], [-70.85226043399994, 43.05409162800005], [-70.85213268699994, 43.05405850800004], [-70.85194727500003, 43.05408009500009], [-70.85182899099995, 43.05410966700003], [-70.85165156399997, 43.05415402300009], [-70.85153327900001, 43.05420577300006], [-70.851474137, 43.05427970100006], [-70.85133061399999, 43.05424850000002]]]}, "properties": {"Hectares": 0.4045866501, "Acres": 0.99975450126, "Year": "2023", "LABEL": "Great Bay", "Type": 2, "Name": "Wid Eel Grass", "Confidence": "H", "Notes": "UAV and Satelite Imagery - Eelgrass observed on 06/20/23 but not on 08/14/23 indicating an intra-season loss of the vegetation."}}, {"type": "Feature", "geometry": {"type": "Polygon", "coordinates": [[[-70.892483359, 43.0620222040001], [-70.89243019476315, 43.061923845888494], [-70.89245237313389, 43.06183956807969], [-70.892514472572, 43.06175972594501], [-70.89267415684132, 43.06169762650691], [-70.89276730599848, 43.06167101246199], [-70.8928826335263, 43.06163996274299], [-70.89303344644739, 43.06166657678785], [-70.89320643773921, 43.06158673465319], [-70.89333950796363, 43.061533506563414], [-70.8934326571208, 43.06159117032733], [-70.89343265712075, 43.06171536920351], [-70.89334837931194, 43.06181738970893], [-70.8931886950426, 43.06191497454023], [-70.89311772425623, 43.06190610319191], [-70.89302901077326, 43.06184843942798], [-70.89294473296442, 43.06188836049529], [-70.89286045515558, 43.061963766955856], [-70.89266972116721, 43.06199925234904], [-70.892483359, 43.0620222040001]]]}, "properties": {"Hectares": 0.23994003655, "Acres": 0.59290421845, "Year": "2023", "LABEL": "Great Bay", "Type": 1, "Name": "Eelgrass", "Confidence": "M", "Notes": "UAV Images, Sparse Coverage"}}, {"type": "Feature", "geometry": {"type": "Polygon", "coordinates": [[[-70.89292268199999, 43.05990927000006], [-70.89292965500003, 43.05974190800004], [-70.89295754899997, 43.05963730800004], [-70.89304820200003, 43.05967217500006], [-70.89313885599996, 43.05974190800004], [-70.89310399, 43.059839536000034], [-70.893152803, 43.05991624300003], [-70.893014282, 43.06000087000007], [-70.89292268199999, 43.05990927000006]]]}, "properties": {"Hectares": 0.05116827753, "Acres": 0.12643945559, "Year": "2023", "LABEL": "Great Bay", "Type": 1, "Name": "Eelgrass", "Confidence": "H", "Notes": "UAV Imagery - Shallow Depth and Clear Water"}}, {"type": "Feature", "geometry": {"type": "Polygon", "coordinates": [[[-70.89292268199999, 43.05990927000006], [-70.89290873499998, 43.060069657000035], [-70.89267861300002, 43.06016728500003], [-70.892587959, 43.06009755100011], [-70.89259493299994, 43.06025793900008], [-70.89277624099998, 43.06020912500004], [-70.89286689499998, 43.06025096500007], [-70.89270465199996, 43.06031868600007], [-70.89253138399992, 43.06037413200005], [-70.89234425399998, 43.0603325480001], [-70.89206009299996, 43.06032561700005], [-70.89195613199998, 43.06056819300007], [-70.89212246999998, 43.060789977000105], [-70.89214326199998, 43.060949384000054], [-70.89218484653685, 43.061157305949685], [-70.89213633135083, 43.0613236437303], [-70.89192840912513, 43.061309782248564], [-70.89166694982514, 43.06143472987051], [-70.89163047251307, 43.06167075953693], [-70.89182825099998, 43.06175818700008], [-70.89203706199999, 43.06172234900005], [-70.89216258299994, 43.06158288100006], [-70.89221837000001, 43.061771163000074], [-70.892350864, 43.061666562], [-70.89232994399998, 43.06179208300007], [-70.89238573099993, 43.06195944400008], [-70.892483359, 43.0620222040001], [-70.89226718399996, 43.062071018000054], [-70.89205798199998, 43.06200825800007], [-70.89198127499996, 43.062091938000044], [-70.89197709099996, 43.061928761000054], [-70.89179299399997, 43.06200686300008], [-70.89160331799998, 43.06206822900002], [-70.89144153499997, 43.06206822900002], [-70.89121838700002, 43.062118437000024], [-70.89129091000001, 43.06199570600008], [-70.89131880400001, 43.06191760400002], [-70.89101866899996, 43.061966696000084], [-70.890835688, 43.0619934740001], [-70.89046972499996, 43.06201578900004], [-70.89013946499999, 43.062033641000035], [-70.88979135399998, 43.06198454800009], [-70.88966192799995, 43.06189528900007], [-70.88954257099996, 43.06184400400011], [-70.88948224599994, 43.06178722700004], [-70.88952482799994, 43.061730450000034], [-70.88958870199998, 43.06167722200008], [-70.88964193, 43.0616204460001], [-70.88971999799998, 43.06158496000007], [-70.88984419699997, 43.06160270300008], [-70.88988677899994, 43.06164173700008], [-70.89003226899997, 43.06170561100006], [-70.89018130799998, 43.061670125000056], [-70.89030905500003, 43.061719805000045], [-70.890422609, 43.061694965000086], [-70.89057060299997, 43.06158716300006], [-70.89062842399996, 43.06170206200005], [-70.890770365, 43.06171980500006], [-70.89094069499998, 43.0616914170001], [-70.89115635899998, 43.06151967400009], [-70.89136701900001, 43.0614899820001], [-70.89156107999995, 43.06126819800005], [-70.89166504099994, 43.0611226520001], [-70.891651179, 43.06097017600009], [-70.89166504099997, 43.06078997700007], [-70.89164944699996, 43.060628807000064], [-70.891651179, 43.06047809300003], [-70.89161652599999, 43.06033947900008], [-70.89184523999998, 43.06013848700011], [-70.89175988100001, 43.05993739700005], [-70.891785094, 43.05988697200007], [-70.89178194200001, 43.059820790000074], [-70.89181058699995, 43.05971571200008], [-70.89193534, 43.05964640400002], [-70.892077371, 43.05962760500007], [-70.89214979900001, 43.05975215700004], [-70.892295636, 43.059810105000054], [-70.89245801899993, 43.059736999000044], [-70.89253161399998, 43.059681658000066], [-70.89250305099996, 43.05944958400004], [-70.89264088899998, 43.05938996700008], [-70.89292268199999, 43.059393239000045], [-70.89278321399999, 43.059483893000056], [-70.892936628, 43.05951876000006], [-70.89282505399997, 43.059581521000055], [-70.89272742699995, 43.05964428100007], [-70.89279018699997, 43.059748882000065], [-70.89292268199999, 43.05990927000006]]]}, "properties": {"Hectares": 2.04751241531, "Acres": 5.05950889161, "Year": "2023", "LABEL": "Great Bay", "Type": 1, "Name": "Eelgrass", "Confidence": "H", "Notes": "UAV Imagery - Shallow Depth and Clear Water"}}, {"type": "Feature", "geometry": {"type": "Polygon", "coordinates": [[[-70.87571675650435, 43.08393182870036], [-70.87529376472636, 43.08382949197989], [-70.87494679451217, 43.08379050656257], [-70.87462789379852, 43.0836517184769], [-70.87447507096262, 43.08350981155784], [-70.87463880971534, 43.08352150718307], [-70.87489221492791, 43.083544898433445], [-70.87505704527241, 43.08364423327679], [-70.87516433314086, 43.08373655074499], [-70.87532401741024, 43.08370411487783], [-70.87553859314714, 43.08371659021135], [-70.87571574288349, 43.08368664941085], [-70.8757731294178, 43.083586846742485], [-70.87596275448763, 43.08349452927428], [-70.87612742889038, 43.08348454900742], [-70.87625966742596, 43.08354443060845], [-70.87635806661928, 43.083630666351524], [-70.87644383453738, 43.083732028436614], [-70.8764360374539, 43.08385678177201], [-70.87634247245232, 43.08390746281454], [-70.87615534244914, 43.0839308540649], [-70.87591753140352, 43.08391525989797], [-70.87571675650435, 43.08393182870036]]]}, "properties": {"Hectares": 0.40765493947, "Acres": 1.00733640272, "Year": "2023", "LABEL": "Great Bay", "Type": 1, "Name": "Eelgrass", "Confidence": "L", "Notes": "UAV Images, Sparse Coverage"}}, {"type": "Feature", "geometry": {"type": "Polygon", "coordinates": [[[-70.868547113, 43.089558891000074], [-70.86856192100001, 43.08954610200004], [-70.868585981, 43.08955378100005], [-70.86862119499997, 43.089541456000056], [-70.86865992999999, 43.089566105000074], [-70.86864936599996, 43.08960131900007], [-70.868622955, 43.08964005400002], [-70.868614152, 43.08968055000001], [-70.868540203, 43.08967702800003], [-70.86852489499996, 43.08966597200005], [-70.86853484899999, 43.08964473700008], [-70.868521223, 43.08959840700003], [-70.868547113, 43.089558891000074]]]}, "properties": {"Hectares": 0.01236073816, "Acres": 0.03054402219, "Year": "2023", "LABEL": "Great Bay", "Type": 1, "Name": "Eelgrass", "Confidence": "H", "Notes": "UAV Imagery - Shallow Depth Good"}}, {"type": "Feature", "geometry": {"type": "Polygon", "coordinates": [[[-70.89252738524529, 43.05822258068269], [-70.89256600828159, 43.05810671157372], [-70.89246301351808, 43.058063797088906], [-70.89238147599698, 43.058016591155635], [-70.89250592800292, 43.057887847701224], [-70.89251451089983, 43.05779343583463], [-70.89255313393619, 43.057660400931766], [-70.89265612869968, 43.057587446307586], [-70.89281062084501, 43.057643235137824], [-70.8930166103721, 43.057608903549955], [-70.89311102223867, 43.05762606934391], [-70.89328268017785, 43.05757457196216], [-70.89340713218382, 43.057561697616705], [-70.89330842886874, 43.0576303607924], [-70.89326122293548, 43.05772906410744], [-70.89334705190507, 43.057832058870986], [-70.89348008680798, 43.05792647073754], [-70.89359595591695, 43.05797796811931], [-70.89367749343809, 43.05797796811931], [-70.89370753357746, 43.05802088260412], [-70.89374186516531, 43.05811529447068], [-70.89365174474719, 43.0582011234403], [-70.89346721246257, 43.058261203719034], [-70.89337709204446, 43.05821828923425], [-70.89322689134761, 43.05817966619794], [-70.89311102223861, 43.05815820895547], [-70.89296082154185, 43.05817966619789], [-70.89292648995401, 43.05824832937358], [-70.89282778663896, 43.05830411820382], [-70.89269904318454, 43.05834274124017], [-70.89257888262703, 43.05831699254929], [-70.89252738524529, 43.05822258068269]]]}, "properties": {"Hectares": 0.56589720633, "Acres": 1.39836121419, "Year": "2023", "LABEL": "Great Bay", "Type": 1, "Name": "Eelgrass", "Confidence": "M", "Notes": "UAV Imagery, Sparse Coverage"}}, {"type": "Feature", "geometry": {"type": "Polygon", "coordinates": [[[-70.86768662899998, 43.06095934700004], [-70.86794093799995, 43.061761397000055], [-70.86830684899999, 43.062639583000106], [-70.86903867099997, 43.06310307000008], [-70.87025837399997, 43.06356655700007], [-70.87167322899995, 43.06351776900005], [-70.87289293199997, 43.06312746400006], [-70.87421021199998, 43.06271276500007], [-70.87503961, 43.06293231200004], [-70.87560067299998, 43.063273829000046], [-70.87701552899998, 43.06327382900005], [-70.87791810899996, 43.063420193000105], [-70.878248462, 43.06366714500008], [-70.87834747999996, 43.06381948100005], [-70.87861406799993, 43.06392230800007], [-70.879054826, 43.06391509700008], [-70.87923681699995, 43.06404509100003], [-70.87945130599999, 43.0639345960001], [-70.87962710100003, 43.06366333700006], [-70.87994128899999, 43.06365647800005], [-70.88005956099994, 43.06361935600006], [-70.88010645099996, 43.063550684000084], [-70.88011336899997, 43.06340455400009], [-70.88018312699995, 43.06332819800007], [-70.88042686399999, 43.06326345500002], [-70.88075819499993, 43.06329773100003], [-70.88089571200001, 43.06312004100008], [-70.88105524999996, 43.06308446100008], [-70.88124128299997, 43.062960178000075], [-70.88128840499995, 43.06286395800002], [-70.88143605699999, 43.062780768000046], [-70.881451323, 43.062646495000095], [-70.88147801699999, 43.06251576700006], [-70.88152738699996, 43.06238270700003], [-70.88148977975361, 43.06481156339365], [-70.88020159559477, 43.06539429886053], [-70.87948541903953, 43.06590255319007], [-70.87859597396283, 43.066364602580556], [-70.87625071999997, 43.067479799000076], [-70.87546579299995, 43.06783480000008], [-70.87487702199996, 43.06806188000008], [-70.87444118500001, 43.06853403600008], [-70.87420345999998, 43.06887302300005], [-70.87382784600003, 43.069003813000066], [-70.87309735599997, 43.068860913000066], [-70.87253649199995, 43.06897974300004], [-70.87202089099996, 43.069399513000064], [-70.87151651700002, 43.06964910000005], [-70.87103814100001, 43.06970109700008], [-70.87065856099998, 43.06976869400006], [-70.87027378100001, 43.06973749600008], [-70.87027809200004, 43.06901461400005], [-70.87026387899995, 43.068932373000045], [-70.87029358199999, 43.06880908200004], [-70.87033845900002, 43.068779057000036], [-70.870306797, 43.06868653500006], [-70.87016370500001, 43.06817131500002], [-70.87019750299999, 43.06809644500005], [-70.87028776599995, 43.06803045000004], [-70.870250826, 43.06790451600008], [-70.87012571299996, 43.06787953300005], [-70.87009606799997, 43.06778869400005], [-70.87008877699999, 43.06766729500006], [-70.87010086799997, 43.06760918800006], [-70.87005675700001, 43.067513281000046], [-70.869981055, 43.06723011100009], [-70.86998293899998, 43.06708464600008], [-70.86991803800001, 43.066843116000044], [-70.86987055499998, 43.06658545700005], [-70.86960856199994, 43.06602410200004], [-70.86961021699996, 43.06593134500009], [-70.869259169, 43.06538356800008], [-70.86917605299995, 43.065255956000065], [-70.86901544599995, 43.06484974900009], [-70.86874410499995, 43.06422332500006], [-70.86866899899998, 43.06398281400006], [-70.86855786999998, 43.063626946000056], [-70.86806805599998, 43.063037123000065], [-70.86789611799999, 43.06264333000011], [-70.867674262, 43.06216634100009], [-70.86729710899996, 43.061816920000105], [-70.86670364599999, 43.061450858000036], [-70.86630736999999, 43.061069990000085], [-70.86633758499997, 43.060807478000065], [-70.86641523400002, 43.06071873700005], [-70.86649843000001, 43.06065218000002], [-70.86663747499996, 43.06067026000007], [-70.86768662899998, 43.06095934700004]], [[-70.87356810799999, 43.064583859000045], [-70.87359648200001, 43.06469352400008], [-70.87353923899997, 43.06486883300006], [-70.87365630499997, 43.06501375500004], [-70.873932657, 43.06504593800002], [-70.87417338999998, 43.06500103100005], [-70.87422471799994, 43.064975078000025], [-70.87423321999995, 43.06492594400003], [-70.87416113399996, 43.0647393400001], [-70.87396760599997, 43.06454978400007], [-70.87388862999995, 43.0644225930001], [-70.873667251, 43.06430664500003], [-70.87362409099995, 43.06426325500009], [-70.873612869, 43.064226186000056], [-70.87364338599998, 43.06417881900006], [-70.87376094499996, 43.0639291030001], [-70.873802619, 43.06382306000004], [-70.87383498299994, 43.06380072900005], [-70.87387557899997, 43.063794914000056], [-70.87399074699995, 43.06382261200006], [-70.87403291999993, 43.06381589200006], [-70.87405761199994, 43.06380009200008], [-70.87408146299998, 43.06376783600006], [-70.87420237399996, 43.06362819300009], [-70.874452021, 43.06360574800005], [-70.87463687999998, 43.063510945000104], [-70.87472137599997, 43.06340860800001], [-70.87492779099999, 43.06319147500006], [-70.87492705799998, 43.063172990000055], [-70.87491509099996, 43.063156143000064], [-70.87485631499997, 43.06314001200009], [-70.874825801, 43.063145200000136], [-70.874794428, 43.063150177000075], [-70.87460430999997, 43.06326368700005], [-70.87419342899997, 43.063334661000084], [-70.87392043899999, 43.06341255300004], [-70.87379156799999, 43.06344152800005], [-70.87362507700001, 43.06352953300009], [-70.87363025199997, 43.06374769400003], [-70.87358767, 43.06387068100002], [-70.873573428, 43.06389458800004], [-70.87353007399999, 43.063901528000024], [-70.87318127600001, 43.06380093400005], [-70.87285248300002, 43.06373674200005], [-70.87281062499994, 43.063740198000076], [-70.87277753599994, 43.06376344200002], [-70.872745515, 43.0638559220001], [-70.87275641299995, 43.063883424000046], [-70.87277484599998, 43.06390768500006], [-70.87285749499996, 43.06395303400011], [-70.87285890600002, 43.063999382000105], [-70.87276738799994, 43.06402941700005], [-70.87235712099998, 43.064136008000055], [-70.87222455399997, 43.06425588900006], [-70.87204819199997, 43.06440683800001], [-70.87182914499994, 43.06461232600002], [-70.87180747400001, 43.064722810000035], [-70.87198625099992, 43.06483919100007], [-70.87217558499997, 43.064891157000055], [-70.87253559899999, 43.06479349100004], [-70.87269125399997, 43.06456150700007], [-70.87285361099998, 43.06454967100007], [-70.87332817299995, 43.06451436900005], [-70.87356810799999, 43.064583859000045]], [[-70.87898849099999, 43.065574521000016], [-70.87911022899995, 43.065582546000044], [-70.87917137999997, 43.06547754000009], [-70.87929150499998, 43.06549579800005], [-70.87934633399996, 43.065447493000065], [-70.87937018299993, 43.06527222400004], [-70.87947807099992, 43.06523756000011], [-70.87943674599997, 43.06512533500007], [-70.87947386780462, 43.06503852082981], [-70.87959169039915, 43.06474049897292], [-70.87964473599997, 43.06448888800003], [-70.87952197799994, 43.06436755100006], [-70.87942007899994, 43.064348425000055], [-70.87936255699995, 43.064393487000075], [-70.87938025199999, 43.06455313400003], [-70.87917102799996, 43.064627054000006], [-70.87910537099998, 43.064671815000054], [-70.87909388299992, 43.06474619300011], [-70.879184321, 43.064852381000044], [-70.87919359700001, 43.06494620500008], [-70.87910268099998, 43.06511685700008], [-70.87900966599997, 43.065128527000056], [-70.87896045499997, 43.06515900400009], [-70.878941019, 43.065279273000044], [-70.87898849099999, 43.065574521000016]], [[-70.87108417599997, 43.067288977000025], [-70.87111257399998, 43.06736352000009], [-70.87129360799999, 43.06756230300006], [-70.87142849599998, 43.067512607000054], [-70.87133620400002, 43.06740966600006], [-70.87140362074054, 43.06737262801275], [-70.871510138, 43.067228632000074], [-70.871659225, 43.06725703000005], [-70.87174441699996, 43.067083096000054], [-70.871854458, 43.06702275100002], [-70.87197159699996, 43.06709729400006], [-70.872024842, 43.06698015500009], [-70.87204968999998, 43.066870115000036], [-70.87211358399999, 43.06678492200008], [-70.87226267100002, 43.06675297500007], [-70.87226976999995, 43.06669973000006], [-70.87213488299994, 43.06666423300002], [-70.87212068400001, 43.06660033900006], [-70.872202326, 43.06649384800005], [-70.87222717400002, 43.066405106000026], [-70.872170379, 43.066362510000054], [-70.87212423299997, 43.066497398000074], [-70.87192900099996, 43.06651514600005], [-70.87190060299997, 43.06640155600008], [-70.871701821, 43.06632701300005], [-70.87154208599996, 43.06637315900009], [-70.87142494599993, 43.06634476100006], [-70.87134330299996, 43.06657194100006], [-70.87121906399996, 43.06663583500007], [-70.87110547500001, 43.0668807640001], [-70.87103093099998, 43.06695530700009], [-70.87116581899996, 43.06699790300008], [-70.87112322300001, 43.06708309600002], [-70.87104513, 43.06710084400003], [-70.87108772600003, 43.067186036000074], [-70.87115872, 43.0672108840001], [-70.87108417599997, 43.067288977000025]], [[-70.87410584400001, 43.06772825000007], [-70.87395028912503, 43.067876520596016], [-70.87386867272073, 43.06797233115764], [-70.87375974999999, 43.0680654700001], [-70.87350239799999, 43.0681009670001], [-70.873378159, 43.068100967000085], [-70.8732687616559, 43.06810534277546], [-70.873201207, 43.06811889300007], [-70.87320972599998, 43.068246682000044], [-70.87320404699999, 43.068309156000055], [-70.87305638000001, 43.068314835000066], [-70.873093297, 43.068388669000036], [-70.87326936099998, 43.06836027100008], [-70.87341365599998, 43.06822964300003], [-70.87351570899996, 43.06822964300007], [-70.87376418699998, 43.068136464000084], [-70.87389351249595, 43.068014913629455], [-70.87408365799998, 43.06784361500007], [-70.87422120900003, 43.0677992440001], [-70.874367633, 43.06769275400008], [-70.87481577999996, 43.067639508000156], [-70.87488677399998, 43.067679442000056], [-70.87505033631393, 43.06767780239415], [-70.87514856299998, 43.06771050200011], [-70.87521511999995, 43.06771493900005], [-70.87535267, 43.06752414400008], [-70.87529498799998, 43.067528581000026], [-70.87518849699997, 43.067608449000026], [-70.87500657599999, 43.06762619700008], [-70.87490452199998, 43.06759513700009], [-70.87494445600002, 43.0674620240001], [-70.87489564799995, 43.06743096400004], [-70.87477140899995, 43.0675951370001], [-70.87459392499997, 43.067621760000065], [-70.874456375, 43.06762619700007], [-70.87452736899999, 43.067568515000076], [-70.87444750099998, 43.06751970600006], [-70.87425670499991, 43.06763950800009], [-70.87416352599999, 43.067612886000056], [-70.87410584400001, 43.06772825000007]]]}, "properties": {"Hectares": 46.09152720659, "Acres": 113.89454344008, "Year": "2023", "LABEL": "Great Bay", "Type": 1, "Name": "Eelgrass", "Confidence": "M", "Notes": "UAV and Satelllite Imagery used - Imagery Obscured from Deep Water and Poor Lighting - Coastal Go-Pro Aerial Imagery Helpful"}}, {"type": "Feature", "geometry": {"type": "Polygon", "coordinates": [[[-70.88031363999997, 43.07118019000005], [-70.88035586299999, 43.07116353600002], [-70.88033981097522, 43.071187788045854], [-70.88031363999997, 43.07118019000005]]]}, "properties": {"Hectares": 0.00034233613, "Acres": 0.00084593026, "Year": "2023", "LABEL": "Great Bay", "Type": 1, "Name": "Eelgrass", "Confidence": "H", "Notes": "UAV Used"}}, {"type": "Feature", "geometry": {"type": "Polygon", "coordinates": [[[-70.87325573902226, 43.08467950655021], [-70.87323140637581, 43.08472653950126], [-70.87309544109688, 43.08474290222628], [-70.87304171014206, 43.08479011742282], [-70.87309387756567, 43.0848640258536], [-70.87326469518771, 43.084891167354606], [-70.87340633920032, 43.08489214936324], [-70.87347593330078, 43.08498780925838], [-70.873401872243, 43.08505987482662], [-70.8732549483365, 43.085025388272584], [-70.87313176552182, 43.085039294916626], [-70.87305620841731, 43.08507509506118], [-70.8730254638219, 43.08508386182287], [-70.87295923434242, 43.08509757277028], [-70.87285286745305, 43.08510037706366], [-70.8727580311665, 43.08509462872831], [-70.87272086459086, 43.08509237700784], [-70.87262399824493, 43.08508558469371], [-70.87241927154376, 43.085117442776465], [-70.87216404518423, 43.08516999110342], [-70.87171590508903, 43.08519049529345], [-70.87145241458865, 43.08520178432083], [-70.8713833512239, 43.08513016294821], [-70.87132707714498, 43.085091794101274], [-70.87123243423717, 43.08508667865769], [-70.87111732870868, 43.085084120453146], [-70.87099710790939, 43.0850713313583], [-70.87092804361689, 43.085107141936795], [-70.87091781290096, 43.085204342023566], [-70.87089262134646, 43.08528759271436], [-70.8706952925323, 43.0853120458363], [-70.87039619700184, 43.08535340392528], [-70.87036909188443, 43.08535450073521], [-70.87035989964258, 43.08534424786273], [-70.8703592870002, 43.0853283053766], [-70.87037706916622, 43.0853148151093], [-70.87041508642295, 43.085284768588856], [-70.8704439064834, 43.0852479779767], [-70.87046965953294, 43.08521425176344], [-70.87047517929864, 43.08519646971318], [-70.87045616989246, 43.085213026401455], [-70.8704279635885, 43.08525410874709], [-70.87039055901694, 43.08528170300038], [-70.87035254176193, 43.08531174861254], [-70.87035928690447, 43.08528906112529], [-70.87038810634434, 43.08526085444333], [-70.87040834216958, 43.085236940295886], [-70.87038504058894, 43.0852455249982], [-70.8703580597329, 43.085265760059926], [-70.87034824948428, 43.08528292894336], [-70.87032004254417, 43.08529703257911], [-70.87032188203204, 43.08532217333109], [-70.87027834618189, 43.085313588877895], [-70.87022806452225, 43.08529825937052], [-70.87018759399965, 43.08528844769658], [-70.87015816098005, 43.08526637255207], [-70.87015693522929, 43.085284768679735], [-70.8701716507835, 43.08530009820656], [-70.87020231120466, 43.085320333863294], [-70.87023051760998, 43.085326465836836], [-70.87025259255796, 43.085330758411125], [-70.87027343941546, 43.085335049635276], [-70.87030410040046, 43.08534424841393], [-70.8703143975115, 43.085356714370654], [-70.87015196214683, 43.08536328737567], [-70.86997793831972, 43.0853383008936], [-70.87010723215212, 43.08523455296688], [-70.87025024358502, 43.085159048351855], [-70.87029722342488, 43.08511213494918], [-70.87035227359392, 43.08507561061906], [-70.87040311366712, 43.08509124191084], [-70.8704698455156, 43.08510914503871], [-70.8705105353153, 43.08509775218205], [-70.8705471324903, 43.08506923770914], [-70.8705642447733, 43.085026952050846], [-70.8705764524343, 43.084994399898605], [-70.87060159444543, 43.08497607563253], [-70.8705650592613, 43.08494964121913], [-70.87056343066327, 43.08491057916967], [-70.87092267410189, 43.08467489301203], [-70.87121835175061, 43.08449164643302], [-70.87126087856277, 43.08449664898177], [-70.87134004100977, 43.0844896639816], [-70.87141221768617, 43.084461725071606], [-70.87145645510918, 43.08438954805133], [-70.87153794497945, 43.084349967206094], [-70.87159848005624, 43.08428710390591], [-70.87165668793497, 43.08427779020253], [-70.87174516176302, 43.08422424044463], [-70.87186157745418, 43.08418233112962], [-70.87201524339119, 43.084117139409884], [-70.87219051700015, 43.08410251724742], [-70.87227545296257, 43.08411741765831], [-70.87226800311576, 43.084144240205916], [-70.8722321237997, 43.08417413926352], [-70.87221859441743, 43.08417334320955], [-70.8721530999161, 43.084182700223074], [-70.87209462042452, 43.08419907404559], [-70.872043160895, 43.08424117814051], [-70.87196597043506, 43.08425287435601], [-70.87200339597548, 43.08429965631548], [-70.87208292622245, 43.08434409857322], [-70.87216011760954, 43.084379186280636], [-70.8721741525478, 43.08443532496312], [-70.8721952044376, 43.08447743026502], [-70.87227004584349, 43.08447913086589], [-70.87229333414231, 43.08452570566475], [-70.87236932989664, 43.084571900100556], [-70.87242893387207, 43.084574880173456], [-70.87254367214273, 43.084551038229606], [-70.87269973097887, 43.08461609368888], [-70.87290581241616, 43.084553646272546], [-70.87301978191834, 43.08452398258708], [-70.87314258554636, 43.08458723241131], [-70.87325573902226, 43.08467950655021]], [[-70.87224460598179, 43.08459335733443], [-70.87214280644663, 43.084555931240324], [-70.8720814288519, 43.08452000186374], [-70.87200208606244, 43.084499043370876], [-70.87202094770515, 43.08453215800277], [-70.87201807442797, 43.08457335635627], [-70.87209951264704, 43.084635633209544], [-70.87211388508427, 43.08468162224104], [-70.87206406307921, 43.08469791033404], [-70.87206023140585, 43.08472090440693], [-70.87206406336307, 43.084764018953116], [-70.8720995127637, 43.08480713430763], [-70.87201328355341, 43.08478988797186], [-70.87198262449022, 43.084819589157796], [-70.87201903169202, 43.08486366175694], [-70.87207172798408, 43.08487803417323], [-70.87211867506826, 43.08490869283853], [-70.87216562229143, 43.084949892353336], [-70.8721004711062, 43.084952766069065], [-70.87206885428282, 43.08499204822567], [-70.87209951298318, 43.085023665880485], [-70.8722106526108, 43.08503707939112], [-70.87224227062833, 43.08500929404106], [-70.87222406663282, 43.08496043122247], [-70.8722049055813, 43.08491540003613], [-70.872287301616, 43.08490198628854], [-70.87237161448377, 43.08491444196912], [-70.87239131608129, 43.08490024998401], [-70.87235987788425, 43.084888273877596], [-70.8723059844874, 43.08485533919556], [-70.87226855848003, 43.08480893000178], [-70.87230149431309, 43.08478797159106], [-70.87238532748972, 43.08476102484863], [-70.87237484902214, 43.084723599094055], [-70.87230448757518, 43.08469964621152], [-70.87224310914607, 43.08464874726306], [-70.87229101388921, 43.0846203026296], [-70.87224460598179, 43.08459335733443]], [[-70.87182094416355, 43.084810726641244], [-70.87187124460294, 43.084761623961356], [-70.87182573395073, 43.08473168269703], [-70.8717610622556, 43.08473168264053], [-70.87174429546864, 43.08466221967455], [-70.87171675040857, 43.084619106012184], [-70.87165207829264, 43.0846670105823], [-70.87166046074562, 43.08471491590073], [-70.8716448917132, 43.084772402640304], [-70.8716652518358, 43.084820308359575], [-70.87166525211926, 43.08488258499778], [-70.87163291549972, 43.0849209087644], [-70.87161854440403, 43.08496761721003], [-70.87166644899362, 43.08499516185999], [-70.87169998253052, 43.085026300906236], [-70.87172273823428, 43.08503588186269], [-70.87178501470714, 43.08503707871781], [-70.87182573374456, 43.08500953403425], [-70.87183771084658, 43.08496522136154], [-70.87181495621077, 43.08491851425649], [-70.87177782880423, 43.08490773529078], [-70.8717311212816, 43.08486701616691], [-70.87175387582688, 43.08481551678494], [-70.87182094416355, 43.084810726641244]], [[-70.87062450937741, 43.08527181500712], [-70.87058977745592, 43.085288581897125], [-70.87066283406028, 43.08527900113713], [-70.87071552844712, 43.085256246187555], [-70.87076942327721, 43.085238281210074], [-70.87084367629903, 43.08524546692439], [-70.87085924531463, 43.08522391016386], [-70.87079936410039, 43.08520834131533], [-70.870763435338, 43.085207142653296], [-70.87072271448649, 43.08520594485342], [-70.87070714649084, 43.08522390996631], [-70.87066642592008, 43.08522989812125], [-70.87064367132581, 43.08524546741774], [-70.8706544504012, 43.08526462938232], [-70.87062450937741, 43.08527181500712]]]}, "properties": {"Hectares": 1.51513311212, "Acres": 3.7439721466, "Year": "2023", "LABEL": "Great Bay", "Type": 1, "Name": "Eelgrass", "Confidence": "L", "Notes": "UAV Imagery Only - Sparse Cover, Could be Stubble from Last Year"}}, {"type": "Feature", "geometry": {"type": "Polygon", "coordinates": [[[-70.84413663955989, 43.06421597524465], [-70.84399888516016, 43.064283638995356], [-70.84373248457597, 43.06427644245257], [-70.84371207964554, 43.06418651742331], [-70.8437057960268, 43.06411781824799], [-70.84365630103792, 43.064048808303475], [-70.84351183917289, 43.064079455697886], [-70.84333285171455, 43.06399895191449], [-70.84339166813777, 43.06390959678102], [-70.84350612102523, 43.06396851197017], [-70.8436431688189, 43.063953654487655], [-70.84352864517292, 43.06390002000248], [-70.84339166813777, 43.06390959678102], [-70.8434869883304, 43.063783536677406], [-70.84350993635076, 43.063683361302694], [-70.84358372107353, 43.063551865124026], [-70.84353486252692, 43.06343533001018], [-70.84348572154293, 43.06333991714804], [-70.84360822302517, 43.06333551721795], [-70.84380125944013, 43.06344252698384], [-70.84392404357942, 43.063417004442215], [-70.844161633173, 43.063423993458535], [-70.8440811422273, 43.063518474272996], [-70.84407132799906, 43.063713803551714], [-70.84414158159622, 43.063846335445255], [-70.84425088034016, 43.06375206163349], [-70.84435799073994, 43.0638214853559], [-70.84427686426822, 43.063963491419656], [-70.8440530408795, 43.06400413128518], [-70.84392425424188, 43.06393983251289], [-70.84393251539638, 43.06386067576564], [-70.84393336280893, 43.063797308943904], [-70.843811284193, 43.06377002580413], [-70.84377350908589, 43.063901781074804], [-70.84378713591124, 43.06395997090107], [-70.84389403427473, 43.0640452367584], [-70.84397996274197, 43.06408282207718], [-70.84405953669895, 43.06405698874059], [-70.84419517265049, 43.06414774196766], [-70.84413663955989, 43.06421597524465]]]}, "properties": {"Hectares": 0.43642066479, "Acres": 1.07841799515, "Year": "2023", "LABEL": "Great Bay", "Type": 1, "Name": "Eelgrass", "Confidence": "H", "Notes": "UAV and Satellite Imagery Used"}}, {"type": "Feature", "geometry": {"type": "Polygon", "coordinates": [[[-70.84623402040212, 43.06465812275481], [-70.84596015074379, 43.06466211597652], [-70.84550558066022, 43.06472222785963], [-70.84498094935185, 43.06456559959908], [-70.84473065961141, 43.064500140420286], [-70.84471010610466, 43.06444709753643], [-70.8448622283728, 43.06437788841858], [-70.84455266809738, 43.064362145348824], [-70.84444692619523, 43.06427215657522], [-70.84452554313559, 43.064218769947395], [-70.84451269181294, 43.06410249394687], [-70.84472140596301, 43.06411455541912], [-70.84474160070165, 43.064220321989055], [-70.84490696270686, 43.064242633889044], [-70.84488958912588, 43.063925644564044], [-70.84481769261158, 43.063623219830646], [-70.84487371248022, 43.06337865032928], [-70.84504695563011, 43.06357329311971], [-70.84503595409294, 43.0637524200324], [-70.84523692188898, 43.06383252194903], [-70.84551772890856, 43.063873217047075], [-70.84574982871204, 43.06391107483347], [-70.84597608337803, 43.063786252387146], [-70.84614933116939, 43.06398089353299], [-70.84625218551102, 43.0641255825492], [-70.84648099717239, 43.06416377670207], [-70.84660061242215, 43.064268683371175], [-70.84662859790706, 43.06438244817734], [-70.84657234993047, 43.0644523467712], [-70.84650428269076, 43.06457894275358], [-70.84623402040212, 43.06465812275481]]]}, "properties": {"Hectares": 1.26248863143, "Acres": 3.11967459074, "Year": "2023", "LABEL": "Great Bay", "Type": 1, "Name": "Eelgrass", "Confidence": "H", "Notes": "UAV and Satellite Imagery Used"}}]}